target_id,target_label,anchor_field,facility_type,facility_id,facility_name,operator,street_address,city,state,postal_code,latitude,longitude,source,source_date,license_status,rights_status,review_status,review_reason
ca-geofabrik-post-office-seed,CA Geofabrik post-office seed extract,breadth_first_post_office_seed_extract,post_office,osm:node:2686109528,$5 Notary,,,$5 Notary,CA,,37.3800039,-121.9948990,Geofabrik OpenStreetMap GeoPackage extract,2026-08-16T00:08:49Z,open,ODbL; attribution and share-alike required,packet_ready,geofabrik_post_office_extract_address_limited
ca-geofabrik-post-office-seed,CA Geofabrik post-office seed extract,breadth_first_post_office_seed_extract,post_office,osm:way:28310638,"United States Post Office (USPS), Davis, California 95616",,,"(), Davis, California 95616",CA,,38.5483290,-121.7258578,Geofabrik OpenStreetMap GeoPackage extract,2026-08-16T00:08:49Z,open,ODbL; attribution and share-alike required,packet_ready,geofabrik_post_office_extract_address_limited
ca-geofabrik-post-office-seed,CA Geofabrik post-office seed extract,breadth_first_post_office_seed_extract,post_office,osm:node:2277866151,Post Office (93727),,,(93727),CA,,36.7435663,-119.7021670,Geofabrik OpenStreetMap GeoPackage extract,2026-08-16T00:08:49Z,open,ODbL; attribution and share-alike required,packet_ready,geofabrik_post_office_extract_address_limited
ca-geofabrik-post-office-seed,CA Geofabrik post-office seed extract,breadth_first_post_office_seed_extract,post_office,osm:node:358855339,18th Street Station,,,18th Street Station,CA,,37.7608731,-122.4374127,Geofabrik OpenStreetMap GeoPackage extract,2026-08-16T00:08:49Z,open,ODbL; attribution and share-alike required,packet_ready,geofabrik_post_office_extract_address_limited
ca-geofabrik-post-office-seed,CA Geofabrik post-office seed extract,breadth_first_post_office_seed_extract,post_office,osm:way:138533979,A Station,,,A Station,CA,,37.8678978,-122.2912820,Geofabrik OpenStreetMap GeoPackage extract,2026-08-16T00:08:49Z,open,ODbL; attribution and share-alike required,packet_ready,geofabrik_post_office_extract_address_limited
ca-geofabrik-post-office-seed,CA Geofabrik post-office seed extract,breadth_first_post_office_seed_extract,post_office,osm:node:5635969722,A Station Vallejo Post Office,,,A Station Vallejo,CA,,38.1019830,-122.2567860,Geofabrik OpenStreetMap GeoPackage extract,2026-08-16T00:08:49Z,open,ODbL; attribution and share-alike required,packet_ready,geofabrik_post_office_extract_address_limited
ca-geofabrik-post-office-seed,CA Geofabrik post-office seed extract,breadth_first_post_office_seed_extract,post_office,osm:node:11572314224,A+ MailBoxes & More,,,A+ MailBoxes & More,CA,,37.7485312,-122.4179532,Geofabrik OpenStreetMap GeoPackage extract,2026-08-16T00:08:49Z,open,ODbL; attribution and share-alike required,packet_ready,geofabrik_post_office_extract_address_limited
ca-geofabrik-post-office-seed,CA Geofabrik post-office seed extract,breadth_first_post_office_seed_extract,post_office,osm:node:8356284459,ABC Cargo Express,,,ABC Cargo Express,CA,,37.3024309,-121.8432696,Geofabrik OpenStreetMap GeoPackage extract,2026-08-16T00:08:49Z,open,ODbL; attribution and share-alike required,packet_ready,geofabrik_post_office_extract_address_limited
ca-geofabrik-post-office-seed,CA Geofabrik post-office seed extract,breadth_first_post_office_seed_extract,post_office,osm:node:11251863777,AIM Mail Center,,,AIM Mail Center,CA,,37.6792722,-120.9592511,Geofabrik OpenStreetMap GeoPackage extract,2026-08-16T00:08:49Z,open,ODbL; attribution and share-alike required,packet_ready,geofabrik_post_office_extract_address_limited
ca-geofabrik-post-office-seed,CA Geofabrik post-office seed extract,breadth_first_post_office_seed_extract,post_office,osm:node:9121305172,AIM Mail Center,,,AIM Mail Center,CA,,37.6625210,-121.7814785,Geofabrik OpenStreetMap GeoPackage extract,2026-08-16T00:08:49Z,open,ODbL; attribution and share-alike required,packet_ready,geofabrik_post_office_extract_address_limited
ca-geofabrik-post-office-seed,CA Geofabrik post-office seed extract,breadth_first_post_office_seed_extract,post_office,osm:node:13095779918,AIM Sebastopol,,,AIM Sebastopol,CA,,38.4071159,-122.8391188,Geofabrik OpenStreetMap GeoPackage extract,2026-08-16T00:08:49Z,open,ODbL; attribution and share-alike required,packet_ready,geofabrik_post_office_extract_address_limited
ca-geofabrik-post-office-seed,CA Geofabrik post-office seed extract,breadth_first_post_office_seed_extract,post_office,osm:way:269756359,Acampo Post Office,,,Acampo,CA,,38.1749404,-121.2786495,Geofabrik OpenStreetMap GeoPackage extract,2026-08-16T00:08:49Z,open,ODbL; attribution and share-alike required,packet_ready,geofabrik_post_office_extract_address_limited
ca-geofabrik-post-office-seed,CA Geofabrik post-office seed extract,breadth_first_post_office_seed_extract,post_office,osm:node:8604433236,Ad West Mail Center,,,Ad West Mail Center,CA,,37.3393064,-121.9384150,Geofabrik OpenStreetMap GeoPackage extract,2026-08-16T00:08:49Z,open,ODbL; attribution and share-alike required,packet_ready,geofabrik_post_office_extract_address_limited
ca-geofabrik-post-office-seed,CA Geofabrik post-office seed extract,breadth_first_post_office_seed_extract,post_office,osm:node:358821760,Adin Post Office,,,Adin,CA,,41.1973911,-120.9438561,Geofabrik OpenStreetMap GeoPackage extract,2026-08-16T00:08:49Z,open,ODbL; attribution and share-alike required,packet_ready,geofabrik_post_office_extract_address_limited
ca-geofabrik-post-office-seed,CA Geofabrik post-office seed extract,breadth_first_post_office_seed_extract,post_office,osm:way:52640029,Agnew Station Santa Clara Post Office,,,Agnew Station Santa Clara,CA,,37.3994334,-121.9613748,Geofabrik OpenStreetMap GeoPackage extract,2026-08-16T00:08:49Z,open,ODbL; attribution and share-alike required,packet_ready,geofabrik_post_office_extract_address_limited
ca-geofabrik-post-office-seed,CA Geofabrik post-office seed extract,breadth_first_post_office_seed_extract,post_office,osm:way:419118113,Ahwahnee Post Office,,,Ahwahnee,CA,,37.3722814,-119.7273083,Geofabrik OpenStreetMap GeoPackage extract,2026-08-16T00:08:49Z,open,ODbL; attribution and share-alike required,packet_ready,geofabrik_post_office_extract_address_limited
ca-geofabrik-post-office-seed,CA Geofabrik post-office seed extract,breadth_first_post_office_seed_extract,post_office,osm:way:104685721,Airport Station Oakland Post Office,,,Airport Station Oakland,CA,,37.7300984,-122.2026452,Geofabrik OpenStreetMap GeoPackage extract,2026-08-16T00:08:49Z,open,ODbL; attribution and share-alike required,packet_ready,geofabrik_post_office_extract_address_limited
ca-geofabrik-post-office-seed,CA Geofabrik post-office seed extract,breadth_first_post_office_seed_extract,post_office,osm:way:42701506,Alameda Post Office,,,Alameda,CA,,37.7561457,-122.2543434,Geofabrik OpenStreetMap GeoPackage extract,2026-08-16T00:08:49Z,open,ODbL; attribution and share-alike required,packet_ready,geofabrik_post_office_extract_address_limited
ca-geofabrik-post-office-seed,CA Geofabrik post-office seed extract,breadth_first_post_office_seed_extract,post_office,osm:node:9008922875,Alamo Post Office,,,Alamo,CA,,37.8518623,-122.0366890,Geofabrik OpenStreetMap GeoPackage extract,2026-08-16T00:08:49Z,open,ODbL; attribution and share-alike required,packet_ready,geofabrik_post_office_extract_address_limited
ca-geofabrik-post-office-seed,CA Geofabrik post-office seed extract,breadth_first_post_office_seed_extract,post_office,osm:way:210339225,Albany Post Office,,,Albany,CA,,37.8907176,-122.2964974,Geofabrik OpenStreetMap GeoPackage extract,2026-08-16T00:08:49Z,open,ODbL; attribution and share-alike required,packet_ready,geofabrik_post_office_extract_address_limited
ca-geofabrik-post-office-seed,CA Geofabrik post-office seed extract,breadth_first_post_office_seed_extract,post_office,osm:node:12554891707,United States Post Office Albion,,,Albion,CA,,39.2230675,-123.7692527,Geofabrik OpenStreetMap GeoPackage extract,2026-08-16T00:08:49Z,open,ODbL; attribution and share-alike required,packet_ready,geofabrik_post_office_extract_address_limited
ca-geofabrik-post-office-seed,CA Geofabrik post-office seed extract,breadth_first_post_office_seed_extract,post_office,osm:node:988279570,All Service Center,,,All Service Center,CA,,37.3833564,-121.9951454,Geofabrik OpenStreetMap GeoPackage extract,2026-08-16T00:08:49Z,open,ODbL; attribution and share-alike required,packet_ready,geofabrik_post_office_extract_address_limited
ca-geofabrik-post-office-seed,CA Geofabrik post-office seed extract,breadth_first_post_office_seed_extract,post_office,osm:way:38773589,Almaden Valley Station San Jose Post Office,,,Almaden Valley Station San Jose,CA,,37.2188369,-121.8625260,Geofabrik OpenStreetMap GeoPackage extract,2026-08-16T00:08:49Z,open,ODbL; attribution and share-alike required,packet_ready,geofabrik_post_office_extract_address_limited
ca-geofabrik-post-office-seed,CA Geofabrik post-office seed extract,breadth_first_post_office_seed_extract,post_office,osm:way:1087946549,Alpaugh Post Office,,,Alpaugh,CA,,35.8879454,-119.4852640,Geofabrik OpenStreetMap GeoPackage extract,2026-08-16T00:08:49Z,open,ODbL; attribution and share-alike required,packet_ready,geofabrik_post_office_extract_address_limited
ca-geofabrik-post-office-seed,CA Geofabrik post-office seed extract,breadth_first_post_office_seed_extract,post_office,osm:node:358832977,Altaville Post Office,,,Altaville,CA,,38.0783340,-120.5528210,Geofabrik OpenStreetMap GeoPackage extract,2026-08-16T00:08:49Z,open,ODbL; attribution and share-alike required,packet_ready,geofabrik_post_office_extract_address_limited
ca-geofabrik-post-office-seed,CA Geofabrik post-office seed extract,breadth_first_post_office_seed_extract,post_office,osm:way:416264310,Alturas Post Office,,,Alturas,CA,,41.4858203,-120.5421378,Geofabrik OpenStreetMap GeoPackage extract,2026-08-16T00:08:49Z,open,ODbL; attribution and share-alike required,packet_ready,geofabrik_post_office_extract_address_limited
ca-geofabrik-post-office-seed,CA Geofabrik post-office seed extract,breadth_first_post_office_seed_extract,post_office,osm:way:482783123,Alviso Post Office,,,Alviso,CA,,37.4254942,-121.9753735,Geofabrik OpenStreetMap GeoPackage extract,2026-08-16T00:08:49Z,open,ODbL; attribution and share-alike required,packet_ready,geofabrik_post_office_extract_address_limited
ca-geofabrik-post-office-seed,CA Geofabrik post-office seed extract,breadth_first_post_office_seed_extract,post_office,osm:node:358827128,Amador City Post Office,,,Amador City,CA,,38.4194246,-120.8245120,Geofabrik OpenStreetMap GeoPackage extract,2026-08-16T00:08:49Z,open,ODbL; attribution and share-alike required,packet_ready,geofabrik_post_office_extract_address_limited
ca-geofabrik-post-office-seed,CA Geofabrik post-office seed extract,breadth_first_post_office_seed_extract,post_office,osm:node:10198467980,Amazon Pick-up & Returns,,,Amazon Pick up & Returns,CA,,38.3857469,-121.3659680,Geofabrik OpenStreetMap GeoPackage extract,2026-08-16T00:08:49Z,open,ODbL; attribution and share-alike required,packet_ready,geofabrik_post_office_extract_address_limited
ca-geofabrik-post-office-seed,CA Geofabrik post-office seed extract,breadth_first_post_office_seed_extract,post_office,osm:node:9308003771,Amazon Prime Now,,,Amazon Prime Now,CA,,37.3785950,-122.0075467,Geofabrik OpenStreetMap GeoPackage extract,2026-08-16T00:08:49Z,open,ODbL; attribution and share-alike required,packet_ready,geofabrik_post_office_extract_address_limited
ca-geofabrik-post-office-seed,CA Geofabrik post-office seed extract,breadth_first_post_office_seed_extract,post_office,osm:node:13928720801,American Canyon Post Office,,,American Canyon,CA,,38.1684820,-122.2554689,Geofabrik OpenStreetMap GeoPackage extract,2026-08-16T00:08:49Z,open,ODbL; attribution and share-alike required,packet_ready,geofabrik_post_office_extract_address_limited
ca-geofabrik-post-office-seed,CA Geofabrik post-office seed extract,breadth_first_post_office_seed_extract,post_office,osm:node:1708102193,Anderson Post Office,,,Anderson,CA,,40.4512635,-122.2980053,Geofabrik OpenStreetMap GeoPackage extract,2026-08-16T00:08:49Z,open,ODbL; attribution and share-alike required,packet_ready,geofabrik_post_office_extract_address_limited
ca-geofabrik-post-office-seed,CA Geofabrik post-office seed extract,breadth_first_post_office_seed_extract,post_office,osm:way:341539251,Angels Camp Post Office,,,Angels Camp,CA,,38.0693711,-120.5404462,Geofabrik OpenStreetMap GeoPackage extract,2026-08-16T00:08:49Z,open,ODbL; attribution and share-alike required,packet_ready,geofabrik_post_office_extract_address_limited
ca-geofabrik-post-office-seed,CA Geofabrik post-office seed extract,breadth_first_post_office_seed_extract,post_office,osm:node:358832331,Angwin Post Office,,,Angwin,CA,,38.5703222,-122.4434504,Geofabrik OpenStreetMap GeoPackage extract,2026-08-16T00:08:49Z,open,ODbL; attribution and share-alike required,packet_ready,geofabrik_post_office_extract_address_limited
ca-geofabrik-post-office-seed,CA Geofabrik post-office seed extract,breadth_first_post_office_seed_extract,post_office,osm:way:977918181,Angwin Post Office,,,Angwin,CA,,38.5703517,-122.4435247,Geofabrik OpenStreetMap GeoPackage extract,2026-08-16T00:08:49Z,open,ODbL; attribution and share-alike required,packet_ready,geofabrik_post_office_extract_address_limited
ca-geofabrik-post-office-seed,CA Geofabrik post-office seed extract,breadth_first_post_office_seed_extract,post_office,osm:node:11105727424,Antelope Post Office,,,Antelope,CA,,38.7088204,-121.3147182,Geofabrik OpenStreetMap GeoPackage extract,2026-08-16T00:08:49Z,open,ODbL; attribution and share-alike required,packet_ready,geofabrik_post_office_extract_address_limited
ca-geofabrik-post-office-seed,CA Geofabrik post-office seed extract,breadth_first_post_office_seed_extract,post_office,osm:node:358821199,Antioch Post Office,,,Antioch,CA,,37.9968789,-121.8085950,Geofabrik OpenStreetMap GeoPackage extract,2026-08-16T00:08:49Z,open,ODbL; attribution and share-alike required,packet_ready,geofabrik_post_office_extract_address_limited
ca-geofabrik-post-office-seed,CA Geofabrik post-office seed extract,breadth_first_post_office_seed_extract,post_office,osm:node:358823720,Applegate Post Office,,,Applegate,CA,,38.9992701,-120.9935793,Geofabrik OpenStreetMap GeoPackage extract,2026-08-16T00:08:49Z,open,ODbL; attribution and share-alike required,packet_ready,geofabrik_post_office_extract_address_limited
ca-geofabrik-post-office-seed,CA Geofabrik post-office seed extract,breadth_first_post_office_seed_extract,post_office,osm:way:1504823697,Arbuckle Post Office,,,Arbuckle,CA,,39.0167611,-122.0573758,Geofabrik OpenStreetMap GeoPackage extract,2026-08-16T00:08:49Z,open,ODbL; attribution and share-alike required,packet_ready,geofabrik_post_office_extract_address_limited
ca-geofabrik-post-office-seed,CA Geofabrik post-office seed extract,breadth_first_post_office_seed_extract,post_office,osm:way:61351157,Arcata Post Office,,,Arcata,CA,,40.8679760,-124.0874579,Geofabrik OpenStreetMap GeoPackage extract,2026-08-16T00:08:49Z,open,ODbL; attribution and share-alike required,packet_ready,geofabrik_post_office_extract_address_limited
ca-geofabrik-post-office-seed,CA Geofabrik post-office seed extract,breadth_first_post_office_seed_extract,post_office,osm:node:358852233,Arden Post Office,,,Arden,CA,,38.5965718,-121.3977305,Geofabrik OpenStreetMap GeoPackage extract,2026-08-16T00:08:49Z,open,ODbL; attribution and share-alike required,packet_ready,geofabrik_post_office_extract_address_limited
ca-geofabrik-post-office-seed,CA Geofabrik post-office seed extract,breadth_first_post_office_seed_extract,post_office,osm:node:358833335,Armona Post Office,,,Armona,CA,,36.3171722,-119.7087420,Geofabrik OpenStreetMap GeoPackage extract,2026-08-16T00:08:49Z,open,ODbL; attribution and share-alike required,packet_ready,geofabrik_post_office_extract_address_limited
ca-geofabrik-post-office-seed,CA Geofabrik post-office seed extract,breadth_first_post_office_seed_extract,post_office,osm:node:358832926,Arnold Post Office,,,Arnold,CA,,38.2571395,-120.3490862,Geofabrik OpenStreetMap GeoPackage extract,2026-08-16T00:08:49Z,open,ODbL; attribution and share-alike required,packet_ready,geofabrik_post_office_extract_address_limited
ca-geofabrik-post-office-seed,CA Geofabrik post-office seed extract,breadth_first_post_office_seed_extract,post_office,osm:node:358849464,Aromas Post Office,,,Aromas,CA,,36.8880091,-121.6455012,Geofabrik OpenStreetMap GeoPackage extract,2026-08-16T00:08:49Z,open,ODbL; attribution and share-alike required,packet_ready,geofabrik_post_office_extract_address_limited
ca-geofabrik-post-office-seed,CA Geofabrik post-office seed extract,breadth_first_post_office_seed_extract,post_office,osm:node:9985317474,Aromas Post Office,,,Aromas,CA,,36.8882049,-121.6446511,Geofabrik OpenStreetMap GeoPackage extract,2026-08-16T00:08:49Z,open,ODbL; attribution and share-alike required,packet_ready,geofabrik_post_office_extract_address_limited
ca-geofabrik-post-office-seed,CA Geofabrik post-office seed extract,breadth_first_post_office_seed_extract,post_office,osm:node:358821929,Artois Post Office,,,Artois,CA,,39.6193258,-122.1947059,Geofabrik OpenStreetMap GeoPackage extract,2026-08-16T00:08:49Z,open,ODbL; attribution and share-alike required,packet_ready,geofabrik_post_office_extract_address_limited
ca-geofabrik-post-office-seed,CA Geofabrik post-office seed extract,breadth_first_post_office_seed_extract,post_office,osm:node:10914501173,Atlantic Plaza Post Office,,,Atlantic Plaza,CA,,38.0068322,-121.8886248,Geofabrik OpenStreetMap GeoPackage extract,2026-08-16T00:08:49Z,open,ODbL; attribution and share-alike required,packet_ready,geofabrik_post_office_extract_address_limited
ca-geofabrik-post-office-seed,CA Geofabrik post-office seed extract,breadth_first_post_office_seed_extract,post_office,osm:node:8332523259,Atlas,,,Atlas,CA,,37.4167561,-121.8773090,Geofabrik OpenStreetMap GeoPackage extract,2026-08-16T00:08:49Z,open,ODbL; attribution and share-alike required,packet_ready,geofabrik_post_office_extract_address_limited
ca-geofabrik-post-office-seed,CA Geofabrik post-office seed extract,breadth_first_post_office_seed_extract,post_office,osm:way:311712044,Atwater Post Office,,,Atwater,CA,,37.3485086,-120.6122146,Geofabrik OpenStreetMap GeoPackage extract,2026-08-16T00:08:49Z,open,ODbL; attribution and share-alike required,packet_ready,geofabrik_post_office_extract_address_limited
ca-geofabrik-post-office-seed,CA Geofabrik post-office seed extract,breadth_first_post_office_seed_extract,post_office,osm:node:358833901,Auberry Post Office,,,Auberry,CA,,37.0743935,-119.4862447,Geofabrik OpenStreetMap GeoPackage extract,2026-08-16T00:08:49Z,open,ODbL; attribution and share-alike required,packet_ready,geofabrik_post_office_extract_address_limited
ca-geofabrik-post-office-seed,CA Geofabrik post-office seed extract,breadth_first_post_office_seed_extract,post_office,osm:node:358827871,Aukum Post Office,,,Aukum,CA,,38.5555819,-120.7264716,Geofabrik OpenStreetMap GeoPackage extract,2026-08-16T00:08:49Z,open,ODbL; attribution and share-alike required,packet_ready,geofabrik_post_office_extract_address_limited
ca-geofabrik-post-office-seed,CA Geofabrik post-office seed extract,breadth_first_post_office_seed_extract,post_office,osm:node:358833474,Avenal Post Office,,,Avenal,CA,,36.0060666,-120.1268049,Geofabrik OpenStreetMap GeoPackage extract,2026-08-16T00:08:49Z,open,ODbL; attribution and share-alike required,packet_ready,geofabrik_post_office_extract_address_limited
ca-geofabrik-post-office-seed,CA Geofabrik post-office seed extract,breadth_first_post_office_seed_extract,post_office,osm:node:358832956,Avery Post Office,,,Avery,CA,,38.2043630,-120.3690861,Geofabrik OpenStreetMap GeoPackage extract,2026-08-16T00:08:49Z,open,ODbL; attribution and share-alike required,packet_ready,geofabrik_post_office_extract_address_limited
ca-geofabrik-post-office-seed,CA Geofabrik post-office seed extract,breadth_first_post_office_seed_extract,post_office,osm:node:4349256210,Balboa Business Canter,,,Balboa Business Canter,CA,,37.7755073,-122.4990494,Geofabrik OpenStreetMap GeoPackage extract,2026-08-16T00:08:49Z,open,ODbL; attribution and share-alike required,packet_ready,geofabrik_post_office_extract_address_limited
ca-geofabrik-post-office-seed,CA Geofabrik post-office seed extract,breadth_first_post_office_seed_extract,post_office,osm:way:311720187,Ballico Post Office,,,Ballico,CA,,37.4515959,-120.7019064,Geofabrik OpenStreetMap GeoPackage extract,2026-08-16T00:08:49Z,open,ODbL; attribution and share-alike required,packet_ready,geofabrik_post_office_extract_address_limited
ca-geofabrik-post-office-seed,CA Geofabrik post-office seed extract,breadth_first_post_office_seed_extract,post_office,osm:node:358837514,Banta Post Office,,,Banta,CA,,37.7532620,-121.3724440,Geofabrik OpenStreetMap GeoPackage extract,2026-08-16T00:08:49Z,open,ODbL; attribution and share-alike required,packet_ready,geofabrik_post_office_extract_address_limited
ca-geofabrik-post-office-seed,CA Geofabrik post-office seed extract,breadth_first_post_office_seed_extract,post_office,osm:way:476751026,Barton Post Office,,,Barton,CA,,36.7147729,-119.7552615,Geofabrik OpenStreetMap GeoPackage extract,2026-08-16T00:08:49Z,open,ODbL; attribution and share-alike required,packet_ready,geofabrik_post_office_extract_address_limited
ca-geofabrik-post-office-seed,CA Geofabrik post-office seed extract,breadth_first_post_office_seed_extract,post_office,osm:way:1496351716,Bayside Post Office,,,Bayside,CA,,40.8427619,-124.0635015,Geofabrik OpenStreetMap GeoPackage extract,2026-08-16T00:08:49Z,open,ODbL; attribution and share-alike required,packet_ready,geofabrik_post_office_extract_address_limited
ca-geofabrik-post-office-seed,CA Geofabrik post-office seed extract,breadth_first_post_office_seed_extract,post_office,osm:node:358855325,Bayview Post Office,,,Bayview,CA,,37.7288889,-122.3925000,Geofabrik OpenStreetMap GeoPackage extract,2026-08-16T00:08:49Z,open,ODbL; attribution and share-alike required,packet_ready,geofabrik_post_office_extract_address_limited
ca-geofabrik-post-office-seed,CA Geofabrik post-office seed extract,breadth_first_post_office_seed_extract,post_office,osm:way:1054030245,Bella Vista Post Office,,,Bella Vista,CA,,40.6364130,-122.2392971,Geofabrik OpenStreetMap GeoPackage extract,2026-08-16T00:08:49Z,open,ODbL; attribution and share-alike required,packet_ready,geofabrik_post_office_extract_address_limited
ca-geofabrik-post-office-seed,CA Geofabrik post-office seed extract,breadth_first_post_office_seed_extract,post_office,osm:node:358830736,Belmont Post Office,,,Belmont,CA,,37.5226151,-122.2754864,Geofabrik OpenStreetMap GeoPackage extract,2026-08-16T00:08:49Z,open,ODbL; attribution and share-alike required,packet_ready,geofabrik_post_office_extract_address_limited
ca-geofabrik-post-office-seed,CA Geofabrik post-office seed extract,breadth_first_post_office_seed_extract,post_office,osm:node:358833330,Belvedere Tiburon Post Office,,,Belvedere Tiburon,CA,,37.8745212,-122.4593902,Geofabrik OpenStreetMap GeoPackage extract,2026-08-16T00:08:49Z,open,ODbL; attribution and share-alike required,packet_ready,geofabrik_post_office_extract_address_limited
ca-geofabrik-post-office-seed,CA Geofabrik post-office seed extract,breadth_first_post_office_seed_extract,post_office,osm:node:358849159,Ben Lomond Post Office,,,Ben Lomond,CA,,37.0915931,-122.0894338,Geofabrik OpenStreetMap GeoPackage extract,2026-08-16T00:08:49Z,open,ODbL; attribution and share-alike required,packet_ready,geofabrik_post_office_extract_address_limited
ca-geofabrik-post-office-seed,CA Geofabrik post-office seed extract,breadth_first_post_office_seed_extract,post_office,osm:way:607965495,Benicia Post Office,,,Benicia,CA,,38.0517196,-122.1524032,Geofabrik OpenStreetMap GeoPackage extract,2026-08-16T00:08:49Z,open,ODbL; attribution and share-alike required,packet_ready,geofabrik_post_office_extract_address_limited
ca-geofabrik-post-office-seed,CA Geofabrik post-office seed extract,breadth_first_post_office_seed_extract,post_office,osm:way:28842845,Berkeley Main Post Office,,,Berkeley Main,CA,,37.8687317,-122.2699519,Geofabrik OpenStreetMap GeoPackage extract,2026-08-16T00:08:49Z,open,ODbL; attribution and share-alike required,packet_ready,geofabrik_post_office_extract_address_limited
ca-geofabrik-post-office-seed,CA Geofabrik post-office seed extract,breadth_first_post_office_seed_extract,post_office,osm:node:358855329,Bernal Heights Post Office,,,Bernal Heights,CA,,37.7442585,-122.4216677,Geofabrik OpenStreetMap GeoPackage extract,2026-08-16T00:08:49Z,open,ODbL; attribution and share-alike required,packet_ready,geofabrik_post_office_extract_address_limited
ca-geofabrik-post-office-seed,CA Geofabrik post-office seed extract,breadth_first_post_office_seed_extract,post_office,osm:way:10743531,Berryessa Station San Jose Post Office,,,Berryessa Station San Jose,CA,,37.4005148,-121.8479307,Geofabrik OpenStreetMap GeoPackage extract,2026-08-16T00:08:49Z,open,ODbL; attribution and share-alike required,packet_ready,geofabrik_post_office_extract_address_limited
ca-geofabrik-post-office-seed,CA Geofabrik post-office seed extract,breadth_first_post_office_seed_extract,post_office,osm:node:358821203,Bethel Island Post Office,,,Bethel Island,CA,,38.0187377,-121.6402273,Geofabrik OpenStreetMap GeoPackage extract,2026-08-16T00:08:49Z,open,ODbL; attribution and share-alike required,packet_ready,geofabrik_post_office_extract_address_limited
ca-geofabrik-post-office-seed,CA Geofabrik post-office seed extract,breadth_first_post_office_seed_extract,post_office,osm:way:1420288462,Bieber Post Office,,,Bieber,CA,,41.1211857,-121.1434022,Geofabrik OpenStreetMap GeoPackage extract,2026-08-16T00:08:49Z,open,ODbL; attribution and share-alike required,packet_ready,geofabrik_post_office_extract_address_limited
ca-geofabrik-post-office-seed,CA Geofabrik post-office seed extract,breadth_first_post_office_seed_extract,post_office,osm:node:358819041,Big Bar Post Office,,,Big Bar,CA,,40.7434502,-123.2672275,Geofabrik OpenStreetMap GeoPackage extract,2026-08-16T00:08:49Z,open,ODbL; attribution and share-alike required,packet_ready,geofabrik_post_office_extract_address_limited
ca-geofabrik-post-office-seed,CA Geofabrik post-office seed extract,breadth_first_post_office_seed_extract,post_office,osm:node:358830298,Big Oak Flat Post Office,,,Big Oak Flat,CA,,37.8274730,-120.2517570,Geofabrik OpenStreetMap GeoPackage extract,2026-08-16T00:08:49Z,open,ODbL; attribution and share-alike required,packet_ready,geofabrik_post_office_extract_address_limited
ca-geofabrik-post-office-seed,CA Geofabrik post-office seed extract,breadth_first_post_office_seed_extract,post_office,osm:node:1941034794,Big Pine Post Office,,,Big Pine,CA,,37.1670371,-118.2892070,Geofabrik OpenStreetMap GeoPackage extract,2026-08-16T00:08:49Z,open,ODbL; attribution and share-alike required,packet_ready,geofabrik_post_office_extract_address_limited
ca-geofabrik-post-office-seed,CA Geofabrik post-office seed extract,breadth_first_post_office_seed_extract,post_office,osm:way:1166265982,Biggs Post Office,,,Biggs,CA,,39.4131024,-121.7101620,Geofabrik OpenStreetMap GeoPackage extract,2026-08-16T00:08:49Z,open,ODbL; attribution and share-alike required,packet_ready,geofabrik_post_office_extract_address_limited
ca-geofabrik-post-office-seed,CA Geofabrik post-office seed extract,breadth_first_post_office_seed_extract,post_office,osm:node:358833951,Biola Post Office,,,Biola,CA,,36.8030010,-120.0162684,Geofabrik OpenStreetMap GeoPackage extract,2026-08-16T00:08:49Z,open,ODbL; attribution and share-alike required,packet_ready,geofabrik_post_office_extract_address_limited
ca-geofabrik-post-office-seed,CA Geofabrik post-office seed extract,breadth_first_post_office_seed_extract,post_office,osm:node:358832798,Bishop Post Office,,,Bishop,CA,,37.3615918,-118.4003580,Geofabrik OpenStreetMap GeoPackage extract,2026-08-16T00:08:49Z,open,ODbL; attribution and share-alike required,packet_ready,geofabrik_post_office_extract_address_limited
ca-geofabrik-post-office-seed,CA Geofabrik post-office seed extract,breadth_first_post_office_seed_extract,post_office,osm:way:498650664,Blairsden-Graeagle Post Office,,,Blairsden Graeagle,CA,,39.7691982,-120.6187334,Geofabrik OpenStreetMap GeoPackage extract,2026-08-16T00:08:49Z,open,ODbL; attribution and share-alike required,packet_ready,geofabrik_post_office_extract_address_limited
ca-geofabrik-post-office-seed,CA Geofabrik post-office seed extract,breadth_first_post_office_seed_extract,post_office,osm:way:38045348,Blossom Hill Station San Jose Post Office,,,Blossom Hill Station San Jose,CA,,37.2488294,-121.8464086,Geofabrik OpenStreetMap GeoPackage extract,2026-08-16T00:08:49Z,open,ODbL; attribution and share-alike required,packet_ready,geofabrik_post_office_extract_address_limited
ca-geofabrik-post-office-seed,CA Geofabrik post-office seed extract,breadth_first_post_office_seed_extract,post_office,osm:way:1526888579,Blue Lake Post Office,,,Blue Lake,CA,,40.8815616,-123.9889876,Geofabrik OpenStreetMap GeoPackage extract,2026-08-16T00:08:49Z,open,ODbL; attribution and share-alike required,packet_ready,geofabrik_post_office_extract_address_limited
ca-geofabrik-post-office-seed,CA Geofabrik post-office seed extract,breadth_first_post_office_seed_extract,post_office,osm:way:771525361,Bodega Post Office,,,Bodega,CA,,38.3455538,-122.9735626,Geofabrik OpenStreetMap GeoPackage extract,2026-08-16T00:08:49Z,open,ODbL; attribution and share-alike required,packet_ready,geofabrik_post_office_extract_address_limited
ca-geofabrik-post-office-seed,CA Geofabrik post-office seed extract,breadth_first_post_office_seed_extract,post_office,osm:way:549804508,Bodega Bay Post Office,,,Bodega Bay,CA,,38.3243102,-123.0386344,Geofabrik OpenStreetMap GeoPackage extract,2026-08-16T00:08:49Z,open,ODbL; attribution and share-alike required,packet_ready,geofabrik_post_office_extract_address_limited
ca-geofabrik-post-office-seed,CA Geofabrik post-office seed extract,breadth_first_post_office_seed_extract,post_office,osm:way:20068648,Bolinas Post Office,,,Bolinas,CA,,37.9082694,-122.6872653,Geofabrik OpenStreetMap GeoPackage extract,2026-08-16T00:08:49Z,open,ODbL; attribution and share-alike required,packet_ready,geofabrik_post_office_extract_address_limited
ca-geofabrik-post-office-seed,CA Geofabrik post-office seed extract,breadth_first_post_office_seed_extract,post_office,osm:way:242897303,Boonville Post Office,,,Boonville,CA,,39.0081112,-123.3666383,Geofabrik OpenStreetMap GeoPackage extract,2026-08-16T00:08:49Z,open,ODbL; attribution and share-alike required,packet_ready,geofabrik_post_office_extract_address_limited
ca-geofabrik-post-office-seed,CA Geofabrik post-office seed extract,breadth_first_post_office_seed_extract,post_office,osm:way:559387791,Boyes Hot Springs Post Office,,,Boyes Hot Springs,CA,,38.3140710,-122.4820234,Geofabrik OpenStreetMap GeoPackage extract,2026-08-16T00:08:49Z,open,ODbL; attribution and share-alike required,packet_ready,geofabrik_post_office_extract_address_limited
ca-geofabrik-post-office-seed,CA Geofabrik post-office seed extract,breadth_first_post_office_seed_extract,post_office,osm:way:124377249,Bradford Station Hayward Post Office,,,Bradford Station Hayward,CA,,37.6707872,-122.0839736,Geofabrik OpenStreetMap GeoPackage extract,2026-08-16T00:08:49Z,open,ODbL; attribution and share-alike required,packet_ready,geofabrik_post_office_extract_address_limited
ca-geofabrik-post-office-seed,CA Geofabrik post-office seed extract,breadth_first_post_office_seed_extract,post_office,osm:way:160892688,Brannan Street Station,,,Brannan Street Station,CA,,37.7791520,-122.3960658,Geofabrik OpenStreetMap GeoPackage extract,2026-08-16T00:08:49Z,open,ODbL; attribution and share-alike required,packet_ready,geofabrik_post_office_extract_address_limited
ca-geofabrik-post-office-seed,CA Geofabrik post-office seed extract,breadth_first_post_office_seed_extract,post_office,osm:node:6319826914,Brentwood Post Office,,,Brentwood,CA,,37.9346504,-121.6892900,Geofabrik OpenStreetMap GeoPackage extract,2026-08-16T00:08:49Z,open,ODbL; attribution and share-alike required,packet_ready,geofabrik_post_office_extract_address_limited
ca-geofabrik-post-office-seed,CA Geofabrik post-office seed extract,breadth_first_post_office_seed_extract,post_office,osm:way:42154278,Bridgeport Post Office,,,Bridgeport,CA,,38.2545928,-119.2271294,Geofabrik OpenStreetMap GeoPackage extract,2026-08-16T00:08:49Z,open,ODbL; attribution and share-alike required,packet_ready,geofabrik_post_office_extract_address_limited
ca-geofabrik-post-office-seed,CA Geofabrik post-office seed extract,breadth_first_post_office_seed_extract,post_office,osm:way:136880441,Brisbane Post Office,,,Brisbane,CA,,37.6851479,-122.4028744,Geofabrik OpenStreetMap GeoPackage extract,2026-08-16T00:08:49Z,open,ODbL; attribution and share-alike required,packet_ready,geofabrik_post_office_extract_address_limited
ca-geofabrik-post-office-seed,CA Geofabrik post-office seed extract,breadth_first_post_office_seed_extract,post_office,osm:node:358852243,Broadway Post Office,,,Broadway,CA,,38.5599057,-121.4846771,Geofabrik OpenStreetMap GeoPackage extract,2026-08-16T00:08:49Z,open,ODbL; attribution and share-alike required,packet_ready,geofabrik_post_office_extract_address_limited
ca-geofabrik-post-office-seed,CA Geofabrik post-office seed extract,breadth_first_post_office_seed_extract,post_office,osm:node:358822675,Broderick Post Office,,,Broderick,CA,,38.5901829,-121.5246783,Geofabrik OpenStreetMap GeoPackage extract,2026-08-16T00:08:49Z,open,ODbL; attribution and share-alike required,packet_ready,geofabrik_post_office_extract_address_limited
ca-geofabrik-post-office-seed,CA Geofabrik post-office seed extract,breadth_first_post_office_seed_extract,post_office,osm:node:358823141,Browns Valley Post Office,,,Browns Valley,CA,,39.2396140,-121.4096852,Geofabrik OpenStreetMap GeoPackage extract,2026-08-16T00:08:49Z,open,ODbL; attribution and share-alike required,packet_ready,geofabrik_post_office_extract_address_limited
ca-geofabrik-post-office-seed,CA Geofabrik post-office seed extract,breadth_first_post_office_seed_extract,post_office,osm:node:358823142,Brownsville Post Office,,,Brownsville,CA,,39.4515555,-121.2824617,Geofabrik OpenStreetMap GeoPackage extract,2026-08-16T00:08:49Z,open,ODbL; attribution and share-alike required,packet_ready,geofabrik_post_office_extract_address_limited
ca-geofabrik-post-office-seed,CA Geofabrik post-office seed extract,breadth_first_post_office_seed_extract,post_office,osm:way:256461082,Bryant Street Station,,,Bryant Street Station,CA,,37.7666593,-122.4111685,Geofabrik OpenStreetMap GeoPackage extract,2026-08-16T00:08:49Z,open,ODbL; attribution and share-alike required,packet_ready,geofabrik_post_office_extract_address_limited
ca-geofabrik-post-office-seed,CA Geofabrik post-office seed extract,breadth_first_post_office_seed_extract,post_office,osm:node:358822676,Bryte Branch Broderick Post Office,,,Bryte Branch Broderick,CA,,38.5949050,-121.5413454,Geofabrik OpenStreetMap GeoPackage extract,2026-08-16T00:08:49Z,open,ODbL; attribution and share-alike required,packet_ready,geofabrik_post_office_extract_address_limited
ca-geofabrik-post-office-seed,CA Geofabrik post-office seed extract,breadth_first_post_office_seed_extract,post_office,osm:node:3543085958,Burlingame Post Office,,,Burlingame,CA,,37.5781451,-122.3487240,Geofabrik OpenStreetMap GeoPackage extract,2026-08-16T00:08:49Z,open,ODbL; attribution and share-alike required,packet_ready,geofabrik_post_office_extract_address_limited
ca-geofabrik-post-office-seed,CA Geofabrik post-office seed extract,breadth_first_post_office_seed_extract,post_office,osm:node:358832929,Burson Post Office,,,Burson,CA,,38.1832144,-120.8894462,Geofabrik OpenStreetMap GeoPackage extract,2026-08-16T00:08:49Z,open,ODbL; attribution and share-alike required,packet_ready,geofabrik_post_office_extract_address_limited
ca-geofabrik-post-office-seed,CA Geofabrik post-office seed extract,breadth_first_post_office_seed_extract,post_office,osm:node:13928942702,Byron Post Office,,,Byron,CA,,37.8691670,-121.6412400,Geofabrik OpenStreetMap GeoPackage extract,2026-08-16T00:08:49Z,open,ODbL; attribution and share-alike required,packet_ready,geofabrik_post_office_extract_address_limited
ca-geofabrik-post-office-seed,CA Geofabrik post-office seed extract,breadth_first_post_office_seed_extract,post_office,osm:node:1357985360,Byron Rumford US Post Office,,,Byron Rumford US,CA,,37.8050986,-122.2740480,Geofabrik OpenStreetMap GeoPackage extract,2026-08-16T00:08:49Z,open,ODbL; attribution and share-alike required,packet_ready,geofabrik_post_office_extract_address_limited
ca-geofabrik-post-office-seed,CA Geofabrik post-office seed extract,breadth_first_post_office_seed_extract,post_office,osm:node:7841092575,Bảo Tín Cargo,,,Bảo Tín Cargo,CA,,37.3148210,-121.8383440,Geofabrik OpenStreetMap GeoPackage extract,2026-08-16T00:08:49Z,open,ODbL; attribution and share-alike required,packet_ready,geofabrik_post_office_extract_address_limited
ca-geofabrik-post-office-seed,CA Geofabrik post-office seed extract,breadth_first_post_office_seed_extract,post_office,osm:way:288685039,Calistoga Post Office,,,Calistoga,CA,,38.5780453,-122.5778892,Geofabrik OpenStreetMap GeoPackage extract,2026-08-16T00:08:49Z,open,ODbL; attribution and share-alike required,packet_ready,geofabrik_post_office_extract_address_limited
ca-geofabrik-post-office-seed,CA Geofabrik post-office seed extract,breadth_first_post_office_seed_extract,post_office,osm:node:358805891,Callahan Post Office,,,Callahan,CA,,41.3094878,-122.8011899,Geofabrik OpenStreetMap GeoPackage extract,2026-08-16T00:08:49Z,open,ODbL; attribution and share-alike required,packet_ready,geofabrik_post_office_extract_address_limited
ca-geofabrik-post-office-seed,CA Geofabrik post-office seed extract,breadth_first_post_office_seed_extract,post_office,osm:node:358824708,Calpella Post Office,,,Calpella,CA,,39.2346531,-123.2023640,Geofabrik OpenStreetMap GeoPackage extract,2026-08-16T00:08:49Z,open,ODbL; attribution and share-alike required,packet_ready,geofabrik_post_office_extract_address_limited
ca-geofabrik-post-office-seed,CA Geofabrik post-office seed extract,breadth_first_post_office_seed_extract,post_office,osm:node:358827000,Calpine Post Office,,,Calpine,CA,,39.6661697,-120.4376867,Geofabrik OpenStreetMap GeoPackage extract,2026-08-16T00:08:49Z,open,ODbL; attribution and share-alike required,packet_ready,geofabrik_post_office_extract_address_limited
ca-geofabrik-post-office-seed,CA Geofabrik post-office seed extract,breadth_first_post_office_seed_extract,post_office,osm:way:479170360,Calwa Post Office,,,Calwa,CA,,36.7067182,-119.7566915,Geofabrik OpenStreetMap GeoPackage extract,2026-08-16T00:08:49Z,open,ODbL; attribution and share-alike required,packet_ready,geofabrik_post_office_extract_address_limited
ca-geofabrik-post-office-seed,CA Geofabrik post-office seed extract,breadth_first_post_office_seed_extract,post_office,osm:way:37624201,Cambrian Park Post Office,,,Cambrian Park,CA,,37.2653509,-121.9152386,Geofabrik OpenStreetMap GeoPackage extract,2026-08-16T00:08:49Z,open,ODbL; attribution and share-alike required,packet_ready,geofabrik_post_office_extract_address_limited
ca-geofabrik-post-office-seed,CA Geofabrik post-office seed extract,breadth_first_post_office_seed_extract,post_office,osm:way:232276158,"Cambridge Branch, Palo Alto",,,"Cambridge Branch, Palo Alto",CA,,37.4286613,-122.1439244,Geofabrik OpenStreetMap GeoPackage extract,2026-08-16T00:08:49Z,open,ODbL; attribution and share-alike required,packet_ready,geofabrik_post_office_extract_address_limited
ca-geofabrik-post-office-seed,CA Geofabrik post-office seed extract,breadth_first_post_office_seed_extract,post_office,osm:node:358852249,Camellia Post Office,,,Camellia,CA,,38.5668501,-121.4441200,Geofabrik OpenStreetMap GeoPackage extract,2026-08-16T00:08:49Z,open,ODbL; attribution and share-alike required,packet_ready,geofabrik_post_office_extract_address_limited
ca-geofabrik-post-office-seed,CA Geofabrik post-office seed extract,breadth_first_post_office_seed_extract,post_office,osm:way:1087040295,Camino Post Office,,,Camino,CA,,38.7378021,-120.6743456,Geofabrik OpenStreetMap GeoPackage extract,2026-08-16T00:08:49Z,open,ODbL; attribution and share-alike required,packet_ready,geofabrik_post_office_extract_address_limited
ca-geofabrik-post-office-seed,CA Geofabrik post-office seed extract,breadth_first_post_office_seed_extract,post_office,osm:node:358832894,Camp Connell Post Office,,,Camp Connell,CA,,38.3101941,-120.2771391,Geofabrik OpenStreetMap GeoPackage extract,2026-08-16T00:08:49Z,open,ODbL; attribution and share-alike required,packet_ready,geofabrik_post_office_extract_address_limited
ca-geofabrik-post-office-seed,CA Geofabrik post-office seed extract,breadth_first_post_office_seed_extract,post_office,osm:node:358831365,Camp Meeker Post Office,,,Camp Meeker,CA,,38.4248744,-122.9585149,Geofabrik OpenStreetMap GeoPackage extract,2026-08-16T00:08:49Z,open,ODbL; attribution and share-alike required,packet_ready,geofabrik_post_office_extract_address_limited
ca-geofabrik-post-office-seed,CA Geofabrik post-office seed extract,breadth_first_post_office_seed_extract,post_office,osm:node:2428832158,Camp Richardson Post Office,,,Camp Richardson,CA,,38.9330151,-120.0389853,Geofabrik OpenStreetMap GeoPackage extract,2026-08-16T00:08:49Z,open,ODbL; attribution and share-alike required,packet_ready,geofabrik_post_office_extract_address_limited
ca-geofabrik-post-office-seed,CA Geofabrik post-office seed extract,breadth_first_post_office_seed_extract,post_office,osm:node:358832932,Campo Seco Post Office,,,Campo Seco,CA,,38.2279734,-120.8532709,Geofabrik OpenStreetMap GeoPackage extract,2026-08-16T00:08:49Z,open,ODbL; attribution and share-alike required,packet_ready,geofabrik_post_office_extract_address_limited
ca-geofabrik-post-office-seed,CA Geofabrik post-office seed extract,breadth_first_post_office_seed_extract,post_office,osm:way:1504082641,Camptonville Post Office,,,Camptonville,CA,,39.4518836,-121.0502150,Geofabrik OpenStreetMap GeoPackage extract,2026-08-16T00:08:49Z,open,ODbL; attribution and share-alike required,packet_ready,geofabrik_post_office_extract_address_limited
ca-geofabrik-post-office-seed,CA Geofabrik post-office seed extract,breadth_first_post_office_seed_extract,post_office,osm:way:894457665,Canyon Post Office,,,Canyon,CA,,37.8301902,-122.1657639,Geofabrik OpenStreetMap GeoPackage extract,2026-08-16T00:08:49Z,open,ODbL; attribution and share-alike required,packet_ready,geofabrik_post_office_extract_address_limited
ca-geofabrik-post-office-seed,CA Geofabrik post-office seed extract,breadth_first_post_office_seed_extract,post_office,osm:node:13912924002,Carlotta Post Office,,,Carlotta,CA,,40.5375491,-124.0598352,Geofabrik OpenStreetMap GeoPackage extract,2026-08-16T00:08:49Z,open,ODbL; attribution and share-alike required,packet_ready,geofabrik_post_office_extract_address_limited
ca-geofabrik-post-office-seed,CA Geofabrik post-office seed extract,breadth_first_post_office_seed_extract,post_office,osm:way:1503809278,Carmel Post Office,,,Carmel,CA,,36.5566820,-121.9224664,Geofabrik OpenStreetMap GeoPackage extract,2026-08-16T00:08:49Z,open,ODbL; attribution and share-alike required,packet_ready,geofabrik_post_office_extract_address_limited
ca-geofabrik-post-office-seed,CA Geofabrik post-office seed extract,breadth_first_post_office_seed_extract,post_office,osm:node:358849707,Carmel Valley Post Office,,,Carmel Valley,CA,,36.4777458,-121.7290434,Geofabrik OpenStreetMap GeoPackage extract,2026-08-16T00:08:49Z,open,ODbL; attribution and share-alike required,packet_ready,geofabrik_post_office_extract_address_limited
ca-geofabrik-post-office-seed,CA Geofabrik post-office seed extract,breadth_first_post_office_seed_extract,post_office,osm:way:32517470,Carmichael Post Office,,,Carmichael,CA,,38.6272150,-121.3292941,Geofabrik OpenStreetMap GeoPackage extract,2026-08-16T00:08:49Z,open,ODbL; attribution and share-alike required,packet_ready,geofabrik_post_office_extract_address_limited
ca-geofabrik-post-office-seed,CA Geofabrik post-office seed extract,breadth_first_post_office_seed_extract,post_office,osm:way:761818087,Caruthers Post Office,,,Caruthers,CA,,36.5407630,-119.8348256,Geofabrik OpenStreetMap GeoPackage extract,2026-08-16T00:08:49Z,open,ODbL; attribution and share-alike required,packet_ready,geofabrik_post_office_extract_address_limited
ca-geofabrik-post-office-seed,CA Geofabrik post-office seed extract,breadth_first_post_office_seed_extract,post_office,osm:way:330700901,Casa Grande Annex Post Office,,,Casa Grande Annex,CA,,38.2307500,-122.5996632,Geofabrik OpenStreetMap GeoPackage extract,2026-08-16T00:08:49Z,open,ODbL; attribution and share-alike required,packet_ready,geofabrik_post_office_extract_address_limited
ca-geofabrik-post-office-seed,CA Geofabrik post-office seed extract,breadth_first_post_office_seed_extract,post_office,osm:node:358802563,Cassel Post Office,,,Cassel,CA,,40.9190864,-121.5528410,Geofabrik OpenStreetMap GeoPackage extract,2026-08-16T00:08:49Z,open,ODbL; attribution and share-alike required,packet_ready,geofabrik_post_office_extract_address_limited
ca-geofabrik-post-office-seed,CA Geofabrik post-office seed extract,breadth_first_post_office_seed_extract,post_office,osm:way:901852496,Castella Post Office,,,Castella,CA,,41.1487152,-122.3174280,Geofabrik OpenStreetMap GeoPackage extract,2026-08-16T00:08:49Z,open,ODbL; attribution and share-alike required,packet_ready,geofabrik_post_office_extract_address_limited
ca-geofabrik-post-office-seed,CA Geofabrik post-office seed extract,breadth_first_post_office_seed_extract,post_office,osm:way:559355975,Castro Valley Branch Post Office,,,Castro Valley Branch,CA,,37.6974686,-122.0789779,Geofabrik OpenStreetMap GeoPackage extract,2026-08-16T00:08:49Z,open,ODbL; attribution and share-alike required,packet_ready,geofabrik_post_office_extract_address_limited
ca-geofabrik-post-office-seed,CA Geofabrik post-office seed extract,breadth_first_post_office_seed_extract,post_office,osm:node:12557347714,Cazadero Post Office,,,Cazadero,CA,,38.5340607,-123.0861349,Geofabrik OpenStreetMap GeoPackage extract,2026-08-16T00:08:49Z,open,ODbL; attribution and share-alike required,packet_ready,geofabrik_post_office_extract_address_limited
ca-geofabrik-post-office-seed,CA Geofabrik post-office seed extract,breadth_first_post_office_seed_extract,post_office,osm:node:358831276,Cazadero Post Office,,,Cazadero,CA,,38.5368570,-123.0888913,Geofabrik OpenStreetMap GeoPackage extract,2026-08-16T00:08:49Z,open,ODbL; attribution and share-alike required,packet_ready,geofabrik_post_office_extract_address_limited
ca-geofabrik-post-office-seed,CA Geofabrik post-office seed extract,breadth_first_post_office_seed_extract,post_office,osm:way:813506074,Cedar Ridge Post Office,,,Cedar Ridge,CA,,39.1992310,-121.0228198,Geofabrik OpenStreetMap GeoPackage extract,2026-08-16T00:08:49Z,open,ODbL; attribution and share-alike required,packet_ready,geofabrik_post_office_extract_address_limited
ca-geofabrik-post-office-seed,CA Geofabrik post-office seed extract,breadth_first_post_office_seed_extract,post_office,osm:node:358815429,Cedarville Post Office,,,Cedarville,CA,,41.5273939,-120.1721669,Geofabrik OpenStreetMap GeoPackage extract,2026-08-16T00:08:49Z,open,ODbL; attribution and share-alike required,packet_ready,geofabrik_post_office_extract_address_limited
ca-geofabrik-post-office-seed,CA Geofabrik post-office seed extract,breadth_first_post_office_seed_extract,post_office,osm:node:7215715252,Centro Express,,,Centro Express,CA,,37.3597354,-121.8907957,Geofabrik OpenStreetMap GeoPackage extract,2026-08-16T00:08:49Z,open,ODbL; attribution and share-alike required,packet_ready,geofabrik_post_office_extract_address_limited
ca-geofabrik-post-office-seed,CA Geofabrik post-office seed extract,breadth_first_post_office_seed_extract,post_office,osm:way:575402809,Ceres Post Office,,,Ceres,CA,,37.5916960,-120.9394620,Geofabrik OpenStreetMap GeoPackage extract,2026-08-16T00:08:49Z,open,ODbL; attribution and share-alike required,packet_ready,geofabrik_post_office_extract_address_limited
ca-geofabrik-post-office-seed,CA Geofabrik post-office seed extract,breadth_first_post_office_seed_extract,post_office,osm:way:965219489,Challenge Post Office,,,Challenge,CA,,39.4841693,-121.2209223,Geofabrik OpenStreetMap GeoPackage extract,2026-08-16T00:08:49Z,open,ODbL; attribution and share-alike required,packet_ready,geofabrik_post_office_extract_address_limited
ca-geofabrik-post-office-seed,CA Geofabrik post-office seed extract,breadth_first_post_office_seed_extract,post_office,osm:node:358820354,Chester Post Office,,,Chester,CA,,40.3090515,-121.2282987,Geofabrik OpenStreetMap GeoPackage extract,2026-08-16T00:08:49Z,open,ODbL; attribution and share-alike required,packet_ready,geofabrik_post_office_extract_address_limited
ca-geofabrik-post-office-seed,CA Geofabrik post-office seed extract,breadth_first_post_office_seed_extract,post_office,osm:node:358830381,Chestnut Station South San Francisco Post Office,,,Chestnut Station South San Francisco,CA,,37.6552802,-122.4314604,Geofabrik OpenStreetMap GeoPackage extract,2026-08-16T00:08:49Z,open,ODbL; attribution and share-alike required,packet_ready,geofabrik_post_office_extract_address_limited
ca-geofabrik-post-office-seed,CA Geofabrik post-office seed extract,breadth_first_post_office_seed_extract,post_office,osm:way:39528708,Chico Post Office,,,Chico,CA,,39.7353443,-121.8335752,Geofabrik OpenStreetMap GeoPackage extract,2026-08-16T00:08:49Z,open,ODbL; attribution and share-alike required,packet_ready,geofabrik_post_office_extract_address_limited
ca-geofabrik-post-office-seed,CA Geofabrik post-office seed extract,breadth_first_post_office_seed_extract,post_office,osm:node:358855332,Chinatown Station,,,Chinatown Station,CA,,37.7938952,-122.4080320,Geofabrik OpenStreetMap GeoPackage extract,2026-08-16T00:08:49Z,open,ODbL; attribution and share-alike required,packet_ready,geofabrik_post_office_extract_address_limited
ca-geofabrik-post-office-seed,CA Geofabrik post-office seed extract,breadth_first_post_office_seed_extract,post_office,osm:node:508062149,Chinese Camp Post Office,,,Chinese Camp,CA,,37.8720701,-120.4325045,Geofabrik OpenStreetMap GeoPackage extract,2026-08-16T00:08:49Z,open,ODbL; attribution and share-alike required,packet_ready,geofabrik_post_office_extract_address_limited
ca-geofabrik-post-office-seed,CA Geofabrik post-office seed extract,breadth_first_post_office_seed_extract,post_office,osm:node:358834723,Chowchilla Post Office,,,Chowchilla,CA,,37.1233480,-120.2582230,Geofabrik OpenStreetMap GeoPackage extract,2026-08-16T00:08:49Z,open,ODbL; attribution and share-alike required,packet_ready,geofabrik_post_office_extract_address_limited
ca-geofabrik-post-office-seed,CA Geofabrik post-office seed extract,breadth_first_post_office_seed_extract,post_office,osm:way:71505816,Citrus Heights Post Office,,,Citrus Heights,CA,,38.6811882,-121.2973454,Geofabrik OpenStreetMap GeoPackage extract,2026-08-16T00:08:49Z,open,ODbL; attribution and share-alike required,packet_ready,geofabrik_post_office_extract_address_limited
ca-geofabrik-post-office-seed,CA Geofabrik post-office seed extract,breadth_first_post_office_seed_extract,post_office,osm:way:25169654,Civic Center Annex Oakland Post Office,,,Civic Center Annex Oakland,CA,,37.8012338,-122.2665632,Geofabrik OpenStreetMap GeoPackage extract,2026-08-16T00:08:49Z,open,ODbL; attribution and share-alike required,packet_ready,geofabrik_post_office_extract_address_limited
ca-geofabrik-post-office-seed,CA Geofabrik post-office seed extract,breadth_first_post_office_seed_extract,post_office,osm:way:59779898,Civic Center San Rafael Post Office,,,Civic Center San Rafael,CA,,37.9976152,-122.5285900,Geofabrik OpenStreetMap GeoPackage extract,2026-08-16T00:08:49Z,open,ODbL; attribution and share-alike required,packet_ready,geofabrik_post_office_extract_address_limited
ca-geofabrik-post-office-seed,CA Geofabrik post-office seed extract,breadth_first_post_office_seed_extract,post_office,osm:node:358823991,Clayton Post Office,,,Clayton,CA,,37.9403497,-121.9342810,Geofabrik OpenStreetMap GeoPackage extract,2026-08-16T00:08:49Z,open,ODbL; attribution and share-alike required,packet_ready,geofabrik_post_office_extract_address_limited
ca-geofabrik-post-office-seed,CA Geofabrik post-office seed extract,breadth_first_post_office_seed_extract,post_office,osm:way:196108167,Clayton Street Post Office,,,Clayton Street,CA,,37.7700601,-122.4483245,Geofabrik OpenStreetMap GeoPackage extract,2026-08-16T00:08:49Z,open,ODbL; attribution and share-alike required,packet_ready,geofabrik_post_office_extract_address_limited
ca-geofabrik-post-office-seed,CA Geofabrik post-office seed extract,breadth_first_post_office_seed_extract,post_office,osm:node:358830215,Clearlake Park Post Office,,,Clearlake Park,CA,,38.9676751,-122.6605409,Geofabrik OpenStreetMap GeoPackage extract,2026-08-16T00:08:49Z,open,ODbL; attribution and share-alike required,packet_ready,geofabrik_post_office_extract_address_limited
ca-geofabrik-post-office-seed,CA Geofabrik post-office seed extract,breadth_first_post_office_seed_extract,post_office,osm:node:358837389,Clements Post Office,,,Clements,CA,,38.1913070,-121.0871655,Geofabrik OpenStreetMap GeoPackage extract,2026-08-16T00:08:49Z,open,ODbL; attribution and share-alike required,packet_ready,geofabrik_post_office_extract_address_limited
ca-geofabrik-post-office-seed,CA Geofabrik post-office seed extract,breadth_first_post_office_seed_extract,post_office,osm:way:1006861724,Cloverdale Post Office,,,Cloverdale,CA,,38.8058843,-123.0166833,Geofabrik OpenStreetMap GeoPackage extract,2026-08-16T00:08:49Z,open,ODbL; attribution and share-alike required,packet_ready,geofabrik_post_office_extract_address_limited
ca-geofabrik-post-office-seed,CA Geofabrik post-office seed extract,breadth_first_post_office_seed_extract,post_office,osm:way:800883330,Clovis Post Office,,,Clovis,CA,,36.8217491,-119.7083759,Geofabrik OpenStreetMap GeoPackage extract,2026-08-16T00:08:49Z,open,ODbL; attribution and share-alike required,packet_ready,geofabrik_post_office_extract_address_limited
ca-geofabrik-post-office-seed,CA Geofabrik post-office seed extract,breadth_first_post_office_seed_extract,post_office,osm:way:195058723,Coalinga Post Office,,,Coalinga,CA,,36.1407411,-120.3606801,Geofabrik OpenStreetMap GeoPackage extract,2026-08-16T00:08:49Z,open,ODbL; attribution and share-alike required,packet_ready,geofabrik_post_office_extract_address_limited
ca-geofabrik-post-office-seed,CA Geofabrik post-office seed extract,breadth_first_post_office_seed_extract,post_office,osm:node:358816389,Coarsegold Post Office,,,Coarsegold,CA,,37.2643908,-119.6920940,Geofabrik OpenStreetMap GeoPackage extract,2026-08-16T00:08:49Z,open,ODbL; attribution and share-alike required,packet_ready,geofabrik_post_office_extract_address_limited
ca-geofabrik-post-office-seed,CA Geofabrik post-office seed extract,breadth_first_post_office_seed_extract,post_office,osm:node:8064824695,Coast Guard Island Post Office,,,Coast Guard Island,CA,,37.7804261,-122.2478717,Geofabrik OpenStreetMap GeoPackage extract,2026-08-16T00:08:49Z,open,ODbL; attribution and share-alike required,packet_ready,geofabrik_post_office_extract_address_limited
ca-geofabrik-post-office-seed,CA Geofabrik post-office seed extract,breadth_first_post_office_seed_extract,post_office,osm:way:1129634921,Colfax Post Office,,,Colfax,CA,,39.0992742,-120.9552086,Geofabrik OpenStreetMap GeoPackage extract,2026-08-16T00:08:49Z,open,ODbL; attribution and share-alike required,packet_ready,geofabrik_post_office_extract_address_limited
ca-geofabrik-post-office-seed,CA Geofabrik post-office seed extract,breadth_first_post_office_seed_extract,post_office,osm:node:358822586,College City Post Office,,,College City,CA,,39.0079525,-122.0066352,Geofabrik OpenStreetMap GeoPackage extract,2026-08-16T00:08:49Z,open,ODbL; attribution and share-alike required,packet_ready,geofabrik_post_office_extract_address_limited
ca-geofabrik-post-office-seed,CA Geofabrik post-office seed extract,breadth_first_post_office_seed_extract,post_office,osm:node:7827733257,Colma Station Post Office,,,Colma Station,CA,,37.6902151,-122.4655780,Geofabrik OpenStreetMap GeoPackage extract,2026-08-16T00:08:49Z,open,ODbL; attribution and share-alike required,packet_ready,geofabrik_post_office_extract_address_limited
ca-geofabrik-post-office-seed,CA Geofabrik post-office seed extract,breadth_first_post_office_seed_extract,post_office,osm:way:492260064,Coloma Post Office,,,Coloma,CA,,38.8001720,-120.8904106,Geofabrik OpenStreetMap GeoPackage extract,2026-08-16T00:08:49Z,open,ODbL; attribution and share-alike required,packet_ready,geofabrik_post_office_extract_address_limited
ca-geofabrik-post-office-seed,CA Geofabrik post-office seed extract,breadth_first_post_office_seed_extract,post_office,osm:node:358852264,Colonial Post Office,,,Colonial,CA,,38.5168513,-121.4560652,Geofabrik OpenStreetMap GeoPackage extract,2026-08-16T00:08:49Z,open,ODbL; attribution and share-alike required,packet_ready,geofabrik_post_office_extract_address_limited
ca-geofabrik-post-office-seed,CA Geofabrik post-office seed extract,breadth_first_post_office_seed_extract,post_office,osm:node:3630274641,Colonnade Station Post Office,,,Colonnade Station,CA,,37.3335194,-121.8854440,Geofabrik OpenStreetMap GeoPackage extract,2026-08-16T00:08:49Z,open,ODbL; attribution and share-alike required,packet_ready,geofabrik_post_office_extract_address_limited
ca-geofabrik-post-office-seed,CA Geofabrik post-office seed extract,breadth_first_post_office_seed_extract,post_office,osm:node:358833603,Columbia Post Office,,,Columbia,CA,,38.0329197,-120.4050032,Geofabrik OpenStreetMap GeoPackage extract,2026-08-16T00:08:49Z,open,ODbL; attribution and share-alike required,packet_ready,geofabrik_post_office_extract_address_limited
ca-geofabrik-post-office-seed,CA Geofabrik post-office seed extract,breadth_first_post_office_seed_extract,post_office,osm:way:1323702975,Colusa Post Office,,,Colusa,CA,,39.2133370,-122.0064270,Geofabrik OpenStreetMap GeoPackage extract,2026-08-16T00:08:49Z,open,ODbL; attribution and share-alike required,packet_ready,geofabrik_post_office_extract_address_limited
ca-geofabrik-post-office-seed,CA Geofabrik post-office seed extract,breadth_first_post_office_seed_extract,post_office,osm:way:1356542164,Comptche Post Office,,,Comptche,CA,,39.2646657,-123.5919065,Geofabrik OpenStreetMap GeoPackage extract,2026-08-16T00:08:49Z,open,ODbL; attribution and share-alike required,packet_ready,geofabrik_post_office_extract_address_limited
ca-geofabrik-post-office-seed,CA Geofabrik post-office seed extract,breadth_first_post_office_seed_extract,post_office,osm:way:223174189,Concord Post Office,,,Concord,CA,,37.9759471,-122.0573463,Geofabrik OpenStreetMap GeoPackage extract,2026-08-16T00:08:49Z,open,ODbL; attribution and share-alike required,packet_ready,geofabrik_post_office_extract_address_limited
ca-geofabrik-post-office-seed,CA Geofabrik post-office seed extract,breadth_first_post_office_seed_extract,post_office,osm:node:2383254142,Contract Station,,,Contract Station,CA,,37.7808858,-122.4117290,Geofabrik OpenStreetMap GeoPackage extract,2026-08-16T00:08:49Z,open,ODbL; attribution and share-alike required,packet_ready,geofabrik_post_office_extract_address_limited
ca-geofabrik-post-office-seed,CA Geofabrik post-office seed extract,breadth_first_post_office_seed_extract,post_office,osm:node:2383254141,Contract Station #11,,,Contract Station #11,CA,,37.7773621,-122.4484428,Geofabrik OpenStreetMap GeoPackage extract,2026-08-16T00:08:49Z,open,ODbL; attribution and share-alike required,packet_ready,geofabrik_post_office_extract_address_limited
ca-geofabrik-post-office-seed,CA Geofabrik post-office seed extract,breadth_first_post_office_seed_extract,post_office,osm:node:358827551,Cool Post Office,,,Cool,CA,,38.8890570,-121.0154370,Geofabrik OpenStreetMap GeoPackage extract,2026-08-16T00:08:49Z,open,ODbL; attribution and share-alike required,packet_ready,geofabrik_post_office_extract_address_limited
ca-geofabrik-post-office-seed,CA Geofabrik post-office seed extract,breadth_first_post_office_seed_extract,post_office,osm:node:358833035,Copperopolis Post Office,,,Copperopolis,CA,,37.9799247,-120.6402049,Geofabrik OpenStreetMap GeoPackage extract,2026-08-16T00:08:49Z,open,ODbL; attribution and share-alike required,packet_ready,geofabrik_post_office_extract_address_limited
ca-geofabrik-post-office-seed,CA Geofabrik post-office seed extract,breadth_first_post_office_seed_extract,post_office,osm:node:358833490,Corcoran Post Office,,,Corcoran,CA,,36.1002291,-119.5609572,Geofabrik OpenStreetMap GeoPackage extract,2026-08-16T00:08:49Z,open,ODbL; attribution and share-alike required,packet_ready,geofabrik_post_office_extract_address_limited
ca-geofabrik-post-office-seed,CA Geofabrik post-office seed extract,breadth_first_post_office_seed_extract,post_office,osm:way:744810935,Corning Post Office,,,Corning,CA,,39.9285868,-122.1816413,Geofabrik OpenStreetMap GeoPackage extract,2026-08-16T00:08:49Z,open,ODbL; attribution and share-alike required,packet_ready,geofabrik_post_office_extract_address_limited
ca-geofabrik-post-office-seed,CA Geofabrik post-office seed extract,breadth_first_post_office_seed_extract,post_office,osm:node:358832520,Corte Madera Post Office,,,Corte Madera,CA,,37.9262829,-122.5268122,Geofabrik OpenStreetMap GeoPackage extract,2026-08-16T00:08:49Z,open,ODbL; attribution and share-alike required,packet_ready,geofabrik_post_office_extract_address_limited
ca-geofabrik-post-office-seed,CA Geofabrik post-office seed extract,breadth_first_post_office_seed_extract,post_office,osm:node:358831631,Cotati Post Office,,,Cotati,CA,,38.3274918,-122.6986600,Geofabrik OpenStreetMap GeoPackage extract,2026-08-16T00:08:49Z,open,ODbL; attribution and share-alike required,packet_ready,geofabrik_post_office_extract_address_limited
ca-geofabrik-post-office-seed,CA Geofabrik post-office seed extract,breadth_first_post_office_seed_extract,post_office,osm:way:238196127,Cottonwood Post Office,,,Cottonwood,CA,,40.3823941,-122.2795757,Geofabrik OpenStreetMap GeoPackage extract,2026-08-16T00:08:49Z,open,ODbL; attribution and share-alike required,packet_ready,geofabrik_post_office_extract_address_limited
ca-geofabrik-post-office-seed,CA Geofabrik post-office seed extract,breadth_first_post_office_seed_extract,post_office,osm:node:358852267,Country Club Centre Post Office,,,Country Club Centre,CA,,38.6115715,-121.3813410,Geofabrik OpenStreetMap GeoPackage extract,2026-08-16T00:08:49Z,open,ODbL; attribution and share-alike required,packet_ready,geofabrik_post_office_extract_address_limited
ca-geofabrik-post-office-seed,CA Geofabrik post-office seed extract,breadth_first_post_office_seed_extract,post_office,osm:node:358852270,Courtland Post Office,,,Courtland,CA,,38.3315787,-121.5693993,Geofabrik OpenStreetMap GeoPackage extract,2026-08-16T00:08:49Z,open,ODbL; attribution and share-alike required,packet_ready,geofabrik_post_office_extract_address_limited
ca-geofabrik-post-office-seed,CA Geofabrik post-office seed extract,breadth_first_post_office_seed_extract,post_office,osm:way:654558465,Covelo Post Office,,,Covelo,CA,,39.7940494,-123.2493009,Geofabrik OpenStreetMap GeoPackage extract,2026-08-16T00:08:49Z,open,ODbL; attribution and share-alike required,packet_ready,geofabrik_post_office_extract_address_limited
ca-geofabrik-post-office-seed,CA Geofabrik post-office seed extract,breadth_first_post_office_seed_extract,post_office,osm:way:30060057,Coyote Post Office,,,Coyote,CA,,37.2164371,-121.7387445,Geofabrik OpenStreetMap GeoPackage extract,2026-08-16T00:08:49Z,open,ODbL; attribution and share-alike required,packet_ready,geofabrik_post_office_extract_address_limited
ca-geofabrik-post-office-seed,CA Geofabrik post-office seed extract,breadth_first_post_office_seed_extract,post_office,osm:way:779135612,Crescent City Post Office,,,Crescent City,CA,,41.7511379,-124.1974955,Geofabrik OpenStreetMap GeoPackage extract,2026-08-16T00:08:49Z,open,ODbL; attribution and share-alike required,packet_ready,geofabrik_post_office_extract_address_limited
ca-geofabrik-post-office-seed,CA Geofabrik post-office seed extract,breadth_first_post_office_seed_extract,post_office,osm:node:358820359,Crescent Mills Post Office,,,Crescent Mills,CA,,40.0954468,-120.9121771,Geofabrik OpenStreetMap GeoPackage extract,2026-08-16T00:08:49Z,open,ODbL; attribution and share-alike required,packet_ready,geofabrik_post_office_extract_address_limited
ca-geofabrik-post-office-seed,CA Geofabrik post-office seed extract,breadth_first_post_office_seed_extract,post_office,osm:way:488732997,Crockett Post Office,,,Crockett,CA,,38.0525611,-122.2167232,Geofabrik OpenStreetMap GeoPackage extract,2026-08-16T00:08:49Z,open,ODbL; attribution and share-alike required,packet_ready,geofabrik_post_office_extract_address_limited
ca-geofabrik-post-office-seed,CA Geofabrik post-office seed extract,breadth_first_post_office_seed_extract,post_office,osm:node:357563510,Crystal Bay Post Office,,,Crystal Bay,CA,,39.2260181,-120.0040780,Geofabrik OpenStreetMap GeoPackage extract,2026-08-16T00:08:49Z,open,ODbL; attribution and share-alike required,packet_ready,geofabrik_post_office_extract_address_limited
ca-geofabrik-post-office-seed,CA Geofabrik post-office seed extract,breadth_first_post_office_seed_extract,post_office,osm:way:95614481,Cupertino Post Office,,,Cupertino,CA,,37.3236616,-122.0540474,Geofabrik OpenStreetMap GeoPackage extract,2026-08-16T00:08:49Z,open,ODbL; attribution and share-alike required,packet_ready,geofabrik_post_office_extract_address_limited
ca-geofabrik-post-office-seed,CA Geofabrik post-office seed extract,breadth_first_post_office_seed_extract,post_office,osm:node:358838982,Cutler Post Office,,,Cutler,CA,,36.5235612,-119.2878935,Geofabrik OpenStreetMap GeoPackage extract,2026-08-16T00:08:49Z,open,ODbL; attribution and share-alike required,packet_ready,geofabrik_post_office_extract_address_limited
ca-geofabrik-post-office-seed,CA Geofabrik post-office seed extract,breadth_first_post_office_seed_extract,post_office,osm:way:827110592,Danville Post Office,,,Danville,CA,,37.8083496,-121.9501473,Geofabrik OpenStreetMap GeoPackage extract,2026-08-16T00:08:49Z,open,ODbL; attribution and share-alike required,packet_ready,geofabrik_post_office_extract_address_limited
ca-geofabrik-post-office-seed,CA Geofabrik post-office seed extract,breadth_first_post_office_seed_extract,post_office,osm:node:6429722937,Danville Square Post Office,,,Danville Square,CA,,37.8233748,-122.0042180,Geofabrik OpenStreetMap GeoPackage extract,2026-08-16T00:08:49Z,open,ODbL; attribution and share-alike required,packet_ready,geofabrik_post_office_extract_address_limited
ca-geofabrik-post-office-seed,CA Geofabrik post-office seed extract,breadth_first_post_office_seed_extract,post_office,osm:node:358816117,Darwin Post Office,,,Darwin,CA,,36.2698080,-117.5921941,Geofabrik OpenStreetMap GeoPackage extract,2026-08-16T00:08:49Z,open,ODbL; attribution and share-alike required,packet_ready,geofabrik_post_office_extract_address_limited
ca-geofabrik-post-office-seed,CA Geofabrik post-office seed extract,breadth_first_post_office_seed_extract,post_office,osm:node:9528750040,Death Valley Post Office,,,Death Valley,CA,,36.4573324,-116.8659123,Geofabrik OpenStreetMap GeoPackage extract,2026-08-16T00:08:49Z,open,ODbL; attribution and share-alike required,packet_ready,geofabrik_post_office_extract_address_limited
ca-geofabrik-post-office-seed,CA Geofabrik post-office seed extract,breadth_first_post_office_seed_extract,post_office,osm:node:358851319,Deer Park Post Office,,,Deer Park,CA,,38.5418522,-122.4758134,Geofabrik OpenStreetMap GeoPackage extract,2026-08-16T00:08:49Z,open,ODbL; attribution and share-alike required,packet_ready,geofabrik_post_office_extract_address_limited
ca-geofabrik-post-office-seed,CA Geofabrik post-office seed extract,breadth_first_post_office_seed_extract,post_office,osm:node:358852273,Del Paso Heights Post Office,,,Del Paso Heights,CA,,38.6374040,-121.4302310,Geofabrik OpenStreetMap GeoPackage extract,2026-08-16T00:08:49Z,open,ODbL; attribution and share-alike required,packet_ready,geofabrik_post_office_extract_address_limited
ca-geofabrik-post-office-seed,CA Geofabrik post-office seed extract,breadth_first_post_office_seed_extract,post_office,osm:way:311699409,Delhi Post Office,,,Delhi,CA,,37.4306236,-120.7786549,Geofabrik OpenStreetMap GeoPackage extract,2026-08-16T00:08:49Z,open,ODbL; attribution and share-alike required,packet_ready,geofabrik_post_office_extract_address_limited
ca-geofabrik-post-office-seed,CA Geofabrik post-office seed extract,breadth_first_post_office_seed_extract,post_office,osm:way:585249260,Denair Post Office,,,Denair,CA,,37.5276611,-120.7950590,Geofabrik OpenStreetMap GeoPackage extract,2026-08-16T00:08:49Z,open,ODbL; attribution and share-alike required,packet_ready,geofabrik_post_office_extract_address_limited
ca-geofabrik-post-office-seed,CA Geofabrik post-office seed extract,breadth_first_post_office_seed_extract,post_office,osm:way:1021050352,Diablo Post Office,,,Diablo,CA,,37.8359370,-121.9573050,Geofabrik OpenStreetMap GeoPackage extract,2026-08-16T00:08:49Z,open,ODbL; attribution and share-alike required,packet_ready,geofabrik_post_office_extract_address_limited
ca-geofabrik-post-office-seed,CA Geofabrik post-office seed extract,breadth_first_post_office_seed_extract,post_office,osm:node:3523031626,Diamond Heights Post Office,,,Diamond Heights,CA,,37.7434901,-122.4398090,Geofabrik OpenStreetMap GeoPackage extract,2026-08-16T00:08:49Z,open,ODbL; attribution and share-alike required,packet_ready,geofabrik_post_office_extract_address_limited
ca-geofabrik-post-office-seed,CA Geofabrik post-office seed extract,breadth_first_post_office_seed_extract,post_office,osm:node:2383254143,Diamond Heights Carrier Annex,,,Diamond Heights Carrier Annex,CA,,37.7446387,-122.3861520,Geofabrik OpenStreetMap GeoPackage extract,2026-08-16T00:08:49Z,open,ODbL; attribution and share-alike required,packet_ready,geofabrik_post_office_extract_address_limited
ca-geofabrik-post-office-seed,CA Geofabrik post-office seed extract,breadth_first_post_office_seed_extract,post_office,osm:node:5938114979,Diamond Market UPS,,,Diamond Market UPS,CA,,37.7973566,-122.2052160,Geofabrik OpenStreetMap GeoPackage extract,2026-08-16T00:08:49Z,open,ODbL; attribution and share-alike required,packet_ready,geofabrik_post_office_extract_address_limited
ca-geofabrik-post-office-seed,CA Geofabrik post-office seed extract,breadth_first_post_office_seed_extract,post_office,osm:way:497482827,Diamond Springs Post Office,,,Diamond Springs,CA,,38.6943797,-120.8139119,Geofabrik OpenStreetMap GeoPackage extract,2026-08-16T00:08:49Z,open,ODbL; attribution and share-alike required,packet_ready,geofabrik_post_office_extract_address_limited
ca-geofabrik-post-office-seed,CA Geofabrik post-office seed extract,breadth_first_post_office_seed_extract,post_office,osm:way:485598963,Dillon Beach Post Office,,,Dillon Beach,CA,,38.2499776,-122.9644694,Geofabrik OpenStreetMap GeoPackage extract,2026-08-16T00:08:49Z,open,ODbL; attribution and share-alike required,packet_ready,geofabrik_post_office_extract_address_limited
ca-geofabrik-post-office-seed,CA Geofabrik post-office seed extract,breadth_first_post_office_seed_extract,post_office,osm:node:358817966,Dimond Post Office,,,Dimond,CA,,37.8002662,-122.2154320,Geofabrik OpenStreetMap GeoPackage extract,2026-08-16T00:08:49Z,open,ODbL; attribution and share-alike required,packet_ready,geofabrik_post_office_extract_address_limited
ca-geofabrik-post-office-seed,CA Geofabrik post-office seed extract,breadth_first_post_office_seed_extract,post_office,osm:node:358838987,Dinuba Post Office,,,Dinuba,CA,,36.5405061,-119.3876211,Geofabrik OpenStreetMap GeoPackage extract,2026-08-16T00:08:49Z,open,ODbL; attribution and share-alike required,packet_ready,geofabrik_post_office_extract_address_limited
ca-geofabrik-post-office-seed,CA Geofabrik post-office seed extract,breadth_first_post_office_seed_extract,post_office,osm:node:358831903,Dixon Post Office,,,Dixon,CA,,38.4454641,-121.8246847,Geofabrik OpenStreetMap GeoPackage extract,2026-08-16T00:08:49Z,open,ODbL; attribution and share-alike required,packet_ready,geofabrik_post_office_extract_address_limited
ca-geofabrik-post-office-seed,CA Geofabrik post-office seed extract,breadth_first_post_office_seed_extract,post_office,osm:node:358823159,Dobbins Post Office,,,Dobbins,CA,,39.3715577,-121.2069028,Geofabrik OpenStreetMap GeoPackage extract,2026-08-16T00:08:49Z,open,ODbL; attribution and share-alike required,packet_ready,geofabrik_post_office_extract_address_limited
ca-geofabrik-post-office-seed,CA Geofabrik post-office seed extract,breadth_first_post_office_seed_extract,post_office,osm:node:358821346,Dorris Post Office,,,Dorris,CA,,41.9643141,-121.9197268,Geofabrik OpenStreetMap GeoPackage extract,2026-08-16T00:08:49Z,open,ODbL; attribution and share-alike required,packet_ready,geofabrik_post_office_extract_address_limited
ca-geofabrik-post-office-seed,CA Geofabrik post-office seed extract,breadth_first_post_office_seed_extract,post_office,osm:node:358835094,Dos Palos Post Office,,,Dos Palos,CA,,36.9863360,-120.6274055,Geofabrik OpenStreetMap GeoPackage extract,2026-08-16T00:08:49Z,open,ODbL; attribution and share-alike required,packet_ready,geofabrik_post_office_extract_address_limited
ca-geofabrik-post-office-seed,CA Geofabrik post-office seed extract,breadth_first_post_office_seed_extract,post_office,osm:node:358819047,Douglas City Post Office,,,Douglas City,CA,,40.6515342,-122.9436363,Geofabrik OpenStreetMap GeoPackage extract,2026-08-16T00:08:49Z,open,ODbL; attribution and share-alike required,packet_ready,geofabrik_post_office_extract_address_limited
ca-geofabrik-post-office-seed,CA Geofabrik post-office seed extract,breadth_first_post_office_seed_extract,post_office,osm:node:358827006,Downieville Post Office,,,Downieville,CA,,39.5603899,-120.8280890,Geofabrik OpenStreetMap GeoPackage extract,2026-08-16T00:08:49Z,open,ODbL; attribution and share-alike required,packet_ready,geofabrik_post_office_extract_address_limited
ca-geofabrik-post-office-seed,CA Geofabrik post-office seed extract,breadth_first_post_office_seed_extract,post_office,osm:way:865758199,Downtown Eureka Post Office,,,Downtown Eureka,CA,,40.8019016,-124.1641518,Geofabrik OpenStreetMap GeoPackage extract,2026-08-16T00:08:49Z,open,ODbL; attribution and share-alike required,packet_ready,geofabrik_post_office_extract_address_limited
ca-geofabrik-post-office-seed,CA Geofabrik post-office seed extract,breadth_first_post_office_seed_extract,post_office,osm:way:468689686,Downtown Redding Post Office,,,Downtown Redding,CA,,40.5821212,-122.3934198,Geofabrik OpenStreetMap GeoPackage extract,2026-08-16T00:08:49Z,open,ODbL; attribution and share-alike required,packet_ready,geofabrik_post_office_extract_address_limited
ca-geofabrik-post-office-seed,CA Geofabrik post-office seed extract,breadth_first_post_office_seed_extract,post_office,osm:way:240211431,Downtown Station Redwood City Post Office,,,Downtown Station Redwood City,CA,,37.4855009,-122.2277804,Geofabrik OpenStreetMap GeoPackage extract,2026-08-16T00:08:49Z,open,ODbL; attribution and share-alike required,packet_ready,geofabrik_post_office_extract_address_limited
ca-geofabrik-post-office-seed,CA Geofabrik post-office seed extract,breadth_first_post_office_seed_extract,post_office,osm:node:13928824301,Ducor Post Office,,,Ducor,CA,,35.8919530,-119.0507200,Geofabrik OpenStreetMap GeoPackage extract,2026-08-16T00:08:49Z,open,ODbL; attribution and share-alike required,packet_ready,geofabrik_post_office_extract_address_limited
ca-geofabrik-post-office-seed,CA Geofabrik post-office seed extract,breadth_first_post_office_seed_extract,post_office,osm:node:358831367,Duncans Mills Post Office,,,Duncans Mills,CA,,38.4529418,-123.0528662,Geofabrik OpenStreetMap GeoPackage extract,2026-08-16T00:08:49Z,open,ODbL; attribution and share-alike required,packet_ready,geofabrik_post_office_extract_address_limited
ca-geofabrik-post-office-seed,CA Geofabrik post-office seed extract,breadth_first_post_office_seed_extract,post_office,osm:node:358822722,Dunningan Post Office,,,Dunningan,CA,,38.8851773,-121.9710798,Geofabrik OpenStreetMap GeoPackage extract,2026-08-16T00:08:49Z,open,ODbL; attribution and share-alike required,packet_ready,geofabrik_post_office_extract_address_limited
ca-geofabrik-post-office-seed,CA Geofabrik post-office seed extract,breadth_first_post_office_seed_extract,post_office,osm:way:549675977,Dunsmuir Post Office,,,Dunsmuir,CA,,41.2134153,-122.2714121,Geofabrik OpenStreetMap GeoPackage extract,2026-08-16T00:08:49Z,open,ODbL; attribution and share-alike required,packet_ready,geofabrik_post_office_extract_address_limited
ca-geofabrik-post-office-seed,CA Geofabrik post-office seed extract,breadth_first_post_office_seed_extract,post_office,osm:node:13912788902,Durham Post Office,,,Durham,CA,,39.6461545,-121.8013545,Geofabrik OpenStreetMap GeoPackage extract,2026-08-16T00:08:49Z,open,ODbL; attribution and share-alike required,packet_ready,geofabrik_post_office_extract_address_limited
ca-geofabrik-post-office-seed,CA Geofabrik post-office seed extract,breadth_first_post_office_seed_extract,post_office,osm:node:8759077372,E-Z Mail,,,E Z Mail,CA,,37.3127744,-121.7916920,Geofabrik OpenStreetMap GeoPackage extract,2026-08-16T00:08:49Z,open,ODbL; attribution and share-alike required,packet_ready,geofabrik_post_office_extract_address_limited
ca-geofabrik-post-office-seed,CA Geofabrik post-office seed extract,breadth_first_post_office_seed_extract,post_office,osm:node:13928869201,Earlimart Post Office,,,Earlimart,CA,,35.8865790,-119.2677600,Geofabrik OpenStreetMap GeoPackage extract,2026-08-16T00:08:49Z,open,ODbL; attribution and share-alike required,packet_ready,geofabrik_post_office_extract_address_limited
ca-geofabrik-post-office-seed,CA Geofabrik post-office seed extract,breadth_first_post_office_seed_extract,post_office,osm:node:358839916,Earlimart Post Office,,,Earlimart,CA,,35.8846761,-119.2737218,Geofabrik OpenStreetMap GeoPackage extract,2026-08-16T00:08:49Z,open,ODbL; attribution and share-alike required,packet_ready,geofabrik_post_office_extract_address_limited
ca-geofabrik-post-office-seed,CA Geofabrik post-office seed extract,breadth_first_post_office_seed_extract,post_office,osm:node:358823004,East Nicolaus Post Office,,,East Nicolaus,CA,,38.9115635,-121.5441265,Geofabrik OpenStreetMap GeoPackage extract,2026-08-16T00:08:49Z,open,ODbL; attribution and share-alike required,packet_ready,geofabrik_post_office_extract_address_limited
ca-geofabrik-post-office-seed,CA Geofabrik post-office seed extract,breadth_first_post_office_seed_extract,post_office,osm:node:358817977,Eastmont Post Office,,,Eastmont,CA,,37.7632661,-122.1660160,Geofabrik OpenStreetMap GeoPackage extract,2026-08-16T00:08:49Z,open,ODbL; attribution and share-alike required,packet_ready,geofabrik_post_office_extract_address_limited
ca-geofabrik-post-office-seed,CA Geofabrik post-office seed extract,breadth_first_post_office_seed_extract,post_office,osm:node:358833987,Easton Post Office,,,Easton,CA,,36.6513382,-119.7906977,Geofabrik OpenStreetMap GeoPackage extract,2026-08-16T00:08:49Z,open,ODbL; attribution and share-alike required,packet_ready,geofabrik_post_office_extract_address_limited
ca-geofabrik-post-office-seed,CA Geofabrik post-office seed extract,breadth_first_post_office_seed_extract,post_office,osm:node:358805901,Edgewood Post Office,,,Edgewood,CA,,41.4601485,-122.4327958,Geofabrik OpenStreetMap GeoPackage extract,2026-08-16T00:08:49Z,open,ODbL; attribution and share-alike required,packet_ready,geofabrik_post_office_extract_address_limited
ca-geofabrik-post-office-seed,CA Geofabrik post-office seed extract,breadth_first_post_office_seed_extract,post_office,osm:way:484701309,El Cerrito Post Office,,,El Cerrito,CA,,37.9183694,-122.3138997,Geofabrik OpenStreetMap GeoPackage extract,2026-08-16T00:08:49Z,open,ODbL; attribution and share-alike required,packet_ready,geofabrik_post_office_extract_address_limited
ca-geofabrik-post-office-seed,CA Geofabrik post-office seed extract,breadth_first_post_office_seed_extract,post_office,osm:way:921916450,El Dorado Post Office,,,El Dorado,CA,,38.6823564,-120.8494420,Geofabrik OpenStreetMap GeoPackage extract,2026-08-16T00:08:49Z,open,ODbL; attribution and share-alike required,packet_ready,geofabrik_post_office_extract_address_limited
ca-geofabrik-post-office-seed,CA Geofabrik post-office seed extract,breadth_first_post_office_seed_extract,post_office,osm:node:358827627,El Dorado Hills Post Office,,,El Dorado Hills,CA,,38.6484626,-121.0663428,Geofabrik OpenStreetMap GeoPackage extract,2026-08-16T00:08:49Z,open,ODbL; attribution and share-alike required,packet_ready,geofabrik_post_office_extract_address_limited
ca-geofabrik-post-office-seed,CA Geofabrik post-office seed extract,breadth_first_post_office_seed_extract,post_office,osm:node:358833536,El Portal Post Office,,,El Portal,CA,,37.6740960,-119.7851720,Geofabrik OpenStreetMap GeoPackage extract,2026-08-16T00:08:49Z,open,ODbL; attribution and share-alike required,packet_ready,geofabrik_post_office_extract_address_limited
ca-geofabrik-post-office-seed,CA Geofabrik post-office seed extract,breadth_first_post_office_seed_extract,post_office,osm:way:30137491,El Sobrante Post Office,,,El Sobrante,CA,,37.9796764,-122.2974867,Geofabrik OpenStreetMap GeoPackage extract,2026-08-16T00:08:49Z,open,ODbL; attribution and share-alike required,packet_ready,geofabrik_post_office_extract_address_limited
ca-geofabrik-post-office-seed,CA Geofabrik post-office seed extract,breadth_first_post_office_seed_extract,post_office,osm:node:358831720,El Verano Post Office,,,El Verano,CA,,38.3001197,-122.4873294,Geofabrik OpenStreetMap GeoPackage extract,2026-08-16T00:08:49Z,open,ODbL; attribution and share-alike required,packet_ready,geofabrik_post_office_extract_address_limited
ca-geofabrik-post-office-seed,CA Geofabrik post-office seed extract,breadth_first_post_office_seed_extract,post_office,osm:way:1426769713,United States Post Office Elk,,,Elk,CA,,39.1306034,-123.7170379,Geofabrik OpenStreetMap GeoPackage extract,2026-08-16T00:08:49Z,open,ODbL; attribution and share-alike required,packet_ready,geofabrik_post_office_extract_address_limited
ca-geofabrik-post-office-seed,CA Geofabrik post-office seed extract,breadth_first_post_office_seed_extract,post_office,osm:node:358821956,Elk Creek Post Office,,,Elk Creek,CA,,39.6054967,-122.5401363,Geofabrik OpenStreetMap GeoPackage extract,2026-08-16T00:08:49Z,open,ODbL; attribution and share-alike required,packet_ready,geofabrik_post_office_extract_address_limited
ca-geofabrik-post-office-seed,CA Geofabrik post-office seed extract,breadth_first_post_office_seed_extract,post_office,osm:way:972078594,Elk Creek Post Office,,,Elk Creek,CA,,39.6055128,-122.5401413,Geofabrik OpenStreetMap GeoPackage extract,2026-08-16T00:08:49Z,open,ODbL; attribution and share-alike required,packet_ready,geofabrik_post_office_extract_address_limited
ca-geofabrik-post-office-seed,CA Geofabrik post-office seed extract,breadth_first_post_office_seed_extract,post_office,osm:way:95474706,Elk Grove Post Office,,,Elk Grove,CA,,38.4108417,-121.3767557,Geofabrik OpenStreetMap GeoPackage extract,2026-08-16T00:08:49Z,open,ODbL; attribution and share-alike required,packet_ready,geofabrik_post_office_extract_address_limited
ca-geofabrik-post-office-seed,CA Geofabrik post-office seed extract,breadth_first_post_office_seed_extract,post_office,osm:way:318155823,Elmwood Station Berkeley Post Office,,,Elmwood Station Berkeley,CA,,37.8560051,-122.2525839,Geofabrik OpenStreetMap GeoPackage extract,2026-08-16T00:08:49Z,open,ODbL; attribution and share-alike required,packet_ready,geofabrik_post_office_extract_address_limited
ca-geofabrik-post-office-seed,CA Geofabrik post-office seed extract,breadth_first_post_office_seed_extract,post_office,osm:node:13928938902,Elverta Post Office,,,Elverta,CA,,38.7149545,-121.4662273,Geofabrik OpenStreetMap GeoPackage extract,2026-08-16T00:08:49Z,open,ODbL; attribution and share-alike required,packet_ready,geofabrik_post_office_extract_address_limited
ca-geofabrik-post-office-seed,CA Geofabrik post-office seed extract,breadth_first_post_office_seed_extract,post_office,osm:node:358835687,Elverta Post Office,,,Elverta,CA,,38.7149021,-121.4655103,Geofabrik OpenStreetMap GeoPackage extract,2026-08-16T00:08:49Z,open,ODbL; attribution and share-alike required,packet_ready,geofabrik_post_office_extract_address_limited
ca-geofabrik-post-office-seed,CA Geofabrik post-office seed extract,breadth_first_post_office_seed_extract,post_office,osm:way:112759882,Emeryville Post Office,,,Emeryville,CA,,37.8420937,-122.2922427,Geofabrik OpenStreetMap GeoPackage extract,2026-08-16T00:08:49Z,open,ODbL; attribution and share-alike required,packet_ready,geofabrik_post_office_extract_address_limited
ca-geofabrik-post-office-seed,CA Geofabrik post-office seed extract,breadth_first_post_office_seed_extract,post_office,osm:way:1309206959,Empire Post Office,,,Empire,CA,,37.6379911,-120.9009668,Geofabrik OpenStreetMap GeoPackage extract,2026-08-16T00:08:49Z,open,ODbL; attribution and share-alike required,packet_ready,geofabrik_post_office_extract_address_limited
ca-geofabrik-post-office-seed,CA Geofabrik post-office seed extract,breadth_first_post_office_seed_extract,post_office,osm:way:40443023,Encinal Station Sunnyvale Post Office,,,Encinal Station Sunnyvale,CA,,37.3516647,-122.0338367,Geofabrik OpenStreetMap GeoPackage extract,2026-08-16T00:08:49Z,open,ODbL; attribution and share-alike required,packet_ready,geofabrik_post_office_extract_address_limited
ca-geofabrik-post-office-seed,CA Geofabrik post-office seed extract,breadth_first_post_office_seed_extract,post_office,osm:node:13912680602,Escalon Post Office,,,Escalon,CA,,37.7944190,-120.9907400,Geofabrik OpenStreetMap GeoPackage extract,2026-08-16T00:08:49Z,open,ODbL; attribution and share-alike required,packet_ready,geofabrik_post_office_extract_address_limited
ca-geofabrik-post-office-seed,CA Geofabrik post-office seed extract,breadth_first_post_office_seed_extract,post_office,osm:node:358822731,Esparto Post Office,,,Esparto,CA,,38.6947135,-122.0164469,Geofabrik OpenStreetMap GeoPackage extract,2026-08-16T00:08:49Z,open,ODbL; attribution and share-alike required,packet_ready,geofabrik_post_office_extract_address_limited
ca-geofabrik-post-office-seed,CA Geofabrik post-office seed extract,breadth_first_post_office_seed_extract,post_office,osm:way:227068072,Estes West,,,Estes West,CA,,37.3153427,-121.8657073,Geofabrik OpenStreetMap GeoPackage extract,2026-08-16T00:08:49Z,open,ODbL; attribution and share-alike required,packet_ready,geofabrik_post_office_extract_address_limited
ca-geofabrik-post-office-seed,CA Geofabrik post-office seed extract,breadth_first_post_office_seed_extract,post_office,osm:way:1409923906,Etna Post Office,,,Etna,CA,,41.4563513,-122.8948668,Geofabrik OpenStreetMap GeoPackage extract,2026-08-16T00:08:49Z,open,ODbL; attribution and share-alike required,packet_ready,geofabrik_post_office_extract_address_limited
ca-geofabrik-post-office-seed,CA Geofabrik post-office seed extract,breadth_first_post_office_seed_extract,post_office,osm:way:374892526,Eureka Post Office,,,Eureka,CA,,40.7961982,-124.1745341,Geofabrik OpenStreetMap GeoPackage extract,2026-08-16T00:08:49Z,open,ODbL; attribution and share-alike required,packet_ready,geofabrik_post_office_extract_address_limited
ca-geofabrik-post-office-seed,CA Geofabrik post-office seed extract,breadth_first_post_office_seed_extract,post_office,osm:node:358855342,Excelsior Station,,,Excelsior Station,CA,,37.7212182,-122.4380828,Geofabrik OpenStreetMap GeoPackage extract,2026-08-16T00:08:49Z,open,ODbL; attribution and share-alike required,packet_ready,geofabrik_post_office_extract_address_limited
ca-geofabrik-post-office-seed,CA Geofabrik post-office seed extract,breadth_first_post_office_seed_extract,post_office,osm:node:13928817901,Exeter Post Office,,,Exeter,CA,,36.2963147,-119.1390819,Geofabrik OpenStreetMap GeoPackage extract,2026-08-16T00:08:49Z,open,ODbL; attribution and share-alike required,packet_ready,geofabrik_post_office_extract_address_limited
ca-geofabrik-post-office-seed,CA Geofabrik post-office seed extract,breadth_first_post_office_seed_extract,post_office,osm:node:358839689,Exeter Post Office,,,Exeter,CA,,36.2968766,-119.1413120,Geofabrik OpenStreetMap GeoPackage extract,2026-08-16T00:08:49Z,open,ODbL; attribution and share-alike required,packet_ready,geofabrik_post_office_extract_address_limited
ca-geofabrik-post-office-seed,CA Geofabrik post-office seed extract,breadth_first_post_office_seed_extract,post_office,osm:way:857688140,Fair Oaks Post Office,,,Fair Oaks,CA,,38.6440764,-121.2747833,Geofabrik OpenStreetMap GeoPackage extract,2026-08-16T00:08:49Z,open,ODbL; attribution and share-alike required,packet_ready,geofabrik_post_office_extract_address_limited
ca-geofabrik-post-office-seed,CA Geofabrik post-office seed extract,breadth_first_post_office_seed_extract,post_office,osm:way:966031979,Fairfax Post Office,,,Fairfax,CA,,37.9861954,-122.5851548,Geofabrik OpenStreetMap GeoPackage extract,2026-08-16T00:08:49Z,open,ODbL; attribution and share-alike required,packet_ready,geofabrik_post_office_extract_address_limited
ca-geofabrik-post-office-seed,CA Geofabrik post-office seed extract,breadth_first_post_office_seed_extract,post_office,osm:way:780018420,Fairfield Post Office,,,Fairfield,CA,,38.2521742,-122.0408980,Geofabrik OpenStreetMap GeoPackage extract,2026-08-16T00:08:49Z,open,ODbL; attribution and share-alike required,packet_ready,geofabrik_post_office_extract_address_limited
ca-geofabrik-post-office-seed,CA Geofabrik post-office seed extract,breadth_first_post_office_seed_extract,post_office,osm:node:358820643,Fairmount Post Office,,,Fairmount,CA,,37.9007491,-122.3015640,Geofabrik OpenStreetMap GeoPackage extract,2026-08-16T00:08:49Z,open,ODbL; attribution and share-alike required,packet_ready,geofabrik_post_office_extract_address_limited
ca-geofabrik-post-office-seed,CA Geofabrik post-office seed extract,breadth_first_post_office_seed_extract,post_office,osm:node:358818707,Fall River Mills Post Office,,,Fall River Mills,CA,,41.0058923,-121.4372105,Geofabrik OpenStreetMap GeoPackage extract,2026-08-16T00:08:49Z,open,ODbL; attribution and share-alike required,packet_ready,geofabrik_post_office_extract_address_limited
ca-geofabrik-post-office-seed,CA Geofabrik post-office seed extract,breadth_first_post_office_seed_extract,post_office,osm:way:1011340382,Farmersville Post Office,,,Farmersville,CA,,36.3003621,-119.2068712,Geofabrik OpenStreetMap GeoPackage extract,2026-08-16T00:08:49Z,open,ODbL; attribution and share-alike required,packet_ready,geofabrik_post_office_extract_address_limited
ca-geofabrik-post-office-seed,CA Geofabrik post-office seed extract,breadth_first_post_office_seed_extract,post_office,osm:way:1427624939,Farmington Post Office,,,Farmington,CA,,37.9296363,-121.0024591,Geofabrik OpenStreetMap GeoPackage extract,2026-08-16T00:08:49Z,open,ODbL; attribution and share-alike required,packet_ready,geofabrik_post_office_extract_address_limited
ca-geofabrik-post-office-seed,CA Geofabrik post-office seed extract,breadth_first_post_office_seed_extract,post_office,osm:node:993180206,Fed Ex Center,,,Fed Ex Center,CA,,37.0132558,-121.5800742,Geofabrik OpenStreetMap GeoPackage extract,2026-08-16T00:08:49Z,open,ODbL; attribution and share-alike required,packet_ready,geofabrik_post_office_extract_address_limited
ca-geofabrik-post-office-seed,CA Geofabrik post-office seed extract,breadth_first_post_office_seed_extract,post_office,osm:node:2383254145,Federal Building San Francisco,,,Federal Building San Francisco,CA,,37.7814398,-122.4180050,Geofabrik OpenStreetMap GeoPackage extract,2026-08-16T00:08:49Z,open,ODbL; attribution and share-alike required,packet_ready,geofabrik_post_office_extract_address_limited
ca-geofabrik-post-office-seed,CA Geofabrik post-office seed extract,breadth_first_post_office_seed_extract,post_office,osm:node:358849130,Felton Post Office,,,Felton,CA,,37.0496408,-122.0745583,Geofabrik OpenStreetMap GeoPackage extract,2026-08-16T00:08:49Z,open,ODbL; attribution and share-alike required,packet_ready,geofabrik_post_office_extract_address_limited
ca-geofabrik-post-office-seed,CA Geofabrik post-office seed extract,breadth_first_post_office_seed_extract,post_office,osm:way:691941465,Ferndale Post Office,,,Ferndale,CA,,40.5773284,-124.2624814,Geofabrik OpenStreetMap GeoPackage extract,2026-08-16T00:08:49Z,open,ODbL; attribution and share-alike required,packet_ready,geofabrik_post_office_extract_address_limited
ca-geofabrik-post-office-seed,CA Geofabrik post-office seed extract,breadth_first_post_office_seed_extract,post_office,osm:node:2210086672,Fiddletown Post Office,,,Fiddletown,CA,,38.5056912,-120.7601660,Geofabrik OpenStreetMap GeoPackage extract,2026-08-16T00:08:49Z,open,ODbL; attribution and share-alike required,packet_ready,geofabrik_post_office_extract_address_limited
ca-geofabrik-post-office-seed,CA Geofabrik post-office seed extract,breadth_first_post_office_seed_extract,post_office,osm:node:13912924001,Fields Landing Post Office,,,Fields Landing,CA,,40.7245930,-124.2158000,Geofabrik OpenStreetMap GeoPackage extract,2026-08-16T00:08:49Z,open,ODbL; attribution and share-alike required,packet_ready,geofabrik_post_office_extract_address_limited
ca-geofabrik-post-office-seed,CA Geofabrik post-office seed extract,breadth_first_post_office_seed_extract,post_office,osm:way:1282675677,Firebaugh Post Office,,,Firebaugh,CA,,36.8591852,-120.4554031,Geofabrik OpenStreetMap GeoPackage extract,2026-08-16T00:08:49Z,open,ODbL; attribution and share-alike required,packet_ready,geofabrik_post_office_extract_address_limited
ca-geofabrik-post-office-seed,CA Geofabrik post-office seed extract,breadth_first_post_office_seed_extract,post_office,osm:node:358816394,Fish Camp Post Office,,,Fish Camp,CA,,37.4793042,-119.6385496,Geofabrik OpenStreetMap GeoPackage extract,2026-08-16T00:08:49Z,open,ODbL; attribution and share-alike required,packet_ready,geofabrik_post_office_extract_address_limited
ca-geofabrik-post-office-seed,CA Geofabrik post-office seed extract,breadth_first_post_office_seed_extract,post_office,osm:node:358852300,Florin Post Office,,,Florin,CA,,38.4943522,-121.3735629,Geofabrik OpenStreetMap GeoPackage extract,2026-08-16T00:08:49Z,open,ODbL; attribution and share-alike required,packet_ready,geofabrik_post_office_extract_address_limited
ca-geofabrik-post-office-seed,CA Geofabrik post-office seed extract,breadth_first_post_office_seed_extract,post_office,osm:node:358815715,Folsom Post Office,,,Folsom,CA,,38.6715518,-121.1660347,Geofabrik OpenStreetMap GeoPackage extract,2026-08-16T00:08:49Z,open,ODbL; attribution and share-alike required,packet_ready,geofabrik_post_office_extract_address_limited
ca-geofabrik-post-office-seed,CA Geofabrik post-office seed extract,breadth_first_post_office_seed_extract,post_office,osm:node:358852304,Foothill Farms Post Office,,,Foothill Farms,CA,,38.6646257,-121.3438404,Geofabrik OpenStreetMap GeoPackage extract,2026-08-16T00:08:49Z,open,ODbL; attribution and share-alike required,packet_ready,geofabrik_post_office_extract_address_limited
ca-geofabrik-post-office-seed,CA Geofabrik post-office seed extract,breadth_first_post_office_seed_extract,post_office,osm:way:968238051,Forest Knolls Post Office,,,Forest Knolls,CA,,38.0151479,-122.6896816,Geofabrik OpenStreetMap GeoPackage extract,2026-08-16T00:08:49Z,open,ODbL; attribution and share-alike required,packet_ready,geofabrik_post_office_extract_address_limited
ca-geofabrik-post-office-seed,CA Geofabrik post-office seed extract,breadth_first_post_office_seed_extract,post_office,osm:node:358823626,Foresthill Post Office,,,Foresthill,CA,,39.0195865,-120.8263726,Geofabrik OpenStreetMap GeoPackage extract,2026-08-16T00:08:49Z,open,ODbL; attribution and share-alike required,packet_ready,geofabrik_post_office_extract_address_limited
ca-geofabrik-post-office-seed,CA Geofabrik post-office seed extract,breadth_first_post_office_seed_extract,post_office,osm:node:358831413,Forestville Post Office,,,Forestville,CA,,38.4740249,-122.8962027,Geofabrik OpenStreetMap GeoPackage extract,2026-08-16T00:08:49Z,open,ODbL; attribution and share-alike required,packet_ready,geofabrik_post_office_extract_address_limited
ca-geofabrik-post-office-seed,CA Geofabrik post-office seed extract,breadth_first_post_office_seed_extract,post_office,osm:node:358815438,Fort Bidwell Post Office,,,Fort Bidwell,CA,,41.8560019,-120.1518942,Geofabrik OpenStreetMap GeoPackage extract,2026-08-16T00:08:49Z,open,ODbL; attribution and share-alike required,packet_ready,geofabrik_post_office_extract_address_limited
ca-geofabrik-post-office-seed,CA Geofabrik post-office seed extract,breadth_first_post_office_seed_extract,post_office,osm:way:31444676,Fort Bragg Post Office,,,Fort Bragg,CA,,39.4432165,-123.8048655,Geofabrik OpenStreetMap GeoPackage extract,2026-08-16T00:08:49Z,open,ODbL; attribution and share-alike required,packet_ready,geofabrik_post_office_extract_address_limited
ca-geofabrik-post-office-seed,CA Geofabrik post-office seed extract,breadth_first_post_office_seed_extract,post_office,osm:node:358852307,Fort Sutter Post Office,,,Fort Sutter,CA,,38.5657390,-121.4691212,Geofabrik OpenStreetMap GeoPackage extract,2026-08-16T00:08:49Z,open,ODbL; attribution and share-alike required,packet_ready,geofabrik_post_office_extract_address_limited
ca-geofabrik-post-office-seed,CA Geofabrik post-office seed extract,breadth_first_post_office_seed_extract,post_office,osm:way:899377722,Fortuna Post Office,,,Fortuna,CA,,40.5976542,-124.1530721,Geofabrik OpenStreetMap GeoPackage extract,2026-08-16T00:08:49Z,open,ODbL; attribution and share-alike required,packet_ready,geofabrik_post_office_extract_address_limited
ca-geofabrik-post-office-seed,CA Geofabrik post-office seed extract,breadth_first_post_office_seed_extract,post_office,osm:node:11512881769,Foster City,,,Foster City,CA,,37.5597215,-122.2684762,Geofabrik OpenStreetMap GeoPackage extract,2026-08-16T00:08:49Z,open,ODbL; attribution and share-alike required,packet_ready,geofabrik_post_office_extract_address_limited
ca-geofabrik-post-office-seed,CA Geofabrik post-office seed extract,breadth_first_post_office_seed_extract,post_office,osm:way:744192671,Fowler Post Office,,,Fowler,CA,,36.6291619,-119.6799185,Geofabrik OpenStreetMap GeoPackage extract,2026-08-16T00:08:49Z,open,ODbL; attribution and share-alike required,packet_ready,geofabrik_post_office_extract_address_limited
ca-geofabrik-post-office-seed,CA Geofabrik post-office seed extract,breadth_first_post_office_seed_extract,post_office,osm:node:6427415718,USPS Fox Plaza,,,Fox Plaza,CA,,37.7775104,-122.4170055,Geofabrik OpenStreetMap GeoPackage extract,2026-08-16T00:08:49Z,open,ODbL; attribution and share-alike required,packet_ready,geofabrik_post_office_extract_address_limited
ca-geofabrik-post-office-seed,CA Geofabrik post-office seed extract,breadth_first_post_office_seed_extract,post_office,osm:node:13928716901,Franklin Post Office,,,Franklin,CA,,38.2967525,-122.2888104,Geofabrik OpenStreetMap GeoPackage extract,2026-08-16T00:08:49Z,open,ODbL; attribution and share-alike required,packet_ready,geofabrik_post_office_extract_address_limited
ca-geofabrik-post-office-seed,CA Geofabrik post-office seed extract,breadth_first_post_office_seed_extract,post_office,osm:node:358849342,Freedom Post Office,,,Freedom,CA,,36.9390622,-121.7770925,Geofabrik OpenStreetMap GeoPackage extract,2026-08-16T00:08:49Z,open,ODbL; attribution and share-alike required,packet_ready,geofabrik_post_office_extract_address_limited
ca-geofabrik-post-office-seed,CA Geofabrik post-office seed extract,breadth_first_post_office_seed_extract,post_office,osm:node:358837622,French Camp Post Office,,,French Camp,CA,,37.8843699,-121.2704990,Geofabrik OpenStreetMap GeoPackage extract,2026-08-16T00:08:49Z,open,ODbL; attribution and share-alike required,packet_ready,geofabrik_post_office_extract_address_limited
ca-geofabrik-post-office-seed,CA Geofabrik post-office seed extract,breadth_first_post_office_seed_extract,post_office,osm:way:218665989,Friant Post Office,,,Friant,CA,,36.9858510,-119.7146830,Geofabrik OpenStreetMap GeoPackage extract,2026-08-16T00:08:49Z,open,ODbL; attribution and share-alike required,packet_ready,geofabrik_post_office_extract_address_limited
ca-geofabrik-post-office-seed,CA Geofabrik post-office seed extract,breadth_first_post_office_seed_extract,post_office,osm:node:4220797229,Fruitvale Shipping Center,,,Fruitvale Shipping Center,CA,,37.7785674,-122.2255184,Geofabrik OpenStreetMap GeoPackage extract,2026-08-16T00:08:49Z,open,ODbL; attribution and share-alike required,packet_ready,geofabrik_post_office_extract_address_limited
ca-geofabrik-post-office-seed,CA Geofabrik post-office seed extract,breadth_first_post_office_seed_extract,post_office,osm:node:358819615,Fruitvale Station Oakland Post Office,,,Fruitvale Station Oakland,CA,,37.7777061,-122.2235793,Geofabrik OpenStreetMap GeoPackage extract,2026-08-16T00:08:49Z,open,ODbL; attribution and share-alike required,packet_ready,geofabrik_post_office_extract_address_limited
ca-geofabrik-post-office-seed,CA Geofabrik post-office seed extract,breadth_first_post_office_seed_extract,post_office,osm:node:358831422,Fulton Post Office,,,Fulton,CA,,38.4947203,-122.7699147,Geofabrik OpenStreetMap GeoPackage extract,2026-08-16T00:08:49Z,open,ODbL; attribution and share-alike required,packet_ready,geofabrik_post_office_extract_address_limited
ca-geofabrik-post-office-seed,CA Geofabrik post-office seed extract,breadth_first_post_office_seed_extract,post_office,osm:node:358836928,Galt Post Office,,,Galt,CA,,38.2660259,-121.3018930,Geofabrik OpenStreetMap GeoPackage extract,2026-08-16T00:08:49Z,open,ODbL; attribution and share-alike required,packet_ready,geofabrik_post_office_extract_address_limited
ca-geofabrik-post-office-seed,CA Geofabrik post-office seed extract,breadth_first_post_office_seed_extract,post_office,osm:node:674529546,Garberville Post Office,,,Garberville,CA,,40.0988667,-123.7958603,Geofabrik OpenStreetMap GeoPackage extract,2026-08-16T00:08:49Z,open,ODbL; attribution and share-alike required,packet_ready,geofabrik_post_office_extract_address_limited
ca-geofabrik-post-office-seed,CA Geofabrik post-office seed extract,breadth_first_post_office_seed_extract,post_office,osm:node:3778987367,Garden Station,,,Garden Station,CA,,37.3070633,-121.9008580,Geofabrik OpenStreetMap GeoPackage extract,2026-08-16T00:08:49Z,open,ODbL; attribution and share-alike required,packet_ready,geofabrik_post_office_extract_address_limited
ca-geofabrik-post-office-seed,CA Geofabrik post-office seed extract,breadth_first_post_office_seed_extract,post_office,osm:node:61690511,United States Post Office - Gateway Station,,,Gateway Station,CA,,37.7949406,-122.3994380,Geofabrik OpenStreetMap GeoPackage extract,2026-08-16T00:08:49Z,open,ODbL; attribution and share-alike required,packet_ready,geofabrik_post_office_extract_address_limited
ca-geofabrik-post-office-seed,CA Geofabrik post-office seed extract,breadth_first_post_office_seed_extract,post_office,osm:node:358855346,Gateway Station San Francisco Post Office,,,Gateway Station San Francisco,CA,,37.7941667,-122.3958333,Geofabrik OpenStreetMap GeoPackage extract,2026-08-16T00:08:49Z,open,ODbL; attribution and share-alike required,packet_ready,geofabrik_post_office_extract_address_limited
ca-geofabrik-post-office-seed,CA Geofabrik post-office seed extract,breadth_first_post_office_seed_extract,post_office,osm:node:358821367,Gazelle Post Office,,,Gazelle,CA,,41.5218126,-122.5200217,Geofabrik OpenStreetMap GeoPackage extract,2026-08-16T00:08:49Z,open,ODbL; attribution and share-alike required,packet_ready,geofabrik_post_office_extract_address_limited
ca-geofabrik-post-office-seed,CA Geofabrik post-office seed extract,breadth_first_post_office_seed_extract,post_office,osm:node:358855349,Geary Post Office,,,Geary,CA,,37.7805556,-122.4802778,Geofabrik OpenStreetMap GeoPackage extract,2026-08-16T00:08:49Z,open,ODbL; attribution and share-alike required,packet_ready,geofabrik_post_office_extract_address_limited
ca-geofabrik-post-office-seed,CA Geofabrik post-office seed extract,breadth_first_post_office_seed_extract,post_office,osm:node:4318979089,USPS General Delivery,,,General Delivery,CA,,37.7847914,-122.4125320,Geofabrik OpenStreetMap GeoPackage extract,2026-08-16T00:08:49Z,open,ODbL; attribution and share-alike required,packet_ready,geofabrik_post_office_extract_address_limited
ca-geofabrik-post-office-seed,CA Geofabrik post-office seed extract,breadth_first_post_office_seed_extract,post_office,osm:node:358827561,Georgetown Post Office,,,Georgetown,CA,,38.9070027,-120.8369970,Geofabrik OpenStreetMap GeoPackage extract,2026-08-16T00:08:49Z,open,ODbL; attribution and share-alike required,packet_ready,geofabrik_post_office_extract_address_limited
ca-geofabrik-post-office-seed,CA Geofabrik post-office seed extract,breadth_first_post_office_seed_extract,post_office,osm:node:10933148324,Geyserville Post Office,,,Geyserville,CA,,38.7081214,-122.9073865,Geofabrik OpenStreetMap GeoPackage extract,2026-08-16T00:08:49Z,open,ODbL; attribution and share-alike required,packet_ready,geofabrik_post_office_extract_address_limited
ca-geofabrik-post-office-seed,CA Geofabrik post-office seed extract,breadth_first_post_office_seed_extract,post_office,osm:way:28196416,Gilroy Post Office,,,Gilroy,CA,,37.0091690,-121.5715914,Geofabrik OpenStreetMap GeoPackage extract,2026-08-16T00:08:49Z,open,ODbL; attribution and share-alike required,packet_ready,geofabrik_post_office_extract_address_limited
ca-geofabrik-post-office-seed,CA Geofabrik post-office seed extract,breadth_first_post_office_seed_extract,post_office,osm:way:860910165,Glen Ellen Post Office,,,Glen Ellen,CA,,38.3630506,-122.5249434,Geofabrik OpenStreetMap GeoPackage extract,2026-08-16T00:08:49Z,open,ODbL; attribution and share-alike required,packet_ready,geofabrik_post_office_extract_address_limited
ca-geofabrik-post-office-seed,CA Geofabrik post-office seed extract,breadth_first_post_office_seed_extract,post_office,osm:node:5707334951,Glen Park Mail Depot,,,Glen Park Mail Depot,CA,,37.7333000,-122.4343742,Geofabrik OpenStreetMap GeoPackage extract,2026-08-16T00:08:49Z,open,ODbL; attribution and share-alike required,packet_ready,geofabrik_post_office_extract_address_limited
ca-geofabrik-post-office-seed,CA Geofabrik post-office seed extract,breadth_first_post_office_seed_extract,post_office,osm:node:358821988,Glenn Post Office,,,Glenn,CA,,39.5219610,-122.0137428,Geofabrik OpenStreetMap GeoPackage extract,2026-08-16T00:08:49Z,open,ODbL; attribution and share-alike required,packet_ready,geofabrik_post_office_extract_address_limited
ca-geofabrik-post-office-seed,CA Geofabrik post-office seed extract,breadth_first_post_office_seed_extract,post_office,osm:node:9666103531,Goin' Postal,,,Goin' Postal,CA,,38.3710734,-120.8001395,Geofabrik OpenStreetMap GeoPackage extract,2026-08-16T00:08:49Z,open,ODbL; attribution and share-alike required,packet_ready,geofabrik_post_office_extract_address_limited
ca-geofabrik-post-office-seed,CA Geofabrik post-office seed extract,breadth_first_post_office_seed_extract,post_office,osm:way:948038217,USPS Gonzales Post Office,,,Gonzales,CA,,36.5074516,-121.4434710,Geofabrik OpenStreetMap GeoPackage extract,2026-08-16T00:08:49Z,open,ODbL; attribution and share-alike required,packet_ready,geofabrik_post_office_extract_address_limited
ca-geofabrik-post-office-seed,CA Geofabrik post-office seed extract,breadth_first_post_office_seed_extract,post_office,osm:node:8047979811,Goodyears Bar Post Office,,,Goodyears Bar,CA,,39.5453103,-120.8859238,Geofabrik OpenStreetMap GeoPackage extract,2026-08-16T00:08:49Z,open,ODbL; attribution and share-alike required,packet_ready,geofabrik_post_office_extract_address_limited
ca-geofabrik-post-office-seed,CA Geofabrik post-office seed extract,breadth_first_post_office_seed_extract,post_office,osm:node:10646898358,Gordon N. Chan Post Office,,,Gordon N. Chan,CA,,37.3897739,-121.8871208,Geofabrik OpenStreetMap GeoPackage extract,2026-08-16T00:08:49Z,open,ODbL; attribution and share-alike required,packet_ready,geofabrik_post_office_extract_address_limited
ca-geofabrik-post-office-seed,CA Geofabrik post-office seed extract,breadth_first_post_office_seed_extract,post_office,osm:node:13928811901,Goshen Post Office,,,Goshen,CA,,36.3434705,-119.4190046,Geofabrik OpenStreetMap GeoPackage extract,2026-08-16T00:08:49Z,open,ODbL; attribution and share-alike required,packet_ready,geofabrik_post_office_extract_address_limited
ca-geofabrik-post-office-seed,CA Geofabrik post-office seed extract,breadth_first_post_office_seed_extract,post_office,osm:node:3711137998,Grand Lake Station Oakland Post Office,,,Grand Lake Station Oakland,CA,,37.8108974,-122.2472550,Geofabrik OpenStreetMap GeoPackage extract,2026-08-16T00:08:49Z,open,ODbL; attribution and share-alike required,packet_ready,geofabrik_post_office_extract_address_limited
ca-geofabrik-post-office-seed,CA Geofabrik post-office seed extract,breadth_first_post_office_seed_extract,post_office,osm:node:11298739963,Granite Bay Postal,,,Granite Bay Postal,CA,,38.7426080,-121.2244430,Geofabrik OpenStreetMap GeoPackage extract,2026-08-16T00:08:49Z,open,ODbL; attribution and share-alike required,packet_ready,geofabrik_post_office_extract_address_limited
ca-geofabrik-post-office-seed,CA Geofabrik post-office seed extract,breadth_first_post_office_seed_extract,post_office,osm:way:826419955,Grass Valley Post Office,,,Grass Valley,CA,,39.2191294,-121.0595288,Geofabrik OpenStreetMap GeoPackage extract,2026-08-16T00:08:49Z,open,ODbL; attribution and share-alike required,packet_ready,geofabrik_post_office_extract_address_limited
ca-geofabrik-post-office-seed,CA Geofabrik post-office seed extract,breadth_first_post_office_seed_extract,post_office,osm:node:358831425,Graton Post Office,,,Graton,CA,,38.4372810,-122.8696787,Geofabrik OpenStreetMap GeoPackage extract,2026-08-16T00:08:49Z,open,ODbL; attribution and share-alike required,packet_ready,geofabrik_post_office_extract_address_limited
ca-geofabrik-post-office-seed,CA Geofabrik post-office seed extract,breadth_first_post_office_seed_extract,post_office,osm:way:799484796,Graton Post Office,,,Graton,CA,,38.4372932,-122.8696414,Geofabrik OpenStreetMap GeoPackage extract,2026-08-16T00:08:49Z,open,ODbL; attribution and share-alike required,packet_ready,geofabrik_post_office_extract_address_limited
ca-geofabrik-post-office-seed,CA Geofabrik post-office seed extract,breadth_first_post_office_seed_extract,post_office,osm:node:9738075049,Greenfield Post Office,,,Greenfield,CA,,36.3206793,-121.2441647,Geofabrik OpenStreetMap GeoPackage extract,2026-08-16T00:08:49Z,open,ODbL; attribution and share-alike required,packet_ready,geofabrik_post_office_extract_address_limited
ca-geofabrik-post-office-seed,CA Geofabrik post-office seed extract,breadth_first_post_office_seed_extract,post_office,osm:way:257050461,Greenmail,,,Greenmail,CA,,37.4173997,-122.1317347,Geofabrik OpenStreetMap GeoPackage extract,2026-08-16T00:08:49Z,open,ODbL; attribution and share-alike required,packet_ready,geofabrik_post_office_extract_address_limited
ca-geofabrik-post-office-seed,CA Geofabrik post-office seed extract,breadth_first_post_office_seed_extract,post_office,osm:way:1430127033,Greenview Post Office,,,Greenview,CA,,41.5485004,-122.9069108,Geofabrik OpenStreetMap GeoPackage extract,2026-08-16T00:08:49Z,open,ODbL; attribution and share-alike required,packet_ready,geofabrik_post_office_extract_address_limited
ca-geofabrik-post-office-seed,CA Geofabrik post-office seed extract,breadth_first_post_office_seed_extract,post_office,osm:way:1124294415,Grenada Post Office,,,Grenada,CA,,41.6458900,-122.5245451,Geofabrik OpenStreetMap GeoPackage extract,2026-08-16T00:08:49Z,open,ODbL; attribution and share-alike required,packet_ready,geofabrik_post_office_extract_address_limited
ca-geofabrik-post-office-seed,CA Geofabrik post-office seed extract,breadth_first_post_office_seed_extract,post_office,osm:node:358824558,Gridley Post Office,,,Gridley,CA,,39.3648884,-121.6966390,Geofabrik OpenStreetMap GeoPackage extract,2026-08-16T00:08:49Z,open,ODbL; attribution and share-alike required,packet_ready,geofabrik_post_office_extract_address_limited
ca-geofabrik-post-office-seed,CA Geofabrik post-office seed extract,breadth_first_post_office_seed_extract,post_office,osm:way:552851157,Groveland Post Office,,,Groveland,CA,,37.8382797,-120.2306407,Geofabrik OpenStreetMap GeoPackage extract,2026-08-16T00:08:49Z,open,ODbL; attribution and share-alike required,packet_ready,geofabrik_post_office_extract_address_limited
ca-geofabrik-post-office-seed,CA Geofabrik post-office seed extract,breadth_first_post_office_seed_extract,post_office,osm:way:1089700953,Gualala Post Office,,,Gualala,CA,,38.7670421,-123.5274265,Geofabrik OpenStreetMap GeoPackage extract,2026-08-16T00:08:49Z,open,ODbL; attribution and share-alike required,packet_ready,geofabrik_post_office_extract_address_limited
ca-geofabrik-post-office-seed,CA Geofabrik post-office seed extract,breadth_first_post_office_seed_extract,post_office,osm:way:527568953,Guerneville Post Office,,,Guerneville,CA,,38.5025019,-123.0010192,Geofabrik OpenStreetMap GeoPackage extract,2026-08-16T00:08:49Z,open,ODbL; attribution and share-alike required,packet_ready,geofabrik_post_office_extract_address_limited
ca-geofabrik-post-office-seed,CA Geofabrik post-office seed extract,breadth_first_post_office_seed_extract,post_office,osm:way:311712046,Gustine Post Office,,,Gustine,CA,,37.2571162,-120.9996002,Geofabrik OpenStreetMap GeoPackage extract,2026-08-16T00:08:49Z,open,ODbL; attribution and share-alike required,packet_ready,geofabrik_post_office_extract_address_limited
ca-geofabrik-post-office-seed,CA Geofabrik post-office seed extract,breadth_first_post_office_seed_extract,post_office,osm:node:9279397040,HB Postal,,,HB Postal,CA,,37.3662601,-122.0131945,Geofabrik OpenStreetMap GeoPackage extract,2026-08-16T00:08:49Z,open,ODbL; attribution and share-alike required,packet_ready,geofabrik_post_office_extract_address_limited
ca-geofabrik-post-office-seed,CA Geofabrik post-office seed extract,breadth_first_post_office_seed_extract,post_office,osm:node:8567999339,HR Express,,,HR Express,CA,,37.2794105,-121.8337235,Geofabrik OpenStreetMap GeoPackage extract,2026-08-16T00:08:49Z,open,ODbL; attribution and share-alike required,packet_ready,geofabrik_post_office_extract_address_limited
ca-geofabrik-post-office-seed,CA Geofabrik post-office seed extract,breadth_first_post_office_seed_extract,post_office,osm:node:4359144092,Haight Ashbury Express Photo & Mail,,,Haight Ashbury Express Photo & Mail,CA,,37.7703614,-122.4450100,Geofabrik OpenStreetMap GeoPackage extract,2026-08-16T00:08:49Z,open,ODbL; attribution and share-alike required,packet_ready,geofabrik_post_office_extract_address_limited
ca-geofabrik-post-office-seed,CA Geofabrik post-office seed extract,breadth_first_post_office_seed_extract,post_office,osm:way:349684891,Half Moon Bay Post Office,,,Half Moon Bay,CA,,37.4666745,-122.4261239,Geofabrik OpenStreetMap GeoPackage extract,2026-08-16T00:08:49Z,open,ODbL; attribution and share-alike required,packet_ready,geofabrik_post_office_extract_address_limited
ca-geofabrik-post-office-seed,CA Geofabrik post-office seed extract,breadth_first_post_office_seed_extract,post_office,osm:node:358821991,Hamilton City Post Office,,,Hamilton City,CA,,39.7401598,-122.0113691,Geofabrik OpenStreetMap GeoPackage extract,2026-08-16T00:08:49Z,open,ODbL; attribution and share-alike required,packet_ready,geofabrik_post_office_extract_address_limited
ca-geofabrik-post-office-seed,CA Geofabrik post-office seed extract,breadth_first_post_office_seed_extract,post_office,osm:node:4611578316,USPS Hammer Ranch Station,,,Hammer Ranch Station,CA,,38.0184613,-121.3199830,Geofabrik OpenStreetMap GeoPackage extract,2026-08-16T00:08:49Z,open,ODbL; attribution and share-alike required,packet_ready,geofabrik_post_office_extract_address_limited
ca-geofabrik-post-office-seed,CA Geofabrik post-office seed extract,breadth_first_post_office_seed_extract,post_office,osm:node:358833447,Hanford Post Office,,,Hanford,CA,,36.3274188,-119.6461880,Geofabrik OpenStreetMap GeoPackage extract,2026-08-16T00:08:49Z,open,ODbL; attribution and share-alike required,packet_ready,geofabrik_post_office_extract_address_limited
ca-geofabrik-post-office-seed,CA Geofabrik post-office seed extract,breadth_first_post_office_seed_extract,post_office,osm:node:358821375,Happy Camp Post Office,,,Happy Camp,CA,,41.7994136,-123.3759356,Geofabrik OpenStreetMap GeoPackage extract,2026-08-16T00:08:49Z,open,ODbL; attribution and share-alike required,packet_ready,geofabrik_post_office_extract_address_limited
ca-geofabrik-post-office-seed,CA Geofabrik post-office seed extract,breadth_first_post_office_seed_extract,post_office,osm:node:358809583,Harris Post Office,,,Harris,CA,,40.0487588,-123.6416920,Geofabrik OpenStreetMap GeoPackage extract,2026-08-16T00:08:49Z,open,ODbL; attribution and share-alike required,packet_ready,geofabrik_post_office_extract_address_limited
ca-geofabrik-post-office-seed,CA Geofabrik post-office seed extract,breadth_first_post_office_seed_extract,post_office,osm:node:358809585,Hat Creek Post Office,,,Hat Creek,CA,,40.7909933,-121.5058135,Geofabrik OpenStreetMap GeoPackage extract,2026-08-16T00:08:49Z,open,ODbL; attribution and share-alike required,packet_ready,geofabrik_post_office_extract_address_limited
ca-geofabrik-post-office-seed,CA Geofabrik post-office seed extract,breadth_first_post_office_seed_extract,post_office,osm:node:358819055,Hayfork Post Office,,,Hayfork,CA,,40.5539389,-123.1814124,Geofabrik OpenStreetMap GeoPackage extract,2026-08-16T00:08:49Z,open,ODbL; attribution and share-alike required,packet_ready,geofabrik_post_office_extract_address_limited
ca-geofabrik-post-office-seed,CA Geofabrik post-office seed extract,breadth_first_post_office_seed_extract,post_office,osm:way:431580145,Hayward Post Office,,,Hayward,CA,,37.6558477,-122.0957996,Geofabrik OpenStreetMap GeoPackage extract,2026-08-16T00:08:49Z,open,ODbL; attribution and share-alike required,packet_ready,geofabrik_post_office_extract_address_limited
ca-geofabrik-post-office-seed,CA Geofabrik post-office seed extract,breadth_first_post_office_seed_extract,post_office,osm:way:855652687,Henderson Post Office,,,Henderson,CA,,40.7814550,-124.1638630,Geofabrik OpenStreetMap GeoPackage extract,2026-08-16T00:08:49Z,open,ODbL; attribution and share-alike required,packet_ready,geofabrik_post_office_extract_address_limited
ca-geofabrik-post-office-seed,CA Geofabrik post-office seed extract,breadth_first_post_office_seed_extract,post_office,osm:node:358852320,Herald Post Office,,,Herald,CA,,38.2941452,-121.2418099,Geofabrik OpenStreetMap GeoPackage extract,2026-08-16T00:08:49Z,open,ODbL; attribution and share-alike required,packet_ready,geofabrik_post_office_extract_address_limited
ca-geofabrik-post-office-seed,CA Geofabrik post-office seed extract,breadth_first_post_office_seed_extract,post_office,osm:node:9750578438,Hercules Post Office,,,Hercules,CA,,38.0108678,-122.2698589,Geofabrik OpenStreetMap GeoPackage extract,2026-08-16T00:08:49Z,open,ODbL; attribution and share-alike required,packet_ready,geofabrik_post_office_extract_address_limited
ca-geofabrik-post-office-seed,CA Geofabrik post-office seed extract,breadth_first_post_office_seed_extract,post_office,osm:node:358835191,Hickman Post Office,,,Hickman,CA,,37.6235429,-120.7552052,Geofabrik OpenStreetMap GeoPackage extract,2026-08-16T00:08:49Z,open,ODbL; attribution and share-alike required,packet_ready,geofabrik_post_office_extract_address_limited
ca-geofabrik-post-office-seed,CA Geofabrik post-office seed extract,breadth_first_post_office_seed_extract,post_office,osm:way:311696093,Hilmar Post Office,,,Hilmar,CA,,37.4080984,-120.8489613,Geofabrik OpenStreetMap GeoPackage extract,2026-08-16T00:08:49Z,open,ODbL; attribution and share-alike required,packet_ready,geofabrik_post_office_extract_address_limited
ca-geofabrik-post-office-seed,CA Geofabrik post-office seed extract,breadth_first_post_office_seed_extract,post_office,osm:node:358823763,Homewood Post Office,,,Homewood,CA,,39.0815219,-120.1585367,Geofabrik OpenStreetMap GeoPackage extract,2026-08-16T00:08:49Z,open,ODbL; attribution and share-alike required,packet_ready,geofabrik_post_office_extract_address_limited
ca-geofabrik-post-office-seed,CA Geofabrik post-office seed extract,breadth_first_post_office_seed_extract,post_office,osm:node:358852325,Hood Post Office,,,Hood,CA,,38.3688000,-121.5191210,Geofabrik OpenStreetMap GeoPackage extract,2026-08-16T00:08:49Z,open,ODbL; attribution and share-alike required,packet_ready,geofabrik_post_office_extract_address_limited
ca-geofabrik-post-office-seed,CA Geofabrik post-office seed extract,breadth_first_post_office_seed_extract,post_office,osm:node:358824755,Hopland Post Office,,,Hopland,CA,,38.9730251,-123.1167340,Geofabrik OpenStreetMap GeoPackage extract,2026-08-16T00:08:49Z,open,ODbL; attribution and share-alike required,packet_ready,geofabrik_post_office_extract_address_limited
ca-geofabrik-post-office-seed,CA Geofabrik post-office seed extract,breadth_first_post_office_seed_extract,post_office,osm:way:895767512,Hornbrook Post Office,,,Hornbrook,CA,,41.9078395,-122.5581200,Geofabrik OpenStreetMap GeoPackage extract,2026-08-16T00:08:49Z,open,ODbL; attribution and share-alike required,packet_ready,geofabrik_post_office_extract_address_limited
ca-geofabrik-post-office-seed,CA Geofabrik post-office seed extract,breadth_first_post_office_seed_extract,post_office,osm:node:358833554,Hornitos Post Office,,,Hornitos,CA,,37.5024370,-120.2385188,Geofabrik OpenStreetMap GeoPackage extract,2026-08-16T00:08:49Z,open,ODbL; attribution and share-alike required,packet_ready,geofabrik_post_office_extract_address_limited
ca-geofabrik-post-office-seed,CA Geofabrik post-office seed extract,breadth_first_post_office_seed_extract,post_office,osm:way:461803479,Hudson Post Office,,,Hudson,CA,,37.6882382,-120.9557937,Geofabrik OpenStreetMap GeoPackage extract,2026-08-16T00:08:49Z,open,ODbL; attribution and share-alike required,packet_ready,geofabrik_post_office_extract_address_limited
ca-geofabrik-post-office-seed,CA Geofabrik post-office seed extract,breadth_first_post_office_seed_extract,post_office,osm:way:1257062617,Hughson Post Office,,,Hughson,CA,,37.5951984,-120.8659485,Geofabrik OpenStreetMap GeoPackage extract,2026-08-16T00:08:49Z,open,ODbL; attribution and share-alike required,packet_ready,geofabrik_post_office_extract_address_limited
ca-geofabrik-post-office-seed,CA Geofabrik post-office seed extract,breadth_first_post_office_seed_extract,post_office,osm:node:358814876,Hyampom Post Office,,,Hyampom,CA,,40.6168079,-123.4572585,Geofabrik OpenStreetMap GeoPackage extract,2026-08-16T00:08:49Z,open,ODbL; attribution and share-alike required,packet_ready,geofabrik_post_office_extract_address_limited
ca-geofabrik-post-office-seed,CA Geofabrik post-office seed extract,breadth_first_post_office_seed_extract,post_office,osm:way:1376788051,Hydesville Post Office,,,Hydesville,CA,,40.5472800,-124.0970481,Geofabrik OpenStreetMap GeoPackage extract,2026-08-16T00:08:49Z,open,ODbL; attribution and share-alike required,packet_ready,geofabrik_post_office_extract_address_limited
ca-geofabrik-post-office-seed,CA Geofabrik post-office seed extract,breadth_first_post_office_seed_extract,post_office,osm:node:358851316,Imola Contact Station Post Office,,,Imola Contact Station,CA,,38.3463019,-122.3038639,Geofabrik OpenStreetMap GeoPackage extract,2026-08-16T00:08:49Z,open,ODbL; attribution and share-alike required,packet_ready,geofabrik_post_office_extract_address_limited
ca-geofabrik-post-office-seed,CA Geofabrik post-office seed extract,breadth_first_post_office_seed_extract,post_office,osm:way:759759257,Independence Post Office,,,Independence,CA,,36.8022806,-118.1998108,Geofabrik OpenStreetMap GeoPackage extract,2026-08-16T00:08:49Z,open,ODbL; attribution and share-alike required,packet_ready,geofabrik_post_office_extract_address_limited
ca-geofabrik-post-office-seed,CA Geofabrik post-office seed extract,breadth_first_post_office_seed_extract,post_office,osm:node:12662380818,International Postal Center,,,International Postal Center,CA,,37.5197600,-120.8474669,Geofabrik OpenStreetMap GeoPackage extract,2026-08-16T00:08:49Z,open,ODbL; attribution and share-alike required,packet_ready,geofabrik_post_office_extract_address_limited
ca-geofabrik-post-office-seed,CA Geofabrik post-office seed extract,breadth_first_post_office_seed_extract,post_office,osm:node:358832680,Inverness Post Office,,,Inverness,CA,,38.0967299,-122.8519331,Geofabrik OpenStreetMap GeoPackage extract,2026-08-16T00:08:49Z,open,ODbL; attribution and share-alike required,packet_ready,geofabrik_post_office_extract_address_limited
ca-geofabrik-post-office-seed,CA Geofabrik post-office seed extract,breadth_first_post_office_seed_extract,post_office,osm:node:358827156,Ione Post Office,,,Ione,CA,,38.3524135,-120.9338288,Geofabrik OpenStreetMap GeoPackage extract,2026-08-16T00:08:49Z,open,ODbL; attribution and share-alike required,packet_ready,geofabrik_post_office_extract_address_limited
ca-geofabrik-post-office-seed,CA Geofabrik post-office seed extract,breadth_first_post_office_seed_extract,post_office,osm:node:2383254146,Irving Street Station,,,Irving Street Station,CA,,37.7638987,-122.4667417,Geofabrik OpenStreetMap GeoPackage extract,2026-08-16T00:08:49Z,open,ODbL; attribution and share-alike required,packet_ready,geofabrik_post_office_extract_address_limited
ca-geofabrik-post-office-seed,CA Geofabrik post-office seed extract,breadth_first_post_office_seed_extract,post_office,osm:node:358819462,Irvington Station Fremont Post Office,,,Irvington Station Fremont,CA,,37.5322106,-121.9614734,Geofabrik OpenStreetMap GeoPackage extract,2026-08-16T00:08:49Z,open,ODbL; attribution and share-alike required,packet_ready,geofabrik_post_office_extract_address_limited
ca-geofabrik-post-office-seed,CA Geofabrik post-office seed extract,breadth_first_post_office_seed_extract,post_office,osm:node:358836934,Isleton Post Office,,,Isleton,CA,,38.1619310,-121.6097760,Geofabrik OpenStreetMap GeoPackage extract,2026-08-16T00:08:49Z,open,ODbL; attribution and share-alike required,packet_ready,geofabrik_post_office_extract_address_limited
ca-geofabrik-post-office-seed,CA Geofabrik post-office seed extract,breadth_first_post_office_seed_extract,post_office,osm:node:358839644,Ivanhoe Post Office,,,Ivanhoe,CA,,36.3880174,-119.2182161,Geofabrik OpenStreetMap GeoPackage extract,2026-08-16T00:08:49Z,open,ODbL; attribution and share-alike required,packet_ready,geofabrik_post_office_extract_address_limited
ca-geofabrik-post-office-seed,CA Geofabrik post-office seed extract,breadth_first_post_office_seed_extract,post_office,osm:way:883070311,Jackson Post Office,,,Jackson,CA,,38.3526434,-120.7759391,Geofabrik OpenStreetMap GeoPackage extract,2026-08-16T00:08:49Z,open,ODbL; attribution and share-alike required,packet_ready,geofabrik_post_office_extract_address_limited
ca-geofabrik-post-office-seed,CA Geofabrik post-office seed extract,breadth_first_post_office_seed_extract,post_office,osm:node:358830241,Jamestown Post Office,,,Jamestown,CA,,37.9552028,-120.4221395,Geofabrik OpenStreetMap GeoPackage extract,2026-08-16T00:08:49Z,open,ODbL; attribution and share-alike required,packet_ready,geofabrik_post_office_extract_address_limited
ca-geofabrik-post-office-seed,CA Geofabrik post-office seed extract,breadth_first_post_office_seed_extract,post_office,osm:node:358831371,Jenner Post Office,,,Jenner,CA,,38.4492752,-123.1150156,Geofabrik OpenStreetMap GeoPackage extract,2026-08-16T00:08:49Z,open,ODbL; attribution and share-alike required,packet_ready,geofabrik_post_office_extract_address_limited
ca-geofabrik-post-office-seed,CA Geofabrik post-office seed extract,breadth_first_post_office_seed_extract,post_office,osm:way:224145851,John Sanchez Annex Post Office,,,John Sanchez Annex,CA,,37.3708291,-121.9555884,Geofabrik OpenStreetMap GeoPackage extract,2026-08-16T00:08:49Z,open,ODbL; attribution and share-alike required,packet_ready,geofabrik_post_office_extract_address_limited
ca-geofabrik-post-office-seed,CA Geofabrik post-office seed extract,breadth_first_post_office_seed_extract,post_office,osm:node:358819064,Junction City Post Office,,,Junction City,CA,,40.7301436,-123.0550291,Geofabrik OpenStreetMap GeoPackage extract,2026-08-16T00:08:49Z,open,ODbL; attribution and share-alike required,packet_ready,geofabrik_post_office_extract_address_limited
ca-geofabrik-post-office-seed,CA Geofabrik post-office seed extract,breadth_first_post_office_seed_extract,post_office,osm:node:358851299,June Lake Post Office,,,June Lake,CA,,37.7779155,-119.0757947,Geofabrik OpenStreetMap GeoPackage extract,2026-08-16T00:08:49Z,open,ODbL; attribution and share-alike required,packet_ready,geofabrik_post_office_extract_address_limited
ca-geofabrik-post-office-seed,CA Geofabrik post-office seed extract,breadth_first_post_office_seed_extract,post_office,osm:node:11103463238,Just Send It Postal Center,,,Just Send It Postal Center,CA,,38.7130205,-121.3663267,Geofabrik OpenStreetMap GeoPackage extract,2026-08-16T00:08:49Z,open,ODbL; attribution and share-alike required,packet_ready,geofabrik_post_office_extract_address_limited
ca-geofabrik-post-office-seed,CA Geofabrik post-office seed extract,breadth_first_post_office_seed_extract,post_office,osm:node:4642809825,Kangaroo Pack & Ship,,,Kangaroo Pack & Ship,CA,,37.3315739,-121.8574640,Geofabrik OpenStreetMap GeoPackage extract,2026-08-16T00:08:49Z,open,ODbL; attribution and share-alike required,packet_ready,geofabrik_post_office_extract_address_limited
ca-geofabrik-post-office-seed,CA Geofabrik post-office seed extract,breadth_first_post_office_seed_extract,post_office,osm:node:358830156,Kelseyville Post Office,,,Kelseyville,CA,,38.9812673,-122.8354279,Geofabrik OpenStreetMap GeoPackage extract,2026-08-16T00:08:49Z,open,ODbL; attribution and share-alike required,packet_ready,geofabrik_post_office_extract_address_limited
ca-geofabrik-post-office-seed,CA Geofabrik post-office seed extract,breadth_first_post_office_seed_extract,post_office,osm:way:1387048777,Kelseyville Post Office,,,Kelseyville,CA,,38.9812075,-122.8354509,Geofabrik OpenStreetMap GeoPackage extract,2026-08-16T00:08:49Z,open,ODbL; attribution and share-alike required,packet_ready,geofabrik_post_office_extract_address_limited
ca-geofabrik-post-office-seed,CA Geofabrik post-office seed extract,breadth_first_post_office_seed_extract,post_office,osm:way:399585390,Kentfield Post Office,,,Kentfield,CA,,37.9534618,-122.5485496,Geofabrik OpenStreetMap GeoPackage extract,2026-08-16T00:08:49Z,open,ODbL; attribution and share-alike required,packet_ready,geofabrik_post_office_extract_address_limited
ca-geofabrik-post-office-seed,CA Geofabrik post-office seed extract,breadth_first_post_office_seed_extract,post_office,osm:node:358831600,Kenwood Post Office,,,Kenwood,CA,,38.4193567,-122.5521200,Geofabrik OpenStreetMap GeoPackage extract,2026-08-16T00:08:49Z,open,ODbL; attribution and share-alike required,packet_ready,geofabrik_post_office_extract_address_limited
ca-geofabrik-post-office-seed,CA Geofabrik post-office seed extract,breadth_first_post_office_seed_extract,post_office,osm:node:358834016,Kerman Post Office,,,Kerman,CA,,36.7238350,-120.0596012,Geofabrik OpenStreetMap GeoPackage extract,2026-08-16T00:08:49Z,open,ODbL; attribution and share-alike required,packet_ready,geofabrik_post_office_extract_address_limited
ca-geofabrik-post-office-seed,CA Geofabrik post-office seed extract,breadth_first_post_office_seed_extract,post_office,osm:way:1135662162,Kettleman City Post Office,,,Kettleman City,CA,,36.0098018,-119.9600237,Geofabrik OpenStreetMap GeoPackage extract,2026-08-16T00:08:49Z,open,ODbL; attribution and share-alike required,packet_ready,geofabrik_post_office_extract_address_limited
ca-geofabrik-post-office-seed,CA Geofabrik post-office seed extract,breadth_first_post_office_seed_extract,post_office,osm:way:525126171,Keyes Post Office,,,Keyes,CA,,37.5518189,-120.9101371,Geofabrik OpenStreetMap GeoPackage extract,2026-08-16T00:08:49Z,open,ODbL; attribution and share-alike required,packet_ready,geofabrik_post_office_extract_address_limited
ca-geofabrik-post-office-seed,CA Geofabrik post-office seed extract,breadth_first_post_office_seed_extract,post_office,osm:node:358823773,Kings Beach Post Office,,,Kings Beach,CA,,39.2361612,-120.0209216,Geofabrik OpenStreetMap GeoPackage extract,2026-08-16T00:08:49Z,open,ODbL; attribution and share-alike required,packet_ready,geofabrik_post_office_extract_address_limited
ca-geofabrik-post-office-seed,CA Geofabrik post-office seed extract,breadth_first_post_office_seed_extract,post_office,osm:node:11125733534,Kings Canyon Post Office,,,Kings Canyon,CA,,36.7408578,-118.9633305,Geofabrik OpenStreetMap GeoPackage extract,2026-08-16T00:08:49Z,open,ODbL; attribution and share-alike required,packet_ready,geofabrik_post_office_extract_address_limited
ca-geofabrik-post-office-seed,CA Geofabrik post-office seed extract,breadth_first_post_office_seed_extract,post_office,osm:node:358834400,Kingsburg Post Office,,,Kingsburg,CA,,36.5138057,-119.5521655,Geofabrik OpenStreetMap GeoPackage extract,2026-08-16T00:08:49Z,open,ODbL; attribution and share-alike required,packet_ready,geofabrik_post_office_extract_address_limited
ca-geofabrik-post-office-seed,CA Geofabrik post-office seed extract,breadth_first_post_office_seed_extract,post_office,osm:way:388995571,Klamath Post Office,,,Klamath,CA,,41.5319193,-124.0412783,Geofabrik OpenStreetMap GeoPackage extract,2026-08-16T00:08:49Z,open,ODbL; attribution and share-alike required,packet_ready,geofabrik_post_office_extract_address_limited
ca-geofabrik-post-office-seed,CA Geofabrik post-office seed extract,breadth_first_post_office_seed_extract,post_office,osm:way:816734375,Klamath River Post Office,,,Klamath River,CA,,41.8358267,-122.8515457,Geofabrik OpenStreetMap GeoPackage extract,2026-08-16T00:08:49Z,open,ODbL; attribution and share-alike required,packet_ready,geofabrik_post_office_extract_address_limited
ca-geofabrik-post-office-seed,CA Geofabrik post-office seed extract,breadth_first_post_office_seed_extract,post_office,osm:node:358822771,Knights Landing Post Office,,,Knights Landing,CA,,38.8018459,-121.7180192,Geofabrik OpenStreetMap GeoPackage extract,2026-08-16T00:08:49Z,open,ODbL; attribution and share-alike required,packet_ready,geofabrik_post_office_extract_address_limited
ca-geofabrik-post-office-seed,CA Geofabrik post-office seed extract,breadth_first_post_office_seed_extract,post_office,osm:node:358821259,Knightsen Post Office,,,Knightsen,CA,,37.9690895,-121.6660640,Geofabrik OpenStreetMap GeoPackage extract,2026-08-16T00:08:49Z,open,ODbL; attribution and share-alike required,packet_ready,geofabrik_post_office_extract_address_limited
ca-geofabrik-post-office-seed,CA Geofabrik post-office seed extract,breadth_first_post_office_seed_extract,post_office,osm:node:6601976159,LBC,,,LBC,CA,,37.5917629,-122.0709891,Geofabrik OpenStreetMap GeoPackage extract,2026-08-16T00:08:49Z,open,ODbL; attribution and share-alike required,packet_ready,geofabrik_post_office_extract_address_limited
ca-geofabrik-post-office-seed,CA Geofabrik post-office seed extract,breadth_first_post_office_seed_extract,post_office,osm:node:9277220419,LBC Express,,,LBC Express,CA,,37.4252956,-121.9051536,Geofabrik OpenStreetMap GeoPackage extract,2026-08-16T00:08:49Z,open,ODbL; attribution and share-alike required,packet_ready,geofabrik_post_office_extract_address_limited
ca-geofabrik-post-office-seed,CA Geofabrik post-office seed extract,breadth_first_post_office_seed_extract,post_office,osm:node:5810841519,LPH,,,LPH,CA,,37.7872218,-122.4537204,Geofabrik OpenStreetMap GeoPackage extract,2026-08-16T00:08:49Z,open,ODbL; attribution and share-alike required,packet_ready,geofabrik_post_office_extract_address_limited
ca-geofabrik-post-office-seed,CA Geofabrik post-office seed extract,breadth_first_post_office_seed_extract,post_office,osm:node:358835386,La Grange Post Office,,,La Grange,CA,,37.6616397,-120.4611510,Geofabrik OpenStreetMap GeoPackage extract,2026-08-16T00:08:49Z,open,ODbL; attribution and share-alike required,packet_ready,geofabrik_post_office_extract_address_limited
ca-geofabrik-post-office-seed,CA Geofabrik post-office seed extract,breadth_first_post_office_seed_extract,post_office,osm:node:13763954277,La Guatemalteca Express,,,La Guatemalteca Express,CA,,37.7526876,-122.4094872,Geofabrik OpenStreetMap GeoPackage extract,2026-08-16T00:08:49Z,open,ODbL; attribution and share-alike required,packet_ready,geofabrik_post_office_extract_address_limited
ca-geofabrik-post-office-seed,CA Geofabrik post-office seed extract,breadth_first_post_office_seed_extract,post_office,osm:node:8891003934,La Honda Post Office,,,La Honda,CA,,37.3200450,-122.2746623,Geofabrik OpenStreetMap GeoPackage extract,2026-08-16T00:08:49Z,open,ODbL; attribution and share-alike required,packet_ready,geofabrik_post_office_extract_address_limited
ca-geofabrik-post-office-seed,CA Geofabrik post-office seed extract,breadth_first_post_office_seed_extract,post_office,osm:node:12878460161,Lafayette Post Office,,,Lafayette,CA,,37.8905036,-122.1262110,Geofabrik OpenStreetMap GeoPackage extract,2026-08-16T00:08:49Z,open,ODbL; attribution and share-alike required,packet_ready,geofabrik_post_office_extract_address_limited
ca-geofabrik-post-office-seed,CA Geofabrik post-office seed extract,breadth_first_post_office_seed_extract,post_office,osm:way:203941891,Lagunitas Post Office,,,Lagunitas,CA,,38.0142494,-122.6972900,Geofabrik OpenStreetMap GeoPackage extract,2026-08-16T00:08:49Z,open,ODbL; attribution and share-alike required,packet_ready,geofabrik_post_office_extract_address_limited
ca-geofabrik-post-office-seed,CA Geofabrik post-office seed extract,breadth_first_post_office_seed_extract,post_office,osm:node:1682265480,Lake City Post Office,,,Lake City,CA,,41.6448506,-120.2163178,Geofabrik OpenStreetMap GeoPackage extract,2026-08-16T00:08:49Z,open,ODbL; attribution and share-alike required,packet_ready,geofabrik_post_office_extract_address_limited
ca-geofabrik-post-office-seed,CA Geofabrik post-office seed extract,breadth_first_post_office_seed_extract,post_office,osm:node:13912822501,Lakehead Post Office,,,Lakehead,CA,,40.8913481,-122.3825500,Geofabrik OpenStreetMap GeoPackage extract,2026-08-16T00:08:49Z,open,ODbL; attribution and share-alike required,packet_ready,geofabrik_post_office_extract_address_limited
ca-geofabrik-post-office-seed,CA Geofabrik post-office seed extract,breadth_first_post_office_seed_extract,post_office,osm:node:358855355,Lakeshore Plaza Station San Francisco Post Office,,,Lakeshore Plaza Station San Francisco,CA,,37.7324940,-122.4907200,Geofabrik OpenStreetMap GeoPackage extract,2026-08-16T00:08:49Z,open,ODbL; attribution and share-alike required,packet_ready,geofabrik_post_office_extract_address_limited
ca-geofabrik-post-office-seed,CA Geofabrik post-office seed extract,breadth_first_post_office_seed_extract,post_office,osm:node:358852341,Land Park Post Office,,,Land Park,CA,,38.5193511,-121.5138440,Geofabrik OpenStreetMap GeoPackage extract,2026-08-16T00:08:49Z,open,ODbL; attribution and share-alike required,packet_ready,geofabrik_post_office_extract_address_limited
ca-geofabrik-post-office-seed,CA Geofabrik post-office seed extract,breadth_first_post_office_seed_extract,post_office,osm:node:358817919,Landscape Post Office,,,Landscape,CA,,37.8915356,-122.2789640,Geofabrik OpenStreetMap GeoPackage extract,2026-08-16T00:08:49Z,open,ODbL; attribution and share-alike required,packet_ready,geofabrik_post_office_extract_address_limited
ca-geofabrik-post-office-seed,CA Geofabrik post-office seed extract,breadth_first_post_office_seed_extract,post_office,osm:way:858712445,Larkspur Post Office,,,Larkspur,CA,,37.9363961,-122.5360009,Geofabrik OpenStreetMap GeoPackage extract,2026-08-16T00:08:49Z,open,ODbL; attribution and share-alike required,packet_ready,geofabrik_post_office_extract_address_limited
ca-geofabrik-post-office-seed,CA Geofabrik post-office seed extract,breadth_first_post_office_seed_extract,post_office,osm:node:358837543,Lathrop Post Office,,,Lathrop,CA,,37.8213158,-121.2760544,Geofabrik OpenStreetMap GeoPackage extract,2026-08-16T00:08:49Z,open,ODbL; attribution and share-alike required,packet_ready,geofabrik_post_office_extract_address_limited
ca-geofabrik-post-office-seed,CA Geofabrik post-office seed extract,breadth_first_post_office_seed_extract,post_office,osm:node:358834504,Laton Post Office,,,Laton,CA,,36.4343795,-119.6854232,Geofabrik OpenStreetMap GeoPackage extract,2026-08-16T00:08:49Z,open,ODbL; attribution and share-alike required,packet_ready,geofabrik_post_office_extract_address_limited
ca-geofabrik-post-office-seed,CA Geofabrik post-office seed extract,breadth_first_post_office_seed_extract,post_office,osm:way:464463614,Laurel Post Office,,,Laurel,CA,,37.7870158,-122.1940336,Geofabrik OpenStreetMap GeoPackage extract,2026-08-16T00:08:49Z,open,ODbL; attribution and share-alike required,packet_ready,geofabrik_post_office_extract_address_limited
ca-geofabrik-post-office-seed,CA Geofabrik post-office seed extract,breadth_first_post_office_seed_extract,post_office,osm:node:5187589144,Laytonville Post Office,,,Laytonville,CA,,39.6856901,-123.4821460,Geofabrik OpenStreetMap GeoPackage extract,2026-08-16T00:08:49Z,open,ODbL; attribution and share-alike required,packet_ready,geofabrik_post_office_extract_address_limited
ca-geofabrik-post-office-seed,CA Geofabrik post-office seed extract,breadth_first_post_office_seed_extract,post_office,osm:way:1351465063,Leggett Post Office,,,Leggett,CA,,39.8652560,-123.7150819,Geofabrik OpenStreetMap GeoPackage extract,2026-08-16T00:08:49Z,open,ODbL; attribution and share-alike required,packet_ready,geofabrik_post_office_extract_address_limited
ca-geofabrik-post-office-seed,CA Geofabrik post-office seed extract,breadth_first_post_office_seed_extract,post_office,osm:node:13928819201,Lemon Cove Post Office,,,Lemon Cove,CA,,36.3837350,-119.0252500,Geofabrik OpenStreetMap GeoPackage extract,2026-08-16T00:08:49Z,open,ODbL; attribution and share-alike required,packet_ready,geofabrik_post_office_extract_address_limited
ca-geofabrik-post-office-seed,CA Geofabrik post-office seed extract,breadth_first_post_office_seed_extract,post_office,osm:node:358833353,Lemoore Post Office,,,Lemoore,CA,,36.3023960,-119.7827574,Geofabrik OpenStreetMap GeoPackage extract,2026-08-16T00:08:49Z,open,ODbL; attribution and share-alike required,packet_ready,geofabrik_post_office_extract_address_limited
ca-geofabrik-post-office-seed,CA Geofabrik post-office seed extract,breadth_first_post_office_seed_extract,post_office,osm:node:358819075,Lewiston Post Office,,,Lewiston,CA,,40.7023118,-122.8010238,Geofabrik OpenStreetMap GeoPackage extract,2026-08-16T00:08:49Z,open,ODbL; attribution and share-alike required,packet_ready,geofabrik_post_office_extract_address_limited
ca-geofabrik-post-office-seed,CA Geofabrik post-office seed extract,breadth_first_post_office_seed_extract,post_office,osm:node:358821784,Likely Post Office,,,Likely,CA,,41.2296173,-120.5041193,Geofabrik OpenStreetMap GeoPackage extract,2026-08-16T00:08:49Z,open,ODbL; attribution and share-alike required,packet_ready,geofabrik_post_office_extract_address_limited
ca-geofabrik-post-office-seed,CA Geofabrik post-office seed extract,breadth_first_post_office_seed_extract,post_office,osm:node:358823778,Lincoln Post Office,,,Lincoln,CA,,38.8915636,-121.2916427,Geofabrik OpenStreetMap GeoPackage extract,2026-08-16T00:08:49Z,open,ODbL; attribution and share-alike required,packet_ready,geofabrik_post_office_extract_address_limited
ca-geofabrik-post-office-seed,CA Geofabrik post-office seed extract,breadth_first_post_office_seed_extract,post_office,osm:node:358830577,Linda Mar Station Pacifica Post Office,,,Linda Mar Station Pacifica,CA,,37.5987194,-122.4977666,Geofabrik OpenStreetMap GeoPackage extract,2026-08-16T00:08:49Z,open,ODbL; attribution and share-alike required,packet_ready,geofabrik_post_office_extract_address_limited
ca-geofabrik-post-office-seed,CA Geofabrik post-office seed extract,breadth_first_post_office_seed_extract,post_office,osm:node:13912690001,Linden Post Office,,,Linden,CA,,38.0207590,-121.0833600,Geofabrik OpenStreetMap GeoPackage extract,2026-08-16T00:08:49Z,open,ODbL; attribution and share-alike required,packet_ready,geofabrik_post_office_extract_address_limited
ca-geofabrik-post-office-seed,CA Geofabrik post-office seed extract,breadth_first_post_office_seed_extract,post_office,osm:way:366410127,Linden Avenue Station South San Francisco Post Office,,,Linden Avenue Station South San Francisco,CA,,37.6558674,-122.4095923,Geofabrik OpenStreetMap GeoPackage extract,2026-08-16T00:08:49Z,open,ODbL; attribution and share-alike required,packet_ready,geofabrik_post_office_extract_address_limited
ca-geofabrik-post-office-seed,CA Geofabrik post-office seed extract,breadth_first_post_office_seed_extract,post_office,osm:node:13928820201,Lindsay Post Office,,,Lindsay,CA,,36.2030500,-119.0879900,Geofabrik OpenStreetMap GeoPackage extract,2026-08-16T00:08:49Z,open,ODbL; attribution and share-alike required,packet_ready,geofabrik_post_office_extract_address_limited
ca-geofabrik-post-office-seed,CA Geofabrik post-office seed extract,breadth_first_post_office_seed_extract,post_office,osm:node:358839987,Lindsay Post Office,,,Lindsay,CA,,36.2030064,-119.0895489,Geofabrik OpenStreetMap GeoPackage extract,2026-08-16T00:08:49Z,open,ODbL; attribution and share-alike required,packet_ready,geofabrik_post_office_extract_address_limited
ca-geofabrik-post-office-seed,CA Geofabrik post-office seed extract,breadth_first_post_office_seed_extract,post_office,osm:node:358809647,Linnell Post Office,,,Linnell,CA,,36.3096727,-119.2239998,Geofabrik OpenStreetMap GeoPackage extract,2026-08-16T00:08:49Z,open,ODbL; attribution and share-alike required,packet_ready,geofabrik_post_office_extract_address_limited
ca-geofabrik-post-office-seed,CA Geofabrik post-office seed extract,breadth_first_post_office_seed_extract,post_office,osm:node:358827634,Little Norway Post Office,,,Little Norway,CA,,38.8241787,-120.0445720,Geofabrik OpenStreetMap GeoPackage extract,2026-08-16T00:08:49Z,open,ODbL; attribution and share-alike required,packet_ready,geofabrik_post_office_extract_address_limited
ca-geofabrik-post-office-seed,CA Geofabrik post-office seed extract,breadth_first_post_office_seed_extract,post_office,osm:node:358823051,Live Oak Post Office,,,Live Oak,CA,,39.2746121,-121.6627480,Geofabrik OpenStreetMap GeoPackage extract,2026-08-16T00:08:49Z,open,ODbL; attribution and share-alike required,packet_ready,geofabrik_post_office_extract_address_limited
ca-geofabrik-post-office-seed,CA Geofabrik post-office seed extract,breadth_first_post_office_seed_extract,post_office,osm:node:358815209,Livermore Post Office,,,Livermore,CA,,37.6814180,-121.7670649,Geofabrik OpenStreetMap GeoPackage extract,2026-08-16T00:08:49Z,open,ODbL; attribution and share-alike required,packet_ready,geofabrik_post_office_extract_address_limited
ca-geofabrik-post-office-seed,CA Geofabrik post-office seed extract,breadth_first_post_office_seed_extract,post_office,osm:way:311712043,Livingston Post Office,,,Livingston,CA,,37.3857870,-120.7223823,Geofabrik OpenStreetMap GeoPackage extract,2026-08-16T00:08:49Z,open,ODbL; attribution and share-alike required,packet_ready,geofabrik_post_office_extract_address_limited
ca-geofabrik-post-office-seed,CA Geofabrik post-office seed extract,breadth_first_post_office_seed_extract,post_office,osm:way:408506632,Lockeford Post Office,,,Lockeford,CA,,38.1625625,-121.1517818,Geofabrik OpenStreetMap GeoPackage extract,2026-08-16T00:08:49Z,open,ODbL; attribution and share-alike required,packet_ready,geofabrik_post_office_extract_address_limited
ca-geofabrik-post-office-seed,CA Geofabrik post-office seed extract,breadth_first_post_office_seed_extract,post_office,osm:node:12564132495,Lockwood Post Office,,,Lockwood,CA,,35.9370515,-121.0716150,Geofabrik OpenStreetMap GeoPackage extract,2026-08-16T00:08:49Z,open,ODbL; attribution and share-alike required,packet_ready,geofabrik_post_office_extract_address_limited
ca-geofabrik-post-office-seed,CA Geofabrik post-office seed extract,breadth_first_post_office_seed_extract,post_office,osm:node:358837320,Lodi Post Office,,,Lodi,CA,,38.1321411,-121.2735585,Geofabrik OpenStreetMap GeoPackage extract,2026-08-16T00:08:49Z,open,ODbL; attribution and share-alike required,packet_ready,geofabrik_post_office_extract_address_limited
ca-geofabrik-post-office-seed,CA Geofabrik post-office seed extract,breadth_first_post_office_seed_extract,post_office,osm:way:238193106,Loleta Post Office,,,Loleta,CA,,40.6401534,-124.2250465,Geofabrik OpenStreetMap GeoPackage extract,2026-08-16T00:08:49Z,open,ODbL; attribution and share-alike required,packet_ready,geofabrik_post_office_extract_address_limited
ca-geofabrik-post-office-seed,CA Geofabrik post-office seed extract,breadth_first_post_office_seed_extract,post_office,osm:node:358831222,Loma Mar Post Office,,,Loma Mar,CA,,37.2693878,-122.3088593,Geofabrik OpenStreetMap GeoPackage extract,2026-08-16T00:08:49Z,open,ODbL; attribution and share-alike required,packet_ready,geofabrik_post_office_extract_address_limited
ca-geofabrik-post-office-seed,CA Geofabrik post-office seed extract,breadth_first_post_office_seed_extract,post_office,osm:node:11711912241,Long Barn Post Office,,,Long Barn,CA,,38.0918051,-120.1362614,Geofabrik OpenStreetMap GeoPackage extract,2026-08-16T00:08:49Z,open,ODbL; attribution and share-alike required,packet_ready,geofabrik_post_office_extract_address_limited
ca-geofabrik-post-office-seed,CA Geofabrik post-office seed extract,breadth_first_post_office_seed_extract,post_office,osm:way:28615824,Loomis Post Office,,,Loomis,CA,,38.8206833,-121.1937416,Geofabrik OpenStreetMap GeoPackage extract,2026-08-16T00:08:49Z,open,ODbL; attribution and share-alike required,packet_ready,geofabrik_post_office_extract_address_limited
ca-geofabrik-post-office-seed,CA Geofabrik post-office seed extract,breadth_first_post_office_seed_extract,post_office,osm:way:311712042,Los Banos Post Office,,,Los Banos,CA,,37.0584616,-120.8501115,Geofabrik OpenStreetMap GeoPackage extract,2026-08-16T00:08:49Z,open,ODbL; attribution and share-alike required,packet_ready,geofabrik_post_office_extract_address_limited
ca-geofabrik-post-office-seed,CA Geofabrik post-office seed extract,breadth_first_post_office_seed_extract,post_office,osm:node:358839370,Los Gatos Main Post Office,,,Los Gatos Main,CA,,37.2213008,-121.9843166,Geofabrik OpenStreetMap GeoPackage extract,2026-08-16T00:08:49Z,open,ODbL; attribution and share-alike required,packet_ready,geofabrik_post_office_extract_address_limited
ca-geofabrik-post-office-seed,CA Geofabrik post-office seed extract,breadth_first_post_office_seed_extract,post_office,osm:node:358823696,Los Molinos Post Office,,,Los Molinos,CA,,40.0246017,-122.0999888,Geofabrik OpenStreetMap GeoPackage extract,2026-08-16T00:08:49Z,open,ODbL; attribution and share-alike required,packet_ready,geofabrik_post_office_extract_address_limited
ca-geofabrik-post-office-seed,CA Geofabrik post-office seed extract,breadth_first_post_office_seed_extract,post_office,osm:node:358827600,Lotus Post Office,,,Lotus,CA,,38.8080055,-120.9026555,Geofabrik OpenStreetMap GeoPackage extract,2026-08-16T00:08:49Z,open,ODbL; attribution and share-alike required,packet_ready,geofabrik_post_office_extract_address_limited
ca-geofabrik-post-office-seed,CA Geofabrik post-office seed extract,breadth_first_post_office_seed_extract,post_office,osm:way:1321463637,Lovers Lane Post Office,,,Lovers Lane,CA,,36.3194776,-119.2599617,Geofabrik OpenStreetMap GeoPackage extract,2026-08-16T00:08:49Z,open,ODbL; attribution and share-alike required,packet_ready,geofabrik_post_office_extract_address_limited
ca-geofabrik-post-office-seed,CA Geofabrik post-office seed extract,breadth_first_post_office_seed_extract,post_office,osm:node:358830181,Lower Lake Post Office,,,Lower Lake,CA,,38.9101305,-122.6104689,Geofabrik OpenStreetMap GeoPackage extract,2026-08-16T00:08:49Z,open,ODbL; attribution and share-alike required,packet_ready,geofabrik_post_office_extract_address_limited
ca-geofabrik-post-office-seed,CA Geofabrik post-office seed extract,breadth_first_post_office_seed_extract,post_office,osm:node:313261447,Loyola Corners Post Office,,,Loyola Corners,CA,,37.3543804,-122.0863993,Geofabrik OpenStreetMap GeoPackage extract,2026-08-16T00:08:49Z,open,ODbL; attribution and share-alike required,packet_ready,geofabrik_post_office_extract_address_limited
ca-geofabrik-post-office-seed,CA Geofabrik post-office seed extract,breadth_first_post_office_seed_extract,post_office,osm:node:358818518,Macdoel Post Office,,,Macdoel,CA,,41.8273709,-122.0072295,Geofabrik OpenStreetMap GeoPackage extract,2026-08-16T00:08:49Z,open,ODbL; attribution and share-alike required,packet_ready,geofabrik_post_office_extract_address_limited
ca-geofabrik-post-office-seed,CA Geofabrik post-office seed extract,breadth_first_post_office_seed_extract,post_office,osm:node:358834642,Madera Post Office,,,Madera,CA,,36.9616134,-120.0571060,Geofabrik OpenStreetMap GeoPackage extract,2026-08-16T00:08:49Z,open,ODbL; attribution and share-alike required,packet_ready,geofabrik_post_office_extract_address_limited
ca-geofabrik-post-office-seed,CA Geofabrik post-office seed extract,breadth_first_post_office_seed_extract,post_office,osm:node:358822775,Madison Post Office,,,Madison,CA,,38.6790706,-121.9694130,Geofabrik OpenStreetMap GeoPackage extract,2026-08-16T00:08:49Z,open,ODbL; attribution and share-alike required,packet_ready,geofabrik_post_office_extract_address_limited
ca-geofabrik-post-office-seed,CA Geofabrik post-office seed extract,breadth_first_post_office_seed_extract,post_office,osm:node:358824428,Magalia Post Office,,,Magalia,CA,,39.8065503,-121.5796948,Geofabrik OpenStreetMap GeoPackage extract,2026-08-16T00:08:49Z,open,ODbL; attribution and share-alike required,packet_ready,geofabrik_post_office_extract_address_limited
ca-geofabrik-post-office-seed,CA Geofabrik post-office seed extract,breadth_first_post_office_seed_extract,post_office,osm:node:12468122488,Mail & More,,,Mail & More,CA,,37.7521309,-121.4354943,Geofabrik OpenStreetMap GeoPackage extract,2026-08-16T00:08:49Z,open,ODbL; attribution and share-alike required,packet_ready,geofabrik_post_office_extract_address_limited
ca-geofabrik-post-office-seed,CA Geofabrik post-office seed extract,breadth_first_post_office_seed_extract,post_office,osm:way:978576375,Mail 'N More,,,Mail 'N More,CA,,38.9354719,-121.0919629,Geofabrik OpenStreetMap GeoPackage extract,2026-08-16T00:08:49Z,open,ODbL; attribution and share-alike required,packet_ready,geofabrik_post_office_extract_address_limited
ca-geofabrik-post-office-seed,CA Geofabrik post-office seed extract,breadth_first_post_office_seed_extract,post_office,osm:node:5140235358,Mail Access,,,Mail Access,CA,,37.7648161,-122.4320546,Geofabrik OpenStreetMap GeoPackage extract,2026-08-16T00:08:49Z,open,ODbL; attribution and share-alike required,packet_ready,geofabrik_post_office_extract_address_limited
ca-geofabrik-post-office-seed,CA Geofabrik post-office seed extract,breadth_first_post_office_seed_extract,post_office,osm:node:2619982673,Mail All Center,,,Mail All Center,CA,,37.3730002,-122.0878197,Geofabrik OpenStreetMap GeoPackage extract,2026-08-16T00:08:49Z,open,ODbL; attribution and share-alike required,packet_ready,geofabrik_post_office_extract_address_limited
ca-geofabrik-post-office-seed,CA Geofabrik post-office seed extract,breadth_first_post_office_seed_extract,post_office,osm:node:5409543180,Mail Biz,,,Mail Biz,CA,,40.6117026,-122.3801480,Geofabrik OpenStreetMap GeoPackage extract,2026-08-16T00:08:49Z,open,ODbL; attribution and share-alike required,packet_ready,geofabrik_post_office_extract_address_limited
ca-geofabrik-post-office-seed,CA Geofabrik post-office seed extract,breadth_first_post_office_seed_extract,post_office,osm:node:5402931094,Mail Biz Etc.,,,Mail Biz Etc.,CA,,38.8182212,-121.1908090,Geofabrik OpenStreetMap GeoPackage extract,2026-08-16T00:08:49Z,open,ODbL; attribution and share-alike required,packet_ready,geofabrik_post_office_extract_address_limited
ca-geofabrik-post-office-seed,CA Geofabrik post-office seed extract,breadth_first_post_office_seed_extract,post_office,osm:node:4675911575,Mail Boxes & More,,,Mail Boxes & More,CA,,37.8701461,-122.2825934,Geofabrik OpenStreetMap GeoPackage extract,2026-08-16T00:08:49Z,open,ODbL; attribution and share-alike required,packet_ready,geofabrik_post_office_extract_address_limited
ca-geofabrik-post-office-seed,CA Geofabrik post-office seed extract,breadth_first_post_office_seed_extract,post_office,osm:node:7426765496,Mail Boxes Etc.,,,Mail Boxes Etc.,CA,,38.7906204,-120.9418389,Geofabrik OpenStreetMap GeoPackage extract,2026-08-16T00:08:49Z,open,ODbL; attribution and share-alike required,packet_ready,geofabrik_post_office_extract_address_limited
ca-geofabrik-post-office-seed,CA Geofabrik post-office seed extract,breadth_first_post_office_seed_extract,post_office,osm:node:7426765498,Mail Boxes Etc.,,,Mail Boxes Etc.,CA,,38.7906696,-120.9374009,Geofabrik OpenStreetMap GeoPackage extract,2026-08-16T00:08:49Z,open,ODbL; attribution and share-alike required,packet_ready,geofabrik_post_office_extract_address_limited
ca-geofabrik-post-office-seed,CA Geofabrik post-office seed extract,breadth_first_post_office_seed_extract,post_office,osm:node:7426765499,Mail Boxes Etc.,,,Mail Boxes Etc.,CA,,38.7849343,-120.9326635,Geofabrik OpenStreetMap GeoPackage extract,2026-08-16T00:08:49Z,open,ODbL; attribution and share-alike required,packet_ready,geofabrik_post_office_extract_address_limited
ca-geofabrik-post-office-seed,CA Geofabrik post-office seed extract,breadth_first_post_office_seed_extract,post_office,osm:way:984213196,Mail Boxes Etc.,,,Mail Boxes Etc.,CA,,36.7421128,-119.7044663,Geofabrik OpenStreetMap GeoPackage extract,2026-08-16T00:08:49Z,open,ODbL; attribution and share-alike required,packet_ready,geofabrik_post_office_extract_address_limited
ca-geofabrik-post-office-seed,CA Geofabrik post-office seed extract,breadth_first_post_office_seed_extract,post_office,osm:node:12965250224,Mail Room,,,Mail Room,CA,,40.8740158,-124.0800880,Geofabrik OpenStreetMap GeoPackage extract,2026-08-16T00:08:49Z,open,ODbL; attribution and share-alike required,packet_ready,geofabrik_post_office_extract_address_limited
ca-geofabrik-post-office-seed,CA Geofabrik post-office seed extract,breadth_first_post_office_seed_extract,post_office,osm:node:5271013150,Mail Room,,,Mail Room,CA,,40.8787655,-124.0786840,Geofabrik OpenStreetMap GeoPackage extract,2026-08-16T00:08:49Z,open,ODbL; attribution and share-alike required,packet_ready,geofabrik_post_office_extract_address_limited
ca-geofabrik-post-office-seed,CA Geofabrik post-office seed extract,breadth_first_post_office_seed_extract,post_office,osm:node:12047230543,Mail Run Business Center,,,Mail Run Business Center,CA,,36.8494944,-119.7280694,Geofabrik OpenStreetMap GeoPackage extract,2026-08-16T00:08:49Z,open,ODbL; attribution and share-alike required,packet_ready,geofabrik_post_office_extract_address_limited
ca-geofabrik-post-office-seed,CA Geofabrik post-office seed extract,breadth_first_post_office_seed_extract,post_office,osm:node:9269172419,Mail Station,,,Mail Station,CA,,37.3195762,-121.9748419,Geofabrik OpenStreetMap GeoPackage extract,2026-08-16T00:08:49Z,open,ODbL; attribution and share-alike required,packet_ready,geofabrik_post_office_extract_address_limited
ca-geofabrik-post-office-seed,CA Geofabrik post-office seed extract,breadth_first_post_office_seed_extract,post_office,osm:node:7100399100,Mail Stop,,,Mail Stop,CA,,37.2381526,-121.8312840,Geofabrik OpenStreetMap GeoPackage extract,2026-08-16T00:08:49Z,open,ODbL; attribution and share-alike required,packet_ready,geofabrik_post_office_extract_address_limited
ca-geofabrik-post-office-seed,CA Geofabrik post-office seed extract,breadth_first_post_office_seed_extract,post_office,osm:node:7262587465,Mailbiz,,,Mailbiz,CA,,40.5741752,-122.4152769,Geofabrik OpenStreetMap GeoPackage extract,2026-08-16T00:08:49Z,open,ODbL; attribution and share-alike required,packet_ready,geofabrik_post_office_extract_address_limited
ca-geofabrik-post-office-seed,CA Geofabrik post-office seed extract,breadth_first_post_office_seed_extract,post_office,osm:node:8288098806,Mailbox & More,,,Mailbox & More,CA,,37.2276460,-121.7750879,Geofabrik OpenStreetMap GeoPackage extract,2026-08-16T00:08:49Z,open,ODbL; attribution and share-alike required,packet_ready,geofabrik_post_office_extract_address_limited
ca-geofabrik-post-office-seed,CA Geofabrik post-office seed extract,breadth_first_post_office_seed_extract,post_office,osm:node:11933485193,Mailboxes Plus,,,Mailboxes Plus,CA,,38.7457170,-121.2573989,Geofabrik OpenStreetMap GeoPackage extract,2026-08-16T00:08:49Z,open,ODbL; attribution and share-alike required,packet_ready,geofabrik_post_office_extract_address_limited
ca-geofabrik-post-office-seed,CA Geofabrik post-office seed extract,breadth_first_post_office_seed_extract,post_office,osm:node:8604433234,Mailing Service Center,,,Mailing Service Center,CA,,37.3394776,-121.9385055,Geofabrik OpenStreetMap GeoPackage extract,2026-08-16T00:08:49Z,open,ODbL; attribution and share-alike required,packet_ready,geofabrik_post_office_extract_address_limited
ca-geofabrik-post-office-seed,CA Geofabrik post-office seed extract,breadth_first_post_office_seed_extract,post_office,osm:node:13352532962,Mainstreet Mailbox & Business Center,,,Mainstreet Mailbox & Business Center,CA,,37.8145267,-121.2174502,Geofabrik OpenStreetMap GeoPackage extract,2026-08-16T00:08:49Z,open,ODbL; attribution and share-alike required,packet_ready,geofabrik_post_office_extract_address_limited
ca-geofabrik-post-office-seed,CA Geofabrik post-office seed extract,breadth_first_post_office_seed_extract,post_office,osm:node:358816438,Mammoth Lakes Post Office,,,Mammoth Lakes,CA,,37.6489669,-118.9708865,Geofabrik OpenStreetMap GeoPackage extract,2026-08-16T00:08:49Z,open,ODbL; attribution and share-alike required,packet_ready,geofabrik_post_office_extract_address_limited
ca-geofabrik-post-office-seed,CA Geofabrik post-office seed extract,breadth_first_post_office_seed_extract,post_office,osm:node:541343524,Manchester Post Office,,,Manchester,CA,,38.9702640,-123.6867170,Geofabrik OpenStreetMap GeoPackage extract,2026-08-16T00:08:49Z,open,ODbL; attribution and share-alike required,packet_ready,geofabrik_post_office_extract_address_limited
ca-geofabrik-post-office-seed,CA Geofabrik post-office seed extract,breadth_first_post_office_seed_extract,post_office,osm:way:25270928,Manteca Post Office,,,Manteca,CA,,37.7987843,-121.2182590,Geofabrik OpenStreetMap GeoPackage extract,2026-08-16T00:08:49Z,open,ODbL; attribution and share-alike required,packet_ready,geofabrik_post_office_extract_address_limited
ca-geofabrik-post-office-seed,CA Geofabrik post-office seed extract,breadth_first_post_office_seed_extract,post_office,osm:node:5106546095,Manton Postal Service,,,Manton Postal Service,CA,,40.4347957,-121.8706730,Geofabrik OpenStreetMap GeoPackage extract,2026-08-16T00:08:49Z,open,ODbL; attribution and share-alike required,packet_ready,geofabrik_post_office_extract_address_limited
ca-geofabrik-post-office-seed,CA Geofabrik post-office seed extract,breadth_first_post_office_seed_extract,post_office,osm:node:358851592,Marcus Foster Station Oakland Post Office,,,Marcus Foster Station Oakland,CA,,37.7481508,-122.1737090,Geofabrik OpenStreetMap GeoPackage extract,2026-08-16T00:08:49Z,open,ODbL; attribution and share-alike required,packet_ready,geofabrik_post_office_extract_address_limited
ca-geofabrik-post-office-seed,CA Geofabrik post-office seed extract,breadth_first_post_office_seed_extract,post_office,osm:node:358855358,Marina,,,Marina,CA,,37.7997929,-122.4352040,Geofabrik OpenStreetMap GeoPackage extract,2026-08-16T00:08:49Z,open,ODbL; attribution and share-alike required,packet_ready,geofabrik_post_office_extract_address_limited
ca-geofabrik-post-office-seed,CA Geofabrik post-office seed extract,breadth_first_post_office_seed_extract,post_office,osm:way:781125804,Marina City Post Office,,,Marina City,CA,,36.6837334,-121.7934038,Geofabrik OpenStreetMap GeoPackage extract,2026-08-16T00:08:49Z,open,ODbL; attribution and share-alike required,packet_ready,geofabrik_post_office_extract_address_limited
ca-geofabrik-post-office-seed,CA Geofabrik post-office seed extract,breadth_first_post_office_seed_extract,post_office,osm:node:2383254148,Marina Green Retail,,,Marina Green Retail,CA,,37.8045051,-122.4337479,Geofabrik OpenStreetMap GeoPackage extract,2026-08-16T00:08:49Z,open,ODbL; attribution and share-alike required,packet_ready,geofabrik_post_office_extract_address_limited
ca-geofabrik-post-office-seed,CA Geofabrik post-office seed extract,breadth_first_post_office_seed_extract,post_office,osm:node:358833567,Mariposa Post Office,,,Mariposa,CA,,37.4886402,-119.9706077,Geofabrik OpenStreetMap GeoPackage extract,2026-08-16T00:08:49Z,open,ODbL; attribution and share-alike required,packet_ready,geofabrik_post_office_extract_address_limited
ca-geofabrik-post-office-seed,CA Geofabrik post-office seed extract,breadth_first_post_office_seed_extract,post_office,osm:node:358827462,Markleeville Post Office,,,Markleeville,CA,,38.6950679,-119.7801678,Geofabrik OpenStreetMap GeoPackage extract,2026-08-16T00:08:49Z,open,ODbL; attribution and share-alike required,packet_ready,geofabrik_post_office_extract_address_limited
ca-geofabrik-post-office-seed,CA Geofabrik post-office seed extract,breadth_first_post_office_seed_extract,post_office,osm:way:557516028,Marshall Post Office,,,Marshall,CA,,38.1515714,-122.8874035,Geofabrik OpenStreetMap GeoPackage extract,2026-08-16T00:08:49Z,open,ODbL; attribution and share-alike required,packet_ready,geofabrik_post_office_extract_address_limited
ca-geofabrik-post-office-seed,CA Geofabrik post-office seed extract,breadth_first_post_office_seed_extract,post_office,osm:way:65066729,Martinez,,,Martinez,CA,,37.9925896,-122.1318000,Geofabrik OpenStreetMap GeoPackage extract,2026-08-16T00:08:49Z,open,ODbL; attribution and share-alike required,packet_ready,geofabrik_post_office_extract_address_limited
ca-geofabrik-post-office-seed,CA Geofabrik post-office seed extract,breadth_first_post_office_seed_extract,post_office,osm:node:358823264,Marysville Post Office,,,Marysville,CA,,39.1396143,-121.5869100,Geofabrik OpenStreetMap GeoPackage extract,2026-08-16T00:08:49Z,open,ODbL; attribution and share-alike required,packet_ready,geofabrik_post_office_extract_address_limited
ca-geofabrik-post-office-seed,CA Geofabrik post-office seed extract,breadth_first_post_office_seed_extract,post_office,osm:way:559692219,Maxwell Post Office,,,Maxwell,CA,,39.2765556,-122.1952449,Geofabrik OpenStreetMap GeoPackage extract,2026-08-16T00:08:49Z,open,ODbL; attribution and share-alike required,packet_ready,geofabrik_post_office_extract_address_limited
ca-geofabrik-post-office-seed,CA Geofabrik post-office seed extract,breadth_first_post_office_seed_extract,post_office,osm:way:178552276,McCloud Post Office,,,McCloud,CA,,41.2542274,-122.1389443,Geofabrik OpenStreetMap GeoPackage extract,2026-08-16T00:08:49Z,open,ODbL; attribution and share-alike required,packet_ready,geofabrik_post_office_extract_address_limited
ca-geofabrik-post-office-seed,CA Geofabrik post-office seed extract,breadth_first_post_office_seed_extract,post_office,osm:node:358818224,McKinleyville Post Office,,,McKinleyville,CA,,40.9438744,-124.1017349,Geofabrik OpenStreetMap GeoPackage extract,2026-08-16T00:08:49Z,open,ODbL; attribution and share-alike required,packet_ready,geofabrik_post_office_extract_address_limited
ca-geofabrik-post-office-seed,CA Geofabrik post-office seed extract,breadth_first_post_office_seed_extract,post_office,osm:node:358855362,McLaren Station,,,McLaren Station,CA,,37.7268815,-122.4031604,Geofabrik OpenStreetMap GeoPackage extract,2026-08-16T00:08:49Z,open,ODbL; attribution and share-alike required,packet_ready,geofabrik_post_office_extract_address_limited
ca-geofabrik-post-office-seed,CA Geofabrik post-office seed extract,breadth_first_post_office_seed_extract,post_office,osm:node:6632478604,Meest,,,Meest,CA,,37.7800337,-122.4823072,Geofabrik OpenStreetMap GeoPackage extract,2026-08-16T00:08:49Z,open,ODbL; attribution and share-alike required,packet_ready,geofabrik_post_office_extract_address_limited
ca-geofabrik-post-office-seed,CA Geofabrik post-office seed extract,breadth_first_post_office_seed_extract,post_office,osm:node:13549197658,Mendocino Post Office,,,Mendocino,CA,,39.3063112,-123.8003920,Geofabrik OpenStreetMap GeoPackage extract,2026-08-16T00:08:49Z,open,ODbL; attribution and share-alike required,packet_ready,geofabrik_post_office_extract_address_limited
ca-geofabrik-post-office-seed,CA Geofabrik post-office seed extract,breadth_first_post_office_seed_extract,post_office,osm:node:358833928,Mendota Post Office,,,Mendota,CA,,36.7549728,-120.3797599,Geofabrik OpenStreetMap GeoPackage extract,2026-08-16T00:08:49Z,open,ODbL; attribution and share-alike required,packet_ready,geofabrik_post_office_extract_address_limited
ca-geofabrik-post-office-seed,CA Geofabrik post-office seed extract,breadth_first_post_office_seed_extract,post_office,osm:node:358835042,Merced Post Office,,,Merced,CA,,37.3021633,-120.4815788,Geofabrik OpenStreetMap GeoPackage extract,2026-08-16T00:08:49Z,open,ODbL; attribution and share-alike required,packet_ready,geofabrik_post_office_extract_address_limited
ca-geofabrik-post-office-seed,CA Geofabrik post-office seed extract,breadth_first_post_office_seed_extract,post_office,osm:node:358823065,Meridian Post Office,,,Meridian,CA,,39.1435032,-121.9144154,Geofabrik OpenStreetMap GeoPackage extract,2026-08-16T00:08:49Z,open,ODbL; attribution and share-alike required,packet_ready,geofabrik_post_office_extract_address_limited
ca-geofabrik-post-office-seed,CA Geofabrik post-office seed extract,breadth_first_post_office_seed_extract,post_office,osm:way:331127164,Metro Post Office,,,Metro,CA,,38.5822422,-121.4949215,Geofabrik OpenStreetMap GeoPackage extract,2026-08-16T00:08:49Z,open,ODbL; attribution and share-alike required,packet_ready,geofabrik_post_office_extract_address_limited
ca-geofabrik-post-office-seed,CA Geofabrik post-office seed extract,breadth_first_post_office_seed_extract,post_office,osm:way:555011586,Mi-Wuk Post Office,,,Mi Wuk,CA,,38.0641408,-120.1842169,Geofabrik OpenStreetMap GeoPackage extract,2026-08-16T00:08:49Z,open,ODbL; attribution and share-alike required,packet_ready,geofabrik_post_office_extract_address_limited
ca-geofabrik-post-office-seed,CA Geofabrik post-office seed extract,breadth_first_post_office_seed_extract,post_office,osm:way:372648901,Middletown Post Office,,,Middletown,CA,,38.7518272,-122.6158812,Geofabrik OpenStreetMap GeoPackage extract,2026-08-16T00:08:49Z,open,ODbL; attribution and share-alike required,packet_ready,geofabrik_post_office_extract_address_limited
ca-geofabrik-post-office-seed,CA Geofabrik post-office seed extract,breadth_first_post_office_seed_extract,post_office,osm:way:478323696,Midtown Chico Post Office,,,Midtown Chico,CA,,39.7276017,-121.8384637,Geofabrik OpenStreetMap GeoPackage extract,2026-08-16T00:08:49Z,open,ODbL; attribution and share-alike required,packet_ready,geofabrik_post_office_extract_address_limited
ca-geofabrik-post-office-seed,CA Geofabrik post-office seed extract,breadth_first_post_office_seed_extract,post_office,osm:way:544722639,Mill Valley Post Office,,,Mill Valley,CA,,37.9030854,-122.5257251,Geofabrik OpenStreetMap GeoPackage extract,2026-08-16T00:08:49Z,open,ODbL; attribution and share-alike required,packet_ready,geofabrik_post_office_extract_address_limited
ca-geofabrik-post-office-seed,CA Geofabrik post-office seed extract,breadth_first_post_office_seed_extract,post_office,osm:node:13928811902,Millennium Post Office,,,Millennium,CA,,36.3299820,-119.3492800,Geofabrik OpenStreetMap GeoPackage extract,2026-08-16T00:08:49Z,open,ODbL; attribution and share-alike required,packet_ready,geofabrik_post_office_extract_address_limited
ca-geofabrik-post-office-seed,CA Geofabrik post-office seed extract,breadth_first_post_office_seed_extract,post_office,osm:node:11201210271,Mills College at Northeastern University Mail and Copy Center,,,Mills College at Northeastern University Mail and Copy Center,CA,,37.7810808,-122.1814455,Geofabrik OpenStreetMap GeoPackage extract,2026-08-16T00:08:49Z,open,ODbL; attribution and share-alike required,packet_ready,geofabrik_post_office_extract_address_limited
ca-geofabrik-post-office-seed,CA Geofabrik post-office seed extract,breadth_first_post_office_seed_extract,post_office,osm:way:157809684,Milpitas Post Office,,,Milpitas,CA,,37.4233498,-121.9064550,Geofabrik OpenStreetMap GeoPackage extract,2026-08-16T00:08:49Z,open,ODbL; attribution and share-alike required,packet_ready,geofabrik_post_office_extract_address_limited
ca-geofabrik-post-office-seed,CA Geofabrik post-office seed extract,breadth_first_post_office_seed_extract,post_office,osm:node:13928725901,Mira Vista Post Office,,,Mira Vista,CA,,37.9430322,-122.3290734,Geofabrik OpenStreetMap GeoPackage extract,2026-08-16T00:08:49Z,open,ODbL; attribution and share-alike required,packet_ready,geofabrik_post_office_extract_address_limited
ca-geofabrik-post-office-seed,CA Geofabrik post-office seed extract,breadth_first_post_office_seed_extract,post_office,osm:node:358820793,Mira Vista Station Richmond Post Office,,,Mira Vista Station Richmond,CA,,37.9427019,-122.3291370,Geofabrik OpenStreetMap GeoPackage extract,2026-08-16T00:08:49Z,open,ODbL; attribution and share-alike required,packet_ready,geofabrik_post_office_extract_address_limited
ca-geofabrik-post-office-seed,CA Geofabrik post-office seed extract,breadth_first_post_office_seed_extract,post_office,osm:node:358832650,Mission Rafael Post Office,,,Mission Rafael,CA,,37.9728049,-122.5318430,Geofabrik OpenStreetMap GeoPackage extract,2026-08-16T00:08:49Z,open,ODbL; attribution and share-alike required,packet_ready,geofabrik_post_office_extract_address_limited
ca-geofabrik-post-office-seed,CA Geofabrik post-office seed extract,breadth_first_post_office_seed_extract,post_office,osm:node:358819495,Mission San Jose Station Fremont Post Office,,,Mission San Jose Station Fremont,CA,,37.5309578,-121.9205998,Geofabrik OpenStreetMap GeoPackage extract,2026-08-16T00:08:49Z,open,ODbL; attribution and share-alike required,packet_ready,geofabrik_post_office_extract_address_limited
ca-geofabrik-post-office-seed,CA Geofabrik post-office seed extract,breadth_first_post_office_seed_extract,post_office,osm:way:261133923,Mission Station San Francisco Post Office,,,Mission Station San Francisco,CA,,37.7541045,-122.4168456,Geofabrik OpenStreetMap GeoPackage extract,2026-08-16T00:08:49Z,open,ODbL; attribution and share-alike required,packet_ready,geofabrik_post_office_extract_address_limited
ca-geofabrik-post-office-seed,CA Geofabrik post-office seed extract,breadth_first_post_office_seed_extract,post_office,osm:way:469092623,United States Post Office Mission Station Santa Clara California 95051,,,Mission Station Santa Clara California 95051,CA,,37.3455174,-121.9783215,Geofabrik OpenStreetMap GeoPackage extract,2026-08-16T00:08:49Z,open,ODbL; attribution and share-alike required,packet_ready,geofabrik_post_office_extract_address_limited
ca-geofabrik-post-office-seed,CA Geofabrik post-office seed extract,breadth_first_post_office_seed_extract,post_office,osm:way:1043329105,Modesto Post Office,,,Modesto,CA,,37.6553949,-121.0176430,Geofabrik OpenStreetMap GeoPackage extract,2026-08-16T00:08:49Z,open,ODbL; attribution and share-alike required,packet_ready,geofabrik_post_office_extract_address_limited
ca-geofabrik-post-office-seed,CA Geofabrik post-office seed extract,breadth_first_post_office_seed_extract,post_office,osm:node:12802721569,Moffett Field Post Office,,,Moffett Field,CA,,37.4122512,-122.0577674,Geofabrik OpenStreetMap GeoPackage extract,2026-08-16T00:08:49Z,open,ODbL; attribution and share-alike required,packet_ready,geofabrik_post_office_extract_address_limited
ca-geofabrik-post-office-seed,CA Geofabrik post-office seed extract,breadth_first_post_office_seed_extract,post_office,osm:node:358832904,Mokelumne Hill Post Office,,,Mokelumne Hill,CA,,38.3015876,-120.7060210,Geofabrik OpenStreetMap GeoPackage extract,2026-08-16T00:08:49Z,open,ODbL; attribution and share-alike required,packet_ready,geofabrik_post_office_extract_address_limited
ca-geofabrik-post-office-seed,CA Geofabrik post-office seed extract,breadth_first_post_office_seed_extract,post_office,osm:node:358809320,Montague Post Office,,,Montague,CA,,41.7279823,-122.5280471,Geofabrik OpenStreetMap GeoPackage extract,2026-08-16T00:08:49Z,open,ODbL; attribution and share-alike required,packet_ready,geofabrik_post_office_extract_address_limited
ca-geofabrik-post-office-seed,CA Geofabrik post-office seed extract,breadth_first_post_office_seed_extract,post_office,osm:node:6952562487,Monte Rio Post Office,,,Monte Rio,CA,,38.4773832,-122.9977662,Geofabrik OpenStreetMap GeoPackage extract,2026-08-16T00:08:49Z,open,ODbL; attribution and share-alike required,packet_ready,geofabrik_post_office_extract_address_limited
ca-geofabrik-post-office-seed,CA Geofabrik post-office seed extract,breadth_first_post_office_seed_extract,post_office,osm:way:152295707,Monterey Post Office,,,Monterey,CA,,36.5960455,-121.8951105,Geofabrik OpenStreetMap GeoPackage extract,2026-08-16T00:08:49Z,open,ODbL; attribution and share-alike required,packet_ready,geofabrik_post_office_extract_address_limited
ca-geofabrik-post-office-seed,CA Geofabrik post-office seed extract,breadth_first_post_office_seed_extract,post_office,osm:node:358809009,Montgomery Creek Post Office,,,Montgomery Creek,CA,,40.8415447,-121.9247185,Geofabrik OpenStreetMap GeoPackage extract,2026-08-16T00:08:49Z,open,ODbL; attribution and share-alike required,packet_ready,geofabrik_post_office_extract_address_limited
ca-geofabrik-post-office-seed,CA Geofabrik post-office seed extract,breadth_first_post_office_seed_extract,post_office,osm:node:358831546,Montgomery Village Post Office,,,Montgomery Village,CA,,38.4441315,-122.6856160,Geofabrik OpenStreetMap GeoPackage extract,2026-08-16T00:08:49Z,open,ODbL; attribution and share-alike required,packet_ready,geofabrik_post_office_extract_address_limited
ca-geofabrik-post-office-seed,CA Geofabrik post-office seed extract,breadth_first_post_office_seed_extract,post_office,osm:node:4972560064,Moraga Post Office,,,Moraga,CA,,37.8594040,-122.1257020,Geofabrik OpenStreetMap GeoPackage extract,2026-08-16T00:08:49Z,open,ODbL; attribution and share-alike required,packet_ready,geofabrik_post_office_extract_address_limited
ca-geofabrik-post-office-seed,CA Geofabrik post-office seed extract,breadth_first_post_office_seed_extract,post_office,osm:way:27648752,Morgan Hill Post Office,,,Morgan Hill,CA,,37.1205919,-121.6465168,Geofabrik OpenStreetMap GeoPackage extract,2026-08-16T00:08:49Z,open,ODbL; attribution and share-alike required,packet_ready,geofabrik_post_office_extract_address_limited
ca-geofabrik-post-office-seed,CA Geofabrik post-office seed extract,breadth_first_post_office_seed_extract,post_office,osm:node:358830581,Moss Beach Post Office,,,Moss Beach,CA,,37.5287340,-122.5140266,Geofabrik OpenStreetMap GeoPackage extract,2026-08-16T00:08:49Z,open,ODbL; attribution and share-alike required,packet_ready,geofabrik_post_office_extract_address_limited
ca-geofabrik-post-office-seed,CA Geofabrik post-office seed extract,breadth_first_post_office_seed_extract,post_office,osm:node:358817849,Mount Eden Station Hayward Post Office,,,Mount Eden Station Hayward,CA,,37.6332662,-122.0935745,Geofabrik OpenStreetMap GeoPackage extract,2026-08-16T00:08:49Z,open,ODbL; attribution and share-alike required,packet_ready,geofabrik_post_office_extract_address_limited
ca-geofabrik-post-office-seed,CA Geofabrik post-office seed extract,breadth_first_post_office_seed_extract,post_office,osm:node:358805912,Mount Shasta Post Office,,,Mount Shasta,CA,,41.3118190,-122.3119550,Geofabrik OpenStreetMap GeoPackage extract,2026-08-16T00:08:49Z,open,ODbL; attribution and share-alike required,packet_ready,geofabrik_post_office_extract_address_limited
ca-geofabrik-post-office-seed,CA Geofabrik post-office seed extract,breadth_first_post_office_seed_extract,post_office,osm:node:2157969014,Mountain View Hope Street Post Office,,,Mountain View Hope Street,CA,,37.3931009,-122.0777784,Geofabrik OpenStreetMap GeoPackage extract,2026-08-16T00:08:49Z,open,ODbL; attribution and share-alike required,packet_ready,geofabrik_post_office_extract_address_limited
ca-geofabrik-post-office-seed,CA Geofabrik post-office seed extract,breadth_first_post_office_seed_extract,post_office,osm:node:13045909912,Mtn Postal,,,Mtn Postal,CA,,38.9123589,-120.0058330,Geofabrik OpenStreetMap GeoPackage extract,2026-08-16T00:08:49Z,open,ODbL; attribution and share-alike required,packet_ready,geofabrik_post_office_extract_address_limited
ca-geofabrik-post-office-seed,CA Geofabrik post-office seed extract,breadth_first_post_office_seed_extract,post_office,osm:node:358832971,Murphys Post Office,,,Murphys,CA,,38.1379717,-120.4579249,Geofabrik OpenStreetMap GeoPackage extract,2026-08-16T00:08:49Z,open,ODbL; attribution and share-alike required,packet_ready,geofabrik_post_office_extract_address_limited
ca-geofabrik-post-office-seed,CA Geofabrik post-office seed extract,breadth_first_post_office_seed_extract,post_office,osm:node:12918499108,My Mail Box,,,My Mail Box,CA,,37.6890063,-121.0143269,Geofabrik OpenStreetMap GeoPackage extract,2026-08-16T00:08:49Z,open,ODbL; attribution and share-alike required,packet_ready,geofabrik_post_office_extract_address_limited
ca-geofabrik-post-office-seed,CA Geofabrik post-office seed extract,breadth_first_post_office_seed_extract,post_office,osm:node:13912929203,Myers Flat Post Office,,,Myers Flat,CA,,40.2659552,-123.8716340,Geofabrik OpenStreetMap GeoPackage extract,2026-08-16T00:08:49Z,open,ODbL; attribution and share-alike required,packet_ready,geofabrik_post_office_extract_address_limited
ca-geofabrik-post-office-seed,CA Geofabrik post-office seed extract,breadth_first_post_office_seed_extract,post_office,osm:way:463715627,Napa Post Office,,,Napa,CA,,38.3214777,-122.3040726,Geofabrik OpenStreetMap GeoPackage extract,2026-08-16T00:08:49Z,open,ODbL; attribution and share-alike required,packet_ready,geofabrik_post_office_extract_address_limited
ca-geofabrik-post-office-seed,CA Geofabrik post-office seed extract,breadth_first_post_office_seed_extract,post_office,osm:way:21075658,Napoleon Street Carrier Complex,,,Napoleon Street Carrier Complex,CA,,37.7476046,-122.3983899,Geofabrik OpenStreetMap GeoPackage extract,2026-08-16T00:08:49Z,open,ODbL; attribution and share-alike required,packet_ready,geofabrik_post_office_extract_address_limited
ca-geofabrik-post-office-seed,CA Geofabrik post-office seed extract,breadth_first_post_office_seed_extract,post_office,osm:node:13912775701,Nelson Post Office,,,Nelson,CA,,39.5515146,-121.7649380,Geofabrik OpenStreetMap GeoPackage extract,2026-08-16T00:08:49Z,open,ODbL; attribution and share-alike required,packet_ready,geofabrik_post_office_extract_address_limited
ca-geofabrik-post-office-seed,CA Geofabrik post-office seed extract,breadth_first_post_office_seed_extract,post_office,osm:way:952497116,Nevada City Post Office,,,Nevada City,CA,,39.2635599,-121.0168171,Geofabrik OpenStreetMap GeoPackage extract,2026-08-16T00:08:49Z,open,ODbL; attribution and share-alike required,packet_ready,geofabrik_post_office_extract_address_limited
ca-geofabrik-post-office-seed,CA Geofabrik post-office seed extract,breadth_first_post_office_seed_extract,post_office,osm:way:804798812,New Almaden Post Office,,,New Almaden,CA,,37.1792423,-121.8178925,Geofabrik OpenStreetMap GeoPackage extract,2026-08-16T00:08:49Z,open,ODbL; attribution and share-alike required,packet_ready,geofabrik_post_office_extract_address_limited
ca-geofabrik-post-office-seed,CA Geofabrik post-office seed extract,breadth_first_post_office_seed_extract,post_office,osm:way:1295110652,New Pine Creek Post Office,,,New Pine Creek,CA,,41.9935236,-120.2984269,Geofabrik OpenStreetMap GeoPackage extract,2026-08-16T00:08:49Z,open,ODbL; attribution and share-alike required,packet_ready,geofabrik_post_office_extract_address_limited
ca-geofabrik-post-office-seed,CA Geofabrik post-office seed extract,breadth_first_post_office_seed_extract,post_office,osm:way:354902548,Newark Post Office,,,Newark,CA,,37.5292783,-122.0293594,Geofabrik OpenStreetMap GeoPackage extract,2026-08-16T00:08:49Z,open,ODbL; attribution and share-alike required,packet_ready,geofabrik_post_office_extract_address_limited
ca-geofabrik-post-office-seed,CA Geofabrik post-office seed extract,breadth_first_post_office_seed_extract,post_office,osm:node:358823850,Newcastle Post Office,,,Newcastle,CA,,38.8735102,-121.1332800,Geofabrik OpenStreetMap GeoPackage extract,2026-08-16T00:08:49Z,open,ODbL; attribution and share-alike required,packet_ready,geofabrik_post_office_extract_address_limited
ca-geofabrik-post-office-seed,CA Geofabrik post-office seed extract,breadth_first_post_office_seed_extract,post_office,osm:way:170478880,Newman Post Office,,,Newman,CA,,37.3155278,-121.0231058,Geofabrik OpenStreetMap GeoPackage extract,2026-08-16T00:08:49Z,open,ODbL; attribution and share-alike required,packet_ready,geofabrik_post_office_extract_address_limited
ca-geofabrik-post-office-seed,CA Geofabrik post-office seed extract,breadth_first_post_office_seed_extract,post_office,osm:node:358832741,Nicasio Post Office,,,Nicasio,CA,,38.0621859,-122.6985660,Geofabrik OpenStreetMap GeoPackage extract,2026-08-16T00:08:49Z,open,ODbL; attribution and share-alike required,packet_ready,geofabrik_post_office_extract_address_limited
ca-geofabrik-post-office-seed,CA Geofabrik post-office seed extract,breadth_first_post_office_seed_extract,post_office,osm:node:358830191,Nice Post Office,,,Nice,CA,,39.1207799,-122.8367541,Geofabrik OpenStreetMap GeoPackage extract,2026-08-16T00:08:49Z,open,ODbL; attribution and share-alike required,packet_ready,geofabrik_post_office_extract_address_limited
ca-geofabrik-post-office-seed,CA Geofabrik post-office seed extract,breadth_first_post_office_seed_extract,post_office,osm:node:13515617112,Niche Business Cafe,,,Niche Business Cafe,CA,,37.5337004,-121.9982321,Geofabrik OpenStreetMap GeoPackage extract,2026-08-16T00:08:49Z,open,ODbL; attribution and share-alike required,packet_ready,geofabrik_post_office_extract_address_limited
ca-geofabrik-post-office-seed,CA Geofabrik post-office seed extract,breadth_first_post_office_seed_extract,post_office,osm:node:358819516,Niles Station Fremont Post Office,,,Niles Station Fremont,CA,,37.5755564,-121.9769586,Geofabrik OpenStreetMap GeoPackage extract,2026-08-16T00:08:49Z,open,ODbL; attribution and share-alike required,packet_ready,geofabrik_post_office_extract_address_limited
ca-geofabrik-post-office-seed,CA Geofabrik post-office seed extract,breadth_first_post_office_seed_extract,post_office,osm:node:358855368,Noe Valley Station,,,Noe Valley Station,CA,,37.7512114,-122.4336170,Geofabrik OpenStreetMap GeoPackage extract,2026-08-16T00:08:49Z,open,ODbL; attribution and share-alike required,packet_ready,geofabrik_post_office_extract_address_limited
ca-geofabrik-post-office-seed,CA Geofabrik post-office seed extract,breadth_first_post_office_seed_extract,post_office,osm:node:358855370,North Beach Station,,,North Beach Station,CA,,37.8009696,-122.4091790,Geofabrik OpenStreetMap GeoPackage extract,2026-08-16T00:08:49Z,open,ODbL; attribution and share-alike required,packet_ready,geofabrik_post_office_extract_address_limited
ca-geofabrik-post-office-seed,CA Geofabrik post-office seed extract,breadth_first_post_office_seed_extract,post_office,osm:node:358817928,North Berkeley Post Office,,,North Berkeley,CA,,37.8793946,-122.2690133,Geofabrik OpenStreetMap GeoPackage extract,2026-08-16T00:08:49Z,open,ODbL; attribution and share-alike required,packet_ready,geofabrik_post_office_extract_address_limited
ca-geofabrik-post-office-seed,CA Geofabrik post-office seed extract,breadth_first_post_office_seed_extract,post_office,osm:node:6169458991,North Coast Packing and Shipping,,,North Coast Packing and Shipping,CA,,39.4434043,-123.8061875,Geofabrik OpenStreetMap GeoPackage extract,2026-08-16T00:08:49Z,open,ODbL; attribution and share-alike required,packet_ready,geofabrik_post_office_extract_address_limited
ca-geofabrik-post-office-seed,CA Geofabrik post-office seed extract,breadth_first_post_office_seed_extract,post_office,osm:node:358834698,North Fork Post Office,,,North Fork,CA,,37.2299472,-119.5095807,Geofabrik OpenStreetMap GeoPackage extract,2026-08-16T00:08:49Z,open,ODbL; attribution and share-alike required,packet_ready,geofabrik_post_office_extract_address_limited
ca-geofabrik-post-office-seed,CA Geofabrik post-office seed extract,breadth_first_post_office_seed_extract,post_office,osm:node:358835730,North Highlands Post Office,,,North Highlands,CA,,38.6845378,-121.3835460,Geofabrik OpenStreetMap GeoPackage extract,2026-08-16T00:08:49Z,open,ODbL; attribution and share-alike required,packet_ready,geofabrik_post_office_extract_address_limited
ca-geofabrik-post-office-seed,CA Geofabrik post-office seed extract,breadth_first_post_office_seed_extract,post_office,osm:way:1504082640,North San Juan Post Office,,,North San Juan,CA,,39.3704799,-121.1023184,Geofabrik OpenStreetMap GeoPackage extract,2026-08-16T00:08:49Z,open,ODbL; attribution and share-alike required,packet_ready,geofabrik_post_office_extract_address_limited
ca-geofabrik-post-office-seed,CA Geofabrik post-office seed extract,breadth_first_post_office_seed_extract,post_office,osm:node:358833200,Novato Post Office,,,Novato,CA,,38.0963091,-122.5697030,Geofabrik OpenStreetMap GeoPackage extract,2026-08-16T00:08:49Z,open,ODbL; attribution and share-alike required,packet_ready,geofabrik_post_office_extract_address_limited
ca-geofabrik-post-office-seed,CA Geofabrik post-office seed extract,breadth_first_post_office_seed_extract,post_office,osm:way:853351372,Nubieber Post Office,,,Nubieber,CA,,41.0971483,-121.1801866,Geofabrik OpenStreetMap GeoPackage extract,2026-08-16T00:08:49Z,open,ODbL; attribution and share-alike required,packet_ready,geofabrik_post_office_extract_address_limited
ca-geofabrik-post-office-seed,CA Geofabrik post-office seed extract,breadth_first_post_office_seed_extract,post_office,osm:way:111249465,Oak Grove Station Menlo Park Post Office,,,Oak Grove Station Menlo Park,CA,,37.4535028,-122.1846983,Geofabrik OpenStreetMap GeoPackage extract,2026-08-16T00:08:49Z,open,ODbL; attribution and share-alike required,packet_ready,geofabrik_post_office_extract_address_limited
ca-geofabrik-post-office-seed,CA Geofabrik post-office seed extract,breadth_first_post_office_seed_extract,post_office,osm:node:358852405,Oak Park Post Office,,,Oak Park,CA,,38.5499060,-121.4688430,Geofabrik OpenStreetMap GeoPackage extract,2026-08-16T00:08:49Z,open,ODbL; attribution and share-alike required,packet_ready,geofabrik_post_office_extract_address_limited
ca-geofabrik-post-office-seed,CA Geofabrik post-office seed extract,breadth_first_post_office_seed_extract,post_office,osm:node:13900000908,Oakdale Post Office,,,Oakdale,CA,,37.7652157,-120.8533379,Geofabrik OpenStreetMap GeoPackage extract,2026-08-16T00:08:49Z,open,ODbL; attribution and share-alike required,packet_ready,geofabrik_post_office_extract_address_limited
ca-geofabrik-post-office-seed,CA Geofabrik post-office seed extract,breadth_first_post_office_seed_extract,post_office,osm:way:673506876,Oakhurst Post Office,,,Oakhurst,CA,,37.3310902,-119.6603334,Geofabrik OpenStreetMap GeoPackage extract,2026-08-16T00:08:49Z,open,ODbL; attribution and share-alike required,packet_ready,geofabrik_post_office_extract_address_limited
ca-geofabrik-post-office-seed,CA Geofabrik post-office seed extract,breadth_first_post_office_seed_extract,post_office,osm:node:5567449835,Oakland Main Post Office,,,Oakland Main,CA,,37.8061676,-122.3002840,Geofabrik OpenStreetMap GeoPackage extract,2026-08-16T00:08:49Z,open,ODbL; attribution and share-alike required,packet_ready,geofabrik_post_office_extract_address_limited
ca-geofabrik-post-office-seed,CA Geofabrik post-office seed extract,breadth_first_post_office_seed_extract,post_office,osm:way:970534536,Oakley Post Office,,,Oakley,CA,,37.9953365,-121.7076594,Geofabrik OpenStreetMap GeoPackage extract,2026-08-16T00:08:49Z,open,ODbL; attribution and share-alike required,packet_ready,geofabrik_post_office_extract_address_limited
ca-geofabrik-post-office-seed,CA Geofabrik post-office seed extract,breadth_first_post_office_seed_extract,post_office,osm:node:358851312,Oakville Post Office,,,Oakville,CA,,38.4374886,-122.4031270,Geofabrik OpenStreetMap GeoPackage extract,2026-08-16T00:08:49Z,open,ODbL; attribution and share-alike required,packet_ready,geofabrik_post_office_extract_address_limited
ca-geofabrik-post-office-seed,CA Geofabrik post-office seed extract,breadth_first_post_office_seed_extract,post_office,osm:node:6001490985,Occidental Post Office,,,Occidental,CA,,38.4090967,-122.9482333,Geofabrik OpenStreetMap GeoPackage extract,2026-08-16T00:08:49Z,open,ODbL; attribution and share-alike required,packet_ready,geofabrik_post_office_extract_address_limited
ca-geofabrik-post-office-seed,CA Geofabrik post-office seed extract,breadth_first_post_office_seed_extract,post_office,osm:way:295191084,Olancha Post Office,,,Olancha,CA,,36.2812368,-118.0053524,Geofabrik OpenStreetMap GeoPackage extract,2026-08-16T00:08:49Z,open,ODbL; attribution and share-alike required,packet_ready,geofabrik_post_office_extract_address_limited
ca-geofabrik-post-office-seed,CA Geofabrik post-office seed extract,breadth_first_post_office_seed_extract,post_office,osm:way:753874827,Old Station Post Office,,,Old Station,CA,,40.6511296,-121.4599020,Geofabrik OpenStreetMap GeoPackage extract,2026-08-16T00:08:49Z,open,ODbL; attribution and share-alike required,packet_ready,geofabrik_post_office_extract_address_limited
ca-geofabrik-post-office-seed,CA Geofabrik post-office seed extract,breadth_first_post_office_seed_extract,post_office,osm:node:358832686,Olema Post Office,,,Olema,CA,,38.0443116,-122.7898670,Geofabrik OpenStreetMap GeoPackage extract,2026-08-16T00:08:49Z,open,ODbL; attribution and share-alike required,packet_ready,geofabrik_post_office_extract_address_limited
ca-geofabrik-post-office-seed,CA Geofabrik post-office seed extract,breadth_first_post_office_seed_extract,post_office,osm:node:6601600413,Olivehurst Post Office,,,Olivehurst,CA,,39.0983730,-121.5518100,Geofabrik OpenStreetMap GeoPackage extract,2026-08-16T00:08:49Z,open,ODbL; attribution and share-alike required,packet_ready,geofabrik_post_office_extract_address_limited
ca-geofabrik-post-office-seed,CA Geofabrik post-office seed extract,breadth_first_post_office_seed_extract,post_office,osm:node:7566849099,Olympic Valley Post Office,,,Olympic Valley,CA,,39.1995962,-120.2287219,Geofabrik OpenStreetMap GeoPackage extract,2026-08-16T00:08:49Z,open,ODbL; attribution and share-alike required,packet_ready,geofabrik_post_office_extract_address_limited
ca-geofabrik-post-office-seed,CA Geofabrik post-office seed extract,breadth_first_post_office_seed_extract,post_office,osm:node:358834517,Orange Cove Post Office,,,Orange Cove,CA,,36.6246718,-119.3117856,Geofabrik OpenStreetMap GeoPackage extract,2026-08-16T00:08:49Z,open,ODbL; attribution and share-alike required,packet_ready,geofabrik_post_office_extract_address_limited
ca-geofabrik-post-office-seed,CA Geofabrik post-office seed extract,breadth_first_post_office_seed_extract,post_office,osm:node:358815804,Orangevale Post Office,,,Orangevale,CA,,38.6798387,-121.2261620,Geofabrik OpenStreetMap GeoPackage extract,2026-08-16T00:08:49Z,open,ODbL; attribution and share-alike required,packet_ready,geofabrik_post_office_extract_address_limited
ca-geofabrik-post-office-seed,CA Geofabrik post-office seed extract,breadth_first_post_office_seed_extract,post_office,osm:way:1118480039,Oregon House Post Office,,,Oregon House,CA,,39.3574567,-121.2755064,Geofabrik OpenStreetMap GeoPackage extract,2026-08-16T00:08:49Z,open,ODbL; attribution and share-alike required,packet_ready,geofabrik_post_office_extract_address_limited
ca-geofabrik-post-office-seed,CA Geofabrik post-office seed extract,breadth_first_post_office_seed_extract,post_office,osm:node:13912881101,Orick Post Office,,,Orick,CA,,41.2902030,-124.0578200,Geofabrik OpenStreetMap GeoPackage extract,2026-08-16T00:08:49Z,open,ODbL; attribution and share-alike required,packet_ready,geofabrik_post_office_extract_address_limited
ca-geofabrik-post-office-seed,CA Geofabrik post-office seed extract,breadth_first_post_office_seed_extract,post_office,osm:node:12152178398,Orinda Post Office,,,Orinda,CA,,37.8828613,-122.1900160,Geofabrik OpenStreetMap GeoPackage extract,2026-08-16T00:08:49Z,open,ODbL; attribution and share-alike required,packet_ready,geofabrik_post_office_extract_address_limited
ca-geofabrik-post-office-seed,CA Geofabrik post-office seed extract,breadth_first_post_office_seed_extract,post_office,osm:way:752902928,Orland Post Office,,,Orland,CA,,39.7453985,-122.1939104,Geofabrik OpenStreetMap GeoPackage extract,2026-08-16T00:08:49Z,open,ODbL; attribution and share-alike required,packet_ready,geofabrik_post_office_extract_address_limited
ca-geofabrik-post-office-seed,CA Geofabrik post-office seed extract,breadth_first_post_office_seed_extract,post_office,osm:node:4270977722,Orleans Post Office,,,Orleans,CA,,41.3022692,-123.5383083,Geofabrik OpenStreetMap GeoPackage extract,2026-08-16T00:08:49Z,open,ODbL; attribution and share-alike required,packet_ready,geofabrik_post_office_extract_address_limited
ca-geofabrik-post-office-seed,CA Geofabrik post-office seed extract,breadth_first_post_office_seed_extract,post_office,osm:way:1220145096,Orosi Post Office,,,Orosi,CA,,36.5396698,-119.2874335,Geofabrik OpenStreetMap GeoPackage extract,2026-08-16T00:08:49Z,open,ODbL; attribution and share-alike required,packet_ready,geofabrik_post_office_extract_address_limited
ca-geofabrik-post-office-seed,CA Geofabrik post-office seed extract,breadth_first_post_office_seed_extract,post_office,osm:way:474425454,Oroville Post Office,,,Oroville,CA,,39.5111796,-121.5573898,Geofabrik OpenStreetMap GeoPackage extract,2026-08-16T00:08:49Z,open,ODbL; attribution and share-alike required,packet_ready,geofabrik_post_office_extract_address_limited
ca-geofabrik-post-office-seed,CA Geofabrik post-office seed extract,breadth_first_post_office_seed_extract,post_office,osm:node:11933483612,PJ's Mail & Parcel,,,PJ's Mail & Parcel,CA,,38.8873961,-121.2932218,Geofabrik OpenStreetMap GeoPackage extract,2026-08-16T00:08:49Z,open,ODbL; attribution and share-alike required,packet_ready,geofabrik_post_office_extract_address_limited
ca-geofabrik-post-office-seed,CA Geofabrik post-office seed extract,breadth_first_post_office_seed_extract,post_office,osm:node:2321299183,PO Plus,,,PO Plus,CA,,37.7596031,-122.4351172,Geofabrik OpenStreetMap GeoPackage extract,2026-08-16T00:08:49Z,open,ODbL; attribution and share-alike required,packet_ready,geofabrik_post_office_extract_address_limited
ca-geofabrik-post-office-seed,CA Geofabrik post-office seed extract,breadth_first_post_office_seed_extract,post_office,osm:way:224441584,Pacific Grove Post Office,,,Pacific Grove,CA,,36.6226331,-121.9201965,Geofabrik OpenStreetMap GeoPackage extract,2026-08-16T00:08:49Z,open,ODbL; attribution and share-alike required,packet_ready,geofabrik_post_office_extract_address_limited
ca-geofabrik-post-office-seed,CA Geofabrik post-office seed extract,breadth_first_post_office_seed_extract,post_office,osm:node:358830428,Pacifica Post Office,,,Pacifica,CA,,37.6492489,-122.4926660,Geofabrik OpenStreetMap GeoPackage extract,2026-08-16T00:08:49Z,open,ODbL; attribution and share-alike required,packet_ready,geofabrik_post_office_extract_address_limited
ca-geofabrik-post-office-seed,CA Geofabrik post-office seed extract,breadth_first_post_office_seed_extract,post_office,osm:node:1669545505,Pack & Mail Express,,,Pack & Mail Express,CA,,37.4847789,-122.2322516,Geofabrik OpenStreetMap GeoPackage extract,2026-08-16T00:08:49Z,open,ODbL; attribution and share-alike required,packet_ready,geofabrik_post_office_extract_address_limited
ca-geofabrik-post-office-seed,CA Geofabrik post-office seed extract,breadth_first_post_office_seed_extract,post_office,osm:node:3748096223,Package 2 Post,,,Package 2 Post,CA,,38.2896650,-122.0323336,Geofabrik OpenStreetMap GeoPackage extract,2026-08-16T00:08:49Z,open,ODbL; attribution and share-alike required,packet_ready,geofabrik_post_office_extract_address_limited
ca-geofabrik-post-office-seed,CA Geofabrik post-office seed extract,breadth_first_post_office_seed_extract,post_office,osm:node:12239069562,Package Depot,,,Package Depot,CA,,36.3243128,-119.2760944,Geofabrik OpenStreetMap GeoPackage extract,2026-08-16T00:08:49Z,open,ODbL; attribution and share-alike required,packet_ready,geofabrik_post_office_extract_address_limited
ca-geofabrik-post-office-seed,CA Geofabrik post-office seed extract,breadth_first_post_office_seed_extract,post_office,osm:node:5938102946,Pages,,,Pages,CA,,41.3144586,-122.3136885,Geofabrik OpenStreetMap GeoPackage extract,2026-08-16T00:08:49Z,open,ODbL; attribution and share-alike required,packet_ready,geofabrik_post_office_extract_address_limited
ca-geofabrik-post-office-seed,CA Geofabrik post-office seed extract,breadth_first_post_office_seed_extract,post_office,osm:node:358835550,Paicines Post Office,,,Paicines,CA,,36.7283105,-121.2785108,Geofabrik OpenStreetMap GeoPackage extract,2026-08-16T00:08:49Z,open,ODbL; attribution and share-alike required,packet_ready,geofabrik_post_office_extract_address_limited
ca-geofabrik-post-office-seed,CA Geofabrik post-office seed extract,breadth_first_post_office_seed_extract,post_office,osm:node:13288293115,Pak Mail,,,Pak Mail,CA,,38.0173236,-122.1368068,Geofabrik OpenStreetMap GeoPackage extract,2026-08-16T00:08:49Z,open,ODbL; attribution and share-alike required,packet_ready,geofabrik_post_office_extract_address_limited
ca-geofabrik-post-office-seed,CA Geofabrik post-office seed extract,breadth_first_post_office_seed_extract,post_office,osm:way:80482637,Palo Alto Post Office,,,Palo Alto,CA,,37.4458027,-122.1592593,Geofabrik OpenStreetMap GeoPackage extract,2026-08-16T00:08:49Z,open,ODbL; attribution and share-alike required,packet_ready,geofabrik_post_office_extract_address_limited
ca-geofabrik-post-office-seed,CA Geofabrik post-office seed extract,breadth_first_post_office_seed_extract,post_office,osm:way:230508175,Palo Alto Main Post Office,,,Palo Alto Main,CA,,37.4516670,-122.1244018,Geofabrik OpenStreetMap GeoPackage extract,2026-08-16T00:08:49Z,open,ODbL; attribution and share-alike required,packet_ready,geofabrik_post_office_extract_address_limited
ca-geofabrik-post-office-seed,CA Geofabrik post-office seed extract,breadth_first_post_office_seed_extract,post_office,osm:way:1087431070,Palo Cedro Post Office,,,Palo Cedro,CA,,40.5618440,-122.2403615,Geofabrik OpenStreetMap GeoPackage extract,2026-08-16T00:08:49Z,open,ODbL; attribution and share-alike required,packet_ready,geofabrik_post_office_extract_address_limited
ca-geofabrik-post-office-seed,CA Geofabrik post-office seed extract,breadth_first_post_office_seed_extract,post_office,osm:node:13912682101,Paradise Post Office,,,Paradise,CA,,37.6164131,-121.0338035,Geofabrik OpenStreetMap GeoPackage extract,2026-08-16T00:08:49Z,open,ODbL; attribution and share-alike required,packet_ready,geofabrik_post_office_extract_address_limited
ca-geofabrik-post-office-seed,CA Geofabrik post-office seed extract,breadth_first_post_office_seed_extract,post_office,osm:node:358824460,Paradise Post Office,,,Paradise,CA,,39.7548839,-121.6246955,Geofabrik OpenStreetMap GeoPackage extract,2026-08-16T00:08:49Z,open,ODbL; attribution and share-alike required,packet_ready,geofabrik_post_office_extract_address_limited
ca-geofabrik-post-office-seed,CA Geofabrik post-office seed extract,breadth_first_post_office_seed_extract,post_office,osm:node:5600856273,Paradise Post Office,,,Paradise,CA,,39.7714382,-121.5973102,Geofabrik OpenStreetMap GeoPackage extract,2026-08-16T00:08:49Z,open,ODbL; attribution and share-alike required,packet_ready,geofabrik_post_office_extract_address_limited
ca-geofabrik-post-office-seed,CA Geofabrik post-office seed extract,breadth_first_post_office_seed_extract,post_office,osm:node:310972976,Park Central Station,,,Park Central Station,CA,,37.7629904,-122.2428141,Geofabrik OpenStreetMap GeoPackage extract,2026-08-16T00:08:49Z,open,ODbL; attribution and share-alike required,packet_ready,geofabrik_post_office_extract_address_limited
ca-geofabrik-post-office-seed,CA Geofabrik post-office seed extract,breadth_first_post_office_seed_extract,post_office,osm:node:7176677261,Parkmoor Post Office,,,Parkmoor,CA,,37.3185619,-121.9143051,Geofabrik OpenStreetMap GeoPackage extract,2026-08-16T00:08:49Z,open,ODbL; attribution and share-alike required,packet_ready,geofabrik_post_office_extract_address_limited
ca-geofabrik-post-office-seed,CA Geofabrik post-office seed extract,breadth_first_post_office_seed_extract,post_office,osm:way:284859277,Parkside Post Office,,,Parkside,CA,,37.7428941,-122.4856596,Geofabrik OpenStreetMap GeoPackage extract,2026-08-16T00:08:49Z,open,ODbL; attribution and share-alike required,packet_ready,geofabrik_post_office_extract_address_limited
ca-geofabrik-post-office-seed,CA Geofabrik post-office seed extract,breadth_first_post_office_seed_extract,post_office,osm:node:358852408,Parkway Post Office,,,Parkway,CA,,38.4829634,-121.4541205,Geofabrik OpenStreetMap GeoPackage extract,2026-08-16T00:08:49Z,open,ODbL; attribution and share-alike required,packet_ready,geofabrik_post_office_extract_address_limited
ca-geofabrik-post-office-seed,CA Geofabrik post-office seed extract,breadth_first_post_office_seed_extract,post_office,osm:way:61168950,Parlier Post Office,,,Parlier,CA,,36.6114880,-119.5308457,Geofabrik OpenStreetMap GeoPackage extract,2026-08-16T00:08:49Z,open,ODbL; attribution and share-alike required,packet_ready,geofabrik_post_office_extract_address_limited
ca-geofabrik-post-office-seed,CA Geofabrik post-office seed extract,breadth_first_post_office_seed_extract,post_office,osm:node:13685409770,Passport Office,,,Passport Office,CA,,38.5712546,-121.5686784,Geofabrik OpenStreetMap GeoPackage extract,2026-08-16T00:08:49Z,open,ODbL; attribution and share-alike required,packet_ready,geofabrik_post_office_extract_address_limited
ca-geofabrik-post-office-seed,CA Geofabrik post-office seed extract,breadth_first_post_office_seed_extract,post_office,osm:node:358831662,Penngrove Post Office,,,Penngrove,CA,,38.2965822,-122.6666530,Geofabrik OpenStreetMap GeoPackage extract,2026-08-16T00:08:49Z,open,ODbL; attribution and share-alike required,packet_ready,geofabrik_post_office_extract_address_limited
ca-geofabrik-post-office-seed,CA Geofabrik post-office seed extract,breadth_first_post_office_seed_extract,post_office,osm:node:358823861,Penryn Post Office,,,Penryn,CA,,38.8518439,-121.1688371,Geofabrik OpenStreetMap GeoPackage extract,2026-08-16T00:08:49Z,open,ODbL; attribution and share-alike required,packet_ready,geofabrik_post_office_extract_address_limited
ca-geofabrik-post-office-seed,CA Geofabrik post-office seed extract,breadth_first_post_office_seed_extract,post_office,osm:node:358852411,Perkins Post Office,,,Perkins,CA,,38.5446288,-121.3432845,Geofabrik OpenStreetMap GeoPackage extract,2026-08-16T00:08:49Z,open,ODbL; attribution and share-alike required,packet_ready,geofabrik_post_office_extract_address_limited
ca-geofabrik-post-office-seed,CA Geofabrik post-office seed extract,breadth_first_post_office_seed_extract,post_office,osm:way:239949115,Pescadero Post Office,,,Pescadero,CA,,37.2513105,-122.3826469,Geofabrik OpenStreetMap GeoPackage extract,2026-08-16T00:08:49Z,open,ODbL; attribution and share-alike required,packet_ready,geofabrik_post_office_extract_address_limited
ca-geofabrik-post-office-seed,CA Geofabrik post-office seed extract,breadth_first_post_office_seed_extract,post_office,osm:way:195463337,Petaluma Post Office,,,Petaluma,CA,,38.2316744,-122.6378330,Geofabrik OpenStreetMap GeoPackage extract,2026-08-16T00:08:49Z,open,ODbL; attribution and share-alike required,packet_ready,geofabrik_post_office_extract_address_limited
ca-geofabrik-post-office-seed,CA Geofabrik post-office seed extract,breadth_first_post_office_seed_extract,post_office,osm:way:557792344,Petrolia Post Office,,,Petrolia,CA,,40.3247434,-124.2875349,Geofabrik OpenStreetMap GeoPackage extract,2026-08-16T00:08:49Z,open,ODbL; attribution and share-alike required,packet_ready,geofabrik_post_office_extract_address_limited
ca-geofabrik-post-office-seed,CA Geofabrik post-office seed extract,breadth_first_post_office_seed_extract,post_office,osm:node:358852080,Phillips Ranch Post Office,,,Phillips Ranch,CA,,35.8880094,-119.3823376,Geofabrik OpenStreetMap GeoPackage extract,2026-08-16T00:08:49Z,open,ODbL; attribution and share-alike required,packet_ready,geofabrik_post_office_extract_address_limited
ca-geofabrik-post-office-seed,CA Geofabrik post-office seed extract,breadth_first_post_office_seed_extract,post_office,osm:node:13912934301,Phillipsville Post Office,,,Phillipsville,CA,,40.2088150,-123.7863900,Geofabrik OpenStreetMap GeoPackage extract,2026-08-16T00:08:49Z,open,ODbL; attribution and share-alike required,packet_ready,geofabrik_post_office_extract_address_limited
ca-geofabrik-post-office-seed,CA Geofabrik post-office seed extract,breadth_first_post_office_seed_extract,post_office,osm:way:242899473,Philo Post Office,,,Philo,CA,,39.0659405,-123.4404641,Geofabrik OpenStreetMap GeoPackage extract,2026-08-16T00:08:49Z,open,ODbL; attribution and share-alike required,packet_ready,geofabrik_post_office_extract_address_limited
ca-geofabrik-post-office-seed,CA Geofabrik post-office seed extract,breadth_first_post_office_seed_extract,post_office,osm:node:358817973,Piedmont Station Oakland Post Office,,,Piedmont Station Oakland,CA,,37.8272807,-122.2538901,Geofabrik OpenStreetMap GeoPackage extract,2026-08-16T00:08:49Z,open,ODbL; attribution and share-alike required,packet_ready,geofabrik_post_office_extract_address_limited
ca-geofabrik-post-office-seed,CA Geofabrik post-office seed extract,breadth_first_post_office_seed_extract,post_office,osm:node:150941004,Piedra Post Office,,,Piedra,CA,,36.8229126,-119.3648938,Geofabrik OpenStreetMap GeoPackage extract,2026-08-16T00:08:49Z,open,ODbL; attribution and share-alike required,packet_ready,geofabrik_post_office_extract_address_limited
ca-geofabrik-post-office-seed,CA Geofabrik post-office seed extract,breadth_first_post_office_seed_extract,post_office,osm:node:358827214,Pine Grove Post Office,,,Pine Grove,CA,,38.4116651,-120.6536588,Geofabrik OpenStreetMap GeoPackage extract,2026-08-16T00:08:49Z,open,ODbL; attribution and share-alike required,packet_ready,geofabrik_post_office_extract_address_limited
ca-geofabrik-post-office-seed,CA Geofabrik post-office seed extract,breadth_first_post_office_seed_extract,post_office,osm:node:358855380,Pine Street Station,,,Pine Street Station,CA,,37.7899024,-122.4192607,Geofabrik OpenStreetMap GeoPackage extract,2026-08-16T00:08:49Z,open,ODbL; attribution and share-alike required,packet_ready,geofabrik_post_office_extract_address_limited
ca-geofabrik-post-office-seed,CA Geofabrik post-office seed extract,breadth_first_post_office_seed_extract,post_office,osm:node:11219345674,Pinecrest Post Office,,,Pinecrest,CA,,38.1920436,-119.9965898,Geofabrik OpenStreetMap GeoPackage extract,2026-08-16T00:08:49Z,open,ODbL; attribution and share-alike required,packet_ready,geofabrik_post_office_extract_address_limited
ca-geofabrik-post-office-seed,CA Geofabrik post-office seed extract,breadth_first_post_office_seed_extract,post_office,osm:node:358833931,Pinedale Post Office,,,Pinedale,CA,,36.8428651,-119.7912184,Geofabrik OpenStreetMap GeoPackage extract,2026-08-16T00:08:49Z,open,ODbL; attribution and share-alike required,packet_ready,geofabrik_post_office_extract_address_limited
ca-geofabrik-post-office-seed,CA Geofabrik post-office seed extract,breadth_first_post_office_seed_extract,post_office,osm:node:358820903,Pinole Post Office,,,Pinole,CA,,38.0043667,-122.2913585,Geofabrik OpenStreetMap GeoPackage extract,2026-08-16T00:08:49Z,open,ODbL; attribution and share-alike required,packet_ready,geofabrik_post_office_extract_address_limited
ca-geofabrik-post-office-seed,CA Geofabrik post-office seed extract,breadth_first_post_office_seed_extract,post_office,osm:node:358827170,Pioneer Post Office,,,Pioneer,CA,,38.4301885,-120.5760387,Geofabrik OpenStreetMap GeoPackage extract,2026-08-16T00:08:49Z,open,ODbL; attribution and share-alike required,packet_ready,geofabrik_post_office_extract_address_limited
ca-geofabrik-post-office-seed,CA Geofabrik post-office seed extract,breadth_first_post_office_seed_extract,post_office,osm:node:358821484,Pittsburg Post Office,,,Pittsburg,CA,,38.0288095,-121.8844028,Geofabrik OpenStreetMap GeoPackage extract,2026-08-16T00:08:49Z,open,ODbL; attribution and share-alike required,packet_ready,geofabrik_post_office_extract_address_limited
ca-geofabrik-post-office-seed,CA Geofabrik post-office seed extract,breadth_first_post_office_seed_extract,post_office,osm:node:358839927,Pixley Post Office,,,Pixley,CA,,35.9682871,-119.2931674,Geofabrik OpenStreetMap GeoPackage extract,2026-08-16T00:08:49Z,open,ODbL; attribution and share-alike required,packet_ready,geofabrik_post_office_extract_address_limited
ca-geofabrik-post-office-seed,CA Geofabrik post-office seed extract,breadth_first_post_office_seed_extract,post_office,osm:way:568636358,Placerville Post Office,,,Placerville,CA,,38.7267886,-120.8025939,Geofabrik OpenStreetMap GeoPackage extract,2026-08-16T00:08:49Z,open,ODbL; attribution and share-alike required,packet_ready,geofabrik_post_office_extract_address_limited
ca-geofabrik-post-office-seed,CA Geofabrik post-office seed extract,breadth_first_post_office_seed_extract,post_office,osm:way:311711604,Planada Post Office,,,Planada,CA,,37.2903404,-120.3203600,Geofabrik OpenStreetMap GeoPackage extract,2026-08-16T00:08:49Z,open,ODbL; attribution and share-alike required,packet_ready,geofabrik_post_office_extract_address_limited
ca-geofabrik-post-office-seed,CA Geofabrik post-office seed extract,breadth_first_post_office_seed_extract,post_office,osm:way:1076389543,Pleasant Grove Post Office,,,Pleasant Grove,CA,,38.8241666,-121.5025458,Geofabrik OpenStreetMap GeoPackage extract,2026-08-16T00:08:49Z,open,ODbL; attribution and share-alike required,packet_ready,geofabrik_post_office_extract_address_limited
ca-geofabrik-post-office-seed,CA Geofabrik post-office seed extract,breadth_first_post_office_seed_extract,post_office,osm:node:358827174,Plymouth Post Office,,,Plymouth,CA,,38.4816146,-120.8467560,Geofabrik OpenStreetMap GeoPackage extract,2026-08-16T00:08:49Z,open,ODbL; attribution and share-alike required,packet_ready,geofabrik_post_office_extract_address_limited
ca-geofabrik-post-office-seed,CA Geofabrik post-office seed extract,breadth_first_post_office_seed_extract,post_office,osm:node:12557501330,Point Arena Post Office,,,Point Arena,CA,,38.9102725,-123.6925948,Geofabrik OpenStreetMap GeoPackage extract,2026-08-16T00:08:49Z,open,ODbL; attribution and share-alike required,packet_ready,geofabrik_post_office_extract_address_limited
ca-geofabrik-post-office-seed,CA Geofabrik post-office seed extract,breadth_first_post_office_seed_extract,post_office,osm:node:358832689,Point Reyes Station Post Office,,,Point Reyes Station,CA,,38.0680091,-122.8056490,Geofabrik OpenStreetMap GeoPackage extract,2026-08-16T00:08:49Z,open,ODbL; attribution and share-alike required,packet_ready,geofabrik_post_office_extract_address_limited
ca-geofabrik-post-office-seed,CA Geofabrik post-office seed extract,breadth_first_post_office_seed_extract,post_office,osm:node:358820929,Point Richmond Post Office,,,Point Richmond,CA,,37.9271495,-122.3850210,Geofabrik OpenStreetMap GeoPackage extract,2026-08-16T00:08:49Z,open,ODbL; attribution and share-alike required,packet_ready,geofabrik_post_office_extract_address_limited
ca-geofabrik-post-office-seed,CA Geofabrik post-office seed extract,breadth_first_post_office_seed_extract,post_office,osm:way:309155404,Pollock Pines Post Office,,,Pollock Pines,CA,,38.7594741,-120.5917793,Geofabrik OpenStreetMap GeoPackage extract,2026-08-16T00:08:49Z,open,ODbL; attribution and share-alike required,packet_ready,geofabrik_post_office_extract_address_limited
ca-geofabrik-post-office-seed,CA Geofabrik post-office seed extract,breadth_first_post_office_seed_extract,post_office,osm:node:4360787281,Ponderosa,,,Ponderosa,CA,,36.0978741,-118.5351849,Geofabrik OpenStreetMap GeoPackage extract,2026-08-16T00:08:49Z,open,ODbL; attribution and share-alike required,packet_ready,geofabrik_post_office_extract_address_limited
ca-geofabrik-post-office-seed,CA Geofabrik post-office seed extract,breadth_first_post_office_seed_extract,post_office,osm:node:358851310,Pope Valley Post Office,,,Pope Valley,CA,,38.6154615,-122.4288681,Geofabrik OpenStreetMap GeoPackage extract,2026-08-16T00:08:49Z,open,ODbL; attribution and share-alike required,packet_ready,geofabrik_post_office_extract_address_limited
ca-geofabrik-post-office-seed,CA Geofabrik post-office seed extract,breadth_first_post_office_seed_extract,post_office,osm:node:358839929,Poplar Post Office,,,Poplar,CA,,36.0557862,-119.1434396,Geofabrik OpenStreetMap GeoPackage extract,2026-08-16T00:08:49Z,open,ODbL; attribution and share-alike required,packet_ready,geofabrik_post_office_extract_address_limited
ca-geofabrik-post-office-seed,CA Geofabrik post-office seed extract,breadth_first_post_office_seed_extract,post_office,osm:node:358821152,Port Costa Post Office,,,Port Costa,CA,,38.0464505,-122.1833829,Geofabrik OpenStreetMap GeoPackage extract,2026-08-16T00:08:49Z,open,ODbL; attribution and share-alike required,packet_ready,geofabrik_post_office_extract_address_limited
ca-geofabrik-post-office-seed,CA Geofabrik post-office seed extract,breadth_first_post_office_seed_extract,post_office,osm:node:358839605,Porterville Post Office,,,Porterville,CA,,36.0686777,-119.0177700,Geofabrik OpenStreetMap GeoPackage extract,2026-08-16T00:08:49Z,open,ODbL; attribution and share-alike required,packet_ready,geofabrik_post_office_extract_address_limited
ca-geofabrik-post-office-seed,CA Geofabrik post-office seed extract,breadth_first_post_office_seed_extract,post_office,osm:way:765569508,Portola Post Office,,,Portola,CA,,39.8045254,-120.4651771,Geofabrik OpenStreetMap GeoPackage extract,2026-08-16T00:08:49Z,open,ODbL; attribution and share-alike required,packet_ready,geofabrik_post_office_extract_address_limited
ca-geofabrik-post-office-seed,CA Geofabrik post-office seed extract,breadth_first_post_office_seed_extract,post_office,osm:node:5538811243,Post & Parcel,,,Post & Parcel,CA,,37.7624487,-122.3971820,Geofabrik OpenStreetMap GeoPackage extract,2026-08-16T00:08:49Z,open,ODbL; attribution and share-alike required,packet_ready,geofabrik_post_office_extract_address_limited
ca-geofabrik-post-office-seed,CA Geofabrik post-office seed extract,breadth_first_post_office_seed_extract,post_office,osm:node:11105721268,Post-It,,,Post It,CA,,38.7037118,-121.3834478,Geofabrik OpenStreetMap GeoPackage extract,2026-08-16T00:08:49Z,open,ODbL; attribution and share-alike required,packet_ready,geofabrik_post_office_extract_address_limited
ca-geofabrik-post-office-seed,CA Geofabrik post-office seed extract,breadth_first_post_office_seed_extract,post_office,osm:node:8756218105,Post N Parcel,,,Post N Parcel,CA,,37.4175194,-121.8724625,Geofabrik OpenStreetMap GeoPackage extract,2026-08-16T00:08:49Z,open,ODbL; attribution and share-alike required,packet_ready,geofabrik_post_office_extract_address_limited
ca-geofabrik-post-office-seed,CA Geofabrik post-office seed extract,breadth_first_post_office_seed_extract,post_office,osm:node:7732168783,PostNet,,,PostNet,CA,,37.4067566,-121.8865390,Geofabrik OpenStreetMap GeoPackage extract,2026-08-16T00:08:49Z,open,ODbL; attribution and share-alike required,packet_ready,geofabrik_post_office_extract_address_limited
ca-geofabrik-post-office-seed,CA Geofabrik post-office seed extract,breadth_first_post_office_seed_extract,post_office,osm:node:13161586685,Postal & Pure Water Etc…,,,Postal & Pure Water Etc…,CA,,37.3214308,-121.8235399,Geofabrik OpenStreetMap GeoPackage extract,2026-08-16T00:08:49Z,open,ODbL; attribution and share-alike required,packet_ready,geofabrik_post_office_extract_address_limited
ca-geofabrik-post-office-seed,CA Geofabrik post-office seed extract,breadth_first_post_office_seed_extract,post_office,osm:node:11935605215,Postal Annex,,,Postal Annex,CA,,38.7917061,-121.2787035,Geofabrik OpenStreetMap GeoPackage extract,2026-08-16T00:08:49Z,open,ODbL; attribution and share-alike required,packet_ready,geofabrik_post_office_extract_address_limited
ca-geofabrik-post-office-seed,CA Geofabrik post-office seed extract,breadth_first_post_office_seed_extract,post_office,osm:node:12751257911,Postal Annex,,,Postal Annex,CA,,37.4922486,-121.9287402,Geofabrik OpenStreetMap GeoPackage extract,2026-08-16T00:08:49Z,open,ODbL; attribution and share-alike required,packet_ready,geofabrik_post_office_extract_address_limited
ca-geofabrik-post-office-seed,CA Geofabrik post-office seed extract,breadth_first_post_office_seed_extract,post_office,osm:node:6704967525,Postal Annex,,,Postal Annex,CA,,37.6256663,-122.4267330,Geofabrik OpenStreetMap GeoPackage extract,2026-08-16T00:08:49Z,open,ODbL; attribution and share-alike required,packet_ready,geofabrik_post_office_extract_address_limited
ca-geofabrik-post-office-seed,CA Geofabrik post-office seed extract,breadth_first_post_office_seed_extract,post_office,osm:node:6859149487,Postal Annex,,,Postal Annex,CA,,37.3948321,-121.9466116,Geofabrik OpenStreetMap GeoPackage extract,2026-08-16T00:08:49Z,open,ODbL; attribution and share-alike required,packet_ready,geofabrik_post_office_extract_address_limited
ca-geofabrik-post-office-seed,CA Geofabrik post-office seed extract,breadth_first_post_office_seed_extract,post_office,osm:node:9277024720,Postal Care,,,Postal Care,CA,,37.2695056,-121.9057153,Geofabrik OpenStreetMap GeoPackage extract,2026-08-16T00:08:49Z,open,ODbL; attribution and share-alike required,packet_ready,geofabrik_post_office_extract_address_limited
ca-geofabrik-post-office-seed,CA Geofabrik post-office seed extract,breadth_first_post_office_seed_extract,post_office,osm:node:4839249801,Postal Chase,,,Postal Chase,CA,,37.7745383,-122.4375564,Geofabrik OpenStreetMap GeoPackage extract,2026-08-16T00:08:49Z,open,ODbL; attribution and share-alike required,packet_ready,geofabrik_post_office_extract_address_limited
ca-geofabrik-post-office-seed,CA Geofabrik post-office seed extract,breadth_first_post_office_seed_extract,post_office,osm:node:12784264750,Postal Connections,,,Postal Connections,CA,,37.3328101,-120.4611341,Geofabrik OpenStreetMap GeoPackage extract,2026-08-16T00:08:49Z,open,ODbL; attribution and share-alike required,packet_ready,geofabrik_post_office_extract_address_limited
ca-geofabrik-post-office-seed,CA Geofabrik post-office seed extract,breadth_first_post_office_seed_extract,post_office,osm:node:12915994555,Postal Connections,,,Postal Connections,CA,,37.6878515,-121.0115602,Geofabrik OpenStreetMap GeoPackage extract,2026-08-16T00:08:49Z,open,ODbL; attribution and share-alike required,packet_ready,geofabrik_post_office_extract_address_limited
ca-geofabrik-post-office-seed,CA Geofabrik post-office seed extract,breadth_first_post_office_seed_extract,post_office,osm:node:4400574569,Postal Depot,,,Postal Depot,CA,,37.7612401,-122.4905272,Geofabrik OpenStreetMap GeoPackage extract,2026-08-16T00:08:49Z,open,ODbL; attribution and share-alike required,packet_ready,geofabrik_post_office_extract_address_limited
ca-geofabrik-post-office-seed,CA Geofabrik post-office seed extract,breadth_first_post_office_seed_extract,post_office,osm:node:12411478981,Postal Express & Gifts,,,Postal Express & Gifts,CA,,36.8707647,-119.7655666,Geofabrik OpenStreetMap GeoPackage extract,2026-08-16T00:08:49Z,open,ODbL; attribution and share-alike required,packet_ready,geofabrik_post_office_extract_address_limited
ca-geofabrik-post-office-seed,CA Geofabrik post-office seed extract,breadth_first_post_office_seed_extract,post_office,osm:way:1338114276,United States Postal Office,,,Postal Office,CA,,39.9372583,-120.9432659,Geofabrik OpenStreetMap GeoPackage extract,2026-08-16T00:08:49Z,open,ODbL; attribution and share-alike required,packet_ready,geofabrik_post_office_extract_address_limited
ca-geofabrik-post-office-seed,CA Geofabrik post-office seed extract,breadth_first_post_office_seed_extract,post_office,osm:node:7382729620,Postal Outlet Plus,,,Postal Outlet Plus,CA,,38.5198085,-122.9785930,Geofabrik OpenStreetMap GeoPackage extract,2026-08-16T00:08:49Z,open,ODbL; attribution and share-alike required,packet_ready,geofabrik_post_office_extract_address_limited
ca-geofabrik-post-office-seed,CA Geofabrik post-office seed extract,breadth_first_post_office_seed_extract,post_office,osm:node:4474939856,Postal Plus,,,Postal Plus,CA,,37.2524280,-121.9072780,Geofabrik OpenStreetMap GeoPackage extract,2026-08-16T00:08:49Z,open,ODbL; attribution and share-alike required,packet_ready,geofabrik_post_office_extract_address_limited
ca-geofabrik-post-office-seed,CA Geofabrik post-office seed extract,breadth_first_post_office_seed_extract,post_office,osm:way:284454100,Postal Plus,,,Postal Plus,CA,,37.8071159,-122.2225298,Geofabrik OpenStreetMap GeoPackage extract,2026-08-16T00:08:49Z,open,ODbL; attribution and share-alike required,packet_ready,geofabrik_post_office_extract_address_limited
ca-geofabrik-post-office-seed,CA Geofabrik post-office seed extract,breadth_first_post_office_seed_extract,post_office,osm:node:10866505986,United States Postal Service,,,Postal Service,CA,,39.4726023,-120.8432105,Geofabrik OpenStreetMap GeoPackage extract,2026-08-16T00:08:49Z,open,ODbL; attribution and share-alike required,packet_ready,geofabrik_post_office_extract_address_limited
ca-geofabrik-post-office-seed,CA Geofabrik post-office seed extract,breadth_first_post_office_seed_extract,post_office,osm:node:11855411949,United States Postal Service,,,Postal Service,CA,,40.0751219,-120.8403918,Geofabrik OpenStreetMap GeoPackage extract,2026-08-16T00:08:49Z,open,ODbL; attribution and share-alike required,packet_ready,geofabrik_post_office_extract_address_limited
ca-geofabrik-post-office-seed,CA Geofabrik post-office seed extract,breadth_first_post_office_seed_extract,post_office,osm:node:12147224556,United States Postal Service,,,Postal Service,CA,,37.9961088,-122.0764784,Geofabrik OpenStreetMap GeoPackage extract,2026-08-16T00:08:49Z,open,ODbL; attribution and share-alike required,packet_ready,geofabrik_post_office_extract_address_limited
ca-geofabrik-post-office-seed,CA Geofabrik post-office seed extract,breadth_first_post_office_seed_extract,post_office,osm:node:12310506409,United States Postal Service,,,Postal Service,CA,,37.7242796,-122.1567102,Geofabrik OpenStreetMap GeoPackage extract,2026-08-16T00:08:49Z,open,ODbL; attribution and share-alike required,packet_ready,geofabrik_post_office_extract_address_limited
ca-geofabrik-post-office-seed,CA Geofabrik post-office seed extract,breadth_first_post_office_seed_extract,post_office,osm:node:13246538391,United States Postal Service,,,Postal Service,CA,,36.7901326,-119.7916787,Geofabrik OpenStreetMap GeoPackage extract,2026-08-16T00:08:49Z,open,ODbL; attribution and share-alike required,packet_ready,geofabrik_post_office_extract_address_limited
ca-geofabrik-post-office-seed,CA Geofabrik post-office seed extract,breadth_first_post_office_seed_extract,post_office,osm:node:13354224109,United States Postal Service,,,Postal Service,CA,,36.7585803,-119.8004994,Geofabrik OpenStreetMap GeoPackage extract,2026-08-16T00:08:49Z,open,ODbL; attribution and share-alike required,packet_ready,geofabrik_post_office_extract_address_limited
ca-geofabrik-post-office-seed,CA Geofabrik post-office seed extract,breadth_first_post_office_seed_extract,post_office,osm:node:9384980379,United States Postal Service,,,Postal Service,CA,,37.3264562,-121.8132642,Geofabrik OpenStreetMap GeoPackage extract,2026-08-16T00:08:49Z,open,ODbL; attribution and share-alike required,packet_ready,geofabrik_post_office_extract_address_limited
ca-geofabrik-post-office-seed,CA Geofabrik post-office seed extract,breadth_first_post_office_seed_extract,post_office,osm:way:1280033189,United States Postal Service,,,Postal Service,CA,,38.6396700,-120.5251075,Geofabrik OpenStreetMap GeoPackage extract,2026-08-16T00:08:49Z,open,ODbL; attribution and share-alike required,packet_ready,geofabrik_post_office_extract_address_limited
ca-geofabrik-post-office-seed,CA Geofabrik post-office seed extract,breadth_first_post_office_seed_extract,post_office,osm:way:1309163927,United States Postal Service,,,Postal Service,CA,,36.2123329,-121.1255738,Geofabrik OpenStreetMap GeoPackage extract,2026-08-16T00:08:49Z,open,ODbL; attribution and share-alike required,packet_ready,geofabrik_post_office_extract_address_limited
ca-geofabrik-post-office-seed,CA Geofabrik post-office seed extract,breadth_first_post_office_seed_extract,post_office,osm:way:306205281,United States Postal Service,,,Postal Service,CA,,37.1367357,-120.4917542,Geofabrik OpenStreetMap GeoPackage extract,2026-08-16T00:08:49Z,open,ODbL; attribution and share-alike required,packet_ready,geofabrik_post_office_extract_address_limited
ca-geofabrik-post-office-seed,CA Geofabrik post-office seed extract,breadth_first_post_office_seed_extract,post_office,osm:way:379499710,United States Postal Service,,,Postal Service,CA,,37.6948588,-121.9017528,Geofabrik OpenStreetMap GeoPackage extract,2026-08-16T00:08:49Z,open,ODbL; attribution and share-alike required,packet_ready,geofabrik_post_office_extract_address_limited
ca-geofabrik-post-office-seed,CA Geofabrik post-office seed extract,breadth_first_post_office_seed_extract,post_office,osm:way:41338894,United States Postal Service,,,Postal Service,CA,,37.1259513,-122.1237441,Geofabrik OpenStreetMap GeoPackage extract,2026-08-16T00:08:49Z,open,ODbL; attribution and share-alike required,packet_ready,geofabrik_post_office_extract_address_limited
ca-geofabrik-post-office-seed,CA Geofabrik post-office seed extract,breadth_first_post_office_seed_extract,post_office,osm:way:836658137,United States Postal Service,,,Postal Service,CA,,36.7655908,-121.7574034,Geofabrik OpenStreetMap GeoPackage extract,2026-08-16T00:08:49Z,open,ODbL; attribution and share-alike required,packet_ready,geofabrik_post_office_extract_address_limited
ca-geofabrik-post-office-seed,CA Geofabrik post-office seed extract,breadth_first_post_office_seed_extract,post_office,osm:way:85933058,United States Postal Service,,,Postal Service,CA,,36.8511852,-119.7709466,Geofabrik OpenStreetMap GeoPackage extract,2026-08-16T00:08:49Z,open,ODbL; attribution and share-alike required,packet_ready,geofabrik_post_office_extract_address_limited
ca-geofabrik-post-office-seed,CA Geofabrik post-office seed extract,breadth_first_post_office_seed_extract,post_office,osm:way:99813502,United States Postal Service,,,Postal Service,CA,,37.4118434,-122.0171514,Geofabrik OpenStreetMap GeoPackage extract,2026-08-16T00:08:49Z,open,ODbL; attribution and share-alike required,packet_ready,geofabrik_post_office_extract_address_limited
ca-geofabrik-post-office-seed,CA Geofabrik post-office seed extract,breadth_first_post_office_seed_extract,post_office,osm:way:299747806,United States Postal Service - Burney,,,Postal Service Burney,CA,,40.8894269,-121.6521460,Geofabrik OpenStreetMap GeoPackage extract,2026-08-16T00:08:49Z,open,ODbL; attribution and share-alike required,packet_ready,geofabrik_post_office_extract_address_limited
ca-geofabrik-post-office-seed,CA Geofabrik post-office seed extract,breadth_first_post_office_seed_extract,post_office,osm:way:371505370,United States Postal Service - Cobb,,,Postal Service Cobb,CA,,38.8211072,-122.7204133,Geofabrik OpenStreetMap GeoPackage extract,2026-08-16T00:08:49Z,open,ODbL; attribution and share-alike required,packet_ready,geofabrik_post_office_extract_address_limited
ca-geofabrik-post-office-seed,CA Geofabrik post-office seed extract,breadth_first_post_office_seed_extract,post_office,osm:node:1099552944,PostalAnnex,,,PostalAnnex,CA,,38.7538664,-121.3111200,Geofabrik OpenStreetMap GeoPackage extract,2026-08-16T00:08:49Z,open,ODbL; attribution and share-alike required,packet_ready,geofabrik_post_office_extract_address_limited
ca-geofabrik-post-office-seed,CA Geofabrik post-office seed extract,breadth_first_post_office_seed_extract,post_office,osm:node:1153392632,PostalAnnex,,,PostalAnnex,CA,,37.5235102,-122.2519860,Geofabrik OpenStreetMap GeoPackage extract,2026-08-16T00:08:49Z,open,ODbL; attribution and share-alike required,packet_ready,geofabrik_post_office_extract_address_limited
ca-geofabrik-post-office-seed,CA Geofabrik post-office seed extract,breadth_first_post_office_seed_extract,post_office,osm:node:12016521954,PostalAnnex,,,PostalAnnex,CA,,36.8353144,-119.8810540,Geofabrik OpenStreetMap GeoPackage extract,2026-08-16T00:08:49Z,open,ODbL; attribution and share-alike required,packet_ready,geofabrik_post_office_extract_address_limited
ca-geofabrik-post-office-seed,CA Geofabrik post-office seed extract,breadth_first_post_office_seed_extract,post_office,osm:node:12047230540,PostalAnnex,,,PostalAnnex,CA,,36.8516482,-119.7278135,Geofabrik OpenStreetMap GeoPackage extract,2026-08-16T00:08:49Z,open,ODbL; attribution and share-alike required,packet_ready,geofabrik_post_office_extract_address_limited
ca-geofabrik-post-office-seed,CA Geofabrik post-office seed extract,breadth_first_post_office_seed_extract,post_office,osm:node:12564028827,PostalAnnex,,,PostalAnnex,CA,,37.6961915,-122.0814863,Geofabrik OpenStreetMap GeoPackage extract,2026-08-16T00:08:49Z,open,ODbL; attribution and share-alike required,packet_ready,geofabrik_post_office_extract_address_limited
ca-geofabrik-post-office-seed,CA Geofabrik post-office seed extract,breadth_first_post_office_seed_extract,post_office,osm:node:12692255849,PostalAnnex,,,PostalAnnex,CA,,37.5532757,-121.9784859,Geofabrik OpenStreetMap GeoPackage extract,2026-08-16T00:08:49Z,open,ODbL; attribution and share-alike required,packet_ready,geofabrik_post_office_extract_address_limited
ca-geofabrik-post-office-seed,CA Geofabrik post-office seed extract,breadth_first_post_office_seed_extract,post_office,osm:node:13058515368,PostalAnnex,,,PostalAnnex,CA,,36.8241042,-119.8715224,Geofabrik OpenStreetMap GeoPackage extract,2026-08-16T00:08:49Z,open,ODbL; attribution and share-alike required,packet_ready,geofabrik_post_office_extract_address_limited
ca-geofabrik-post-office-seed,CA Geofabrik post-office seed extract,breadth_first_post_office_seed_extract,post_office,osm:node:2340747639,PostalAnnex,,,PostalAnnex,CA,,37.2670413,-121.8324326,Geofabrik OpenStreetMap GeoPackage extract,2026-08-16T00:08:49Z,open,ODbL; attribution and share-alike required,packet_ready,geofabrik_post_office_extract_address_limited
ca-geofabrik-post-office-seed,CA Geofabrik post-office seed extract,breadth_first_post_office_seed_extract,post_office,osm:node:2604121123,PostalAnnex,,,PostalAnnex,CA,,37.3899059,-122.0951282,Geofabrik OpenStreetMap GeoPackage extract,2026-08-16T00:08:49Z,open,ODbL; attribution and share-alike required,packet_ready,geofabrik_post_office_extract_address_limited
ca-geofabrik-post-office-seed,CA Geofabrik post-office seed extract,breadth_first_post_office_seed_extract,post_office,osm:node:2605485639,PostalAnnex,,,PostalAnnex,CA,,37.0615240,-122.0066992,Geofabrik OpenStreetMap GeoPackage extract,2026-08-16T00:08:49Z,open,ODbL; attribution and share-alike required,packet_ready,geofabrik_post_office_extract_address_limited
ca-geofabrik-post-office-seed,CA Geofabrik post-office seed extract,breadth_first_post_office_seed_extract,post_office,osm:node:3272065316,PostalAnnex,,,PostalAnnex,CA,,37.2400565,-121.9604750,Geofabrik OpenStreetMap GeoPackage extract,2026-08-16T00:08:49Z,open,ODbL; attribution and share-alike required,packet_ready,geofabrik_post_office_extract_address_limited
ca-geofabrik-post-office-seed,CA Geofabrik post-office seed extract,breadth_first_post_office_seed_extract,post_office,osm:node:3911828059,PostalAnnex,,,PostalAnnex,CA,,37.2307330,-121.7754590,Geofabrik OpenStreetMap GeoPackage extract,2026-08-16T00:08:49Z,open,ODbL; attribution and share-alike required,packet_ready,geofabrik_post_office_extract_address_limited
ca-geofabrik-post-office-seed,CA Geofabrik post-office seed extract,breadth_first_post_office_seed_extract,post_office,osm:node:4170124353,PostalAnnex,,,PostalAnnex,CA,,37.1133719,-121.6403580,Geofabrik OpenStreetMap GeoPackage extract,2026-08-16T00:08:49Z,open,ODbL; attribution and share-alike required,packet_ready,geofabrik_post_office_extract_address_limited
ca-geofabrik-post-office-seed,CA Geofabrik post-office seed extract,breadth_first_post_office_seed_extract,post_office,osm:node:4217840445,PostalAnnex,,,PostalAnnex,CA,,37.6985842,-121.0676092,Geofabrik OpenStreetMap GeoPackage extract,2026-08-16T00:08:49Z,open,ODbL; attribution and share-alike required,packet_ready,geofabrik_post_office_extract_address_limited
ca-geofabrik-post-office-seed,CA Geofabrik post-office seed extract,breadth_first_post_office_seed_extract,post_office,osm:node:5941521435,PostalAnnex,,,PostalAnnex,CA,,37.9052177,-122.5469830,Geofabrik OpenStreetMap GeoPackage extract,2026-08-16T00:08:49Z,open,ODbL; attribution and share-alike required,packet_ready,geofabrik_post_office_extract_address_limited
ca-geofabrik-post-office-seed,CA Geofabrik post-office seed extract,breadth_first_post_office_seed_extract,post_office,osm:node:6532925180,PostalAnnex,,,PostalAnnex,CA,,37.3502435,-121.9611630,Geofabrik OpenStreetMap GeoPackage extract,2026-08-16T00:08:49Z,open,ODbL; attribution and share-alike required,packet_ready,geofabrik_post_office_extract_address_limited
ca-geofabrik-post-office-seed,CA Geofabrik post-office seed extract,breadth_first_post_office_seed_extract,post_office,osm:node:7703811478,PostalAnnex,,,PostalAnnex,CA,,37.7977209,-121.9180350,Geofabrik OpenStreetMap GeoPackage extract,2026-08-16T00:08:49Z,open,ODbL; attribution and share-alike required,packet_ready,geofabrik_post_office_extract_address_limited
ca-geofabrik-post-office-seed,CA Geofabrik post-office seed extract,breadth_first_post_office_seed_extract,post_office,osm:node:8447172610,PostalAnnex,,,PostalAnnex,CA,,37.2882579,-121.7814180,Geofabrik OpenStreetMap GeoPackage extract,2026-08-16T00:08:49Z,open,ODbL; attribution and share-alike required,packet_ready,geofabrik_post_office_extract_address_limited
ca-geofabrik-post-office-seed,CA Geofabrik post-office seed extract,breadth_first_post_office_seed_extract,post_office,osm:node:8573333116,PostalAnnex,,,PostalAnnex,CA,,37.3143181,-121.7942875,Geofabrik OpenStreetMap GeoPackage extract,2026-08-16T00:08:49Z,open,ODbL; attribution and share-alike required,packet_ready,geofabrik_post_office_extract_address_limited
ca-geofabrik-post-office-seed,CA Geofabrik post-office seed extract,breadth_first_post_office_seed_extract,post_office,osm:node:8648300406,PostalAnnex,,,PostalAnnex,CA,,37.2625769,-121.8792360,Geofabrik OpenStreetMap GeoPackage extract,2026-08-16T00:08:49Z,open,ODbL; attribution and share-alike required,packet_ready,geofabrik_post_office_extract_address_limited
ca-geofabrik-post-office-seed,CA Geofabrik post-office seed extract,breadth_first_post_office_seed_extract,post_office,osm:node:8910860632,PostalAnnex,,,PostalAnnex,CA,,37.3328579,-121.8846245,Geofabrik OpenStreetMap GeoPackage extract,2026-08-16T00:08:49Z,open,ODbL; attribution and share-alike required,packet_ready,geofabrik_post_office_extract_address_limited
ca-geofabrik-post-office-seed,CA Geofabrik post-office seed extract,breadth_first_post_office_seed_extract,post_office,osm:node:9166749447,PostalAnnex,,,PostalAnnex,CA,,37.3386647,-121.9948700,Geofabrik OpenStreetMap GeoPackage extract,2026-08-16T00:08:49Z,open,ODbL; attribution and share-alike required,packet_ready,geofabrik_post_office_extract_address_limited
ca-geofabrik-post-office-seed,CA Geofabrik post-office seed extract,breadth_first_post_office_seed_extract,post_office,osm:node:9279459219,PostalAnnex,,,PostalAnnex,CA,,37.3363953,-122.0665980,Geofabrik OpenStreetMap GeoPackage extract,2026-08-16T00:08:49Z,open,ODbL; attribution and share-alike required,packet_ready,geofabrik_post_office_extract_address_limited
ca-geofabrik-post-office-seed,CA Geofabrik post-office seed extract,breadth_first_post_office_seed_extract,post_office,osm:way:1234493105,PostalAnnex,,,PostalAnnex,CA,,37.6695787,-121.8566554,Geofabrik OpenStreetMap GeoPackage extract,2026-08-16T00:08:49Z,open,ODbL; attribution and share-alike required,packet_ready,geofabrik_post_office_extract_address_limited
ca-geofabrik-post-office-seed,CA Geofabrik post-office seed extract,breadth_first_post_office_seed_extract,post_office,osm:way:692054391,PostalAnnex,,,PostalAnnex,CA,,38.1021709,-122.5713697,Geofabrik OpenStreetMap GeoPackage extract,2026-08-16T00:08:49Z,open,ODbL; attribution and share-alike required,packet_ready,geofabrik_post_office_extract_address_limited
ca-geofabrik-post-office-seed,CA Geofabrik post-office seed extract,breadth_first_post_office_seed_extract,post_office,osm:node:12285698004,PostalAnnex+,,,PostalAnnex+,CA,,36.8644022,-119.7583639,Geofabrik OpenStreetMap GeoPackage extract,2026-08-16T00:08:49Z,open,ODbL; attribution and share-alike required,packet_ready,geofabrik_post_office_extract_address_limited
ca-geofabrik-post-office-seed,CA Geofabrik post-office seed extract,breadth_first_post_office_seed_extract,post_office,osm:node:12555024091,Potter Valley Post Office,,,Potter Valley,CA,,39.3220016,-123.1087945,Geofabrik OpenStreetMap GeoPackage extract,2026-08-16T00:08:49Z,open,ODbL; attribution and share-alike required,packet_ready,geofabrik_post_office_extract_address_limited
ca-geofabrik-post-office-seed,CA Geofabrik post-office seed extract,breadth_first_post_office_seed_extract,post_office,osm:way:292517473,Prather,,,Prather,CA,,37.0372598,-119.5158552,Geofabrik OpenStreetMap GeoPackage extract,2026-08-16T00:08:49Z,open,ODbL; attribution and share-alike required,packet_ready,geofabrik_post_office_extract_address_limited
ca-geofabrik-post-office-seed,CA Geofabrik post-office seed extract,breadth_first_post_office_seed_extract,post_office,osm:node:358822625,Princeton Post Office,,,Princeton,CA,,39.4018304,-122.0099750,Geofabrik OpenStreetMap GeoPackage extract,2026-08-16T00:08:49Z,open,ODbL; attribution and share-alike required,packet_ready,geofabrik_post_office_extract_address_limited
ca-geofabrik-post-office-seed,CA Geofabrik post-office seed extract,breadth_first_post_office_seed_extract,post_office,osm:way:441533656,Project City Post Office,,,Project City,CA,,40.6761515,-122.3532111,Geofabrik OpenStreetMap GeoPackage extract,2026-08-16T00:08:49Z,open,ODbL; attribution and share-alike required,packet_ready,geofabrik_post_office_extract_address_limited
ca-geofabrik-post-office-seed,CA Geofabrik post-office seed extract,breadth_first_post_office_seed_extract,post_office,osm:node:9262522780,Puebla Express,,,Puebla Express,CA,,37.3546482,-121.8511250,Geofabrik OpenStreetMap GeoPackage extract,2026-08-16T00:08:49Z,open,ODbL; attribution and share-alike required,packet_ready,geofabrik_post_office_extract_address_limited
ca-geofabrik-post-office-seed,CA Geofabrik post-office seed extract,breadth_first_post_office_seed_extract,post_office,osm:node:358823175,Rackerby Post Office,,,Rackerby,CA,,39.4376665,-121.3313519,Geofabrik OpenStreetMap GeoPackage extract,2026-08-16T00:08:49Z,open,ODbL; attribution and share-alike required,packet_ready,geofabrik_post_office_extract_address_limited
ca-geofabrik-post-office-seed,CA Geofabrik post-office seed extract,breadth_first_post_office_seed_extract,post_office,osm:node:358823439,Raisin Post Office,,,Raisin,CA,,36.6024481,-119.9040349,Geofabrik OpenStreetMap GeoPackage extract,2026-08-16T00:08:49Z,open,ODbL; attribution and share-alike required,packet_ready,geofabrik_post_office_extract_address_limited
ca-geofabrik-post-office-seed,CA Geofabrik post-office seed extract,breadth_first_post_office_seed_extract,post_office,osm:node:358834329,Raisin Post Office,,,Raisin,CA,,36.6007814,-119.9040349,Geofabrik OpenStreetMap GeoPackage extract,2026-08-16T00:08:49Z,open,ODbL; attribution and share-alike required,packet_ready,geofabrik_post_office_extract_address_limited
ca-geofabrik-post-office-seed,CA Geofabrik post-office seed extract,breadth_first_post_office_seed_extract,post_office,osm:node:358852419,Rancho Cordova Post Office,,,Rancho Cordova,CA,,38.5993498,-121.2807830,Geofabrik OpenStreetMap GeoPackage extract,2026-08-16T00:08:49Z,open,ODbL; attribution and share-alike required,packet_ready,geofabrik_post_office_extract_address_limited
ca-geofabrik-post-office-seed,CA Geofabrik post-office seed extract,breadth_first_post_office_seed_extract,post_office,osm:node:358834700,Raymond Post Office,,,Raymond,CA,,37.2155017,-119.9073828,Geofabrik OpenStreetMap GeoPackage extract,2026-08-16T00:08:49Z,open,ODbL; attribution and share-alike required,packet_ready,geofabrik_post_office_extract_address_limited
ca-geofabrik-post-office-seed,CA Geofabrik post-office seed extract,breadth_first_post_office_seed_extract,post_office,osm:way:654566887,Red Bluff Post Office,,,Red Bluff,CA,,40.1772709,-122.2372208,Geofabrik OpenStreetMap GeoPackage extract,2026-08-16T00:08:49Z,open,ODbL; attribution and share-alike required,packet_ready,geofabrik_post_office_extract_address_limited
ca-geofabrik-post-office-seed,CA Geofabrik post-office seed extract,breadth_first_post_office_seed_extract,post_office,osm:node:13912929202,Redcrest Post Office,,,Redcrest,CA,,40.4000307,-123.9492514,Geofabrik OpenStreetMap GeoPackage extract,2026-08-16T00:08:49Z,open,ODbL; attribution and share-alike required,packet_ready,geofabrik_post_office_extract_address_limited
ca-geofabrik-post-office-seed,CA Geofabrik post-office seed extract,breadth_first_post_office_seed_extract,post_office,osm:way:556811929,Redding Post Office,,,Redding,CA,,40.5740209,-122.3518864,Geofabrik OpenStreetMap GeoPackage extract,2026-08-16T00:08:49Z,open,ODbL; attribution and share-alike required,packet_ready,geofabrik_post_office_extract_address_limited
ca-geofabrik-post-office-seed,CA Geofabrik post-office seed extract,breadth_first_post_office_seed_extract,post_office,osm:way:239260161,Redwood City Post Office,,,Redwood City,CA,,37.4872522,-122.2129837,Geofabrik OpenStreetMap GeoPackage extract,2026-08-16T00:08:49Z,open,ODbL; attribution and share-alike required,packet_ready,geofabrik_post_office_extract_address_limited
ca-geofabrik-post-office-seed,CA Geofabrik post-office seed extract,breadth_first_post_office_seed_extract,post_office,osm:node:1077818343,Redwood Estates,,,Redwood Estates,CA,,37.1584242,-121.9865267,Geofabrik OpenStreetMap GeoPackage extract,2026-08-16T00:08:49Z,open,ODbL; attribution and share-alike required,packet_ready,geofabrik_post_office_extract_address_limited
ca-geofabrik-post-office-seed,CA Geofabrik post-office seed extract,breadth_first_post_office_seed_extract,post_office,osm:node:358824801,Redwood Valley Post Office,,,Redwood Valley,CA,,39.2649329,-123.2045509,Geofabrik OpenStreetMap GeoPackage extract,2026-08-16T00:08:49Z,open,ODbL; attribution and share-alike required,packet_ready,geofabrik_post_office_extract_address_limited
ca-geofabrik-post-office-seed,CA Geofabrik post-office seed extract,breadth_first_post_office_seed_extract,post_office,osm:node:358834526,Reedley Post Office,,,Reedley,CA,,36.5978480,-119.4492696,Geofabrik OpenStreetMap GeoPackage extract,2026-08-16T00:08:49Z,open,ODbL; attribution and share-alike required,packet_ready,geofabrik_post_office_extract_address_limited
ca-geofabrik-post-office-seed,CA Geofabrik post-office seed extract,breadth_first_post_office_seed_extract,post_office,osm:way:1028197020,Repressa Post Office,,,Repressa,CA,,38.6919758,-121.1617086,Geofabrik OpenStreetMap GeoPackage extract,2026-08-16T00:08:49Z,open,ODbL; attribution and share-alike required,packet_ready,geofabrik_post_office_extract_address_limited
ca-geofabrik-post-office-seed,CA Geofabrik post-office seed extract,breadth_first_post_office_seed_extract,post_office,osm:node:358827753,Rescue Post Office,,,Rescue,CA,,38.7121251,-120.9521630,Geofabrik OpenStreetMap GeoPackage extract,2026-08-16T00:08:49Z,open,ODbL; attribution and share-alike required,packet_ready,geofabrik_post_office_extract_address_limited
ca-geofabrik-post-office-seed,CA Geofabrik post-office seed extract,breadth_first_post_office_seed_extract,post_office,osm:node:13928867101,Richgrove Post Office,,,Richgrove,CA,,35.7991109,-119.1044779,Geofabrik OpenStreetMap GeoPackage extract,2026-08-16T00:08:49Z,open,ODbL; attribution and share-alike required,packet_ready,geofabrik_post_office_extract_address_limited
ca-geofabrik-post-office-seed,CA Geofabrik post-office seed extract,breadth_first_post_office_seed_extract,post_office,osm:node:358820957,Richmond Post Office,,,Richmond,CA,,37.9370923,-122.3592400,Geofabrik OpenStreetMap GeoPackage extract,2026-08-16T00:08:49Z,open,ODbL; attribution and share-alike required,packet_ready,geofabrik_post_office_extract_address_limited
ca-geofabrik-post-office-seed,CA Geofabrik post-office seed extract,breadth_first_post_office_seed_extract,post_office,osm:node:5993835885,Rincon Station,,,Rincon Station,CA,,37.7920514,-122.3920120,Geofabrik OpenStreetMap GeoPackage extract,2026-08-16T00:08:49Z,open,ODbL; attribution and share-alike required,packet_ready,geofabrik_post_office_extract_address_limited
ca-geofabrik-post-office-seed,CA Geofabrik post-office seed extract,breadth_first_post_office_seed_extract,post_office,osm:node:10043972373,Rio Dell Post Office,,,Rio Dell,CA,,40.4949449,-124.1035210,Geofabrik OpenStreetMap GeoPackage extract,2026-08-16T00:08:49Z,open,ODbL; attribution and share-alike required,packet_ready,geofabrik_post_office_extract_address_limited
ca-geofabrik-post-office-seed,CA Geofabrik post-office seed extract,breadth_first_post_office_seed_extract,post_office,osm:node:13912775301,Rio Linda Post Office,,,Rio Linda,CA,,38.6914194,-121.4472690,Geofabrik OpenStreetMap GeoPackage extract,2026-08-16T00:08:49Z,open,ODbL; attribution and share-alike required,packet_ready,geofabrik_post_office_extract_address_limited
ca-geofabrik-post-office-seed,CA Geofabrik post-office seed extract,breadth_first_post_office_seed_extract,post_office,osm:node:358815832,Rio Linda Post Office,,,Rio Linda,CA,,38.6912916,-121.4482876,Geofabrik OpenStreetMap GeoPackage extract,2026-08-16T00:08:49Z,open,ODbL; attribution and share-alike required,packet_ready,geofabrik_post_office_extract_address_limited
ca-geofabrik-post-office-seed,CA Geofabrik post-office seed extract,breadth_first_post_office_seed_extract,post_office,osm:node:358823083,Rio Oso Post Office,,,Rio Oso,CA,,38.9615620,-121.5352381,Geofabrik OpenStreetMap GeoPackage extract,2026-08-16T00:08:49Z,open,ODbL; attribution and share-alike required,packet_ready,geofabrik_post_office_extract_address_limited
ca-geofabrik-post-office-seed,CA Geofabrik post-office seed extract,breadth_first_post_office_seed_extract,post_office,osm:node:358838111,Ripon Post Office,,,Ripon,CA,,37.7396506,-121.1396609,Geofabrik OpenStreetMap GeoPackage extract,2026-08-16T00:08:49Z,open,ODbL; attribution and share-alike required,packet_ready,geofabrik_post_office_extract_address_limited
ca-geofabrik-post-office-seed,CA Geofabrik post-office seed extract,breadth_first_post_office_seed_extract,post_office,osm:node:5041301651,Riverbank Post Office,,,Riverbank,CA,,37.7342839,-120.9360344,Geofabrik OpenStreetMap GeoPackage extract,2026-08-16T00:08:49Z,open,ODbL; attribution and share-alike required,packet_ready,geofabrik_post_office_extract_address_limited
ca-geofabrik-post-office-seed,CA Geofabrik post-office seed extract,breadth_first_post_office_seed_extract,post_office,osm:node:358834535,Riverdale Post Office,,,Riverdale,CA,,36.4317507,-119.8600982,Geofabrik OpenStreetMap GeoPackage extract,2026-08-16T00:08:49Z,open,ODbL; attribution and share-alike required,packet_ready,geofabrik_post_office_extract_address_limited
ca-geofabrik-post-office-seed,CA Geofabrik post-office seed extract,breadth_first_post_office_seed_extract,post_office,osm:node:358821307,Rivertown Station Antioch Post Office,,,Rivertown Station Antioch,CA,,38.0157544,-121.8121780,Geofabrik OpenStreetMap GeoPackage extract,2026-08-16T00:08:49Z,open,ODbL; attribution and share-alike required,packet_ready,geofabrik_post_office_extract_address_limited
ca-geofabrik-post-office-seed,CA Geofabrik post-office seed extract,breadth_first_post_office_seed_extract,post_office,osm:node:358823088,Robbins Post Office,,,Robbins,CA,,38.8704544,-121.7052421,Geofabrik OpenStreetMap GeoPackage extract,2026-08-16T00:08:49Z,open,ODbL; attribution and share-alike required,packet_ready,geofabrik_post_office_extract_address_limited
ca-geofabrik-post-office-seed,CA Geofabrik post-office seed extract,breadth_first_post_office_seed_extract,post_office,osm:way:44075659,Robertsville Post Office,,,Robertsville,CA,,37.2630269,-121.8790275,Geofabrik OpenStreetMap GeoPackage extract,2026-08-16T00:08:49Z,open,ODbL; attribution and share-alike required,packet_ready,geofabrik_post_office_extract_address_limited
ca-geofabrik-post-office-seed,CA Geofabrik post-office seed extract,breadth_first_post_office_seed_extract,post_office,osm:node:358823869,Rocklin Post Office,,,Rocklin,CA,,38.7849055,-121.2396088,Geofabrik OpenStreetMap GeoPackage extract,2026-08-16T00:08:49Z,open,ODbL; attribution and share-alike required,packet_ready,geofabrik_post_office_extract_address_limited
ca-geofabrik-post-office-seed,CA Geofabrik post-office seed extract,breadth_first_post_office_seed_extract,post_office,osm:way:728250537,Rodeo Post Office,,,Rodeo,CA,,38.0315774,-122.2660727,Geofabrik OpenStreetMap GeoPackage extract,2026-08-16T00:08:49Z,open,ODbL; attribution and share-alike required,packet_ready,geofabrik_post_office_extract_address_limited
ca-geofabrik-post-office-seed,CA Geofabrik post-office seed extract,breadth_first_post_office_seed_extract,post_office,osm:node:358831676,Rohnert Park Post Office,,,Rohnert Park,CA,,38.3461637,-122.7071403,Geofabrik OpenStreetMap GeoPackage extract,2026-08-16T00:08:49Z,open,ODbL; attribution and share-alike required,packet_ready,geofabrik_post_office_extract_address_limited
ca-geofabrik-post-office-seed,CA Geofabrik post-office seed extract,breadth_first_post_office_seed_extract,post_office,osm:way:563590730,Roseland Post Office,,,Roseland,CA,,38.4268507,-122.7480440,Geofabrik OpenStreetMap GeoPackage extract,2026-08-16T00:08:49Z,open,ODbL; attribution and share-alike required,packet_ready,geofabrik_post_office_extract_address_limited
ca-geofabrik-post-office-seed,CA Geofabrik post-office seed extract,breadth_first_post_office_seed_extract,post_office,osm:way:659984705,Ross Post Office,,,Ross,CA,,37.9614987,-122.5561529,Geofabrik OpenStreetMap GeoPackage extract,2026-08-16T00:08:49Z,open,ODbL; attribution and share-alike required,packet_ready,geofabrik_post_office_extract_address_limited
ca-geofabrik-post-office-seed,CA Geofabrik post-office seed extract,breadth_first_post_office_seed_extract,post_office,osm:way:682050347,Round Mountain Post Office,,,Round Mountain,CA,,40.8032391,-121.9405311,Geofabrik OpenStreetMap GeoPackage extract,2026-08-16T00:08:49Z,open,ODbL; attribution and share-alike required,packet_ready,geofabrik_post_office_extract_address_limited
ca-geofabrik-post-office-seed,CA Geofabrik post-office seed extract,breadth_first_post_office_seed_extract,post_office,osm:way:118247811,"Roy Miller Freight Lines, LLC",,,"Roy Miller Freight Lines, LLC",CA,,37.3170545,-121.8639149,Geofabrik OpenStreetMap GeoPackage extract,2026-08-16T00:08:49Z,open,ODbL; attribution and share-alike required,packet_ready,geofabrik_post_office_extract_address_limited
ca-geofabrik-post-office-seed,CA Geofabrik post-office seed extract,breadth_first_post_office_seed_extract,post_office,osm:node:358851309,Rutherford Post Office,,,Rutherford,CA,,38.4590766,-122.4227560,Geofabrik OpenStreetMap GeoPackage extract,2026-08-16T00:08:49Z,open,ODbL; attribution and share-alike required,packet_ready,geofabrik_post_office_extract_address_limited
ca-geofabrik-post-office-seed,CA Geofabrik post-office seed extract,breadth_first_post_office_seed_extract,post_office,osm:node:9429125322,Sacramento Mailboxes,,,Sacramento Mailboxes,CA,,37.8534901,-122.2788466,Geofabrik OpenStreetMap GeoPackage extract,2026-08-16T00:08:49Z,open,ODbL; attribution and share-alike required,packet_ready,geofabrik_post_office_extract_address_limited
ca-geofabrik-post-office-seed,CA Geofabrik post-office seed extract,breadth_first_post_office_seed_extract,post_office,osm:node:358852432,Sacramento Main Post Office,,,Sacramento Main,CA,,38.6032381,-121.4482870,Geofabrik OpenStreetMap GeoPackage extract,2026-08-16T00:08:49Z,open,ODbL; attribution and share-alike required,packet_ready,geofabrik_post_office_extract_address_limited
ca-geofabrik-post-office-seed,CA Geofabrik post-office seed extract,breadth_first_post_office_seed_extract,post_office,osm:node:2383254154,Sacramento Street Contract Station,,,Sacramento Street Contract Station,CA,,37.7936124,-122.4050580,Geofabrik OpenStreetMap GeoPackage extract,2026-08-16T00:08:49Z,open,ODbL; attribution and share-alike required,packet_ready,geofabrik_post_office_extract_address_limited
ca-geofabrik-post-office-seed,CA Geofabrik post-office seed extract,breadth_first_post_office_seed_extract,post_office,osm:node:8909089629,Saigon Shipping,,,Saigon Shipping,CA,,37.4356128,-121.8858070,Geofabrik OpenStreetMap GeoPackage extract,2026-08-16T00:08:49Z,open,ODbL; attribution and share-alike required,packet_ready,geofabrik_post_office_extract_address_limited
ca-geofabrik-post-office-seed,CA Geofabrik post-office seed extract,breadth_first_post_office_seed_extract,post_office,osm:way:378262309,Saint Helena Post Office,,,Saint Helena,CA,,38.5056699,-122.4716872,Geofabrik OpenStreetMap GeoPackage extract,2026-08-16T00:08:49Z,open,ODbL; attribution and share-alike required,packet_ready,geofabrik_post_office_extract_address_limited
ca-geofabrik-post-office-seed,CA Geofabrik post-office seed extract,breadth_first_post_office_seed_extract,post_office,osm:way:158248771,Saint James Park Post Office,,,Saint James Park,CA,,37.3377765,-121.8922352,Geofabrik OpenStreetMap GeoPackage extract,2026-08-16T00:08:49Z,open,ODbL; attribution and share-alike required,packet_ready,geofabrik_post_office_extract_address_limited
ca-geofabrik-post-office-seed,CA Geofabrik post-office seed extract,breadth_first_post_office_seed_extract,post_office,osm:way:237348250,Saint Matthews Station San Mateo Post Office,,,Saint Matthews Station San Mateo,CA,,37.5654120,-122.3240999,Geofabrik OpenStreetMap GeoPackage extract,2026-08-16T00:08:49Z,open,ODbL; attribution and share-alike required,packet_ready,geofabrik_post_office_extract_address_limited
ca-geofabrik-post-office-seed,CA Geofabrik post-office seed extract,breadth_first_post_office_seed_extract,post_office,osm:way:328488848,Salinas Post Office,,,Salinas,CA,,36.6737290,-121.6575871,Geofabrik OpenStreetMap GeoPackage extract,2026-08-16T00:08:49Z,open,ODbL; attribution and share-alike required,packet_ready,geofabrik_post_office_extract_address_limited
ca-geofabrik-post-office-seed,CA Geofabrik post-office seed extract,breadth_first_post_office_seed_extract,post_office,osm:node:358819082,Salyer Post Office,,,Salyer,CA,,40.8905848,-123.5843080,Geofabrik OpenStreetMap GeoPackage extract,2026-08-16T00:08:49Z,open,ODbL; attribution and share-alike required,packet_ready,geofabrik_post_office_extract_address_limited
ca-geofabrik-post-office-seed,CA Geofabrik post-office seed extract,breadth_first_post_office_seed_extract,post_office,osm:node:13912914201,Samoa Post Office,,,Samoa,CA,,40.8170816,-124.1862949,Geofabrik OpenStreetMap GeoPackage extract,2026-08-16T00:08:49Z,open,ODbL; attribution and share-alike required,packet_ready,geofabrik_post_office_extract_address_limited
ca-geofabrik-post-office-seed,CA Geofabrik post-office seed extract,breadth_first_post_office_seed_extract,post_office,osm:node:358832946,San Andreas Post Office,,,San Andreas,CA,,38.1978097,-120.6867662,Geofabrik OpenStreetMap GeoPackage extract,2026-08-16T00:08:49Z,open,ODbL; attribution and share-alike required,packet_ready,geofabrik_post_office_extract_address_limited
ca-geofabrik-post-office-seed,CA Geofabrik post-office seed extract,breadth_first_post_office_seed_extract,post_office,osm:node:358832621,San Anselmo Post Office,,,San Anselmo,CA,,37.9710348,-122.5619224,Geofabrik OpenStreetMap GeoPackage extract,2026-08-16T00:08:49Z,open,ODbL; attribution and share-alike required,packet_ready,geofabrik_post_office_extract_address_limited
ca-geofabrik-post-office-seed,CA Geofabrik post-office seed extract,breadth_first_post_office_seed_extract,post_office,osm:node:1251634957,San Carlos Post Office,,,San Carlos,CA,,37.5037222,-122.2576100,Geofabrik OpenStreetMap GeoPackage extract,2026-08-16T00:08:49Z,open,ODbL; attribution and share-alike required,packet_ready,geofabrik_post_office_extract_address_limited
ca-geofabrik-post-office-seed,CA Geofabrik post-office seed extract,breadth_first_post_office_seed_extract,post_office,osm:node:10711292835,San Francisco Post Office,,,San Francisco,CA,,37.7402054,-122.3825906,Geofabrik OpenStreetMap GeoPackage extract,2026-08-16T00:08:49Z,open,ODbL; attribution and share-alike required,packet_ready,geofabrik_post_office_extract_address_limited
ca-geofabrik-post-office-seed,CA Geofabrik post-office seed extract,breadth_first_post_office_seed_extract,post_office,osm:node:13927681301,San Geronimo Post Office,,,San Geronimo,CA,,38.0142067,-122.6668418,Geofabrik OpenStreetMap GeoPackage extract,2026-08-16T00:08:49Z,open,ODbL; attribution and share-alike required,packet_ready,geofabrik_post_office_extract_address_limited
ca-geofabrik-post-office-seed,CA Geofabrik post-office seed extract,breadth_first_post_office_seed_extract,post_office,osm:node:358832751,San Geronimo Post Office,,,San Geronimo,CA,,38.0140896,-122.6680399,Geofabrik OpenStreetMap GeoPackage extract,2026-08-16T00:08:49Z,open,ODbL; attribution and share-alike required,packet_ready,geofabrik_post_office_extract_address_limited
ca-geofabrik-post-office-seed,CA Geofabrik post-office seed extract,breadth_first_post_office_seed_extract,post_office,osm:node:358831226,San Gregorio Post Office,,,San Gregorio,CA,,37.3269220,-122.3867507,Geofabrik OpenStreetMap GeoPackage extract,2026-08-16T00:08:49Z,open,ODbL; attribution and share-alike required,packet_ready,geofabrik_post_office_extract_address_limited
ca-geofabrik-post-office-seed,CA Geofabrik post-office seed extract,breadth_first_post_office_seed_extract,post_office,osm:node:358834335,San Joaquin Post Office,,,San Joaquin,CA,,36.6085606,-120.1876558,Geofabrik OpenStreetMap GeoPackage extract,2026-08-16T00:08:49Z,open,ODbL; attribution and share-alike required,packet_ready,geofabrik_post_office_extract_address_limited
ca-geofabrik-post-office-seed,CA Geofabrik post-office seed extract,breadth_first_post_office_seed_extract,post_office,osm:node:315635135,San Juan Bautista Post Office,,,San Juan Bautista,CA,,36.8416680,-121.5347173,Geofabrik OpenStreetMap GeoPackage extract,2026-08-16T00:08:49Z,open,ODbL; attribution and share-alike required,packet_ready,geofabrik_post_office_extract_address_limited
ca-geofabrik-post-office-seed,CA Geofabrik post-office seed extract,breadth_first_post_office_seed_extract,post_office,osm:node:358851593,San Leandro Main Post Office,,,San Leandro Main,CA,,37.7104858,-122.1707994,Geofabrik OpenStreetMap GeoPackage extract,2026-08-16T00:08:49Z,open,ODbL; attribution and share-alike required,packet_ready,geofabrik_post_office_extract_address_limited
ca-geofabrik-post-office-seed,CA Geofabrik post-office seed extract,breadth_first_post_office_seed_extract,post_office,osm:node:358819556,San Lorenzo Post Office,,,San Lorenzo,CA,,37.6826680,-122.1275664,Geofabrik OpenStreetMap GeoPackage extract,2026-08-16T00:08:49Z,open,ODbL; attribution and share-alike required,packet_ready,geofabrik_post_office_extract_address_limited
ca-geofabrik-post-office-seed,CA Geofabrik post-office seed extract,breadth_first_post_office_seed_extract,post_office,osm:way:1109760424,San Lucas Post Office,,,San Lucas,CA,,36.1289431,-121.0182758,Geofabrik OpenStreetMap GeoPackage extract,2026-08-16T00:08:49Z,open,ODbL; attribution and share-alike required,packet_ready,geofabrik_post_office_extract_address_limited
ca-geofabrik-post-office-seed,CA Geofabrik post-office seed extract,breadth_first_post_office_seed_extract,post_office,osm:way:137301582,San Martin Post Office,,,San Martin,CA,,37.0855927,-121.6064131,Geofabrik OpenStreetMap GeoPackage extract,2026-08-16T00:08:49Z,open,ODbL; attribution and share-alike required,packet_ready,geofabrik_post_office_extract_address_limited
ca-geofabrik-post-office-seed,CA Geofabrik post-office seed extract,breadth_first_post_office_seed_extract,post_office,osm:way:289492769,San Mateo Post Office,,,San Mateo,CA,,37.5559845,-122.3090181,Geofabrik OpenStreetMap GeoPackage extract,2026-08-16T00:08:49Z,open,ODbL; attribution and share-alike required,packet_ready,geofabrik_post_office_extract_address_limited
ca-geofabrik-post-office-seed,CA Geofabrik post-office seed extract,breadth_first_post_office_seed_extract,post_office,osm:node:358821047,San Pablo Post Office,,,San Pablo,CA,,37.9611367,-122.3457379,Geofabrik OpenStreetMap GeoPackage extract,2026-08-16T00:08:49Z,open,ODbL; attribution and share-alike required,packet_ready,geofabrik_post_office_extract_address_limited
ca-geofabrik-post-office-seed,CA Geofabrik post-office seed extract,breadth_first_post_office_seed_extract,post_office,osm:way:786174677,San Quentin Post Office,,,San Quentin,CA,,37.9414357,-122.4845605,Geofabrik OpenStreetMap GeoPackage extract,2026-08-16T00:08:49Z,open,ODbL; attribution and share-alike required,packet_ready,geofabrik_post_office_extract_address_limited
ca-geofabrik-post-office-seed,CA Geofabrik post-office seed extract,breadth_first_post_office_seed_extract,post_office,osm:way:970695271,San Rafael Post Office,,,San Rafael,CA,,37.9591195,-122.5055799,Geofabrik OpenStreetMap GeoPackage extract,2026-08-16T00:08:49Z,open,ODbL; attribution and share-alike required,packet_ready,geofabrik_post_office_extract_address_limited
ca-geofabrik-post-office-seed,CA Geofabrik post-office seed extract,breadth_first_post_office_seed_extract,post_office,osm:node:358817105,San Ramon Post Office,,,San Ramon,CA,,37.7789733,-121.9642751,Geofabrik OpenStreetMap GeoPackage extract,2026-08-16T00:08:49Z,open,ODbL; attribution and share-alike required,packet_ready,geofabrik_post_office_extract_address_limited
ca-geofabrik-post-office-seed,CA Geofabrik post-office seed extract,breadth_first_post_office_seed_extract,post_office,osm:node:358834296,Sanger Post Office,,,Sanger,CA,,36.7052282,-119.5581875,Geofabrik OpenStreetMap GeoPackage extract,2026-08-16T00:08:49Z,open,ODbL; attribution and share-alike required,packet_ready,geofabrik_post_office_extract_address_limited
ca-geofabrik-post-office-seed,CA Geofabrik post-office seed extract,breadth_first_post_office_seed_extract,post_office,osm:node:358838660,Santa Clara Post Office,,,Santa Clara,CA,,37.3485525,-121.9471790,Geofabrik OpenStreetMap GeoPackage extract,2026-08-16T00:08:49Z,open,ODbL; attribution and share-alike required,packet_ready,geofabrik_post_office_extract_address_limited
ca-geofabrik-post-office-seed,CA Geofabrik post-office seed extract,breadth_first_post_office_seed_extract,post_office,osm:way:34254019,Santa Cruz Post Office,,,Santa Cruz,CA,,36.9768425,-122.0264032,Geofabrik OpenStreetMap GeoPackage extract,2026-08-16T00:08:49Z,open,ODbL; attribution and share-alike required,packet_ready,geofabrik_post_office_extract_address_limited
ca-geofabrik-post-office-seed,CA Geofabrik post-office seed extract,breadth_first_post_office_seed_extract,post_office,osm:way:116268228,Santa Rosa Post Office,,,Santa Rosa,CA,,38.4399071,-122.7101868,Geofabrik OpenStreetMap GeoPackage extract,2026-08-16T00:08:49Z,open,ODbL; attribution and share-alike required,packet_ready,geofabrik_post_office_extract_address_limited
ca-geofabrik-post-office-seed,CA Geofabrik post-office seed extract,breadth_first_post_office_seed_extract,post_office,osm:node:358838486,Saratoga Post Office,,,Saratoga,CA,,37.2662905,-122.0151920,Geofabrik OpenStreetMap GeoPackage extract,2026-08-16T00:08:49Z,open,ODbL; attribution and share-alike required,packet_ready,geofabrik_post_office_extract_address_limited
ca-geofabrik-post-office-seed,CA Geofabrik post-office seed extract,breadth_first_post_office_seed_extract,post_office,osm:way:385152028,Sausalito Post Office,,,Sausalito,CA,,37.8670926,-122.4993095,Geofabrik OpenStreetMap GeoPackage extract,2026-08-16T00:08:49Z,open,ODbL; attribution and share-alike required,packet_ready,geofabrik_post_office_extract_address_limited
ca-geofabrik-post-office-seed,CA Geofabrik post-office seed extract,breadth_first_post_office_seed_extract,post_office,osm:way:1474361286,Sawyers Bar Post Office,,,Sawyers Bar,CA,,41.2970632,-123.1307877,Geofabrik OpenStreetMap GeoPackage extract,2026-08-16T00:08:49Z,open,ODbL; attribution and share-alike required,packet_ready,geofabrik_post_office_extract_address_limited
ca-geofabrik-post-office-seed,CA Geofabrik post-office seed extract,breadth_first_post_office_seed_extract,post_office,osm:node:8615583528,Scotia Post Office,,,Scotia,CA,,40.4837823,-124.1018690,Geofabrik OpenStreetMap GeoPackage extract,2026-08-16T00:08:49Z,open,ODbL; attribution and share-alike required,packet_ready,geofabrik_post_office_extract_address_limited
ca-geofabrik-post-office-seed,CA Geofabrik post-office seed extract,breadth_first_post_office_seed_extract,post_office,osm:way:1425478123,Scott Bar Post Office,,,Scott Bar,CA,,41.7418217,-123.0045545,Geofabrik OpenStreetMap GeoPackage extract,2026-08-16T00:08:49Z,open,ODbL; attribution and share-alike required,packet_ready,geofabrik_post_office_extract_address_limited
ca-geofabrik-post-office-seed,CA Geofabrik post-office seed extract,breadth_first_post_office_seed_extract,post_office,osm:way:37722580,Scotts Valley Post Office,,,Scotts Valley,CA,,37.0479671,-122.0285032,Geofabrik OpenStreetMap GeoPackage extract,2026-08-16T00:08:49Z,open,ODbL; attribution and share-alike required,packet_ready,geofabrik_post_office_extract_address_limited
ca-geofabrik-post-office-seed,CA Geofabrik post-office seed extract,breadth_first_post_office_seed_extract,post_office,osm:way:837515561,Sea Ranch Post Office,,,Sea Ranch,CA,,38.6802813,-123.4289474,Geofabrik OpenStreetMap GeoPackage extract,2026-08-16T00:08:49Z,open,ODbL; attribution and share-alike required,packet_ready,geofabrik_post_office_extract_address_limited
ca-geofabrik-post-office-seed,CA Geofabrik post-office seed extract,breadth_first_post_office_seed_extract,post_office,osm:node:358849761,Seaside Post Office,,,Seaside,CA,,36.6095151,-121.8432006,Geofabrik OpenStreetMap GeoPackage extract,2026-08-16T00:08:49Z,open,ODbL; attribution and share-alike required,packet_ready,geofabrik_post_office_extract_address_limited
ca-geofabrik-post-office-seed,CA Geofabrik post-office seed extract,breadth_first_post_office_seed_extract,post_office,osm:way:691908351,Sebastopol Post Office,,,Sebastopol,CA,,38.4002659,-122.8235694,Geofabrik OpenStreetMap GeoPackage extract,2026-08-16T00:08:49Z,open,ODbL; attribution and share-alike required,packet_ready,geofabrik_post_office_extract_address_limited
ca-geofabrik-post-office-seed,CA Geofabrik post-office seed extract,breadth_first_post_office_seed_extract,post_office,osm:node:358834415,Selma Post Office,,,Selma,CA,,36.5699505,-119.6129098,Geofabrik OpenStreetMap GeoPackage extract,2026-08-16T00:08:49Z,open,ODbL; attribution and share-alike required,packet_ready,geofabrik_post_office_extract_address_limited
ca-geofabrik-post-office-seed,CA Geofabrik post-office seed extract,breadth_first_post_office_seed_extract,post_office,osm:node:13900675774,Sequoia Print and Ship,,,Sequoia Print and Ship,CA,,36.6012795,-119.4607970,Geofabrik OpenStreetMap GeoPackage extract,2026-08-16T00:08:49Z,open,ODbL; attribution and share-alike required,packet_ready,geofabrik_post_office_extract_address_limited
ca-geofabrik-post-office-seed,CA Geofabrik post-office seed extract,breadth_first_post_office_seed_extract,post_office,osm:way:231653574,Seven Trees Annex,,,Seven Trees Annex,CA,,37.2907577,-121.8463708,Geofabrik OpenStreetMap GeoPackage extract,2026-08-16T00:08:49Z,open,ODbL; attribution and share-alike required,packet_ready,geofabrik_post_office_extract_address_limited
ca-geofabrik-post-office-seed,CA Geofabrik post-office seed extract,breadth_first_post_office_seed_extract,post_office,osm:way:1124118326,Shasta Post Office,,,Shasta,CA,,40.5966721,-122.4882619,Geofabrik OpenStreetMap GeoPackage extract,2026-08-16T00:08:49Z,open,ODbL; attribution and share-alike required,packet_ready,geofabrik_post_office_extract_address_limited
ca-geofabrik-post-office-seed,CA Geofabrik post-office seed extract,breadth_first_post_office_seed_extract,post_office,osm:way:445619239,Shasta Lake Post Office,,,Shasta Lake,CA,,40.6812398,-122.3665602,Geofabrik OpenStreetMap GeoPackage extract,2026-08-16T00:08:49Z,open,ODbL; attribution and share-alike required,packet_ready,geofabrik_post_office_extract_address_limited
ca-geofabrik-post-office-seed,CA Geofabrik post-office seed extract,breadth_first_post_office_seed_extract,post_office,osm:node:358833941,Shaver Lake Post Office,,,Shaver Lake,CA,,37.1113920,-119.3206487,Geofabrik OpenStreetMap GeoPackage extract,2026-08-16T00:08:49Z,open,ODbL; attribution and share-alike required,packet_ready,geofabrik_post_office_extract_address_limited
ca-geofabrik-post-office-seed,CA Geofabrik post-office seed extract,breadth_first_post_office_seed_extract,post_office,osm:node:13976533827,Sheridan Post Office,,,Sheridan,CA,,38.9801461,-121.3759598,Geofabrik OpenStreetMap GeoPackage extract,2026-08-16T00:08:49Z,open,ODbL; attribution and share-alike required,packet_ready,geofabrik_post_office_extract_address_limited
ca-geofabrik-post-office-seed,CA Geofabrik post-office seed extract,breadth_first_post_office_seed_extract,post_office,osm:node:358827767,Shingle Springs Post Office,,,Shingle Springs,CA,,38.6603124,-120.9352573,Geofabrik OpenStreetMap GeoPackage extract,2026-08-16T00:08:49Z,open,ODbL; attribution and share-alike required,packet_ready,geofabrik_post_office_extract_address_limited
ca-geofabrik-post-office-seed,CA Geofabrik post-office seed extract,breadth_first_post_office_seed_extract,post_office,osm:node:5106546088,Shingtown Post Office,,,Shingtown,CA,,40.4925590,-121.8887730,Geofabrik OpenStreetMap GeoPackage extract,2026-08-16T00:08:49Z,open,ODbL; attribution and share-alike required,packet_ready,geofabrik_post_office_extract_address_limited
ca-geofabrik-post-office-seed,CA Geofabrik post-office seed extract,breadth_first_post_office_seed_extract,post_office,osm:node:11925793415,Ship N Mail,,,Ship N Mail,CA,,37.8584753,-122.4836520,Geofabrik OpenStreetMap GeoPackage extract,2026-08-16T00:08:49Z,open,ODbL; attribution and share-alike required,packet_ready,geofabrik_post_office_extract_address_limited
ca-geofabrik-post-office-seed,CA Geofabrik post-office seed extract,breadth_first_post_office_seed_extract,post_office,osm:node:3767248273,Shipping & Receiving,,,Shipping & Receiving,CA,,38.0596793,-122.6544186,Geofabrik OpenStreetMap GeoPackage extract,2026-08-16T00:08:49Z,open,ODbL; attribution and share-alike required,packet_ready,geofabrik_post_office_extract_address_limited
ca-geofabrik-post-office-seed,CA Geofabrik post-office seed extract,breadth_first_post_office_seed_extract,post_office,osm:node:13994247201,Shipping XPress,,,Shipping XPress,CA,,37.3103482,-121.9021809,Geofabrik OpenStreetMap GeoPackage extract,2026-08-16T00:08:49Z,open,ODbL; attribution and share-alike required,packet_ready,geofabrik_post_office_extract_address_limited
ca-geofabrik-post-office-seed,CA Geofabrik post-office seed extract,breadth_first_post_office_seed_extract,post_office,osm:node:4988889224,ShippingX,,,ShippingX,CA,,37.3232543,-121.9181060,Geofabrik OpenStreetMap GeoPackage extract,2026-08-16T00:08:49Z,open,ODbL; attribution and share-alike required,packet_ready,geofabrik_post_office_extract_address_limited
ca-geofabrik-post-office-seed,CA Geofabrik post-office seed extract,breadth_first_post_office_seed_extract,post_office,osm:way:325827614,Shoshone Post Office,,,Shoshone,CA,,35.9746336,-116.2705796,Geofabrik OpenStreetMap GeoPackage extract,2026-08-16T00:08:49Z,open,ODbL; attribution and share-alike required,packet_ready,geofabrik_post_office_extract_address_limited
ca-geofabrik-post-office-seed,CA Geofabrik post-office seed extract,breadth_first_post_office_seed_extract,post_office,osm:node:3628053093,Sierra City Post Office,,,Sierra City,CA,,39.5656380,-120.6360640,Geofabrik OpenStreetMap GeoPackage extract,2026-08-16T00:08:49Z,open,ODbL; attribution and share-alike required,packet_ready,geofabrik_post_office_extract_address_limited
ca-geofabrik-post-office-seed,CA Geofabrik post-office seed extract,breadth_first_post_office_seed_extract,post_office,osm:node:358827022,Sierraville Post Office,,,Sierraville,CA,,39.5845593,-120.3685143,Geofabrik OpenStreetMap GeoPackage extract,2026-08-16T00:08:49Z,open,ODbL; attribution and share-alike required,packet_ready,geofabrik_post_office_extract_address_limited
ca-geofabrik-post-office-seed,CA Geofabrik post-office seed extract,breadth_first_post_office_seed_extract,post_office,osm:node:8508621584,Sin Fronteras Mudanzas Envios Paqueteria,,,Sin Fronteras Mudanzas Envios Paqueteria,CA,,37.3410436,-121.8435790,Geofabrik OpenStreetMap GeoPackage extract,2026-08-16T00:08:49Z,open,ODbL; attribution and share-alike required,packet_ready,geofabrik_post_office_extract_address_limited
ca-geofabrik-post-office-seed,CA Geofabrik post-office seed extract,breadth_first_post_office_seed_extract,post_office,osm:node:358852462,Sloughhouse - Rancho Murieta Post Office,,,Sloughhouse Rancho Murieta,CA,,38.4940753,-121.1002226,Geofabrik OpenStreetMap GeoPackage extract,2026-08-16T00:08:49Z,open,ODbL; attribution and share-alike required,packet_ready,geofabrik_post_office_extract_address_limited
ca-geofabrik-post-office-seed,CA Geofabrik post-office seed extract,breadth_first_post_office_seed_extract,post_office,osm:node:358828024,Smith Flat Post Office,,,Smith Flat,CA,,38.7337920,-120.7538220,Geofabrik OpenStreetMap GeoPackage extract,2026-08-16T00:08:49Z,open,ODbL; attribution and share-alike required,packet_ready,geofabrik_post_office_extract_address_limited
ca-geofabrik-post-office-seed,CA Geofabrik post-office seed extract,breadth_first_post_office_seed_extract,post_office,osm:way:1299186921,Smith River Post Office,,,Smith River,CA,,41.9286638,-124.1458717,Geofabrik OpenStreetMap GeoPackage extract,2026-08-16T00:08:49Z,open,ODbL; attribution and share-alike required,packet_ready,geofabrik_post_office_extract_address_limited
ca-geofabrik-post-office-seed,CA Geofabrik post-office seed extract,breadth_first_post_office_seed_extract,post_office,osm:way:303902648,Snelling Post Office,,,Snelling,CA,,37.5193758,-120.4383427,Geofabrik OpenStreetMap GeoPackage extract,2026-08-16T00:08:49Z,open,ODbL; attribution and share-alike required,packet_ready,geofabrik_post_office_extract_address_limited
ca-geofabrik-post-office-seed,CA Geofabrik post-office seed extract,breadth_first_post_office_seed_extract,post_office,osm:node:358819011,Soda Springs Post Office,,,Soda Springs,CA,,39.3241838,-120.3839328,Geofabrik OpenStreetMap GeoPackage extract,2026-08-16T00:08:49Z,open,ODbL; attribution and share-alike required,packet_ready,geofabrik_post_office_extract_address_limited
ca-geofabrik-post-office-seed,CA Geofabrik post-office seed extract,breadth_first_post_office_seed_extract,post_office,osm:node:549660583,Soledad Post Office,,,Soledad,CA,,36.4261450,-121.3262320,Geofabrik OpenStreetMap GeoPackage extract,2026-08-16T00:08:49Z,open,ODbL; attribution and share-alike required,packet_ready,geofabrik_post_office_extract_address_limited
ca-geofabrik-post-office-seed,CA Geofabrik post-office seed extract,breadth_first_post_office_seed_extract,post_office,osm:way:566503415,Somerset Post Office,,,Somerset,CA,,38.6473675,-120.6846399,Geofabrik OpenStreetMap GeoPackage extract,2026-08-16T00:08:49Z,open,ODbL; attribution and share-alike required,packet_ready,geofabrik_post_office_extract_address_limited
ca-geofabrik-post-office-seed,CA Geofabrik post-office seed extract,breadth_first_post_office_seed_extract,post_office,osm:node:358831731,Sonoma Post Office,,,Sonoma,CA,,38.2897853,-122.4586422,Geofabrik OpenStreetMap GeoPackage extract,2026-08-16T00:08:49Z,open,ODbL; attribution and share-alike required,packet_ready,geofabrik_post_office_extract_address_limited
ca-geofabrik-post-office-seed,CA Geofabrik post-office seed extract,breadth_first_post_office_seed_extract,post_office,osm:node:358830263,Sonora Post Office,,,Sonora,CA,,37.9748632,-120.3789510,Geofabrik OpenStreetMap GeoPackage extract,2026-08-16T00:08:49Z,open,ODbL; attribution and share-alike required,packet_ready,geofabrik_post_office_extract_address_limited
ca-geofabrik-post-office-seed,CA Geofabrik post-office seed extract,breadth_first_post_office_seed_extract,post_office,osm:way:41382045,Soquel Post Office,,,Soquel,CA,,36.9882734,-121.9563213,Geofabrik OpenStreetMap GeoPackage extract,2026-08-16T00:08:49Z,open,ODbL; attribution and share-alike required,packet_ready,geofabrik_post_office_extract_address_limited
ca-geofabrik-post-office-seed,CA Geofabrik post-office seed extract,breadth_first_post_office_seed_extract,post_office,osm:way:73979758,South Berkeley Station Post Office,,,South Berkeley Station,CA,,37.8511908,-122.2701209,Geofabrik OpenStreetMap GeoPackage extract,2026-08-16T00:08:49Z,open,ODbL; attribution and share-alike required,packet_ready,geofabrik_post_office_extract_address_limited
ca-geofabrik-post-office-seed,CA Geofabrik post-office seed extract,breadth_first_post_office_seed_extract,post_office,osm:node:358851595,South San Leandro Station San Leandro Post Office,,,South San Leandro Station San Leandro,CA,,37.7085413,-122.1335759,Geofabrik OpenStreetMap GeoPackage extract,2026-08-16T00:08:49Z,open,ODbL; attribution and share-alike required,packet_ready,geofabrik_post_office_extract_address_limited
ca-geofabrik-post-office-seed,CA Geofabrik post-office seed extract,breadth_first_post_office_seed_extract,post_office,osm:way:642482862,Spreckels Post Office,,,Spreckels,CA,,36.6224839,-121.6468819,Geofabrik OpenStreetMap GeoPackage extract,2026-08-16T00:08:49Z,open,ODbL; attribution and share-alike required,packet_ready,geofabrik_post_office_extract_address_limited
ca-geofabrik-post-office-seed,CA Geofabrik post-office seed extract,breadth_first_post_office_seed_extract,post_office,osm:way:760202792,Springstowne Post Office,,,Springstowne,CA,,38.1124275,-122.2284775,Geofabrik OpenStreetMap GeoPackage extract,2026-08-16T00:08:49Z,open,ODbL; attribution and share-alike required,packet_ready,geofabrik_post_office_extract_address_limited
ca-geofabrik-post-office-seed,CA Geofabrik post-office seed extract,breadth_first_post_office_seed_extract,post_office,osm:way:1287051064,Springville Post Office,,,Springville,CA,,36.1315200,-118.8163488,Geofabrik OpenStreetMap GeoPackage extract,2026-08-16T00:08:49Z,open,ODbL; attribution and share-alike required,packet_ready,geofabrik_post_office_extract_address_limited
ca-geofabrik-post-office-seed,CA Geofabrik post-office seed extract,breadth_first_post_office_seed_extract,post_office,osm:way:1141927198,Squaw Valley Post Office,,,Squaw Valley,CA,,36.7401733,-119.2496790,Geofabrik OpenStreetMap GeoPackage extract,2026-08-16T00:08:49Z,open,ODbL; attribution and share-alike required,packet_ready,geofabrik_post_office_extract_address_limited
ca-geofabrik-post-office-seed,CA Geofabrik post-office seed extract,breadth_first_post_office_seed_extract,post_office,osm:way:232805741,Stanford Station Post Office,,,Stanford Station,CA,,37.4243256,-122.1689452,Geofabrik OpenStreetMap GeoPackage extract,2026-08-16T00:08:49Z,open,ODbL; attribution and share-alike required,packet_ready,geofabrik_post_office_extract_address_limited
ca-geofabrik-post-office-seed,CA Geofabrik post-office seed extract,breadth_first_post_office_seed_extract,post_office,osm:node:358831205,Station A Redwood City Post Office,,,Station A Redwood City,CA,,37.4577160,-122.2277437,Geofabrik OpenStreetMap GeoPackage extract,2026-08-16T00:08:49Z,open,ODbL; attribution and share-alike required,packet_ready,geofabrik_post_office_extract_address_limited
ca-geofabrik-post-office-seed,CA Geofabrik post-office seed extract,breadth_first_post_office_seed_extract,post_office,osm:node:358821082,Station A Richmond Post Office,,,Station A Richmond,CA,,37.9324244,-122.3469152,Geofabrik OpenStreetMap GeoPackage extract,2026-08-16T00:08:49Z,open,ODbL; attribution and share-alike required,packet_ready,geofabrik_post_office_extract_address_limited
ca-geofabrik-post-office-seed,CA Geofabrik post-office seed extract,breadth_first_post_office_seed_extract,post_office,osm:node:358830899,Station A San Mateo Post Office,,,Station A San Mateo,CA,,37.5434400,-122.3078792,Geofabrik OpenStreetMap GeoPackage extract,2026-08-16T00:08:49Z,open,ODbL; attribution and share-alike required,packet_ready,geofabrik_post_office_extract_address_limited
ca-geofabrik-post-office-seed,CA Geofabrik post-office seed extract,breadth_first_post_office_seed_extract,post_office,osm:node:358838664,Station B San Jose Post Office,,,Station B San Jose,CA,,37.3110532,-121.9030109,Geofabrik OpenStreetMap GeoPackage extract,2026-08-16T00:08:49Z,open,ODbL; attribution and share-alike required,packet_ready,geofabrik_post_office_extract_address_limited
ca-geofabrik-post-office-seed,CA Geofabrik post-office seed extract,breadth_first_post_office_seed_extract,post_office,osm:node:358819738,Station E Post Office,,,Station E,CA,,37.8282196,-122.2104339,Geofabrik OpenStreetMap GeoPackage extract,2026-08-16T00:08:49Z,open,ODbL; attribution and share-alike required,packet_ready,geofabrik_post_office_extract_address_limited
ca-geofabrik-post-office-seed,CA Geofabrik post-office seed extract,breadth_first_post_office_seed_extract,post_office,osm:node:358855386,Steiner Street Station,,,Steiner Street Station,CA,,37.7839348,-122.4335835,Geofabrik OpenStreetMap GeoPackage extract,2026-08-16T00:08:49Z,open,ODbL; attribution and share-alike required,packet_ready,geofabrik_post_office_extract_address_limited
ca-geofabrik-post-office-seed,CA Geofabrik post-office seed extract,breadth_first_post_office_seed_extract,post_office,osm:node:8856487722,Stevens Creek Office Center Mail Drop,,,Stevens Creek Office Center Mail Drop,CA,,37.3237384,-122.0385855,Geofabrik OpenStreetMap GeoPackage extract,2026-08-16T00:08:49Z,open,ODbL; attribution and share-alike required,packet_ready,geofabrik_post_office_extract_address_limited
ca-geofabrik-post-office-seed,CA Geofabrik post-office seed extract,breadth_first_post_office_seed_extract,post_office,osm:node:8098369512,Stewarts Point Post Office,,,Stewarts Point,CA,,38.6524817,-123.3998780,Geofabrik OpenStreetMap GeoPackage extract,2026-08-16T00:08:49Z,open,ODbL; attribution and share-alike required,packet_ready,geofabrik_post_office_extract_address_limited
ca-geofabrik-post-office-seed,CA Geofabrik post-office seed extract,breadth_first_post_office_seed_extract,post_office,osm:node:358833235,Stinson Beach Post Office,,,Stinson Beach,CA,,37.8980030,-122.6402265,Geofabrik OpenStreetMap GeoPackage extract,2026-08-16T00:08:49Z,open,ODbL; attribution and share-alike required,packet_ready,geofabrik_post_office_extract_address_limited
ca-geofabrik-post-office-seed,CA Geofabrik post-office seed extract,breadth_first_post_office_seed_extract,post_office,osm:way:287634097,Stockton Post Office,,,Stockton,CA,,37.9575413,-121.2888539,Geofabrik OpenStreetMap GeoPackage extract,2026-08-16T00:08:49Z,open,ODbL; attribution and share-alike required,packet_ready,geofabrik_post_office_extract_address_limited
ca-geofabrik-post-office-seed,CA Geofabrik post-office seed extract,breadth_first_post_office_seed_extract,post_office,osm:node:358822635,Stonyford Post Office,,,Stonyford,CA,,39.3751619,-122.5449885,Geofabrik OpenStreetMap GeoPackage extract,2026-08-16T00:08:49Z,open,ODbL; attribution and share-alike required,packet_ready,geofabrik_post_office_extract_address_limited
ca-geofabrik-post-office-seed,CA Geofabrik post-office seed extract,breadth_first_post_office_seed_extract,post_office,osm:node:358833473,Stratford Post Office,,,Stratford,CA,,36.1897605,-119.8234630,Geofabrik OpenStreetMap GeoPackage extract,2026-08-16T00:08:49Z,open,ODbL; attribution and share-alike required,packet_ready,geofabrik_post_office_extract_address_limited
ca-geofabrik-post-office-seed,CA Geofabrik post-office seed extract,breadth_first_post_office_seed_extract,post_office,osm:node:358840009,Strathmore Post Office,,,Strathmore,CA,,36.1480070,-119.0617698,Geofabrik OpenStreetMap GeoPackage extract,2026-08-16T00:08:49Z,open,ODbL; attribution and share-alike required,packet_ready,geofabrik_post_office_extract_address_limited
ca-geofabrik-post-office-seed,CA Geofabrik post-office seed extract,breadth_first_post_office_seed_extract,post_office,osm:way:484504474,Summit City Post Office,,,Summit City,CA,,40.6864645,-122.4014333,Geofabrik OpenStreetMap GeoPackage extract,2026-08-16T00:08:49Z,open,ODbL; attribution and share-alike required,packet_ready,geofabrik_post_office_extract_address_limited
ca-geofabrik-post-office-seed,CA Geofabrik post-office seed extract,breadth_first_post_office_seed_extract,post_office,osm:way:311591516,Sunol Post Office,,,Sunol,CA,,37.5941936,-121.8873086,Geofabrik OpenStreetMap GeoPackage extract,2026-08-16T00:08:49Z,open,ODbL; attribution and share-alike required,packet_ready,geofabrik_post_office_extract_address_limited
ca-geofabrik-post-office-seed,CA Geofabrik post-office seed extract,breadth_first_post_office_seed_extract,post_office,osm:way:276610546,Sunset Station,,,Sunset Station,CA,,37.7631132,-122.4799650,Geofabrik OpenStreetMap GeoPackage extract,2026-08-16T00:08:49Z,open,ODbL; attribution and share-alike required,packet_ready,geofabrik_post_office_extract_address_limited
ca-geofabrik-post-office-seed,CA Geofabrik post-office seed extract,breadth_first_post_office_seed_extract,post_office,osm:node:358820062,Susanville Post Office,,,Susanville,CA,,40.4193281,-120.6612060,Geofabrik OpenStreetMap GeoPackage extract,2026-08-16T00:08:49Z,open,ODbL; attribution and share-alike required,packet_ready,geofabrik_post_office_extract_address_limited
ca-geofabrik-post-office-seed,CA Geofabrik post-office seed extract,breadth_first_post_office_seed_extract,post_office,osm:node:358823116,Sutter Post Office,,,Sutter,CA,,39.1600877,-121.7486422,Geofabrik OpenStreetMap GeoPackage extract,2026-08-16T00:08:49Z,open,ODbL; attribution and share-alike required,packet_ready,geofabrik_post_office_extract_address_limited
ca-geofabrik-post-office-seed,CA Geofabrik post-office seed extract,breadth_first_post_office_seed_extract,post_office,osm:way:1187063406,Sutter Post Office,,,Sutter,CA,,39.1600742,-121.7486527,Geofabrik OpenStreetMap GeoPackage extract,2026-08-16T00:08:49Z,open,ODbL; attribution and share-alike required,packet_ready,geofabrik_post_office_extract_address_limited
ca-geofabrik-post-office-seed,CA Geofabrik post-office seed extract,breadth_first_post_office_seed_extract,post_office,osm:node:358827228,Sutter Creek Post Office,,,Sutter Creek,CA,,38.3954278,-120.8029350,Geofabrik OpenStreetMap GeoPackage extract,2026-08-16T00:08:49Z,open,ODbL; attribution and share-alike required,packet_ready,geofabrik_post_office_extract_address_limited
ca-geofabrik-post-office-seed,CA Geofabrik post-office seed extract,breadth_first_post_office_seed_extract,post_office,osm:node:392204997,Sutter Street Post Office,,,Sutter Street,CA,,37.7900309,-122.4031140,Geofabrik OpenStreetMap GeoPackage extract,2026-08-16T00:08:49Z,open,ODbL; attribution and share-alike required,packet_ready,geofabrik_post_office_extract_address_limited
ca-geofabrik-post-office-seed,CA Geofabrik post-office seed extract,breadth_first_post_office_seed_extract,post_office,osm:way:488947986,TECOPA — Post Office,,,TECOPA —,CA,,35.8484898,-116.2276519,Geofabrik OpenStreetMap GeoPackage extract,2026-08-16T00:08:49Z,open,ODbL; attribution and share-alike required,packet_ready,geofabrik_post_office_extract_address_limited
ca-geofabrik-post-office-seed,CA Geofabrik post-office seed extract,breadth_first_post_office_seed_extract,post_office,osm:node:358823635,Tahoe City Post Office,,,Tahoe City,CA,,39.1738776,-120.1364264,Geofabrik OpenStreetMap GeoPackage extract,2026-08-16T00:08:49Z,open,ODbL; attribution and share-alike required,packet_ready,geofabrik_post_office_extract_address_limited
ca-geofabrik-post-office-seed,CA Geofabrik post-office seed extract,breadth_first_post_office_seed_extract,post_office,osm:way:223413287,Tahoe Valley Post Office,,,Tahoe Valley,CA,,38.9144066,-120.0063203,Geofabrik OpenStreetMap GeoPackage extract,2026-08-16T00:08:49Z,open,ODbL; attribution and share-alike required,packet_ready,geofabrik_post_office_extract_address_limited
ca-geofabrik-post-office-seed,CA Geofabrik post-office seed extract,breadth_first_post_office_seed_extract,post_office,osm:way:1195027442,Tahoe Vista Post Office,,,Tahoe Vista,CA,,39.2398247,-120.0483974,Geofabrik OpenStreetMap GeoPackage extract,2026-08-16T00:08:49Z,open,ODbL; attribution and share-alike required,packet_ready,geofabrik_post_office_extract_address_limited
ca-geofabrik-post-office-seed,CA Geofabrik post-office seed extract,breadth_first_post_office_seed_extract,post_office,osm:node:358823829,Tahoma Post Office,,,Tahoma,CA,,39.0669942,-120.1287760,Geofabrik OpenStreetMap GeoPackage extract,2026-08-16T00:08:49Z,open,ODbL; attribution and share-alike required,packet_ready,geofabrik_post_office_extract_address_limited
ca-geofabrik-post-office-seed,CA Geofabrik post-office seed extract,breadth_first_post_office_seed_extract,post_office,osm:node:12967685017,Taimek Authorized Ship Center,,,Taimek Authorized Ship Center,CA,,37.8802653,-122.2955427,Geofabrik OpenStreetMap GeoPackage extract,2026-08-16T00:08:49Z,open,ODbL; attribution and share-alike required,packet_ready,geofabrik_post_office_extract_address_limited
ca-geofabrik-post-office-seed,CA Geofabrik post-office seed extract,breadth_first_post_office_seed_extract,post_office,osm:node:358819306,Tehama Post Office,,,Tehama,CA,,40.0271015,-122.1211006,Geofabrik OpenStreetMap GeoPackage extract,2026-08-16T00:08:49Z,open,ODbL; attribution and share-alike required,packet_ready,geofabrik_post_office_extract_address_limited
ca-geofabrik-post-office-seed,CA Geofabrik post-office seed extract,breadth_first_post_office_seed_extract,post_office,osm:node:651063673,Temescal Post Office - 94609,,,Temescal 94609,CA,,37.8364590,-122.2635110,Geofabrik OpenStreetMap GeoPackage extract,2026-08-16T00:08:49Z,open,ODbL; attribution and share-alike required,packet_ready,geofabrik_post_office_extract_address_limited
ca-geofabrik-post-office-seed,CA Geofabrik post-office seed extract,breadth_first_post_office_seed_extract,post_office,osm:node:13928820301,Terra Bella Post Office,,,Terra Bella,CA,,35.9646870,-119.0442800,Geofabrik OpenStreetMap GeoPackage extract,2026-08-16T00:08:49Z,open,ODbL; attribution and share-alike required,packet_ready,geofabrik_post_office_extract_address_limited
ca-geofabrik-post-office-seed,CA Geofabrik post-office seed extract,breadth_first_post_office_seed_extract,post_office,osm:node:358839948,Terra Bella Post Office,,,Terra Bella,CA,,35.9621752,-119.0428797,Geofabrik OpenStreetMap GeoPackage extract,2026-08-16T00:08:49Z,open,ODbL; attribution and share-alike required,packet_ready,geofabrik_post_office_extract_address_limited
ca-geofabrik-post-office-seed,CA Geofabrik post-office seed extract,breadth_first_post_office_seed_extract,post_office,osm:node:4964902029,Terra Linda Post Office,,,Terra Linda,CA,,38.0132513,-122.5594830,Geofabrik OpenStreetMap GeoPackage extract,2026-08-16T00:08:49Z,open,ODbL; attribution and share-alike required,packet_ready,geofabrik_post_office_extract_address_limited
ca-geofabrik-post-office-seed,CA Geofabrik post-office seed extract,breadth_first_post_office_seed_extract,post_office,osm:node:9277149668,The Mail Counter of Los Altos,,,The Mail Counter of Los Altos,CA,,37.3423214,-122.0729379,Geofabrik OpenStreetMap GeoPackage extract,2026-08-16T00:08:49Z,open,ODbL; attribution and share-alike required,packet_ready,geofabrik_post_office_extract_address_limited
ca-geofabrik-post-office-seed,CA Geofabrik post-office seed extract,breadth_first_post_office_seed_extract,post_office,osm:node:5456207770,The Mailbox,,,The Mailbox,CA,,37.8010566,-122.2157232,Geofabrik OpenStreetMap GeoPackage extract,2026-08-16T00:08:49Z,open,ODbL; attribution and share-alike required,packet_ready,geofabrik_post_office_extract_address_limited
ca-geofabrik-post-office-seed,CA Geofabrik post-office seed extract,breadth_first_post_office_seed_extract,post_office,osm:node:5905646188,The Mailbox,,,The Mailbox,CA,,36.5963263,-121.8943824,Geofabrik OpenStreetMap GeoPackage extract,2026-08-16T00:08:49Z,open,ODbL; attribution and share-alike required,packet_ready,geofabrik_post_office_extract_address_limited
ca-geofabrik-post-office-seed,CA Geofabrik post-office seed extract,breadth_first_post_office_seed_extract,post_office,osm:node:12005788960,The Outpost,,,The Outpost,CA,,36.8381576,-119.8244111,Geofabrik OpenStreetMap GeoPackage extract,2026-08-16T00:08:49Z,open,ODbL; attribution and share-alike required,packet_ready,geofabrik_post_office_extract_address_limited
ca-geofabrik-post-office-seed,CA Geofabrik post-office seed extract,breadth_first_post_office_seed_extract,post_office,osm:node:13699931107,The Outpost,,,The Outpost,CA,,36.2681254,-117.5920310,Geofabrik OpenStreetMap GeoPackage extract,2026-08-16T00:08:49Z,open,ODbL; attribution and share-alike required,packet_ready,geofabrik_post_office_extract_address_limited
ca-geofabrik-post-office-seed,CA Geofabrik post-office seed extract,breadth_first_post_office_seed_extract,post_office,osm:node:2750810779,The Postal Chase,,,The Postal Chase,CA,,37.7977822,-122.4357826,Geofabrik OpenStreetMap GeoPackage extract,2026-08-16T00:08:49Z,open,ODbL; attribution and share-alike required,packet_ready,geofabrik_post_office_extract_address_limited
ca-geofabrik-post-office-seed,CA Geofabrik post-office seed extract,breadth_first_post_office_seed_extract,post_office,osm:node:3540160995,The Postal Chase,,,The Postal Chase,CA,,37.7402996,-122.4666400,Geofabrik OpenStreetMap GeoPackage extract,2026-08-16T00:08:49Z,open,ODbL; attribution and share-alike required,packet_ready,geofabrik_post_office_extract_address_limited
ca-geofabrik-post-office-seed,CA Geofabrik post-office seed extract,breadth_first_post_office_seed_extract,post_office,osm:node:3790822861,The Postal Chase,,,The Postal Chase,CA,,37.7654648,-122.4497312,Geofabrik OpenStreetMap GeoPackage extract,2026-08-16T00:08:49Z,open,ODbL; attribution and share-alike required,packet_ready,geofabrik_post_office_extract_address_limited
ca-geofabrik-post-office-seed,CA Geofabrik post-office seed extract,breadth_first_post_office_seed_extract,post_office,osm:node:13115327212,The Postal Station & Mobile Page,,,The Postal Station & Mobile Page,CA,,36.8096850,-119.8718324,Geofabrik OpenStreetMap GeoPackage extract,2026-08-16T00:08:49Z,open,ODbL; attribution and share-alike required,packet_ready,geofabrik_post_office_extract_address_limited
ca-geofabrik-post-office-seed,CA Geofabrik post-office seed extract,breadth_first_post_office_seed_extract,post_office,osm:node:3631944449,The Postal Stop,,,The Postal Stop,CA,,37.4278999,-121.9090630,Geofabrik OpenStreetMap GeoPackage extract,2026-08-16T00:08:49Z,open,ODbL; attribution and share-alike required,packet_ready,geofabrik_post_office_extract_address_limited
ca-geofabrik-post-office-seed,CA Geofabrik post-office seed extract,breadth_first_post_office_seed_extract,post_office,osm:node:358837450,Thornton Post Office,,,Thornton,CA,,38.2240824,-121.4218954,Geofabrik OpenStreetMap GeoPackage extract,2026-08-16T00:08:49Z,open,ODbL; attribution and share-alike required,packet_ready,geofabrik_post_office_extract_address_limited
ca-geofabrik-post-office-seed,CA Geofabrik post-office seed extract,breadth_first_post_office_seed_extract,post_office,osm:node:3369212268,Three Rivers Post Office,,,Three Rivers,CA,,36.4273925,-118.9147650,Geofabrik OpenStreetMap GeoPackage extract,2026-08-16T00:08:49Z,open,ODbL; attribution and share-alike required,packet_ready,geofabrik_post_office_extract_address_limited
ca-geofabrik-post-office-seed,CA Geofabrik post-office seed extract,breadth_first_post_office_seed_extract,post_office,osm:way:1546549319,Tipton Post Office,,,Tipton,CA,,36.0609352,-119.3133110,Geofabrik OpenStreetMap GeoPackage extract,2026-08-16T00:08:49Z,open,ODbL; attribution and share-alike required,packet_ready,geofabrik_post_office_extract_address_limited
ca-geofabrik-post-office-seed,CA Geofabrik post-office seed extract,breadth_first_post_office_seed_extract,post_office,osm:node:9424596637,Toan Phuong Cargo,,,Toan Phuong Cargo,CA,,37.4339332,-121.8841112,Geofabrik OpenStreetMap GeoPackage extract,2026-08-16T00:08:49Z,open,ODbL; attribution and share-alike required,packet_ready,geofabrik_post_office_extract_address_limited
ca-geofabrik-post-office-seed,CA Geofabrik post-office seed extract,breadth_first_post_office_seed_extract,post_office,osm:node:358821818,Todos Santos Station Concord Post Office,,,Todos Santos Station Concord,CA,,37.9794437,-122.0318640,Geofabrik OpenStreetMap GeoPackage extract,2026-08-16T00:08:49Z,open,ODbL; attribution and share-alike required,packet_ready,geofabrik_post_office_extract_address_limited
ca-geofabrik-post-office-seed,CA Geofabrik post-office seed extract,breadth_first_post_office_seed_extract,post_office,osm:way:451682599,Tomales Post Office,,,Tomales,CA,,38.2465268,-122.9052227,Geofabrik OpenStreetMap GeoPackage extract,2026-08-16T00:08:49Z,open,ODbL; attribution and share-alike required,packet_ready,geofabrik_post_office_extract_address_limited
ca-geofabrik-post-office-seed,CA Geofabrik post-office seed extract,breadth_first_post_office_seed_extract,post_office,osm:node:358804202,Topaz Post Office,,,Topaz,CA,,38.6110203,-119.5187789,Geofabrik OpenStreetMap GeoPackage extract,2026-08-16T00:08:49Z,open,ODbL; attribution and share-alike required,packet_ready,geofabrik_post_office_extract_address_limited
ca-geofabrik-post-office-seed,CA Geofabrik post-office seed extract,breadth_first_post_office_seed_extract,post_office,osm:way:1321549566,Town Center Post Office,,,Town Center,CA,,36.3290293,-119.2929306,Geofabrik OpenStreetMap GeoPackage extract,2026-08-16T00:08:49Z,open,ODbL; attribution and share-alike required,packet_ready,geofabrik_post_office_extract_address_limited
ca-geofabrik-post-office-seed,CA Geofabrik post-office seed extract,breadth_first_post_office_seed_extract,post_office,osm:node:358852476,Town and Country Post Office,,,Town and Country,CA,,38.6196267,-121.4030080,Geofabrik OpenStreetMap GeoPackage extract,2026-08-16T00:08:49Z,open,ODbL; attribution and share-alike required,packet_ready,geofabrik_post_office_extract_address_limited
ca-geofabrik-post-office-seed,CA Geofabrik post-office seed extract,breadth_first_post_office_seed_extract,post_office,osm:node:3573812493,Townsend Carrier Annex,,,Townsend Carrier Annex,CA,,37.7726981,-122.4009680,Geofabrik OpenStreetMap GeoPackage extract,2026-08-16T00:08:49Z,open,ODbL; attribution and share-alike required,packet_ready,geofabrik_post_office_extract_address_limited
ca-geofabrik-post-office-seed,CA Geofabrik post-office seed extract,breadth_first_post_office_seed_extract,post_office,osm:way:962983952,Tracy Post Office,,,Tracy,CA,,37.7376404,-121.4286658,Geofabrik OpenStreetMap GeoPackage extract,2026-08-16T00:08:49Z,open,ODbL; attribution and share-alike required,packet_ready,geofabrik_post_office_extract_address_limited
ca-geofabrik-post-office-seed,CA Geofabrik post-office seed extract,breadth_first_post_office_seed_extract,post_office,osm:node:358834034,Tranquillity Post Office,,,Tranquillity,CA,,36.6485612,-120.2537707,Geofabrik OpenStreetMap GeoPackage extract,2026-08-16T00:08:49Z,open,ODbL; attribution and share-alike required,packet_ready,geofabrik_post_office_extract_address_limited
ca-geofabrik-post-office-seed,CA Geofabrik post-office seed extract,breadth_first_post_office_seed_extract,post_office,osm:node:358839662,Traver Post Office,,,Traver,CA,,36.4533503,-119.4876728,Geofabrik OpenStreetMap GeoPackage extract,2026-08-16T00:08:49Z,open,ODbL; attribution and share-alike required,packet_ready,geofabrik_post_office_extract_address_limited
ca-geofabrik-post-office-seed,CA Geofabrik post-office seed extract,breadth_first_post_office_seed_extract,post_office,osm:way:97522818,Tres Pinos Post Office,,,Tres Pinos,CA,,36.7903248,-121.3210582,Geofabrik OpenStreetMap GeoPackage extract,2026-08-16T00:08:49Z,open,ODbL; attribution and share-alike required,packet_ready,geofabrik_post_office_extract_address_limited
ca-geofabrik-post-office-seed,CA Geofabrik post-office seed extract,breadth_first_post_office_seed_extract,post_office,osm:way:454607256,Trinidad Post Office,,,Trinidad,CA,,41.0609401,-124.1402482,Geofabrik OpenStreetMap GeoPackage extract,2026-08-16T00:08:49Z,open,ODbL; attribution and share-alike required,packet_ready,geofabrik_post_office_extract_address_limited
ca-geofabrik-post-office-seed,CA Geofabrik post-office seed extract,breadth_first_post_office_seed_extract,post_office,osm:node:358819087,Trinity Center Post Office,,,Trinity Center,CA,,40.9813406,-122.7034733,Geofabrik OpenStreetMap GeoPackage extract,2026-08-16T00:08:49Z,open,ODbL; attribution and share-alike required,packet_ready,geofabrik_post_office_extract_address_limited
ca-geofabrik-post-office-seed,CA Geofabrik post-office seed extract,breadth_first_post_office_seed_extract,post_office,osm:way:604011957,Truckee Post Office,,,Truckee,CA,,39.3287135,-120.1847864,Geofabrik OpenStreetMap GeoPackage extract,2026-08-16T00:08:49Z,open,ODbL; attribution and share-alike required,packet_ready,geofabrik_post_office_extract_address_limited
ca-geofabrik-post-office-seed,CA Geofabrik post-office seed extract,breadth_first_post_office_seed_extract,post_office,osm:way:770774044,Tulare Post Office,,,Tulare,CA,,36.2087023,-119.3439581,Geofabrik OpenStreetMap GeoPackage extract,2026-08-16T00:08:49Z,open,ODbL; attribution and share-alike required,packet_ready,geofabrik_post_office_extract_address_limited
ca-geofabrik-post-office-seed,CA Geofabrik post-office seed extract,breadth_first_post_office_seed_extract,post_office,osm:way:1001932463,Tulelake Post Office,,,Tulelake,CA,,41.9560249,-121.4741005,Geofabrik OpenStreetMap GeoPackage extract,2026-08-16T00:08:49Z,open,ODbL; attribution and share-alike required,packet_ready,geofabrik_post_office_extract_address_limited
ca-geofabrik-post-office-seed,CA Geofabrik post-office seed extract,breadth_first_post_office_seed_extract,post_office,osm:way:552190362,Tuolumne Post Office,,,Tuolumne,CA,,37.9631320,-120.2366874,Geofabrik OpenStreetMap GeoPackage extract,2026-08-16T00:08:49Z,open,ODbL; attribution and share-alike required,packet_ready,geofabrik_post_office_extract_address_limited
ca-geofabrik-post-office-seed,CA Geofabrik post-office seed extract,breadth_first_post_office_seed_extract,post_office,osm:node:2361287215,Tuolumne Meadows Post Office,,,Tuolumne Meadows,CA,,37.8743141,-119.3569224,Geofabrik OpenStreetMap GeoPackage extract,2026-08-16T00:08:49Z,open,ODbL; attribution and share-alike required,packet_ready,geofabrik_post_office_extract_address_limited
ca-geofabrik-post-office-seed,CA Geofabrik post-office seed extract,breadth_first_post_office_seed_extract,post_office,osm:way:1288818991,Turlock Post Office,,,Turlock,CA,,37.4974447,-120.8426612,Geofabrik OpenStreetMap GeoPackage extract,2026-08-16T00:08:49Z,open,ODbL; attribution and share-alike required,packet_ready,geofabrik_post_office_extract_address_limited
ca-geofabrik-post-office-seed,CA Geofabrik post-office seed extract,breadth_first_post_office_seed_extract,post_office,osm:node:12682386978,Turlock Parcel Co.,,,Turlock Parcel Co.,CA,,37.4994719,-120.8248829,Geofabrik OpenStreetMap GeoPackage extract,2026-08-16T00:08:49Z,open,ODbL; attribution and share-alike required,packet_ready,geofabrik_post_office_extract_address_limited
ca-geofabrik-post-office-seed,CA Geofabrik post-office seed extract,breadth_first_post_office_seed_extract,post_office,osm:way:553771509,Twain Harte Post Office,,,Twain Harte,CA,,38.0394582,-120.2317148,Geofabrik OpenStreetMap GeoPackage extract,2026-08-16T00:08:49Z,open,ODbL; attribution and share-alike required,packet_ready,geofabrik_post_office_extract_address_limited
ca-geofabrik-post-office-seed,CA Geofabrik post-office seed extract,breadth_first_post_office_seed_extract,post_office,osm:node:8042100602,Two Rock Coast Guard Station Post Office,,,Two Rock Coast Guard Station,CA,,38.2497876,-122.7977080,Geofabrik OpenStreetMap GeoPackage extract,2026-08-16T00:08:49Z,open,ODbL; attribution and share-alike required,packet_ready,geofabrik_post_office_extract_address_limited
ca-geofabrik-post-office-seed,CA Geofabrik post-office seed extract,breadth_first_post_office_seed_extract,post_office,osm:node:8447057826,Tây Nam Cargo,,,Tây Nam Cargo,CA,,37.3190592,-121.8270930,Geofabrik OpenStreetMap GeoPackage extract,2026-08-16T00:08:49Z,open,ODbL; attribution and share-alike required,packet_ready,geofabrik_post_office_extract_address_limited
ca-geofabrik-post-office-seed,CA Geofabrik post-office seed extract,breadth_first_post_office_seed_extract,post_office,osm:node:13784850955,U.S. Post Office,,,U.S.,CA,,38.9984750,-121.0222071,Geofabrik OpenStreetMap GeoPackage extract,2026-08-16T00:08:49Z,open,ODbL; attribution and share-alike required,packet_ready,geofabrik_post_office_extract_address_limited
ca-geofabrik-post-office-seed,CA Geofabrik post-office seed extract,breadth_first_post_office_seed_extract,post_office,osm:node:1834843123,U.S. Post Office,,,U.S.,CA,,39.1805875,-120.8551560,Geofabrik OpenStreetMap GeoPackage extract,2026-08-16T00:08:49Z,open,ODbL; attribution and share-alike required,packet_ready,geofabrik_post_office_extract_address_limited
ca-geofabrik-post-office-seed,CA Geofabrik post-office seed extract,breadth_first_post_office_seed_extract,post_office,osm:way:174732456,U.S. Post Office,,,U.S.,CA,,39.2067716,-120.8385473,Geofabrik OpenStreetMap GeoPackage extract,2026-08-16T00:08:49Z,open,ODbL; attribution and share-alike required,packet_ready,geofabrik_post_office_extract_address_limited
ca-geofabrik-post-office-seed,CA Geofabrik post-office seed extract,breadth_first_post_office_seed_extract,post_office,osm:way:174736901,U.S. Post Office,,,U.S.,CA,,39.2089809,-120.8155289,Geofabrik OpenStreetMap GeoPackage extract,2026-08-16T00:08:49Z,open,ODbL; attribution and share-alike required,packet_ready,geofabrik_post_office_extract_address_limited
ca-geofabrik-post-office-seed,CA Geofabrik post-office seed extract,breadth_first_post_office_seed_extract,post_office,osm:way:99144257,U.S. Post Office,,,U.S.,CA,,36.5687411,-121.9518373,Geofabrik OpenStreetMap GeoPackage extract,2026-08-16T00:08:49Z,open,ODbL; attribution and share-alike required,packet_ready,geofabrik_post_office_extract_address_limited
ca-geofabrik-post-office-seed,CA Geofabrik post-office seed extract,breadth_first_post_office_seed_extract,post_office,osm:node:2386056122,UPS,,,UPS,CA,,37.7737756,-121.9695910,Geofabrik OpenStreetMap GeoPackage extract,2026-08-16T00:08:49Z,open,ODbL; attribution and share-alike required,packet_ready,geofabrik_post_office_extract_address_limited
ca-geofabrik-post-office-seed,CA Geofabrik post-office seed extract,breadth_first_post_office_seed_extract,post_office,osm:node:4372810090,UPS,,,UPS,CA,,37.8990201,-122.5001210,Geofabrik OpenStreetMap GeoPackage extract,2026-08-16T00:08:49Z,open,ODbL; attribution and share-alike required,packet_ready,geofabrik_post_office_extract_address_limited
ca-geofabrik-post-office-seed,CA Geofabrik post-office seed extract,breadth_first_post_office_seed_extract,post_office,osm:node:6441600856,UPS,,,UPS,CA,,37.8905550,-121.6208210,Geofabrik OpenStreetMap GeoPackage extract,2026-08-16T00:08:49Z,open,ODbL; attribution and share-alike required,packet_ready,geofabrik_post_office_extract_address_limited
ca-geofabrik-post-office-seed,CA Geofabrik post-office seed extract,breadth_first_post_office_seed_extract,post_office,osm:node:8014839185,UPS,,,UPS,CA,,37.8513152,-122.2529234,Geofabrik OpenStreetMap GeoPackage extract,2026-08-16T00:08:49Z,open,ODbL; attribution and share-alike required,packet_ready,geofabrik_post_office_extract_address_limited
ca-geofabrik-post-office-seed,CA Geofabrik post-office seed extract,breadth_first_post_office_seed_extract,post_office,osm:way:104685700,UPS Customer Center,,,UPS Customer Center,CA,,37.7327942,-122.2029985,Geofabrik OpenStreetMap GeoPackage extract,2026-08-16T00:08:49Z,open,ODbL; attribution and share-alike required,packet_ready,geofabrik_post_office_extract_address_limited
ca-geofabrik-post-office-seed,CA Geofabrik post-office seed extract,breadth_first_post_office_seed_extract,post_office,osm:node:5317344850,UPS Customer Center - UPS Cordova Building,,,UPS Customer Center UPS Cordova Building,CA,,38.5523830,-121.3253980,Geofabrik OpenStreetMap GeoPackage extract,2026-08-16T00:08:49Z,open,ODbL; attribution and share-alike required,packet_ready,geofabrik_post_office_extract_address_limited
ca-geofabrik-post-office-seed,CA Geofabrik post-office seed extract,breadth_first_post_office_seed_extract,post_office,osm:way:239271469,"US Post Office, Davenport",,,"US , Davenport",CA,,37.0117038,-122.1956712,Geofabrik OpenStreetMap GeoPackage extract,2026-08-16T00:08:49Z,open,ODbL; attribution and share-alike required,packet_ready,geofabrik_post_office_extract_address_limited
ca-geofabrik-post-office-seed,CA Geofabrik post-office seed extract,breadth_first_post_office_seed_extract,post_office,osm:node:6053166085,US Post Office - Crestmont Station,,,US Crestmont Station,CA,,37.8274071,-122.2509050,Geofabrik OpenStreetMap GeoPackage extract,2026-08-16T00:08:49Z,open,ODbL; attribution and share-alike required,packet_ready,geofabrik_post_office_extract_address_limited
ca-geofabrik-post-office-seed,CA Geofabrik post-office seed extract,breadth_first_post_office_seed_extract,post_office,osm:way:24302728,US Post Office Distribution Center,,,US Distribution Center,CA,,37.6974834,-121.7767924,Geofabrik OpenStreetMap GeoPackage extract,2026-08-16T00:08:49Z,open,ODbL; attribution and share-alike required,packet_ready,geofabrik_post_office_extract_address_limited
ca-geofabrik-post-office-seed,CA Geofabrik post-office seed extract,breadth_first_post_office_seed_extract,post_office,osm:way:125614186,US Post Office - Millbrae Branch,,,US Millbrae Branch,CA,,37.6025830,-122.3944130,Geofabrik OpenStreetMap GeoPackage extract,2026-08-16T00:08:49Z,open,ODbL; attribution and share-alike required,packet_ready,geofabrik_post_office_extract_address_limited
ca-geofabrik-post-office-seed,CA Geofabrik post-office seed extract,breadth_first_post_office_seed_extract,post_office,osm:node:10017282448,US Post Office Mineral CA,,,US Mineral CA,CA,,40.3489880,-121.5938841,Geofabrik OpenStreetMap GeoPackage extract,2026-08-16T00:08:49Z,open,ODbL; attribution and share-alike required,packet_ready,geofabrik_post_office_extract_address_limited
ca-geofabrik-post-office-seed,CA Geofabrik post-office seed extract,breadth_first_post_office_seed_extract,post_office,osm:way:48234214,US Postal Office,,,US Postal Office,CA,,37.4786628,-122.1841456,Geofabrik OpenStreetMap GeoPackage extract,2026-08-16T00:08:49Z,open,ODbL; attribution and share-alike required,packet_ready,geofabrik_post_office_extract_address_limited
ca-geofabrik-post-office-seed,CA Geofabrik post-office seed extract,breadth_first_post_office_seed_extract,post_office,osm:node:1610987223,Ukiah Post Office,,,Ukiah,CA,,39.1456902,-123.1977602,Geofabrik OpenStreetMap GeoPackage extract,2026-08-16T00:08:49Z,open,ODbL; attribution and share-alike required,packet_ready,geofabrik_post_office_extract_address_limited
ca-geofabrik-post-office-seed,CA Geofabrik post-office seed extract,breadth_first_post_office_seed_extract,post_office,osm:node:358819592,Union City Post Office,,,Union City,CA,,37.5931093,-122.0410310,Geofabrik OpenStreetMap GeoPackage extract,2026-08-16T00:08:49Z,open,ODbL; attribution and share-alike required,packet_ready,geofabrik_post_office_extract_address_limited
ca-geofabrik-post-office-seed,CA Geofabrik post-office seed extract,breadth_first_post_office_seed_extract,post_office,osm:way:88104921,Union City Post Office,,,Union City,CA,,37.5931211,-122.0410839,Geofabrik OpenStreetMap GeoPackage extract,2026-08-16T00:08:49Z,open,ODbL; attribution and share-alike required,packet_ready,geofabrik_post_office_extract_address_limited
ca-geofabrik-post-office-seed,CA Geofabrik post-office seed extract,breadth_first_post_office_seed_extract,post_office,osm:node:11178044988,Union Express USA,,,Union Express USA,CA,,37.4556800,-121.9100103,Geofabrik OpenStreetMap GeoPackage extract,2026-08-16T00:08:49Z,open,ODbL; attribution and share-alike required,packet_ready,geofabrik_post_office_extract_address_limited
ca-geofabrik-post-office-seed,CA Geofabrik post-office seed extract,breadth_first_post_office_seed_extract,post_office,osm:node:6625189260,Union Post SF,,,Union Post SF,CA,,37.7805967,-122.4779247,Geofabrik OpenStreetMap GeoPackage extract,2026-08-16T00:08:49Z,open,ODbL; attribution and share-alike required,packet_ready,geofabrik_post_office_extract_address_limited
ca-geofabrik-post-office-seed,CA Geofabrik post-office seed extract,breadth_first_post_office_seed_extract,post_office,osm:way:453196659,United Parcel Service,,,United Parcel Service,CA,,37.3609461,-120.5938712,Geofabrik OpenStreetMap GeoPackage extract,2026-08-16T00:08:49Z,open,ODbL; attribution and share-alike required,packet_ready,geofabrik_post_office_extract_address_limited
ca-geofabrik-post-office-seed,CA Geofabrik post-office seed extract,breadth_first_post_office_seed_extract,post_office,osm:node:358830128,Upper Lake Post Office,,,Upper Lake,CA,,39.1648907,-122.9111071,Geofabrik OpenStreetMap GeoPackage extract,2026-08-16T00:08:49Z,open,ODbL; attribution and share-alike required,packet_ready,geofabrik_post_office_extract_address_limited
ca-geofabrik-post-office-seed,CA Geofabrik post-office seed extract,breadth_first_post_office_seed_extract,post_office,osm:way:596670193,Vallejo Post Office,,,Vallejo,CA,,38.1191968,-122.2512808,Geofabrik OpenStreetMap GeoPackage extract,2026-08-16T00:08:49Z,open,ODbL; attribution and share-alike required,packet_ready,geofabrik_post_office_extract_address_limited
ca-geofabrik-post-office-seed,CA Geofabrik post-office seed extract,breadth_first_post_office_seed_extract,post_office,osm:node:358831613,Valley Ford Post Office,,,Valley Ford,CA,,38.3180278,-122.9251600,Geofabrik OpenStreetMap GeoPackage extract,2026-08-16T00:08:49Z,open,ODbL; attribution and share-alike required,packet_ready,geofabrik_post_office_extract_address_limited
ca-geofabrik-post-office-seed,CA Geofabrik post-office seed extract,breadth_first_post_office_seed_extract,post_office,osm:node:358835479,Valley Home Post Office,,,Valley Home,CA,,37.8293713,-120.9132682,Geofabrik OpenStreetMap GeoPackage extract,2026-08-16T00:08:49Z,open,ODbL; attribution and share-alike required,packet_ready,geofabrik_post_office_extract_address_limited
ca-geofabrik-post-office-seed,CA Geofabrik post-office seed extract,breadth_first_post_office_seed_extract,post_office,osm:node:358832949,Valley Springs Post Office,,,Valley Springs,CA,,38.1915856,-120.8299367,Geofabrik OpenStreetMap GeoPackage extract,2026-08-16T00:08:49Z,open,ODbL; attribution and share-alike required,packet_ready,geofabrik_post_office_extract_address_limited
ca-geofabrik-post-office-seed,CA Geofabrik post-office seed extract,breadth_first_post_office_seed_extract,post_office,osm:node:358823875,Vernon Downtown Post Office,,,Vernon Downtown,CA,,38.7473190,-121.2845700,Geofabrik OpenStreetMap GeoPackage extract,2026-08-16T00:08:49Z,open,ODbL; attribution and share-alike required,packet_ready,geofabrik_post_office_extract_address_limited
ca-geofabrik-post-office-seed,CA Geofabrik post-office seed extract,breadth_first_post_office_seed_extract,post_office,osm:node:358851320,Veterans Home Post Office,,,Veterans Home,CA,,38.3912920,-122.3638661,Geofabrik OpenStreetMap GeoPackage extract,2026-08-16T00:08:49Z,open,ODbL; attribution and share-alike required,packet_ready,geofabrik_post_office_extract_address_limited
ca-geofabrik-post-office-seed,CA Geofabrik post-office seed extract,breadth_first_post_office_seed_extract,post_office,osm:node:13912698701,Victor Post Office,,,Victor,CA,,38.1376309,-121.2065512,Geofabrik OpenStreetMap GeoPackage extract,2026-08-16T00:08:49Z,open,ODbL; attribution and share-alike required,packet_ready,geofabrik_post_office_extract_address_limited
ca-geofabrik-post-office-seed,CA Geofabrik post-office seed extract,breadth_first_post_office_seed_extract,post_office,osm:node:8207376561,VietAir Express,,,VietAir Express,CA,,37.3329855,-121.8524248,Geofabrik OpenStreetMap GeoPackage extract,2026-08-16T00:08:49Z,open,ODbL; attribution and share-alike required,packet_ready,geofabrik_post_office_extract_address_limited
ca-geofabrik-post-office-seed,CA Geofabrik post-office seed extract,breadth_first_post_office_seed_extract,post_office,osm:node:358831377,Villa Grande Post Office,,,Villa Grande,CA,,38.4739532,-123.0244982,Geofabrik OpenStreetMap GeoPackage extract,2026-08-16T00:08:49Z,open,ODbL; attribution and share-alike required,packet_ready,geofabrik_post_office_extract_address_limited
ca-geofabrik-post-office-seed,CA Geofabrik post-office seed extract,breadth_first_post_office_seed_extract,post_office,osm:node:2638611675,Village Mail Center,,,Village Mail Center,CA,,37.4003812,-122.1151891,Geofabrik OpenStreetMap GeoPackage extract,2026-08-16T00:08:49Z,open,ODbL; attribution and share-alike required,packet_ready,geofabrik_post_office_extract_address_limited
ca-geofabrik-post-office-seed,CA Geofabrik post-office seed extract,breadth_first_post_office_seed_extract,post_office,osm:node:13928713301,Vineburg Post Office,,,Vineburg,CA,,38.2713350,-122.4391000,Geofabrik OpenStreetMap GeoPackage extract,2026-08-16T00:08:49Z,open,ODbL; attribution and share-alike required,packet_ready,geofabrik_post_office_extract_address_limited
ca-geofabrik-post-office-seed,CA Geofabrik post-office seed extract,breadth_first_post_office_seed_extract,post_office,osm:node:358831709,Vinebury Post Office,,,Vinebury,CA,,38.2721373,-122.4380349,Geofabrik OpenStreetMap GeoPackage extract,2026-08-16T00:08:49Z,open,ODbL; attribution and share-alike required,packet_ready,geofabrik_post_office_extract_address_limited
ca-geofabrik-post-office-seed,CA Geofabrik post-office seed extract,breadth_first_post_office_seed_extract,post_office,osm:way:1296419220,Visalia Post Office,,,Visalia,CA,,36.3089682,-119.3163978,Geofabrik OpenStreetMap GeoPackage extract,2026-08-16T00:08:49Z,open,ODbL; attribution and share-alike required,packet_ready,geofabrik_post_office_extract_address_limited
ca-geofabrik-post-office-seed,CA Geofabrik post-office seed extract,breadth_first_post_office_seed_extract,post_office,osm:node:13900353901,Visitacion Post Office,,,Visitacion,CA,,37.7118640,-122.4050100,Geofabrik OpenStreetMap GeoPackage extract,2026-08-16T00:08:49Z,open,ODbL; attribution and share-alike required,packet_ready,geofabrik_post_office_extract_address_limited
ca-geofabrik-post-office-seed,CA Geofabrik post-office seed extract,breadth_first_post_office_seed_extract,post_office,osm:node:358855392,Visitacion Station,,,Visitacion Station,CA,,37.7122222,-122.4058330,Geofabrik OpenStreetMap GeoPackage extract,2026-08-16T00:08:49Z,open,ODbL; attribution and share-alike required,packet_ready,geofabrik_post_office_extract_address_limited
ca-geofabrik-post-office-seed,CA Geofabrik post-office seed extract,breadth_first_post_office_seed_extract,post_office,osm:node:358830616,Vista Grande Station Daly City Post Office,,,Vista Grande Station Daly City,CA,,37.7077100,-122.4552499,Geofabrik OpenStreetMap GeoPackage extract,2026-08-16T00:08:49Z,open,ODbL; attribution and share-alike required,packet_ready,geofabrik_post_office_extract_address_limited
ca-geofabrik-post-office-seed,CA Geofabrik post-office seed extract,breadth_first_post_office_seed_extract,post_office,osm:node:8356930851,Việt Cargo,,,Việt Cargo,CA,,37.3324232,-121.8575219,Geofabrik OpenStreetMap GeoPackage extract,2026-08-16T00:08:49Z,open,ODbL; attribution and share-alike required,packet_ready,geofabrik_post_office_extract_address_limited
ca-geofabrik-post-office-seed,CA Geofabrik post-office seed extract,breadth_first_post_office_seed_extract,post_office,osm:node:358827232,Volcano Post Office,,,Volcano,CA,,38.4422673,-120.6305256,Geofabrik OpenStreetMap GeoPackage extract,2026-08-16T00:08:49Z,open,ODbL; attribution and share-alike required,packet_ready,geofabrik_post_office_extract_address_limited
ca-geofabrik-post-office-seed,CA Geofabrik post-office seed extract,breadth_first_post_office_seed_extract,post_office,osm:way:151770811,Walnut Creek Post Office,,,Walnut Creek,CA,,37.9083169,-122.0611072,Geofabrik OpenStreetMap GeoPackage extract,2026-08-16T00:08:49Z,open,ODbL; attribution and share-alike required,packet_ready,geofabrik_post_office_extract_address_limited
ca-geofabrik-post-office-seed,CA Geofabrik post-office seed extract,breadth_first_post_office_seed_extract,post_office,osm:node:358852487,Walnut Grove Post Office,,,Walnut Grove,CA,,38.2410593,-121.5147537,Geofabrik OpenStreetMap GeoPackage extract,2026-08-16T00:08:49Z,open,ODbL; attribution and share-alike required,packet_ready,geofabrik_post_office_extract_address_limited
ca-geofabrik-post-office-seed,CA Geofabrik post-office seed extract,breadth_first_post_office_seed_extract,post_office,osm:node:2672383547,Warm Springs Post Office,,,Warm Springs,CA,,37.4897320,-121.9264530,Geofabrik OpenStreetMap GeoPackage extract,2026-08-16T00:08:49Z,open,ODbL; attribution and share-alike required,packet_ready,geofabrik_post_office_extract_address_limited
ca-geofabrik-post-office-seed,CA Geofabrik post-office seed extract,breadth_first_post_office_seed_extract,post_office,osm:node:358851596,Washington Manor Station San Leandro Post Office,,,Washington Manor Station San Leandro,CA,,37.6910419,-122.1469096,Geofabrik OpenStreetMap GeoPackage extract,2026-08-16T00:08:49Z,open,ODbL; attribution and share-alike required,packet_ready,geofabrik_post_office_extract_address_limited
ca-geofabrik-post-office-seed,CA Geofabrik post-office seed extract,breadth_first_post_office_seed_extract,post_office,osm:node:358835410,Waterford Post Office,,,Waterford,CA,,37.6399313,-120.7596500,Geofabrik OpenStreetMap GeoPackage extract,2026-08-16T00:08:49Z,open,ODbL; attribution and share-alike required,packet_ready,geofabrik_post_office_extract_address_limited
ca-geofabrik-post-office-seed,CA Geofabrik post-office seed extract,breadth_first_post_office_seed_extract,post_office,osm:way:136342802,Watsonville Post Office,,,Watsonville,CA,,36.9078402,-121.7549260,Geofabrik OpenStreetMap GeoPackage extract,2026-08-16T00:08:49Z,open,ODbL; attribution and share-alike required,packet_ready,geofabrik_post_office_extract_address_limited
ca-geofabrik-post-office-seed,CA Geofabrik post-office seed extract,breadth_first_post_office_seed_extract,post_office,osm:node:1763742092,Wawona,,,Wawona,CA,,37.5377025,-119.6574840,Geofabrik OpenStreetMap GeoPackage extract,2026-08-16T00:08:49Z,open,ODbL; attribution and share-alike required,packet_ready,geofabrik_post_office_extract_address_limited
ca-geofabrik-post-office-seed,CA Geofabrik post-office seed extract,breadth_first_post_office_seed_extract,post_office,osm:node:358819103,Weaverville Post Office,,,Weaverville,CA,,40.7333801,-122.9425091,Geofabrik OpenStreetMap GeoPackage extract,2026-08-16T00:08:49Z,open,ODbL; attribution and share-alike required,packet_ready,geofabrik_post_office_extract_address_limited
ca-geofabrik-post-office-seed,CA Geofabrik post-office seed extract,breadth_first_post_office_seed_extract,post_office,osm:node:358851597,Webster Street Station Alameda Post Office,,,Webster Street Station Alameda,CA,,37.7719622,-122.2770310,Geofabrik OpenStreetMap GeoPackage extract,2026-08-16T00:08:49Z,open,ODbL; attribution and share-alike required,packet_ready,geofabrik_post_office_extract_address_limited
ca-geofabrik-post-office-seed,CA Geofabrik post-office seed extract,breadth_first_post_office_seed_extract,post_office,osm:way:732773504,Weed Post Office,,,Weed,CA,,41.4276941,-122.3851538,Geofabrik OpenStreetMap GeoPackage extract,2026-08-16T00:08:49Z,open,ODbL; attribution and share-alike required,packet_ready,geofabrik_post_office_extract_address_limited
ca-geofabrik-post-office-seed,CA Geofabrik post-office seed extract,breadth_first_post_office_seed_extract,post_office,osm:node:358823648,Weimar Post Office,,,Weimar,CA,,39.0435509,-120.9728317,Geofabrik OpenStreetMap GeoPackage extract,2026-08-16T00:08:49Z,open,ODbL; attribution and share-alike required,packet_ready,geofabrik_post_office_extract_address_limited
ca-geofabrik-post-office-seed,CA Geofabrik post-office seed extract,breadth_first_post_office_seed_extract,post_office,osm:node:358820068,Wendel Post Office,,,Wendel,CA,,40.3477262,-120.2320847,Geofabrik OpenStreetMap GeoPackage extract,2026-08-16T00:08:49Z,open,ODbL; attribution and share-alike required,packet_ready,geofabrik_post_office_extract_address_limited
ca-geofabrik-post-office-seed,CA Geofabrik post-office seed extract,breadth_first_post_office_seed_extract,post_office,osm:node:7744866331,Weott Post Office,,,Weott,CA,,40.3248694,-123.9240860,Geofabrik OpenStreetMap GeoPackage extract,2026-08-16T00:08:49Z,open,ODbL; attribution and share-alike required,packet_ready,geofabrik_post_office_extract_address_limited
ca-geofabrik-post-office-seed,CA Geofabrik post-office seed extract,breadth_first_post_office_seed_extract,post_office,osm:node:1425318117,USPS West Grand Carrier Annex,,,West Grand Carrier Annex,CA,,37.8120568,-122.2710860,Geofabrik OpenStreetMap GeoPackage extract,2026-08-16T00:08:49Z,open,ODbL; attribution and share-alike required,packet_ready,geofabrik_post_office_extract_address_limited
ca-geofabrik-post-office-seed,CA Geofabrik post-office seed extract,breadth_first_post_office_seed_extract,post_office,osm:node:358831210,West Menlo Park Branch Menlo Park Post Office,,,West Menlo Park Branch Menlo Park,CA,,37.4316515,-122.2020580,Geofabrik OpenStreetMap GeoPackage extract,2026-08-16T00:08:49Z,open,ODbL; attribution and share-alike required,packet_ready,geofabrik_post_office_extract_address_limited
ca-geofabrik-post-office-seed,CA Geofabrik post-office seed extract,breadth_first_post_office_seed_extract,post_office,osm:node:358832919,West Point Post Office,,,West Point,CA,,38.4018562,-120.5288150,Geofabrik OpenStreetMap GeoPackage extract,2026-08-16T00:08:49Z,open,ODbL; attribution and share-alike required,packet_ready,geofabrik_post_office_extract_address_limited
ca-geofabrik-post-office-seed,CA Geofabrik post-office seed extract,breadth_first_post_office_seed_extract,post_office,osm:node:358855395,West Portal Station,,,West Portal Station,CA,,37.7376642,-122.4691780,Geofabrik OpenStreetMap GeoPackage extract,2026-08-16T00:08:49Z,open,ODbL; attribution and share-alike required,packet_ready,geofabrik_post_office_extract_address_limited
ca-geofabrik-post-office-seed,CA Geofabrik post-office seed extract,breadth_first_post_office_seed_extract,post_office,osm:way:120653144,West Sacramento Post Office,,,West Sacramento,CA,,38.5787712,-121.5291206,Geofabrik OpenStreetMap GeoPackage extract,2026-08-16T00:08:49Z,open,ODbL; attribution and share-alike required,packet_ready,geofabrik_post_office_extract_address_limited
ca-geofabrik-post-office-seed,CA Geofabrik post-office seed extract,breadth_first_post_office_seed_extract,post_office,osm:way:941158772,Westgate Station San Jose Post Office,,,Westgate Station San Jose,CA,,37.3013744,-121.9780180,Geofabrik OpenStreetMap GeoPackage extract,2026-08-16T00:08:49Z,open,ODbL; attribution and share-alike required,packet_ready,geofabrik_post_office_extract_address_limited
ca-geofabrik-post-office-seed,CA Geofabrik post-office seed extract,breadth_first_post_office_seed_extract,post_office,osm:node:358830482,Westlake Station Daly City Post Office,,,Westlake Station Daly City,CA,,37.6972033,-122.4840240,Geofabrik OpenStreetMap GeoPackage extract,2026-08-16T00:08:49Z,open,ODbL; attribution and share-alike required,packet_ready,geofabrik_post_office_extract_address_limited
ca-geofabrik-post-office-seed,CA Geofabrik post-office seed extract,breadth_first_post_office_seed_extract,post_office,osm:node:12555064437,Westport Post Office,,,Westport,CA,,39.6383383,-123.7845650,Geofabrik OpenStreetMap GeoPackage extract,2026-08-16T00:08:49Z,open,ODbL; attribution and share-alike required,packet_ready,geofabrik_post_office_extract_address_limited
ca-geofabrik-post-office-seed,CA Geofabrik post-office seed extract,breadth_first_post_office_seed_extract,post_office,osm:node:358820073,Westwood Post Office,,,Westwood,CA,,40.3029445,-121.0007930,Geofabrik OpenStreetMap GeoPackage extract,2026-08-16T00:08:49Z,open,ODbL; attribution and share-alike required,packet_ready,geofabrik_post_office_extract_address_limited
ca-geofabrik-post-office-seed,CA Geofabrik post-office seed extract,breadth_first_post_office_seed_extract,post_office,osm:way:781944468,Wheatland Post Office,,,Wheatland,CA,,39.0110930,-121.4228770,Geofabrik OpenStreetMap GeoPackage extract,2026-08-16T00:08:49Z,open,ODbL; attribution and share-alike required,packet_ready,geofabrik_post_office_extract_address_limited
ca-geofabrik-post-office-seed,CA Geofabrik post-office seed extract,breadth_first_post_office_seed_extract,post_office,osm:way:1015143997,Whitehorn Post Office,,,Whitehorn,CA,,40.0582824,-123.9701602,Geofabrik OpenStreetMap GeoPackage extract,2026-08-16T00:08:49Z,open,ODbL; attribution and share-alike required,packet_ready,geofabrik_post_office_extract_address_limited
ca-geofabrik-post-office-seed,CA Geofabrik post-office seed extract,breadth_first_post_office_seed_extract,post_office,osm:node:12101848021,Whitney Mailroom,,,Whitney Mailroom,CA,,39.7303611,-121.8488983,Geofabrik OpenStreetMap GeoPackage extract,2026-08-16T00:08:49Z,open,ODbL; attribution and share-alike required,packet_ready,geofabrik_post_office_extract_address_limited
ca-geofabrik-post-office-seed,CA Geofabrik post-office seed extract,breadth_first_post_office_seed_extract,post_office,osm:node:358822649,Williams Post Office,,,Williams,CA,,39.1538732,-122.1510438,Geofabrik OpenStreetMap GeoPackage extract,2026-08-16T00:08:49Z,open,ODbL; attribution and share-alike required,packet_ready,geofabrik_post_office_extract_address_limited
ca-geofabrik-post-office-seed,CA Geofabrik post-office seed extract,breadth_first_post_office_seed_extract,post_office,osm:node:358824855,Willits Post Office,,,Willits,CA,,39.4090918,-123.3533037,Geofabrik OpenStreetMap GeoPackage extract,2026-08-16T00:08:49Z,open,ODbL; attribution and share-alike required,packet_ready,geofabrik_post_office_extract_address_limited
ca-geofabrik-post-office-seed,CA Geofabrik post-office seed extract,breadth_first_post_office_seed_extract,post_office,osm:node:358819038,Willow Creek Post Office,,,Willow Creek,CA,,40.9411079,-123.6294296,Geofabrik OpenStreetMap GeoPackage extract,2026-08-16T00:08:49Z,open,ODbL; attribution and share-alike required,packet_ready,geofabrik_post_office_extract_address_limited
ca-geofabrik-post-office-seed,CA Geofabrik post-office seed extract,breadth_first_post_office_seed_extract,post_office,osm:way:37909675,Willow Glen Post Office,,,Willow Glen,CA,,37.2909819,-121.9126157,Geofabrik OpenStreetMap GeoPackage extract,2026-08-16T00:08:49Z,open,ODbL; attribution and share-alike required,packet_ready,geofabrik_post_office_extract_address_limited
ca-geofabrik-post-office-seed,CA Geofabrik post-office seed extract,breadth_first_post_office_seed_extract,post_office,osm:way:559673727,Willows Post Office,,,Willows,CA,,39.5208248,-122.1972367,Geofabrik OpenStreetMap GeoPackage extract,2026-08-16T00:08:49Z,open,ODbL; attribution and share-alike required,packet_ready,geofabrik_post_office_extract_address_limited
ca-geofabrik-post-office-seed,CA Geofabrik post-office seed extract,breadth_first_post_office_seed_extract,post_office,osm:node:358836969,Wilton Post Office,,,Wilton,CA,,38.4090774,-121.2696708,Geofabrik OpenStreetMap GeoPackage extract,2026-08-16T00:08:49Z,open,ODbL; attribution and share-alike required,packet_ready,geofabrik_post_office_extract_address_limited
ca-geofabrik-post-office-seed,CA Geofabrik post-office seed extract,breadth_first_post_office_seed_extract,post_office,osm:node:358831363,Windsor Post Office,,,Windsor,CA,,38.5479926,-122.8049733,Geofabrik OpenStreetMap GeoPackage extract,2026-08-16T00:08:49Z,open,ODbL; attribution and share-alike required,packet_ready,geofabrik_post_office_extract_address_limited
ca-geofabrik-post-office-seed,CA Geofabrik post-office seed extract,breadth_first_post_office_seed_extract,post_office,osm:way:181487615,Winters Post Office,,,Winters,CA,,38.5237897,-121.9702631,Geofabrik OpenStreetMap GeoPackage extract,2026-08-16T00:08:49Z,open,ODbL; attribution and share-alike required,packet_ready,geofabrik_post_office_extract_address_limited
ca-geofabrik-post-office-seed,CA Geofabrik post-office seed extract,breadth_first_post_office_seed_extract,post_office,osm:way:265898639,Winton Post Office,,,Winton,CA,,37.3822914,-120.6130086,Geofabrik OpenStreetMap GeoPackage extract,2026-08-16T00:08:49Z,open,ODbL; attribution and share-alike required,packet_ready,geofabrik_post_office_extract_address_limited
ca-geofabrik-post-office-seed,CA Geofabrik post-office seed extract,breadth_first_post_office_seed_extract,post_office,osm:node:358809613,Witter Springs Post Office,,,Witter Springs,CA,,39.1798904,-122.9633311,Geofabrik OpenStreetMap GeoPackage extract,2026-08-16T00:08:49Z,open,ODbL; attribution and share-alike required,packet_ready,geofabrik_post_office_extract_address_limited
ca-geofabrik-post-office-seed,CA Geofabrik post-office seed extract,breadth_first_post_office_seed_extract,post_office,osm:node:358832768,Woodacre Post Office,,,Woodacre,CA,,38.0127586,-122.6444207,Geofabrik OpenStreetMap GeoPackage extract,2026-08-16T00:08:49Z,open,ODbL; attribution and share-alike required,packet_ready,geofabrik_post_office_extract_address_limited
ca-geofabrik-post-office-seed,CA Geofabrik post-office seed extract,breadth_first_post_office_seed_extract,post_office,osm:way:1169369728,Woodbridge Post Office,,,Woodbridge,CA,,38.1544648,-121.3017176,Geofabrik OpenStreetMap GeoPackage extract,2026-08-16T00:08:49Z,open,ODbL; attribution and share-alike required,packet_ready,geofabrik_post_office_extract_address_limited
ca-geofabrik-post-office-seed,CA Geofabrik post-office seed extract,breadth_first_post_office_seed_extract,post_office,osm:node:358839669,Woodlake Post Office,,,Woodlake,CA,,36.4177483,-119.0986320,Geofabrik OpenStreetMap GeoPackage extract,2026-08-16T00:08:49Z,open,ODbL; attribution and share-alike required,packet_ready,geofabrik_post_office_extract_address_limited
ca-geofabrik-post-office-seed,CA Geofabrik post-office seed extract,breadth_first_post_office_seed_extract,post_office,osm:node:358831179,Woodside Post Office,,,Woodside,CA,,37.4289366,-122.2529376,Geofabrik OpenStreetMap GeoPackage extract,2026-08-16T00:08:49Z,open,ODbL; attribution and share-alike required,packet_ready,geofabrik_post_office_extract_address_limited
ca-geofabrik-post-office-seed,CA Geofabrik post-office seed extract,breadth_first_post_office_seed_extract,post_office,osm:way:382937646,Woodside Mail Office,,,Woodside Mail Office,CA,,37.4290904,-122.2533384,Geofabrik OpenStreetMap GeoPackage extract,2026-08-16T00:08:49Z,open,ODbL; attribution and share-alike required,packet_ready,geofabrik_post_office_extract_address_limited
ca-geofabrik-post-office-seed,CA Geofabrik post-office seed extract,breadth_first_post_office_seed_extract,post_office,osm:node:5441924612,Wrap N Pack,,,Wrap N Pack,CA,,40.5752132,-122.3575100,Geofabrik OpenStreetMap GeoPackage extract,2026-08-16T00:08:49Z,open,ODbL; attribution and share-alike required,packet_ready,geofabrik_post_office_extract_address_limited
ca-geofabrik-post-office-seed,CA Geofabrik post-office seed extract,breadth_first_post_office_seed_extract,post_office,osm:node:13126325982,Yankee Hill Post Office,,,Yankee Hill,CA,,39.7191831,-121.5157751,Geofabrik OpenStreetMap GeoPackage extract,2026-08-16T00:08:49Z,open,ODbL; attribution and share-alike required,packet_ready,geofabrik_post_office_extract_address_limited
ca-geofabrik-post-office-seed,CA Geofabrik post-office seed extract,breadth_first_post_office_seed_extract,post_office,osm:way:1197827673,Yolo Post Office,,,Yolo,CA,,38.7342730,-121.8071786,Geofabrik OpenStreetMap GeoPackage extract,2026-08-16T00:08:49Z,open,ODbL; attribution and share-alike required,packet_ready,geofabrik_post_office_extract_address_limited
ca-geofabrik-post-office-seed,CA Geofabrik post-office seed extract,breadth_first_post_office_seed_extract,post_office,osm:node:13115230131,Yorkville Post Office,,,Yorkville,CA,,38.9068489,-123.2338498,Geofabrik OpenStreetMap GeoPackage extract,2026-08-16T00:08:49Z,open,ODbL; attribution and share-alike required,packet_ready,geofabrik_post_office_extract_address_limited
ca-geofabrik-post-office-seed,CA Geofabrik post-office seed extract,breadth_first_post_office_seed_extract,post_office,osm:way:164018060,Yosemite Village Post Office,,,Yosemite Village,CA,,37.7482723,-119.5862688,Geofabrik OpenStreetMap GeoPackage extract,2026-08-16T00:08:49Z,open,ODbL; attribution and share-alike required,packet_ready,geofabrik_post_office_extract_address_limited
ca-geofabrik-post-office-seed,CA Geofabrik post-office seed extract,breadth_first_post_office_seed_extract,post_office,osm:node:2404422902,You Send Me,,,You Send Me,CA,,37.8807037,-122.2683868,Geofabrik OpenStreetMap GeoPackage extract,2026-08-16T00:08:49Z,open,ODbL; attribution and share-alike required,packet_ready,geofabrik_post_office_extract_address_limited
ca-geofabrik-post-office-seed,CA Geofabrik post-office seed extract,breadth_first_post_office_seed_extract,post_office,osm:node:358809342,Yreka Post Office,,,Yreka,CA,,41.7293075,-122.6372480,Geofabrik OpenStreetMap GeoPackage extract,2026-08-16T00:08:49Z,open,ODbL; attribution and share-alike required,packet_ready,geofabrik_post_office_extract_address_limited
ca-geofabrik-post-office-seed,CA Geofabrik post-office seed extract,breadth_first_post_office_seed_extract,post_office,osm:node:358823134,Yuba City Post Office,,,Yuba City,CA,,39.1393365,-121.6166331,Geofabrik OpenStreetMap GeoPackage extract,2026-08-16T00:08:49Z,open,ODbL; attribution and share-alike required,packet_ready,geofabrik_post_office_extract_address_limited
ca-geofabrik-post-office-seed,CA Geofabrik post-office seed extract,breadth_first_post_office_seed_extract,post_office,osm:way:1213175966,Zamora Post Office,,,Zamora,CA,,38.7978196,-121.8837130,Geofabrik OpenStreetMap GeoPackage extract,2026-08-16T00:08:49Z,open,ODbL; attribution and share-alike required,packet_ready,geofabrik_post_office_extract_address_limited
ca-geofabrik-post-office-seed,CA Geofabrik post-office seed extract,breadth_first_post_office_seed_extract,post_office,osm:way:756823045,Zenia Post Office,,,Zenia,CA,,40.2053250,-123.4914177,Geofabrik OpenStreetMap GeoPackage extract,2026-08-16T00:08:49Z,open,ODbL; attribution and share-alike required,packet_ready,geofabrik_post_office_extract_address_limited
ca-geofabrik-post-office-seed,CA Geofabrik post-office seed extract,breadth_first_post_office_seed_extract,post_office,osm:node:8813107045,利达快递,,,利达快递,CA,,37.3141899,-122.0327040,Geofabrik OpenStreetMap GeoPackage extract,2026-08-16T00:08:49Z,open,ODbL; attribution and share-alike required,packet_ready,geofabrik_post_office_extract_address_limited
