target_id,target_label,anchor_field,facility_type,facility_id,facility_name,operator,street_address,city,state,postal_code,latitude,longitude,source,source_date,license_status,rights_status,review_status,review_reason
national-post-office-hi-aina-haina-25f05ecf40,Aina Haina post-office-centered national sample candidate,national_post_office_sample_candidate,food_service,osm:way:1511176424,,,,Aina Haina,HI,,21.2857429,-157.7397903,Geofabrik OpenStreetMap GeoPackage extract,2026-08-14T20:21:03Z,open,ODbL; attribution and share-alike required,exclude,unnamed_food_service_anchor
national-post-office-hi-aina-haina-25f05ecf40,Aina Haina post-office-centered national sample candidate,national_post_office_sample_candidate,food_service,osm:way:1531001165,,,,Aina Haina,HI,,21.3042491,-157.7899856,Geofabrik OpenStreetMap GeoPackage extract,2026-08-14T20:21:03Z,open,ODbL; attribution and share-alike required,exclude,unnamed_food_service_anchor
national-post-office-hi-aina-haina-25f05ecf40,Aina Haina post-office-centered national sample candidate,national_post_office_sample_candidate,food_service,osm:node:1736869152,3660 On The Rise,,,Aina Haina,HI,,21.2821699,-157.7975060,Geofabrik OpenStreetMap GeoPackage extract,2026-08-14T20:21:03Z,open,ODbL; attribution and share-alike required,packet_ready,geofabrik_named_food_service
national-post-office-hi-aina-haina-25f05ecf40,Aina Haina post-office-centered national sample candidate,national_post_office_sample_candidate,food_service,osm:node:9669198075,Aloha Salad,,,Aina Haina,HI,,21.2774660,-157.7868185,Geofabrik OpenStreetMap GeoPackage extract,2026-08-14T20:21:03Z,open,ODbL; attribution and share-alike required,packet_ready,geofabrik_named_food_service
national-post-office-hi-aina-haina-25f05ecf40,Aina Haina post-office-centered national sample candidate,national_post_office_sample_candidate,food_service,osm:node:11467561761,Assagio Bistro,,,Aina Haina,HI,,21.2786782,-157.7838898,Geofabrik OpenStreetMap GeoPackage extract,2026-08-14T20:21:03Z,open,ODbL; attribution and share-alike required,packet_ready,geofabrik_named_food_service
national-post-office-hi-aina-haina-25f05ecf40,Aina Haina post-office-centered national sample candidate,national_post_office_sample_candidate,food_service,osm:node:10000611279,BBQ Chicken,,,Aina Haina,HI,,21.2792968,-157.7873411,Geofabrik OpenStreetMap GeoPackage extract,2026-08-14T20:21:03Z,open,ODbL; attribution and share-alike required,packet_ready,geofabrik_named_food_service
national-post-office-hi-aina-haina-25f05ecf40,Aina Haina post-office-centered national sample candidate,national_post_office_sample_candidate,food_service,osm:node:9975925917,Ba Le,,,Aina Haina,HI,,21.2846924,-157.7083666,Geofabrik OpenStreetMap GeoPackage extract,2026-08-14T20:21:03Z,open,ODbL; attribution and share-alike required,packet_ready,geofabrik_named_food_service
national-post-office-hi-aina-haina-25f05ecf40,Aina Haina post-office-centered national sample candidate,national_post_office_sample_candidate,food_service,osm:node:9920045003,Bobo Bao,,,Aina Haina,HI,,21.2847382,-157.7083889,Geofabrik OpenStreetMap GeoPackage extract,2026-08-14T20:21:03Z,open,ODbL; attribution and share-alike required,packet_ready,geofabrik_named_food_service
national-post-office-hi-aina-haina-25f05ecf40,Aina Haina post-office-centered national sample candidate,national_post_office_sample_candidate,food_service,osm:node:5160131481,Boston Pizza,,,Aina Haina,HI,,21.2941731,-157.7104620,Geofabrik OpenStreetMap GeoPackage extract,2026-08-14T20:21:03Z,open,ODbL; attribution and share-alike required,packet_ready,geofabrik_named_food_service
national-post-office-hi-aina-haina-25f05ecf40,Aina Haina post-office-centered national sample candidate,national_post_office_sample_candidate,food_service,osm:node:9345316810,Cafe Asia,,,Aina Haina,HI,,21.2824359,-157.7361165,Geofabrik OpenStreetMap GeoPackage extract,2026-08-14T20:21:03Z,open,ODbL; attribution and share-alike required,packet_ready,geofabrik_named_food_service
national-post-office-hi-aina-haina-25f05ecf40,Aina Haina post-office-centered national sample candidate,national_post_office_sample_candidate,food_service,osm:node:7697736722,California Pizza Kitchen,,,Aina Haina,HI,,21.2775328,-157.7858440,Geofabrik OpenStreetMap GeoPackage extract,2026-08-14T20:21:03Z,open,ODbL; attribution and share-alike required,packet_ready,geofabrik_named_food_service
national-post-office-hi-aina-haina-25f05ecf40,Aina Haina post-office-centered national sample candidate,national_post_office_sample_candidate,food_service,osm:node:11624420004,Capriotti's,,,Aina Haina,HI,,21.2792472,-157.7871381,Geofabrik OpenStreetMap GeoPackage extract,2026-08-14T20:21:03Z,open,ODbL; attribution and share-alike required,packet_ready,geofabrik_named_food_service
national-post-office-hi-aina-haina-25f05ecf40,Aina Haina post-office-centered national sample candidate,national_post_office_sample_candidate,food_service,osm:node:9835086920,Chaya Hawaii,,,Aina Haina,HI,,21.2769618,-157.7867389,Geofabrik OpenStreetMap GeoPackage extract,2026-08-14T20:21:03Z,open,ODbL; attribution and share-alike required,packet_ready,geofabrik_named_food_service
national-post-office-hi-aina-haina-25f05ecf40,Aina Haina post-office-centered national sample candidate,national_post_office_sample_candidate,food_service,osm:way:152607957,Chili's,,,Aina Haina,HI,,21.2781497,-157.7859552,Geofabrik OpenStreetMap GeoPackage extract,2026-08-14T20:21:03Z,open,ODbL; attribution and share-alike required,packet_ready,geofabrik_named_food_service
national-post-office-hi-aina-haina-25f05ecf40,Aina Haina post-office-centered national sample candidate,national_post_office_sample_candidate,food_service,osm:way:806665406,Chili's,,,Aina Haina,HI,,21.2768841,-157.7878759,Geofabrik OpenStreetMap GeoPackage extract,2026-08-14T20:21:03Z,open,ODbL; attribution and share-alike required,packet_ready,geofabrik_named_food_service
national-post-office-hi-aina-haina-25f05ecf40,Aina Haina post-office-centered national sample candidate,national_post_office_sample_candidate,food_service,osm:node:7530763585,Chopsticks,,,Aina Haina,HI,,21.2831010,-157.7121080,Geofabrik OpenStreetMap GeoPackage extract,2026-08-14T20:21:03Z,open,ODbL; attribution and share-alike required,packet_ready,geofabrik_named_food_service
national-post-office-hi-aina-haina-25f05ecf40,Aina Haina post-office-centered national sample candidate,national_post_office_sample_candidate,food_service,osm:node:9377502539,Daiichi Ramen,,,Aina Haina,HI,,21.2790358,-157.7862535,Geofabrik OpenStreetMap GeoPackage extract,2026-08-14T20:21:03Z,open,ODbL; attribution and share-alike required,packet_ready,geofabrik_named_food_service
national-post-office-hi-aina-haina-25f05ecf40,Aina Haina post-office-centered national sample candidate,national_post_office_sample_candidate,food_service,osm:node:7530915185,Domino's,,,Aina Haina,HI,,21.2830522,-157.7119690,Geofabrik OpenStreetMap GeoPackage extract,2026-08-14T20:21:03Z,open,ODbL; attribution and share-alike required,packet_ready,geofabrik_named_food_service
national-post-office-hi-aina-haina-25f05ecf40,Aina Haina post-office-centered national sample candidate,national_post_office_sample_candidate,food_service,osm:node:8712825910,Domo Cafe,,,Aina Haina,HI,,21.2787320,-157.7840673,Geofabrik OpenStreetMap GeoPackage extract,2026-08-14T20:21:03Z,open,ODbL; attribution and share-alike required,packet_ready,geofabrik_named_food_service
national-post-office-hi-aina-haina-25f05ecf40,Aina Haina post-office-centered national sample candidate,national_post_office_sample_candidate,food_service,osm:node:13911457792,Goma Tei Ramen,,,Aina Haina,HI,,21.2774612,-157.7875092,Geofabrik OpenStreetMap GeoPackage extract,2026-08-14T20:21:03Z,open,ODbL; attribution and share-alike required,packet_ready,geofabrik_named_food_service
national-post-office-hi-aina-haina-25f05ecf40,Aina Haina post-office-centered national sample candidate,national_post_office_sample_candidate,food_service,osm:node:8001486598,Gyotaku,,,Aina Haina,HI,,21.2825291,-157.7359513,Geofabrik OpenStreetMap GeoPackage extract,2026-08-14T20:21:03Z,open,ODbL; attribution and share-alike required,packet_ready,geofabrik_named_food_service
national-post-office-hi-aina-haina-25f05ecf40,Aina Haina post-office-centered national sample candidate,national_post_office_sample_candidate,food_service,osm:node:10000611281,J. Dolan’s,,,Aina Haina,HI,,21.2793161,-157.7874740,Geofabrik OpenStreetMap GeoPackage extract,2026-08-14T20:21:03Z,open,ODbL; attribution and share-alike required,packet_ready,geofabrik_named_food_service
national-post-office-hi-aina-haina-25f05ecf40,Aina Haina post-office-centered national sample candidate,national_post_office_sample_candidate,food_service,osm:way:858330701,Jack in the Box,,,Aina Haina,HI,,21.2820987,-157.7361184,Geofabrik OpenStreetMap GeoPackage extract,2026-08-14T20:21:03Z,open,ODbL; attribution and share-alike required,packet_ready,geofabrik_named_food_service
national-post-office-hi-aina-haina-25f05ecf40,Aina Haina post-office-centered national sample candidate,national_post_office_sample_candidate,food_service,osm:node:10022201471,Jack's,,,Aina Haina,HI,,21.2791849,-157.7537140,Geofabrik OpenStreetMap GeoPackage extract,2026-08-14T20:21:03Z,open,ODbL; attribution and share-alike required,packet_ready,geofabrik_named_food_service
national-post-office-hi-aina-haina-25f05ecf40,Aina Haina post-office-centered national sample candidate,national_post_office_sample_candidate,food_service,osm:node:9856950568,Jamba,,,Aina Haina,HI,,21.2776469,-157.7869524,Geofabrik OpenStreetMap GeoPackage extract,2026-08-14T20:21:03Z,open,ODbL; attribution and share-alike required,packet_ready,geofabrik_named_food_service
national-post-office-hi-aina-haina-25f05ecf40,Aina Haina post-office-centered national sample candidate,national_post_office_sample_candidate,food_service,osm:node:7543224864,Jersey Mike's Subs,,,Aina Haina,HI,,21.2756408,-157.7860942,Geofabrik OpenStreetMap GeoPackage extract,2026-08-14T20:21:03Z,open,ODbL; attribution and share-alike required,packet_ready,geofabrik_named_food_service
national-post-office-hi-aina-haina-25f05ecf40,Aina Haina post-office-centered national sample candidate,national_post_office_sample_candidate,food_service,osm:node:7530889385,Koa Pancake House,,,Aina Haina,HI,,21.2830760,-157.7120403,Geofabrik OpenStreetMap GeoPackage extract,2026-08-14T20:21:03Z,open,ODbL; attribution and share-alike required,packet_ready,geofabrik_named_food_service
national-post-office-hi-aina-haina-25f05ecf40,Aina Haina post-office-centered national sample candidate,national_post_office_sample_candidate,food_service,osm:node:11842279834,Kozo Sushi,,,Aina Haina,HI,,21.2753518,-157.7859284,Geofabrik OpenStreetMap GeoPackage extract,2026-08-14T20:21:03Z,open,ODbL; attribution and share-alike required,packet_ready,geofabrik_named_food_service
national-post-office-hi-aina-haina-25f05ecf40,Aina Haina post-office-centered national sample candidate,national_post_office_sample_candidate,food_service,osm:node:13911457785,KuruKuru Sushi,,,Aina Haina,HI,,21.2775533,-157.7875725,Geofabrik OpenStreetMap GeoPackage extract,2026-08-14T20:21:03Z,open,ODbL; attribution and share-alike required,packet_ready,geofabrik_named_food_service
national-post-office-hi-aina-haina-25f05ecf40,Aina Haina post-office-centered national sample candidate,national_post_office_sample_candidate,food_service,osm:node:3740797991,L&L Hawaiian Barbecue,,,Aina Haina,HI,,21.2762698,-157.7861462,Geofabrik OpenStreetMap GeoPackage extract,2026-08-14T20:21:03Z,open,ODbL; attribution and share-alike required,packet_ready,geofabrik_named_food_service
national-post-office-hi-aina-haina-25f05ecf40,Aina Haina post-office-centered national sample candidate,national_post_office_sample_candidate,food_service,osm:node:9920045000,L&L Hawaiian Barbecue,,,Aina Haina,HI,,21.2846520,-157.7083502,Geofabrik OpenStreetMap GeoPackage extract,2026-08-14T20:21:03Z,open,ODbL; attribution and share-alike required,packet_ready,geofabrik_named_food_service
national-post-office-hi-aina-haina-25f05ecf40,Aina Haina post-office-centered national sample candidate,national_post_office_sample_candidate,food_service,osm:node:10024854094,La Tour Cafe,,,Aina Haina,HI,,21.2789349,-157.7530262,Geofabrik OpenStreetMap GeoPackage extract,2026-08-14T20:21:03Z,open,ODbL; attribution and share-alike required,packet_ready,geofabrik_named_food_service
national-post-office-hi-aina-haina-25f05ecf40,Aina Haina post-office-centered national sample candidate,national_post_office_sample_candidate,food_service,osm:node:8334994377,Lanikai Juice,,,Aina Haina,HI,,21.2790450,-157.7863202,Geofabrik OpenStreetMap GeoPackage extract,2026-08-14T20:21:03Z,open,ODbL; attribution and share-alike required,packet_ready,geofabrik_named_food_service
national-post-office-hi-aina-haina-25f05ecf40,Aina Haina post-office-centered national sample candidate,national_post_office_sample_candidate,food_service,osm:node:9457175241,Maile's Thai,,,Aina Haina,HI,,21.2832102,-157.7108374,Geofabrik OpenStreetMap GeoPackage extract,2026-08-14T20:21:03Z,open,ODbL; attribution and share-alike required,packet_ready,geofabrik_named_food_service
national-post-office-hi-aina-haina-25f05ecf40,Aina Haina post-office-centered national sample candidate,national_post_office_sample_candidate,food_service,osm:node:11408728213,Manderin Kitchen,,,Aina Haina,HI,,21.2753227,-157.7858529,Geofabrik OpenStreetMap GeoPackage extract,2026-08-14T20:21:03Z,open,ODbL; attribution and share-alike required,packet_ready,geofabrik_named_food_service
national-post-office-hi-aina-haina-25f05ecf40,Aina Haina post-office-centered national sample candidate,national_post_office_sample_candidate,food_service,osm:way:362024478,McDonald's,,,Aina Haina,HI,,21.2783221,-157.7541614,Geofabrik OpenStreetMap GeoPackage extract,2026-08-14T20:21:03Z,open,ODbL; attribution and share-alike required,packet_ready,geofabrik_named_food_service
national-post-office-hi-aina-haina-25f05ecf40,Aina Haina post-office-centered national sample candidate,national_post_office_sample_candidate,food_service,osm:way:810858992,McDonald's,,,Aina Haina,HI,,21.2752120,-157.7854779,Geofabrik OpenStreetMap GeoPackage extract,2026-08-14T20:21:03Z,open,ODbL; attribution and share-alike required,packet_ready,geofabrik_named_food_service
national-post-office-hi-aina-haina-25f05ecf40,Aina Haina post-office-centered national sample candidate,national_post_office_sample_candidate,food_service,osm:node:9856950561,Musubi Cafe Iyasume,,,Aina Haina,HI,,21.2776339,-157.7870017,Geofabrik OpenStreetMap GeoPackage extract,2026-08-14T20:21:03Z,open,ODbL; attribution and share-alike required,packet_ready,geofabrik_named_food_service
national-post-office-hi-aina-haina-25f05ecf40,Aina Haina post-office-centered national sample candidate,national_post_office_sample_candidate,food_service,osm:node:10085892341,Māla Market,,,Aina Haina,HI,,21.2829770,-157.7106799,Geofabrik OpenStreetMap GeoPackage extract,2026-08-14T20:21:03Z,open,ODbL; attribution and share-alike required,packet_ready,geofabrik_named_food_service
national-post-office-hi-aina-haina-25f05ecf40,Aina Haina post-office-centered national sample candidate,national_post_office_sample_candidate,food_service,osm:node:3117876861,Olive Tree,,,Aina Haina,HI,,21.2750774,-157.7854258,Geofabrik OpenStreetMap GeoPackage extract,2026-08-14T20:21:03Z,open,ODbL; attribution and share-alike required,packet_ready,geofabrik_named_food_service
national-post-office-hi-aina-haina-25f05ecf40,Aina Haina post-office-centered national sample candidate,national_post_office_sample_candidate,food_service,osm:node:7531179401,Panda Express,,,Aina Haina,HI,,21.2830957,-157.7110932,Geofabrik OpenStreetMap GeoPackage extract,2026-08-14T20:21:03Z,open,ODbL; attribution and share-alike required,packet_ready,geofabrik_named_food_service
national-post-office-hi-aina-haina-25f05ecf40,Aina Haina post-office-centered national sample candidate,national_post_office_sample_candidate,food_service,osm:node:8565908370,Panda Express,,,Aina Haina,HI,,21.2766690,-157.7869851,Geofabrik OpenStreetMap GeoPackage extract,2026-08-14T20:21:03Z,open,ODbL; attribution and share-alike required,packet_ready,geofabrik_named_food_service
national-post-office-hi-aina-haina-25f05ecf40,Aina Haina post-office-centered national sample candidate,national_post_office_sample_candidate,food_service,osm:node:9669198072,Paniolos Hawaii,,,Aina Haina,HI,,21.2772923,-157.7868323,Geofabrik OpenStreetMap GeoPackage extract,2026-08-14T20:21:03Z,open,ODbL; attribution and share-alike required,packet_ready,geofabrik_named_food_service
national-post-office-hi-aina-haina-25f05ecf40,Aina Haina post-office-centered national sample candidate,national_post_office_sample_candidate,food_service,osm:node:9669198074,Pearl’s Korean Barbecue,,,Aina Haina,HI,,21.2766991,-157.7869475,Geofabrik OpenStreetMap GeoPackage extract,2026-08-14T20:21:03Z,open,ODbL; attribution and share-alike required,packet_ready,geofabrik_named_food_service
national-post-office-hi-aina-haina-25f05ecf40,Aina Haina post-office-centered national sample candidate,national_post_office_sample_candidate,food_service,osm:node:9345316809,Pho Time,,,Aina Haina,HI,,21.2825722,-157.7357780,Geofabrik OpenStreetMap GeoPackage extract,2026-08-14T20:21:03Z,open,ODbL; attribution and share-alike required,packet_ready,geofabrik_named_food_service
national-post-office-hi-aina-haina-25f05ecf40,Aina Haina post-office-centered national sample candidate,national_post_office_sample_candidate,food_service,osm:node:7852254749,Pieology Pizzeria,,,Aina Haina,HI,,21.2791198,-157.7539509,Geofabrik OpenStreetMap GeoPackage extract,2026-08-14T20:21:03Z,open,ODbL; attribution and share-alike required,packet_ready,geofabrik_named_food_service
national-post-office-hi-aina-haina-25f05ecf40,Aina Haina post-office-centered national sample candidate,national_post_office_sample_candidate,food_service,osm:node:9669198080,Pizza Hut,,,Aina Haina,HI,,21.2767710,-157.7870756,Geofabrik OpenStreetMap GeoPackage extract,2026-08-14T20:21:03Z,open,ODbL; attribution and share-alike required,packet_ready,geofabrik_named_food_service
national-post-office-hi-aina-haina-25f05ecf40,Aina Haina post-office-centered national sample candidate,national_post_office_sample_candidate,food_service,osm:node:9856965820,Pretzelmaker,,,Aina Haina,HI,,21.2768130,-157.7868004,Geofabrik OpenStreetMap GeoPackage extract,2026-08-14T20:21:03Z,open,ODbL; attribution and share-alike required,packet_ready,geofabrik_named_food_service
national-post-office-hi-aina-haina-25f05ecf40,Aina Haina post-office-centered national sample candidate,national_post_office_sample_candidate,food_service,osm:node:10000611280,Purvé Donut Stop,,,Aina Haina,HI,,21.2792948,-157.7872891,Geofabrik OpenStreetMap GeoPackage extract,2026-08-14T20:21:03Z,open,ODbL; attribution and share-alike required,packet_ready,geofabrik_named_food_service
national-post-office-hi-aina-haina-25f05ecf40,Aina Haina post-office-centered national sample candidate,national_post_office_sample_candidate,food_service,osm:way:245601611,Raising Cane's,,,Aina Haina,HI,,21.2839660,-157.7115466,Geofabrik OpenStreetMap GeoPackage extract,2026-08-14T20:21:03Z,open,ODbL; attribution and share-alike required,packet_ready,geofabrik_named_food_service
national-post-office-hi-aina-haina-25f05ecf40,Aina Haina post-office-centered national sample candidate,national_post_office_sample_candidate,food_service,osm:node:7531015985,Ramen Ya,,,Aina Haina,HI,,21.2829664,-157.7117548,Geofabrik OpenStreetMap GeoPackage extract,2026-08-14T20:21:03Z,open,ODbL; attribution and share-alike required,packet_ready,geofabrik_named_food_service
national-post-office-hi-aina-haina-25f05ecf40,Aina Haina post-office-centered national sample candidate,national_post_office_sample_candidate,food_service,osm:node:7607723594,Roy's Hawaii Kai,,,Aina Haina,HI,,21.2831250,-157.7145684,Geofabrik OpenStreetMap GeoPackage extract,2026-08-14T20:21:03Z,open,ODbL; attribution and share-alike required,packet_ready,geofabrik_named_food_service
national-post-office-hi-aina-haina-25f05ecf40,Aina Haina post-office-centered national sample candidate,national_post_office_sample_candidate,food_service,osm:node:7552855932,Sharetea,,,Aina Haina,HI,,21.2755065,-157.7861169,Geofabrik OpenStreetMap GeoPackage extract,2026-08-14T20:21:03Z,open,ODbL; attribution and share-alike required,packet_ready,geofabrik_named_food_service
national-post-office-hi-aina-haina-25f05ecf40,Aina Haina post-office-centered national sample candidate,national_post_office_sample_candidate,food_service,osm:node:10024854095,Starbucks,,,Aina Haina,HI,,21.2788725,-157.7530120,Geofabrik OpenStreetMap GeoPackage extract,2026-08-14T20:21:03Z,open,ODbL; attribution and share-alike required,packet_ready,geofabrik_named_food_service
national-post-office-hi-aina-haina-25f05ecf40,Aina Haina post-office-centered national sample candidate,national_post_office_sample_candidate,food_service,osm:node:8389390203,Starbucks,,,Aina Haina,HI,,21.2831527,-157.7109602,Geofabrik OpenStreetMap GeoPackage extract,2026-08-14T20:21:03Z,open,ODbL; attribution and share-alike required,packet_ready,geofabrik_named_food_service
national-post-office-hi-aina-haina-25f05ecf40,Aina Haina post-office-centered national sample candidate,national_post_office_sample_candidate,food_service,osm:node:9856950562,Starbucks,,,Aina Haina,HI,,21.2776719,-157.7869037,Geofabrik OpenStreetMap GeoPackage extract,2026-08-14T20:21:03Z,open,ODbL; attribution and share-alike required,packet_ready,geofabrik_named_food_service
national-post-office-hi-aina-haina-25f05ecf40,Aina Haina post-office-centered national sample candidate,national_post_office_sample_candidate,food_service,osm:way:1102258807,Starbucks,,,Aina Haina,HI,,21.2770772,-157.7850012,Geofabrik OpenStreetMap GeoPackage extract,2026-08-14T20:21:03Z,open,ODbL; attribution and share-alike required,packet_ready,geofabrik_named_food_service
national-post-office-hi-aina-haina-25f05ecf40,Aina Haina post-office-centered national sample candidate,national_post_office_sample_candidate,food_service,osm:node:3664149197,Subway,,,Aina Haina,HI,,21.2790439,-157.7542630,Geofabrik OpenStreetMap GeoPackage extract,2026-08-14T20:21:03Z,open,ODbL; attribution and share-alike required,packet_ready,geofabrik_named_food_service
national-post-office-hi-aina-haina-25f05ecf40,Aina Haina post-office-centered national sample candidate,national_post_office_sample_candidate,food_service,osm:node:3740797992,Subway,,,Aina Haina,HI,,21.2750406,-157.7856140,Geofabrik OpenStreetMap GeoPackage extract,2026-08-14T20:21:03Z,open,ODbL; attribution and share-alike required,packet_ready,geofabrik_named_food_service
national-post-office-hi-aina-haina-25f05ecf40,Aina Haina post-office-centered national sample candidate,national_post_office_sample_candidate,food_service,osm:node:9856965825,Subway,,,Aina Haina,HI,,21.2767825,-157.7868390,Geofabrik OpenStreetMap GeoPackage extract,2026-08-14T20:21:03Z,open,ODbL; attribution and share-alike required,packet_ready,geofabrik_named_food_service
national-post-office-hi-aina-haina-25f05ecf40,Aina Haina post-office-centered national sample candidate,national_post_office_sample_candidate,food_service,osm:node:13409425532,Surf Camp,,,Aina Haina,HI,,21.2831839,-157.7353874,Geofabrik OpenStreetMap GeoPackage extract,2026-08-14T20:21:03Z,open,ODbL; attribution and share-alike required,packet_ready,geofabrik_named_food_service
national-post-office-hi-aina-haina-25f05ecf40,Aina Haina post-office-centered national sample candidate,national_post_office_sample_candidate,food_service,osm:node:2910438231,Sushiman,,,Aina Haina,HI,,21.2830153,-157.7106988,Geofabrik OpenStreetMap GeoPackage extract,2026-08-14T20:21:03Z,open,ODbL; attribution and share-alike required,packet_ready,geofabrik_named_food_service
national-post-office-hi-aina-haina-25f05ecf40,Aina Haina post-office-centered national sample candidate,national_post_office_sample_candidate,food_service,osm:node:8565908369,Taco Bell,,,Aina Haina,HI,,21.2767291,-157.7870366,Geofabrik OpenStreetMap GeoPackage extract,2026-08-14T20:21:03Z,open,ODbL; attribution and share-alike required,packet_ready,geofabrik_named_food_service
national-post-office-hi-aina-haina-25f05ecf40,Aina Haina post-office-centered national sample candidate,national_post_office_sample_candidate,food_service,osm:node:1654165521,The Counter,,,Aina Haina,HI,,21.2778679,-157.7860538,Geofabrik OpenStreetMap GeoPackage extract,2026-08-14T20:21:03Z,open,ODbL; attribution and share-alike required,packet_ready,geofabrik_named_food_service
national-post-office-hi-aina-haina-25f05ecf40,Aina Haina post-office-centered national sample candidate,national_post_office_sample_candidate,food_service,osm:node:13429449964,The Pig and the Lady,,,Aina Haina,HI,,21.2825726,-157.7981262,Geofabrik OpenStreetMap GeoPackage extract,2026-08-14T20:21:03Z,open,ODbL; attribution and share-alike required,packet_ready,geofabrik_named_food_service
national-post-office-hi-aina-haina-25f05ecf40,Aina Haina post-office-centered national sample candidate,national_post_office_sample_candidate,food_service,osm:node:13046868592,Uncle Sharkii Poke Bar,,,Aina Haina,HI,,21.2770826,-157.7873493,Geofabrik OpenStreetMap GeoPackage extract,2026-08-14T20:21:03Z,open,ODbL; attribution and share-alike required,packet_ready,geofabrik_named_food_service
national-post-office-hi-aina-haina-25f05ecf40,Aina Haina post-office-centered national sample candidate,national_post_office_sample_candidate,food_service,osm:node:11624420005,Yohei,,,Aina Haina,HI,,21.2792976,-157.7873922,Geofabrik OpenStreetMap GeoPackage extract,2026-08-14T20:21:03Z,open,ODbL; attribution and share-alike required,packet_ready,geofabrik_named_food_service
national-post-office-hi-aina-haina-25f05ecf40,Aina Haina post-office-centered national sample candidate,national_post_office_sample_candidate,food_service,osm:way:170830920,Zippy's,,,Aina Haina,HI,,21.2792387,-157.7880194,Geofabrik OpenStreetMap GeoPackage extract,2026-08-14T20:21:03Z,open,ODbL; attribution and share-alike required,packet_ready,geofabrik_named_food_service
national-post-office-hi-downtown-hilo-91a7b50724,Downtown Hilo post-office-centered national sample candidate,national_post_office_sample_candidate,food_service,osm:way:662831250,,,,Downtown Hilo,HI,,19.6989112,-155.0766304,Geofabrik OpenStreetMap GeoPackage extract,2026-08-14T20:21:03Z,open,ODbL; attribution and share-alike required,exclude,unnamed_food_service_anchor
national-post-office-hi-downtown-hilo-91a7b50724,Downtown Hilo post-office-centered national sample candidate,national_post_office_sample_candidate,food_service,osm:node:7926318005,1 Plus 1 Cafe,,,Downtown Hilo,HI,,19.7014453,-155.0631864,Geofabrik OpenStreetMap GeoPackage extract,2026-08-14T20:21:03Z,open,ODbL; attribution and share-alike required,packet_ready,geofabrik_named_food_service
national-post-office-hi-downtown-hilo-91a7b50724,Downtown Hilo post-office-centered national sample candidate,national_post_office_sample_candidate,food_service,osm:node:8088688984,5 Spice,,,Downtown Hilo,HI,,19.6919177,-155.0683334,Geofabrik OpenStreetMap GeoPackage extract,2026-08-14T20:21:03Z,open,ODbL; attribution and share-alike required,packet_ready,geofabrik_named_food_service
national-post-office-hi-downtown-hilo-91a7b50724,Downtown Hilo post-office-centered national sample candidate,national_post_office_sample_candidate,food_service,osm:node:8034429366,Abundant Life Cafe,,,Downtown Hilo,HI,,19.7239336,-155.0854666,Geofabrik OpenStreetMap GeoPackage extract,2026-08-14T20:21:03Z,open,ODbL; attribution and share-alike required,packet_ready,geofabrik_named_food_service
national-post-office-hi-downtown-hilo-91a7b50724,Downtown Hilo post-office-centered national sample candidate,national_post_office_sample_candidate,food_service,osm:node:7993843531,Aloha Mondays,,,Downtown Hilo,HI,,19.7090683,-155.0760510,Geofabrik OpenStreetMap GeoPackage extract,2026-08-14T20:21:03Z,open,ODbL; attribution and share-alike required,packet_ready,geofabrik_named_food_service
national-post-office-hi-downtown-hilo-91a7b50724,Downtown Hilo post-office-centered national sample candidate,national_post_office_sample_candidate,food_service,osm:node:4429607880,Aloydee's Thai Cuisine,,,Downtown Hilo,HI,,19.7236341,-155.0850338,Geofabrik OpenStreetMap GeoPackage extract,2026-08-14T20:21:03Z,open,ODbL; attribution and share-alike required,packet_ready,geofabrik_named_food_service
national-post-office-hi-downtown-hilo-91a7b50724,Downtown Hilo post-office-centered national sample candidate,national_post_office_sample_candidate,food_service,osm:node:8292076472,Antics,,,Downtown Hilo,HI,,19.7205920,-155.0859821,Geofabrik OpenStreetMap GeoPackage extract,2026-08-14T20:21:03Z,open,ODbL; attribution and share-alike required,packet_ready,geofabrik_named_food_service
national-post-office-hi-downtown-hilo-91a7b50724,Downtown Hilo post-office-centered national sample candidate,national_post_office_sample_candidate,food_service,osm:node:6124521585,Anuenue On the Bay,,,Downtown Hilo,HI,,19.7270338,-155.0871243,Geofabrik OpenStreetMap GeoPackage extract,2026-08-14T20:21:03Z,open,ODbL; attribution and share-alike required,packet_ready,geofabrik_named_food_service
national-post-office-hi-downtown-hilo-91a7b50724,Downtown Hilo post-office-centered national sample candidate,national_post_office_sample_candidate,food_service,osm:node:7722474724,Arirang Korean Kitchen,,,Downtown Hilo,HI,,19.7069111,-155.0665540,Geofabrik OpenStreetMap GeoPackage extract,2026-08-14T20:21:03Z,open,ODbL; attribution and share-alike required,packet_ready,geofabrik_named_food_service
national-post-office-hi-downtown-hilo-91a7b50724,Downtown Hilo post-office-centered national sample candidate,national_post_office_sample_candidate,food_service,osm:node:7895530094,Auntie Anne's,,,Downtown Hilo,HI,,19.6976057,-155.0633288,Geofabrik OpenStreetMap GeoPackage extract,2026-08-14T20:21:03Z,open,ODbL; attribution and share-alike required,packet_ready,geofabrik_named_food_service
national-post-office-hi-downtown-hilo-91a7b50724,Downtown Hilo post-office-centered national sample candidate,national_post_office_sample_candidate,food_service,osm:node:4272282994,Bangkok Villa,,,Downtown Hilo,HI,,19.7253891,-155.0872141,Geofabrik OpenStreetMap GeoPackage extract,2026-08-14T20:21:03Z,open,ODbL; attribution and share-alike required,packet_ready,geofabrik_named_food_service
national-post-office-hi-downtown-hilo-91a7b50724,Downtown Hilo post-office-centered national sample candidate,national_post_office_sample_candidate,food_service,osm:node:13172251001,Big Island Coffee Roasters,,,Downtown Hilo,HI,,19.7228798,-155.0625332,Geofabrik OpenStreetMap GeoPackage extract,2026-08-14T20:21:03Z,open,ODbL; attribution and share-alike required,packet_ready,geofabrik_named_food_service
national-post-office-hi-downtown-hilo-91a7b50724,Downtown Hilo post-office-centered national sample candidate,national_post_office_sample_candidate,food_service,osm:node:9512403289,Big Island Grindz,,,Downtown Hilo,HI,,19.7229254,-155.0850683,Geofabrik OpenStreetMap GeoPackage extract,2026-08-14T20:21:03Z,open,ODbL; attribution and share-alike required,packet_ready,geofabrik_named_food_service
national-post-office-hi-downtown-hilo-91a7b50724,Downtown Hilo post-office-centered national sample candidate,national_post_office_sample_candidate,food_service,osm:node:7718814550,Big Island Pearl Tea,,,Downtown Hilo,HI,,19.7128033,-155.0690211,Geofabrik OpenStreetMap GeoPackage extract,2026-08-14T20:21:03Z,open,ODbL; attribution and share-alike required,packet_ready,geofabrik_named_food_service
national-post-office-hi-downtown-hilo-91a7b50724,Downtown Hilo post-office-centered national sample candidate,national_post_office_sample_candidate,food_service,osm:node:7722474723,Big Island Top Dog,,,Downtown Hilo,HI,,19.7069089,-155.0667360,Geofabrik OpenStreetMap GeoPackage extract,2026-08-14T20:21:03Z,open,ODbL; attribution and share-alike required,packet_ready,geofabrik_named_food_service
national-post-office-hi-downtown-hilo-91a7b50724,Downtown Hilo post-office-centered national sample candidate,national_post_office_sample_candidate,food_service,osm:node:8477547412,Blane's Drive In,,,Downtown Hilo,HI,,19.7016040,-155.0651450,Geofabrik OpenStreetMap GeoPackage extract,2026-08-14T20:21:03Z,open,ODbL; attribution and share-alike required,packet_ready,geofabrik_named_food_service
national-post-office-hi-downtown-hilo-91a7b50724,Downtown Hilo post-office-centered national sample candidate,national_post_office_sample_candidate,food_service,osm:node:8855131097,Blooms,,,Downtown Hilo,HI,,19.7162088,-155.0831421,Geofabrik OpenStreetMap GeoPackage extract,2026-08-14T20:21:03Z,open,ODbL; attribution and share-alike required,packet_ready,geofabrik_named_food_service
national-post-office-hi-downtown-hilo-91a7b50724,Downtown Hilo post-office-centered national sample candidate,national_post_office_sample_candidate,food_service,osm:way:437177160,Burger King,,,Downtown Hilo,HI,,19.6989415,-155.0607286,Geofabrik OpenStreetMap GeoPackage extract,2026-08-14T20:21:03Z,open,ODbL; attribution and share-alike required,packet_ready,geofabrik_named_food_service
national-post-office-hi-downtown-hilo-91a7b50724,Downtown Hilo post-office-centered national sample candidate,national_post_office_sample_candidate,food_service,osm:way:303234275,Cafe 100,,,Downtown Hilo,HI,,19.7144407,-155.0771306,Geofabrik OpenStreetMap GeoPackage extract,2026-08-14T20:21:03Z,open,ODbL; attribution and share-alike required,packet_ready,geofabrik_named_food_service
national-post-office-hi-downtown-hilo-91a7b50724,Downtown Hilo post-office-centered national sample candidate,national_post_office_sample_candidate,food_service,osm:way:428121948,Cafe Boba,,,Downtown Hilo,HI,,19.7247268,-155.0894265,Geofabrik OpenStreetMap GeoPackage extract,2026-08-14T20:21:03Z,open,ODbL; attribution and share-alike required,packet_ready,geofabrik_named_food_service
national-post-office-hi-downtown-hilo-91a7b50724,Downtown Hilo post-office-centered national sample candidate,national_post_office_sample_candidate,food_service,osm:node:4429607876,Cafe Pesto,,,Downtown Hilo,HI,,19.7237170,-155.0850108,Geofabrik OpenStreetMap GeoPackage extract,2026-08-14T20:21:03Z,open,ODbL; attribution and share-alike required,packet_ready,geofabrik_named_food_service
national-post-office-hi-downtown-hilo-91a7b50724,Downtown Hilo post-office-centered national sample candidate,national_post_office_sample_candidate,food_service,osm:node:9307692785,Cham Cham Korean BBQ,,,Downtown Hilo,HI,,19.7166261,-155.0653418,Geofabrik OpenStreetMap GeoPackage extract,2026-08-14T20:21:03Z,open,ODbL; attribution and share-alike required,packet_ready,geofabrik_named_food_service
national-post-office-hi-downtown-hilo-91a7b50724,Downtown Hilo post-office-centered national sample candidate,national_post_office_sample_candidate,food_service,osm:node:7895530096,Cinnabon,,,Downtown Hilo,HI,,19.6976430,-155.0633704,Geofabrik OpenStreetMap GeoPackage extract,2026-08-14T20:21:03Z,open,ODbL; attribution and share-alike required,packet_ready,geofabrik_named_food_service
national-post-office-hi-downtown-hilo-91a7b50724,Downtown Hilo post-office-centered national sample candidate,national_post_office_sample_candidate,food_service,osm:node:7961385450,Coco Cantina,,,Downtown Hilo,HI,,19.7217191,-155.0854670,Geofabrik OpenStreetMap GeoPackage extract,2026-08-14T20:21:03Z,open,ODbL; attribution and share-alike required,packet_ready,geofabrik_named_food_service
national-post-office-hi-downtown-hilo-91a7b50724,Downtown Hilo post-office-centered national sample candidate,national_post_office_sample_candidate,food_service,osm:node:4569933974,Coconut Grill,,,Downtown Hilo,HI,,19.7235375,-155.0624885,Geofabrik OpenStreetMap GeoPackage extract,2026-08-14T20:21:03Z,open,ODbL; attribution and share-alike required,packet_ready,geofabrik_named_food_service
national-post-office-hi-downtown-hilo-91a7b50724,Downtown Hilo post-office-centered national sample candidate,national_post_office_sample_candidate,food_service,osm:node:14028272285,Coffee Girl,,,Downtown Hilo,HI,,19.6916483,-155.0670143,Geofabrik OpenStreetMap GeoPackage extract,2026-08-14T20:21:03Z,open,ODbL; attribution and share-alike required,packet_ready,geofabrik_named_food_service
national-post-office-hi-downtown-hilo-91a7b50724,Downtown Hilo post-office-centered national sample candidate,national_post_office_sample_candidate,food_service,osm:node:7877084591,Coffee Girl,,,Downtown Hilo,HI,,19.7264256,-155.0873905,Geofabrik OpenStreetMap GeoPackage extract,2026-08-14T20:21:03Z,open,ODbL; attribution and share-alike required,packet_ready,geofabrik_named_food_service
national-post-office-hi-downtown-hilo-91a7b50724,Downtown Hilo post-office-centered national sample candidate,national_post_office_sample_candidate,food_service,osm:node:9332938595,Coffee Notes,,,Downtown Hilo,HI,,19.7254043,-155.0878051,Geofabrik OpenStreetMap GeoPackage extract,2026-08-14T20:21:03Z,open,ODbL; attribution and share-alike required,packet_ready,geofabrik_named_food_service
national-post-office-hi-downtown-hilo-91a7b50724,Downtown Hilo post-office-centered national sample candidate,national_post_office_sample_candidate,food_service,osm:node:13018787545,Cronies Bar & Grill,,,Downtown Hilo,HI,,19.7263563,-155.0869310,Geofabrik OpenStreetMap GeoPackage extract,2026-08-14T20:21:03Z,open,ODbL; attribution and share-alike required,packet_ready,geofabrik_named_food_service
national-post-office-hi-downtown-hilo-91a7b50724,Downtown Hilo post-office-centered national sample candidate,national_post_office_sample_candidate,food_service,osm:node:7712220924,Daiichi Ramen,,,Downtown Hilo,HI,,19.6990038,-155.0644608,Geofabrik OpenStreetMap GeoPackage extract,2026-08-14T20:21:03Z,open,ODbL; attribution and share-alike required,packet_ready,geofabrik_named_food_service
national-post-office-hi-downtown-hilo-91a7b50724,Downtown Hilo post-office-centered national sample candidate,national_post_office_sample_candidate,food_service,osm:node:7883090721,Domino's,,,Downtown Hilo,HI,,19.7014448,-155.0632535,Geofabrik OpenStreetMap GeoPackage extract,2026-08-14T20:21:03Z,open,ODbL; attribution and share-alike required,packet_ready,geofabrik_named_food_service
national-post-office-hi-downtown-hilo-91a7b50724,Downtown Hilo post-office-centered national sample candidate,national_post_office_sample_candidate,food_service,osm:node:8889079826,Don’s Grill,,,Downtown Hilo,HI,,19.7153253,-155.0683998,Geofabrik OpenStreetMap GeoPackage extract,2026-08-14T20:21:03Z,open,ODbL; attribution and share-alike required,packet_ready,geofabrik_named_food_service
national-post-office-hi-downtown-hilo-91a7b50724,Downtown Hilo post-office-centered national sample candidate,national_post_office_sample_candidate,food_service,osm:node:2313081242,Dragon Kitchen,,,Downtown Hilo,HI,,19.7236646,-155.0849819,Geofabrik OpenStreetMap GeoPackage extract,2026-08-14T20:21:03Z,open,ODbL; attribution and share-alike required,packet_ready,geofabrik_named_food_service
national-post-office-hi-downtown-hilo-91a7b50724,Downtown Hilo post-office-centered national sample candidate,national_post_office_sample_candidate,food_service,osm:node:5460597023,E Komo Mai,,,Downtown Hilo,HI,,19.7201370,-155.0645567,Geofabrik OpenStreetMap GeoPackage extract,2026-08-14T20:21:03Z,open,ODbL; attribution and share-alike required,packet_ready,geofabrik_named_food_service
national-post-office-hi-downtown-hilo-91a7b50724,Downtown Hilo post-office-centered national sample candidate,national_post_office_sample_candidate,food_service,osm:node:5460597028,Genki Sushi,,,Downtown Hilo,HI,,19.6990055,-155.0642732,Geofabrik OpenStreetMap GeoPackage extract,2026-08-14T20:21:03Z,open,ODbL; attribution and share-alike required,packet_ready,geofabrik_named_food_service
national-post-office-hi-downtown-hilo-91a7b50724,Downtown Hilo post-office-centered national sample candidate,national_post_office_sample_candidate,food_service,osm:node:7709896620,H&K,,,Downtown Hilo,HI,,19.7071540,-155.0755915,Geofabrik OpenStreetMap GeoPackage extract,2026-08-14T20:21:03Z,open,ODbL; attribution and share-alike required,packet_ready,geofabrik_named_food_service
national-post-office-hi-downtown-hilo-91a7b50724,Downtown Hilo post-office-centered national sample candidate,national_post_office_sample_candidate,food_service,osm:node:6279237752,Happy Valley Seafood Restaurant,,,Downtown Hilo,HI,,19.7102434,-155.0762154,Geofabrik OpenStreetMap GeoPackage extract,2026-08-14T20:21:03Z,open,ODbL; attribution and share-alike required,packet_ready,geofabrik_named_food_service
national-post-office-hi-downtown-hilo-91a7b50724,Downtown Hilo post-office-centered national sample candidate,national_post_office_sample_candidate,food_service,osm:node:7926318004,Hawaii Shrimp Company,,,Downtown Hilo,HI,,19.7014819,-155.0628718,Geofabrik OpenStreetMap GeoPackage extract,2026-08-14T20:21:03Z,open,ODbL; attribution and share-alike required,packet_ready,geofabrik_named_food_service
national-post-office-hi-downtown-hilo-91a7b50724,Downtown Hilo post-office-centered national sample candidate,national_post_office_sample_candidate,food_service,osm:node:5219178607,Hawaiian Style Cafe,,,Downtown Hilo,HI,,19.7130977,-155.0699571,Geofabrik OpenStreetMap GeoPackage extract,2026-08-14T20:21:03Z,open,ODbL; attribution and share-alike required,packet_ready,geofabrik_named_food_service
national-post-office-hi-downtown-hilo-91a7b50724,Downtown Hilo post-office-centered national sample candidate,national_post_office_sample_candidate,food_service,osm:way:461624038,Hilo Bay Cafe,,,Downtown Hilo,HI,,19.7250921,-155.0705294,Geofabrik OpenStreetMap GeoPackage extract,2026-08-14T20:21:03Z,open,ODbL; attribution and share-alike required,packet_ready,geofabrik_named_food_service
national-post-office-hi-downtown-hilo-91a7b50724,Downtown Hilo post-office-centered national sample candidate,national_post_office_sample_candidate,food_service,osm:node:2878718532,Hilo Burger Joint,,,Downtown Hilo,HI,,19.7164763,-155.0790788,Geofabrik OpenStreetMap GeoPackage extract,2026-08-14T20:21:03Z,open,ODbL; attribution and share-alike required,packet_ready,geofabrik_named_food_service
national-post-office-hi-downtown-hilo-91a7b50724,Downtown Hilo post-office-centered national sample candidate,national_post_office_sample_candidate,food_service,osm:node:13042414054,Hilo Coffee Corner,,,Downtown Hilo,HI,,19.7173052,-155.0765869,Geofabrik OpenStreetMap GeoPackage extract,2026-08-14T20:21:03Z,open,ODbL; attribution and share-alike required,packet_ready,geofabrik_named_food_service
national-post-office-hi-downtown-hilo-91a7b50724,Downtown Hilo post-office-centered national sample candidate,national_post_office_sample_candidate,food_service,osm:node:14024858147,Hilo Ice Coffee,,,Downtown Hilo,HI,,19.7245816,-155.0609313,Geofabrik OpenStreetMap GeoPackage extract,2026-08-14T20:21:03Z,open,ODbL; attribution and share-alike required,packet_ready,geofabrik_named_food_service
national-post-office-hi-downtown-hilo-91a7b50724,Downtown Hilo post-office-centered national sample candidate,national_post_office_sample_candidate,food_service,osm:node:9307692784,Hilo Lunch Shop,,,Downtown Hilo,HI,,19.7166679,-155.0654248,Geofabrik OpenStreetMap GeoPackage extract,2026-08-14T20:21:03Z,open,ODbL; attribution and share-alike required,packet_ready,geofabrik_named_food_service
national-post-office-hi-downtown-hilo-91a7b50724,Downtown Hilo post-office-centered national sample candidate,national_post_office_sample_candidate,food_service,osm:node:7899385692,Hilo Pizza Company,,,Downtown Hilo,HI,,19.6909970,-155.0668314,Geofabrik OpenStreetMap GeoPackage extract,2026-08-14T20:21:03Z,open,ODbL; attribution and share-alike required,packet_ready,geofabrik_named_food_service
national-post-office-hi-downtown-hilo-91a7b50724,Downtown Hilo post-office-centered national sample candidate,national_post_office_sample_candidate,food_service,osm:node:5222188677,Hilo Siam,,,Downtown Hilo,HI,,19.7239345,-155.0859048,Geofabrik OpenStreetMap GeoPackage extract,2026-08-14T20:21:03Z,open,ODbL; attribution and share-alike required,packet_ready,geofabrik_named_food_service
national-post-office-hi-downtown-hilo-91a7b50724,Downtown Hilo post-office-centered national sample candidate,national_post_office_sample_candidate,food_service,osm:node:5460597030,Hiro's Place,,,Downtown Hilo,HI,,19.6931986,-155.0667476,Geofabrik OpenStreetMap GeoPackage extract,2026-08-14T20:21:03Z,open,ODbL; attribution and share-alike required,packet_ready,geofabrik_named_food_service
national-post-office-hi-downtown-hilo-91a7b50724,Downtown Hilo post-office-centered national sample candidate,national_post_office_sample_candidate,food_service,osm:node:7747568719,Hot Dog on a Stick,,,Downtown Hilo,HI,,19.6976962,-155.0634059,Geofabrik OpenStreetMap GeoPackage extract,2026-08-14T20:21:03Z,open,ODbL; attribution and share-alike required,packet_ready,geofabrik_named_food_service
national-post-office-hi-downtown-hilo-91a7b50724,Downtown Hilo post-office-centered national sample candidate,national_post_office_sample_candidate,food_service,osm:node:7899285679,HĀ CAFE,,,Downtown Hilo,HI,,19.7128022,-155.0699559,Geofabrik OpenStreetMap GeoPackage extract,2026-08-14T20:21:03Z,open,ODbL; attribution and share-alike required,packet_ready,geofabrik_named_food_service
national-post-office-hi-downtown-hilo-91a7b50724,Downtown Hilo post-office-centered national sample candidate,national_post_office_sample_candidate,food_service,osm:node:9161272871,IHOP,,,Downtown Hilo,HI,,19.6971575,-155.0627141,Geofabrik OpenStreetMap GeoPackage extract,2026-08-14T20:21:03Z,open,ODbL; attribution and share-alike required,packet_ready,geofabrik_named_food_service
national-post-office-hi-downtown-hilo-91a7b50724,Downtown Hilo post-office-centered national sample candidate,national_post_office_sample_candidate,food_service,osm:node:7986303854,Ibisuya,,,Downtown Hilo,HI,,19.7221207,-155.0852857,Geofabrik OpenStreetMap GeoPackage extract,2026-08-14T20:21:03Z,open,ODbL; attribution and share-alike required,packet_ready,geofabrik_named_food_service
national-post-office-hi-downtown-hilo-91a7b50724,Downtown Hilo post-office-centered national sample candidate,national_post_office_sample_candidate,food_service,osm:node:2909525701,Island Bake Shop,,,Downtown Hilo,HI,,19.7232328,-155.0851760,Geofabrik OpenStreetMap GeoPackage extract,2026-08-14T20:21:03Z,open,ODbL; attribution and share-alike required,packet_ready,geofabrik_named_food_service
national-post-office-hi-downtown-hilo-91a7b50724,Downtown Hilo post-office-centered national sample candidate,national_post_office_sample_candidate,food_service,osm:node:11333638316,Jack In The Box,,,Downtown Hilo,HI,,19.6926144,-155.0665340,Geofabrik OpenStreetMap GeoPackage extract,2026-08-14T20:21:03Z,open,ODbL; attribution and share-alike required,packet_ready,geofabrik_named_food_service
national-post-office-hi-downtown-hilo-91a7b50724,Downtown Hilo post-office-centered national sample candidate,national_post_office_sample_candidate,food_service,osm:way:232605559,Jack in the Box,,,Downtown Hilo,HI,,19.6925464,-155.0664546,Geofabrik OpenStreetMap GeoPackage extract,2026-08-14T20:21:03Z,open,ODbL; attribution and share-alike required,packet_ready,geofabrik_named_food_service
national-post-office-hi-downtown-hilo-91a7b50724,Downtown Hilo post-office-centered national sample candidate,national_post_office_sample_candidate,food_service,osm:node:5461390822,Jackie Rey's Ohana Grill,,,Downtown Hilo,HI,,19.7259580,-155.0881816,Geofabrik OpenStreetMap GeoPackage extract,2026-08-14T20:21:03Z,open,ODbL; attribution and share-alike required,packet_ready,geofabrik_named_food_service
national-post-office-hi-downtown-hilo-91a7b50724,Downtown Hilo post-office-centered national sample candidate,national_post_office_sample_candidate,food_service,osm:node:7661776544,Jamba Juice,,,Downtown Hilo,HI,,19.6986483,-155.0617361,Geofabrik OpenStreetMap GeoPackage extract,2026-08-14T20:21:03Z,open,ODbL; attribution and share-alike required,packet_ready,geofabrik_named_food_service
national-post-office-hi-downtown-hilo-91a7b50724,Downtown Hilo post-office-centered national sample candidate,national_post_office_sample_candidate,food_service,osm:way:232580597,Just Cruisin Coffee,,,Downtown Hilo,HI,,19.7162394,-155.0782441,Geofabrik OpenStreetMap GeoPackage extract,2026-08-14T20:21:03Z,open,ODbL; attribution and share-alike required,packet_ready,geofabrik_named_food_service
national-post-office-hi-downtown-hilo-91a7b50724,Downtown Hilo post-office-centered national sample candidate,national_post_office_sample_candidate,food_service,osm:way:217609672,KFC,,,Downtown Hilo,HI,,19.6990243,-155.0616748,Geofabrik OpenStreetMap GeoPackage extract,2026-08-14T20:21:03Z,open,ODbL; attribution and share-alike required,packet_ready,geofabrik_named_food_service
national-post-office-hi-downtown-hilo-91a7b50724,Downtown Hilo post-office-centered national sample candidate,national_post_office_sample_candidate,food_service,osm:node:14024858142,Ka Lihikai,,,Downtown Hilo,HI,,19.7299161,-155.0648669,Geofabrik OpenStreetMap GeoPackage extract,2026-08-14T20:21:03Z,open,ODbL; attribution and share-alike required,packet_ready,geofabrik_named_food_service
national-post-office-hi-downtown-hilo-91a7b50724,Downtown Hilo post-office-centered national sample candidate,national_post_office_sample_candidate,food_service,osm:node:9890574317,Kalbi Express,,,Downtown Hilo,HI,,19.7015684,-155.0628740,Geofabrik OpenStreetMap GeoPackage extract,2026-08-14T20:21:03Z,open,ODbL; attribution and share-alike required,packet_ready,geofabrik_named_food_service
national-post-office-hi-downtown-hilo-91a7b50724,Downtown Hilo post-office-centered national sample candidate,national_post_office_sample_candidate,food_service,osm:node:2909525901,Kamana Indo-Chinese Cuisine,,,Downtown Hilo,HI,,19.7230782,-155.0854385,Geofabrik OpenStreetMap GeoPackage extract,2026-08-14T20:21:03Z,open,ODbL; attribution and share-alike required,packet_ready,geofabrik_named_food_service
national-post-office-hi-downtown-hilo-91a7b50724,Downtown Hilo post-office-centered national sample candidate,national_post_office_sample_candidate,food_service,osm:node:4568027894,Kamana Kitchen,,,Downtown Hilo,HI,,19.7105358,-155.0756114,Geofabrik OpenStreetMap GeoPackage extract,2026-08-14T20:21:03Z,open,ODbL; attribution and share-alike required,packet_ready,geofabrik_named_food_service
national-post-office-hi-downtown-hilo-91a7b50724,Downtown Hilo post-office-centered national sample candidate,national_post_office_sample_candidate,food_service,osm:node:13987340584,Kava Republic,,,Downtown Hilo,HI,,19.7233341,-155.0862416,Geofabrik OpenStreetMap GeoPackage extract,2026-08-14T20:21:03Z,open,ODbL; attribution and share-alike required,packet_ready,geofabrik_named_food_service
national-post-office-hi-downtown-hilo-91a7b50724,Downtown Hilo post-office-centered national sample candidate,national_post_office_sample_candidate,food_service,osm:node:9620366687,Kawamoto Store,,,Downtown Hilo,HI,,19.7163914,-155.0789502,Geofabrik OpenStreetMap GeoPackage extract,2026-08-14T20:21:03Z,open,ODbL; attribution and share-alike required,packet_ready,geofabrik_named_food_service
national-post-office-hi-downtown-hilo-91a7b50724,Downtown Hilo post-office-centered national sample candidate,national_post_office_sample_candidate,food_service,osm:way:843347414,Ken's House of Pancakes,,,Downtown Hilo,HI,,19.7223628,-155.0647523,Geofabrik OpenStreetMap GeoPackage extract,2026-08-14T20:21:03Z,open,ODbL; attribution and share-alike required,packet_ready,geofabrik_named_food_service
national-post-office-hi-downtown-hilo-91a7b50724,Downtown Hilo post-office-centered national sample candidate,national_post_office_sample_candidate,food_service,osm:node:13999578816,Kilauea Coffee,,,Downtown Hilo,HI,,19.7220153,-155.0851827,Geofabrik OpenStreetMap GeoPackage extract,2026-08-14T20:21:03Z,open,ODbL; attribution and share-alike required,packet_ready,geofabrik_named_food_service
national-post-office-hi-downtown-hilo-91a7b50724,Downtown Hilo post-office-centered national sample candidate,national_post_office_sample_candidate,food_service,osm:node:7718814552,King’s Vietnamese,,,Downtown Hilo,HI,,19.7161728,-155.0668701,Geofabrik OpenStreetMap GeoPackage extract,2026-08-14T20:21:03Z,open,ODbL; attribution and share-alike required,packet_ready,geofabrik_named_food_service
national-post-office-hi-downtown-hilo-91a7b50724,Downtown Hilo post-office-centered national sample candidate,national_post_office_sample_candidate,food_service,osm:node:7709896630,Kitchen Umeko,,,Downtown Hilo,HI,,19.7072033,-155.0755070,Geofabrik OpenStreetMap GeoPackage extract,2026-08-14T20:21:03Z,open,ODbL; attribution and share-alike required,packet_ready,geofabrik_named_food_service
national-post-office-hi-downtown-hilo-91a7b50724,Downtown Hilo post-office-centered national sample candidate,national_post_office_sample_candidate,food_service,osm:node:2793948075,Koji's Bento,,,Downtown Hilo,HI,,19.7225380,-155.0842650,Geofabrik OpenStreetMap GeoPackage extract,2026-08-14T20:21:03Z,open,ODbL; attribution and share-alike required,packet_ready,geofabrik_named_food_service
national-post-office-hi-downtown-hilo-91a7b50724,Downtown Hilo post-office-centered national sample candidate,national_post_office_sample_candidate,food_service,osm:way:718078719,Kozmic Cones,,,Downtown Hilo,HI,,19.7240237,-155.0906501,Geofabrik OpenStreetMap GeoPackage extract,2026-08-14T20:21:03Z,open,ODbL; attribution and share-alike required,packet_ready,geofabrik_named_food_service
national-post-office-hi-downtown-hilo-91a7b50724,Downtown Hilo post-office-centered national sample candidate,national_post_office_sample_candidate,food_service,osm:way:232595210,Kuhio Grille,,,Downtown Hilo,HI,,19.7202609,-155.0795874,Geofabrik OpenStreetMap GeoPackage extract,2026-08-14T20:21:03Z,open,ODbL; attribution and share-alike required,packet_ready,geofabrik_named_food_service
national-post-office-hi-downtown-hilo-91a7b50724,Downtown Hilo post-office-centered national sample candidate,national_post_office_sample_candidate,food_service,osm:way:303232012,K’s Drive In,,,Downtown Hilo,HI,,19.7169054,-155.0831855,Geofabrik OpenStreetMap GeoPackage extract,2026-08-14T20:21:03Z,open,ODbL; attribution and share-alike required,packet_ready,geofabrik_named_food_service
national-post-office-hi-downtown-hilo-91a7b50724,Downtown Hilo post-office-centered national sample candidate,national_post_office_sample_candidate,food_service,osm:node:7926318006,L&L Hawaiian Barbecue,,,Downtown Hilo,HI,,19.7015885,-155.0628988,Geofabrik OpenStreetMap GeoPackage extract,2026-08-14T20:21:03Z,open,ODbL; attribution and share-alike required,packet_ready,geofabrik_named_food_service
national-post-office-hi-downtown-hilo-91a7b50724,Downtown Hilo post-office-centered national sample candidate,national_post_office_sample_candidate,food_service,osm:node:7961385453,Lam's Garden,,,Downtown Hilo,HI,,19.7220750,-155.0856079,Geofabrik OpenStreetMap GeoPackage extract,2026-08-14T20:21:03Z,open,ODbL; attribution and share-alike required,packet_ready,geofabrik_named_food_service
national-post-office-hi-downtown-hilo-91a7b50724,Downtown Hilo post-office-centered national sample candidate,national_post_office_sample_candidate,food_service,osm:node:9319698460,Le Yellow Sub,,,Downtown Hilo,HI,,19.7245146,-155.0610682,Geofabrik OpenStreetMap GeoPackage extract,2026-08-14T20:21:03Z,open,ODbL; attribution and share-alike required,packet_ready,geofabrik_named_food_service
national-post-office-hi-downtown-hilo-91a7b50724,Downtown Hilo post-office-centered national sample candidate,national_post_office_sample_candidate,food_service,osm:node:12294850611,Lehua Restuarant at Imiloa,,,Downtown Hilo,HI,,19.7011595,-155.0887457,Geofabrik OpenStreetMap GeoPackage extract,2026-08-14T20:21:03Z,open,ODbL; attribution and share-alike required,packet_ready,geofabrik_named_food_service
national-post-office-hi-downtown-hilo-91a7b50724,Downtown Hilo post-office-centered national sample candidate,national_post_office_sample_candidate,food_service,osm:node:7926318002,Lemongrass Express,,,Downtown Hilo,HI,,19.7015519,-155.0629611,Geofabrik OpenStreetMap GeoPackage extract,2026-08-14T20:21:03Z,open,ODbL; attribution and share-alike required,packet_ready,geofabrik_named_food_service
national-post-office-hi-downtown-hilo-91a7b50724,Downtown Hilo post-office-centered national sample candidate,national_post_office_sample_candidate,food_service,osm:way:766064316,Leungs Chop Suey,,,Downtown Hilo,HI,,19.7069471,-155.0645018,Geofabrik OpenStreetMap GeoPackage extract,2026-08-14T20:21:03Z,open,ODbL; attribution and share-alike required,packet_ready,geofabrik_named_food_service
national-post-office-hi-downtown-hilo-91a7b50724,Downtown Hilo post-office-centered national sample candidate,national_post_office_sample_candidate,food_service,osm:way:793232891,Liko Lehua,,,Downtown Hilo,HI,,19.7133311,-155.1063633,Geofabrik OpenStreetMap GeoPackage extract,2026-08-14T20:21:03Z,open,ODbL; attribution and share-alike required,packet_ready,geofabrik_named_food_service
national-post-office-hi-downtown-hilo-91a7b50724,Downtown Hilo post-office-centered national sample candidate,national_post_office_sample_candidate,food_service,osm:node:7899352982,Lin’s Chop Suey,,,Downtown Hilo,HI,,19.6916321,-155.0671484,Geofabrik OpenStreetMap GeoPackage extract,2026-08-14T20:21:03Z,open,ODbL; attribution and share-alike required,packet_ready,geofabrik_named_food_service
national-post-office-hi-downtown-hilo-91a7b50724,Downtown Hilo post-office-centered national sample candidate,national_post_office_sample_candidate,food_service,osm:way:303234303,Little Caesars,,,Downtown Hilo,HI,,19.7116685,-155.0764064,Geofabrik OpenStreetMap GeoPackage extract,2026-08-14T20:21:03Z,open,ODbL; attribution and share-alike required,packet_ready,geofabrik_named_food_service
national-post-office-hi-downtown-hilo-91a7b50724,Downtown Hilo post-office-centered national sample candidate,national_post_office_sample_candidate,food_service,osm:node:9223115741,Lokahi Local Eats,,,Downtown Hilo,HI,,19.6979049,-155.0631699,Geofabrik OpenStreetMap GeoPackage extract,2026-08-14T20:21:03Z,open,ODbL; attribution and share-alike required,packet_ready,geofabrik_named_food_service
national-post-office-hi-downtown-hilo-91a7b50724,Downtown Hilo post-office-centered national sample candidate,national_post_office_sample_candidate,food_service,osm:node:4808062632,Loved By The Sun - Big Island Juice Bar,,,Downtown Hilo,HI,,19.7240522,-155.0857581,Geofabrik OpenStreetMap GeoPackage extract,2026-08-14T20:21:03Z,open,ODbL; attribution and share-alike required,packet_ready,geofabrik_named_food_service
national-post-office-hi-downtown-hilo-91a7b50724,Downtown Hilo post-office-centered national sample candidate,national_post_office_sample_candidate,food_service,osm:node:2283292393,Low International Food,,,Downtown Hilo,HI,,19.7215828,-155.0851690,Geofabrik OpenStreetMap GeoPackage extract,2026-08-14T20:21:03Z,open,ODbL; attribution and share-alike required,packet_ready,geofabrik_named_food_service
national-post-office-hi-downtown-hilo-91a7b50724,Downtown Hilo post-office-centered national sample candidate,national_post_office_sample_candidate,food_service,osm:node:14024052141,Luquinʻs 454,,,Downtown Hilo,HI,,19.7161067,-155.0706039,Geofabrik OpenStreetMap GeoPackage extract,2026-08-14T20:21:03Z,open,ODbL; attribution and share-alike required,packet_ready,geofabrik_named_food_service
national-post-office-hi-downtown-hilo-91a7b50724,Downtown Hilo post-office-centered national sample candidate,national_post_office_sample_candidate,food_service,osm:node:5222433520,Makani’s Magic Pineapple Shack,,,Downtown Hilo,HI,,19.7263531,-155.0875098,Geofabrik OpenStreetMap GeoPackage extract,2026-08-14T20:21:03Z,open,ODbL; attribution and share-alike required,packet_ready,geofabrik_named_food_service
national-post-office-hi-downtown-hilo-91a7b50724,Downtown Hilo post-office-centered national sample candidate,national_post_office_sample_candidate,food_service,osm:node:11333657471,McDonald's,,,Downtown Hilo,HI,,19.6911923,-155.0666777,Geofabrik OpenStreetMap GeoPackage extract,2026-08-14T20:21:03Z,open,ODbL; attribution and share-alike required,packet_ready,geofabrik_named_food_service
national-post-office-hi-downtown-hilo-91a7b50724,Downtown Hilo post-office-centered national sample candidate,national_post_office_sample_candidate,food_service,osm:node:4583374692,McDonald's,,,Downtown Hilo,HI,,19.7006203,-155.0623527,Geofabrik OpenStreetMap GeoPackage extract,2026-08-14T20:21:03Z,open,ODbL; attribution and share-alike required,packet_ready,geofabrik_named_food_service
national-post-office-hi-downtown-hilo-91a7b50724,Downtown Hilo post-office-centered national sample candidate,national_post_office_sample_candidate,food_service,osm:way:589849948,McDonald's,,,Downtown Hilo,HI,,19.7231710,-155.0875069,Geofabrik OpenStreetMap GeoPackage extract,2026-08-14T20:21:03Z,open,ODbL; attribution and share-alike required,packet_ready,geofabrik_named_food_service
national-post-office-hi-downtown-hilo-91a7b50724,Downtown Hilo post-office-centered national sample candidate,national_post_office_sample_candidate,food_service,osm:node:7718814549,Miyo’s,,,Downtown Hilo,HI,,19.7130933,-155.0688799,Geofabrik OpenStreetMap GeoPackage extract,2026-08-14T20:21:03Z,open,ODbL; attribution and share-alike required,packet_ready,geofabrik_named_food_service
national-post-office-hi-downtown-hilo-91a7b50724,Downtown Hilo post-office-centered national sample candidate,national_post_office_sample_candidate,food_service,osm:node:5465865428,Mohala’s Fish & Chips,,,Downtown Hilo,HI,,19.7263894,-155.0874483,Geofabrik OpenStreetMap GeoPackage extract,2026-08-14T20:21:03Z,open,ODbL; attribution and share-alike required,packet_ready,geofabrik_named_food_service
national-post-office-hi-downtown-hilo-91a7b50724,Downtown Hilo post-office-centered national sample candidate,national_post_office_sample_candidate,food_service,osm:node:5215726031,Mom's,,,Downtown Hilo,HI,,19.7245412,-155.0875361,Geofabrik OpenStreetMap GeoPackage extract,2026-08-14T20:21:03Z,open,ODbL; attribution and share-alike required,packet_ready,geofabrik_named_food_service
national-post-office-hi-downtown-hilo-91a7b50724,Downtown Hilo post-office-centered national sample candidate,national_post_office_sample_candidate,food_service,osm:node:4426057900,Moon and Turtle,,,Downtown Hilo,HI,,19.7254178,-155.0871510,Geofabrik OpenStreetMap GeoPackage extract,2026-08-14T20:21:03Z,open,ODbL; attribution and share-alike required,packet_ready,geofabrik_named_food_service
national-post-office-hi-downtown-hilo-91a7b50724,Downtown Hilo post-office-centered national sample candidate,national_post_office_sample_candidate,food_service,osm:node:9863132846,Mr. Cow,,,Downtown Hilo,HI,,19.7015302,-155.0628632,Geofabrik OpenStreetMap GeoPackage extract,2026-08-14T20:21:03Z,open,ODbL; attribution and share-alike required,packet_ready,geofabrik_named_food_service
national-post-office-hi-downtown-hilo-91a7b50724,Downtown Hilo post-office-centered national sample candidate,national_post_office_sample_candidate,food_service,osm:node:8505215997,Mrs. B’s Laulau,,,Downtown Hilo,HI,,19.7061399,-155.0763513,Geofabrik OpenStreetMap GeoPackage extract,2026-08-14T20:21:03Z,open,ODbL; attribution and share-alike required,packet_ready,geofabrik_named_food_service
national-post-office-hi-downtown-hilo-91a7b50724,Downtown Hilo post-office-centered national sample candidate,national_post_office_sample_candidate,food_service,osm:node:9834803603,Musubeast Beastro,,,Downtown Hilo,HI,,19.7261300,-155.0866964,Geofabrik OpenStreetMap GeoPackage extract,2026-08-14T20:21:03Z,open,ODbL; attribution and share-alike required,packet_ready,geofabrik_named_food_service
national-post-office-hi-downtown-hilo-91a7b50724,Downtown Hilo post-office-centered national sample candidate,national_post_office_sample_candidate,food_service,osm:node:7808621763,Naung Mai Thai Kitchen,,,Downtown Hilo,HI,,19.7228138,-155.0865407,Geofabrik OpenStreetMap GeoPackage extract,2026-08-14T20:21:03Z,open,ODbL; attribution and share-alike required,packet_ready,geofabrik_named_food_service
national-post-office-hi-downtown-hilo-91a7b50724,Downtown Hilo post-office-centered national sample candidate,national_post_office_sample_candidate,food_service,osm:node:8197698437,Nector Cafe,,,Downtown Hilo,HI,,19.7247568,-155.0862054,Geofabrik OpenStreetMap GeoPackage extract,2026-08-14T20:21:03Z,open,ODbL; attribution and share-alike required,packet_ready,geofabrik_named_food_service
national-post-office-hi-downtown-hilo-91a7b50724,Downtown Hilo post-office-centered national sample candidate,national_post_office_sample_candidate,food_service,osm:node:6298686285,New Chiang Mai Thai Cuisine,,,Downtown Hilo,HI,,19.7252477,-155.0879450,Geofabrik OpenStreetMap GeoPackage extract,2026-08-14T20:21:03Z,open,ODbL; attribution and share-alike required,packet_ready,geofabrik_named_food_service
national-post-office-hi-downtown-hilo-91a7b50724,Downtown Hilo post-office-centered national sample candidate,national_post_office_sample_candidate,food_service,osm:way:303231986,New China Restaurant,,,Downtown Hilo,HI,,19.7188568,-155.0817644,Geofabrik OpenStreetMap GeoPackage extract,2026-08-14T20:21:03Z,open,ODbL; attribution and share-alike required,packet_ready,geofabrik_named_food_service
national-post-office-hi-downtown-hilo-91a7b50724,Downtown Hilo post-office-centered national sample candidate,national_post_office_sample_candidate,food_service,osm:node:8866984900,New Saigon,,,Downtown Hilo,HI,,19.7232310,-155.0621875,Geofabrik OpenStreetMap GeoPackage extract,2026-08-14T20:21:03Z,open,ODbL; attribution and share-alike required,packet_ready,geofabrik_named_food_service
national-post-office-hi-downtown-hilo-91a7b50724,Downtown Hilo post-office-centered national sample candidate,national_post_office_sample_candidate,food_service,osm:node:5460596721,Nim's Chiang Mai Cuisine,,,Downtown Hilo,HI,,19.7217437,-155.0645261,Geofabrik OpenStreetMap GeoPackage extract,2026-08-14T20:21:03Z,open,ODbL; attribution and share-alike required,packet_ready,geofabrik_named_food_service
national-post-office-hi-downtown-hilo-91a7b50724,Downtown Hilo post-office-centered national sample candidate,national_post_office_sample_candidate,food_service,osm:node:9975925717,Nori’s,,,Downtown Hilo,HI,,19.7174714,-155.0847945,Geofabrik OpenStreetMap GeoPackage extract,2026-08-14T20:21:03Z,open,ODbL; attribution and share-alike required,packet_ready,geofabrik_named_food_service
national-post-office-hi-downtown-hilo-91a7b50724,Downtown Hilo post-office-centered national sample candidate,national_post_office_sample_candidate,food_service,osm:node:10040866952,Oceanfront Kitchen,,,Downtown Hilo,HI,,19.7268831,-155.0561391,Geofabrik OpenStreetMap GeoPackage extract,2026-08-14T20:21:03Z,open,ODbL; attribution and share-alike required,packet_ready,geofabrik_named_food_service
national-post-office-hi-downtown-hilo-91a7b50724,Downtown Hilo post-office-centered national sample candidate,national_post_office_sample_candidate,food_service,osm:way:1089779101,Panda Express,,,Downtown Hilo,HI,,19.7205986,-155.0839765,Geofabrik OpenStreetMap GeoPackage extract,2026-08-14T20:21:03Z,open,ODbL; attribution and share-alike required,packet_ready,geofabrik_named_food_service
national-post-office-hi-downtown-hilo-91a7b50724,Downtown Hilo post-office-centered national sample candidate,national_post_office_sample_candidate,food_service,osm:way:303231992,Panda Express,,,Downtown Hilo,HI,,19.7201551,-155.0834855,Geofabrik OpenStreetMap GeoPackage extract,2026-08-14T20:21:03Z,open,ODbL; attribution and share-alike required,packet_ready,geofabrik_named_food_service
national-post-office-hi-downtown-hilo-91a7b50724,Downtown Hilo post-office-centered national sample candidate,national_post_office_sample_candidate,food_service,osm:way:437177161,Panda Express,,,Downtown Hilo,HI,,19.6989010,-155.0610624,Geofabrik OpenStreetMap GeoPackage extract,2026-08-14T20:21:03Z,open,ODbL; attribution and share-alike required,packet_ready,geofabrik_named_food_service
national-post-office-hi-downtown-hilo-91a7b50724,Downtown Hilo post-office-centered national sample candidate,national_post_office_sample_candidate,food_service,osm:node:13754826228,Papa John's,,,Downtown Hilo,HI,,19.7176881,-155.0835966,Geofabrik OpenStreetMap GeoPackage extract,2026-08-14T20:21:03Z,open,ODbL; attribution and share-alike required,packet_ready,geofabrik_named_food_service
national-post-office-hi-downtown-hilo-91a7b50724,Downtown Hilo post-office-centered national sample candidate,national_post_office_sample_candidate,food_service,osm:node:8252893441,Paradise Coffee Roasters,,,Downtown Hilo,HI,,19.7239518,-155.0868533,Geofabrik OpenStreetMap GeoPackage extract,2026-08-14T20:21:03Z,open,ODbL; attribution and share-alike required,packet_ready,geofabrik_named_food_service
national-post-office-hi-downtown-hilo-91a7b50724,Downtown Hilo post-office-centered national sample candidate,national_post_office_sample_candidate,food_service,osm:node:2793948076,Paul's Place,,,Downtown Hilo,HI,,19.7226311,-155.0842960,Geofabrik OpenStreetMap GeoPackage extract,2026-08-14T20:21:03Z,open,ODbL; attribution and share-alike required,packet_ready,geofabrik_named_food_service
national-post-office-hi-downtown-hilo-91a7b50724,Downtown Hilo post-office-centered national sample candidate,national_post_office_sample_candidate,food_service,osm:node:8855131091,Pho Bistro,,,Downtown Hilo,HI,,19.7170374,-155.0842520,Geofabrik OpenStreetMap GeoPackage extract,2026-08-14T20:21:03Z,open,ODbL; attribution and share-alike required,packet_ready,geofabrik_named_food_service
national-post-office-hi-downtown-hilo-91a7b50724,Downtown Hilo post-office-centered national sample candidate,national_post_office_sample_candidate,food_service,osm:node:5584038021,Pho Viet,,,Downtown Hilo,HI,,19.7228982,-155.0866310,Geofabrik OpenStreetMap GeoPackage extract,2026-08-14T20:21:03Z,open,ODbL; attribution and share-alike required,packet_ready,geofabrik_named_food_service
national-post-office-hi-downtown-hilo-91a7b50724,Downtown Hilo post-office-centered national sample candidate,national_post_office_sample_candidate,food_service,osm:way:372441159,Pineapples,,,Downtown Hilo,HI,,19.7227782,-155.0861728,Geofabrik OpenStreetMap GeoPackage extract,2026-08-14T20:21:03Z,open,ODbL; attribution and share-alike required,packet_ready,geofabrik_named_food_service
national-post-office-hi-downtown-hilo-91a7b50724,Downtown Hilo post-office-centered national sample candidate,national_post_office_sample_candidate,food_service,osm:node:8203966460,Pizza Ala Slice,,,Downtown Hilo,HI,,19.6970048,-155.0639409,Geofabrik OpenStreetMap GeoPackage extract,2026-08-14T20:21:03Z,open,ODbL; attribution and share-alike required,packet_ready,geofabrik_named_food_service
national-post-office-hi-downtown-hilo-91a7b50724,Downtown Hilo post-office-centered national sample candidate,national_post_office_sample_candidate,food_service,osm:node:7869936050,Pizza Hut,,,Downtown Hilo,HI,,19.7119868,-155.0666700,Geofabrik OpenStreetMap GeoPackage extract,2026-08-14T20:21:03Z,open,ODbL; attribution and share-alike required,packet_ready,geofabrik_named_food_service
national-post-office-hi-downtown-hilo-91a7b50724,Downtown Hilo post-office-centered national sample candidate,national_post_office_sample_candidate,food_service,osm:node:7727954462,Pizza Hut Express,,,Downtown Hilo,HI,,19.7006458,-155.0598200,Geofabrik OpenStreetMap GeoPackage extract,2026-08-14T20:21:03Z,open,ODbL; attribution and share-alike required,packet_ready,geofabrik_named_food_service
national-post-office-hi-downtown-hilo-91a7b50724,Downtown Hilo post-office-centered national sample candidate,national_post_office_sample_candidate,food_service,osm:node:2909526001,Poke N Sides,,,Downtown Hilo,HI,,19.7229772,-155.0850359,Geofabrik OpenStreetMap GeoPackage extract,2026-08-14T20:21:03Z,open,ODbL; attribution and share-alike required,packet_ready,geofabrik_named_food_service
national-post-office-hi-downtown-hilo-91a7b50724,Downtown Hilo post-office-centered national sample candidate,national_post_office_sample_candidate,food_service,osm:way:654460525,Poke to Your Taste,,,Downtown Hilo,HI,,19.7092394,-155.0639952,Geofabrik OpenStreetMap GeoPackage extract,2026-08-14T20:21:03Z,open,ODbL; attribution and share-alike required,packet_ready,geofabrik_named_food_service
national-post-office-hi-downtown-hilo-91a7b50724,Downtown Hilo post-office-centered national sample candidate,national_post_office_sample_candidate,food_service,osm:node:3907304757,Ponds,,,Downtown Hilo,HI,,19.7238930,-155.0618570,Geofabrik OpenStreetMap GeoPackage extract,2026-08-14T20:21:03Z,open,ODbL; attribution and share-alike required,packet_ready,geofabrik_named_food_service
national-post-office-hi-downtown-hilo-91a7b50724,Downtown Hilo post-office-centered national sample candidate,national_post_office_sample_candidate,food_service,osm:node:11991119748,Project Boba,,,Downtown Hilo,HI,,19.7103070,-155.0760164,Geofabrik OpenStreetMap GeoPackage extract,2026-08-14T20:21:03Z,open,ODbL; attribution and share-alike required,packet_ready,geofabrik_named_food_service
national-post-office-hi-downtown-hilo-91a7b50724,Downtown Hilo post-office-centered national sample candidate,national_post_office_sample_candidate,food_service,osm:node:11441621223,Puka Puka Kitchen,,,Downtown Hilo,HI,,19.7241779,-155.0856532,Geofabrik OpenStreetMap GeoPackage extract,2026-08-14T20:21:03Z,open,ODbL; attribution and share-alike required,packet_ready,geofabrik_named_food_service
national-post-office-hi-downtown-hilo-91a7b50724,Downtown Hilo post-office-centered national sample candidate,national_post_office_sample_candidate,food_service,osm:node:8477440672,Ratana's Green Papaya Salad,,,Downtown Hilo,HI,,19.7218982,-155.0850361,Geofabrik OpenStreetMap GeoPackage extract,2026-08-14T20:21:03Z,open,ODbL; attribution and share-alike required,packet_ready,geofabrik_named_food_service
national-post-office-hi-downtown-hilo-91a7b50724,Downtown Hilo post-office-centered national sample candidate,national_post_office_sample_candidate,food_service,osm:way:761532389,Restaurant Kenichi,,,Downtown Hilo,HI,,19.7172637,-155.0801044,Geofabrik OpenStreetMap GeoPackage extract,2026-08-14T20:21:03Z,open,ODbL; attribution and share-alike required,packet_ready,geofabrik_named_food_service
national-post-office-hi-downtown-hilo-91a7b50724,Downtown Hilo post-office-centered national sample candidate,national_post_office_sample_candidate,food_service,osm:node:6279237751,Restaurant Miwa,,,Downtown Hilo,HI,,19.7104403,-155.0755590,Geofabrik OpenStreetMap GeoPackage extract,2026-08-14T20:21:03Z,open,ODbL; attribution and share-alike required,packet_ready,geofabrik_named_food_service
national-post-office-hi-downtown-hilo-91a7b50724,Downtown Hilo post-office-centered national sample candidate,national_post_office_sample_candidate,food_service,osm:node:7994152276,Restaurant Osaka,,,Downtown Hilo,HI,,19.7074373,-155.0645519,Geofabrik OpenStreetMap GeoPackage extract,2026-08-14T20:21:03Z,open,ODbL; attribution and share-alike required,packet_ready,geofabrik_named_food_service
national-post-office-hi-downtown-hilo-91a7b50724,Downtown Hilo post-office-centered national sample candidate,national_post_office_sample_candidate,food_service,osm:node:7869936049,Reuben’s,,,Downtown Hilo,HI,,19.7236220,-155.0848458,Geofabrik OpenStreetMap GeoPackage extract,2026-08-14T20:21:03Z,open,ODbL; attribution and share-alike required,packet_ready,geofabrik_named_food_service
national-post-office-hi-downtown-hilo-91a7b50724,Downtown Hilo post-office-centered national sample candidate,national_post_office_sample_candidate,food_service,osm:node:5460596821,Sakura Restaurant & Grill,,,Downtown Hilo,HI,,19.7208184,-155.0646591,Geofabrik OpenStreetMap GeoPackage extract,2026-08-14T20:21:03Z,open,ODbL; attribution and share-alike required,packet_ready,geofabrik_named_food_service
national-post-office-hi-downtown-hilo-91a7b50724,Downtown Hilo post-office-centered national sample candidate,national_post_office_sample_candidate,food_service,osm:node:5222260081,Saucy Dogs,,,Downtown Hilo,HI,,19.7240231,-155.0857919,Geofabrik OpenStreetMap GeoPackage extract,2026-08-14T20:21:03Z,open,ODbL; attribution and share-alike required,packet_ready,geofabrik_named_food_service
national-post-office-hi-downtown-hilo-91a7b50724,Downtown Hilo post-office-centered national sample candidate,national_post_office_sample_candidate,food_service,osm:node:9301588022,Sippin Siren,,,Downtown Hilo,HI,,19.7214572,-155.0649079,Geofabrik OpenStreetMap GeoPackage extract,2026-08-14T20:21:03Z,open,ODbL; attribution and share-alike required,packet_ready,geofabrik_named_food_service
national-post-office-hi-downtown-hilo-91a7b50724,Downtown Hilo post-office-centered national sample candidate,national_post_office_sample_candidate,food_service,osm:node:4519526504,So Juicy Hawaii,,,Downtown Hilo,HI,,19.7239550,-155.0866410,Geofabrik OpenStreetMap GeoPackage extract,2026-08-14T20:21:03Z,open,ODbL; attribution and share-alike required,packet_ready,geofabrik_named_food_service
national-post-office-hi-downtown-hilo-91a7b50724,Downtown Hilo post-office-centered national sample candidate,national_post_office_sample_candidate,food_service,osm:node:1283424277,Starbucks,,,Downtown Hilo,HI,,19.6987290,-155.0617377,Geofabrik OpenStreetMap GeoPackage extract,2026-08-14T20:21:03Z,open,ODbL; attribution and share-alike required,packet_ready,geofabrik_named_food_service
national-post-office-hi-downtown-hilo-91a7b50724,Downtown Hilo post-office-centered national sample candidate,national_post_office_sample_candidate,food_service,osm:node:13918517643,Starbucks,,,Downtown Hilo,HI,,19.7004930,-155.0608685,Geofabrik OpenStreetMap GeoPackage extract,2026-08-14T20:21:03Z,open,ODbL; attribution and share-alike required,packet_ready,geofabrik_named_food_service
national-post-office-hi-downtown-hilo-91a7b50724,Downtown Hilo post-office-centered national sample candidate,national_post_office_sample_candidate,food_service,osm:node:7727954463,Starbucks,,,Downtown Hilo,HI,,19.7006463,-155.0597130,Geofabrik OpenStreetMap GeoPackage extract,2026-08-14T20:21:03Z,open,ODbL; attribution and share-alike required,packet_ready,geofabrik_named_food_service
national-post-office-hi-downtown-hilo-91a7b50724,Downtown Hilo post-office-centered national sample candidate,national_post_office_sample_candidate,food_service,osm:way:303231982,Starbucks,,,Downtown Hilo,HI,,19.7195018,-155.0825873,Geofabrik OpenStreetMap GeoPackage extract,2026-08-14T20:21:03Z,open,ODbL; attribution and share-alike required,packet_ready,geofabrik_named_food_service
national-post-office-hi-downtown-hilo-91a7b50724,Downtown Hilo post-office-centered national sample candidate,national_post_office_sample_candidate,food_service,osm:node:7961385451,Subway,,,Downtown Hilo,HI,,19.7216083,-155.0856050,Geofabrik OpenStreetMap GeoPackage extract,2026-08-14T20:21:03Z,open,ODbL; attribution and share-alike required,packet_ready,geofabrik_named_food_service
national-post-office-hi-downtown-hilo-91a7b50724,Downtown Hilo post-office-centered national sample candidate,national_post_office_sample_candidate,food_service,osm:node:13020249880,Sunlight Cafe,,,Downtown Hilo,HI,,19.7103251,-155.0759586,Geofabrik OpenStreetMap GeoPackage extract,2026-08-14T20:21:03Z,open,ODbL; attribution and share-alike required,packet_ready,geofabrik_named_food_service
national-post-office-hi-downtown-hilo-91a7b50724,Downtown Hilo post-office-centered national sample candidate,national_post_office_sample_candidate,food_service,osm:node:9223115739,Sunlight Express,,,Downtown Hilo,HI,,19.6978253,-155.0630891,Geofabrik OpenStreetMap GeoPackage extract,2026-08-14T20:21:03Z,open,ODbL; attribution and share-alike required,packet_ready,geofabrik_named_food_service
national-post-office-hi-downtown-hilo-91a7b50724,Downtown Hilo post-office-centered national sample candidate,national_post_office_sample_candidate,food_service,osm:node:2909587306,Sushi Hawaii Rolls & Bowls,,,Downtown Hilo,HI,,19.7243658,-155.0860916,Geofabrik OpenStreetMap GeoPackage extract,2026-08-14T20:21:03Z,open,ODbL; attribution and share-alike required,packet_ready,geofabrik_named_food_service
national-post-office-hi-downtown-hilo-91a7b50724,Downtown Hilo post-office-centered national sample candidate,national_post_office_sample_candidate,food_service,osm:node:6124521586,Sweet Cane Cafe,,,Downtown Hilo,HI,,19.7101756,-155.0779668,Geofabrik OpenStreetMap GeoPackage extract,2026-08-14T20:21:03Z,open,ODbL; attribution and share-alike required,packet_ready,geofabrik_named_food_service
national-post-office-hi-downtown-hilo-91a7b50724,Downtown Hilo post-office-centered national sample candidate,national_post_office_sample_candidate,food_service,osm:node:8636783463,Tabaraka Lebanese Food,,,Downtown Hilo,HI,,19.7246437,-155.0902484,Geofabrik OpenStreetMap GeoPackage extract,2026-08-14T20:21:03Z,open,ODbL; attribution and share-alike required,packet_ready,geofabrik_named_food_service
national-post-office-hi-downtown-hilo-91a7b50724,Downtown Hilo post-office-centered national sample candidate,national_post_office_sample_candidate,food_service,osm:node:11333651547,Taco Bell,,,Downtown Hilo,HI,,19.6923114,-155.0664187,Geofabrik OpenStreetMap GeoPackage extract,2026-08-14T20:21:03Z,open,ODbL; attribution and share-alike required,packet_ready,geofabrik_named_food_service
national-post-office-hi-downtown-hilo-91a7b50724,Downtown Hilo post-office-centered national sample candidate,national_post_office_sample_candidate,food_service,osm:node:7718814548,Takenoko Sushi,,,Downtown Hilo,HI,,19.7128017,-155.0688400,Geofabrik OpenStreetMap GeoPackage extract,2026-08-14T20:21:03Z,open,ODbL; attribution and share-alike required,packet_ready,geofabrik_named_food_service
national-post-office-hi-downtown-hilo-91a7b50724,Downtown Hilo post-office-centered national sample candidate,national_post_office_sample_candidate,food_service,osm:node:11427647969,Teapresso Bar,,,Downtown Hilo,HI,,19.7157445,-155.0705334,Geofabrik OpenStreetMap GeoPackage extract,2026-08-14T20:21:03Z,open,ODbL; attribution and share-alike required,packet_ready,geofabrik_named_food_service
national-post-office-hi-downtown-hilo-91a7b50724,Downtown Hilo post-office-centered national sample candidate,national_post_office_sample_candidate,food_service,osm:node:13020248407,Tenkatori Chicken,,,Downtown Hilo,HI,,19.7069040,-155.0669712,Geofabrik OpenStreetMap GeoPackage extract,2026-08-14T20:21:03Z,open,ODbL; attribution and share-alike required,packet_ready,geofabrik_named_food_service
national-post-office-hi-downtown-hilo-91a7b50724,Downtown Hilo post-office-centered national sample candidate,national_post_office_sample_candidate,food_service,osm:node:5721914429,Tetsumen Ramen,,,Downtown Hilo,HI,,19.7127922,-155.0697529,Geofabrik OpenStreetMap GeoPackage extract,2026-08-14T20:21:03Z,open,ODbL; attribution and share-alike required,packet_ready,geofabrik_named_food_service
national-post-office-hi-downtown-hilo-91a7b50724,Downtown Hilo post-office-centered national sample candidate,national_post_office_sample_candidate,food_service,osm:node:5214871328,The Booch Bar,,,Downtown Hilo,HI,,19.7255294,-155.0878868,Geofabrik OpenStreetMap GeoPackage extract,2026-08-14T20:21:03Z,open,ODbL; attribution and share-alike required,packet_ready,geofabrik_named_food_service
national-post-office-hi-downtown-hilo-91a7b50724,Downtown Hilo post-office-centered national sample candidate,national_post_office_sample_candidate,food_service,osm:node:13832000360,The Coffee Cove,,,Downtown Hilo,HI,,19.7272600,-155.0540312,Geofabrik OpenStreetMap GeoPackage extract,2026-08-14T20:21:03Z,open,ODbL; attribution and share-alike required,packet_ready,geofabrik_named_food_service
national-post-office-hi-downtown-hilo-91a7b50724,Downtown Hilo post-office-centered national sample candidate,national_post_office_sample_candidate,food_service,osm:node:8843402181,Tiger Tea,,,Downtown Hilo,HI,,19.7238242,-155.0867731,Geofabrik OpenStreetMap GeoPackage extract,2026-08-14T20:21:03Z,open,ODbL; attribution and share-alike required,packet_ready,geofabrik_named_food_service
national-post-office-hi-downtown-hilo-91a7b50724,Downtown Hilo post-office-centered national sample candidate,national_post_office_sample_candidate,food_service,osm:node:4569827976,Tina's Garden Gourmet Cafe,,,Downtown Hilo,HI,,19.7254899,-155.0864140,Geofabrik OpenStreetMap GeoPackage extract,2026-08-14T20:21:03Z,open,ODbL; attribution and share-alike required,packet_ready,geofabrik_named_food_service
national-post-office-hi-downtown-hilo-91a7b50724,Downtown Hilo post-office-centered national sample candidate,national_post_office_sample_candidate,food_service,osm:node:7961302221,Van's Vietnamese Restaurant,,,Downtown Hilo,HI,,19.7203204,-155.0825596,Geofabrik OpenStreetMap GeoPackage extract,2026-08-14T20:21:03Z,open,ODbL; attribution and share-alike required,packet_ready,geofabrik_named_food_service
national-post-office-hi-downtown-hilo-91a7b50724,Downtown Hilo post-office-centered national sample candidate,national_post_office_sample_candidate,food_service,osm:node:9518075475,Vegan Shop,,,Downtown Hilo,HI,,19.7199705,-155.0858960,Geofabrik OpenStreetMap GeoPackage extract,2026-08-14T20:21:03Z,open,ODbL; attribution and share-alike required,packet_ready,geofabrik_named_food_service
national-post-office-hi-downtown-hilo-91a7b50724,Downtown Hilo post-office-centered national sample candidate,national_post_office_sample_candidate,food_service,osm:way:663291644,Verna's,,,Downtown Hilo,HI,,19.7229175,-155.0639485,Geofabrik OpenStreetMap GeoPackage extract,2026-08-14T20:21:03Z,open,ODbL; attribution and share-alike required,packet_ready,geofabrik_named_food_service
national-post-office-hi-downtown-hilo-91a7b50724,Downtown Hilo post-office-centered national sample candidate,national_post_office_sample_candidate,food_service,osm:node:7874038651,Vibe,,,Downtown Hilo,HI,,19.7078155,-155.0645844,Geofabrik OpenStreetMap GeoPackage extract,2026-08-14T20:21:03Z,open,ODbL; attribution and share-alike required,packet_ready,geofabrik_named_food_service
national-post-office-hi-downtown-hilo-91a7b50724,Downtown Hilo post-office-centered national sample candidate,national_post_office_sample_candidate,food_service,osm:node:5462898221,Wailoa Grill,,,Downtown Hilo,HI,,19.7240054,-155.0702152,Geofabrik OpenStreetMap GeoPackage extract,2026-08-14T20:21:03Z,open,ODbL; attribution and share-alike required,packet_ready,geofabrik_named_food_service
national-post-office-hi-downtown-hilo-91a7b50724,Downtown Hilo post-office-centered national sample candidate,national_post_office_sample_candidate,food_service,osm:way:232605558,White Guava Cafe,,,Downtown Hilo,HI,,19.6944327,-155.0664325,Geofabrik OpenStreetMap GeoPackage extract,2026-08-14T20:21:03Z,open,ODbL; attribution and share-alike required,packet_ready,geofabrik_named_food_service
national-post-office-hi-downtown-hilo-91a7b50724,Downtown Hilo post-office-centered national sample candidate,national_post_office_sample_candidate,food_service,osm:node:5465865427,Yen's Restaurant,,,Downtown Hilo,HI,,19.7246302,-155.0896804,Geofabrik OpenStreetMap GeoPackage extract,2026-08-14T20:21:03Z,open,ODbL; attribution and share-alike required,packet_ready,geofabrik_named_food_service
national-post-office-hi-downtown-hilo-91a7b50724,Downtown Hilo post-office-centered national sample candidate,national_post_office_sample_candidate,food_service,osm:node:8132874491,Zippy's,,,Downtown Hilo,HI,,19.6967874,-155.0642350,Geofabrik OpenStreetMap GeoPackage extract,2026-08-14T20:21:03Z,open,ODbL; attribution and share-alike required,packet_ready,geofabrik_named_food_service
national-post-office-hi-downtown-hilo-91a7b50724,Downtown Hilo post-office-centered national sample candidate,national_post_office_sample_candidate,food_service,osm:node:8202603188,Zippy's,,,Downtown Hilo,HI,,19.6968775,-155.0641727,Geofabrik OpenStreetMap GeoPackage extract,2026-08-14T20:21:03Z,open,ODbL; attribution and share-alike required,packet_ready,geofabrik_named_food_service
national-post-office-hi-eleele-decc48678b,Eleele post-office-centered national sample candidate,national_post_office_sample_candidate,food_service,osm:way:507066355,,,,Eleele,HI,,21.9094232,-159.5892497,Geofabrik OpenStreetMap GeoPackage extract,2026-08-14T20:21:03Z,open,ODbL; attribution and share-alike required,exclude,unnamed_food_service_anchor
national-post-office-hi-eleele-decc48678b,Eleele post-office-centered national sample candidate,national_post_office_sample_candidate,food_service,osm:node:6328375809,Aaron's Kitchen,,,Eleele,HI,,21.9105873,-159.5914559,Geofabrik OpenStreetMap GeoPackage extract,2026-08-14T20:21:03Z,open,ODbL; attribution and share-alike required,packet_ready,geofabrik_named_food_service
national-post-office-hi-eleele-decc48678b,Eleele post-office-centered national sample candidate,national_post_office_sample_candidate,food_service,osm:node:6448766586,Bobbie’s,,,Eleele,HI,,21.9111795,-159.5876384,Geofabrik OpenStreetMap GeoPackage extract,2026-08-14T20:21:03Z,open,ODbL; attribution and share-alike required,packet_ready,geofabrik_named_food_service
national-post-office-hi-eleele-decc48678b,Eleele post-office-centered national sample candidate,national_post_office_sample_candidate,food_service,osm:node:5541678523,Fish tacos,,,Eleele,HI,,21.9087112,-159.5924834,Geofabrik OpenStreetMap GeoPackage extract,2026-08-14T20:21:03Z,open,ODbL; attribution and share-alike required,packet_ready,geofabrik_named_food_service
national-post-office-hi-eleele-decc48678b,Eleele post-office-centered national sample candidate,national_post_office_sample_candidate,food_service,osm:node:4893331622,Japanese Grandma's Cafe,,,Eleele,HI,,21.9113849,-159.5865344,Geofabrik OpenStreetMap GeoPackage extract,2026-08-14T20:21:03Z,open,ODbL; attribution and share-alike required,packet_ready,geofabrik_named_food_service
national-post-office-hi-eleele-decc48678b,Eleele post-office-centered national sample candidate,national_post_office_sample_candidate,food_service,osm:node:6328376829,Kauai Coffee Company Cafe,,,Eleele,HI,,21.8998961,-159.5609756,Geofabrik OpenStreetMap GeoPackage extract,2026-08-14T20:21:03Z,open,ODbL; attribution and share-alike required,packet_ready,geofabrik_named_food_service
national-post-office-hi-eleele-decc48678b,Eleele post-office-centered national sample candidate,national_post_office_sample_candidate,food_service,osm:node:5541678537,Kauai Pasta Westside,,,Eleele,HI,,21.9056248,-159.5853493,Geofabrik OpenStreetMap GeoPackage extract,2026-08-14T20:21:03Z,open,ODbL; attribution and share-alike required,packet_ready,geofabrik_named_food_service
national-post-office-hi-eleele-decc48678b,Eleele post-office-centered national sample candidate,national_post_office_sample_candidate,food_service,osm:node:5541678475,Little Fish coffee,,,Eleele,HI,,21.9111623,-159.5861425,Geofabrik OpenStreetMap GeoPackage extract,2026-08-14T20:21:03Z,open,ODbL; attribution and share-alike required,packet_ready,geofabrik_named_food_service
national-post-office-hi-eleele-decc48678b,Eleele post-office-centered national sample candidate,national_post_office_sample_candidate,food_service,osm:node:9740543817,MCS Grill,,,Eleele,HI,,21.9085765,-159.5930927,Geofabrik OpenStreetMap GeoPackage extract,2026-08-14T20:21:03Z,open,ODbL; attribution and share-alike required,packet_ready,geofabrik_named_food_service
national-post-office-hi-eleele-decc48678b,Eleele post-office-centered national sample candidate,national_post_office_sample_candidate,food_service,osm:way:370930708,McDonald's,,,Eleele,HI,,21.9047736,-159.5848844,Geofabrik OpenStreetMap GeoPackage extract,2026-08-14T20:21:03Z,open,ODbL; attribution and share-alike required,packet_ready,geofabrik_named_food_service
national-post-office-hi-eleele-decc48678b,Eleele post-office-centered national sample candidate,national_post_office_sample_candidate,food_service,osm:node:3227039057,Midnight Bear Breads,,,Eleele,HI,,21.9112096,-159.5874039,Geofabrik OpenStreetMap GeoPackage extract,2026-08-14T20:21:03Z,open,ODbL; attribution and share-alike required,packet_ready,geofabrik_named_food_service
national-post-office-hi-eleele-decc48678b,Eleele post-office-centered national sample candidate,national_post_office_sample_candidate,food_service,osm:node:5541678526,Subway,,,Eleele,HI,,21.9044105,-159.5852770,Geofabrik OpenStreetMap GeoPackage extract,2026-08-14T20:21:03Z,open,ODbL; attribution and share-alike required,packet_ready,geofabrik_named_food_service
national-post-office-hi-fedex-89c3ba0615,FedEx post-office-centered national sample candidate,national_post_office_sample_candidate,food_service,osm:node:10000676010,,,,FedEx,HI,,21.2913752,-157.8378803,Geofabrik OpenStreetMap GeoPackage extract,2026-08-14T20:21:03Z,open,ODbL; attribution and share-alike required,exclude,unnamed_food_service_anchor
national-post-office-hi-fedex-89c3ba0615,FedEx post-office-centered national sample candidate,national_post_office_sample_candidate,food_service,osm:node:12313999702,,,,FedEx,HI,,21.2989668,-157.8364395,Geofabrik OpenStreetMap GeoPackage extract,2026-08-14T20:21:03Z,open,ODbL; attribution and share-alike required,exclude,unnamed_food_service_anchor
national-post-office-hi-fedex-89c3ba0615,FedEx post-office-centered national sample candidate,national_post_office_sample_candidate,food_service,osm:node:4715304393,,,,FedEx,HI,,21.2794861,-157.8278767,Geofabrik OpenStreetMap GeoPackage extract,2026-08-14T20:21:03Z,open,ODbL; attribution and share-alike required,exclude,unnamed_food_service_anchor
national-post-office-hi-fedex-89c3ba0615,FedEx post-office-centered national sample candidate,national_post_office_sample_candidate,food_service,osm:node:4716738544,,,,FedEx,HI,,21.3094047,-157.8105289,Geofabrik OpenStreetMap GeoPackage extract,2026-08-14T20:21:03Z,open,ODbL; attribution and share-alike required,exclude,unnamed_food_service_anchor
national-post-office-hi-fedex-89c3ba0615,FedEx post-office-centered national sample candidate,national_post_office_sample_candidate,food_service,osm:node:5240542126,,,,FedEx,HI,,21.2950670,-157.8135635,Geofabrik OpenStreetMap GeoPackage extract,2026-08-14T20:21:03Z,open,ODbL; attribution and share-alike required,exclude,unnamed_food_service_anchor
national-post-office-hi-fedex-89c3ba0615,FedEx post-office-centered national sample candidate,national_post_office_sample_candidate,food_service,osm:node:5603948423,,,,FedEx,HI,,21.2926101,-157.8412579,Geofabrik OpenStreetMap GeoPackage extract,2026-08-14T20:21:03Z,open,ODbL; attribution and share-alike required,exclude,unnamed_food_service_anchor
national-post-office-hi-fedex-89c3ba0615,FedEx post-office-centered national sample candidate,national_post_office_sample_candidate,food_service,osm:node:6325441821,,,,FedEx,HI,,21.2795206,-157.8250380,Geofabrik OpenStreetMap GeoPackage extract,2026-08-14T20:21:03Z,open,ODbL; attribution and share-alike required,exclude,unnamed_food_service_anchor
national-post-office-hi-fedex-89c3ba0615,FedEx post-office-centered national sample candidate,national_post_office_sample_candidate,food_service,osm:node:7637570647,,,,FedEx,HI,,21.2788251,-157.8138143,Geofabrik OpenStreetMap GeoPackage extract,2026-08-14T20:21:03Z,open,ODbL; attribution and share-alike required,exclude,unnamed_food_service_anchor
national-post-office-hi-fedex-89c3ba0615,FedEx post-office-centered national sample candidate,national_post_office_sample_candidate,food_service,osm:node:9669267427,,,,FedEx,HI,,21.2992607,-157.8402428,Geofabrik OpenStreetMap GeoPackage extract,2026-08-14T20:21:03Z,open,ODbL; attribution and share-alike required,exclude,unnamed_food_service_anchor
national-post-office-hi-fedex-89c3ba0615,FedEx post-office-centered national sample candidate,national_post_office_sample_candidate,food_service,osm:node:9882324224,,,,FedEx,HI,,21.2959857,-157.8295722,Geofabrik OpenStreetMap GeoPackage extract,2026-08-14T20:21:03Z,open,ODbL; attribution and share-alike required,exclude,unnamed_food_service_anchor
national-post-office-hi-fedex-89c3ba0615,FedEx post-office-centered national sample candidate,national_post_office_sample_candidate,food_service,osm:way:1354530048,,,,FedEx,HI,,21.2820752,-157.7988658,Geofabrik OpenStreetMap GeoPackage extract,2026-08-14T20:21:03Z,open,ODbL; attribution and share-alike required,exclude,unnamed_food_service_anchor
national-post-office-hi-fedex-89c3ba0615,FedEx post-office-centered national sample candidate,national_post_office_sample_candidate,food_service,osm:way:491949266,,,,FedEx,HI,,21.2982718,-157.8484800,Geofabrik OpenStreetMap GeoPackage extract,2026-08-14T20:21:03Z,open,ODbL; attribution and share-alike required,exclude,unnamed_food_service_anchor
national-post-office-hi-fedex-89c3ba0615,FedEx post-office-centered national sample candidate,national_post_office_sample_candidate,food_service,osm:way:664502868,,,,FedEx,HI,,21.3161494,-157.8122952,Geofabrik OpenStreetMap GeoPackage extract,2026-08-14T20:21:03Z,open,ODbL; attribution and share-alike required,exclude,unnamed_food_service_anchor
national-post-office-hi-fedex-89c3ba0615,FedEx post-office-centered national sample candidate,national_post_office_sample_candidate,food_service,osm:way:732894824,,,,FedEx,HI,,21.2791579,-157.8059275,Geofabrik OpenStreetMap GeoPackage extract,2026-08-14T20:21:03Z,open,ODbL; attribution and share-alike required,exclude,unnamed_food_service_anchor
national-post-office-hi-fedex-89c3ba0615,FedEx post-office-centered national sample candidate,national_post_office_sample_candidate,food_service,osm:way:984621401,,,,FedEx,HI,,21.3004227,-157.8406160,Geofabrik OpenStreetMap GeoPackage extract,2026-08-14T20:21:03Z,open,ODbL; attribution and share-alike required,exclude,unnamed_food_service_anchor
national-post-office-hi-fedex-89c3ba0615,FedEx post-office-centered national sample candidate,national_post_office_sample_candidate,food_service,osm:node:9281677231,1 Plus 1 Drive Inn,,,FedEx,HI,,21.2926075,-157.8246096,Geofabrik OpenStreetMap GeoPackage extract,2026-08-14T20:21:03Z,open,ODbL; attribution and share-alike required,packet_ready,geofabrik_named_food_service
national-post-office-hi-fedex-89c3ba0615,FedEx post-office-centered national sample candidate,national_post_office_sample_candidate,food_service,osm:node:11662310469,100 Sails,,,FedEx,HI,,21.2859664,-157.8400903,Geofabrik OpenStreetMap GeoPackage extract,2026-08-14T20:21:03Z,open,ODbL; attribution and share-alike required,packet_ready,geofabrik_named_food_service
national-post-office-hi-fedex-89c3ba0615,FedEx post-office-centered national sample candidate,national_post_office_sample_candidate,food_service,osm:node:3672650842,220 Grille,,,FedEx,HI,,21.2705801,-157.8004292,Geofabrik OpenStreetMap GeoPackage extract,2026-08-14T20:21:03Z,open,ODbL; attribution and share-alike required,packet_ready,geofabrik_named_food_service
national-post-office-hi-fedex-89c3ba0615,FedEx post-office-centered national sample candidate,national_post_office_sample_candidate,food_service,osm:node:1736869152,3660 On The Rise,,,FedEx,HI,,21.2821699,-157.7975060,Geofabrik OpenStreetMap GeoPackage extract,2026-08-14T20:21:03Z,open,ODbL; attribution and share-alike required,packet_ready,geofabrik_named_food_service
national-post-office-hi-fedex-89c3ba0615,FedEx post-office-centered national sample candidate,national_post_office_sample_candidate,food_service,osm:node:4953779946,9 Bar Hnl,,,FedEx,HI,,21.2983099,-157.8610182,Geofabrik OpenStreetMap GeoPackage extract,2026-08-14T20:21:03Z,open,ODbL; attribution and share-alike required,packet_ready,geofabrik_named_food_service
national-post-office-hi-fedex-89c3ba0615,FedEx post-office-centered national sample candidate,national_post_office_sample_candidate,food_service,osm:node:13836378324,AAA Local BBQ,,,FedEx,HI,,21.2933000,-157.8390568,Geofabrik OpenStreetMap GeoPackage extract,2026-08-14T20:21:03Z,open,ODbL; attribution and share-alike required,packet_ready,geofabrik_named_food_service
national-post-office-hi-fedex-89c3ba0615,FedEx post-office-centered national sample candidate,national_post_office_sample_candidate,food_service,osm:node:11419995122,ADEZ Steakhouse & Lounge,,,FedEx,HI,,21.2826344,-157.8138795,Geofabrik OpenStreetMap GeoPackage extract,2026-08-14T20:21:03Z,open,ODbL; attribution and share-alike required,packet_ready,geofabrik_named_food_service
national-post-office-hi-fedex-89c3ba0615,FedEx post-office-centered national sample candidate,national_post_office_sample_candidate,food_service,osm:node:5553513227,ASUKE Nabe + Shabu Shabu,,,FedEx,HI,,21.2827640,-157.7987446,Geofabrik OpenStreetMap GeoPackage extract,2026-08-14T20:21:03Z,open,ODbL; attribution and share-alike required,packet_ready,geofabrik_named_food_service
national-post-office-hi-fedex-89c3ba0615,FedEx post-office-centered national sample candidate,national_post_office_sample_candidate,food_service,osm:node:3669672287,Agu Ramen,,,FedEx,HI,,21.2924193,-157.8255830,Geofabrik OpenStreetMap GeoPackage extract,2026-08-14T20:21:03Z,open,ODbL; attribution and share-alike required,packet_ready,geofabrik_named_food_service
national-post-office-hi-fedex-89c3ba0615,FedEx post-office-centered national sample candidate,national_post_office_sample_candidate,food_service,osm:node:11374607313,Ahi & Vegetable,,,FedEx,HI,,21.2907274,-157.8419429,Geofabrik OpenStreetMap GeoPackage extract,2026-08-14T20:21:03Z,open,ODbL; attribution and share-alike required,packet_ready,geofabrik_named_food_service
national-post-office-hi-fedex-89c3ba0615,FedEx post-office-centered national sample candidate,national_post_office_sample_candidate,food_service,osm:node:9279077018,Ahi & Vegetable,,,FedEx,HI,,21.3235605,-157.8740118,Geofabrik OpenStreetMap GeoPackage extract,2026-08-14T20:21:03Z,open,ODbL; attribution and share-alike required,packet_ready,geofabrik_named_food_service
national-post-office-hi-fedex-89c3ba0615,FedEx post-office-centered national sample candidate,national_post_office_sample_candidate,food_service,osm:node:11060928301,Aja,,,FedEx,HI,,21.2902060,-157.8439520,Geofabrik OpenStreetMap GeoPackage extract,2026-08-14T20:21:03Z,open,ODbL; attribution and share-alike required,packet_ready,geofabrik_named_food_service
national-post-office-hi-fedex-89c3ba0615,FedEx post-office-centered national sample candidate,national_post_office_sample_candidate,food_service,osm:way:1357574522,Ala Hawaii Kitchen,,,FedEx,HI,,21.2938180,-157.8259402,Geofabrik OpenStreetMap GeoPackage extract,2026-08-14T20:21:03Z,open,ODbL; attribution and share-alike required,packet_ready,geofabrik_named_food_service
national-post-office-hi-fedex-89c3ba0615,FedEx post-office-centered national sample candidate,national_post_office_sample_candidate,food_service,osm:node:7675124587,Alakea Steak,,,FedEx,HI,,21.3075909,-157.8609911,Geofabrik OpenStreetMap GeoPackage extract,2026-08-14T20:21:03Z,open,ODbL; attribution and share-alike required,packet_ready,geofabrik_named_food_service
national-post-office-hi-fedex-89c3ba0615,FedEx post-office-centered national sample candidate,national_post_office_sample_candidate,food_service,osm:node:5824615653,Alan Wong’s,,,FedEx,HI,,21.2953064,-157.8316331,Geofabrik OpenStreetMap GeoPackage extract,2026-08-14T20:21:03Z,open,ODbL; attribution and share-alike required,packet_ready,geofabrik_named_food_service
national-post-office-hi-fedex-89c3ba0615,FedEx post-office-centered national sample candidate,national_post_office_sample_candidate,food_service,osm:node:8738859040,Alejandro's Mexican Food,,,FedEx,HI,,21.2854228,-157.8132884,Geofabrik OpenStreetMap GeoPackage extract,2026-08-14T20:21:03Z,open,ODbL; attribution and share-alike required,packet_ready,geofabrik_named_food_service
national-post-office-hi-fedex-89c3ba0615,FedEx post-office-centered national sample candidate,national_post_office_sample_candidate,food_service,osm:node:9719526791,Aliʻi Coffee,,,FedEx,HI,,21.3115505,-157.8597307,Geofabrik OpenStreetMap GeoPackage extract,2026-08-14T20:21:03Z,open,ODbL; attribution and share-alike required,packet_ready,geofabrik_named_food_service
national-post-office-hi-fedex-89c3ba0615,FedEx post-office-centered national sample candidate,national_post_office_sample_candidate,food_service,osm:node:9824049717,Aloha Beer Company,,,FedEx,HI,,21.3008185,-157.8568287,Geofabrik OpenStreetMap GeoPackage extract,2026-08-14T20:21:03Z,open,ODbL; attribution and share-alike required,packet_ready,geofabrik_named_food_service
national-post-office-hi-fedex-89c3ba0615,FedEx post-office-centered national sample candidate,national_post_office_sample_candidate,food_service,osm:node:10174735279,Aloha Bowls & Teas,,,FedEx,HI,,21.2825042,-157.8366023,Geofabrik OpenStreetMap GeoPackage extract,2026-08-14T20:21:03Z,open,ODbL; attribution and share-alike required,packet_ready,geofabrik_named_food_service
national-post-office-hi-fedex-89c3ba0615,FedEx post-office-centered national sample candidate,national_post_office_sample_candidate,food_service,osm:node:4703028890,Aloha Burrito Shop,,,FedEx,HI,,21.2803898,-157.8295646,Geofabrik OpenStreetMap GeoPackage extract,2026-08-14T20:21:03Z,open,ODbL; attribution and share-alike required,packet_ready,geofabrik_named_food_service
national-post-office-hi-fedex-89c3ba0615,FedEx post-office-centered national sample candidate,national_post_office_sample_candidate,food_service,osm:node:5119800822,Aloha Cones,,,FedEx,HI,,21.3055458,-157.8515916,Geofabrik OpenStreetMap GeoPackage extract,2026-08-14T20:21:03Z,open,ODbL; attribution and share-alike required,packet_ready,geofabrik_named_food_service
national-post-office-hi-fedex-89c3ba0615,FedEx post-office-centered national sample candidate,national_post_office_sample_candidate,food_service,osm:node:9411396644,Aloha Kitchen,,,FedEx,HI,,21.2859383,-157.8352377,Geofabrik OpenStreetMap GeoPackage extract,2026-08-14T20:21:03Z,open,ODbL; attribution and share-alike required,packet_ready,geofabrik_named_food_service
national-post-office-hi-fedex-89c3ba0615,FedEx post-office-centered national sample candidate,national_post_office_sample_candidate,food_service,osm:node:13375118702,Aloha Mac Shack,,,FedEx,HI,,21.2863171,-157.8328715,Geofabrik OpenStreetMap GeoPackage extract,2026-08-14T20:21:03Z,open,ODbL; attribution and share-alike required,packet_ready,geofabrik_named_food_service
national-post-office-hi-fedex-89c3ba0615,FedEx post-office-centered national sample candidate,national_post_office_sample_candidate,food_service,osm:node:5104873725,Aloha Melt,,,FedEx,HI,,21.2805896,-157.8278451,Geofabrik OpenStreetMap GeoPackage extract,2026-08-14T20:21:03Z,open,ODbL; attribution and share-alike required,packet_ready,geofabrik_named_food_service
national-post-office-hi-fedex-89c3ba0615,FedEx post-office-centered national sample candidate,national_post_office_sample_candidate,food_service,osm:node:4198247891,Aloha Sushi,,,FedEx,HI,,21.2854106,-157.8382726,Geofabrik OpenStreetMap GeoPackage extract,2026-08-14T20:21:03Z,open,ODbL; attribution and share-alike required,packet_ready,geofabrik_named_food_service
national-post-office-hi-fedex-89c3ba0615,FedEx post-office-centered national sample candidate,national_post_office_sample_candidate,food_service,osm:node:4844724061,Aloha Sushi,,,FedEx,HI,,21.3010983,-157.8454251,Geofabrik OpenStreetMap GeoPackage extract,2026-08-14T20:21:03Z,open,ODbL; attribution and share-alike required,packet_ready,geofabrik_named_food_service
national-post-office-hi-fedex-89c3ba0615,FedEx post-office-centered national sample candidate,national_post_office_sample_candidate,food_service,osm:node:4715354789,Aloha Table Waikiki,,,FedEx,HI,,21.2798316,-157.8282280,Geofabrik OpenStreetMap GeoPackage extract,2026-08-14T20:21:03Z,open,ODbL; attribution and share-alike required,packet_ready,geofabrik_named_food_service
national-post-office-hi-fedex-89c3ba0615,FedEx post-office-centered national sample candidate,national_post_office_sample_candidate,food_service,osm:way:1357574515,Aloha Vietnamese Foots,,,FedEx,HI,,21.2938960,-157.8262779,Geofabrik OpenStreetMap GeoPackage extract,2026-08-14T20:21:03Z,open,ODbL; attribution and share-alike required,packet_ready,geofabrik_named_food_service
national-post-office-hi-fedex-89c3ba0615,FedEx post-office-centered national sample candidate,national_post_office_sample_candidate,food_service,osm:node:10096019570,American Wagyu Eatery,,,FedEx,HI,,21.2731645,-157.8216354,Geofabrik OpenStreetMap GeoPackage extract,2026-08-14T20:21:03Z,open,ODbL; attribution and share-alike required,packet_ready,geofabrik_named_food_service
national-post-office-hi-fedex-89c3ba0615,FedEx post-office-centered national sample candidate,national_post_office_sample_candidate,food_service,osm:node:13375125701,Amy's Shrimp and Poke Shack,,,FedEx,HI,,21.2862298,-157.8329198,Geofabrik OpenStreetMap GeoPackage extract,2026-08-14T20:21:03Z,open,ODbL; attribution and share-alike required,packet_ready,geofabrik_named_food_service
national-post-office-hi-fedex-89c3ba0615,FedEx post-office-centered national sample candidate,national_post_office_sample_candidate,food_service,osm:node:4716738543,Andy's,,,FedEx,HI,,21.3099194,-157.8102768,Geofabrik OpenStreetMap GeoPackage extract,2026-08-14T20:21:03Z,open,ODbL; attribution and share-alike required,packet_ready,geofabrik_named_food_service
national-post-office-hi-fedex-89c3ba0615,FedEx post-office-centered national sample candidate,national_post_office_sample_candidate,food_service,osm:node:10174735293,Aoki Teppanyaki,,,FedEx,HI,,21.2834876,-157.8365238,Geofabrik OpenStreetMap GeoPackage extract,2026-08-14T20:21:03Z,open,ODbL; attribution and share-alike required,packet_ready,geofabrik_named_food_service
national-post-office-hi-fedex-89c3ba0615,FedEx post-office-centered national sample candidate,national_post_office_sample_candidate,food_service,osm:node:4571723693,Appetito Craft Pizza & Wine Bar,,,FedEx,HI,,21.2778478,-157.8246824,Geofabrik OpenStreetMap GeoPackage extract,2026-08-14T20:21:03Z,open,ODbL; attribution and share-alike required,packet_ready,geofabrik_named_food_service
national-post-office-hi-fedex-89c3ba0615,FedEx post-office-centered national sample candidate,national_post_office_sample_candidate,food_service,osm:node:4715374589,Arancino,,,FedEx,HI,,21.2799234,-157.8310400,Geofabrik OpenStreetMap GeoPackage extract,2026-08-14T20:21:03Z,open,ODbL; attribution and share-alike required,packet_ready,geofabrik_named_food_service
national-post-office-hi-fedex-89c3ba0615,FedEx post-office-centered national sample candidate,national_post_office_sample_candidate,food_service,osm:node:6440844485,Arancino di Mare,,,FedEx,HI,,21.2730757,-157.8230400,Geofabrik OpenStreetMap GeoPackage extract,2026-08-14T20:21:03Z,open,ODbL; attribution and share-alike required,packet_ready,geofabrik_named_food_service
national-post-office-hi-fedex-89c3ba0615,FedEx post-office-centered national sample candidate,national_post_office_sample_candidate,food_service,osm:node:4793939992,Arnold's Beach Bar & Grill,,,FedEx,HI,,21.2812827,-157.8312033,Geofabrik OpenStreetMap GeoPackage extract,2026-08-14T20:21:03Z,open,ODbL; attribution and share-alike required,packet_ready,geofabrik_named_food_service
national-post-office-hi-fedex-89c3ba0615,FedEx post-office-centered national sample candidate,national_post_office_sample_candidate,food_service,osm:node:13409715918,Aroma Italia,,,FedEx,HI,,21.2688196,-157.8135258,Geofabrik OpenStreetMap GeoPackage extract,2026-08-14T20:21:03Z,open,ODbL; attribution and share-alike required,packet_ready,geofabrik_named_food_service
national-post-office-hi-fedex-89c3ba0615,FedEx post-office-centered national sample candidate,national_post_office_sample_candidate,food_service,osm:node:4478220124,Aroma Italia,,,FedEx,HI,,21.3083595,-157.8106762,Geofabrik OpenStreetMap GeoPackage extract,2026-08-14T20:21:03Z,open,ODbL; attribution and share-alike required,packet_ready,geofabrik_named_food_service
national-post-office-hi-fedex-89c3ba0615,FedEx post-office-centered national sample candidate,national_post_office_sample_candidate,food_service,osm:node:5039945240,Ars Cafe,,,FedEx,HI,,21.2692046,-157.8127455,Geofabrik OpenStreetMap GeoPackage extract,2026-08-14T20:21:03Z,open,ODbL; attribution and share-alike required,packet_ready,geofabrik_named_food_service
national-post-office-hi-fedex-89c3ba0615,FedEx post-office-centered national sample candidate,national_post_office_sample_candidate,food_service,osm:node:8492192235,Artizen by MW,,,FedEx,HI,,21.2995282,-157.8524740,Geofabrik OpenStreetMap GeoPackage extract,2026-08-14T20:21:03Z,open,ODbL; attribution and share-alike required,packet_ready,geofabrik_named_food_service
national-post-office-hi-fedex-89c3ba0615,FedEx post-office-centered national sample candidate,national_post_office_sample_candidate,food_service,osm:node:9823974317,Arvo Cafe,,,FedEx,HI,,21.2981429,-157.8614221,Geofabrik OpenStreetMap GeoPackage extract,2026-08-14T20:21:03Z,open,ODbL; attribution and share-alike required,packet_ready,geofabrik_named_food_service
national-post-office-hi-fedex-89c3ba0615,FedEx post-office-centered national sample candidate,national_post_office_sample_candidate,food_service,osm:node:5532610121,Asahi Grill Ward,,,FedEx,HI,,21.2976371,-157.8538459,Geofabrik OpenStreetMap GeoPackage extract,2026-08-14T20:21:03Z,open,ODbL; attribution and share-alike required,packet_ready,geofabrik_named_food_service
national-post-office-hi-fedex-89c3ba0615,FedEx post-office-centered national sample candidate,national_post_office_sample_candidate,food_service,osm:node:5668046477,Asian Mix,,,FedEx,HI,,21.3013944,-157.8421193,Geofabrik OpenStreetMap GeoPackage extract,2026-08-14T20:21:03Z,open,ODbL; attribution and share-alike required,packet_ready,geofabrik_named_food_service
national-post-office-hi-fedex-89c3ba0615,FedEx post-office-centered national sample candidate,national_post_office_sample_candidate,food_service,osm:node:11060928287,Auntie Anne's,,,FedEx,HI,,21.2902704,-157.8438610,Geofabrik OpenStreetMap GeoPackage extract,2026-08-14T20:21:03Z,open,ODbL; attribution and share-alike required,packet_ready,geofabrik_named_food_service
national-post-office-hi-fedex-89c3ba0615,FedEx post-office-centered national sample candidate,national_post_office_sample_candidate,food_service,osm:node:10200931619,Azure Restaurant & Bar,,,FedEx,HI,,21.2769978,-157.8290836,Geofabrik OpenStreetMap GeoPackage extract,2026-08-14T20:21:03Z,open,ODbL; attribution and share-alike required,packet_ready,geofabrik_named_food_service
national-post-office-hi-fedex-89c3ba0615,FedEx post-office-centered national sample candidate,national_post_office_sample_candidate,food_service,osm:node:1736869164,BC Burritto,,,FedEx,HI,,21.2826478,-157.7993214,Geofabrik OpenStreetMap GeoPackage extract,2026-08-14T20:21:03Z,open,ODbL; attribution and share-alike required,packet_ready,geofabrik_named_food_service
national-post-office-hi-fedex-89c3ba0615,FedEx post-office-centered national sample candidate,national_post_office_sample_candidate,food_service,osm:node:4733214222,BEVY,,,FedEx,HI,,21.2987733,-157.8613774,Geofabrik OpenStreetMap GeoPackage extract,2026-08-14T20:21:03Z,open,ODbL; attribution and share-alike required,packet_ready,geofabrik_named_food_service
national-post-office-hi-fedex-89c3ba0615,FedEx post-office-centered national sample candidate,national_post_office_sample_candidate,food_service,osm:node:4517516392,BIC Tacos,,,FedEx,HI,,21.3075374,-157.8616931,Geofabrik OpenStreetMap GeoPackage extract,2026-08-14T20:21:03Z,open,ODbL; attribution and share-alike required,packet_ready,geofabrik_named_food_service
national-post-office-hi-fedex-89c3ba0615,FedEx post-office-centered national sample candidate,national_post_office_sample_candidate,food_service,osm:node:3845708459,Ba Le,,,FedEx,HI,,21.2988780,-157.8197241,Geofabrik OpenStreetMap GeoPackage extract,2026-08-14T20:21:03Z,open,ODbL; attribution and share-alike required,packet_ready,geofabrik_named_food_service
national-post-office-hi-fedex-89c3ba0615,FedEx post-office-centered national sample candidate,national_post_office_sample_candidate,food_service,osm:way:615032018,Bac Nam,,,FedEx,HI,,21.3001211,-157.8454011,Geofabrik OpenStreetMap GeoPackage extract,2026-08-14T20:21:03Z,open,ODbL; attribution and share-alike required,packet_ready,geofabrik_named_food_service
national-post-office-hi-fedex-89c3ba0615,FedEx post-office-centered national sample candidate,national_post_office_sample_candidate,food_service,osm:node:4749695006,Bakery & Table,,,FedEx,HI,,21.2997400,-157.8444290,Geofabrik OpenStreetMap GeoPackage extract,2026-08-14T20:21:03Z,open,ODbL; attribution and share-alike required,packet_ready,geofabrik_named_food_service
national-post-office-hi-fedex-89c3ba0615,FedEx post-office-centered national sample candidate,national_post_office_sample_candidate,food_service,osm:node:10174735275,Bali Oceanfront,,,FedEx,HI,,21.2819878,-157.8385767,Geofabrik OpenStreetMap GeoPackage extract,2026-08-14T20:21:03Z,open,ODbL; attribution and share-alike required,packet_ready,geofabrik_named_food_service
national-post-office-hi-fedex-89c3ba0615,FedEx post-office-centered national sample candidate,national_post_office_sample_candidate,food_service,osm:node:8809814517,Banan Bowls,,,FedEx,HI,,21.2696197,-157.8104412,Geofabrik OpenStreetMap GeoPackage extract,2026-08-14T20:21:03Z,open,ODbL; attribution and share-alike required,packet_ready,geofabrik_named_food_service
national-post-office-hi-fedex-89c3ba0615,FedEx post-office-centered national sample candidate,national_post_office_sample_candidate,food_service,osm:node:11060766549,Banchan House,,,FedEx,HI,,21.2955841,-157.8410790,Geofabrik OpenStreetMap GeoPackage extract,2026-08-14T20:21:03Z,open,ODbL; attribution and share-alike required,packet_ready,geofabrik_named_food_service
national-post-office-hi-fedex-89c3ba0615,FedEx post-office-centered national sample candidate,national_post_office_sample_candidate,food_service,osm:node:4585753889,Bangga Bangga,,,FedEx,HI,,21.2903432,-157.8436956,Geofabrik OpenStreetMap GeoPackage extract,2026-08-14T20:21:03Z,open,ODbL; attribution and share-alike required,packet_ready,geofabrik_named_food_service
national-post-office-hi-fedex-89c3ba0615,FedEx post-office-centered national sample candidate,national_post_office_sample_candidate,food_service,osm:node:2823270778,Bangkok Chef,,,FedEx,HI,,21.3103851,-157.8087063,Geofabrik OpenStreetMap GeoPackage extract,2026-08-14T20:21:03Z,open,ODbL; attribution and share-alike required,packet_ready,geofabrik_named_food_service
national-post-office-hi-fedex-89c3ba0615,FedEx post-office-centered national sample candidate,national_post_office_sample_candidate,food_service,osm:node:4266831991,Bangkok Chef,,,FedEx,HI,,21.3171893,-157.8550118,Geofabrik OpenStreetMap GeoPackage extract,2026-08-14T20:21:03Z,open,ODbL; attribution and share-alike required,packet_ready,geofabrik_named_food_service
national-post-office-hi-fedex-89c3ba0615,FedEx post-office-centered national sample candidate,national_post_office_sample_candidate,food_service,osm:node:5550920126,Bangkok Chef,,,FedEx,HI,,21.2912491,-157.8203885,Geofabrik OpenStreetMap GeoPackage extract,2026-08-14T20:21:03Z,open,ODbL; attribution and share-alike required,packet_ready,geofabrik_named_food_service
national-post-office-hi-fedex-89c3ba0615,FedEx post-office-centered national sample candidate,national_post_office_sample_candidate,food_service,osm:node:9432520017,Banzai Burger,,,FedEx,HI,,21.2790710,-157.8260361,Geofabrik OpenStreetMap GeoPackage extract,2026-08-14T20:21:03Z,open,ODbL; attribution and share-alike required,packet_ready,geofabrik_named_food_service
national-post-office-hi-fedex-89c3ba0615,FedEx post-office-centered national sample candidate,national_post_office_sample_candidate,food_service,osm:node:4395594790,Barefoot Beach Cafe,,,FedEx,HI,,21.2678942,-157.8225004,Geofabrik OpenStreetMap GeoPackage extract,2026-08-14T20:21:03Z,open,ODbL; attribution and share-alike required,packet_ready,geofabrik_named_food_service
national-post-office-hi-fedex-89c3ba0615,FedEx post-office-centered national sample candidate,national_post_office_sample_candidate,food_service,osm:node:6765549487,Bario’s Ramen,,,FedEx,HI,,21.2792313,-157.8281710,Geofabrik OpenStreetMap GeoPackage extract,2026-08-14T20:21:03Z,open,ODbL; attribution and share-alike required,packet_ready,geofabrik_named_food_service
national-post-office-hi-fedex-89c3ba0615,FedEx post-office-centered national sample candidate,national_post_office_sample_candidate,food_service,osm:node:9823986217,Basalt,,,FedEx,HI,,21.2794969,-157.8266626,Geofabrik OpenStreetMap GeoPackage extract,2026-08-14T20:21:03Z,open,ODbL; attribution and share-alike required,packet_ready,geofabrik_named_food_service
national-post-office-hi-fedex-89c3ba0615,FedEx post-office-centered national sample candidate,national_post_office_sample_candidate,food_service,osm:node:11878410785,Bean About Town,,,FedEx,HI,,21.2835606,-157.8002625,Geofabrik OpenStreetMap GeoPackage extract,2026-08-14T20:21:03Z,open,ODbL; attribution and share-alike required,packet_ready,geofabrik_named_food_service
national-post-office-hi-fedex-89c3ba0615,FedEx post-office-centered national sample candidate,national_post_office_sample_candidate,food_service,osm:node:11898028410,Bean About Town,,,FedEx,HI,,21.2804657,-157.8283900,Geofabrik OpenStreetMap GeoPackage extract,2026-08-14T20:21:03Z,open,ODbL; attribution and share-alike required,packet_ready,geofabrik_named_food_service
national-post-office-hi-fedex-89c3ba0615,FedEx post-office-centered national sample candidate,national_post_office_sample_candidate,food_service,osm:node:1650462196,Bella Mia,,,FedEx,HI,,21.2892921,-157.8112889,Geofabrik OpenStreetMap GeoPackage extract,2026-08-14T20:21:03Z,open,ODbL; attribution and share-alike required,packet_ready,geofabrik_named_food_service
national-post-office-hi-fedex-89c3ba0615,FedEx post-office-centered national sample candidate,national_post_office_sample_candidate,food_service,osm:node:6440964285,Bernini,,,FedEx,HI,,21.2938155,-157.8477000,Geofabrik OpenStreetMap GeoPackage extract,2026-08-14T20:21:03Z,open,ODbL; attribution and share-alike required,packet_ready,geofabrik_named_food_service
national-post-office-hi-fedex-89c3ba0615,FedEx post-office-centered national sample candidate,national_post_office_sample_candidate,food_service,osm:node:4891724275,Betty’s Burgers,,,FedEx,HI,,21.2925933,-157.8213403,Geofabrik OpenStreetMap GeoPackage extract,2026-08-14T20:21:03Z,open,ODbL; attribution and share-alike required,packet_ready,geofabrik_named_food_service
national-post-office-hi-fedex-89c3ba0615,FedEx post-office-centered national sample candidate,national_post_office_sample_candidate,food_service,osm:node:10208335798,Bibas Courtyard Grill,,,FedEx,HI,,21.2817338,-157.8343823,Geofabrik OpenStreetMap GeoPackage extract,2026-08-14T20:21:03Z,open,ODbL; attribution and share-alike required,packet_ready,geofabrik_named_food_service
national-post-office-hi-fedex-89c3ba0615,FedEx post-office-centered national sample candidate,national_post_office_sample_candidate,food_service,osm:node:4484925797,Big Kahuna,,,FedEx,HI,,21.2799243,-157.8265420,Geofabrik OpenStreetMap GeoPackage extract,2026-08-14T20:21:03Z,open,ODbL; attribution and share-alike required,packet_ready,geofabrik_named_food_service
national-post-office-hi-fedex-89c3ba0615,FedEx post-office-centered national sample candidate,national_post_office_sample_candidate,food_service,osm:node:4715370289,Bills,,,FedEx,HI,,21.2805833,-157.8308980,Geofabrik OpenStreetMap GeoPackage extract,2026-08-14T20:21:03Z,open,ODbL; attribution and share-alike required,packet_ready,geofabrik_named_food_service
national-post-office-hi-fedex-89c3ba0615,FedEx post-office-centered national sample candidate,national_post_office_sample_candidate,food_service,osm:node:11401118870,Blondies Vegan Brand Proteins + Cafe,,,FedEx,HI,,21.3110241,-157.8641736,Geofabrik OpenStreetMap GeoPackage extract,2026-08-14T20:21:03Z,open,ODbL; attribution and share-alike required,packet_ready,geofabrik_named_food_service
national-post-office-hi-fedex-89c3ba0615,FedEx post-office-centered national sample candidate,national_post_office_sample_candidate,food_service,osm:node:6618176286,Blue Hawaii Lifestyle,,,FedEx,HI,,21.2918486,-157.8458233,Geofabrik OpenStreetMap GeoPackage extract,2026-08-14T20:21:03Z,open,ODbL; attribution and share-alike required,packet_ready,geofabrik_named_food_service
national-post-office-hi-fedex-89c3ba0615,FedEx post-office-centered national sample candidate,national_post_office_sample_candidate,food_service,osm:node:8642464274,Blue Ocean Seafood & Steak,,,FedEx,HI,,21.2760816,-157.8232056,Geofabrik OpenStreetMap GeoPackage extract,2026-08-14T20:21:03Z,open,ODbL; attribution and share-alike required,packet_ready,geofabrik_named_food_service
national-post-office-hi-fedex-89c3ba0615,FedEx post-office-centered national sample candidate,national_post_office_sample_candidate,food_service,osm:node:10174735287,Blue Water Shrimp & Seafood Market,,,FedEx,HI,,21.2833369,-157.8372235,Geofabrik OpenStreetMap GeoPackage extract,2026-08-14T20:21:03Z,open,ODbL; attribution and share-alike required,packet_ready,geofabrik_named_food_service
national-post-office-hi-fedex-89c3ba0615,FedEx post-office-centered national sample candidate,national_post_office_sample_candidate,food_service,osm:way:506580617,Bob's Bar-b-que,,,FedEx,HI,,21.3237952,-157.8755273,Geofabrik OpenStreetMap GeoPackage extract,2026-08-14T20:21:03Z,open,ODbL; attribution and share-alike required,packet_ready,geofabrik_named_food_service
national-post-office-hi-fedex-89c3ba0615,FedEx post-office-centered national sample candidate,national_post_office_sample_candidate,food_service,osm:node:4198287092,Bombay Palace,,,FedEx,HI,,21.2850957,-157.8379883,Geofabrik OpenStreetMap GeoPackage extract,2026-08-14T20:21:03Z,open,ODbL; attribution and share-alike required,packet_ready,geofabrik_named_food_service
national-post-office-hi-fedex-89c3ba0615,FedEx post-office-centered national sample candidate,national_post_office_sample_candidate,food_service,osm:way:1353092583,Boston Pizza,,,FedEx,HI,,21.2839134,-157.8007694,Geofabrik OpenStreetMap GeoPackage extract,2026-08-14T20:21:03Z,open,ODbL; attribution and share-alike required,packet_ready,geofabrik_named_food_service
national-post-office-hi-fedex-89c3ba0615,FedEx post-office-centered national sample candidate,national_post_office_sample_candidate,food_service,osm:node:5261328121,Brick Fire Tavern,,,FedEx,HI,,21.3113726,-157.8621368,Geofabrik OpenStreetMap GeoPackage extract,2026-08-14T20:21:03Z,open,ODbL; attribution and share-alike required,packet_ready,geofabrik_named_food_service
national-post-office-hi-fedex-89c3ba0615,FedEx post-office-centered national sample candidate,national_post_office_sample_candidate,food_service,osm:node:9996222847,Brick Fire Tavern,,,FedEx,HI,,21.2841280,-157.8020688,Geofabrik OpenStreetMap GeoPackage extract,2026-08-14T20:21:03Z,open,ODbL; attribution and share-alike required,packet_ready,geofabrik_named_food_service
national-post-office-hi-fedex-89c3ba0615,FedEx post-office-centered national sample candidate,national_post_office_sample_candidate,food_service,osm:way:1354530016,Broken Rice,,,FedEx,HI,,21.2823886,-157.7986789,Geofabrik OpenStreetMap GeoPackage extract,2026-08-14T20:21:03Z,open,ODbL; attribution and share-alike required,packet_ready,geofabrik_named_food_service
national-post-office-hi-fedex-89c3ba0615,FedEx post-office-centered national sample candidate,national_post_office_sample_candidate,food_service,osm:way:256684706,Burger King,,,FedEx,HI,,21.3248583,-157.8775164,Geofabrik OpenStreetMap GeoPackage extract,2026-08-14T20:21:03Z,open,ODbL; attribution and share-alike required,packet_ready,geofabrik_named_food_service
national-post-office-hi-fedex-89c3ba0615,FedEx post-office-centered national sample candidate,national_post_office_sample_candidate,food_service,osm:way:488209000,Burger King,,,FedEx,HI,,21.2996706,-157.8386293,Geofabrik OpenStreetMap GeoPackage extract,2026-08-14T20:21:03Z,open,ODbL; attribution and share-alike required,packet_ready,geofabrik_named_food_service
national-post-office-hi-fedex-89c3ba0615,FedEx post-office-centered national sample candidate,national_post_office_sample_candidate,food_service,osm:way:545784304,Burger King,,,FedEx,HI,,21.2928778,-157.8228097,Geofabrik OpenStreetMap GeoPackage extract,2026-08-14T20:21:03Z,open,ODbL; attribution and share-alike required,packet_ready,geofabrik_named_food_service
national-post-office-hi-fedex-89c3ba0615,FedEx post-office-centered national sample candidate,national_post_office_sample_candidate,food_service,osm:node:6579520185,Burgers on Bishop,,,FedEx,HI,,21.3069691,-157.8649872,Geofabrik OpenStreetMap GeoPackage extract,2026-08-14T20:21:03Z,open,ODbL; attribution and share-alike required,packet_ready,geofabrik_named_food_service
national-post-office-hi-fedex-89c3ba0615,FedEx post-office-centered national sample candidate,national_post_office_sample_candidate,food_service,osm:node:13375129201,Byblos Express,,,FedEx,HI,,21.2861829,-157.8330069,Geofabrik OpenStreetMap GeoPackage extract,2026-08-14T20:21:03Z,open,ODbL; attribution and share-alike required,packet_ready,geofabrik_named_food_service
national-post-office-hi-fedex-89c3ba0615,FedEx post-office-centered national sample candidate,national_post_office_sample_candidate,food_service,osm:node:10174735286,CJ’s New York Style Delicatessen,,,FedEx,HI,,21.2831583,-157.8373967,Geofabrik OpenStreetMap GeoPackage extract,2026-08-14T20:21:03Z,open,ODbL; attribution and share-alike required,packet_ready,geofabrik_named_food_service
national-post-office-hi-fedex-89c3ba0615,FedEx post-office-centered national sample candidate,national_post_office_sample_candidate,food_service,osm:node:5219366832,Cafe Anasia,,,FedEx,HI,,21.2948644,-157.8264002,Geofabrik OpenStreetMap GeoPackage extract,2026-08-14T20:21:03Z,open,ODbL; attribution and share-alike required,packet_ready,geofabrik_named_food_service
national-post-office-hi-fedex-89c3ba0615,FedEx post-office-centered national sample candidate,national_post_office_sample_candidate,food_service,osm:node:2903614201,Cafe Central,,,FedEx,HI,,21.3079292,-157.8614965,Geofabrik OpenStreetMap GeoPackage extract,2026-08-14T20:21:03Z,open,ODbL; attribution and share-alike required,packet_ready,geofabrik_named_food_service
national-post-office-hi-fedex-89c3ba0615,FedEx post-office-centered national sample candidate,national_post_office_sample_candidate,food_service,osm:node:5444052489,Cafe Julia,,,FedEx,HI,,21.3077869,-157.8600963,Geofabrik OpenStreetMap GeoPackage extract,2026-08-14T20:21:03Z,open,ODbL; attribution and share-alike required,packet_ready,geofabrik_named_food_service
national-post-office-hi-fedex-89c3ba0615,FedEx post-office-centered national sample candidate,national_post_office_sample_candidate,food_service,osm:node:10796520141,Cafe Kyra,,,FedEx,HI,,21.2931477,-157.8386734,Geofabrik OpenStreetMap GeoPackage extract,2026-08-14T20:21:03Z,open,ODbL; attribution and share-alike required,packet_ready,geofabrik_named_food_service
national-post-office-hi-fedex-89c3ba0615,FedEx post-office-centered national sample candidate,national_post_office_sample_candidate,food_service,osm:node:4631945805,Cafe Maharani,,,FedEx,HI,,21.2923067,-157.8236923,Geofabrik OpenStreetMap GeoPackage extract,2026-08-14T20:21:03Z,open,ODbL; attribution and share-alike required,packet_ready,geofabrik_named_food_service
national-post-office-hi-fedex-89c3ba0615,FedEx post-office-centered national sample candidate,national_post_office_sample_candidate,food_service,osm:way:1040691865,Cafe Morey's,,,FedEx,HI,,21.2692320,-157.8129556,Geofabrik OpenStreetMap GeoPackage extract,2026-08-14T20:21:03Z,open,ODbL; attribution and share-alike required,packet_ready,geofabrik_named_food_service
national-post-office-hi-fedex-89c3ba0615,FedEx post-office-centered national sample candidate,national_post_office_sample_candidate,food_service,osm:way:293593315,Cafeteria,,,FedEx,HI,,21.3117601,-157.8570217,Geofabrik OpenStreetMap GeoPackage extract,2026-08-14T20:21:03Z,open,ODbL; attribution and share-alike required,packet_ready,geofabrik_named_food_service
national-post-office-hi-fedex-89c3ba0615,FedEx post-office-centered national sample candidate,national_post_office_sample_candidate,food_service,osm:node:3672656667,Cafeteria and Coffee Corner,,,FedEx,HI,,21.2707013,-157.8001965,Geofabrik OpenStreetMap GeoPackage extract,2026-08-14T20:21:03Z,open,ODbL; attribution and share-alike required,packet_ready,geofabrik_named_food_service
national-post-office-hi-fedex-89c3ba0615,FedEx post-office-centered national sample candidate,national_post_office_sample_candidate,food_service,osm:node:5039057123,Café Kaila,,,FedEx,HI,,21.2881663,-157.8150994,Geofabrik OpenStreetMap GeoPackage extract,2026-08-14T20:21:03Z,open,ODbL; attribution and share-alike required,packet_ready,geofabrik_named_food_service
national-post-office-hi-fedex-89c3ba0615,FedEx post-office-centered national sample candidate,national_post_office_sample_candidate,food_service,osm:node:13389696051,Café VNTG,,,FedEx,HI,,21.2994945,-157.8544877,Geofabrik OpenStreetMap GeoPackage extract,2026-08-14T20:21:03Z,open,ODbL; attribution and share-alike required,packet_ready,geofabrik_named_food_service
national-post-office-hi-fedex-89c3ba0615,FedEx post-office-centered national sample candidate,national_post_office_sample_candidate,food_service,osm:node:9284303458,California Pizza Kitchen,,,FedEx,HI,,21.2905035,-157.8428223,Geofabrik OpenStreetMap GeoPackage extract,2026-08-14T20:21:03Z,open,ODbL; attribution and share-alike required,packet_ready,geofabrik_named_food_service
national-post-office-hi-fedex-89c3ba0615,FedEx post-office-centered national sample candidate,national_post_office_sample_candidate,food_service,osm:node:12973911810,Camado Ramen Tavern,,,FedEx,HI,,21.2807374,-157.8292975,Geofabrik OpenStreetMap GeoPackage extract,2026-08-14T20:21:03Z,open,ODbL; attribution and share-alike required,packet_ready,geofabrik_named_food_service
national-post-office-hi-fedex-89c3ba0615,FedEx post-office-centered national sample candidate,national_post_office_sample_candidate,food_service,osm:node:5631409321,Camellia Buffet,,,FedEx,HI,,21.2944569,-157.8304430,Geofabrik OpenStreetMap GeoPackage extract,2026-08-14T20:21:03Z,open,ODbL; attribution and share-alike required,packet_ready,geofabrik_named_food_service
national-post-office-hi-fedex-89c3ba0615,FedEx post-office-centered national sample candidate,national_post_office_sample_candidate,food_service,osm:node:9213006000,Cha to Gelato Zen,,,FedEx,HI,,21.2807525,-157.8142397,Geofabrik OpenStreetMap GeoPackage extract,2026-08-14T20:21:03Z,open,ODbL; attribution and share-alike required,packet_ready,geofabrik_named_food_service
national-post-office-hi-fedex-89c3ba0615,FedEx post-office-centered national sample candidate,national_post_office_sample_candidate,food_service,osm:node:9279004939,Chao,,,FedEx,HI,,21.3163518,-157.8551211,Geofabrik OpenStreetMap GeoPackage extract,2026-08-14T20:21:03Z,open,ODbL; attribution and share-alike required,packet_ready,geofabrik_named_food_service
national-post-office-hi-fedex-89c3ba0615,FedEx post-office-centered national sample candidate,national_post_office_sample_candidate,food_service,osm:node:5221464369,Char Hung Sut,,,FedEx,HI,,21.3123704,-157.8617873,Geofabrik OpenStreetMap GeoPackage extract,2026-08-14T20:21:03Z,open,ODbL; attribution and share-alike required,packet_ready,geofabrik_named_food_service
national-post-office-hi-fedex-89c3ba0615,FedEx post-office-centered national sample candidate,national_post_office_sample_candidate,food_service,osm:node:11060928253,Charleys Philly Steaks,,,FedEx,HI,,21.2905369,-157.8442290,Geofabrik OpenStreetMap GeoPackage extract,2026-08-14T20:21:03Z,open,ODbL; attribution and share-alike required,packet_ready,geofabrik_named_food_service
national-post-office-hi-fedex-89c3ba0615,FedEx post-office-centered national sample candidate,national_post_office_sample_candidate,food_service,osm:node:3072567140,Charthouse,,,FedEx,HI,,21.2852049,-157.8397764,Geofabrik OpenStreetMap GeoPackage extract,2026-08-14T20:21:03Z,open,ODbL; attribution and share-alike required,packet_ready,geofabrik_named_food_service
national-post-office-hi-fedex-89c3ba0615,FedEx post-office-centered national sample candidate,national_post_office_sample_candidate,food_service,osm:node:8668128620,Chau’s Fresh Fruit,,,FedEx,HI,,21.3128623,-157.8627516,Geofabrik OpenStreetMap GeoPackage extract,2026-08-14T20:21:03Z,open,ODbL; attribution and share-alike required,packet_ready,geofabrik_named_food_service
national-post-office-hi-fedex-89c3ba0615,FedEx post-office-centered national sample candidate,national_post_office_sample_candidate,food_service,osm:node:4257948491,Cheese Burger in Paradise,,,FedEx,HI,,21.2738795,-157.8238365,Geofabrik OpenStreetMap GeoPackage extract,2026-08-14T20:21:03Z,open,ODbL; attribution and share-alike required,packet_ready,geofabrik_named_food_service
national-post-office-hi-fedex-89c3ba0615,FedEx post-office-centered national sample candidate,national_post_office_sample_candidate,food_service,osm:node:4212318389,Cheeseburger,,,FedEx,HI,,21.2859723,-157.8334470,Geofabrik OpenStreetMap GeoPackage extract,2026-08-14T20:21:03Z,open,ODbL; attribution and share-alike required,packet_ready,geofabrik_named_food_service
national-post-office-hi-fedex-89c3ba0615,FedEx post-office-centered national sample candidate,national_post_office_sample_candidate,food_service,osm:node:11061050677,Cheeseburger Factory & Steak & Fish Co,,,FedEx,HI,,21.2903309,-157.8440815,Geofabrik OpenStreetMap GeoPackage extract,2026-08-14T20:21:03Z,open,ODbL; attribution and share-alike required,packet_ready,geofabrik_named_food_service
national-post-office-hi-fedex-89c3ba0615,FedEx post-office-centered national sample candidate,national_post_office_sample_candidate,food_service,osm:node:7530633538,Chef’s Ramen,,,FedEx,HI,,21.3217740,-157.8759219,Geofabrik OpenStreetMap GeoPackage extract,2026-08-14T20:21:03Z,open,ODbL; attribution and share-alike required,packet_ready,geofabrik_named_food_service
national-post-office-hi-fedex-89c3ba0615,FedEx post-office-centered national sample candidate,national_post_office_sample_candidate,food_service,osm:node:961005863,Chiang Mai,,,FedEx,HI,,21.2936994,-157.8273140,Geofabrik OpenStreetMap GeoPackage extract,2026-08-14T20:21:03Z,open,ODbL; attribution and share-alike required,packet_ready,geofabrik_named_food_service
national-post-office-hi-fedex-89c3ba0615,FedEx post-office-centered national sample candidate,national_post_office_sample_candidate,food_service,osm:node:4199052490,Chiba-ken,,,FedEx,HI,,21.2865436,-157.8343927,Geofabrik OpenStreetMap GeoPackage extract,2026-08-14T20:21:03Z,open,ODbL; attribution and share-alike required,packet_ready,geofabrik_named_food_service
national-post-office-hi-fedex-89c3ba0615,FedEx post-office-centered national sample candidate,national_post_office_sample_candidate,food_service,osm:node:11060928280,Chick-fil-A,,,FedEx,HI,,21.2906794,-157.8439934,Geofabrik OpenStreetMap GeoPackage extract,2026-08-14T20:21:03Z,open,ODbL; attribution and share-alike required,packet_ready,geofabrik_named_food_service
national-post-office-hi-fedex-89c3ba0615,FedEx post-office-centered national sample candidate,national_post_office_sample_candidate,food_service,osm:way:305801131,Chick-fil-A,,,FedEx,HI,,21.2901650,-157.8351787,Geofabrik OpenStreetMap GeoPackage extract,2026-08-14T20:21:03Z,open,ODbL; attribution and share-alike required,packet_ready,geofabrik_named_food_service
national-post-office-hi-fedex-89c3ba0615,FedEx post-office-centered national sample candidate,national_post_office_sample_candidate,food_service,osm:way:487541402,Chick-fil-A,,,FedEx,HI,,21.3030450,-157.8464124,Geofabrik OpenStreetMap GeoPackage extract,2026-08-14T20:21:03Z,open,ODbL; attribution and share-alike required,packet_ready,geofabrik_named_food_service
national-post-office-hi-fedex-89c3ba0615,FedEx post-office-centered national sample candidate,national_post_office_sample_candidate,food_service,osm:node:13414457297,Chill and Grill,,,FedEx,HI,,21.2944189,-157.8514737,Geofabrik OpenStreetMap GeoPackage extract,2026-08-14T20:21:03Z,open,ODbL; attribution and share-alike required,packet_ready,geofabrik_named_food_service
national-post-office-hi-fedex-89c3ba0615,FedEx post-office-centered national sample candidate,national_post_office_sample_candidate,food_service,osm:node:5866604360,Choi's Restaurant,,,FedEx,HI,,21.2989606,-157.8421356,Geofabrik OpenStreetMap GeoPackage extract,2026-08-14T20:21:03Z,open,ODbL; attribution and share-alike required,packet_ready,geofabrik_named_food_service
national-post-office-hi-fedex-89c3ba0615,FedEx post-office-centered national sample candidate,national_post_office_sample_candidate,food_service,osm:node:12865068865,Chong Qing Hot Pot,,,FedEx,HI,,21.2849830,-157.8379306,Geofabrik OpenStreetMap GeoPackage extract,2026-08-14T20:21:03Z,open,ODbL; attribution and share-alike required,packet_ready,geofabrik_named_food_service
national-post-office-hi-fedex-89c3ba0615,FedEx post-office-centered national sample candidate,national_post_office_sample_candidate,food_service,osm:node:11120859769,Chronic Tacos,,,FedEx,HI,,21.2832035,-157.8145806,Geofabrik OpenStreetMap GeoPackage extract,2026-08-14T20:21:03Z,open,ODbL; attribution and share-alike required,packet_ready,geofabrik_named_food_service
national-post-office-hi-fedex-89c3ba0615,FedEx post-office-centered national sample candidate,national_post_office_sample_candidate,food_service,osm:node:7603992327,Chuck E. Cheese,,,FedEx,HI,,21.3221362,-157.8754980,Geofabrik OpenStreetMap GeoPackage extract,2026-08-14T20:21:03Z,open,ODbL; attribution and share-alike required,packet_ready,geofabrik_named_food_service
national-post-office-hi-fedex-89c3ba0615,FedEx post-office-centered national sample candidate,national_post_office_sample_candidate,food_service,osm:node:4749898337,Chun Wah Kam Noodle Factory,,,FedEx,HI,,21.2938293,-157.8482309,Geofabrik OpenStreetMap GeoPackage extract,2026-08-14T20:21:03Z,open,ODbL; attribution and share-alike required,packet_ready,geofabrik_named_food_service
national-post-office-hi-fedex-89c3ba0615,FedEx post-office-centered national sample candidate,national_post_office_sample_candidate,food_service,osm:node:13375125602,Churros Olé,,,FedEx,HI,,21.2862267,-157.8329733,Geofabrik OpenStreetMap GeoPackage extract,2026-08-14T20:21:03Z,open,ODbL; attribution and share-alike required,packet_ready,geofabrik_named_food_service
national-post-office-hi-fedex-89c3ba0615,FedEx post-office-centered national sample candidate,national_post_office_sample_candidate,food_service,osm:node:11060928292,Cinnabon,,,FedEx,HI,,21.2902272,-157.8438800,Geofabrik OpenStreetMap GeoPackage extract,2026-08-14T20:21:03Z,open,ODbL; attribution and share-alike required,packet_ready,geofabrik_named_food_service
national-post-office-hi-fedex-89c3ba0615,FedEx post-office-centered national sample candidate,national_post_office_sample_candidate,food_service,osm:node:4199052491,Cinnamon's,,,FedEx,HI,,21.2841160,-157.8385286,Geofabrik OpenStreetMap GeoPackage extract,2026-08-14T20:21:03Z,open,ODbL; attribution and share-alike required,packet_ready,geofabrik_named_food_service
national-post-office-hi-fedex-89c3ba0615,FedEx post-office-centered national sample candidate,national_post_office_sample_candidate,food_service,osm:node:11061050676,CoCo Ichibanya,,,FedEx,HI,,21.2903800,-157.8442172,Geofabrik OpenStreetMap GeoPackage extract,2026-08-14T20:21:03Z,open,ODbL; attribution and share-alike required,packet_ready,geofabrik_named_food_service
national-post-office-hi-fedex-89c3ba0615,FedEx post-office-centered national sample candidate,national_post_office_sample_candidate,food_service,osm:node:4198250392,Coffee Beanery,,,FedEx,HI,,21.2855056,-157.8384013,Geofabrik OpenStreetMap GeoPackage extract,2026-08-14T20:21:03Z,open,ODbL; attribution and share-alike required,packet_ready,geofabrik_named_food_service
national-post-office-hi-fedex-89c3ba0615,FedEx post-office-centered national sample candidate,national_post_office_sample_candidate,food_service,osm:node:4198283192,Coffee or Tea?,,,FedEx,HI,,21.2900448,-157.8327205,Geofabrik OpenStreetMap GeoPackage extract,2026-08-14T20:21:03Z,open,ODbL; attribution and share-alike required,packet_ready,geofabrik_named_food_service
national-post-office-hi-fedex-89c3ba0615,FedEx post-office-centered national sample candidate,national_post_office_sample_candidate,food_service,osm:node:13417126148,Conversations,,,FedEx,HI,,21.3235697,-157.8572763,Geofabrik OpenStreetMap GeoPackage extract,2026-08-14T20:21:03Z,open,ODbL; attribution and share-alike required,packet_ready,geofabrik_named_food_service
national-post-office-hi-fedex-89c3ba0615,FedEx post-office-centered national sample candidate,national_post_office_sample_candidate,food_service,osm:node:4368514723,Cooking Fresh,,,FedEx,HI,,21.3212465,-157.8707428,Geofabrik OpenStreetMap GeoPackage extract,2026-08-14T20:21:03Z,open,ODbL; attribution and share-alike required,packet_ready,geofabrik_named_food_service
national-post-office-hi-fedex-89c3ba0615,FedEx post-office-centered national sample candidate,national_post_office_sample_candidate,food_service,osm:node:14023935433,Cotti Coffee,,,FedEx,HI,,21.2953948,-157.8540435,Geofabrik OpenStreetMap GeoPackage extract,2026-08-14T20:21:03Z,open,ODbL; attribution and share-alike required,packet_ready,geofabrik_named_food_service
national-post-office-hi-fedex-89c3ba0615,FedEx post-office-centered national sample candidate,national_post_office_sample_candidate,food_service,osm:node:7505086385,Cowcow’s Tea,,,FedEx,HI,,21.2827329,-157.7986830,Geofabrik OpenStreetMap GeoPackage extract,2026-08-14T20:21:03Z,open,ODbL; attribution and share-alike required,packet_ready,geofabrik_named_food_service
national-post-office-hi-fedex-89c3ba0615,FedEx post-office-centered national sample candidate,national_post_office_sample_candidate,food_service,osm:node:4520277889,Crackin' Kitchen,,,FedEx,HI,,21.2800518,-157.8274325,Geofabrik OpenStreetMap GeoPackage extract,2026-08-14T20:21:03Z,open,ODbL; attribution and share-alike required,packet_ready,geofabrik_named_food_service
national-post-office-hi-fedex-89c3ba0615,FedEx post-office-centered national sample candidate,national_post_office_sample_candidate,food_service,osm:node:769079040,Cream Pot,,,FedEx,HI,,21.2871109,-157.8323852,Geofabrik OpenStreetMap GeoPackage extract,2026-08-14T20:21:03Z,open,ODbL; attribution and share-alike required,packet_ready,geofabrik_named_food_service
national-post-office-hi-fedex-89c3ba0615,FedEx post-office-centered national sample candidate,national_post_office_sample_candidate,food_service,osm:way:1082574085,Cuckoo Coconuts,,,FedEx,HI,,21.2799724,-157.8283784,Geofabrik OpenStreetMap GeoPackage extract,2026-08-14T20:21:03Z,open,ODbL; attribution and share-alike required,packet_ready,geofabrik_named_food_service
national-post-office-hi-fedex-89c3ba0615,FedEx post-office-centered national sample candidate,national_post_office_sample_candidate,food_service,osm:node:11112919468,Da Best Pho,,,FedEx,HI,,21.2881418,-157.8150067,Geofabrik OpenStreetMap GeoPackage extract,2026-08-14T20:21:03Z,open,ODbL; attribution and share-alike required,packet_ready,geofabrik_named_food_service
national-post-office-hi-fedex-89c3ba0615,FedEx post-office-centered national sample candidate,national_post_office_sample_candidate,food_service,osm:node:1381298967,Da Ono Hawaiian Food,,,FedEx,HI,,21.2800979,-157.8141769,Geofabrik OpenStreetMap GeoPackage extract,2026-08-14T20:21:03Z,open,ODbL; attribution and share-alike required,packet_ready,geofabrik_named_food_service
national-post-office-hi-fedex-89c3ba0615,FedEx post-office-centered national sample candidate,national_post_office_sample_candidate,food_service,osm:node:4539359682,Da Spot,,,FedEx,HI,,21.2925138,-157.8242089,Geofabrik OpenStreetMap GeoPackage extract,2026-08-14T20:21:03Z,open,ODbL; attribution and share-alike required,packet_ready,geofabrik_named_food_service
national-post-office-hi-fedex-89c3ba0615,FedEx post-office-centered national sample candidate,national_post_office_sample_candidate,food_service,osm:node:5025359782,Dagon,,,FedEx,HI,,21.2910150,-157.8206819,Geofabrik OpenStreetMap GeoPackage extract,2026-08-14T20:21:03Z,open,ODbL; attribution and share-alike required,packet_ready,geofabrik_named_food_service
national-post-office-hi-fedex-89c3ba0615,FedEx post-office-centered national sample candidate,national_post_office_sample_candidate,food_service,osm:node:12521304141,Daily Whisk Matcha,,,FedEx,HI,,21.2823093,-157.8008540,Geofabrik OpenStreetMap GeoPackage extract,2026-08-14T20:21:03Z,open,ODbL; attribution and share-alike required,packet_ready,geofabrik_named_food_service
national-post-office-hi-fedex-89c3ba0615,FedEx post-office-centered national sample candidate,national_post_office_sample_candidate,food_service,osm:node:10174735277,Dairy Queen,,,FedEx,HI,,21.2820388,-157.8386693,Geofabrik OpenStreetMap GeoPackage extract,2026-08-14T20:21:03Z,open,ODbL; attribution and share-alike required,packet_ready,geofabrik_named_food_service
national-post-office-hi-fedex-89c3ba0615,FedEx post-office-centered national sample candidate,national_post_office_sample_candidate,food_service,osm:node:9279077020,Dairyu Ramen & Curry,,,FedEx,HI,,21.3235004,-157.8739418,Geofabrik OpenStreetMap GeoPackage extract,2026-08-14T20:21:03Z,open,ODbL; attribution and share-alike required,packet_ready,geofabrik_named_food_service
national-post-office-hi-fedex-89c3ba0615,FedEx post-office-centered national sample candidate,national_post_office_sample_candidate,food_service,osm:node:4198324189,Dave & Buster's,,,FedEx,HI,,21.2921531,-157.8459317,Geofabrik OpenStreetMap GeoPackage extract,2026-08-14T20:21:03Z,open,ODbL; attribution and share-alike required,packet_ready,geofabrik_named_food_service
national-post-office-hi-fedex-89c3ba0615,FedEx post-office-centered national sample candidate,national_post_office_sample_candidate,food_service,osm:node:13366327406,Dean & Deluca,,,FedEx,HI,,21.2785981,-157.8295222,Geofabrik OpenStreetMap GeoPackage extract,2026-08-14T20:21:03Z,open,ODbL; attribution and share-alike required,packet_ready,geofabrik_named_food_service
national-post-office-hi-fedex-89c3ba0615,FedEx post-office-centered national sample candidate,national_post_office_sample_candidate,food_service,osm:node:4402149098,Dean & Deluca’s,,,FedEx,HI,,21.2826896,-157.8301788,Geofabrik OpenStreetMap GeoPackage extract,2026-08-14T20:21:03Z,open,ODbL; attribution and share-alike required,packet_ready,geofabrik_named_food_service
national-post-office-hi-fedex-89c3ba0615,FedEx post-office-centered national sample candidate,national_post_office_sample_candidate,food_service,osm:node:14023935432,Dean and Deluca,,,FedEx,HI,,21.2954982,-157.8542959,Geofabrik OpenStreetMap GeoPackage extract,2026-08-14T20:21:03Z,open,ODbL; attribution and share-alike required,packet_ready,geofabrik_named_food_service
national-post-office-hi-fedex-89c3ba0615,FedEx post-office-centered national sample candidate,national_post_office_sample_candidate,food_service,osm:node:12916041001,Deck,,,FedEx,HI,,21.2718589,-157.8210512,Geofabrik OpenStreetMap GeoPackage extract,2026-08-14T20:21:03Z,open,ODbL; attribution and share-alike required,packet_ready,geofabrik_named_food_service
national-post-office-hi-fedex-89c3ba0615,FedEx post-office-centered national sample candidate,national_post_office_sample_candidate,food_service,osm:node:4284231178,Denny's,,,FedEx,HI,,21.2784813,-157.8315343,Geofabrik OpenStreetMap GeoPackage extract,2026-08-14T20:21:03Z,open,ODbL; attribution and share-alike required,packet_ready,geofabrik_named_food_service
national-post-office-hi-fedex-89c3ba0615,FedEx post-office-centered national sample candidate,national_post_office_sample_candidate,food_service,osm:way:1001012645,Denny's,,,FedEx,HI,,21.2721708,-157.8203712,Geofabrik OpenStreetMap GeoPackage extract,2026-08-14T20:21:03Z,open,ODbL; attribution and share-alike required,packet_ready,geofabrik_named_food_service
national-post-office-hi-fedex-89c3ba0615,FedEx post-office-centered national sample candidate,national_post_office_sample_candidate,food_service,osm:node:11568508235,Desi's Indian Curry,,,FedEx,HI,,21.2800233,-157.8279586,Geofabrik OpenStreetMap GeoPackage extract,2026-08-14T20:21:03Z,open,ODbL; attribution and share-alike required,packet_ready,geofabrik_named_food_service
national-post-office-hi-fedex-89c3ba0615,FedEx post-office-centered national sample candidate,national_post_office_sample_candidate,food_service,osm:way:820333865,Dew Drop Inn,,,FedEx,HI,,21.3025444,-157.8453410,Geofabrik OpenStreetMap GeoPackage extract,2026-08-14T20:21:03Z,open,ODbL; attribution and share-alike required,packet_ready,geofabrik_named_food_service
national-post-office-hi-fedex-89c3ba0615,FedEx post-office-centered national sample candidate,national_post_office_sample_candidate,food_service,osm:node:4382786380,Diamond Head Cove Health Bar,,,FedEx,HI,,21.2688200,-157.8136018,Geofabrik OpenStreetMap GeoPackage extract,2026-08-14T20:21:03Z,open,ODbL; attribution and share-alike required,packet_ready,geofabrik_named_food_service
national-post-office-hi-fedex-89c3ba0615,FedEx post-office-centered national sample candidate,national_post_office_sample_candidate,food_service,osm:node:9861412468,Diamond Head Grill,,,FedEx,HI,,21.2698113,-157.8115175,Geofabrik OpenStreetMap GeoPackage extract,2026-08-14T20:21:03Z,open,ODbL; attribution and share-alike required,packet_ready,geofabrik_named_food_service
national-post-office-hi-fedex-89c3ba0615,FedEx post-office-centered national sample candidate,national_post_office_sample_candidate,food_service,osm:node:7675619617,Domino's,,,FedEx,HI,,21.3073278,-157.8617296,Geofabrik OpenStreetMap GeoPackage extract,2026-08-14T20:21:03Z,open,ODbL; attribution and share-alike required,packet_ready,geofabrik_named_food_service
national-post-office-hi-fedex-89c3ba0615,FedEx post-office-centered national sample candidate,national_post_office_sample_candidate,food_service,osm:node:7777290959,Domino's,,,FedEx,HI,,21.2735926,-157.8212539,Geofabrik OpenStreetMap GeoPackage extract,2026-08-14T20:21:03Z,open,ODbL; attribution and share-alike required,packet_ready,geofabrik_named_food_service
national-post-office-hi-fedex-89c3ba0615,FedEx post-office-centered national sample candidate,national_post_office_sample_candidate,food_service,osm:way:1017477107,Domino's,,,FedEx,HI,,21.2981557,-157.8406324,Geofabrik OpenStreetMap GeoPackage extract,2026-08-14T20:21:03Z,open,ODbL; attribution and share-alike required,packet_ready,geofabrik_named_food_service
national-post-office-hi-fedex-89c3ba0615,FedEx post-office-centered national sample candidate,national_post_office_sample_candidate,food_service,osm:node:5875360803,Donut King,,,FedEx,HI,,21.2880681,-157.8147230,Geofabrik OpenStreetMap GeoPackage extract,2026-08-14T20:21:03Z,open,ODbL; attribution and share-alike required,packet_ready,geofabrik_named_food_service
national-post-office-hi-fedex-89c3ba0615,FedEx post-office-centered national sample candidate,national_post_office_sample_candidate,food_service,osm:node:9824063417,Doraku Sushi,,,FedEx,HI,,21.2967910,-157.8511212,Geofabrik OpenStreetMap GeoPackage extract,2026-08-14T20:21:03Z,open,ODbL; attribution and share-alike required,packet_ready,geofabrik_named_food_service
national-post-office-hi-fedex-89c3ba0615,FedEx post-office-centered national sample candidate,national_post_office_sample_candidate,food_service,osm:node:10762988930,Downtown Coffee,,,FedEx,HI,,21.3090612,-157.8625489,Geofabrik OpenStreetMap GeoPackage extract,2026-08-14T20:21:03Z,open,ODbL; attribution and share-alike required,packet_ready,geofabrik_named_food_service
national-post-office-hi-fedex-89c3ba0615,FedEx post-office-centered national sample candidate,national_post_office_sample_candidate,food_service,osm:node:11129547301,Drip Studio HNL,,,FedEx,HI,,21.3101568,-157.8609683,Geofabrik OpenStreetMap GeoPackage extract,2026-08-14T20:21:03Z,open,ODbL; attribution and share-alike required,packet_ready,geofabrik_named_food_service
national-post-office-hi-fedex-89c3ba0615,FedEx post-office-centered national sample candidate,national_post_office_sample_candidate,food_service,osm:node:5875360806,Duck Lee,,,FedEx,HI,,21.2881289,-157.8149608,Geofabrik OpenStreetMap GeoPackage extract,2026-08-14T20:21:03Z,open,ODbL; attribution and share-alike required,packet_ready,geofabrik_named_food_service
national-post-office-hi-fedex-89c3ba0615,FedEx post-office-centered national sample candidate,national_post_office_sample_candidate,food_service,osm:node:11880637156,Duk Kee Chinese Restaurant,,,FedEx,HI,,21.2822706,-157.7992268,Geofabrik OpenStreetMap GeoPackage extract,2026-08-14T20:21:03Z,open,ODbL; attribution and share-alike required,packet_ready,geofabrik_named_food_service
national-post-office-hi-fedex-89c3ba0615,FedEx post-office-centered national sample candidate,national_post_office_sample_candidate,food_service,osm:node:4247963529,Duke's Waikiki,,,FedEx,HI,,21.2768421,-157.8277917,Geofabrik OpenStreetMap GeoPackage extract,2026-08-14T20:21:03Z,open,ODbL; attribution and share-alike required,packet_ready,geofabrik_named_food_service
national-post-office-hi-fedex-89c3ba0615,FedEx post-office-centered national sample candidate,national_post_office_sample_candidate,food_service,osm:node:11110715790,Dumpling Factory,,,FedEx,HI,,21.2812517,-157.8138152,Geofabrik OpenStreetMap GeoPackage extract,2026-08-14T20:21:03Z,open,ODbL; attribution and share-alike required,packet_ready,geofabrik_named_food_service
national-post-office-hi-fedex-89c3ba0615,FedEx post-office-centered national sample candidate,national_post_office_sample_candidate,food_service,osm:node:5230952922,Dunkin',,,FedEx,HI,,21.3008524,-157.8156350,Geofabrik OpenStreetMap GeoPackage extract,2026-08-14T20:21:03Z,open,ODbL; attribution and share-alike required,packet_ready,geofabrik_named_food_service
national-post-office-hi-fedex-89c3ba0615,FedEx post-office-centered national sample candidate,national_post_office_sample_candidate,food_service,osm:node:13375134701,Earth Aloha Eats,,,FedEx,HI,,21.2860180,-157.8325046,Geofabrik OpenStreetMap GeoPackage extract,2026-08-14T20:21:03Z,open,ODbL; attribution and share-alike required,packet_ready,geofabrik_named_food_service
national-post-office-hi-fedex-89c3ba0615,FedEx post-office-centered national sample candidate,national_post_office_sample_candidate,food_service,osm:node:10200918711,Edge of Waikiki,,,FedEx,HI,,21.2771334,-157.8310087,Geofabrik OpenStreetMap GeoPackage extract,2026-08-14T20:21:03Z,open,ODbL; attribution and share-alike required,packet_ready,geofabrik_named_food_service
national-post-office-hi-fedex-89c3ba0615,FedEx post-office-centered national sample candidate,national_post_office_sample_candidate,food_service,osm:node:8973117317,Egghead Cafe,,,FedEx,HI,,21.3233297,-157.8742632,Geofabrik OpenStreetMap GeoPackage extract,2026-08-14T20:21:03Z,open,ODbL; attribution and share-alike required,packet_ready,geofabrik_named_food_service
national-post-office-hi-fedex-89c3ba0615,FedEx post-office-centered national sample candidate,national_post_office_sample_candidate,food_service,osm:node:4212323490,Eggs 'n Things,,,FedEx,HI,,21.2814250,-157.8312160,Geofabrik OpenStreetMap GeoPackage extract,2026-08-14T20:21:03Z,open,ODbL; attribution and share-alike required,packet_ready,geofabrik_named_food_service
national-post-office-hi-fedex-89c3ba0615,FedEx post-office-centered national sample candidate,national_post_office_sample_candidate,food_service,osm:node:7762526127,Eggs n’ Things,,,FedEx,HI,,21.2932201,-157.8461945,Geofabrik OpenStreetMap GeoPackage extract,2026-08-14T20:21:03Z,open,ODbL; attribution and share-alike required,packet_ready,geofabrik_named_food_service
national-post-office-hi-fedex-89c3ba0615,FedEx post-office-centered national sample candidate,national_post_office_sample_candidate,food_service,osm:node:2707158014,Eggs'n Things Restaurant,,,FedEx,HI,,21.2748129,-157.8242859,Geofabrik OpenStreetMap GeoPackage extract,2026-08-14T20:21:03Z,open,ODbL; attribution and share-alike required,packet_ready,geofabrik_named_food_service
national-post-office-hi-fedex-89c3ba0615,FedEx post-office-centered national sample candidate,national_post_office_sample_candidate,food_service,osm:way:886660178,Ernestino Ballina Galley,,,FedEx,HI,,21.3071410,-157.8744416,Geofabrik OpenStreetMap GeoPackage extract,2026-08-14T20:21:03Z,open,ODbL; attribution and share-alike required,packet_ready,geofabrik_named_food_service
national-post-office-hi-fedex-89c3ba0615,FedEx post-office-centered national sample candidate,national_post_office_sample_candidate,food_service,osm:node:5038194124,Ethel's Grill,,,FedEx,HI,,21.3224214,-157.8840209,Geofabrik OpenStreetMap GeoPackage extract,2026-08-14T20:21:03Z,open,ODbL; attribution and share-alike required,packet_ready,geofabrik_named_food_service
national-post-office-hi-fedex-89c3ba0615,FedEx post-office-centered national sample candidate,national_post_office_sample_candidate,food_service,osm:node:13955303501,FEAST by Jon Matsubara,,,FedEx,HI,,21.3108296,-157.8086747,Geofabrik OpenStreetMap GeoPackage extract,2026-08-14T20:21:03Z,open,ODbL; attribution and share-alike required,packet_ready,geofabrik_named_food_service
national-post-office-hi-fedex-89c3ba0615,FedEx post-office-centered national sample candidate,national_post_office_sample_candidate,food_service,osm:node:5824610155,Fete,,,FedEx,HI,,21.3112010,-157.8620142,Geofabrik OpenStreetMap GeoPackage extract,2026-08-14T20:21:03Z,open,ODbL; attribution and share-alike required,packet_ready,geofabrik_named_food_service
national-post-office-hi-fedex-89c3ba0615,FedEx post-office-centered national sample candidate,national_post_office_sample_candidate,food_service,osm:node:7650988264,Fig & Ginger,,,FedEx,HI,,21.2899933,-157.8325656,Geofabrik OpenStreetMap GeoPackage extract,2026-08-14T20:21:03Z,open,ODbL; attribution and share-alike required,packet_ready,geofabrik_named_food_service
national-post-office-hi-fedex-89c3ba0615,FedEx post-office-centered national sample candidate,national_post_office_sample_candidate,food_service,osm:way:1456869451,Five Star Poke,,,FedEx,HI,,21.2762301,-157.8228687,Geofabrik OpenStreetMap GeoPackage extract,2026-08-14T20:21:03Z,open,ODbL; attribution and share-alike required,packet_ready,geofabrik_named_food_service
national-post-office-hi-fedex-89c3ba0615,FedEx post-office-centered national sample candidate,national_post_office_sample_candidate,food_service,osm:node:5617185823,Food Trunk,,,FedEx,HI,,21.2797032,-157.8315323,Geofabrik OpenStreetMap GeoPackage extract,2026-08-14T20:21:03Z,open,ODbL; attribution and share-alike required,packet_ready,geofabrik_named_food_service
national-post-office-hi-fedex-89c3ba0615,FedEx post-office-centered national sample candidate,national_post_office_sample_candidate,food_service,osm:node:12289370557,Fook Lam Restaurant,,,FedEx,HI,,21.3145200,-157.8612973,Geofabrik OpenStreetMap GeoPackage extract,2026-08-14T20:21:03Z,open,ODbL; attribution and share-alike required,packet_ready,geofabrik_named_food_service
national-post-office-hi-fedex-89c3ba0615,FedEx post-office-centered national sample candidate,national_post_office_sample_candidate,food_service,osm:node:4542455989,Fook Yuen Seafood Restaurant,,,FedEx,HI,,21.2899969,-157.8323310,Geofabrik OpenStreetMap GeoPackage extract,2026-08-14T20:21:03Z,open,ODbL; attribution and share-alike required,packet_ready,geofabrik_named_food_service
national-post-office-hi-fedex-89c3ba0615,FedEx post-office-centered national sample candidate,national_post_office_sample_candidate,food_service,osm:node:9335953555,Fort Street Cafe,,,FedEx,HI,,21.3107567,-157.8601845,Geofabrik OpenStreetMap GeoPackage extract,2026-08-14T20:21:03Z,open,ODbL; attribution and share-alike required,packet_ready,geofabrik_named_food_service
national-post-office-hi-fedex-89c3ba0615,FedEx post-office-centered national sample candidate,national_post_office_sample_candidate,food_service,osm:node:9362994819,Fortune Tea,,,FedEx,HI,,21.3122418,-157.8577727,Geofabrik OpenStreetMap GeoPackage extract,2026-08-14T20:21:03Z,open,ODbL; attribution and share-alike required,packet_ready,geofabrik_named_food_service
national-post-office-hi-fedex-89c3ba0615,FedEx post-office-centered national sample candidate,national_post_office_sample_candidate,food_service,osm:node:10174735284,Fresco Italian Restaurant,,,FedEx,HI,,21.2830357,-157.8374914,Geofabrik OpenStreetMap GeoPackage extract,2026-08-14T20:21:03Z,open,ODbL; attribution and share-alike required,packet_ready,geofabrik_named_food_service
national-post-office-hi-fedex-89c3ba0615,FedEx post-office-centered national sample candidate,national_post_office_sample_candidate,food_service,osm:way:1357574528,Fresh Bites Hawaii,,,FedEx,HI,,21.2939441,-157.8258864,Geofabrik OpenStreetMap GeoPackage extract,2026-08-14T20:21:03Z,open,ODbL; attribution and share-alike required,packet_ready,geofabrik_named_food_service
national-post-office-hi-fedex-89c3ba0615,FedEx post-office-centered national sample candidate,national_post_office_sample_candidate,food_service,osm:node:10688046122,Fresh Catch,,,FedEx,HI,,21.2881163,-157.8126157,Geofabrik OpenStreetMap GeoPackage extract,2026-08-14T20:21:03Z,open,ODbL; attribution and share-alike required,packet_ready,geofabrik_named_food_service
national-post-office-hi-fedex-89c3ba0615,FedEx post-office-centered national sample candidate,national_post_office_sample_candidate,food_service,osm:node:11112919467,Fun Station,,,FedEx,HI,,21.2880801,-157.8147768,Geofabrik OpenStreetMap GeoPackage extract,2026-08-14T20:21:03Z,open,ODbL; attribution and share-alike required,packet_ready,geofabrik_named_food_service
national-post-office-hi-fedex-89c3ba0615,FedEx post-office-centered national sample candidate,national_post_office_sample_candidate,food_service,osm:node:10195531969,Furusato Sushi,,,FedEx,HI,,21.2756207,-157.8249858,Geofabrik OpenStreetMap GeoPackage extract,2026-08-14T20:21:03Z,open,ODbL; attribution and share-alike required,packet_ready,geofabrik_named_food_service
national-post-office-hi-fedex-89c3ba0615,FedEx post-office-centered national sample candidate,national_post_office_sample_candidate,food_service,osm:node:11365255634,Gen,,,FedEx,HI,,21.2909103,-157.8422173,Geofabrik OpenStreetMap GeoPackage extract,2026-08-14T20:21:03Z,open,ODbL; attribution and share-alike required,packet_ready,geofabrik_named_food_service
national-post-office-hi-fedex-89c3ba0615,FedEx post-office-centered national sample candidate,national_post_office_sample_candidate,food_service,osm:node:11818103569,Genius Lounge Japanese Sake Bar ＆ Dining,,,FedEx,HI,,21.2812893,-157.8289335,Geofabrik OpenStreetMap GeoPackage extract,2026-08-14T20:21:03Z,open,ODbL; attribution and share-alike required,packet_ready,geofabrik_named_food_service
national-post-office-hi-fedex-89c3ba0615,FedEx post-office-centered national sample candidate,national_post_office_sample_candidate,food_service,osm:node:11253753894,Genki Sushi,,,FedEx,HI,,21.2916760,-157.8436301,Geofabrik OpenStreetMap GeoPackage extract,2026-08-14T20:21:03Z,open,ODbL; attribution and share-alike required,packet_ready,geofabrik_named_food_service
national-post-office-hi-fedex-89c3ba0615,FedEx post-office-centered national sample candidate,national_post_office_sample_candidate,food_service,osm:node:1402941293,Genki Sushi,,,FedEx,HI,,21.2829057,-157.8143233,Geofabrik OpenStreetMap GeoPackage extract,2026-08-14T20:21:03Z,open,ODbL; attribution and share-alike required,packet_ready,geofabrik_named_food_service
national-post-office-hi-fedex-89c3ba0615,FedEx post-office-centered national sample candidate,national_post_office_sample_candidate,food_service,osm:node:5875360804,Gina's Bar-B-Q,,,FedEx,HI,,21.2880919,-157.8148265,Geofabrik OpenStreetMap GeoPackage extract,2026-08-14T20:21:03Z,open,ODbL; attribution and share-alike required,packet_ready,geofabrik_named_food_service
national-post-office-hi-fedex-89c3ba0615,FedEx post-office-centered national sample candidate,national_post_office_sample_candidate,food_service,osm:node:5744924221,Ginza Bairin,,,FedEx,HI,,21.2801166,-157.8309164,Geofabrik OpenStreetMap GeoPackage extract,2026-08-14T20:21:03Z,open,ODbL; attribution and share-alike required,packet_ready,geofabrik_named_food_service
national-post-office-hi-fedex-89c3ba0615,FedEx post-office-centered national sample candidate,national_post_office_sample_candidate,food_service,osm:node:9849109104,Ginza Sushi,,,FedEx,HI,,21.2928312,-157.8519111,Geofabrik OpenStreetMap GeoPackage extract,2026-08-14T20:21:03Z,open,ODbL; attribution and share-alike required,packet_ready,geofabrik_named_food_service
national-post-office-hi-fedex-89c3ba0615,FedEx post-office-centered national sample candidate,national_post_office_sample_candidate,food_service,osm:node:4631930225,Glazer's Coffee,,,FedEx,HI,,21.2913325,-157.8204529,Geofabrik OpenStreetMap GeoPackage extract,2026-08-14T20:21:03Z,open,ODbL; attribution and share-alike required,packet_ready,geofabrik_named_food_service
national-post-office-hi-fedex-89c3ba0615,FedEx post-office-centered national sample candidate,national_post_office_sample_candidate,food_service,osm:way:490303997,Golden Duck,,,FedEx,HI,,21.2994691,-157.8435851,Geofabrik OpenStreetMap GeoPackage extract,2026-08-14T20:21:03Z,open,ODbL; attribution and share-alike required,packet_ready,geofabrik_named_food_service
national-post-office-hi-fedex-89c3ba0615,FedEx post-office-centered national sample candidate,national_post_office_sample_candidate,food_service,osm:way:1357574526,Golden Eagle Chinese Restaurant,,,FedEx,HI,,21.2941047,-157.8258189,Geofabrik OpenStreetMap GeoPackage extract,2026-08-14T20:21:03Z,open,ODbL; attribution and share-alike required,packet_ready,geofabrik_named_food_service
national-post-office-hi-fedex-89c3ba0615,FedEx post-office-centered national sample candidate,national_post_office_sample_candidate,food_service,osm:node:9347773173,Golden Palace,,,FedEx,HI,,21.3120546,-157.8638869,Geofabrik OpenStreetMap GeoPackage extract,2026-08-14T20:21:03Z,open,ODbL; attribution and share-alike required,packet_ready,geofabrik_named_food_service
national-post-office-hi-fedex-89c3ba0615,FedEx post-office-centered national sample candidate,national_post_office_sample_candidate,food_service,osm:node:5866604348,Golden Pork Tonkotsu Ramen,,,FedEx,HI,,21.2990710,-157.8424262,Geofabrik OpenStreetMap GeoPackage extract,2026-08-14T20:21:03Z,open,ODbL; attribution and share-alike required,packet_ready,geofabrik_named_food_service
national-post-office-hi-fedex-89c3ba0615,FedEx post-office-centered national sample candidate,national_post_office_sample_candidate,food_service,osm:node:5750422123,Goma Tei Ramen,,,FedEx,HI,,21.2903550,-157.8426865,Geofabrik OpenStreetMap GeoPackage extract,2026-08-14T20:21:03Z,open,ODbL; attribution and share-alike required,packet_ready,geofabrik_named_food_service
national-post-office-hi-fedex-89c3ba0615,FedEx post-office-centered national sample candidate,national_post_office_sample_candidate,food_service,osm:node:9382898663,Goma Tei Ramen,,,FedEx,HI,,21.2923675,-157.8518040,Geofabrik OpenStreetMap GeoPackage extract,2026-08-14T20:21:03Z,open,ODbL; attribution and share-alike required,packet_ready,geofabrik_named_food_service
national-post-office-hi-fedex-89c3ba0615,FedEx post-office-centered national sample candidate,national_post_office_sample_candidate,food_service,osm:node:2650353035,Goofy Cafe & Diner,,,FedEx,HI,,21.2841177,-157.8371110,Geofabrik OpenStreetMap GeoPackage extract,2026-08-14T20:21:03Z,open,ODbL; attribution and share-alike required,packet_ready,geofabrik_named_food_service
national-post-office-hi-fedex-89c3ba0615,FedEx post-office-centered national sample candidate,national_post_office_sample_candidate,food_service,osm:node:4793221142,Grace’s Inn,,,FedEx,HI,,21.3009770,-157.8411149,Geofabrik OpenStreetMap GeoPackage extract,2026-08-14T20:21:03Z,open,ODbL; attribution and share-alike required,packet_ready,geofabrik_named_food_service
national-post-office-hi-fedex-89c3ba0615,FedEx post-office-centered national sample candidate,national_post_office_sample_candidate,food_service,osm:node:7650988258,Grill,,,FedEx,HI,,21.2899414,-157.8324094,Geofabrik OpenStreetMap GeoPackage extract,2026-08-14T20:21:03Z,open,ODbL; attribution and share-alike required,packet_ready,geofabrik_named_food_service
national-post-office-hi-fedex-89c3ba0615,FedEx post-office-centered national sample candidate,national_post_office_sample_candidate,food_service,osm:node:12015915219,Guieb Cafe,,,FedEx,HI,,21.3273255,-157.8710783,Geofabrik OpenStreetMap GeoPackage extract,2026-08-14T20:21:03Z,open,ODbL; attribution and share-alike required,packet_ready,geofabrik_named_food_service
national-post-office-hi-fedex-89c3ba0615,FedEx post-office-centered national sample candidate,national_post_office_sample_candidate,food_service,osm:way:493519966,Gyotaku,,,FedEx,HI,,21.2959415,-157.8320783,Geofabrik OpenStreetMap GeoPackage extract,2026-08-14T20:21:03Z,open,ODbL; attribution and share-alike required,packet_ready,geofabrik_named_food_service
national-post-office-hi-fedex-89c3ba0615,FedEx post-office-centered national sample candidate,national_post_office_sample_candidate,food_service,osm:node:13075479786,Gyu-Kaku,,,FedEx,HI,,21.2950883,-157.8474313,Geofabrik OpenStreetMap GeoPackage extract,2026-08-14T20:21:03Z,open,ODbL; attribution and share-alike required,packet_ready,geofabrik_named_food_service
national-post-office-hi-fedex-89c3ba0615,FedEx post-office-centered national sample candidate,national_post_office_sample_candidate,food_service,osm:node:13419354168,Gyu-Kaku,,,FedEx,HI,,21.2804580,-157.8292466,Geofabrik OpenStreetMap GeoPackage extract,2026-08-14T20:21:03Z,open,ODbL; attribution and share-alike required,packet_ready,geofabrik_named_food_service
national-post-office-hi-fedex-89c3ba0615,FedEx post-office-centered national sample candidate,national_post_office_sample_candidate,food_service,osm:way:1162421777,HBA Cafeteria,,,FedEx,HI,,21.3215261,-157.8531678,Geofabrik OpenStreetMap GeoPackage extract,2026-08-14T20:21:03Z,open,ODbL; attribution and share-alike required,packet_ready,geofabrik_named_food_service
national-post-office-hi-fedex-89c3ba0615,FedEx post-office-centered national sample candidate,national_post_office_sample_candidate,food_service,osm:node:13375118701,HI.Shack Mainely Lobstah,,,FedEx,HI,,21.2862403,-157.8327958,Geofabrik OpenStreetMap GeoPackage extract,2026-08-14T20:21:03Z,open,ODbL; attribution and share-alike required,packet_ready,geofabrik_named_food_service
national-post-office-hi-fedex-89c3ba0615,FedEx post-office-centered national sample candidate,national_post_office_sample_candidate,food_service,osm:way:1095489714,Habibi Tasty,,,FedEx,HI,,21.2934248,-157.8256096,Geofabrik OpenStreetMap GeoPackage extract,2026-08-14T20:21:03Z,open,ODbL; attribution and share-alike required,packet_ready,geofabrik_named_food_service
national-post-office-hi-fedex-89c3ba0615,FedEx post-office-centered national sample candidate,national_post_office_sample_candidate,food_service,osm:way:230065478,Hale Aloha Cafeteria,,,FedEx,HI,,21.2943925,-157.8128564,Geofabrik OpenStreetMap GeoPackage extract,2026-08-14T20:21:03Z,open,ODbL; attribution and share-alike required,packet_ready,geofabrik_named_food_service
national-post-office-hi-fedex-89c3ba0615,FedEx post-office-centered national sample candidate,national_post_office_sample_candidate,food_service,osm:node:4789568806,Hale Vietnam,,,FedEx,HI,,21.2819570,-157.7993966,Geofabrik OpenStreetMap GeoPackage extract,2026-08-14T20:21:03Z,open,ODbL; attribution and share-alike required,packet_ready,geofabrik_named_food_service
national-post-office-hi-fedex-89c3ba0615,FedEx post-office-centered national sample candidate,national_post_office_sample_candidate,food_service,osm:node:13375129101,Haleiwa Cane Juice,,,FedEx,HI,,21.2861964,-157.8329481,Geofabrik OpenStreetMap GeoPackage extract,2026-08-14T20:21:03Z,open,ODbL; attribution and share-alike required,packet_ready,geofabrik_named_food_service
national-post-office-hi-fedex-89c3ba0615,FedEx post-office-centered national sample candidate,national_post_office_sample_candidate,food_service,osm:node:13368792727,Hana Tea,,,FedEx,HI,,21.3000983,-157.8584525,Geofabrik OpenStreetMap GeoPackage extract,2026-08-14T20:21:03Z,open,ODbL; attribution and share-alike required,packet_ready,geofabrik_named_food_service
national-post-office-hi-fedex-89c3ba0615,FedEx post-office-centered national sample candidate,national_post_office_sample_candidate,food_service,osm:node:7636912199,Hana Tea,,,FedEx,HI,,21.3213272,-157.8732810,Geofabrik OpenStreetMap GeoPackage extract,2026-08-14T20:21:03Z,open,ODbL; attribution and share-alike required,packet_ready,geofabrik_named_food_service
national-post-office-hi-fedex-89c3ba0615,FedEx post-office-centered national sample candidate,national_post_office_sample_candidate,food_service,osm:node:11147368392,Hank’s Hautedogs,,,FedEx,HI,,21.2978646,-157.8611392,Geofabrik OpenStreetMap GeoPackage extract,2026-08-14T20:21:03Z,open,ODbL; attribution and share-alike required,packet_ready,geofabrik_named_food_service
national-post-office-hi-fedex-89c3ba0615,FedEx post-office-centered national sample candidate,national_post_office_sample_candidate,food_service,osm:node:10200918712,Hapas,,,FedEx,HI,,21.2775336,-157.8309769,Geofabrik OpenStreetMap GeoPackage extract,2026-08-14T20:21:03Z,open,ODbL; attribution and share-alike required,packet_ready,geofabrik_named_food_service
national-post-office-hi-fedex-89c3ba0615,FedEx post-office-centered national sample candidate,national_post_office_sample_candidate,food_service,osm:node:1736869143,Happy Days,,,FedEx,HI,,21.2830171,-157.7999333,Geofabrik OpenStreetMap GeoPackage extract,2026-08-14T20:21:03Z,open,ODbL; attribution and share-alike required,packet_ready,geofabrik_named_food_service
national-post-office-hi-fedex-89c3ba0615,FedEx post-office-centered national sample candidate,national_post_office_sample_candidate,food_service,osm:node:5285087721,Happy Garden,,,FedEx,HI,,21.3119612,-157.8632136,Geofabrik OpenStreetMap GeoPackage extract,2026-08-14T20:21:03Z,open,ODbL; attribution and share-alike required,packet_ready,geofabrik_named_food_service
national-post-office-hi-fedex-89c3ba0615,FedEx post-office-centered national sample candidate,national_post_office_sample_candidate,food_service,osm:node:11060928288,Happy Lemon,,,FedEx,HI,,21.2903362,-157.8438320,Geofabrik OpenStreetMap GeoPackage extract,2026-08-14T20:21:03Z,open,ODbL; attribution and share-alike required,packet_ready,geofabrik_named_food_service
national-post-office-hi-fedex-89c3ba0615,FedEx post-office-centered national sample candidate,national_post_office_sample_candidate,food_service,osm:node:11533206263,Happy Lemon,,,FedEx,HI,,21.2927363,-157.8517667,Geofabrik OpenStreetMap GeoPackage extract,2026-08-14T20:21:03Z,open,ODbL; attribution and share-alike required,packet_ready,geofabrik_named_food_service
national-post-office-hi-fedex-89c3ba0615,FedEx post-office-centered national sample candidate,national_post_office_sample_candidate,food_service,osm:node:11991183577,Happy Lemon,,,FedEx,HI,,21.2927362,-157.8517666,Geofabrik OpenStreetMap GeoPackage extract,2026-08-14T20:21:03Z,open,ODbL; attribution and share-alike required,packet_ready,geofabrik_named_food_service
national-post-office-hi-fedex-89c3ba0615,FedEx post-office-centered national sample candidate,national_post_office_sample_candidate,food_service,osm:node:13810138983,Happy Lemon,,,FedEx,HI,,21.2954671,-157.8542149,Geofabrik OpenStreetMap GeoPackage extract,2026-08-14T20:21:03Z,open,ODbL; attribution and share-alike required,packet_ready,geofabrik_named_food_service
national-post-office-hi-fedex-89c3ba0615,FedEx post-office-centered national sample candidate,national_post_office_sample_candidate,food_service,osm:node:10208335799,Happy's Fast & Fresh,,,FedEx,HI,,21.2817316,-157.8351351,Geofabrik OpenStreetMap GeoPackage extract,2026-08-14T20:21:03Z,open,ODbL; attribution and share-alike required,packet_ready,geofabrik_named_food_service
national-post-office-hi-fedex-89c3ba0615,FedEx post-office-centered national sample candidate,national_post_office_sample_candidate,food_service,osm:node:4496305191,Harbour Pub,,,FedEx,HI,,21.2851338,-157.8397720,Geofabrik OpenStreetMap GeoPackage extract,2026-08-14T20:21:03Z,open,ODbL; attribution and share-alike required,packet_ready,geofabrik_named_food_service
national-post-office-hi-fedex-89c3ba0615,FedEx post-office-centered national sample candidate,national_post_office_sample_candidate,food_service,osm:node:4793939989,Hard Rock Cafe,,,FedEx,HI,,21.2809178,-157.8308030,Geofabrik OpenStreetMap GeoPackage extract,2026-08-14T20:21:03Z,open,ODbL; attribution and share-alike required,packet_ready,geofabrik_named_food_service
national-post-office-hi-fedex-89c3ba0615,FedEx post-office-centered national sample candidate,national_post_office_sample_candidate,food_service,osm:way:490734892,Harry’s Cafe,,,FedEx,HI,,21.2951523,-157.8506649,Geofabrik OpenStreetMap GeoPackage extract,2026-08-14T20:21:03Z,open,ODbL; attribution and share-alike required,packet_ready,geofabrik_named_food_service
national-post-office-hi-fedex-89c3ba0615,FedEx post-office-centered national sample candidate,national_post_office_sample_candidate,food_service,osm:node:10174735288,Hatsuhana,,,FedEx,HI,,21.2833778,-157.8367455,Geofabrik OpenStreetMap GeoPackage extract,2026-08-14T20:21:03Z,open,ODbL; attribution and share-alike required,packet_ready,geofabrik_named_food_service
national-post-office-hi-fedex-89c3ba0615,FedEx post-office-centered national sample candidate,national_post_office_sample_candidate,food_service,osm:node:6095283389,Hau Tree Lanai,,,FedEx,HI,,21.2633097,-157.8213819,Geofabrik OpenStreetMap GeoPackage extract,2026-08-14T20:21:03Z,open,ODbL; attribution and share-alike required,packet_ready,geofabrik_named_food_service
national-post-office-hi-fedex-89c3ba0615,FedEx post-office-centered national sample candidate,national_post_office_sample_candidate,food_service,osm:node:6065283803,Hawai'i Cat Cafe,,,FedEx,HI,,21.2743712,-157.8159010,Geofabrik OpenStreetMap GeoPackage extract,2026-08-14T20:21:03Z,open,ODbL; attribution and share-alike required,packet_ready,geofabrik_named_food_service
national-post-office-hi-fedex-89c3ba0615,FedEx post-office-centered national sample candidate,national_post_office_sample_candidate,food_service,osm:node:4883320101,Hawaii Sushi,,,FedEx,HI,,21.2688179,-157.8133974,Geofabrik OpenStreetMap GeoPackage extract,2026-08-14T20:21:03Z,open,ODbL; attribution and share-alike required,packet_ready,geofabrik_named_food_service
national-post-office-hi-fedex-89c3ba0615,FedEx post-office-centered national sample candidate,national_post_office_sample_candidate,food_service,osm:way:302943617,Hawaii Yacht Club,,,FedEx,HI,,21.2861175,-157.8428484,Geofabrik OpenStreetMap GeoPackage extract,2026-08-14T20:21:03Z,open,ODbL; attribution and share-alike required,packet_ready,geofabrik_named_food_service
national-post-office-hi-fedex-89c3ba0615,FedEx post-office-centered national sample candidate,national_post_office_sample_candidate,food_service,osm:node:10923999957,Hawaiian Aroma Caffe,,,FedEx,HI,,21.2777440,-157.8248263,Geofabrik OpenStreetMap GeoPackage extract,2026-08-14T20:21:03Z,open,ODbL; attribution and share-alike required,packet_ready,geofabrik_named_food_service
national-post-office-hi-fedex-89c3ba0615,FedEx post-office-centered national sample candidate,national_post_office_sample_candidate,food_service,osm:node:6130034585,Hawaiian Asian Cafe,,,FedEx,HI,,21.2783940,-157.8275070,Geofabrik OpenStreetMap GeoPackage extract,2026-08-14T20:21:03Z,open,ODbL; attribution and share-alike required,packet_ready,geofabrik_named_food_service
national-post-office-hi-fedex-89c3ba0615,FedEx post-office-centered national sample candidate,national_post_office_sample_candidate,food_service,osm:node:4296907292,Heavenly Island Lifestyle,,,FedEx,HI,,21.2798093,-157.8277010,Geofabrik OpenStreetMap GeoPackage extract,2026-08-14T20:21:03Z,open,ODbL; attribution and share-alike required,packet_ready,geofabrik_named_food_service
national-post-office-hi-fedex-89c3ba0615,FedEx post-office-centered national sample candidate,national_post_office_sample_candidate,food_service,osm:node:3647627181,Henry's Place,,,FedEx,HI,,21.2796098,-157.8316230,Geofabrik OpenStreetMap GeoPackage extract,2026-08-14T20:21:03Z,open,ODbL; attribution and share-alike required,packet_ready,geofabrik_named_food_service
national-post-office-hi-fedex-89c3ba0615,FedEx post-office-centered national sample candidate,national_post_office_sample_candidate,food_service,osm:node:11374595635,HiTea,,,FedEx,HI,,21.2906010,-157.8418475,Geofabrik OpenStreetMap GeoPackage extract,2026-08-14T20:21:03Z,open,ODbL; attribution and share-alike required,packet_ready,geofabrik_named_food_service
national-post-office-hi-fedex-89c3ba0615,FedEx post-office-centered national sample candidate,national_post_office_sample_candidate,food_service,osm:node:9366461790,Hide-chan Restaurant,,,FedEx,HI,,21.2925059,-157.8240489,Geofabrik OpenStreetMap GeoPackage extract,2026-08-14T20:21:03Z,open,ODbL; attribution and share-alike required,packet_ready,geofabrik_named_food_service
national-post-office-hi-fedex-89c3ba0615,FedEx post-office-centered national sample candidate,national_post_office_sample_candidate,food_service,osm:node:11224732898,Hideout,,,FedEx,HI,,21.2794620,-157.8263860,Geofabrik OpenStreetMap GeoPackage extract,2026-08-14T20:21:03Z,open,ODbL; attribution and share-alike required,packet_ready,geofabrik_named_food_service
national-post-office-hi-fedex-89c3ba0615,FedEx post-office-centered national sample candidate,national_post_office_sample_candidate,food_service,osm:node:4233840300,Highway Inn,,,FedEx,HI,,21.2976220,-157.8614668,Geofabrik OpenStreetMap GeoPackage extract,2026-08-14T20:21:03Z,open,ODbL; attribution and share-alike required,packet_ready,geofabrik_named_food_service
national-post-office-hi-fedex-89c3ba0615,FedEx post-office-centered national sample candidate,national_post_office_sample_candidate,food_service,osm:node:9382837975,Holey Grail,,,FedEx,HI,,21.2948664,-157.8529556,Geofabrik OpenStreetMap GeoPackage extract,2026-08-14T20:21:03Z,open,ODbL; attribution and share-alike required,packet_ready,geofabrik_named_food_service
national-post-office-hi-fedex-89c3ba0615,FedEx post-office-centered national sample candidate,national_post_office_sample_candidate,food_service,osm:node:4198281389,Holoholo Café & Market,,,FedEx,HI,,21.2790624,-157.8254623,Geofabrik OpenStreetMap GeoPackage extract,2026-08-14T20:21:03Z,open,ODbL; attribution and share-alike required,packet_ready,geofabrik_named_food_service
national-post-office-hi-fedex-89c3ba0615,FedEx post-office-centered national sample candidate,national_post_office_sample_candidate,food_service,osm:node:10688046119,Hong Kong Noodle House,,,FedEx,HI,,21.3147639,-157.8609473,Geofabrik OpenStreetMap GeoPackage extract,2026-08-14T20:21:03Z,open,ODbL; attribution and share-alike required,packet_ready,geofabrik_named_food_service
national-post-office-hi-fedex-89c3ba0615,FedEx post-office-centered national sample candidate,national_post_office_sample_candidate,food_service,osm:node:7678298633,Honolulu Burger Company,,,FedEx,HI,,21.3007731,-157.8413219,Geofabrik OpenStreetMap GeoPackage extract,2026-08-14T20:21:03Z,open,ODbL; attribution and share-alike required,packet_ready,geofabrik_named_food_service
national-post-office-hi-fedex-89c3ba0615,FedEx post-office-centered national sample candidate,national_post_office_sample_candidate,food_service,osm:node:2925400707,Honolulu Cafe,,,FedEx,HI,,21.3071967,-157.8629655,Geofabrik OpenStreetMap GeoPackage extract,2026-08-14T20:21:03Z,open,ODbL; attribution and share-alike required,packet_ready,geofabrik_named_food_service
national-post-office-hi-fedex-89c3ba0615,FedEx post-office-centered national sample candidate,national_post_office_sample_candidate,food_service,osm:node:10200918713,Honolulu Coffee,,,FedEx,HI,,21.2771871,-157.8307085,Geofabrik OpenStreetMap GeoPackage extract,2026-08-14T20:21:03Z,open,ODbL; attribution and share-alike required,packet_ready,geofabrik_named_food_service
national-post-office-hi-fedex-89c3ba0615,FedEx post-office-centered national sample candidate,national_post_office_sample_candidate,food_service,osm:node:1173278224,Honolulu Coffee Company,,,FedEx,HI,,21.2769836,-157.8269772,Geofabrik OpenStreetMap GeoPackage extract,2026-08-14T20:21:03Z,open,ODbL; attribution and share-alike required,packet_ready,geofabrik_named_food_service
national-post-office-hi-fedex-89c3ba0615,FedEx post-office-centered national sample candidate,national_post_office_sample_candidate,food_service,osm:node:1739899081,Honolulu Coffee Company,,,FedEx,HI,,21.2913495,-157.8439610,Geofabrik OpenStreetMap GeoPackage extract,2026-08-14T20:21:03Z,open,ODbL; attribution and share-alike required,packet_ready,geofabrik_named_food_service
national-post-office-hi-fedex-89c3ba0615,FedEx post-office-centered national sample candidate,national_post_office_sample_candidate,food_service,osm:node:13505388598,Honolulu Noodle & Co,,,FedEx,HI,,21.2794570,-157.8282010,Geofabrik OpenStreetMap GeoPackage extract,2026-08-14T20:21:03Z,open,ODbL; attribution and share-alike required,packet_ready,geofabrik_named_food_service
national-post-office-hi-fedex-89c3ba0615,FedEx post-office-centered national sample candidate,national_post_office_sample_candidate,food_service,osm:node:10798167674,Honolulu Sushi,,,FedEx,HI,,21.2935000,-157.8470056,Geofabrik OpenStreetMap GeoPackage extract,2026-08-14T20:21:03Z,open,ODbL; attribution and share-alike required,packet_ready,geofabrik_named_food_service
national-post-office-hi-fedex-89c3ba0615,FedEx post-office-centered national sample candidate,national_post_office_sample_candidate,food_service,osm:node:11060766547,Honolulu Sushi,,,FedEx,HI,,21.2959091,-157.8408773,Geofabrik OpenStreetMap GeoPackage extract,2026-08-14T20:21:03Z,open,ODbL; attribution and share-alike required,packet_ready,geofabrik_named_food_service
national-post-office-hi-fedex-89c3ba0615,FedEx post-office-centered national sample candidate,national_post_office_sample_candidate,food_service,osm:node:3769864810,House Without A Key,,,FedEx,HI,,21.2774759,-157.8318823,Geofabrik OpenStreetMap GeoPackage extract,2026-08-14T20:21:03Z,open,ODbL; attribution and share-alike required,packet_ready,geofabrik_named_food_service
national-post-office-hi-fedex-89c3ba0615,FedEx post-office-centered national sample candidate,national_post_office_sample_candidate,food_service,osm:node:5156192922,House of Wong Restaurant,,,FedEx,HI,,21.2758564,-157.8149613,Geofabrik OpenStreetMap GeoPackage extract,2026-08-14T20:21:03Z,open,ODbL; attribution and share-alike required,packet_ready,geofabrik_named_food_service
national-post-office-hi-fedex-89c3ba0615,FedEx post-office-centered national sample candidate,national_post_office_sample_candidate,food_service,osm:node:13370541228,Hula Dog,,,FedEx,HI,,21.2912933,-157.8379822,Geofabrik OpenStreetMap GeoPackage extract,2026-08-14T20:21:03Z,open,ODbL; attribution and share-alike required,packet_ready,geofabrik_named_food_service
national-post-office-hi-fedex-89c3ba0615,FedEx post-office-centered national sample candidate,national_post_office_sample_candidate,food_service,osm:node:4344866295,Hula Grill Waikiki,,,FedEx,HI,,21.2769825,-157.8277491,Geofabrik OpenStreetMap GeoPackage extract,2026-08-14T20:21:03Z,open,ODbL; attribution and share-alike required,packet_ready,geofabrik_named_food_service
national-post-office-hi-fedex-89c3ba0615,FedEx post-office-centered national sample candidate,national_post_office_sample_candidate,food_service,osm:node:5625843521,Hy's Steak,,,FedEx,HI,,21.2766440,-157.8231962,Geofabrik OpenStreetMap GeoPackage extract,2026-08-14T20:21:03Z,open,ODbL; attribution and share-alike required,packet_ready,geofabrik_named_food_service
national-post-office-hi-fedex-89c3ba0615,FedEx post-office-centered national sample candidate,national_post_office_sample_candidate,food_service,osm:node:4198271589,IHOP,,,FedEx,HI,,21.2849608,-157.8365560,Geofabrik OpenStreetMap GeoPackage extract,2026-08-14T20:21:03Z,open,ODbL; attribution and share-alike required,packet_ready,geofabrik_named_food_service
national-post-office-hi-fedex-89c3ba0615,FedEx post-office-centered national sample candidate,national_post_office_sample_candidate,food_service,osm:node:4339585891,IHOP,,,FedEx,HI,,21.2811735,-157.8283600,Geofabrik OpenStreetMap GeoPackage extract,2026-08-14T20:21:03Z,open,ODbL; attribution and share-alike required,packet_ready,geofabrik_named_food_service
national-post-office-hi-fedex-89c3ba0615,FedEx post-office-centered national sample candidate,national_post_office_sample_candidate,food_service,osm:node:5302749523,Ibushi,,,FedEx,HI,,21.2807083,-157.8142420,Geofabrik OpenStreetMap GeoPackage extract,2026-08-14T20:21:03Z,open,ODbL; attribution and share-alike required,packet_ready,geofabrik_named_food_service
national-post-office-hi-fedex-89c3ba0615,FedEx post-office-centered national sample candidate,national_post_office_sample_candidate,food_service,osm:node:9669197538,Ichiriki,,,FedEx,HI,,21.2941623,-157.8467302,Geofabrik OpenStreetMap GeoPackage extract,2026-08-14T20:21:03Z,open,ODbL; attribution and share-alike required,packet_ready,geofabrik_named_food_service
national-post-office-hi-fedex-89c3ba0615,FedEx post-office-centered national sample candidate,national_post_office_sample_candidate,food_service,osm:node:9362776086,Iliili Cash & Carry,,,FedEx,HI,,21.2960933,-157.8283352,Geofabrik OpenStreetMap GeoPackage extract,2026-08-14T20:21:03Z,open,ODbL; attribution and share-alike required,packet_ready,geofabrik_named_food_service
national-post-office-hi-fedex-89c3ba0615,FedEx post-office-centered national sample candidate,national_post_office_sample_candidate,food_service,osm:node:8335019628,Island Brew,,,FedEx,HI,,21.2918980,-157.8458002,Geofabrik OpenStreetMap GeoPackage extract,2026-08-14T20:21:03Z,open,ODbL; attribution and share-alike required,packet_ready,geofabrik_named_food_service
national-post-office-hi-fedex-89c3ba0615,FedEx post-office-centered national sample candidate,national_post_office_sample_candidate,food_service,osm:node:3707347746,Island Burger,,,FedEx,HI,,21.3078563,-157.8102087,Geofabrik OpenStreetMap GeoPackage extract,2026-08-14T20:21:03Z,open,ODbL; attribution and share-alike required,packet_ready,geofabrik_named_food_service
national-post-office-hi-fedex-89c3ba0615,FedEx post-office-centered national sample candidate,national_post_office_sample_candidate,food_service,osm:node:11060928262,Island Crepes,,,FedEx,HI,,21.2904940,-157.8439481,Geofabrik OpenStreetMap GeoPackage extract,2026-08-14T20:21:03Z,open,ODbL; attribution and share-alike required,packet_ready,geofabrik_named_food_service
national-post-office-hi-fedex-89c3ba0615,FedEx post-office-centered national sample candidate,national_post_office_sample_candidate,food_service,osm:node:13429683188,Island Manapua,,,FedEx,HI,,21.3077944,-157.8104225,Geofabrik OpenStreetMap GeoPackage extract,2026-08-14T20:21:03Z,open,ODbL; attribution and share-alike required,packet_ready,geofabrik_named_food_service
national-post-office-hi-fedex-89c3ba0615,FedEx post-office-centered national sample candidate,national_post_office_sample_candidate,food_service,osm:node:2707157945,Island Vintage Coffee,,,FedEx,HI,,21.2783235,-157.8286655,Geofabrik OpenStreetMap GeoPackage extract,2026-08-14T20:21:03Z,open,ODbL; attribution and share-alike required,packet_ready,geofabrik_named_food_service
national-post-office-hi-fedex-89c3ba0615,FedEx post-office-centered national sample candidate,national_post_office_sample_candidate,food_service,osm:node:5104847324,Island Vintage Coffee,,,FedEx,HI,,21.2911369,-157.8435488,Geofabrik OpenStreetMap GeoPackage extract,2026-08-14T20:21:03Z,open,ODbL; attribution and share-alike required,packet_ready,geofabrik_named_food_service
national-post-office-hi-fedex-89c3ba0615,FedEx post-office-centered national sample candidate,national_post_office_sample_candidate,food_service,osm:node:13946911201,Istanbul Hawai'i,,,FedEx,HI,,21.2942388,-157.8519761,Geofabrik OpenStreetMap GeoPackage extract,2026-08-14T20:21:03Z,open,ODbL; attribution and share-alike required,packet_ready,geofabrik_named_food_service
national-post-office-hi-fedex-89c3ba0615,FedEx post-office-centered national sample candidate,national_post_office_sample_candidate,food_service,osm:node:8668121767,Itchy Butt,,,FedEx,HI,,21.3009917,-157.8389918,Geofabrik OpenStreetMap GeoPackage extract,2026-08-14T20:21:03Z,open,ODbL; attribution and share-alike required,packet_ready,geofabrik_named_food_service
national-post-office-hi-fedex-89c3ba0615,FedEx post-office-centered national sample candidate,national_post_office_sample_candidate,food_service,osm:node:6440844586,Izakaya 855-ALOHA,,,FedEx,HI,,21.2793779,-157.8251804,Geofabrik OpenStreetMap GeoPackage extract,2026-08-14T20:21:03Z,open,ODbL; attribution and share-alike required,packet_ready,geofabrik_named_food_service
national-post-office-hi-fedex-89c3ba0615,FedEx post-office-centered national sample candidate,national_post_office_sample_candidate,food_service,osm:way:591406680,Izakaya Danji,,,FedEx,HI,,21.3021341,-157.8454309,Geofabrik OpenStreetMap GeoPackage extract,2026-08-14T20:21:03Z,open,ODbL; attribution and share-alike required,packet_ready,geofabrik_named_food_service
national-post-office-hi-fedex-89c3ba0615,FedEx post-office-centered national sample candidate,national_post_office_sample_candidate,food_service,osm:way:1082574082,Izakaya Harumi,,,FedEx,HI,,21.2800943,-157.8282450,Geofabrik OpenStreetMap GeoPackage extract,2026-08-14T20:21:03Z,open,ODbL; attribution and share-alike required,packet_ready,geofabrik_named_food_service
national-post-office-hi-fedex-89c3ba0615,FedEx post-office-centered national sample candidate,national_post_office_sample_candidate,food_service,osm:node:11126832347,Izakaya Nonbei,,,FedEx,HI,,21.2841192,-157.8132989,Geofabrik OpenStreetMap GeoPackage extract,2026-08-14T20:21:03Z,open,ODbL; attribution and share-alike required,packet_ready,geofabrik_named_food_service
national-post-office-hi-fedex-89c3ba0615,FedEx post-office-centered national sample candidate,national_post_office_sample_candidate,food_service,osm:node:10076370817,Izakaya Pau Hana Base,,,FedEx,HI,,21.2802964,-157.8266446,Geofabrik OpenStreetMap GeoPackage extract,2026-08-14T20:21:03Z,open,ODbL; attribution and share-alike required,packet_ready,geofabrik_named_food_service
national-post-office-hi-fedex-89c3ba0615,FedEx post-office-centered national sample candidate,national_post_office_sample_candidate,food_service,osm:way:306044143,Izakaya Tairyo,,,FedEx,HI,,21.2943444,-157.8467612,Geofabrik OpenStreetMap GeoPackage extract,2026-08-14T20:21:03Z,open,ODbL; attribution and share-alike required,packet_ready,geofabrik_named_food_service
national-post-office-hi-fedex-89c3ba0615,FedEx post-office-centered national sample candidate,national_post_office_sample_candidate,food_service,osm:node:9362934578,J-Shop,,,FedEx,HI,,21.2980784,-157.8373058,Geofabrik OpenStreetMap GeoPackage extract,2026-08-14T20:21:03Z,open,ODbL; attribution and share-alike required,packet_ready,geofabrik_named_food_service
national-post-office-hi-fedex-89c3ba0615,FedEx post-office-centered national sample candidate,national_post_office_sample_candidate,food_service,osm:node:11677572923,J. Dolan's Pub,,,FedEx,HI,,21.3110270,-157.8605570,Geofabrik OpenStreetMap GeoPackage extract,2026-08-14T20:21:03Z,open,ODbL; attribution and share-alike required,packet_ready,geofabrik_named_food_service
national-post-office-hi-fedex-89c3ba0615,FedEx post-office-centered national sample candidate,national_post_office_sample_candidate,food_service,osm:node:4491255591,JINROKU PACIFIC,,,FedEx,HI,,21.2763252,-157.8239047,Geofabrik OpenStreetMap GeoPackage extract,2026-08-14T20:21:03Z,open,ODbL; attribution and share-alike required,packet_ready,geofabrik_named_food_service
national-post-office-hi-fedex-89c3ba0615,FedEx post-office-centered national sample candidate,national_post_office_sample_candidate,food_service,osm:node:11060928291,Jack in the Box,,,FedEx,HI,,21.2904903,-157.8442290,Geofabrik OpenStreetMap GeoPackage extract,2026-08-14T20:21:03Z,open,ODbL; attribution and share-alike required,packet_ready,geofabrik_named_food_service
national-post-office-hi-fedex-89c3ba0615,FedEx post-office-centered national sample candidate,national_post_office_sample_candidate,food_service,osm:node:11624420001,Jack in the Box,,,FedEx,HI,,21.2989772,-157.8530858,Geofabrik OpenStreetMap GeoPackage extract,2026-08-14T20:21:03Z,open,ODbL; attribution and share-alike required,packet_ready,geofabrik_named_food_service
national-post-office-hi-fedex-89c3ba0615,FedEx post-office-centered national sample candidate,national_post_office_sample_candidate,food_service,osm:node:4450009140,Jack in the Box,,,FedEx,HI,,21.3084087,-157.8605670,Geofabrik OpenStreetMap GeoPackage extract,2026-08-14T20:21:03Z,open,ODbL; attribution and share-alike required,packet_ready,geofabrik_named_food_service
national-post-office-hi-fedex-89c3ba0615,FedEx post-office-centered national sample candidate,national_post_office_sample_candidate,food_service,osm:way:455365815,Jack in the Box,,,FedEx,HI,,21.3001876,-157.8444261,Geofabrik OpenStreetMap GeoPackage extract,2026-08-14T20:21:03Z,open,ODbL; attribution and share-alike required,packet_ready,geofabrik_named_food_service
national-post-office-hi-fedex-89c3ba0615,FedEx post-office-centered national sample candidate,national_post_office_sample_candidate,food_service,osm:way:492447298,Jack in the Box,,,FedEx,HI,,21.2952182,-157.8303039,Geofabrik OpenStreetMap GeoPackage extract,2026-08-14T20:21:03Z,open,ODbL; attribution and share-alike required,packet_ready,geofabrik_named_food_service
national-post-office-hi-fedex-89c3ba0615,FedEx post-office-centered national sample candidate,national_post_office_sample_candidate,food_service,osm:way:493521163,Jack in the Box,,,FedEx,HI,,21.2965775,-157.8366135,Geofabrik OpenStreetMap GeoPackage extract,2026-08-14T20:21:03Z,open,ODbL; attribution and share-alike required,packet_ready,geofabrik_named_food_service
national-post-office-hi-fedex-89c3ba0615,FedEx post-office-centered national sample candidate,national_post_office_sample_candidate,food_service,osm:way:817793229,Jack in the Box,,,FedEx,HI,,21.2794210,-157.8137210,Geofabrik OpenStreetMap GeoPackage extract,2026-08-14T20:21:03Z,open,ODbL; attribution and share-alike required,packet_ready,geofabrik_named_food_service
national-post-office-hi-fedex-89c3ba0615,FedEx post-office-centered national sample candidate,national_post_office_sample_candidate,food_service,osm:node:10762932061,Jamba,,,FedEx,HI,,21.2924771,-157.8455321,Geofabrik OpenStreetMap GeoPackage extract,2026-08-14T20:21:03Z,open,ODbL; attribution and share-alike required,packet_ready,geofabrik_named_food_service
national-post-office-hi-fedex-89c3ba0615,FedEx post-office-centered national sample candidate,national_post_office_sample_candidate,food_service,osm:node:11060928273,Jamba,,,FedEx,HI,,21.2907556,-157.8437690,Geofabrik OpenStreetMap GeoPackage extract,2026-08-14T20:21:03Z,open,ODbL; attribution and share-alike required,packet_ready,geofabrik_named_food_service
national-post-office-hi-fedex-89c3ba0615,FedEx post-office-centered national sample candidate,national_post_office_sample_candidate,food_service,osm:node:3466188850,Jamba,,,FedEx,HI,,21.2799050,-157.8271163,Geofabrik OpenStreetMap GeoPackage extract,2026-08-14T20:21:03Z,open,ODbL; attribution and share-alike required,packet_ready,geofabrik_named_food_service
national-post-office-hi-fedex-89c3ba0615,FedEx post-office-centered national sample candidate,national_post_office_sample_candidate,food_service,osm:node:3740804339,Jamba,,,FedEx,HI,,21.2790413,-157.8136590,Geofabrik OpenStreetMap GeoPackage extract,2026-08-14T20:21:03Z,open,ODbL; attribution and share-alike required,packet_ready,geofabrik_named_food_service
national-post-office-hi-fedex-89c3ba0615,FedEx post-office-centered national sample candidate,national_post_office_sample_candidate,food_service,osm:node:5119294324,Jamba,,,FedEx,HI,,21.2721606,-157.8229180,Geofabrik OpenStreetMap GeoPackage extract,2026-08-14T20:21:03Z,open,ODbL; attribution and share-alike required,packet_ready,geofabrik_named_food_service
national-post-office-hi-fedex-89c3ba0615,FedEx post-office-centered national sample candidate,national_post_office_sample_candidate,food_service,osm:node:10208335801,Java Cafe,,,FedEx,HI,,21.2819705,-157.8343453,Geofabrik OpenStreetMap GeoPackage extract,2026-08-14T20:21:03Z,open,ODbL; attribution and share-alike required,packet_ready,geofabrik_named_food_service
national-post-office-hi-fedex-89c3ba0615,FedEx post-office-centered national sample candidate,national_post_office_sample_candidate,food_service,osm:node:2405528961,Java Cafe,,,FedEx,HI,,21.2929117,-157.8529967,Geofabrik OpenStreetMap GeoPackage extract,2026-08-14T20:21:03Z,open,ODbL; attribution and share-alike required,packet_ready,geofabrik_named_food_service
national-post-office-hi-fedex-89c3ba0615,FedEx post-office-centered national sample candidate,national_post_office_sample_candidate,food_service,osm:node:9584388491,Jejubing Dessert Cafe,,,FedEx,HI,,21.2901455,-157.8438223,Geofabrik OpenStreetMap GeoPackage extract,2026-08-14T20:21:03Z,open,ODbL; attribution and share-alike required,packet_ready,geofabrik_named_food_service
national-post-office-hi-fedex-89c3ba0615,FedEx post-office-centered national sample candidate,national_post_office_sample_candidate,food_service,osm:node:9371148094,Jersey Mike's Subs,,,FedEx,HI,,21.2913253,-157.8212261,Geofabrik OpenStreetMap GeoPackage extract,2026-08-14T20:21:03Z,open,ODbL; attribution and share-alike required,packet_ready,geofabrik_named_food_service
national-post-office-hi-fedex-89c3ba0615,FedEx post-office-centered national sample candidate,national_post_office_sample_candidate,food_service,osm:node:7698952720,Joe’s Steakhouse,,,FedEx,HI,,21.3135678,-157.8694148,Geofabrik OpenStreetMap GeoPackage extract,2026-08-14T20:21:03Z,open,ODbL; attribution and share-alike required,packet_ready,geofabrik_named_food_service
national-post-office-hi-fedex-89c3ba0615,FedEx post-office-centered national sample candidate,national_post_office_sample_candidate,food_service,osm:node:11061050678,Jollibee,,,FedEx,HI,,21.2904238,-157.8442367,Geofabrik OpenStreetMap GeoPackage extract,2026-08-14T20:21:03Z,open,ODbL; attribution and share-alike required,packet_ready,geofabrik_named_food_service
national-post-office-hi-fedex-89c3ba0615,FedEx post-office-centered national sample candidate,national_post_office_sample_candidate,food_service,osm:way:824495590,Jollibee,,,FedEx,HI,,21.3187026,-157.8651886,Geofabrik OpenStreetMap GeoPackage extract,2026-08-14T20:21:03Z,open,ODbL; attribution and share-alike required,packet_ready,geofabrik_named_food_service
national-post-office-hi-fedex-89c3ba0615,FedEx post-office-centered national sample candidate,national_post_office_sample_candidate,food_service,osm:node:13875289501,Joy Cup Noodles,,,FedEx,HI,,21.2948070,-157.8367305,Geofabrik OpenStreetMap GeoPackage extract,2026-08-14T20:21:03Z,open,ODbL; attribution and share-alike required,packet_ready,geofabrik_named_food_service
national-post-office-hi-fedex-89c3ba0615,FedEx post-office-centered national sample candidate,national_post_office_sample_candidate,food_service,osm:node:8812979317,Juicy Brew,,,FedEx,HI,,21.2852484,-157.8034975,Geofabrik OpenStreetMap GeoPackage extract,2026-08-14T20:21:03Z,open,ODbL; attribution and share-alike required,packet_ready,geofabrik_named_food_service
national-post-office-hi-fedex-89c3ba0615,FedEx post-office-centered national sample candidate,national_post_office_sample_candidate,food_service,osm:node:13366307634,Junbi,,,FedEx,HI,,21.2783485,-157.8286924,Geofabrik OpenStreetMap GeoPackage extract,2026-08-14T20:21:03Z,open,ODbL; attribution and share-alike required,packet_ready,geofabrik_named_food_service
national-post-office-hi-fedex-89c3ba0615,FedEx post-office-centered national sample candidate,national_post_office_sample_candidate,food_service,osm:node:4662320772,Junpuu,,,FedEx,HI,,21.3017085,-157.8485667,Geofabrik OpenStreetMap GeoPackage extract,2026-08-14T20:21:03Z,open,ODbL; attribution and share-alike required,packet_ready,geofabrik_named_food_service
national-post-office-hi-fedex-89c3ba0615,FedEx post-office-centered national sample candidate,national_post_office_sample_candidate,food_service,osm:way:800985381,KFC,,,FedEx,HI,,21.2964990,-157.8298955,Geofabrik OpenStreetMap GeoPackage extract,2026-08-14T20:21:03Z,open,ODbL; attribution and share-alike required,packet_ready,geofabrik_named_food_service
national-post-office-hi-fedex-89c3ba0615,FedEx post-office-centered national sample candidate,national_post_office_sample_candidate,food_service,osm:node:6618185585,KONA Coffee Purveyors,,,FedEx,HI,,21.2788224,-157.8257634,Geofabrik OpenStreetMap GeoPackage extract,2026-08-14T20:21:03Z,open,ODbL; attribution and share-alike required,packet_ready,geofabrik_named_food_service
national-post-office-hi-fedex-89c3ba0615,FedEx post-office-centered national sample candidate,national_post_office_sample_candidate,food_service,osm:node:3672656668,Ka ‘Ikena Laua‘e,,,FedEx,HI,,21.2709462,-157.7995527,Geofabrik OpenStreetMap GeoPackage extract,2026-08-14T20:21:03Z,open,ODbL; attribution and share-alike required,packet_ready,geofabrik_named_food_service
national-post-office-hi-fedex-89c3ba0615,FedEx post-office-centered national sample candidate,national_post_office_sample_candidate,food_service,osm:node:7787908568,Kabuki Restaurant,,,FedEx,HI,,21.3033648,-157.8549590,Geofabrik OpenStreetMap GeoPackage extract,2026-08-14T20:21:03Z,open,ODbL; attribution and share-alike required,packet_ready,geofabrik_named_food_service
national-post-office-hi-fedex-89c3ba0615,FedEx post-office-centered national sample candidate,national_post_office_sample_candidate,food_service,osm:way:545784290,Kahai Kitchen,,,FedEx,HI,,21.2927977,-157.8249350,Geofabrik OpenStreetMap GeoPackage extract,2026-08-14T20:21:03Z,open,ODbL; attribution and share-alike required,packet_ready,geofabrik_named_food_service
national-post-office-hi-fedex-89c3ba0615,FedEx post-office-centered national sample candidate,national_post_office_sample_candidate,food_service,osm:node:10189306221,Kai Coffee,,,FedEx,HI,,21.2747564,-157.8235105,Geofabrik OpenStreetMap GeoPackage extract,2026-08-14T20:21:03Z,open,ODbL; attribution and share-alike required,packet_ready,geofabrik_named_food_service
national-post-office-hi-fedex-89c3ba0615,FedEx post-office-centered national sample candidate,national_post_office_sample_candidate,food_service,osm:node:4259274319,Kai Coffee,,,FedEx,HI,,21.2793583,-157.8283329,Geofabrik OpenStreetMap GeoPackage extract,2026-08-14T20:21:03Z,open,ODbL; attribution and share-alike required,packet_ready,geofabrik_named_food_service
national-post-office-hi-fedex-89c3ba0615,FedEx post-office-centered national sample candidate,national_post_office_sample_candidate,food_service,osm:node:8017399707,Kai Coffee Hawaii,,,FedEx,HI,,21.2761475,-157.8250879,Geofabrik OpenStreetMap GeoPackage extract,2026-08-14T20:21:03Z,open,ODbL; attribution and share-alike required,packet_ready,geofabrik_named_food_service
national-post-office-hi-fedex-89c3ba0615,FedEx post-office-centered national sample candidate,national_post_office_sample_candidate,food_service,osm:node:10096019568,Kai K Food,,,FedEx,HI,,21.2729560,-157.8214940,Geofabrik OpenStreetMap GeoPackage extract,2026-08-14T20:21:03Z,open,ODbL; attribution and share-alike required,packet_ready,geofabrik_named_food_service
national-post-office-hi-fedex-89c3ba0615,FedEx post-office-centered national sample candidate,national_post_office_sample_candidate,food_service,osm:node:10200918710,Kai Market,,,FedEx,HI,,21.2772297,-157.8310346,Geofabrik OpenStreetMap GeoPackage extract,2026-08-14T20:21:03Z,open,ODbL; attribution and share-alike required,packet_ready,geofabrik_named_food_service
national-post-office-hi-fedex-89c3ba0615,FedEx post-office-centered national sample candidate,national_post_office_sample_candidate,food_service,osm:node:13456399701,Kai Poke Waikiki,,,FedEx,HI,,21.2795921,-157.8275692,Geofabrik OpenStreetMap GeoPackage extract,2026-08-14T20:21:03Z,open,ODbL; attribution and share-alike required,packet_ready,geofabrik_named_food_service
national-post-office-hi-fedex-89c3ba0615,FedEx post-office-centered national sample candidate,national_post_office_sample_candidate,food_service,osm:node:7639113808,Kaimana Farm Cafe,,,FedEx,HI,,21.2830341,-157.8138212,Geofabrik OpenStreetMap GeoPackage extract,2026-08-14T20:21:03Z,open,ODbL; attribution and share-alike required,packet_ready,geofabrik_named_food_service
national-post-office-hi-fedex-89c3ba0615,FedEx post-office-centered national sample candidate,national_post_office_sample_candidate,food_service,osm:node:11764853305,Kaiten Sushi Ginza Onodera,,,FedEx,HI,,21.2911898,-157.8202909,Geofabrik OpenStreetMap GeoPackage extract,2026-08-14T20:21:03Z,open,ODbL; attribution and share-alike required,packet_ready,geofabrik_named_food_service
national-post-office-hi-fedex-89c3ba0615,FedEx post-office-centered national sample candidate,national_post_office_sample_candidate,food_service,osm:node:6395685332,Kaiwa teppan & sushi,,,FedEx,HI,,21.2795058,-157.8309994,Geofabrik OpenStreetMap GeoPackage extract,2026-08-14T20:21:03Z,open,ODbL; attribution and share-alike required,packet_ready,geofabrik_named_food_service
national-post-office-hi-fedex-89c3ba0615,FedEx post-office-centered national sample candidate,national_post_office_sample_candidate,food_service,osm:node:3663403481,Kaka'ako Kitchen,,,FedEx,HI,,21.2932254,-157.8530556,Geofabrik OpenStreetMap GeoPackage extract,2026-08-14T20:21:03Z,open,ODbL; attribution and share-alike required,packet_ready,geofabrik_named_food_service
national-post-office-hi-fedex-89c3ba0615,FedEx post-office-centered national sample candidate,national_post_office_sample_candidate,food_service,osm:node:5875360805,Kamitoku,,,FedEx,HI,,21.2881102,-157.8148979,Geofabrik OpenStreetMap GeoPackage extract,2026-08-14T20:21:03Z,open,ODbL; attribution and share-alike required,packet_ready,geofabrik_named_food_service
national-post-office-hi-fedex-89c3ba0615,FedEx post-office-centered national sample candidate,national_post_office_sample_candidate,food_service,osm:node:14008149743,Kani Ka Pila Grille,,,FedEx,HI,,21.2785012,-157.8325135,Geofabrik OpenStreetMap GeoPackage extract,2026-08-14T20:21:03Z,open,ODbL; attribution and share-alike required,packet_ready,geofabrik_named_food_service
national-post-office-hi-fedex-89c3ba0615,FedEx post-office-centered national sample candidate,national_post_office_sample_candidate,food_service,osm:node:1315949031,Kapahulu Market,,,FedEx,HI,,21.2716898,-157.8189389,Geofabrik OpenStreetMap GeoPackage extract,2026-08-14T20:21:03Z,open,ODbL; attribution and share-alike required,packet_ready,geofabrik_named_food_service
national-post-office-hi-fedex-89c3ba0615,FedEx post-office-centered national sample candidate,national_post_office_sample_candidate,food_service,osm:node:10000682619,Kasian Kreations,,,FedEx,HI,,21.2913260,-157.8377673,Geofabrik OpenStreetMap GeoPackage extract,2026-08-14T20:21:03Z,open,ODbL; attribution and share-alike required,packet_ready,geofabrik_named_food_service
national-post-office-hi-fedex-89c3ba0615,FedEx post-office-centered national sample candidate,national_post_office_sample_candidate,food_service,osm:node:9347762139,Kawaii Wave,,,FedEx,HI,,21.3214747,-157.8730018,Geofabrik OpenStreetMap GeoPackage extract,2026-08-14T20:21:03Z,open,ODbL; attribution and share-alike required,packet_ready,geofabrik_named_food_service
national-post-office-hi-fedex-89c3ba0615,FedEx post-office-centered national sample candidate,national_post_office_sample_candidate,food_service,osm:node:12865070184,Kayak Cafe,,,FedEx,HI,,21.2853622,-157.8354248,Geofabrik OpenStreetMap GeoPackage extract,2026-08-14T20:21:03Z,open,ODbL; attribution and share-alike required,packet_ready,geofabrik_named_food_service
national-post-office-hi-fedex-89c3ba0615,FedEx post-office-centered national sample candidate,national_post_office_sample_candidate,food_service,osm:node:8668121768,Keeaumoku Seafood,,,FedEx,HI,,21.3008767,-157.8390363,Geofabrik OpenStreetMap GeoPackage extract,2026-08-14T20:21:03Z,open,ODbL; attribution and share-alike required,packet_ready,geofabrik_named_food_service
national-post-office-hi-fedex-89c3ba0615,FedEx post-office-centered national sample candidate,national_post_office_sample_candidate,food_service,osm:node:5219366722,Kelley O'Neil's,,,FedEx,HI,,21.2802786,-157.8294420,Geofabrik OpenStreetMap GeoPackage extract,2026-08-14T20:21:03Z,open,ODbL; attribution and share-alike required,packet_ready,geofabrik_named_food_service
national-post-office-hi-fedex-89c3ba0615,FedEx post-office-centered national sample candidate,national_post_office_sample_candidate,food_service,osm:node:6440762388,Kickin Kajun,,,FedEx,HI,,21.2945037,-157.8416899,Geofabrik OpenStreetMap GeoPackage extract,2026-08-14T20:21:03Z,open,ODbL; attribution and share-alike required,packet_ready,geofabrik_named_food_service
national-post-office-hi-fedex-89c3ba0615,FedEx post-office-centered national sample candidate,national_post_office_sample_candidate,food_service,osm:node:8026550499,Kids Cafe,,,FedEx,HI,,21.2933435,-157.8620753,Geofabrik OpenStreetMap GeoPackage extract,2026-08-14T20:21:03Z,open,ODbL; attribution and share-alike required,packet_ready,geofabrik_named_food_service
national-post-office-hi-fedex-89c3ba0615,FedEx post-office-centered national sample candidate,national_post_office_sample_candidate,food_service,osm:node:12015915218,Kikuya,,,FedEx,HI,,21.3274769,-157.8712969,Geofabrik OpenStreetMap GeoPackage extract,2026-08-14T20:21:03Z,open,ODbL; attribution and share-alike required,packet_ready,geofabrik_named_food_service
national-post-office-hi-fedex-89c3ba0615,FedEx post-office-centered national sample candidate,national_post_office_sample_candidate,food_service,osm:node:9834734952,Kim Chee 3,,,FedEx,HI,,21.2936405,-157.8270964,Geofabrik OpenStreetMap GeoPackage extract,2026-08-14T20:21:03Z,open,ODbL; attribution and share-alike required,packet_ready,geofabrik_named_food_service
national-post-office-hi-fedex-89c3ba0615,FedEx post-office-centered national sample candidate,national_post_office_sample_candidate,food_service,osm:way:825126498,Kim Chee II,,,FedEx,HI,,21.2828123,-157.7996669,Geofabrik OpenStreetMap GeoPackage extract,2026-08-14T20:21:03Z,open,ODbL; attribution and share-alike required,packet_ready,geofabrik_named_food_service
national-post-office-hi-fedex-89c3ba0615,FedEx post-office-centered national sample candidate,national_post_office_sample_candidate,food_service,osm:node:14054323378,King of Thai Boat Noodles,,,FedEx,HI,,21.2812123,-157.8302222,Geofabrik OpenStreetMap GeoPackage extract,2026-08-14T20:21:03Z,open,ODbL; attribution and share-alike required,packet_ready,geofabrik_named_food_service
national-post-office-hi-fedex-89c3ba0615,FedEx post-office-centered national sample candidate,national_post_office_sample_candidate,food_service,osm:node:11145395892,King’s Pizza,,,FedEx,HI,,21.2849670,-157.8136670,Geofabrik OpenStreetMap GeoPackage extract,2026-08-14T20:21:03Z,open,ODbL; attribution and share-alike required,packet_ready,geofabrik_named_food_service
national-post-office-hi-fedex-89c3ba0615,FedEx post-office-centered national sample candidate,national_post_office_sample_candidate,food_service,osm:node:10195531967,Kirin Restaurant,,,FedEx,HI,,21.2764277,-157.8257287,Geofabrik OpenStreetMap GeoPackage extract,2026-08-14T20:21:03Z,open,ODbL; attribution and share-alike required,packet_ready,geofabrik_named_food_service
national-post-office-hi-fedex-89c3ba0615,FedEx post-office-centered national sample candidate,national_post_office_sample_candidate,food_service,osm:node:4089377294,Kissaten,,,FedEx,HI,,21.2931217,-157.8474472,Geofabrik OpenStreetMap GeoPackage extract,2026-08-14T20:21:03Z,open,ODbL; attribution and share-alike required,packet_ready,geofabrik_named_food_service
national-post-office-hi-fedex-89c3ba0615,FedEx post-office-centered national sample candidate,national_post_office_sample_candidate,food_service,osm:node:10208335800,Koa Oasis,,,FedEx,HI,,21.2785954,-157.8344930,Geofabrik OpenStreetMap GeoPackage extract,2026-08-14T20:21:03Z,open,ODbL; attribution and share-alike required,packet_ready,geofabrik_named_food_service
national-post-office-hi-fedex-89c3ba0615,FedEx post-office-centered national sample candidate,national_post_office_sample_candidate,food_service,osm:way:1354530040,Koa Pancake House,,,FedEx,HI,,21.2819460,-157.7990241,Geofabrik OpenStreetMap GeoPackage extract,2026-08-14T20:21:03Z,open,ODbL; attribution and share-alike required,packet_ready,geofabrik_named_food_service
national-post-office-hi-fedex-89c3ba0615,FedEx post-office-centered national sample candidate,national_post_office_sample_candidate,food_service,osm:node:2650353033,Kobe,,,FedEx,HI,,21.2842142,-157.8369239,Geofabrik OpenStreetMap GeoPackage extract,2026-08-14T20:21:03Z,open,ODbL; attribution and share-alike required,packet_ready,geofabrik_named_food_service
national-post-office-hi-fedex-89c3ba0615,FedEx post-office-centered national sample candidate,national_post_office_sample_candidate,food_service,osm:node:7659914271,Kokea Bento,,,FedEx,HI,,21.3213549,-157.8732198,Geofabrik OpenStreetMap GeoPackage extract,2026-08-14T20:21:03Z,open,ODbL; attribution and share-alike required,packet_ready,geofabrik_named_food_service
national-post-office-hi-fedex-89c3ba0615,FedEx post-office-centered national sample candidate,national_post_office_sample_candidate,food_service,osm:node:10174373410,Koko Head Cafe,,,FedEx,HI,,21.2815985,-157.7995746,Geofabrik OpenStreetMap GeoPackage extract,2026-08-14T20:21:03Z,open,ODbL; attribution and share-alike required,packet_ready,geofabrik_named_food_service
national-post-office-hi-fedex-89c3ba0615,FedEx post-office-centered national sample candidate,national_post_office_sample_candidate,food_service,osm:node:10208335796,Koko at Kalia,,,FedEx,HI,,21.2821129,-157.8350602,Geofabrik OpenStreetMap GeoPackage extract,2026-08-14T20:21:03Z,open,ODbL; attribution and share-alike required,packet_ready,geofabrik_named_food_service
national-post-office-hi-fedex-89c3ba0615,FedEx post-office-centered national sample candidate,national_post_office_sample_candidate,food_service,osm:node:4467668230,Komala Curry House,,,FedEx,HI,,21.3075255,-157.8632931,Geofabrik OpenStreetMap GeoPackage extract,2026-08-14T20:21:03Z,open,ODbL; attribution and share-alike required,packet_ready,geofabrik_named_food_service
national-post-office-hi-fedex-89c3ba0615,FedEx post-office-centered national sample candidate,national_post_office_sample_candidate,food_service,osm:node:14054323379,Kona Coffee Donut?,,,FedEx,HI,,21.2812872,-157.8302630,Geofabrik OpenStreetMap GeoPackage extract,2026-08-14T20:21:03Z,open,ODbL; attribution and share-alike required,packet_ready,geofabrik_named_food_service
national-post-office-hi-fedex-89c3ba0615,FedEx post-office-centered national sample candidate,national_post_office_sample_candidate,food_service,osm:node:3466188852,Kono's Northshore Waikiki,,,FedEx,HI,,21.2794272,-157.8259710,Geofabrik OpenStreetMap GeoPackage extract,2026-08-14T20:21:03Z,open,ODbL; attribution and share-alike required,packet_ready,geofabrik_named_food_service
national-post-office-hi-fedex-89c3ba0615,FedEx post-office-centered national sample candidate,national_post_office_sample_candidate,food_service,osm:node:11115665227,Kono’s,,,FedEx,HI,,21.2852854,-157.8133374,Geofabrik OpenStreetMap GeoPackage extract,2026-08-14T20:21:03Z,open,ODbL; attribution and share-alike required,packet_ready,geofabrik_named_food_service
national-post-office-hi-fedex-89c3ba0615,FedEx post-office-centered national sample candidate,national_post_office_sample_candidate,food_service,osm:way:408758062,Korea Garden,,,FedEx,HI,,21.2921425,-157.8369498,Geofabrik OpenStreetMap GeoPackage extract,2026-08-14T20:21:03Z,open,ODbL; attribution and share-alike required,packet_ready,geofabrik_named_food_service
national-post-office-hi-fedex-89c3ba0615,FedEx post-office-centered national sample candidate,national_post_office_sample_candidate,food_service,osm:node:11158437537,Kozo Sushi,,,FedEx,HI,,21.2790447,-157.8137709,Geofabrik OpenStreetMap GeoPackage extract,2026-08-14T20:21:03Z,open,ODbL; attribution and share-alike required,packet_ready,geofabrik_named_food_service
national-post-office-hi-fedex-89c3ba0615,FedEx post-office-centered national sample candidate,national_post_office_sample_candidate,food_service,osm:way:1357574521,Kozo Sushi,,,FedEx,HI,,21.2937289,-157.8259599,Geofabrik OpenStreetMap GeoPackage extract,2026-08-14T20:21:03Z,open,ODbL; attribution and share-alike required,packet_ready,geofabrik_named_food_service
national-post-office-hi-fedex-89c3ba0615,FedEx post-office-centered national sample candidate,national_post_office_sample_candidate,food_service,osm:node:5104883921,Kua 'Aina Burger,,,FedEx,HI,,21.2930186,-157.8526480,Geofabrik OpenStreetMap GeoPackage extract,2026-08-14T20:21:03Z,open,ODbL; attribution and share-alike required,packet_ready,geofabrik_named_food_service
national-post-office-hi-fedex-89c3ba0615,FedEx post-office-centered national sample candidate,national_post_office_sample_candidate,food_service,osm:node:10189315044,Kuhio Beach Grill,,,FedEx,HI,,21.2732053,-157.8231426,Geofabrik OpenStreetMap GeoPackage extract,2026-08-14T20:21:03Z,open,ODbL; attribution and share-alike required,packet_ready,geofabrik_named_food_service
national-post-office-hi-fedex-89c3ba0615,FedEx post-office-centered national sample candidate,national_post_office_sample_candidate,food_service,osm:node:11060766548,Kyochon 1991,,,FedEx,HI,,21.2955447,-157.8409914,Geofabrik OpenStreetMap GeoPackage extract,2026-08-14T20:21:03Z,open,ODbL; attribution and share-alike required,packet_ready,geofabrik_named_food_service
national-post-office-hi-fedex-89c3ba0615,FedEx post-office-centered national sample candidate,national_post_office_sample_candidate,food_service,osm:way:620988195,Kyung's Seafood,,,FedEx,HI,,21.2991295,-157.8426055,Geofabrik OpenStreetMap GeoPackage extract,2026-08-14T20:21:03Z,open,ODbL; attribution and share-alike required,packet_ready,geofabrik_named_food_service
national-post-office-hi-fedex-89c3ba0615,FedEx post-office-centered national sample candidate,national_post_office_sample_candidate,food_service,osm:node:10688046118,L&L Drive-Inn,,,FedEx,HI,,21.3099652,-157.8609379,Geofabrik OpenStreetMap GeoPackage extract,2026-08-14T20:21:03Z,open,ODbL; attribution and share-alike required,packet_ready,geofabrik_named_food_service
national-post-office-hi-fedex-89c3ba0615,FedEx post-office-centered national sample candidate,national_post_office_sample_candidate,food_service,osm:node:810809593,L&L Drive-Inn,,,FedEx,HI,,21.2879026,-157.8096480,Geofabrik OpenStreetMap GeoPackage extract,2026-08-14T20:21:03Z,open,ODbL; attribution and share-alike required,packet_ready,geofabrik_named_food_service
national-post-office-hi-fedex-89c3ba0615,FedEx post-office-centered national sample candidate,national_post_office_sample_candidate,food_service,osm:node:11060928297,L&L Hawaiian Barbecue,,,FedEx,HI,,21.2907157,-157.8440782,Geofabrik OpenStreetMap GeoPackage extract,2026-08-14T20:21:03Z,open,ODbL; attribution and share-alike required,packet_ready,geofabrik_named_food_service
national-post-office-hi-fedex-89c3ba0615,FedEx post-office-centered national sample candidate,national_post_office_sample_candidate,food_service,osm:node:3740804344,L&L Hawaiian Barbecue,,,FedEx,HI,,21.2879906,-157.8151560,Geofabrik OpenStreetMap GeoPackage extract,2026-08-14T20:21:03Z,open,ODbL; attribution and share-alike required,packet_ready,geofabrik_named_food_service
national-post-office-hi-fedex-89c3ba0615,FedEx post-office-centered national sample candidate,national_post_office_sample_candidate,food_service,osm:node:3846248287,L&L Hawaiian Barbecue,,,FedEx,HI,,21.3010867,-157.8157050,Geofabrik OpenStreetMap GeoPackage extract,2026-08-14T20:21:03Z,open,ODbL; attribution and share-alike required,packet_ready,geofabrik_named_food_service
national-post-office-hi-fedex-89c3ba0615,FedEx post-office-centered national sample candidate,national_post_office_sample_candidate,food_service,osm:node:4198315899,L&L Hawaiian Barbecue,,,FedEx,HI,,21.2938728,-157.8530340,Geofabrik OpenStreetMap GeoPackage extract,2026-08-14T20:21:03Z,open,ODbL; attribution and share-alike required,packet_ready,geofabrik_named_food_service
national-post-office-hi-fedex-89c3ba0615,FedEx post-office-centered national sample candidate,national_post_office_sample_candidate,food_service,osm:node:4478220129,L&L Hawaiian Barbecue,,,FedEx,HI,,21.3078586,-157.8105560,Geofabrik OpenStreetMap GeoPackage extract,2026-08-14T20:21:03Z,open,ODbL; attribution and share-alike required,packet_ready,geofabrik_named_food_service
national-post-office-hi-fedex-89c3ba0615,FedEx post-office-centered national sample candidate,national_post_office_sample_candidate,food_service,osm:node:4496304698,L&L Hawaiian Barbecue,,,FedEx,HI,,21.2909688,-157.8532470,Geofabrik OpenStreetMap GeoPackage extract,2026-08-14T20:21:03Z,open,ODbL; attribution and share-alike required,packet_ready,geofabrik_named_food_service
national-post-office-hi-fedex-89c3ba0615,FedEx post-office-centered national sample candidate,national_post_office_sample_candidate,food_service,osm:node:6377287057,L&L Hawaiian Barbecue,,,FedEx,HI,,21.3076427,-157.8613300,Geofabrik OpenStreetMap GeoPackage extract,2026-08-14T20:21:03Z,open,ODbL; attribution and share-alike required,packet_ready,geofabrik_named_food_service
national-post-office-hi-fedex-89c3ba0615,FedEx post-office-centered national sample candidate,national_post_office_sample_candidate,food_service,osm:way:1357574512,L&L Hawaiian Barbecue,,,FedEx,HI,,21.2936965,-157.8263467,Geofabrik OpenStreetMap GeoPackage extract,2026-08-14T20:21:03Z,open,ODbL; attribution and share-alike required,packet_ready,geofabrik_named_food_service
national-post-office-hi-fedex-89c3ba0615,FedEx post-office-centered national sample candidate,national_post_office_sample_candidate,food_service,osm:way:295755876,L&L Hawaiian Barbecue,,,FedEx,HI,,21.2885816,-157.8454887,Geofabrik OpenStreetMap GeoPackage extract,2026-08-14T20:21:03Z,open,ODbL; attribution and share-alike required,packet_ready,geofabrik_named_food_service
national-post-office-hi-fedex-89c3ba0615,FedEx post-office-centered national sample candidate,national_post_office_sample_candidate,food_service,osm:node:11060928295,L.A. Brisket,,,FedEx,HI,,21.2904073,-157.8442055,Geofabrik OpenStreetMap GeoPackage extract,2026-08-14T20:21:03Z,open,ODbL; attribution and share-alike required,packet_ready,geofabrik_named_food_service
national-post-office-hi-fedex-89c3ba0615,FedEx post-office-centered national sample candidate,national_post_office_sample_candidate,food_service,osm:node:2721777138,La Cucaracha Waikiki,,,FedEx,HI,,21.2758128,-157.8241926,Geofabrik OpenStreetMap GeoPackage extract,2026-08-14T20:21:03Z,open,ODbL; attribution and share-alike required,packet_ready,geofabrik_named_food_service
national-post-office-hi-fedex-89c3ba0615,FedEx post-office-centered national sample candidate,national_post_office_sample_candidate,food_service,osm:node:3767294793,La Mer,,,FedEx,HI,,21.2783382,-157.8320210,Geofabrik OpenStreetMap GeoPackage extract,2026-08-14T20:21:03Z,open,ODbL; attribution and share-alike required,packet_ready,geofabrik_named_food_service
national-post-office-hi-fedex-89c3ba0615,FedEx post-office-centered national sample candidate,national_post_office_sample_candidate,food_service,osm:node:10688046120,La Pizza Rina,,,FedEx,HI,,21.2981247,-157.8396212,Geofabrik OpenStreetMap GeoPackage extract,2026-08-14T20:21:03Z,open,ODbL; attribution and share-alike required,packet_ready,geofabrik_named_food_service
national-post-office-hi-fedex-89c3ba0615,FedEx post-office-centered national sample candidate,national_post_office_sample_candidate,food_service,osm:node:13375134702,La Plena BBQ,,,FedEx,HI,,21.2859189,-157.8325861,Geofabrik OpenStreetMap GeoPackage extract,2026-08-14T20:21:03Z,open,ODbL; attribution and share-alike required,packet_ready,geofabrik_named_food_service
national-post-office-hi-fedex-89c3ba0615,FedEx post-office-centered national sample candidate,national_post_office_sample_candidate,food_service,osm:node:1403854602,La Tour Cafe,,,FedEx,HI,,21.3160414,-157.8741535,Geofabrik OpenStreetMap GeoPackage extract,2026-08-14T20:21:03Z,open,ODbL; attribution and share-alike required,packet_ready,geofabrik_named_food_service
national-post-office-hi-fedex-89c3ba0615,FedEx post-office-centered national sample candidate,national_post_office_sample_candidate,food_service,osm:node:10210339039,La Vie,,,FedEx,HI,,21.2821636,-157.8299844,Geofabrik OpenStreetMap GeoPackage extract,2026-08-14T20:21:03Z,open,ODbL; attribution and share-alike required,packet_ready,geofabrik_named_food_service
national-post-office-hi-fedex-89c3ba0615,FedEx post-office-centered national sample candidate,national_post_office_sample_candidate,food_service,osm:node:13429683185,Lady Elaine,,,FedEx,HI,,21.3083348,-157.8107238,Geofabrik OpenStreetMap GeoPackage extract,2026-08-14T20:21:03Z,open,ODbL; attribution and share-alike required,packet_ready,geofabrik_named_food_service
national-post-office-hi-fedex-89c3ba0615,FedEx post-office-centered national sample candidate,national_post_office_sample_candidate,food_service,osm:node:10174735281,Lagoon Grill,,,FedEx,HI,,21.2832487,-157.8391563,Geofabrik OpenStreetMap GeoPackage extract,2026-08-14T20:21:03Z,open,ODbL; attribution and share-alike required,packet_ready,geofabrik_named_food_service
national-post-office-hi-fedex-89c3ba0615,FedEx post-office-centered national sample candidate,national_post_office_sample_candidate,food_service,osm:node:11060928303,Lahaina Chicken Company,,,FedEx,HI,,21.2906663,-157.8439600,Geofabrik OpenStreetMap GeoPackage extract,2026-08-14T20:21:03Z,open,ODbL; attribution and share-alike required,packet_ready,geofabrik_named_food_service
national-post-office-hi-fedex-89c3ba0615,FedEx post-office-centered national sample candidate,national_post_office_sample_candidate,food_service,osm:node:11461354295,Laura's Camelot Restaurant & Lounge,,,FedEx,HI,,21.2971568,-157.8421023,Geofabrik OpenStreetMap GeoPackage extract,2026-08-14T20:21:03Z,open,ODbL; attribution and share-alike required,packet_ready,geofabrik_named_food_service
national-post-office-hi-fedex-89c3ba0615,FedEx post-office-centered national sample candidate,national_post_office_sample_candidate,food_service,osm:node:13429683190,Le Crepe Cafe,,,FedEx,HI,,21.3083876,-157.8106256,Geofabrik OpenStreetMap GeoPackage extract,2026-08-14T20:21:03Z,open,ODbL; attribution and share-alike required,packet_ready,geofabrik_named_food_service
national-post-office-hi-fedex-89c3ba0615,FedEx post-office-centered national sample candidate,national_post_office_sample_candidate,food_service,osm:node:13174805460,Lee Ho Fook,,,FedEx,HI,,21.3147359,-157.8609967,Geofabrik OpenStreetMap GeoPackage extract,2026-08-14T20:21:03Z,open,ODbL; attribution and share-alike required,packet_ready,geofabrik_named_food_service
national-post-office-hi-fedex-89c3ba0615,FedEx post-office-centered national sample candidate,national_post_office_sample_candidate,food_service,osm:node:4608594894,Legend Seafood Restaurant,,,FedEx,HI,,21.3142247,-157.8615330,Geofabrik OpenStreetMap GeoPackage extract,2026-08-14T20:21:03Z,open,ODbL; attribution and share-alike required,packet_ready,geofabrik_named_food_service
national-post-office-hi-fedex-89c3ba0615,FedEx post-office-centered national sample candidate,national_post_office_sample_candidate,food_service,osm:node:11568466048,Leo's Taverna,,,FedEx,HI,,21.2800014,-157.8279815,Geofabrik OpenStreetMap GeoPackage extract,2026-08-14T20:21:03Z,open,ODbL; attribution and share-alike required,packet_ready,geofabrik_named_food_service
national-post-office-hi-fedex-89c3ba0615,FedEx post-office-centered national sample candidate,national_post_office_sample_candidate,food_service,osm:way:360681439,Leonard's Bakery,,,FedEx,HI,,21.2848995,-157.8133086,Geofabrik OpenStreetMap GeoPackage extract,2026-08-14T20:21:03Z,open,ODbL; attribution and share-alike required,packet_ready,geofabrik_named_food_service
national-post-office-hi-fedex-89c3ba0615,FedEx post-office-centered national sample candidate,national_post_office_sample_candidate,food_service,osm:node:10796520142,Leo’s Taverna Express,,,FedEx,HI,,21.2931622,-157.8387562,Geofabrik OpenStreetMap GeoPackage extract,2026-08-14T20:21:03Z,open,ODbL; attribution and share-alike required,packet_ready,geofabrik_named_food_service
national-post-office-hi-fedex-89c3ba0615,FedEx post-office-centered national sample candidate,national_post_office_sample_candidate,food_service,osm:node:12015943441,Liliha,,,FedEx,HI,,21.2782587,-157.8263751,Geofabrik OpenStreetMap GeoPackage extract,2026-08-14T20:21:03Z,open,ODbL; attribution and share-alike required,packet_ready,geofabrik_named_food_service
national-post-office-hi-fedex-89c3ba0615,FedEx post-office-centered national sample candidate,national_post_office_sample_candidate,food_service,osm:node:9583935679,Liliha Bakery,,,FedEx,HI,,21.2905861,-157.8412975,Geofabrik OpenStreetMap GeoPackage extract,2026-08-14T20:21:03Z,open,ODbL; attribution and share-alike required,packet_ready,geofabrik_named_food_service
national-post-office-hi-fedex-89c3ba0615,FedEx post-office-centered national sample candidate,national_post_office_sample_candidate,food_service,osm:node:11060928281,Little Cafe Siam,,,FedEx,HI,,21.2906262,-157.8438656,Geofabrik OpenStreetMap GeoPackage extract,2026-08-14T20:21:03Z,open,ODbL; attribution and share-alike required,packet_ready,geofabrik_named_food_service
national-post-office-hi-fedex-89c3ba0615,FedEx post-office-centered national sample candidate,national_post_office_sample_candidate,food_service,osm:way:1082574089,Little Italy,,,FedEx,HI,,21.2803377,-157.8279919,Geofabrik OpenStreetMap GeoPackage extract,2026-08-14T20:21:03Z,open,ODbL; attribution and share-alike required,packet_ready,geofabrik_named_food_service
national-post-office-hi-fedex-89c3ba0615,FedEx post-office-centered national sample candidate,national_post_office_sample_candidate,food_service,osm:node:13429683184,Little Plum,,,FedEx,HI,,21.3080734,-157.8109195,Geofabrik OpenStreetMap GeoPackage extract,2026-08-14T20:21:03Z,open,ODbL; attribution and share-alike required,packet_ready,geofabrik_named_food_service
national-post-office-hi-fedex-89c3ba0615,FedEx post-office-centered national sample candidate,national_post_office_sample_candidate,food_service,osm:node:11110820952,Little Sweet,,,FedEx,HI,,21.2817273,-157.8143870,Geofabrik OpenStreetMap GeoPackage extract,2026-08-14T20:21:03Z,open,ODbL; attribution and share-alike required,packet_ready,geofabrik_named_food_service
national-post-office-hi-fedex-89c3ba0615,FedEx post-office-centered national sample candidate,national_post_office_sample_candidate,food_service,osm:way:488208995,Lobster King,,,FedEx,HI,,21.2987570,-157.8403890,Geofabrik OpenStreetMap GeoPackage extract,2026-08-14T20:21:03Z,open,ODbL; attribution and share-alike required,packet_ready,geofabrik_named_food_service
national-post-office-hi-fedex-89c3ba0615,FedEx post-office-centered national sample candidate,national_post_office_sample_candidate,food_service,osm:node:7738549037,Local Joe,,,FedEx,HI,,21.3107548,-157.8638091,Geofabrik OpenStreetMap GeoPackage extract,2026-08-14T20:21:03Z,open,ODbL; attribution and share-alike required,packet_ready,geofabrik_named_food_service
national-post-office-hi-fedex-89c3ba0615,FedEx post-office-centered national sample candidate,national_post_office_sample_candidate,food_service,osm:node:9859259545,Los Chaparros,,,FedEx,HI,,21.2960038,-157.8269612,Geofabrik OpenStreetMap GeoPackage extract,2026-08-14T20:21:03Z,open,ODbL; attribution and share-alike required,packet_ready,geofabrik_named_food_service
national-post-office-hi-fedex-89c3ba0615,FedEx post-office-centered national sample candidate,national_post_office_sample_candidate,food_service,osm:node:7016556985,Loving Hut,,,FedEx,HI,,21.2971069,-157.8355952,Geofabrik OpenStreetMap GeoPackage extract,2026-08-14T20:21:03Z,open,ODbL; attribution and share-alike required,packet_ready,geofabrik_named_food_service
national-post-office-hi-fedex-89c3ba0615,FedEx post-office-centered national sample candidate,national_post_office_sample_candidate,food_service,osm:node:5750422422,Lucky Belly,,,FedEx,HI,,21.3117060,-157.8623010,Geofabrik OpenStreetMap GeoPackage extract,2026-08-14T20:21:03Z,open,ODbL; attribution and share-alike required,packet_ready,geofabrik_named_food_service
national-post-office-hi-fedex-89c3ba0615,FedEx post-office-centered national sample candidate,national_post_office_sample_candidate,food_service,osm:node:7894936678,Lucky Strike Lanes;Lucky Strike Social,,,FedEx,HI,,21.2903744,-157.8437456,Geofabrik OpenStreetMap GeoPackage extract,2026-08-14T20:21:03Z,open,ODbL; attribution and share-alike required,packet_ready,geofabrik_named_food_service
national-post-office-hi-fedex-89c3ba0615,FedEx post-office-centered national sample candidate,national_post_office_sample_candidate,food_service,osm:node:2671349383,Lulu's Waikiki,,,FedEx,HI,,21.2717924,-157.8226676,Geofabrik OpenStreetMap GeoPackage extract,2026-08-14T20:21:03Z,open,ODbL; attribution and share-alike required,packet_ready,geofabrik_named_food_service
national-post-office-hi-fedex-89c3ba0615,FedEx post-office-centered national sample candidate,national_post_office_sample_candidate,food_service,osm:node:9382722835,Lunar Tea,,,FedEx,HI,,21.2938300,-157.8259336,Geofabrik OpenStreetMap GeoPackage extract,2026-08-14T20:21:03Z,open,ODbL; attribution and share-alike required,packet_ready,geofabrik_named_food_service
national-post-office-hi-fedex-89c3ba0615,FedEx post-office-centered national sample candidate,national_post_office_sample_candidate,food_service,osm:way:1357574523,Lunar Tea,,,FedEx,HI,,21.2938723,-157.8259175,Geofabrik OpenStreetMap GeoPackage extract,2026-08-14T20:21:03Z,open,ODbL; attribution and share-alike required,packet_ready,geofabrik_named_food_service
national-post-office-hi-fedex-89c3ba0615,FedEx post-office-centered national sample candidate,national_post_office_sample_candidate,food_service,osm:node:4480998353,Lēʻahi Health,,,FedEx,HI,,21.3078095,-157.8102832,Geofabrik OpenStreetMap GeoPackage extract,2026-08-14T20:21:03Z,open,ODbL; attribution and share-alike required,packet_ready,geofabrik_named_food_service
national-post-office-hi-fedex-89c3ba0615,FedEx post-office-centered national sample candidate,national_post_office_sample_candidate,food_service,osm:node:6983742485,MW Restaurant,,,FedEx,HI,,21.2995644,-157.8524550,Geofabrik OpenStreetMap GeoPackage extract,2026-08-14T20:21:03Z,open,ODbL; attribution and share-alike required,packet_ready,geofabrik_named_food_service
national-post-office-hi-fedex-89c3ba0615,FedEx post-office-centered national sample candidate,national_post_office_sample_candidate,food_service,osm:node:3233933707,Mac 24/7 Bar & Restaurant,,,FedEx,HI,,21.2746984,-157.8202903,Geofabrik OpenStreetMap GeoPackage extract,2026-08-14T20:21:03Z,open,ODbL; attribution and share-alike required,packet_ready,geofabrik_named_food_service
national-post-office-hi-fedex-89c3ba0615,FedEx post-office-centered national sample candidate,national_post_office_sample_candidate,food_service,osm:node:9279077022,Machete’s Mean Sandwich,,,FedEx,HI,,21.3234315,-157.8738628,Geofabrik OpenStreetMap GeoPackage extract,2026-08-14T20:21:03Z,open,ODbL; attribution and share-alike required,packet_ready,geofabrik_named_food_service
national-post-office-hi-fedex-89c3ba0615,FedEx post-office-centered national sample candidate,national_post_office_sample_candidate,food_service,osm:node:11060928304,Madame Saigon,,,FedEx,HI,,21.2904800,-157.8440293,Geofabrik OpenStreetMap GeoPackage extract,2026-08-14T20:21:03Z,open,ODbL; attribution and share-alike required,packet_ready,geofabrik_named_food_service
national-post-office-hi-fedex-89c3ba0615,FedEx post-office-centered national sample candidate,national_post_office_sample_candidate,food_service,osm:node:2650353037,Magokoro,,,FedEx,HI,,21.2840879,-157.8371774,Geofabrik OpenStreetMap GeoPackage extract,2026-08-14T20:21:03Z,open,ODbL; attribution and share-alike required,packet_ready,geofabrik_named_food_service
national-post-office-hi-fedex-89c3ba0615,FedEx post-office-centered national sample candidate,national_post_office_sample_candidate,food_service,osm:node:12015943439,Maguro Brothers,,,FedEx,HI,,21.2796886,-157.8285772,Geofabrik OpenStreetMap GeoPackage extract,2026-08-14T20:21:03Z,open,ODbL; attribution and share-alike required,packet_ready,geofabrik_named_food_service
national-post-office-hi-fedex-89c3ba0615,FedEx post-office-centered national sample candidate,national_post_office_sample_candidate,food_service,osm:node:8642464269,Maguro Spot,,,FedEx,HI,,21.2764755,-157.8234555,Geofabrik OpenStreetMap GeoPackage extract,2026-08-14T20:21:03Z,open,ODbL; attribution and share-alike required,packet_ready,geofabrik_named_food_service
national-post-office-hi-fedex-89c3ba0615,FedEx post-office-centered national sample candidate,national_post_office_sample_candidate,food_service,osm:way:1191951793,Maguro-ya,,,FedEx,HI,,21.2829316,-157.7999032,Geofabrik OpenStreetMap GeoPackage extract,2026-08-14T20:21:03Z,open,ODbL; attribution and share-alike required,packet_ready,geofabrik_named_food_service
national-post-office-hi-fedex-89c3ba0615,FedEx post-office-centered national sample candidate,national_post_office_sample_candidate,food_service,osm:node:11374613383,Mahaloha Burger,,,FedEx,HI,,21.2905802,-157.8418048,Geofabrik OpenStreetMap GeoPackage extract,2026-08-14T20:21:03Z,open,ODbL; attribution and share-alike required,packet_ready,geofabrik_named_food_service
national-post-office-hi-fedex-89c3ba0615,FedEx post-office-centered national sample candidate,national_post_office_sample_candidate,food_service,osm:node:13377549712,Mahaloha Burger,,,FedEx,HI,,21.2787466,-157.8293618,Geofabrik OpenStreetMap GeoPackage extract,2026-08-14T20:21:03Z,open,ODbL; attribution and share-alike required,packet_ready,geofabrik_named_food_service
national-post-office-hi-fedex-89c3ba0615,FedEx post-office-centered national sample candidate,national_post_office_sample_candidate,food_service,osm:node:6045597690,Mahina and Sun's,,,FedEx,HI,,21.2819828,-157.8281537,Geofabrik OpenStreetMap GeoPackage extract,2026-08-14T20:21:03Z,open,ODbL; attribution and share-alike required,packet_ready,geofabrik_named_food_service
national-post-office-hi-fedex-89c3ba0615,FedEx post-office-centered national sample candidate,national_post_office_sample_candidate,food_service,osm:node:1381008587,Mai Lan,,,FedEx,HI,,21.3007480,-157.8394110,Geofabrik OpenStreetMap GeoPackage extract,2026-08-14T20:21:03Z,open,ODbL; attribution and share-alike required,packet_ready,geofabrik_named_food_service
national-post-office-hi-fedex-89c3ba0615,FedEx post-office-centered national sample candidate,national_post_office_sample_candidate,food_service,osm:node:7035102186,Maile's Thai,,,FedEx,HI,,21.2930304,-157.8527186,Geofabrik OpenStreetMap GeoPackage extract,2026-08-14T20:21:03Z,open,ODbL; attribution and share-alike required,packet_ready,geofabrik_named_food_service
national-post-office-hi-fedex-89c3ba0615,FedEx post-office-centered national sample candidate,national_post_office_sample_candidate,food_service,osm:node:10189306222,Makana Lani,,,FedEx,HI,,21.2746089,-157.8233281,Geofabrik OpenStreetMap GeoPackage extract,2026-08-14T20:21:03Z,open,ODbL; attribution and share-alike required,packet_ready,geofabrik_named_food_service
national-post-office-hi-fedex-89c3ba0615,FedEx post-office-centered national sample candidate,national_post_office_sample_candidate,food_service,osm:node:11374607783,Mama Sandwiches,,,FedEx,HI,,21.2906361,-157.8419265,Geofabrik OpenStreetMap GeoPackage extract,2026-08-14T20:21:03Z,open,ODbL; attribution and share-alike required,packet_ready,geofabrik_named_food_service
national-post-office-hi-fedex-89c3ba0615,FedEx post-office-centered national sample candidate,national_post_office_sample_candidate,food_service,osm:node:7016670186,Mama T's Ital Kitchen - Umeke Market,,,FedEx,HI,,21.3087855,-157.8610610,Geofabrik OpenStreetMap GeoPackage extract,2026-08-14T20:21:03Z,open,ODbL; attribution and share-alike required,packet_ready,geofabrik_named_food_service
national-post-office-hi-fedex-89c3ba0615,FedEx post-office-centered national sample candidate,national_post_office_sample_candidate,food_service,osm:node:10793990101,Mama Woo’s,,,FedEx,HI,,21.2944312,-157.8284160,Geofabrik OpenStreetMap GeoPackage extract,2026-08-14T20:21:03Z,open,ODbL; attribution and share-alike required,packet_ready,geofabrik_named_food_service
national-post-office-hi-fedex-89c3ba0615,FedEx post-office-centered national sample candidate,national_post_office_sample_candidate,food_service,osm:node:11060928294,Mama's Spaghetti House,,,FedEx,HI,,21.2903855,-157.8441661,Geofabrik OpenStreetMap GeoPackage extract,2026-08-14T20:21:03Z,open,ODbL; attribution and share-alike required,packet_ready,geofabrik_named_food_service
national-post-office-hi-fedex-89c3ba0615,FedEx post-office-centered national sample candidate,national_post_office_sample_candidate,food_service,osm:node:6325441820,Mami’s Empenadas Food truck,,,FedEx,HI,,21.2730945,-157.8215496,Geofabrik OpenStreetMap GeoPackage extract,2026-08-14T20:21:03Z,open,ODbL; attribution and share-alike required,packet_ready,geofabrik_named_food_service
national-post-office-hi-fedex-89c3ba0615,FedEx post-office-centered national sample candidate,national_post_office_sample_candidate,food_service,osm:node:7704518984,Mandoo House,,,FedEx,HI,,21.3135950,-157.8584275,Geofabrik OpenStreetMap GeoPackage extract,2026-08-14T20:21:03Z,open,ODbL; attribution and share-alike required,packet_ready,geofabrik_named_food_service
national-post-office-hi-fedex-89c3ba0615,FedEx post-office-centered national sample candidate,national_post_office_sample_candidate,food_service,osm:node:11060928283,Manna & Grill,,,FedEx,HI,,21.2904570,-157.8439686,Geofabrik OpenStreetMap GeoPackage extract,2026-08-14T20:21:03Z,open,ODbL; attribution and share-alike required,packet_ready,geofabrik_named_food_service
national-post-office-hi-fedex-89c3ba0615,FedEx post-office-centered national sample candidate,national_post_office_sample_candidate,food_service,osm:node:4478220128,Manoa Sushi,,,FedEx,HI,,21.3079143,-157.8106659,Geofabrik OpenStreetMap GeoPackage extract,2026-08-14T20:21:03Z,open,ODbL; attribution and share-alike required,packet_ready,geofabrik_named_food_service
national-post-office-hi-fedex-89c3ba0615,FedEx post-office-centered national sample candidate,national_post_office_sample_candidate,food_service,osm:node:6415030515,Manoa Sushi,,,FedEx,HI,,21.3004837,-157.8281069,Geofabrik OpenStreetMap GeoPackage extract,2026-08-14T20:21:03Z,open,ODbL; attribution and share-alike required,packet_ready,geofabrik_named_food_service
national-post-office-hi-fedex-89c3ba0615,FedEx post-office-centered national sample candidate,national_post_office_sample_candidate,food_service,osm:node:13042380982,Maria Bonita's,,,FedEx,HI,,21.3112276,-157.8622811,Geofabrik OpenStreetMap GeoPackage extract,2026-08-14T20:21:03Z,open,ODbL; attribution and share-alike required,packet_ready,geofabrik_named_food_service
national-post-office-hi-fedex-89c3ba0615,FedEx post-office-centered national sample candidate,national_post_office_sample_candidate,food_service,osm:node:3466188848,Marugame Udon,,,FedEx,HI,,21.2794870,-157.8260414,Geofabrik OpenStreetMap GeoPackage extract,2026-08-14T20:21:03Z,open,ODbL; attribution and share-alike required,packet_ready,geofabrik_named_food_service
national-post-office-hi-fedex-89c3ba0615,FedEx post-office-centered national sample candidate,national_post_office_sample_candidate,food_service,osm:node:5729057244,Marugame Udon,,,FedEx,HI,,21.3100327,-157.8611689,Geofabrik OpenStreetMap GeoPackage extract,2026-08-14T20:21:03Z,open,ODbL; attribution and share-alike required,packet_ready,geofabrik_named_food_service
national-post-office-hi-fedex-89c3ba0615,FedEx post-office-centered national sample candidate,national_post_office_sample_candidate,food_service,osm:node:11280589440,Maruyama,,,FedEx,HI,,21.2967742,-157.8423236,Geofabrik OpenStreetMap GeoPackage extract,2026-08-14T20:21:03Z,open,ODbL; attribution and share-alike required,packet_ready,geofabrik_named_food_service
national-post-office-hi-fedex-89c3ba0615,FedEx post-office-centered national sample candidate,national_post_office_sample_candidate,food_service,osm:node:4515779689,Matcha Stand Maiko,,,FedEx,HI,,21.2794889,-157.8257758,Geofabrik OpenStreetMap GeoPackage extract,2026-08-14T20:21:03Z,open,ODbL; attribution and share-alike required,packet_ready,geofabrik_named_food_service
national-post-office-hi-fedex-89c3ba0615,FedEx post-office-centered national sample candidate,national_post_office_sample_candidate,food_service,osm:node:2623238127,McDonald's,,,FedEx,HI,,21.3098611,-157.8610090,Geofabrik OpenStreetMap GeoPackage extract,2026-08-14T20:21:03Z,open,ODbL; attribution and share-alike required,packet_ready,geofabrik_named_food_service
national-post-office-hi-fedex-89c3ba0615,FedEx post-office-centered national sample candidate,national_post_office_sample_candidate,food_service,osm:node:4198263690,McDonald's,,,FedEx,HI,,21.2856305,-157.8384335,Geofabrik OpenStreetMap GeoPackage extract,2026-08-14T20:21:03Z,open,ODbL; attribution and share-alike required,packet_ready,geofabrik_named_food_service
national-post-office-hi-fedex-89c3ba0615,FedEx post-office-centered national sample candidate,national_post_office_sample_candidate,food_service,osm:node:810809588,McDonald's,,,FedEx,HI,,21.2869027,-157.8064719,Geofabrik OpenStreetMap GeoPackage extract,2026-08-14T20:21:03Z,open,ODbL; attribution and share-alike required,packet_ready,geofabrik_named_food_service
national-post-office-hi-fedex-89c3ba0615,FedEx post-office-centered national sample candidate,national_post_office_sample_candidate,food_service,osm:way:174842352,McDonald's,,,FedEx,HI,,21.3095652,-157.8095658,Geofabrik OpenStreetMap GeoPackage extract,2026-08-14T20:21:03Z,open,ODbL; attribution and share-alike required,packet_ready,geofabrik_named_food_service
national-post-office-hi-fedex-89c3ba0615,FedEx post-office-centered national sample candidate,national_post_office_sample_candidate,food_service,osm:way:256684704,McDonald's,,,FedEx,HI,,21.3243088,-157.8759644,Geofabrik OpenStreetMap GeoPackage extract,2026-08-14T20:21:03Z,open,ODbL; attribution and share-alike required,packet_ready,geofabrik_named_food_service
national-post-office-hi-fedex-89c3ba0615,FedEx post-office-centered national sample candidate,national_post_office_sample_candidate,food_service,osm:way:435899647,McDonald's,,,FedEx,HI,,21.2804238,-157.8276352,Geofabrik OpenStreetMap GeoPackage extract,2026-08-14T20:21:03Z,open,ODbL; attribution and share-alike required,packet_ready,geofabrik_named_food_service
national-post-office-hi-fedex-89c3ba0615,FedEx post-office-centered national sample candidate,national_post_office_sample_candidate,food_service,osm:way:439694693,McDonald's,,,FedEx,HI,,21.3214808,-157.8596373,Geofabrik OpenStreetMap GeoPackage extract,2026-08-14T20:21:03Z,open,ODbL; attribution and share-alike required,packet_ready,geofabrik_named_food_service
national-post-office-hi-fedex-89c3ba0615,FedEx post-office-centered national sample candidate,national_post_office_sample_candidate,food_service,osm:way:492450462,McDonald's,,,FedEx,HI,,21.3023843,-157.8465059,Geofabrik OpenStreetMap GeoPackage extract,2026-08-14T20:21:03Z,open,ODbL; attribution and share-alike required,packet_ready,geofabrik_named_food_service
national-post-office-hi-fedex-89c3ba0615,FedEx post-office-centered national sample candidate,national_post_office_sample_candidate,food_service,osm:way:493780486,McDonald's,,,FedEx,HI,,21.2939113,-157.8282161,Geofabrik OpenStreetMap GeoPackage extract,2026-08-14T20:21:03Z,open,ODbL; attribution and share-alike required,packet_ready,geofabrik_named_food_service
national-post-office-hi-fedex-89c3ba0615,FedEx post-office-centered national sample candidate,national_post_office_sample_candidate,food_service,osm:way:493810154,McDonald's,,,FedEx,HI,,21.2973194,-157.8410718,Geofabrik OpenStreetMap GeoPackage extract,2026-08-14T20:21:03Z,open,ODbL; attribution and share-alike required,packet_ready,geofabrik_named_food_service
national-post-office-hi-fedex-89c3ba0615,FedEx post-office-centered national sample candidate,national_post_office_sample_candidate,food_service,osm:way:49428641,McDonald's,,,FedEx,HI,,21.2746588,-157.8241468,Geofabrik OpenStreetMap GeoPackage extract,2026-08-14T20:21:03Z,open,ODbL; attribution and share-alike required,packet_ready,geofabrik_named_food_service
national-post-office-hi-fedex-89c3ba0615,FedEx post-office-centered national sample candidate,national_post_office_sample_candidate,food_service,osm:way:645960525,McDonald's,,,FedEx,HI,,21.3271109,-157.8860165,Geofabrik OpenStreetMap GeoPackage extract,2026-08-14T20:21:03Z,open,ODbL; attribution and share-alike required,packet_ready,geofabrik_named_food_service
national-post-office-hi-fedex-89c3ba0615,FedEx post-office-centered national sample candidate,national_post_office_sample_candidate,food_service,osm:node:3669784815,Me's Bar-B-Que,,,FedEx,HI,,21.2764211,-157.8234300,Geofabrik OpenStreetMap GeoPackage extract,2026-08-14T20:21:03Z,open,ODbL; attribution and share-alike required,packet_ready,geofabrik_named_food_service
national-post-office-hi-fedex-89c3ba0615,FedEx post-office-centered national sample candidate,national_post_office_sample_candidate,food_service,osm:node:6983779417,Meg's Drive Inn,,,FedEx,HI,,21.3261988,-157.8736850,Geofabrik OpenStreetMap GeoPackage extract,2026-08-14T20:21:03Z,open,ODbL; attribution and share-alike required,packet_ready,geofabrik_named_food_service
national-post-office-hi-fedex-89c3ba0615,FedEx post-office-centered national sample candidate,national_post_office_sample_candidate,food_service,osm:node:12369320168,Mei Sum Dim Sum,,,FedEx,HI,,21.3119281,-157.8608895,Geofabrik OpenStreetMap GeoPackage extract,2026-08-14T20:21:03Z,open,ODbL; attribution and share-alike required,packet_ready,geofabrik_named_food_service
national-post-office-hi-fedex-89c3ba0615,FedEx post-office-centered national sample candidate,national_post_office_sample_candidate,food_service,osm:node:9698290417,Merriman’s Honolulu,,,FedEx,HI,,21.2936287,-157.8526952,Geofabrik OpenStreetMap GeoPackage extract,2026-08-14T20:21:03Z,open,ODbL; attribution and share-alike required,packet_ready,geofabrik_named_food_service
national-post-office-hi-fedex-89c3ba0615,FedEx post-office-centered national sample candidate,national_post_office_sample_candidate,food_service,osm:node:6377287050,Mexican Coffee,,,FedEx,HI,,21.3071286,-157.8657463,Geofabrik OpenStreetMap GeoPackage extract,2026-08-14T20:21:03Z,open,ODbL; attribution and share-alike required,packet_ready,geofabrik_named_food_service
national-post-office-hi-fedex-89c3ba0615,FedEx post-office-centered national sample candidate,national_post_office_sample_candidate,food_service,osm:node:5875360801,Mezzo,,,FedEx,HI,,21.2879406,-157.8149306,Geofabrik OpenStreetMap GeoPackage extract,2026-08-14T20:21:03Z,open,ODbL; attribution and share-alike required,packet_ready,geofabrik_named_food_service
national-post-office-hi-fedex-89c3ba0615,FedEx post-office-centered national sample candidate,national_post_office_sample_candidate,food_service,osm:node:6440971186,Michel's at The Colony Surf,,,FedEx,HI,,21.2622746,-157.8213588,Geofabrik OpenStreetMap GeoPackage extract,2026-08-14T20:21:03Z,open,ODbL; attribution and share-alike required,packet_ready,geofabrik_named_food_service
national-post-office-hi-fedex-89c3ba0615,FedEx post-office-centered national sample candidate,national_post_office_sample_candidate,food_service,osm:node:13791668261,Middle Eats,,,FedEx,HI,,21.2972905,-157.8404597,Geofabrik OpenStreetMap GeoPackage extract,2026-08-14T20:21:03Z,open,ODbL; attribution and share-alike required,packet_ready,geofabrik_named_food_service
national-post-office-hi-fedex-89c3ba0615,FedEx post-office-centered national sample candidate,national_post_office_sample_candidate,food_service,osm:node:3686297132,Mikawon,,,FedEx,HI,,21.2792685,-157.8255796,Geofabrik OpenStreetMap GeoPackage extract,2026-08-14T20:21:03Z,open,ODbL; attribution and share-alike required,packet_ready,geofabrik_named_food_service
national-post-office-hi-fedex-89c3ba0615,FedEx post-office-centered national sample candidate,national_post_office_sample_candidate,food_service,osm:node:4338096895,Mike's Huli Chicken,,,FedEx,HI,,21.2760387,-157.8144511,Geofabrik OpenStreetMap GeoPackage extract,2026-08-14T20:21:03Z,open,ODbL; attribution and share-alike required,packet_ready,geofabrik_named_food_service
national-post-office-hi-fedex-89c3ba0615,FedEx post-office-centered national sample candidate,national_post_office_sample_candidate,food_service,osm:node:5104880322,Mikiya Wagyu Shabu House,,,FedEx,HI,,21.2951290,-157.8475713,Geofabrik OpenStreetMap GeoPackage extract,2026-08-14T20:21:03Z,open,ODbL; attribution and share-alike required,packet_ready,geofabrik_named_food_service
national-post-office-hi-fedex-89c3ba0615,FedEx post-office-centered national sample candidate,national_post_office_sample_candidate,food_service,osm:node:11624420003,Million,,,FedEx,HI,,21.2994521,-157.8532421,Geofabrik OpenStreetMap GeoPackage extract,2026-08-14T20:21:03Z,open,ODbL; attribution and share-alike required,packet_ready,geofabrik_named_food_service
national-post-office-hi-fedex-89c3ba0615,FedEx post-office-centered national sample candidate,national_post_office_sample_candidate,food_service,osm:node:10892005639,Mimi's Peruvian Cuisine,,,FedEx,HI,,21.2947598,-157.8416280,Geofabrik OpenStreetMap GeoPackage extract,2026-08-14T20:21:03Z,open,ODbL; attribution and share-alike required,packet_ready,geofabrik_named_food_service
national-post-office-hi-fedex-89c3ba0615,FedEx post-office-centered national sample candidate,national_post_office_sample_candidate,food_service,osm:node:4627917747,Mimi's Place,,,FedEx,HI,,21.3014908,-157.8625447,Geofabrik OpenStreetMap GeoPackage extract,2026-08-14T20:21:03Z,open,ODbL; attribution and share-alike required,packet_ready,geofabrik_named_food_service
national-post-office-hi-fedex-89c3ba0615,FedEx post-office-centered national sample candidate,national_post_office_sample_candidate,food_service,osm:node:7650988268,Min-Min,,,FedEx,HI,,21.2899697,-157.8324947,Geofabrik OpenStreetMap GeoPackage extract,2026-08-14T20:21:03Z,open,ODbL; attribution and share-alike required,packet_ready,geofabrik_named_food_service
national-post-office-hi-fedex-89c3ba0615,FedEx post-office-centered national sample candidate,national_post_office_sample_candidate,food_service,osm:node:12572341175,Mirage Art and Coffee,,,FedEx,HI,,21.2875911,-157.7988574,Geofabrik OpenStreetMap GeoPackage extract,2026-08-14T20:21:03Z,open,ODbL; attribution and share-alike required,packet_ready,geofabrik_named_food_service
national-post-office-hi-fedex-89c3ba0615,FedEx post-office-centered national sample candidate,national_post_office_sample_candidate,food_service,osm:node:11883122202,Miro Kaimuki,,,FedEx,HI,,21.2847028,-157.8025180,Geofabrik OpenStreetMap GeoPackage extract,2026-08-14T20:21:03Z,open,ODbL; attribution and share-alike required,packet_ready,geofabrik_named_food_service
national-post-office-hi-fedex-89c3ba0615,FedEx post-office-centered national sample candidate,national_post_office_sample_candidate,food_service,osm:node:9882327274,Mo-Mo Paradise,,,FedEx,HI,,21.2962882,-157.8562612,Geofabrik OpenStreetMap GeoPackage extract,2026-08-14T20:21:03Z,open,ODbL; attribution and share-alike required,packet_ready,geofabrik_named_food_service
national-post-office-hi-fedex-89c3ba0615,FedEx post-office-centered national sample candidate,national_post_office_sample_candidate,food_service,osm:node:11060928302,Moana Sushi,,,FedEx,HI,,21.2904164,-157.8438858,Geofabrik OpenStreetMap GeoPackage extract,2026-08-14T20:21:03Z,open,ODbL; attribution and share-alike required,packet_ready,geofabrik_named_food_service
national-post-office-hi-fedex-89c3ba0615,FedEx post-office-centered national sample candidate,national_post_office_sample_candidate,food_service,osm:node:4580319789,Moana Terrace,,,FedEx,HI,,21.2728913,-157.8232270,Geofabrik OpenStreetMap GeoPackage extract,2026-08-14T20:21:03Z,open,ODbL; attribution and share-alike required,packet_ready,geofabrik_named_food_service
national-post-office-hi-fedex-89c3ba0615,FedEx post-office-centered national sample candidate,national_post_office_sample_candidate,food_service,osm:node:5841474921,Moku Kitchen,,,FedEx,HI,,21.2984085,-157.8617320,Geofabrik OpenStreetMap GeoPackage extract,2026-08-14T20:21:03Z,open,ODbL; attribution and share-alike required,packet_ready,geofabrik_named_food_service
national-post-office-hi-fedex-89c3ba0615,FedEx post-office-centered national sample candidate,national_post_office_sample_candidate,food_service,osm:node:10189306223,Momosan Ramen & Sake,,,FedEx,HI,,21.2745039,-157.8232504,Geofabrik OpenStreetMap GeoPackage extract,2026-08-14T20:21:03Z,open,ODbL; attribution and share-alike required,packet_ready,geofabrik_named_food_service
national-post-office-hi-fedex-89c3ba0615,FedEx post-office-centered national sample candidate,national_post_office_sample_candidate,food_service,osm:node:4496304689,Momosan Waikiki,,,FedEx,HI,,21.2744950,-157.8238225,Geofabrik OpenStreetMap GeoPackage extract,2026-08-14T20:21:03Z,open,ODbL; attribution and share-alike required,packet_ready,geofabrik_named_food_service
national-post-office-hi-fedex-89c3ba0615,FedEx post-office-centered national sample candidate,national_post_office_sample_candidate,food_service,osm:node:6326751685,Morimoto Asia Waikiki,,,FedEx,HI,,21.2742321,-157.8239524,Geofabrik OpenStreetMap GeoPackage extract,2026-08-14T20:21:03Z,open,ODbL; attribution and share-alike required,packet_ready,geofabrik_named_food_service
national-post-office-hi-fedex-89c3ba0615,FedEx post-office-centered national sample candidate,national_post_office_sample_candidate,food_service,osm:node:1742061031,Morimoto Waikiki,,,FedEx,HI,,21.2847989,-157.8394232,Geofabrik OpenStreetMap GeoPackage extract,2026-08-14T20:21:03Z,open,ODbL; attribution and share-alike required,packet_ready,geofabrik_named_food_service
national-post-office-hi-fedex-89c3ba0615,FedEx post-office-centered national sample candidate,national_post_office_sample_candidate,food_service,osm:way:481667131,Morio's Sushi Bistro,,,FedEx,HI,,21.3003168,-157.8446747,Geofabrik OpenStreetMap GeoPackage extract,2026-08-14T20:21:03Z,open,ODbL; attribution and share-alike required,packet_ready,geofabrik_named_food_service
national-post-office-hi-fedex-89c3ba0615,FedEx post-office-centered national sample candidate,national_post_office_sample_candidate,food_service,osm:node:5841475037,Morning Brew Coffee & Bistro,,,FedEx,HI,,21.2976880,-157.8604480,Geofabrik OpenStreetMap GeoPackage extract,2026-08-14T20:21:03Z,open,ODbL; attribution and share-alike required,packet_ready,geofabrik_named_food_service
national-post-office-hi-fedex-89c3ba0615,FedEx post-office-centered national sample candidate,national_post_office_sample_candidate,food_service,osm:node:2823270779,Morning Glass Coffee + Cafe,,,FedEx,HI,,21.3102950,-157.8088632,Geofabrik OpenStreetMap GeoPackage extract,2026-08-14T20:21:03Z,open,ODbL; attribution and share-alike required,packet_ready,geofabrik_named_food_service
national-post-office-hi-fedex-89c3ba0615,FedEx post-office-centered national sample candidate,national_post_office_sample_candidate,food_service,osm:node:1739899082,Morton's The Steakhouse,,,FedEx,HI,,21.2903803,-157.8440016,Geofabrik OpenStreetMap GeoPackage extract,2026-08-14T20:21:03Z,open,ODbL; attribution and share-alike required,packet_ready,geofabrik_named_food_service
national-post-office-hi-fedex-89c3ba0615,FedEx post-office-centered national sample candidate,national_post_office_sample_candidate,food_service,osm:node:8026519657,Morton's The Steakhouse,,,FedEx,HI,,21.2911421,-157.8449213,Geofabrik OpenStreetMap GeoPackage extract,2026-08-14T20:21:03Z,open,ODbL; attribution and share-alike required,packet_ready,geofabrik_named_food_service
national-post-office-hi-fedex-89c3ba0615,FedEx post-office-centered national sample candidate,national_post_office_sample_candidate,food_service,osm:node:11060928265,Mr. Cow,,,FedEx,HI,,21.2905012,-157.8440860,Geofabrik OpenStreetMap GeoPackage extract,2026-08-14T20:21:03Z,open,ODbL; attribution and share-alike required,packet_ready,geofabrik_named_food_service
national-post-office-hi-fedex-89c3ba0615,FedEx post-office-centered national sample candidate,national_post_office_sample_candidate,food_service,osm:node:10764748472,Mr. Tea,,,FedEx,HI,,21.2983417,-157.8528012,Geofabrik OpenStreetMap GeoPackage extract,2026-08-14T20:21:03Z,open,ODbL; attribution and share-alike required,packet_ready,geofabrik_named_food_service
national-post-office-hi-fedex-89c3ba0615,FedEx post-office-centered national sample candidate,national_post_office_sample_candidate,food_service,osm:node:11892532415,Mud Hen Water,,,FedEx,HI,,21.2845034,-157.8021695,Geofabrik OpenStreetMap GeoPackage extract,2026-08-14T20:21:03Z,open,ODbL; attribution and share-alike required,packet_ready,geofabrik_named_food_service
national-post-office-hi-fedex-89c3ba0615,FedEx post-office-centered national sample candidate,national_post_office_sample_candidate,food_service,osm:node:8809814617,Mugen,,,FedEx,HI,,21.2746017,-157.8245457,Geofabrik OpenStreetMap GeoPackage extract,2026-08-14T20:21:03Z,open,ODbL; attribution and share-alike required,packet_ready,geofabrik_named_food_service
national-post-office-hi-fedex-89c3ba0615,FedEx post-office-centered national sample candidate,national_post_office_sample_candidate,food_service,osm:node:4338887190,Musubi & Bento IYASUME,,,FedEx,HI,,21.2795612,-157.8279025,Geofabrik OpenStreetMap GeoPackage extract,2026-08-14T20:21:03Z,open,ODbL; attribution and share-alike required,packet_ready,geofabrik_named_food_service
national-post-office-hi-fedex-89c3ba0615,FedEx post-office-centered national sample candidate,national_post_office_sample_candidate,food_service,osm:node:11374607315,Musubi Cafe,,,FedEx,HI,,21.2907964,-157.8419047,Geofabrik OpenStreetMap GeoPackage extract,2026-08-14T20:21:03Z,open,ODbL; attribution and share-alike required,packet_ready,geofabrik_named_food_service
national-post-office-hi-fedex-89c3ba0615,FedEx post-office-centered national sample candidate,national_post_office_sample_candidate,food_service,osm:node:4198292494,Musubi Cafe IYASUME,,,FedEx,HI,,21.2941422,-157.8424202,Geofabrik OpenStreetMap GeoPackage extract,2026-08-14T20:21:03Z,open,ODbL; attribution and share-alike required,packet_ready,geofabrik_named_food_service
national-post-office-hi-fedex-89c3ba0615,FedEx post-office-centered national sample candidate,national_post_office_sample_candidate,food_service,osm:node:13358245955,Musubi Cafe Iyasume,,,FedEx,HI,,21.2789845,-157.8309563,Geofabrik OpenStreetMap GeoPackage extract,2026-08-14T20:21:03Z,open,ODbL; attribution and share-alike required,packet_ready,geofabrik_named_food_service
national-post-office-hi-fedex-89c3ba0615,FedEx post-office-centered national sample candidate,national_post_office_sample_candidate,food_service,osm:node:5628104523,Musubi Cafe Iyasume,,,FedEx,HI,,21.2763580,-157.8238358,Geofabrik OpenStreetMap GeoPackage extract,2026-08-14T20:21:03Z,open,ODbL; attribution and share-alike required,packet_ready,geofabrik_named_food_service
national-post-office-hi-fedex-89c3ba0615,FedEx post-office-centered national sample candidate,national_post_office_sample_candidate,food_service,osm:node:7675621188,NIO Snow Ice & Tea,,,FedEx,HI,,21.3026505,-157.8602070,Geofabrik OpenStreetMap GeoPackage extract,2026-08-14T20:21:03Z,open,ODbL; attribution and share-alike required,packet_ready,geofabrik_named_food_service
national-post-office-hi-fedex-89c3ba0615,FedEx post-office-centered national sample candidate,national_post_office_sample_candidate,food_service,osm:node:8809814717,Nalu Health Bar & Cafe,,,FedEx,HI,,21.2932854,-157.8506647,Geofabrik OpenStreetMap GeoPackage extract,2026-08-14T20:21:03Z,open,ODbL; attribution and share-alike required,packet_ready,geofabrik_named_food_service
national-post-office-hi-fedex-89c3ba0615,FedEx post-office-centered national sample candidate,national_post_office_sample_candidate,food_service,osm:node:12865044939,Namaste Indian & Nepalese Cuisine,,,FedEx,HI,,21.2851887,-157.8381476,Geofabrik OpenStreetMap GeoPackage extract,2026-08-14T20:21:03Z,open,ODbL; attribution and share-alike required,packet_ready,geofabrik_named_food_service
national-post-office-hi-fedex-89c3ba0615,FedEx post-office-centered national sample candidate,national_post_office_sample_candidate,food_service,osm:node:13376720654,Nana Musubi,,,FedEx,HI,,21.2793586,-157.8282712,Geofabrik OpenStreetMap GeoPackage extract,2026-08-14T20:21:03Z,open,ODbL; attribution and share-alike required,packet_ready,geofabrik_named_food_service
national-post-office-hi-fedex-89c3ba0615,FedEx post-office-centered national sample candidate,national_post_office_sample_candidate,food_service,osm:node:11060928259,Naniwa-ya Ramen,,,FedEx,HI,,21.2903702,-157.8441322,Geofabrik OpenStreetMap GeoPackage extract,2026-08-14T20:21:03Z,open,ODbL; attribution and share-alike required,packet_ready,geofabrik_named_food_service
national-post-office-hi-fedex-89c3ba0615,FedEx post-office-centered national sample candidate,national_post_office_sample_candidate,food_service,osm:node:5221464372,Naty's Kitchen,,,FedEx,HI,,21.3126400,-157.8627535,Geofabrik OpenStreetMap GeoPackage extract,2026-08-14T20:21:03Z,open,ODbL; attribution and share-alike required,packet_ready,geofabrik_named_food_service
national-post-office-hi-fedex-89c3ba0615,FedEx post-office-centered national sample candidate,national_post_office_sample_candidate,food_service,osm:way:1419881892,Neko Koneko Cafe,,,FedEx,HI,,21.3228121,-157.8587890,Geofabrik OpenStreetMap GeoPackage extract,2026-08-14T20:21:03Z,open,ODbL; attribution and share-alike required,packet_ready,geofabrik_named_food_service
national-post-office-hi-fedex-89c3ba0615,FedEx post-office-centered national sample candidate,national_post_office_sample_candidate,food_service,osm:node:4946412521,New Kamana Kitchen 2,,,FedEx,HI,,21.2818131,-157.8143303,Geofabrik OpenStreetMap GeoPackage extract,2026-08-14T20:21:03Z,open,ODbL; attribution and share-alike required,packet_ready,geofabrik_named_food_service
national-post-office-hi-fedex-89c3ba0615,FedEx post-office-centered national sample candidate,national_post_office_sample_candidate,food_service,osm:node:4897024253,Nice Day Chinese Seafood Restaurant,,,FedEx,HI,,21.3199298,-157.8614468,Geofabrik OpenStreetMap GeoPackage extract,2026-08-14T20:21:03Z,open,ODbL; attribution and share-alike required,packet_ready,geofabrik_named_food_service
national-post-office-hi-fedex-89c3ba0615,FedEx post-office-centered national sample candidate,national_post_office_sample_candidate,food_service,osm:node:6440762390,Nice To Meet You Tea House,,,FedEx,HI,,21.3188023,-157.8754055,Geofabrik OpenStreetMap GeoPackage extract,2026-08-14T20:21:03Z,open,ODbL; attribution and share-alike required,packet_ready,geofabrik_named_food_service
national-post-office-hi-fedex-89c3ba0615,FedEx post-office-centered national sample candidate,national_post_office_sample_candidate,food_service,osm:node:4769313724,Nico’s Pier 38,,,FedEx,HI,,21.3175754,-157.8775063,Geofabrik OpenStreetMap GeoPackage extract,2026-08-14T20:21:03Z,open,ODbL; attribution and share-alike required,packet_ready,geofabrik_named_food_service
national-post-office-hi-fedex-89c3ba0615,FedEx post-office-centered national sample candidate,national_post_office_sample_candidate,food_service,osm:node:9824082317,Noi Thai Cuisine,,,FedEx,HI,,21.2779061,-157.8279480,Geofabrik OpenStreetMap GeoPackage extract,2026-08-14T20:21:03Z,open,ODbL; attribution and share-alike required,packet_ready,geofabrik_named_food_service
national-post-office-hi-fedex-89c3ba0615,FedEx post-office-centered national sample candidate,national_post_office_sample_candidate,food_service,osm:node:9852139240,Nordstrom EBar Artisan Coffee,,,FedEx,HI,,21.2923033,-157.8464572,Geofabrik OpenStreetMap GeoPackage extract,2026-08-14T20:21:03Z,open,ODbL; attribution and share-alike required,packet_ready,geofabrik_named_food_service
national-post-office-hi-fedex-89c3ba0615,FedEx post-office-centered national sample candidate,national_post_office_sample_candidate,food_service,osm:node:13723847291,Nori,,,FedEx,HI,,21.2797202,-157.8269234,Geofabrik OpenStreetMap GeoPackage extract,2026-08-14T20:21:03Z,open,ODbL; attribution and share-alike required,packet_ready,geofabrik_named_food_service
national-post-office-hi-fedex-89c3ba0615,FedEx post-office-centered national sample candidate,national_post_office_sample_candidate,food_service,osm:node:14023935434,Nori Bar,,,FedEx,HI,,21.2953539,-157.8539472,Geofabrik OpenStreetMap GeoPackage extract,2026-08-14T20:21:03Z,open,ODbL; attribution and share-alike required,packet_ready,geofabrik_named_food_service
national-post-office-hi-fedex-89c3ba0615,FedEx post-office-centered national sample candidate,national_post_office_sample_candidate,food_service,osm:node:14023171002,North Shore Grinds,,,FedEx,HI,,21.2876755,-157.7988093,Geofabrik OpenStreetMap GeoPackage extract,2026-08-14T20:21:03Z,open,ODbL; attribution and share-alike required,packet_ready,geofabrik_named_food_service
national-post-office-hi-fedex-89c3ba0615,FedEx post-office-centered national sample candidate,national_post_office_sample_candidate,food_service,osm:node:13429683182,O-Bok,,,FedEx,HI,,21.3083120,-157.8107715,Geofabrik OpenStreetMap GeoPackage extract,2026-08-14T20:21:03Z,open,ODbL; attribution and share-alike required,packet_ready,geofabrik_named_food_service
national-post-office-hi-fedex-89c3ba0615,FedEx post-office-centered national sample candidate,national_post_office_sample_candidate,food_service,osm:node:9871181469,Obento Rinka,,,FedEx,HI,,21.3005867,-157.8408099,Geofabrik OpenStreetMap GeoPackage extract,2026-08-14T20:21:03Z,open,ODbL; attribution and share-alike required,packet_ready,geofabrik_named_food_service
national-post-office-hi-fedex-89c3ba0615,FedEx post-office-centered national sample candidate,national_post_office_sample_candidate,food_service,osm:node:13414777517,Ochos Latin Vibes,,,FedEx,HI,,21.2853967,-157.8132993,Geofabrik OpenStreetMap GeoPackage extract,2026-08-14T20:21:03Z,open,ODbL; attribution and share-alike required,packet_ready,geofabrik_named_food_service
national-post-office-hi-fedex-89c3ba0615,FedEx post-office-centered national sample candidate,national_post_office_sample_candidate,food_service,osm:node:13366042701,Off the Hook,,,FedEx,HI,,21.3099502,-157.8102135,Geofabrik OpenStreetMap GeoPackage extract,2026-08-14T20:21:03Z,open,ODbL; attribution and share-alike required,packet_ready,geofabrik_named_food_service
national-post-office-hi-fedex-89c3ba0615,FedEx post-office-centered national sample candidate,national_post_office_sample_candidate,food_service,osm:node:11880676100,Okata Bento,,,FedEx,HI,,21.2828318,-157.7988635,Geofabrik OpenStreetMap GeoPackage extract,2026-08-14T20:21:03Z,open,ODbL; attribution and share-alike required,packet_ready,geofabrik_named_food_service
national-post-office-hi-fedex-89c3ba0615,FedEx post-office-centered national sample candidate,national_post_office_sample_candidate,food_service,osm:node:12369314425,Olay's Thai Lao Cuisine,,,FedEx,HI,,21.3120242,-157.8625832,Geofabrik OpenStreetMap GeoPackage extract,2026-08-14T20:21:03Z,open,ODbL; attribution and share-alike required,packet_ready,geofabrik_named_food_service
national-post-office-hi-fedex-89c3ba0615,FedEx post-office-centered national sample candidate,national_post_office_sample_candidate,food_service,osm:node:9284303457,Olive Garden,,,FedEx,HI,,21.2903052,-157.8424131,Geofabrik OpenStreetMap GeoPackage extract,2026-08-14T20:21:03Z,open,ODbL; attribution and share-alike required,packet_ready,geofabrik_named_food_service
national-post-office-hi-fedex-89c3ba0615,FedEx post-office-centered national sample candidate,national_post_office_sample_candidate,food_service,osm:node:11115660171,On On,,,FedEx,HI,,21.2843477,-157.8133765,Geofabrik OpenStreetMap GeoPackage extract,2026-08-14T20:21:03Z,open,ODbL; attribution and share-alike required,packet_ready,geofabrik_named_food_service
national-post-office-hi-fedex-89c3ba0615,FedEx post-office-centered national sample candidate,national_post_office_sample_candidate,food_service,osm:node:5039085627,Ono Seafood,,,FedEx,HI,,21.2810326,-157.8138530,Geofabrik OpenStreetMap GeoPackage extract,2026-08-14T20:21:03Z,open,ODbL; attribution and share-alike required,packet_ready,geofabrik_named_food_service
national-post-office-hi-fedex-89c3ba0615,FedEx post-office-centered national sample candidate,national_post_office_sample_candidate,food_service,osm:node:10174735276,Orange Julius,,,FedEx,HI,,21.2820846,-157.8386922,Geofabrik OpenStreetMap GeoPackage extract,2026-08-14T20:21:03Z,open,ODbL; attribution and share-alike required,packet_ready,geofabrik_named_food_service
national-post-office-hi-fedex-89c3ba0615,FedEx post-office-centered national sample candidate,national_post_office_sample_candidate,food_service,osm:node:3769864809,Orchids,,,FedEx,HI,,21.2776709,-157.8324456,Geofabrik OpenStreetMap GeoPackage extract,2026-08-14T20:21:03Z,open,ODbL; attribution and share-alike required,packet_ready,geofabrik_named_food_service
national-post-office-hi-fedex-89c3ba0615,FedEx post-office-centered national sample candidate,national_post_office_sample_candidate,food_service,osm:node:5219680424,Osoyami Bar & Grill,,,FedEx,HI,,21.2948282,-157.8320770,Geofabrik OpenStreetMap GeoPackage extract,2026-08-14T20:21:03Z,open,ODbL; attribution and share-alike required,packet_ready,geofabrik_named_food_service
national-post-office-hi-fedex-89c3ba0615,FedEx post-office-centered national sample candidate,national_post_office_sample_candidate,food_service,osm:node:11123760109,Overlord Chicken,,,FedEx,HI,,21.2801784,-157.8141896,Geofabrik OpenStreetMap GeoPackage extract,2026-08-14T20:21:03Z,open,ODbL; attribution and share-alike required,packet_ready,geofabrik_named_food_service
national-post-office-hi-fedex-89c3ba0615,FedEx post-office-centered national sample candidate,national_post_office_sample_candidate,food_service,osm:node:7677967068,O’Kims,,,FedEx,HI,,21.3103080,-157.8629853,Geofabrik OpenStreetMap GeoPackage extract,2026-08-14T20:21:03Z,open,ODbL; attribution and share-alike required,packet_ready,geofabrik_named_food_service
national-post-office-hi-fedex-89c3ba0615,FedEx post-office-centered national sample candidate,national_post_office_sample_candidate,food_service,osm:node:2671349380,P.F. Chang's,,,FedEx,HI,,21.2796247,-157.8300563,Geofabrik OpenStreetMap GeoPackage extract,2026-08-14T20:21:03Z,open,ODbL; attribution and share-alike required,packet_ready,geofabrik_named_food_service
national-post-office-hi-fedex-89c3ba0615,FedEx post-office-centered national sample candidate,national_post_office_sample_candidate,food_service,osm:node:9336006582,PHO Vietnam,,,FedEx,HI,,21.3118790,-157.8624902,Geofabrik OpenStreetMap GeoPackage extract,2026-08-14T20:21:03Z,open,ODbL; attribution and share-alike required,packet_ready,geofabrik_named_food_service
national-post-office-hi-fedex-89c3ba0615,FedEx post-office-centered national sample candidate,national_post_office_sample_candidate,food_service,osm:way:1356512601,Pae Thai (Closed),,,FedEx,HI,,21.2995112,-157.8426319,Geofabrik OpenStreetMap GeoPackage extract,2026-08-14T20:21:03Z,open,ODbL; attribution and share-alike required,packet_ready,geofabrik_named_food_service
national-post-office-hi-fedex-89c3ba0615,FedEx post-office-centered national sample candidate,national_post_office_sample_candidate,food_service,osm:node:11062418714,Pagoda Floating Restaurant,,,FedEx,HI,,21.2951453,-157.8399636,Geofabrik OpenStreetMap GeoPackage extract,2026-08-14T20:21:03Z,open,ODbL; attribution and share-alike required,packet_ready,geofabrik_named_food_service
national-post-office-hi-fedex-89c3ba0615,FedEx post-office-centered national sample candidate,national_post_office_sample_candidate,food_service,osm:way:1117563510,Paia Fish Market Waikiki,,,FedEx,HI,,21.2794789,-157.8264620,Geofabrik OpenStreetMap GeoPackage extract,2026-08-14T20:21:03Z,open,ODbL; attribution and share-alike required,packet_ready,geofabrik_named_food_service
national-post-office-hi-fedex-89c3ba0615,FedEx post-office-centered national sample candidate,national_post_office_sample_candidate,food_service,osm:node:7536592820,Pancakes & Waffles,,,FedEx,HI,,21.3215352,-157.8757399,Geofabrik OpenStreetMap GeoPackage extract,2026-08-14T20:21:03Z,open,ODbL; attribution and share-alike required,packet_ready,geofabrik_named_food_service
national-post-office-hi-fedex-89c3ba0615,FedEx post-office-centered national sample candidate,national_post_office_sample_candidate,food_service,osm:node:11060928271,Panda Express,,,FedEx,HI,,21.2906576,-157.8441944,Geofabrik OpenStreetMap GeoPackage extract,2026-08-14T20:21:03Z,open,ODbL; attribution and share-alike required,packet_ready,geofabrik_named_food_service
national-post-office-hi-fedex-89c3ba0615,FedEx post-office-centered national sample candidate,national_post_office_sample_candidate,food_service,osm:node:1409278625,Panda Express,,,FedEx,HI,,21.2939376,-157.8534194,Geofabrik OpenStreetMap GeoPackage extract,2026-08-14T20:21:03Z,open,ODbL; attribution and share-alike required,packet_ready,geofabrik_named_food_service
national-post-office-hi-fedex-89c3ba0615,FedEx post-office-centered national sample candidate,national_post_office_sample_candidate,food_service,osm:node:3846248286,Panda Express,,,FedEx,HI,,21.3009518,-157.8156510,Geofabrik OpenStreetMap GeoPackage extract,2026-08-14T20:21:03Z,open,ODbL; attribution and share-alike required,packet_ready,geofabrik_named_food_service
national-post-office-hi-fedex-89c3ba0615,FedEx post-office-centered national sample candidate,national_post_office_sample_candidate,food_service,osm:way:1545655965,Panda Express,,,FedEx,HI,,21.2972509,-157.8377091,Geofabrik OpenStreetMap GeoPackage extract,2026-08-14T20:21:03Z,open,ODbL; attribution and share-alike required,packet_ready,geofabrik_named_food_service
national-post-office-hi-fedex-89c3ba0615,FedEx post-office-centered national sample candidate,national_post_office_sample_candidate,food_service,osm:way:817932571,Panda Express,,,FedEx,HI,,21.2840064,-157.8139293,Geofabrik OpenStreetMap GeoPackage extract,2026-08-14T20:21:03Z,open,ODbL; attribution and share-alike required,packet_ready,geofabrik_named_food_service
national-post-office-hi-fedex-89c3ba0615,FedEx post-office-centered national sample candidate,national_post_office_sample_candidate,food_service,osm:node:6131963625,Panya,,,FedEx,HI,,21.2927395,-157.8502074,Geofabrik OpenStreetMap GeoPackage extract,2026-08-14T20:21:03Z,open,ODbL; attribution and share-alike required,packet_ready,geofabrik_named_food_service
national-post-office-hi-fedex-89c3ba0615,FedEx post-office-centered national sample candidate,national_post_office_sample_candidate,food_service,osm:node:2933632406,Papa John's,,,FedEx,HI,,21.2917232,-157.8387208,Geofabrik OpenStreetMap GeoPackage extract,2026-08-14T20:21:03Z,open,ODbL; attribution and share-alike required,packet_ready,geofabrik_named_food_service
national-post-office-hi-fedex-89c3ba0615,FedEx post-office-centered national sample candidate,national_post_office_sample_candidate,food_service,osm:node:3740804337,Papa John's,,,FedEx,HI,,21.2787730,-157.8136640,Geofabrik OpenStreetMap GeoPackage extract,2026-08-14T20:21:03Z,open,ODbL; attribution and share-alike required,packet_ready,geofabrik_named_food_service
national-post-office-hi-fedex-89c3ba0615,FedEx post-office-centered national sample candidate,national_post_office_sample_candidate,food_service,osm:node:9288999798,Papa John's,,,FedEx,HI,,21.3139215,-157.8577842,Geofabrik OpenStreetMap GeoPackage extract,2026-08-14T20:21:03Z,open,ODbL; attribution and share-alike required,packet_ready,geofabrik_named_food_service
national-post-office-hi-fedex-89c3ba0615,FedEx post-office-centered national sample candidate,national_post_office_sample_candidate,food_service,osm:node:11679076521,Patrick's Roadhouse Five O,,,FedEx,HI,,21.3060252,-157.8658909,Geofabrik OpenStreetMap GeoPackage extract,2026-08-14T20:21:03Z,open,ODbL; attribution and share-alike required,packet_ready,geofabrik_named_food_service
national-post-office-hi-fedex-89c3ba0615,FedEx post-office-centered national sample candidate,national_post_office_sample_candidate,food_service,osm:node:961005861,Peace Cafe,,,FedEx,HI,,21.2936647,-157.8271625,Geofabrik OpenStreetMap GeoPackage extract,2026-08-14T20:21:03Z,open,ODbL; attribution and share-alike required,packet_ready,geofabrik_named_food_service
national-post-office-hi-fedex-89c3ba0615,FedEx post-office-centered national sample candidate,national_post_office_sample_candidate,food_service,osm:node:13366312508,Penny's Waikiki Malasadas,,,FedEx,HI,,21.2786546,-157.8293559,Geofabrik OpenStreetMap GeoPackage extract,2026-08-14T20:21:03Z,open,ODbL; attribution and share-alike required,packet_ready,geofabrik_named_food_service
national-post-office-hi-fedex-89c3ba0615,FedEx post-office-centered national sample candidate,national_post_office_sample_candidate,food_service,osm:node:4868842443,Peppa's Korean BBQ,,,FedEx,HI,,21.3055794,-157.8383542,Geofabrik OpenStreetMap GeoPackage extract,2026-08-14T20:21:03Z,open,ODbL; attribution and share-alike required,packet_ready,geofabrik_named_food_service
national-post-office-hi-fedex-89c3ba0615,FedEx post-office-centered national sample candidate,national_post_office_sample_candidate,food_service,osm:node:5106737921,Pho Bistro,,,FedEx,HI,,21.2931823,-157.8365400,Geofabrik OpenStreetMap GeoPackage extract,2026-08-14T20:21:03Z,open,ODbL; attribution and share-alike required,packet_ready,geofabrik_named_food_service
national-post-office-hi-fedex-89c3ba0615,FedEx post-office-centered national sample candidate,national_post_office_sample_candidate,food_service,osm:node:11123760111,Pho K&A,,,FedEx,HI,,21.2813218,-157.8143152,Geofabrik OpenStreetMap GeoPackage extract,2026-08-14T20:21:03Z,open,ODbL; attribution and share-alike required,packet_ready,geofabrik_named_food_service
national-post-office-hi-fedex-89c3ba0615,FedEx post-office-centered national sample candidate,national_post_office_sample_candidate,food_service,osm:node:11126832355,Pho Kapahulu,,,FedEx,HI,,21.2821276,-157.8142281,Geofabrik OpenStreetMap GeoPackage extract,2026-08-14T20:21:03Z,open,ODbL; attribution and share-alike required,packet_ready,geofabrik_named_food_service
national-post-office-hi-fedex-89c3ba0615,FedEx post-office-centered national sample candidate,national_post_office_sample_candidate,food_service,osm:node:4199088290,Pho Minh Thu,,,FedEx,HI,,21.2867038,-157.8341065,Geofabrik OpenStreetMap GeoPackage extract,2026-08-14T20:21:03Z,open,ODbL; attribution and share-alike required,packet_ready,geofabrik_named_food_service
national-post-office-hi-fedex-89c3ba0615,FedEx post-office-centered national sample candidate,national_post_office_sample_candidate,food_service,osm:node:5875360796,Pho Nina,,,FedEx,HI,,21.2903984,-157.8197362,Geofabrik OpenStreetMap GeoPackage extract,2026-08-14T20:21:03Z,open,ODbL; attribution and share-alike required,packet_ready,geofabrik_named_food_service
national-post-office-hi-fedex-89c3ba0615,FedEx post-office-centered national sample candidate,national_post_office_sample_candidate,food_service,osm:node:7644672201,Pho Saigon,,,FedEx,HI,,21.2926714,-157.8410720,Geofabrik OpenStreetMap GeoPackage extract,2026-08-14T20:21:03Z,open,ODbL; attribution and share-alike required,packet_ready,geofabrik_named_food_service
national-post-office-hi-fedex-89c3ba0615,FedEx post-office-centered national sample candidate,national_post_office_sample_candidate,food_service,osm:node:5750448421,Pho To-Chau,,,FedEx,HI,,21.3134417,-157.8638320,Geofabrik OpenStreetMap GeoPackage extract,2026-08-14T20:21:03Z,open,ODbL; attribution and share-alike required,packet_ready,geofabrik_named_food_service
national-post-office-hi-fedex-89c3ba0615,FedEx post-office-centered national sample candidate,national_post_office_sample_candidate,food_service,osm:node:13429683163,Pho Viet,,,FedEx,HI,,21.3083646,-157.8107351,Geofabrik OpenStreetMap GeoPackage extract,2026-08-14T20:21:03Z,open,ODbL; attribution and share-alike required,packet_ready,geofabrik_named_food_service
national-post-office-hi-fedex-89c3ba0615,FedEx post-office-centered national sample candidate,national_post_office_sample_candidate,food_service,osm:node:10189306220,Piccola Onda,,,FedEx,HI,,21.2744639,-157.8240228,Geofabrik OpenStreetMap GeoPackage extract,2026-08-14T20:21:03Z,open,ODbL; attribution and share-alike required,packet_ready,geofabrik_named_food_service
national-post-office-hi-fedex-89c3ba0615,FedEx post-office-centered national sample candidate,national_post_office_sample_candidate,food_service,osm:node:9371148096,Pieology Pizzeria,,,FedEx,HI,,21.2911791,-157.8213172,Geofabrik OpenStreetMap GeoPackage extract,2026-08-14T20:21:03Z,open,ODbL; attribution and share-alike required,packet_ready,geofabrik_named_food_service
national-post-office-hi-fedex-89c3ba0615,FedEx post-office-centered national sample candidate,national_post_office_sample_candidate,food_service,osm:node:1611234264,Pier 9 by Sam Choy,,,FedEx,HI,,21.3063947,-157.8661438,Geofabrik OpenStreetMap GeoPackage extract,2026-08-14T20:21:03Z,open,ODbL; attribution and share-alike required,packet_ready,geofabrik_named_food_service
national-post-office-hi-fedex-89c3ba0615,FedEx post-office-centered national sample candidate,national_post_office_sample_candidate,food_service,osm:node:5750466223,Piggy Smalls,,,FedEx,HI,,21.2931582,-157.8527023,Geofabrik OpenStreetMap GeoPackage extract,2026-08-14T20:21:03Z,open,ODbL; attribution and share-alike required,packet_ready,geofabrik_named_food_service
national-post-office-hi-fedex-89c3ba0615,FedEx post-office-centered national sample candidate,national_post_office_sample_candidate,food_service,osm:node:5274537221,Pioneer Saloon,,,FedEx,HI,,21.2691801,-157.8136977,Geofabrik OpenStreetMap GeoPackage extract,2026-08-14T20:21:03Z,open,ODbL; attribution and share-alike required,packet_ready,geofabrik_named_food_service
national-post-office-hi-fedex-89c3ba0615,FedEx post-office-centered national sample candidate,national_post_office_sample_candidate,food_service,osm:node:13327395581,Pit Stop Hawaii Tacos Burgers & Sliders,,,FedEx,HI,,21.2771509,-157.8241537,Geofabrik OpenStreetMap GeoPackage extract,2026-08-14T20:21:03Z,open,ODbL; attribution and share-alike required,packet_ready,geofabrik_named_food_service
national-post-office-hi-fedex-89c3ba0615,FedEx post-office-centered national sample candidate,national_post_office_sample_candidate,food_service,osm:node:7638717555,Pita Pit,,,FedEx,HI,,21.2835293,-157.8140207,Geofabrik OpenStreetMap GeoPackage extract,2026-08-14T20:21:03Z,open,ODbL; attribution and share-alike required,packet_ready,geofabrik_named_food_service
national-post-office-hi-fedex-89c3ba0615,FedEx post-office-centered national sample candidate,national_post_office_sample_candidate,food_service,osm:node:11110367411,Pizza Hut,,,FedEx,HI,,21.2814150,-157.8143544,Geofabrik OpenStreetMap GeoPackage extract,2026-08-14T20:21:03Z,open,ODbL; attribution and share-alike required,packet_ready,geofabrik_named_food_service
national-post-office-hi-fedex-89c3ba0615,FedEx post-office-centered national sample candidate,national_post_office_sample_candidate,food_service,osm:node:9579791650,Pizza Hut,,,FedEx,HI,,21.2997939,-157.8400172,Geofabrik OpenStreetMap GeoPackage extract,2026-08-14T20:21:03Z,open,ODbL; attribution and share-alike required,packet_ready,geofabrik_named_food_service
national-post-office-hi-fedex-89c3ba0615,FedEx post-office-centered national sample candidate,national_post_office_sample_candidate,food_service,osm:way:1357574513,Pizza Hut,,,FedEx,HI,,21.2937591,-157.8263353,Geofabrik OpenStreetMap GeoPackage extract,2026-08-14T20:21:03Z,open,ODbL; attribution and share-alike required,packet_ready,geofabrik_named_food_service
national-post-office-hi-fedex-89c3ba0615,FedEx post-office-centered national sample candidate,national_post_office_sample_candidate,food_service,osm:way:256450378,Pizza Hut,,,FedEx,HI,,21.3241958,-157.8577338,Geofabrik OpenStreetMap GeoPackage extract,2026-08-14T20:21:03Z,open,ODbL; attribution and share-alike required,packet_ready,geofabrik_named_food_service
national-post-office-hi-fedex-89c3ba0615,FedEx post-office-centered national sample candidate,national_post_office_sample_candidate,food_service,osm:node:4868845674,Pizza Hut Delivery,,,FedEx,HI,,21.3055696,-157.8387470,Geofabrik OpenStreetMap GeoPackage extract,2026-08-14T20:21:03Z,open,ODbL; attribution and share-alike required,packet_ready,geofabrik_named_food_service
national-post-office-hi-fedex-89c3ba0615,FedEx post-office-centered national sample candidate,national_post_office_sample_candidate,food_service,osm:node:11160215205,Pizza Mamo,,,FedEx,HI,,21.3113095,-157.8620937,Geofabrik OpenStreetMap GeoPackage extract,2026-08-14T20:21:03Z,open,ODbL; attribution and share-alike required,packet_ready,geofabrik_named_food_service
national-post-office-hi-fedex-89c3ba0615,FedEx post-office-centered national sample candidate,national_post_office_sample_candidate,food_service,osm:node:9319582033,Pizza Mamo,,,FedEx,HI,,21.3113375,-157.8621138,Geofabrik OpenStreetMap GeoPackage extract,2026-08-14T20:21:03Z,open,ODbL; attribution and share-alike required,packet_ready,geofabrik_named_food_service
national-post-office-hi-fedex-89c3ba0615,FedEx post-office-centered national sample candidate,national_post_office_sample_candidate,food_service,osm:node:13179673548,Podmore,,,FedEx,HI,,21.3073958,-157.8613014,Geofabrik OpenStreetMap GeoPackage extract,2026-08-14T20:21:03Z,open,ODbL; attribution and share-alike required,packet_ready,geofabrik_named_food_service
national-post-office-hi-fedex-89c3ba0615,FedEx post-office-centered national sample candidate,national_post_office_sample_candidate,food_service,osm:node:11060928261,Poi Bowl,,,FedEx,HI,,21.2906385,-157.8438956,Geofabrik OpenStreetMap GeoPackage extract,2026-08-14T20:21:03Z,open,ODbL; attribution and share-alike required,packet_ready,geofabrik_named_food_service
national-post-office-hi-fedex-89c3ba0615,FedEx post-office-centered national sample candidate,national_post_office_sample_candidate,food_service,osm:node:11060928282,Poke & Box,,,FedEx,HI,,21.2903047,-157.8440912,Geofabrik OpenStreetMap GeoPackage extract,2026-08-14T20:21:03Z,open,ODbL; attribution and share-alike required,packet_ready,geofabrik_named_food_service
national-post-office-hi-fedex-89c3ba0615,FedEx post-office-centered national sample candidate,national_post_office_sample_candidate,food_service,osm:node:4338096897,Poke Stop,,,FedEx,HI,,21.2760266,-157.8144981,Geofabrik OpenStreetMap GeoPackage extract,2026-08-14T20:21:03Z,open,ODbL; attribution and share-alike required,packet_ready,geofabrik_named_food_service
national-post-office-hi-fedex-89c3ba0615,FedEx post-office-centered national sample candidate,national_post_office_sample_candidate,food_service,osm:node:10208335795,Pool Snack Bar,,,FedEx,HI,,21.2806880,-157.8359733,Geofabrik OpenStreetMap GeoPackage extract,2026-08-14T20:21:03Z,open,ODbL; attribution and share-alike required,packet_ready,geofabrik_named_food_service
national-post-office-hi-fedex-89c3ba0615,FedEx post-office-centered national sample candidate,national_post_office_sample_candidate,food_service,osm:way:817793218,Popeyes,,,FedEx,HI,,21.2796468,-157.8138096,Geofabrik OpenStreetMap GeoPackage extract,2026-08-14T20:21:03Z,open,ODbL; attribution and share-alike required,packet_ready,geofabrik_named_food_service
national-post-office-hi-fedex-89c3ba0615,FedEx post-office-centered national sample candidate,national_post_office_sample_candidate,food_service,osm:node:7035102285,QQ Tea House,,,FedEx,HI,,21.2911342,-157.8219721,Geofabrik OpenStreetMap GeoPackage extract,2026-08-14T20:21:03Z,open,ODbL; attribution and share-alike required,packet_ready,geofabrik_named_food_service
national-post-office-hi-fedex-89c3ba0615,FedEx post-office-centered national sample candidate,national_post_office_sample_candidate,food_service,osm:node:10189315043,Queensbreak Restaurant,,,FedEx,HI,,21.2739870,-157.8222094,Geofabrik OpenStreetMap GeoPackage extract,2026-08-14T20:21:03Z,open,ODbL; attribution and share-alike required,packet_ready,geofabrik_named_food_service
national-post-office-hi-fedex-89c3ba0615,FedEx post-office-centered national sample candidate,national_post_office_sample_candidate,food_service,osm:node:10210339040,Quiora,,,FedEx,HI,,21.2822082,-157.8296489,Geofabrik OpenStreetMap GeoPackage extract,2026-08-14T20:21:03Z,open,ODbL; attribution and share-alike required,packet_ready,geofabrik_named_food_service
national-post-office-hi-fedex-89c3ba0615,FedEx post-office-centered national sample candidate,national_post_office_sample_candidate,food_service,osm:node:3740804349,Rabbit Rabbit Tea,,,FedEx,HI,,21.2912042,-157.8203281,Geofabrik OpenStreetMap GeoPackage extract,2026-08-14T20:21:03Z,open,ODbL; attribution and share-alike required,packet_ready,geofabrik_named_food_service
national-post-office-hi-fedex-89c3ba0615,FedEx post-office-centered national sample candidate,national_post_office_sample_candidate,food_service,osm:node:9607503007,Ragoon Kitchen,,,FedEx,HI,,21.3113398,-157.8613618,Geofabrik OpenStreetMap GeoPackage extract,2026-08-14T20:21:03Z,open,ODbL; attribution and share-alike required,packet_ready,geofabrik_named_food_service
national-post-office-hi-fedex-89c3ba0615,FedEx post-office-centered national sample candidate,national_post_office_sample_candidate,food_service,osm:way:435915380,Rainbow Drive-In,,,FedEx,HI,,21.2759531,-157.8145758,Geofabrik OpenStreetMap GeoPackage extract,2026-08-14T20:21:03Z,open,ODbL; attribution and share-alike required,packet_ready,geofabrik_named_food_service
national-post-office-hi-fedex-89c3ba0615,FedEx post-office-centered national sample candidate,national_post_office_sample_candidate,food_service,osm:node:11060928300,Raising Cane's,,,FedEx,HI,,21.2905796,-157.8442220,Geofabrik OpenStreetMap GeoPackage extract,2026-08-14T20:21:03Z,open,ODbL; attribution and share-alike required,packet_ready,geofabrik_named_food_service
national-post-office-hi-fedex-89c3ba0615,FedEx post-office-centered national sample candidate,national_post_office_sample_candidate,food_service,osm:node:8015249555,Raising Cane's,,,FedEx,HI,,21.2915435,-157.8219890,Geofabrik OpenStreetMap GeoPackage extract,2026-08-14T20:21:03Z,open,ODbL; attribution and share-alike required,packet_ready,geofabrik_named_food_service
national-post-office-hi-fedex-89c3ba0615,FedEx post-office-centered national sample candidate,national_post_office_sample_candidate,food_service,osm:node:5104884121,Ramen Nakamura,,,FedEx,HI,,21.2813021,-157.8307136,Geofabrik OpenStreetMap GeoPackage extract,2026-08-14T20:21:03Z,open,ODbL; attribution and share-alike required,packet_ready,geofabrik_named_food_service
national-post-office-hi-fedex-89c3ba0615,FedEx post-office-centered national sample candidate,national_post_office_sample_candidate,food_service,osm:node:10762955312,Ramen Ono-ya,,,FedEx,HI,,21.2788056,-157.8135575,Geofabrik OpenStreetMap GeoPackage extract,2026-08-14T20:21:03Z,open,ODbL; attribution and share-alike required,packet_ready,geofabrik_named_food_service
national-post-office-hi-fedex-89c3ba0615,FedEx post-office-centered national sample candidate,national_post_office_sample_candidate,food_service,osm:node:9669195398,Real K.F.C.,,,FedEx,HI,,21.3014988,-157.8455385,Geofabrik OpenStreetMap GeoPackage extract,2026-08-14T20:21:03Z,open,ODbL; attribution and share-alike required,packet_ready,geofabrik_named_food_service
national-post-office-hi-fedex-89c3ba0615,FedEx post-office-centered national sample candidate,national_post_office_sample_candidate,food_service,osm:node:9335938953,Red pepper,,,FedEx,HI,,21.3106984,-157.8602619,Geofabrik OpenStreetMap GeoPackage extract,2026-08-14T20:21:03Z,open,ODbL; attribution and share-alike required,packet_ready,geofabrik_named_food_service
national-post-office-hi-fedex-89c3ba0615,FedEx post-office-centered national sample candidate,national_post_office_sample_candidate,food_service,osm:way:290452446,Regal Bakery,,,FedEx,HI,,21.3138379,-157.8613224,Geofabrik OpenStreetMap GeoPackage extract,2026-08-14T20:21:03Z,open,ODbL; attribution and share-alike required,packet_ready,geofabrik_named_food_service
national-post-office-hi-fedex-89c3ba0615,FedEx post-office-centered national sample candidate,national_post_office_sample_candidate,food_service,osm:node:12510447204,Restaurant XO,,,FedEx,HI,,21.2849201,-157.8026409,Geofabrik OpenStreetMap GeoPackage extract,2026-08-14T20:21:03Z,open,ODbL; attribution and share-alike required,packet_ready,geofabrik_named_food_service
national-post-office-hi-fedex-89c3ba0615,FedEx post-office-centered national sample candidate,national_post_office_sample_candidate,food_service,osm:node:13375134901,Ride and Grind Cafe,,,FedEx,HI,,21.2859739,-157.8326542,Geofabrik OpenStreetMap GeoPackage extract,2026-08-14T20:21:03Z,open,ODbL; attribution and share-alike required,packet_ready,geofabrik_named_food_service
national-post-office-hi-fedex-89c3ba0615,FedEx post-office-centered national sample candidate,national_post_office_sample_candidate,food_service,osm:node:11104000547,Rigo Spanish Italian,,,FedEx,HI,,21.2838551,-157.8136225,Geofabrik OpenStreetMap GeoPackage extract,2026-08-14T20:21:03Z,open,ODbL; attribution and share-alike required,packet_ready,geofabrik_named_food_service
national-post-office-hi-fedex-89c3ba0615,FedEx post-office-centered national sample candidate,national_post_office_sample_candidate,food_service,osm:node:13075060370,Rinka,,,FedEx,HI,,21.2946511,-157.8527551,Geofabrik OpenStreetMap GeoPackage extract,2026-08-14T20:21:03Z,open,ODbL; attribution and share-alike required,packet_ready,geofabrik_named_food_service
national-post-office-hi-fedex-89c3ba0615,FedEx post-office-centered national sample candidate,national_post_office_sample_candidate,food_service,osm:node:11365255633,Romano's Macaroni Grill,,,FedEx,HI,,21.2910136,-157.8424988,Geofabrik OpenStreetMap GeoPackage extract,2026-08-14T20:21:03Z,open,ODbL; attribution and share-alike required,packet_ready,geofabrik_named_food_service
national-post-office-hi-fedex-89c3ba0615,FedEx post-office-centered national sample candidate,national_post_office_sample_candidate,food_service,osm:node:10174735285,Round Table Pizza,,,FedEx,HI,,21.2831196,-157.8375237,Geofabrik OpenStreetMap GeoPackage extract,2026-08-14T20:21:03Z,open,ODbL; attribution and share-alike required,packet_ready,geofabrik_named_food_service
national-post-office-hi-fedex-89c3ba0615,FedEx post-office-centered national sample candidate,national_post_office_sample_candidate,food_service,osm:node:10200931632,Royal Hawaiian Bakery,,,FedEx,HI,,21.2774373,-157.8289633,Geofabrik OpenStreetMap GeoPackage extract,2026-08-14T20:21:03Z,open,ODbL; attribution and share-alike required,packet_ready,geofabrik_named_food_service
national-post-office-hi-fedex-89c3ba0615,FedEx post-office-centered national sample candidate,national_post_office_sample_candidate,food_service,osm:node:12015943440,Royal Lobster,,,FedEx,HI,,21.2796168,-157.8285588,Geofabrik OpenStreetMap GeoPackage extract,2026-08-14T20:21:03Z,open,ODbL; attribution and share-alike required,packet_ready,geofabrik_named_food_service
national-post-office-hi-fedex-89c3ba0615,FedEx post-office-centered national sample candidate,national_post_office_sample_candidate,food_service,osm:node:11419995123,S7 Icy Bubble,,,FedEx,HI,,21.2842196,-157.8143991,Geofabrik OpenStreetMap GeoPackage extract,2026-08-14T20:21:03Z,open,ODbL; attribution and share-alike required,packet_ready,geofabrik_named_food_service
national-post-office-hi-fedex-89c3ba0615,FedEx post-office-centered national sample candidate,national_post_office_sample_candidate,food_service,osm:node:10195531964,SHOR,,,FedEx,HI,,21.2759974,-157.8252964,Geofabrik OpenStreetMap GeoPackage extract,2026-08-14T20:21:03Z,open,ODbL; attribution and share-alike required,packet_ready,geofabrik_named_food_service
national-post-office-hi-fedex-89c3ba0615,FedEx post-office-centered national sample candidate,national_post_office_sample_candidate,food_service,osm:node:10189306240,SWELL Restaurant and Pool Bar,,,FedEx,HI,,21.2747842,-157.8233174,Geofabrik OpenStreetMap GeoPackage extract,2026-08-14T20:21:03Z,open,ODbL; attribution and share-alike required,packet_ready,geofabrik_named_food_service
national-post-office-hi-fedex-89c3ba0615,FedEx post-office-centered national sample candidate,national_post_office_sample_candidate,food_service,osm:node:10195531965,SWIM Restaurant and Bar,,,FedEx,HI,,21.2762590,-157.8255207,Geofabrik OpenStreetMap GeoPackage extract,2026-08-14T20:21:03Z,open,ODbL; attribution and share-alike required,packet_ready,geofabrik_named_food_service
national-post-office-hi-fedex-89c3ba0615,FedEx post-office-centered national sample candidate,national_post_office_sample_candidate,food_service,osm:node:10000682625,Saigon Grill,,,FedEx,HI,,21.2914284,-157.8378682,Geofabrik OpenStreetMap GeoPackage extract,2026-08-14T20:21:03Z,open,ODbL; attribution and share-alike required,packet_ready,geofabrik_named_food_service
national-post-office-hi-fedex-89c3ba0615,FedEx post-office-centered national sample candidate,national_post_office_sample_candidate,food_service,osm:node:13375109301,Saigon Grill,,,FedEx,HI,,21.2862917,-157.8327884,Geofabrik OpenStreetMap GeoPackage extract,2026-08-14T20:21:03Z,open,ODbL; attribution and share-alike required,packet_ready,geofabrik_named_food_service
national-post-office-hi-fedex-89c3ba0615,FedEx post-office-centered national sample candidate,national_post_office_sample_candidate,food_service,osm:node:4198267189,Saigon Salad,,,FedEx,HI,,21.2853106,-157.8380473,Geofabrik OpenStreetMap GeoPackage extract,2026-08-14T20:21:03Z,open,ODbL; attribution and share-alike required,packet_ready,geofabrik_named_food_service
national-post-office-hi-fedex-89c3ba0615,FedEx post-office-centered national sample candidate,national_post_office_sample_candidate,food_service,osm:node:5553513226,Saigon's Vietnamese Restaurant,,,FedEx,HI,,21.2826990,-157.7986202,Geofabrik OpenStreetMap GeoPackage extract,2026-08-14T20:21:03Z,open,ODbL; attribution and share-alike required,packet_ready,geofabrik_named_food_service
national-post-office-hi-fedex-89c3ba0615,FedEx post-office-centered national sample candidate,national_post_office_sample_candidate,food_service,osm:way:620988192,Sakura Terrace,,,FedEx,HI,,21.2996096,-157.8428480,Geofabrik OpenStreetMap GeoPackage extract,2026-08-14T20:21:03Z,open,ODbL; attribution and share-alike required,packet_ready,geofabrik_named_food_service
national-post-office-hi-fedex-89c3ba0615,FedEx post-office-centered national sample candidate,national_post_office_sample_candidate,food_service,osm:node:4266849490,Sam's Delicatessen,,,FedEx,HI,,21.3171163,-157.8550760,Geofabrik OpenStreetMap GeoPackage extract,2026-08-14T20:21:03Z,open,ODbL; attribution and share-alike required,packet_ready,geofabrik_named_food_service
national-post-office-hi-fedex-89c3ba0615,FedEx post-office-centered national sample candidate,national_post_office_sample_candidate,food_service,osm:node:12289370553,Sandy’s Cafe,,,FedEx,HI,,21.3145951,-157.8611333,Geofabrik OpenStreetMap GeoPackage extract,2026-08-14T20:21:03Z,open,ODbL; attribution and share-alike required,packet_ready,geofabrik_named_food_service
national-post-office-hi-fedex-89c3ba0615,FedEx post-office-centered national sample candidate,national_post_office_sample_candidate,food_service,osm:node:10189315054,Sansei Seafood Restaurant & Sushi Bar,,,FedEx,HI,,21.2732967,-157.8230194,Geofabrik OpenStreetMap GeoPackage extract,2026-08-14T20:21:03Z,open,ODbL; attribution and share-alike required,packet_ready,geofabrik_named_food_service
national-post-office-hi-fedex-89c3ba0615,FedEx post-office-centered national sample candidate,national_post_office_sample_candidate,food_service,osm:node:4742640224,Santouka Ramen,,,FedEx,HI,,21.2932864,-157.8389478,Geofabrik OpenStreetMap GeoPackage extract,2026-08-14T20:21:03Z,open,ODbL; attribution and share-alike required,packet_ready,geofabrik_named_food_service
national-post-office-hi-fedex-89c3ba0615,FedEx post-office-centered national sample candidate,national_post_office_sample_candidate,food_service,osm:node:11241023241,Sasabune,,,FedEx,HI,,21.2981938,-157.8398186,Geofabrik OpenStreetMap GeoPackage extract,2026-08-14T20:21:03Z,open,ODbL; attribution and share-alike required,packet_ready,geofabrik_named_food_service
national-post-office-hi-fedex-89c3ba0615,FedEx post-office-centered national sample candidate,national_post_office_sample_candidate,food_service,osm:node:4484930693,Sato Seafood,,,FedEx,HI,,21.2795976,-157.8261300,Geofabrik OpenStreetMap GeoPackage extract,2026-08-14T20:21:03Z,open,ODbL; attribution and share-alike required,packet_ready,geofabrik_named_food_service
national-post-office-hi-fedex-89c3ba0615,FedEx post-office-centered national sample candidate,national_post_office_sample_candidate,food_service,osm:node:11060928299,Sbarro,,,FedEx,HI,,21.2906969,-157.8441774,Geofabrik OpenStreetMap GeoPackage extract,2026-08-14T20:21:03Z,open,ODbL; attribution and share-alike required,packet_ready,geofabrik_named_food_service
national-post-office-hi-fedex-89c3ba0615,FedEx post-office-centered national sample candidate,national_post_office_sample_candidate,food_service,osm:node:4484927392,Seaside Bar & Grill,,,FedEx,HI,,21.2801722,-157.8267674,Geofabrik OpenStreetMap GeoPackage extract,2026-08-14T20:21:03Z,open,ODbL; attribution and share-alike required,packet_ready,geofabrik_named_food_service
national-post-office-hi-fedex-89c3ba0615,FedEx post-office-centered national sample candidate,national_post_office_sample_candidate,food_service,osm:node:12289370560,Seasons,,,FedEx,HI,,21.3143871,-157.8614492,Geofabrik OpenStreetMap GeoPackage extract,2026-08-14T20:21:03Z,open,ODbL; attribution and share-alike required,packet_ready,geofabrik_named_food_service
national-post-office-hi-fedex-89c3ba0615,FedEx post-office-centered national sample candidate,national_post_office_sample_candidate,food_service,osm:node:4751864045,Sekiya's Restaurant & Delicatessen,,,FedEx,HI,,21.2874871,-157.8152355,Geofabrik OpenStreetMap GeoPackage extract,2026-08-14T20:21:03Z,open,ODbL; attribution and share-alike required,packet_ready,geofabrik_named_food_service
national-post-office-hi-fedex-89c3ba0615,FedEx post-office-centered national sample candidate,national_post_office_sample_candidate,food_service,osm:node:4679526801,Senia,,,FedEx,HI,,21.3114010,-157.8635191,Geofabrik OpenStreetMap GeoPackage extract,2026-08-14T20:21:03Z,open,ODbL; attribution and share-alike required,packet_ready,geofabrik_named_food_service
national-post-office-hi-fedex-89c3ba0615,FedEx post-office-centered national sample candidate,national_post_office_sample_candidate,food_service,osm:node:11060928269,Senor Pepe,,,FedEx,HI,,21.2906522,-157.8439274,Geofabrik OpenStreetMap GeoPackage extract,2026-08-14T20:21:03Z,open,ODbL; attribution and share-alike required,packet_ready,geofabrik_named_food_service
national-post-office-hi-fedex-89c3ba0615,FedEx post-office-centered national sample candidate,national_post_office_sample_candidate,food_service,osm:node:11374607314,Seoul Mix 2.0,,,FedEx,HI,,21.2907617,-157.8419215,Geofabrik OpenStreetMap GeoPackage extract,2026-08-14T20:21:03Z,open,ODbL; attribution and share-alike required,packet_ready,geofabrik_named_food_service
national-post-office-hi-fedex-89c3ba0615,FedEx post-office-centered national sample candidate,national_post_office_sample_candidate,food_service,osm:node:11064049547,Seoul Tofu House,,,FedEx,HI,,21.2794244,-157.8263535,Geofabrik OpenStreetMap GeoPackage extract,2026-08-14T20:21:03Z,open,ODbL; attribution and share-alike required,packet_ready,geofabrik_named_food_service
national-post-office-hi-fedex-89c3ba0615,FedEx post-office-centered national sample candidate,national_post_office_sample_candidate,food_service,osm:node:3707338440,Serge's Italian Kitchen and Pizzeria,,,FedEx,HI,,21.3089714,-157.8123479,Geofabrik OpenStreetMap GeoPackage extract,2026-08-14T20:21:03Z,open,ODbL; attribution and share-alike required,packet_ready,geofabrik_named_food_service
national-post-office-hi-fedex-89c3ba0615,FedEx post-office-centered national sample candidate,national_post_office_sample_candidate,food_service,osm:node:3707347006,Serge's Mexican Kitchen,,,FedEx,HI,,21.3090209,-157.8122159,Geofabrik OpenStreetMap GeoPackage extract,2026-08-14T20:21:03Z,open,ODbL; attribution and share-alike required,packet_ready,geofabrik_named_food_service
national-post-office-hi-fedex-89c3ba0615,FedEx post-office-centered national sample candidate,national_post_office_sample_candidate,food_service,osm:node:9369929852,Shaka Shaka,,,FedEx,HI,,21.2919635,-157.8215325,Geofabrik OpenStreetMap GeoPackage extract,2026-08-14T20:21:03Z,open,ODbL; attribution and share-alike required,packet_ready,geofabrik_named_food_service
national-post-office-hi-fedex-89c3ba0615,FedEx post-office-centered national sample candidate,national_post_office_sample_candidate,food_service,osm:node:10688046123,Shaloha,,,FedEx,HI,,21.2877883,-157.8095623,Geofabrik OpenStreetMap GeoPackage extract,2026-08-14T20:21:03Z,open,ODbL; attribution and share-alike required,packet_ready,geofabrik_named_food_service
national-post-office-hi-fedex-89c3ba0615,FedEx post-office-centered national sample candidate,national_post_office_sample_candidate,food_service,osm:node:11253745014,Sharetea,,,FedEx,HI,,21.2908039,-157.8415932,Geofabrik OpenStreetMap GeoPackage extract,2026-08-14T20:21:03Z,open,ODbL; attribution and share-alike required,packet_ready,geofabrik_named_food_service
national-post-office-hi-fedex-89c3ba0615,FedEx post-office-centered national sample candidate,national_post_office_sample_candidate,food_service,osm:node:9384845038,Shibuya,,,FedEx,HI,,21.2923100,-157.8453008,Geofabrik OpenStreetMap GeoPackage extract,2026-08-14T20:21:03Z,open,ODbL; attribution and share-alike required,packet_ready,geofabrik_named_food_service
national-post-office-hi-fedex-89c3ba0615,FedEx post-office-centered national sample candidate,national_post_office_sample_candidate,food_service,osm:node:5750422324,Shokudo,,,FedEx,HI,,21.2916797,-157.8404752,Geofabrik OpenStreetMap GeoPackage extract,2026-08-14T20:21:03Z,open,ODbL; attribution and share-alike required,packet_ready,geofabrik_named_food_service
national-post-office-hi-fedex-89c3ba0615,FedEx post-office-centered national sample candidate,national_post_office_sample_candidate,food_service,osm:node:6129985488,ShoreFyre,,,FedEx,HI,,21.2757880,-157.8242860,Geofabrik OpenStreetMap GeoPackage extract,2026-08-14T20:21:03Z,open,ODbL; attribution and share-alike required,packet_ready,geofabrik_named_food_service
national-post-office-hi-fedex-89c3ba0615,FedEx post-office-centered national sample candidate,national_post_office_sample_candidate,food_service,osm:node:9824088617,Shorefyre,,,FedEx,HI,,21.2777763,-157.8265722,Geofabrik OpenStreetMap GeoPackage extract,2026-08-14T20:21:03Z,open,ODbL; attribution and share-alike required,packet_ready,geofabrik_named_food_service
national-post-office-hi-fedex-89c3ba0615,FedEx post-office-centered national sample candidate,national_post_office_sample_candidate,food_service,osm:node:4571695389,Siam Square,,,FedEx,HI,,21.2817198,-157.8284593,Geofabrik OpenStreetMap GeoPackage extract,2026-08-14T20:21:03Z,open,ODbL; attribution and share-alike required,packet_ready,geofabrik_named_food_service
national-post-office-hi-fedex-89c3ba0615,FedEx post-office-centered national sample candidate,national_post_office_sample_candidate,food_service,osm:node:5038269022,Side Street Inn,,,FedEx,HI,,21.2943239,-157.8474074,Geofabrik OpenStreetMap GeoPackage extract,2026-08-14T20:21:03Z,open,ODbL; attribution and share-alike required,packet_ready,geofabrik_named_food_service
national-post-office-hi-fedex-89c3ba0615,FedEx post-office-centered national sample candidate,national_post_office_sample_candidate,food_service,osm:node:5156192923,Side Street Inn,,,FedEx,HI,,21.2788250,-157.8141710,Geofabrik OpenStreetMap GeoPackage extract,2026-08-14T20:21:03Z,open,ODbL; attribution and share-alike required,packet_ready,geofabrik_named_food_service
national-post-office-hi-fedex-89c3ba0615,FedEx post-office-centered national sample candidate,national_post_office_sample_candidate,food_service,osm:node:4664690327,Sikdorak,,,FedEx,HI,,21.2943361,-157.8412510,Geofabrik OpenStreetMap GeoPackage extract,2026-08-14T20:21:03Z,open,ODbL; attribution and share-alike required,packet_ready,geofabrik_named_food_service
national-post-office-hi-fedex-89c3ba0615,FedEx post-office-centered national sample candidate,national_post_office_sample_candidate,food_service,osm:node:7035102185,Simple Joy,,,FedEx,HI,,21.2999532,-157.8448872,Geofabrik OpenStreetMap GeoPackage extract,2026-08-14T20:21:03Z,open,ODbL; attribution and share-alike required,packet_ready,geofabrik_named_food_service
national-post-office-hi-fedex-89c3ba0615,FedEx post-office-centered national sample candidate,national_post_office_sample_candidate,food_service,osm:node:4582232391,SingSing Thai Street Food,,,FedEx,HI,,21.3116168,-157.8629030,Geofabrik OpenStreetMap GeoPackage extract,2026-08-14T20:21:03Z,open,ODbL; attribution and share-alike required,packet_ready,geofabrik_named_food_service
national-post-office-hi-fedex-89c3ba0615,FedEx post-office-centered national sample candidate,national_post_office_sample_candidate,food_service,osm:node:7016679885,Sip Honolulu,,,FedEx,HI,,21.3011575,-157.8622850,Geofabrik OpenStreetMap GeoPackage extract,2026-08-14T20:21:03Z,open,ODbL; attribution and share-alike required,packet_ready,geofabrik_named_food_service
national-post-office-hi-fedex-89c3ba0615,FedEx post-office-centered national sample candidate,national_post_office_sample_candidate,food_service,osm:node:4339571090,Slice of Waikiki Pizza,,,FedEx,HI,,21.2808737,-157.8280238,Geofabrik OpenStreetMap GeoPackage extract,2026-08-14T20:21:03Z,open,ODbL; attribution and share-alike required,packet_ready,geofabrik_named_food_service
national-post-office-hi-fedex-89c3ba0615,FedEx post-office-centered national sample candidate,national_post_office_sample_candidate,food_service,osm:node:4679526805,Smith & Kings,,,FedEx,HI,,21.3113317,-157.8634757,Geofabrik OpenStreetMap GeoPackage extract,2026-08-14T20:21:03Z,open,ODbL; attribution and share-alike required,packet_ready,geofabrik_named_food_service
national-post-office-hi-fedex-89c3ba0615,FedEx post-office-centered national sample candidate,national_post_office_sample_candidate,food_service,osm:node:11060766557,So Gong Dong,,,FedEx,HI,,21.2958404,-157.8407014,Geofabrik OpenStreetMap GeoPackage extract,2026-08-14T20:21:03Z,open,ODbL; attribution and share-alike required,packet_ready,geofabrik_named_food_service
national-post-office-hi-fedex-89c3ba0615,FedEx post-office-centered national sample candidate,national_post_office_sample_candidate,food_service,osm:way:302939919,Sorabol,,,FedEx,HI,,21.2953913,-157.8400108,Geofabrik OpenStreetMap GeoPackage extract,2026-08-14T20:21:03Z,open,ODbL; attribution and share-alike required,packet_ready,geofabrik_named_food_service
national-post-office-hi-fedex-89c3ba0615,FedEx post-office-centered national sample candidate,national_post_office_sample_candidate,food_service,osm:node:1650462197,Soul Cuisine with aloha and spice,,,FedEx,HI,,21.2893610,-157.8112439,Geofabrik OpenStreetMap GeoPackage extract,2026-08-14T20:21:03Z,open,ODbL; attribution and share-alike required,packet_ready,geofabrik_named_food_service
national-post-office-hi-fedex-89c3ba0615,FedEx post-office-centered national sample candidate,national_post_office_sample_candidate,food_service,osm:node:3740804333,South Shore Grill,,,FedEx,HI,,21.2691974,-157.8127937,Geofabrik OpenStreetMap GeoPackage extract,2026-08-14T20:21:03Z,open,ODbL; attribution and share-alike required,packet_ready,geofabrik_named_food_service
national-post-office-hi-fedex-89c3ba0615,FedEx post-office-centered national sample candidate,national_post_office_sample_candidate,food_service,osm:node:12801568690,Spero Spera,,,FedEx,HI,,21.2998679,-157.8407936,Geofabrik OpenStreetMap GeoPackage extract,2026-08-14T20:21:03Z,open,ODbL; attribution and share-alike required,packet_ready,geofabrik_named_food_service
national-post-office-hi-fedex-89c3ba0615,FedEx post-office-centered national sample candidate,national_post_office_sample_candidate,food_service,osm:node:11880701358,Sprout Sandwhich Shop,,,FedEx,HI,,21.2823974,-157.7985400,Geofabrik OpenStreetMap GeoPackage extract,2026-08-14T20:21:03Z,open,ODbL; attribution and share-alike required,packet_ready,geofabrik_named_food_service
national-post-office-hi-fedex-89c3ba0615,FedEx post-office-centered national sample candidate,national_post_office_sample_candidate,food_service,osm:node:5221464370,St. Louis Drive Inn,,,FedEx,HI,,21.2876592,-157.8091871,Geofabrik OpenStreetMap GeoPackage extract,2026-08-14T20:21:03Z,open,ODbL; attribution and share-alike required,packet_ready,geofabrik_named_food_service
national-post-office-hi-fedex-89c3ba0615,FedEx post-office-centered national sample candidate,national_post_office_sample_candidate,food_service,osm:node:1402858675,Stage,,,FedEx,HI,,21.2954064,-157.8469024,Geofabrik OpenStreetMap GeoPackage extract,2026-08-14T20:21:03Z,open,ODbL; attribution and share-alike required,packet_ready,geofabrik_named_food_service
national-post-office-hi-fedex-89c3ba0615,FedEx post-office-centered national sample candidate,national_post_office_sample_candidate,food_service,osm:node:10174735278,Starbucks,,,FedEx,HI,,21.2818415,-157.8367847,Geofabrik OpenStreetMap GeoPackage extract,2026-08-14T20:21:03Z,open,ODbL; attribution and share-alike required,packet_ready,geofabrik_named_food_service
national-post-office-hi-fedex-89c3ba0615,FedEx post-office-centered national sample candidate,national_post_office_sample_candidate,food_service,osm:node:10174735294,Starbucks,,,FedEx,HI,,21.2837264,-157.8361081,Geofabrik OpenStreetMap GeoPackage extract,2026-08-14T20:21:03Z,open,ODbL; attribution and share-alike required,packet_ready,geofabrik_named_food_service
national-post-office-hi-fedex-89c3ba0615,FedEx post-office-centered national sample candidate,national_post_office_sample_candidate,food_service,osm:node:10181382242,Starbucks,,,FedEx,HI,,21.2731115,-157.8225296,Geofabrik OpenStreetMap GeoPackage extract,2026-08-14T20:21:03Z,open,ODbL; attribution and share-alike required,packet_ready,geofabrik_named_food_service
national-post-office-hi-fedex-89c3ba0615,FedEx post-office-centered national sample candidate,national_post_office_sample_candidate,food_service,osm:node:10181382243,Starbucks,,,FedEx,HI,,21.2739264,-157.8216418,Geofabrik OpenStreetMap GeoPackage extract,2026-08-14T20:21:03Z,open,ODbL; attribution and share-alike required,packet_ready,geofabrik_named_food_service
national-post-office-hi-fedex-89c3ba0615,FedEx post-office-centered national sample candidate,national_post_office_sample_candidate,food_service,osm:node:11253745011,Starbucks,,,FedEx,HI,,21.2926461,-157.8457730,Geofabrik OpenStreetMap GeoPackage extract,2026-08-14T20:21:03Z,open,ODbL; attribution and share-alike required,packet_ready,geofabrik_named_food_service
national-post-office-hi-fedex-89c3ba0615,FedEx post-office-centered national sample candidate,national_post_office_sample_candidate,food_service,osm:node:13041840549,Starbucks,,,FedEx,HI,,21.2783385,-157.8253204,Geofabrik OpenStreetMap GeoPackage extract,2026-08-14T20:21:03Z,open,ODbL; attribution and share-alike required,packet_ready,geofabrik_named_food_service
national-post-office-hi-fedex-89c3ba0615,FedEx post-office-centered national sample candidate,national_post_office_sample_candidate,food_service,osm:node:1409278620,Starbucks,,,FedEx,HI,,21.2938376,-157.8532043,Geofabrik OpenStreetMap GeoPackage extract,2026-08-14T20:21:03Z,open,ODbL; attribution and share-alike required,packet_ready,geofabrik_named_food_service
national-post-office-hi-fedex-89c3ba0615,FedEx post-office-centered national sample candidate,national_post_office_sample_candidate,food_service,osm:node:1475451311,Starbucks,,,FedEx,HI,,21.2946628,-157.8421593,Geofabrik OpenStreetMap GeoPackage extract,2026-08-14T20:21:03Z,open,ODbL; attribution and share-alike required,packet_ready,geofabrik_named_food_service
national-post-office-hi-fedex-89c3ba0615,FedEx post-office-centered national sample candidate,national_post_office_sample_candidate,food_service,osm:node:2972645123,Starbucks,,,FedEx,HI,,21.2979782,-157.8617390,Geofabrik OpenStreetMap GeoPackage extract,2026-08-14T20:21:03Z,open,ODbL; attribution and share-alike required,packet_ready,geofabrik_named_food_service
national-post-office-hi-fedex-89c3ba0615,FedEx post-office-centered national sample candidate,national_post_office_sample_candidate,food_service,osm:node:3740804338,Starbucks,,,FedEx,HI,,21.2790361,-157.8138240,Geofabrik OpenStreetMap GeoPackage extract,2026-08-14T20:21:03Z,open,ODbL; attribution and share-alike required,packet_ready,geofabrik_named_food_service
national-post-office-hi-fedex-89c3ba0615,FedEx post-office-centered national sample candidate,national_post_office_sample_candidate,food_service,osm:node:4198278890,Starbucks,,,FedEx,HI,,21.2919635,-157.8454318,Geofabrik OpenStreetMap GeoPackage extract,2026-08-14T20:21:03Z,open,ODbL; attribution and share-alike required,packet_ready,geofabrik_named_food_service
national-post-office-hi-fedex-89c3ba0615,FedEx post-office-centered national sample candidate,national_post_office_sample_candidate,food_service,osm:node:4199035191,Starbucks,,,FedEx,HI,,21.2905992,-157.8416931,Geofabrik OpenStreetMap GeoPackage extract,2026-08-14T20:21:03Z,open,ODbL; attribution and share-alike required,packet_ready,geofabrik_named_food_service
national-post-office-hi-fedex-89c3ba0615,FedEx post-office-centered national sample candidate,national_post_office_sample_candidate,food_service,osm:node:4257951989,Starbucks,,,FedEx,HI,,21.2716737,-157.8226250,Geofabrik OpenStreetMap GeoPackage extract,2026-08-14T20:21:03Z,open,ODbL; attribution and share-alike required,packet_ready,geofabrik_named_food_service
national-post-office-hi-fedex-89c3ba0615,FedEx post-office-centered national sample candidate,national_post_office_sample_candidate,food_service,osm:node:4716738542,Starbucks,,,FedEx,HI,,21.3098582,-157.8103894,Geofabrik OpenStreetMap GeoPackage extract,2026-08-14T20:21:03Z,open,ODbL; attribution and share-alike required,packet_ready,geofabrik_named_food_service
national-post-office-hi-fedex-89c3ba0615,FedEx post-office-centered national sample candidate,national_post_office_sample_candidate,food_service,osm:node:708318947,Starbucks,,,FedEx,HI,,21.2795439,-157.8301670,Geofabrik OpenStreetMap GeoPackage extract,2026-08-14T20:21:03Z,open,ODbL; attribution and share-alike required,packet_ready,geofabrik_named_food_service
national-post-office-hi-fedex-89c3ba0615,FedEx post-office-centered national sample candidate,national_post_office_sample_candidate,food_service,osm:node:708318969,Starbucks,,,FedEx,HI,,21.2787335,-157.8324810,Geofabrik OpenStreetMap GeoPackage extract,2026-08-14T20:21:03Z,open,ODbL; attribution and share-alike required,packet_ready,geofabrik_named_food_service
national-post-office-hi-fedex-89c3ba0615,FedEx post-office-centered national sample candidate,national_post_office_sample_candidate,food_service,osm:node:9278970194,Starbucks,,,FedEx,HI,,21.3161813,-157.8553431,Geofabrik OpenStreetMap GeoPackage extract,2026-08-14T20:21:03Z,open,ODbL; attribution and share-alike required,packet_ready,geofabrik_named_food_service
national-post-office-hi-fedex-89c3ba0615,FedEx post-office-centered national sample candidate,national_post_office_sample_candidate,food_service,osm:node:9871208445,Starbucks,,,FedEx,HI,,21.3016719,-157.8423320,Geofabrik OpenStreetMap GeoPackage extract,2026-08-14T20:21:03Z,open,ODbL; attribution and share-alike required,packet_ready,geofabrik_named_food_service
national-post-office-hi-fedex-89c3ba0615,FedEx post-office-centered national sample candidate,national_post_office_sample_candidate,food_service,osm:node:9918248338,Starbucks,,,FedEx,HI,,21.2912894,-157.8432333,Geofabrik OpenStreetMap GeoPackage extract,2026-08-14T20:21:03Z,open,ODbL; attribution and share-alike required,packet_ready,geofabrik_named_food_service
national-post-office-hi-fedex-89c3ba0615,FedEx post-office-centered national sample candidate,national_post_office_sample_candidate,food_service,osm:node:6095675627,Starbucks Reserve,,,FedEx,HI,,21.2797874,-157.8269666,Geofabrik OpenStreetMap GeoPackage extract,2026-08-14T20:21:03Z,open,ODbL; attribution and share-alike required,packet_ready,geofabrik_named_food_service
national-post-office-hi-fedex-89c3ba0615,FedEx post-office-centered national sample candidate,national_post_office_sample_candidate,food_service,osm:node:4491443190,Steak Shack,,,FedEx,HI,,21.2779784,-157.8335663,Geofabrik OpenStreetMap GeoPackage extract,2026-08-14T20:21:03Z,open,ODbL; attribution and share-alike required,packet_ready,geofabrik_named_food_service
national-post-office-hi-fedex-89c3ba0615,FedEx post-office-centered national sample candidate,national_post_office_sample_candidate,food_service,osm:node:11060928293,Steak Teppei,,,FedEx,HI,,21.2906980,-157.8440392,Geofabrik OpenStreetMap GeoPackage extract,2026-08-14T20:21:03Z,open,ODbL; attribution and share-alike required,packet_ready,geofabrik_named_food_service
national-post-office-hi-fedex-89c3ba0615,FedEx post-office-centered national sample candidate,national_post_office_sample_candidate,food_service,osm:node:10688046114,Subway,,,FedEx,HI,,21.3081927,-157.8601722,Geofabrik OpenStreetMap GeoPackage extract,2026-08-14T20:21:03Z,open,ODbL; attribution and share-alike required,packet_ready,geofabrik_named_food_service
national-post-office-hi-fedex-89c3ba0615,FedEx post-office-centered national sample candidate,national_post_office_sample_candidate,food_service,osm:node:3672656669,Subway,,,FedEx,HI,,21.2709153,-157.8020310,Geofabrik OpenStreetMap GeoPackage extract,2026-08-14T20:21:03Z,open,ODbL; attribution and share-alike required,packet_ready,geofabrik_named_food_service
national-post-office-hi-fedex-89c3ba0615,FedEx post-office-centered national sample candidate,national_post_office_sample_candidate,food_service,osm:node:3740804350,Subway,,,FedEx,HI,,21.3103924,-157.8606677,Geofabrik OpenStreetMap GeoPackage extract,2026-08-14T20:21:03Z,open,ODbL; attribution and share-alike required,packet_ready,geofabrik_named_food_service
national-post-office-hi-fedex-89c3ba0615,FedEx post-office-centered national sample candidate,national_post_office_sample_candidate,food_service,osm:node:4198265289,Subway,,,FedEx,HI,,21.2853106,-157.8382243,Geofabrik OpenStreetMap GeoPackage extract,2026-08-14T20:21:03Z,open,ODbL; attribution and share-alike required,packet_ready,geofabrik_named_food_service
national-post-office-hi-fedex-89c3ba0615,FedEx post-office-centered national sample candidate,national_post_office_sample_candidate,food_service,osm:node:4478220125,Subway,,,FedEx,HI,,21.3079739,-157.8108014,Geofabrik OpenStreetMap GeoPackage extract,2026-08-14T20:21:03Z,open,ODbL; attribution and share-alike required,packet_ready,geofabrik_named_food_service
national-post-office-hi-fedex-89c3ba0615,FedEx post-office-centered national sample candidate,national_post_office_sample_candidate,food_service,osm:node:4496304991,Subway,,,FedEx,HI,,21.2863186,-157.8334828,Geofabrik OpenStreetMap GeoPackage extract,2026-08-14T20:21:03Z,open,ODbL; attribution and share-alike required,packet_ready,geofabrik_named_food_service
national-post-office-hi-fedex-89c3ba0615,FedEx post-office-centered national sample candidate,national_post_office_sample_candidate,food_service,osm:node:4789568808,Subway,,,FedEx,HI,,21.2823525,-157.8002690,Geofabrik OpenStreetMap GeoPackage extract,2026-08-14T20:21:03Z,open,ODbL; attribution and share-alike required,packet_ready,geofabrik_named_food_service
national-post-office-hi-fedex-89c3ba0615,FedEx post-office-centered national sample candidate,national_post_office_sample_candidate,food_service,osm:node:4895133792,Subway,,,FedEx,HI,,21.3200549,-157.8615344,Geofabrik OpenStreetMap GeoPackage extract,2026-08-14T20:21:03Z,open,ODbL; attribution and share-alike required,packet_ready,geofabrik_named_food_service
national-post-office-hi-fedex-89c3ba0615,FedEx post-office-centered national sample candidate,national_post_office_sample_candidate,food_service,osm:node:5231901461,Subway,,,FedEx,HI,,21.2989531,-157.8191504,Geofabrik OpenStreetMap GeoPackage extract,2026-08-14T20:21:03Z,open,ODbL; attribution and share-alike required,packet_ready,geofabrik_named_food_service
national-post-office-hi-fedex-89c3ba0615,FedEx post-office-centered national sample candidate,national_post_office_sample_candidate,food_service,osm:node:6395685335,Subway,,,FedEx,HI,,21.2794266,-157.8313420,Geofabrik OpenStreetMap GeoPackage extract,2026-08-14T20:21:03Z,open,ODbL; attribution and share-alike required,packet_ready,geofabrik_named_food_service
national-post-office-hi-fedex-89c3ba0615,FedEx post-office-centered national sample candidate,national_post_office_sample_candidate,food_service,osm:node:6395685337,Subway,,,FedEx,HI,,21.2779454,-157.8335037,Geofabrik OpenStreetMap GeoPackage extract,2026-08-14T20:21:03Z,open,ODbL; attribution and share-alike required,packet_ready,geofabrik_named_food_service
national-post-office-hi-fedex-89c3ba0615,FedEx post-office-centered national sample candidate,national_post_office_sample_candidate,food_service,osm:node:7659914282,Subway,,,FedEx,HI,,21.3213305,-157.8736820,Geofabrik OpenStreetMap GeoPackage extract,2026-08-14T20:21:03Z,open,ODbL; attribution and share-alike required,packet_ready,geofabrik_named_food_service
national-post-office-hi-fedex-89c3ba0615,FedEx post-office-centered national sample candidate,national_post_office_sample_candidate,food_service,osm:node:810809597,Subway,,,FedEx,HI,,21.2880013,-157.8096340,Geofabrik OpenStreetMap GeoPackage extract,2026-08-14T20:21:03Z,open,ODbL; attribution and share-alike required,packet_ready,geofabrik_named_food_service
national-post-office-hi-fedex-89c3ba0615,FedEx post-office-centered national sample candidate,national_post_office_sample_candidate,food_service,osm:node:9854395933,Subway,,,FedEx,HI,,21.2946894,-157.8416563,Geofabrik OpenStreetMap GeoPackage extract,2026-08-14T20:21:03Z,open,ODbL; attribution and share-alike required,packet_ready,geofabrik_named_food_service
national-post-office-hi-fedex-89c3ba0615,FedEx post-office-centered national sample candidate,national_post_office_sample_candidate,food_service,osm:way:984617196,Subway,,,FedEx,HI,,21.2971097,-157.8358805,Geofabrik OpenStreetMap GeoPackage extract,2026-08-14T20:21:03Z,open,ODbL; attribution and share-alike required,packet_ready,geofabrik_named_food_service
national-post-office-hi-fedex-89c3ba0615,FedEx post-office-centered national sample candidate,national_post_office_sample_candidate,food_service,osm:node:4868842444,Subway / TCBY,,,FedEx,HI,,21.3055273,-157.8382501,Geofabrik OpenStreetMap GeoPackage extract,2026-08-14T20:21:03Z,open,ODbL; attribution and share-alike required,packet_ready,geofabrik_named_food_service
national-post-office-hi-fedex-89c3ba0615,FedEx post-office-centered national sample candidate,national_post_office_sample_candidate,food_service,osm:node:4491316705,Sugoi,,,FedEx,HI,,21.3217554,-157.8760045,Geofabrik OpenStreetMap GeoPackage extract,2026-08-14T20:21:03Z,open,ODbL; attribution and share-alike required,packet_ready,geofabrik_named_food_service
national-post-office-hi-fedex-89c3ba0615,FedEx post-office-centered national sample candidate,national_post_office_sample_candidate,food_service,osm:node:9884087916,Summer Frappe,,,FedEx,HI,,21.3126396,-157.8619574,Geofabrik OpenStreetMap GeoPackage extract,2026-08-14T20:21:03Z,open,ODbL; attribution and share-alike required,packet_ready,geofabrik_named_food_service
national-post-office-hi-fedex-89c3ba0615,FedEx post-office-centered national sample candidate,national_post_office_sample_candidate,food_service,osm:node:3740804345,Sumo Ramen,,,FedEx,HI,,21.2879754,-157.8150851,Geofabrik OpenStreetMap GeoPackage extract,2026-08-14T20:21:03Z,open,ODbL; attribution and share-alike required,packet_ready,geofabrik_named_food_service
national-post-office-hi-fedex-89c3ba0615,FedEx post-office-centered national sample candidate,national_post_office_sample_candidate,food_service,osm:node:4427516922,Sumo Sushi,,,FedEx,HI,,21.3123944,-157.8578040,Geofabrik OpenStreetMap GeoPackage extract,2026-08-14T20:21:03Z,open,ODbL; attribution and share-alike required,packet_ready,geofabrik_named_food_service
national-post-office-hi-fedex-89c3ba0615,FedEx post-office-centered national sample candidate,national_post_office_sample_candidate,food_service,osm:way:1020406584,Sunny's,,,FedEx,HI,,21.2864935,-157.8345409,Geofabrik OpenStreetMap GeoPackage extract,2026-08-14T20:21:03Z,open,ODbL; attribution and share-alike required,packet_ready,geofabrik_named_food_service
national-post-office-hi-fedex-89c3ba0615,FedEx post-office-centered national sample candidate,national_post_office_sample_candidate,food_service,osm:node:13312645889,Sunrise Shack - Kapahulu,,,FedEx,HI,,21.2853029,-157.8133287,Geofabrik OpenStreetMap GeoPackage extract,2026-08-14T20:21:03Z,open,ODbL; attribution and share-alike required,packet_ready,geofabrik_named_food_service
national-post-office-hi-fedex-89c3ba0615,FedEx post-office-centered national sample candidate,national_post_office_sample_candidate,food_service,osm:node:1736869150,Super Pho,,,FedEx,HI,,21.2835855,-157.8003430,Geofabrik OpenStreetMap GeoPackage extract,2026-08-14T20:21:03Z,open,ODbL; attribution and share-alike required,packet_ready,geofabrik_named_food_service
national-post-office-hi-fedex-89c3ba0615,FedEx post-office-centered national sample candidate,national_post_office_sample_candidate,food_service,osm:node:5104847323,Sura Hawaii 姜虎東,,,FedEx,HI,,21.2908541,-157.8368486,Geofabrik OpenStreetMap GeoPackage extract,2026-08-14T20:21:03Z,open,ODbL; attribution and share-alike required,packet_ready,geofabrik_named_food_service
national-post-office-hi-fedex-89c3ba0615,FedEx post-office-centered national sample candidate,national_post_office_sample_candidate,food_service,osm:node:3202626941,Sure Shot Cafe (permanently closed),,,FedEx,HI,,21.3054717,-157.8381414,Geofabrik OpenStreetMap GeoPackage extract,2026-08-14T20:21:03Z,open,ODbL; attribution and share-alike required,packet_ready,geofabrik_named_food_service
national-post-office-hi-fedex-89c3ba0615,FedEx post-office-centered national sample candidate,national_post_office_sample_candidate,food_service,osm:node:10200931630,Surf Lanai,,,FedEx,HI,,21.2768585,-157.8286423,Geofabrik OpenStreetMap GeoPackage extract,2026-08-14T20:21:03Z,open,ODbL; attribution and share-alike required,packet_ready,geofabrik_named_food_service
national-post-office-hi-fedex-89c3ba0615,FedEx post-office-centered national sample candidate,national_post_office_sample_candidate,food_service,osm:node:9380554329,Sushi Company,,,FedEx,HI,,21.2959310,-157.8295858,Geofabrik OpenStreetMap GeoPackage extract,2026-08-14T20:21:03Z,open,ODbL; attribution and share-alike required,packet_ready,geofabrik_named_food_service
national-post-office-hi-fedex-89c3ba0615,FedEx post-office-centered national sample candidate,national_post_office_sample_candidate,food_service,osm:node:11115660149,Sushi Ginza Onodera,,,FedEx,HI,,21.2822312,-157.8142210,Geofabrik OpenStreetMap GeoPackage extract,2026-08-14T20:21:03Z,open,ODbL; attribution and share-alike required,packet_ready,geofabrik_named_food_service
national-post-office-hi-fedex-89c3ba0615,FedEx post-office-centered national sample candidate,national_post_office_sample_candidate,food_service,osm:node:1736869158,Sushi Ichiban,,,FedEx,HI,,21.2828230,-157.7994204,Geofabrik OpenStreetMap GeoPackage extract,2026-08-14T20:21:03Z,open,ODbL; attribution and share-alike required,packet_ready,geofabrik_named_food_service
national-post-office-hi-fedex-89c3ba0615,FedEx post-office-centered national sample candidate,national_post_office_sample_candidate,food_service,osm:node:10796520145,Sushi Robot & Plate Lunch,,,FedEx,HI,,21.2932145,-157.8387650,Geofabrik OpenStreetMap GeoPackage extract,2026-08-14T20:21:03Z,open,ODbL; attribution and share-alike required,packet_ready,geofabrik_named_food_service
national-post-office-hi-fedex-89c3ba0615,FedEx post-office-centered national sample candidate,national_post_office_sample_candidate,food_service,osm:node:10210339038,Sushi Sho,,,FedEx,HI,,21.2820583,-157.8299091,Geofabrik OpenStreetMap GeoPackage extract,2026-08-14T20:21:03Z,open,ODbL; attribution and share-alike required,packet_ready,geofabrik_named_food_service
national-post-office-hi-fedex-89c3ba0615,FedEx post-office-centered national sample candidate,national_post_office_sample_candidate,food_service,osm:node:6092533586,Sushi Sho,,,FedEx,HI,,21.2826223,-157.8298755,Geofabrik OpenStreetMap GeoPackage extract,2026-08-14T20:21:03Z,open,ODbL; attribution and share-alike required,packet_ready,geofabrik_named_food_service
national-post-office-hi-fedex-89c3ba0615,FedEx post-office-centered national sample candidate,national_post_office_sample_candidate,food_service,osm:node:11254053307,Sushi Spot Waikiki,,,FedEx,HI,,21.2755333,-157.8224429,Geofabrik OpenStreetMap GeoPackage extract,2026-08-14T20:21:03Z,open,ODbL; attribution and share-alike required,packet_ready,geofabrik_named_food_service
national-post-office-hi-fedex-89c3ba0615,FedEx post-office-centered national sample candidate,national_post_office_sample_candidate,food_service,osm:node:9888830427,Sushi ii,,,FedEx,HI,,21.2942979,-157.8411596,Geofabrik OpenStreetMap GeoPackage extract,2026-08-14T20:21:03Z,open,ODbL; attribution and share-alike required,packet_ready,geofabrik_named_food_service
national-post-office-hi-fedex-89c3ba0615,FedEx post-office-centered national sample candidate,national_post_office_sample_candidate,food_service,osm:node:4868842433,Sushiman,,,FedEx,HI,,21.3057333,-157.8386575,Geofabrik OpenStreetMap GeoPackage extract,2026-08-14T20:21:03Z,open,ODbL; attribution and share-alike required,packet_ready,geofabrik_named_food_service
national-post-office-hi-fedex-89c3ba0615,FedEx post-office-centered national sample candidate,national_post_office_sample_candidate,food_service,osm:node:769075303,Sushiman,,,FedEx,HI,,21.2892108,-157.8115119,Geofabrik OpenStreetMap GeoPackage extract,2026-08-14T20:21:03Z,open,ODbL; attribution and share-alike required,packet_ready,geofabrik_named_food_service
national-post-office-hi-fedex-89c3ba0615,FedEx post-office-centered national sample candidate,national_post_office_sample_candidate,food_service,osm:way:1353092584,Sushiya,,,FedEx,HI,,21.2839653,-157.8008668,Geofabrik OpenStreetMap GeoPackage extract,2026-08-14T20:21:03Z,open,ODbL; attribution and share-alike required,packet_ready,geofabrik_named_food_service
national-post-office-hi-fedex-89c3ba0615,FedEx post-office-centered national sample candidate,national_post_office_sample_candidate,food_service,osm:way:817962499,Sweet E's Cafe,,,FedEx,HI,,21.2861756,-157.8135694,Geofabrik OpenStreetMap GeoPackage extract,2026-08-14T20:21:03Z,open,ODbL; attribution and share-alike required,packet_ready,geofabrik_named_food_service
national-post-office-hi-fedex-89c3ba0615,FedEx post-office-centered national sample candidate,national_post_office_sample_candidate,food_service,osm:node:11064049548,TEX 808,,,FedEx,HI,,21.2793765,-157.8262950,Geofabrik OpenStreetMap GeoPackage extract,2026-08-14T20:21:03Z,open,ODbL; attribution and share-alike required,packet_ready,geofabrik_named_food_service
national-post-office-hi-fedex-89c3ba0615,FedEx post-office-centered national sample candidate,national_post_office_sample_candidate,food_service,osm:node:5039089521,TONKATSU TAMAFUJI KAPAHULU,,,FedEx,HI,,21.2750017,-157.8153438,Geofabrik OpenStreetMap GeoPackage extract,2026-08-14T20:21:03Z,open,ODbL; attribution and share-alike required,packet_ready,geofabrik_named_food_service
national-post-office-hi-fedex-89c3ba0615,FedEx post-office-centered national sample candidate,national_post_office_sample_candidate,food_service,osm:node:3466188847,TR Fire Grill,,,FedEx,HI,,21.2786591,-157.8250095,Geofabrik OpenStreetMap GeoPackage extract,2026-08-14T20:21:03Z,open,ODbL; attribution and share-alike required,packet_ready,geofabrik_named_food_service
national-post-office-hi-fedex-89c3ba0615,FedEx post-office-centered national sample candidate,national_post_office_sample_candidate,food_service,osm:node:9828508617,TRY Coffee,,,FedEx,HI,,21.2929235,-157.8529178,Geofabrik OpenStreetMap GeoPackage extract,2026-08-14T20:21:03Z,open,ODbL; attribution and share-alike required,packet_ready,geofabrik_named_food_service
national-post-office-hi-fedex-89c3ba0615,FedEx post-office-centered national sample candidate,national_post_office_sample_candidate,food_service,osm:node:3740804340,Taco Bell,,,FedEx,HI,,21.2803531,-157.8139419,Geofabrik OpenStreetMap GeoPackage extract,2026-08-14T20:21:03Z,open,ODbL; attribution and share-alike required,packet_ready,geofabrik_named_food_service
national-post-office-hi-fedex-89c3ba0615,FedEx post-office-centered national sample candidate,national_post_office_sample_candidate,food_service,osm:way:256684703,Taco Bell,,,FedEx,HI,,21.3241417,-157.8753201,Geofabrik OpenStreetMap GeoPackage extract,2026-08-14T20:21:03Z,open,ODbL; attribution and share-alike required,packet_ready,geofabrik_named_food_service
national-post-office-hi-fedex-89c3ba0615,FedEx post-office-centered national sample candidate,national_post_office_sample_candidate,food_service,osm:way:325499237,Taco Bell,,,FedEx,HI,,21.3011412,-157.8427631,Geofabrik OpenStreetMap GeoPackage extract,2026-08-14T20:21:03Z,open,ODbL; attribution and share-alike required,packet_ready,geofabrik_named_food_service
national-post-office-hi-fedex-89c3ba0615,FedEx post-office-centered national sample candidate,national_post_office_sample_candidate,food_service,osm:node:13375129102,Tacos Don Chema,,,FedEx,HI,,21.2861629,-157.8329776,Geofabrik OpenStreetMap GeoPackage extract,2026-08-14T20:21:03Z,open,ODbL; attribution and share-alike required,packet_ready,geofabrik_named_food_service
national-post-office-hi-fedex-89c3ba0615,FedEx post-office-centered national sample candidate,national_post_office_sample_candidate,food_service,osm:node:12572326201,Tadka Indian Cuisine,,,FedEx,HI,,21.2900893,-157.8328649,Geofabrik OpenStreetMap GeoPackage extract,2026-08-14T20:21:03Z,open,ODbL; attribution and share-alike required,packet_ready,geofabrik_named_food_service
national-post-office-hi-fedex-89c3ba0615,FedEx post-office-centered national sample candidate,national_post_office_sample_candidate,food_service,osm:node:12289370555,Tai Pan Dim Sum,,,FedEx,HI,,21.3145995,-157.8608238,Geofabrik OpenStreetMap GeoPackage extract,2026-08-14T20:21:03Z,open,ODbL; attribution and share-alike required,packet_ready,geofabrik_named_food_service
national-post-office-hi-fedex-89c3ba0615,FedEx post-office-centered national sample candidate,national_post_office_sample_candidate,food_service,osm:node:7785885581,Tai Sei Ramen,,,FedEx,HI,,21.3048062,-157.8508672,Geofabrik OpenStreetMap GeoPackage extract,2026-08-14T20:21:03Z,open,ODbL; attribution and share-alike required,packet_ready,geofabrik_named_food_service
national-post-office-hi-fedex-89c3ba0615,FedEx post-office-centered national sample candidate,national_post_office_sample_candidate,food_service,osm:node:1650463820,Taj Mahal,,,FedEx,HI,,21.2893716,-157.8114199,Geofabrik OpenStreetMap GeoPackage extract,2026-08-14T20:21:03Z,open,ODbL; attribution and share-alike required,packet_ready,geofabrik_named_food_service
national-post-office-hi-fedex-89c3ba0615,FedEx post-office-centered national sample candidate,national_post_office_sample_candidate,food_service,osm:node:10796520144,Takoyaki Yamachan,,,FedEx,HI,,21.2932073,-157.8387250,Geofabrik OpenStreetMap GeoPackage extract,2026-08-14T20:21:03Z,open,ODbL; attribution and share-alike required,packet_ready,geofabrik_named_food_service
national-post-office-hi-fedex-89c3ba0615,FedEx post-office-centered national sample candidate,national_post_office_sample_candidate,food_service,osm:way:1354530014,Talk Kaimuki,,,FedEx,HI,,21.2825054,-157.7988189,Geofabrik OpenStreetMap GeoPackage extract,2026-08-14T20:21:03Z,open,ODbL; attribution and share-alike required,packet_ready,geofabrik_named_food_service
national-post-office-hi-fedex-89c3ba0615,FedEx post-office-centered national sample candidate,national_post_office_sample_candidate,food_service,osm:node:9347893463,Tanaka Ramen,,,FedEx,HI,,21.2918953,-157.8440804,Geofabrik OpenStreetMap GeoPackage extract,2026-08-14T20:21:03Z,open,ODbL; attribution and share-alike required,packet_ready,geofabrik_named_food_service
national-post-office-hi-fedex-89c3ba0615,FedEx post-office-centered national sample candidate,national_post_office_sample_candidate,food_service,osm:node:2623238129,Tanaka Saimin,,,FedEx,HI,,21.3163549,-157.8744956,Geofabrik OpenStreetMap GeoPackage extract,2026-08-14T20:21:03Z,open,ODbL; attribution and share-alike required,packet_ready,geofabrik_named_food_service
national-post-office-hi-fedex-89c3ba0615,FedEx post-office-centered national sample candidate,national_post_office_sample_candidate,food_service,osm:node:11253745013,Tanaka of Tokyo,,,FedEx,HI,,21.2906695,-157.8429449,Geofabrik OpenStreetMap GeoPackage extract,2026-08-14T20:21:03Z,open,ODbL; attribution and share-alike required,packet_ready,geofabrik_named_food_service
national-post-office-hi-fedex-89c3ba0615,FedEx post-office-centered national sample candidate,national_post_office_sample_candidate,food_service,osm:node:5625841721,Tanaka of Tokyo,,,FedEx,HI,,21.2776803,-157.8249030,Geofabrik OpenStreetMap GeoPackage extract,2026-08-14T20:21:03Z,open,ODbL; attribution and share-alike required,packet_ready,geofabrik_named_food_service
national-post-office-hi-fedex-89c3ba0615,FedEx post-office-centered national sample candidate,national_post_office_sample_candidate,food_service,osm:node:7016652485,Tane Vegan Izakaya,,,FedEx,HI,,21.2960824,-157.8283071,Geofabrik OpenStreetMap GeoPackage extract,2026-08-14T20:21:03Z,open,ODbL; attribution and share-alike required,packet_ready,geofabrik_named_food_service
national-post-office-hi-fedex-89c3ba0615,FedEx post-office-centered national sample candidate,national_post_office_sample_candidate,food_service,osm:node:9382837992,Tango,,,FedEx,HI,,21.2928253,-157.8501756,Geofabrik OpenStreetMap GeoPackage extract,2026-08-14T20:21:03Z,open,ODbL; attribution and share-alike required,packet_ready,geofabrik_named_food_service
national-post-office-hi-fedex-89c3ba0615,FedEx post-office-centered national sample candidate,national_post_office_sample_candidate,food_service,osm:node:6326769885,Taormina,,,FedEx,HI,,21.2793809,-157.8305004,Geofabrik OpenStreetMap GeoPackage extract,2026-08-14T20:21:03Z,open,ODbL; attribution and share-alike required,packet_ready,geofabrik_named_food_service
national-post-office-hi-fedex-89c3ba0615,FedEx post-office-centered national sample candidate,national_post_office_sample_candidate,food_service,osm:node:4484930600,Tapas Restaurant & Lanai Bar,,,FedEx,HI,,21.2804248,-157.8267030,Geofabrik OpenStreetMap GeoPackage extract,2026-08-14T20:21:03Z,open,ODbL; attribution and share-alike required,packet_ready,geofabrik_named_food_service
national-post-office-hi-fedex-89c3ba0615,FedEx post-office-centered national sample candidate,national_post_office_sample_candidate,food_service,osm:node:13375145303,Taste of Brasil,,,FedEx,HI,,21.2860818,-157.8329133,Geofabrik OpenStreetMap GeoPackage extract,2026-08-14T20:21:03Z,open,ODbL; attribution and share-alike required,packet_ready,geofabrik_named_food_service
national-post-office-hi-fedex-89c3ba0615,FedEx post-office-centered national sample candidate,national_post_office_sample_candidate,food_service,osm:node:4738590101,Teapresso Bar,,,FedEx,HI,,21.2874483,-157.8078848,Geofabrik OpenStreetMap GeoPackage extract,2026-08-14T20:21:03Z,open,ODbL; attribution and share-alike required,packet_ready,geofabrik_named_food_service
national-post-office-hi-fedex-89c3ba0615,FedEx post-office-centered national sample candidate,national_post_office_sample_candidate,food_service,osm:node:7477491785,Teapresso Bar,,,FedEx,HI,,21.2959650,-157.8409921,Geofabrik OpenStreetMap GeoPackage extract,2026-08-14T20:21:03Z,open,ODbL; attribution and share-alike required,packet_ready,geofabrik_named_food_service
national-post-office-hi-fedex-89c3ba0615,FedEx post-office-centered national sample candidate,national_post_office_sample_candidate,food_service,osm:node:9669197539,Teapresso Bar,,,FedEx,HI,,21.2942144,-157.8467068,Geofabrik OpenStreetMap GeoPackage extract,2026-08-14T20:21:03Z,open,ODbL; attribution and share-alike required,packet_ready,geofabrik_named_food_service
national-post-office-hi-fedex-89c3ba0615,FedEx post-office-centered national sample candidate,national_post_office_sample_candidate,food_service,osm:node:2933632504,Teddy's Bigger Burgers,,,FedEx,HI,,21.2919489,-157.8386200,Geofabrik OpenStreetMap GeoPackage extract,2026-08-14T20:21:03Z,open,ODbL; attribution and share-alike required,packet_ready,geofabrik_named_food_service
national-post-office-hi-fedex-89c3ba0615,FedEx post-office-centered national sample candidate,national_post_office_sample_candidate,food_service,osm:node:4395614489,Teddy's Bigger Burgers,,,FedEx,HI,,21.2717588,-157.8218110,Geofabrik OpenStreetMap GeoPackage extract,2026-08-14T20:21:03Z,open,ODbL; attribution and share-alike required,packet_ready,geofabrik_named_food_service
national-post-office-hi-fedex-89c3ba0615,FedEx post-office-centered national sample candidate,national_post_office_sample_candidate,food_service,osm:node:9362823941,Teddy's Bigger Burgers,,,FedEx,HI,,21.2946674,-157.8243337,Geofabrik OpenStreetMap GeoPackage extract,2026-08-14T20:21:03Z,open,ODbL; attribution and share-alike required,packet_ready,geofabrik_named_food_service
national-post-office-hi-fedex-89c3ba0615,FedEx post-office-centered national sample candidate,national_post_office_sample_candidate,food_service,osm:node:11374607312,Teppayaki Farmer,,,FedEx,HI,,21.2906934,-157.8419557,Geofabrik OpenStreetMap GeoPackage extract,2026-08-14T20:21:03Z,open,ODbL; attribution and share-alike required,packet_ready,geofabrik_named_food_service
national-post-office-hi-fedex-89c3ba0615,FedEx post-office-centered national sample candidate,national_post_office_sample_candidate,food_service,osm:way:290792681,Terry's Place,,,FedEx,HI,,21.3118433,-157.8617204,Geofabrik OpenStreetMap GeoPackage extract,2026-08-14T20:21:03Z,open,ODbL; attribution and share-alike required,packet_ready,geofabrik_named_food_service
national-post-office-hi-fedex-89c3ba0615,FedEx post-office-centered national sample candidate,national_post_office_sample_candidate,food_service,osm:node:11106581520,Thai Issan Cuisine,,,FedEx,HI,,21.2879663,-157.8143263,Geofabrik OpenStreetMap GeoPackage extract,2026-08-14T20:21:03Z,open,ODbL; attribution and share-alike required,packet_ready,geofabrik_named_food_service
national-post-office-hi-fedex-89c3ba0615,FedEx post-office-centered national sample candidate,national_post_office_sample_candidate,food_service,osm:way:1357574529,Thai Issan Cuisine II,,,FedEx,HI,,21.2939812,-157.8258708,Geofabrik OpenStreetMap GeoPackage extract,2026-08-14T20:21:03Z,open,ODbL; attribution and share-alike required,packet_ready,geofabrik_named_food_service
national-post-office-hi-fedex-89c3ba0615,FedEx post-office-centered national sample candidate,national_post_office_sample_candidate,food_service,osm:way:1456869819,Thai Tacos,,,FedEx,HI,,21.2761562,-157.8228617,Geofabrik OpenStreetMap GeoPackage extract,2026-08-14T20:21:03Z,open,ODbL; attribution and share-alike required,packet_ready,geofabrik_named_food_service
national-post-office-hi-fedex-89c3ba0615,FedEx post-office-centered national sample candidate,national_post_office_sample_candidate,food_service,osm:node:10796520147,Thai Taste,,,FedEx,HI,,21.2932297,-157.8388494,Geofabrik OpenStreetMap GeoPackage extract,2026-08-14T20:21:03Z,open,ODbL; attribution and share-alike required,packet_ready,geofabrik_named_food_service
national-post-office-hi-fedex-89c3ba0615,FedEx post-office-centered national sample candidate,national_post_office_sample_candidate,food_service,osm:node:7530633539,Thai Village,,,FedEx,HI,,21.3217306,-157.8760896,Geofabrik OpenStreetMap GeoPackage extract,2026-08-14T20:21:03Z,open,ODbL; attribution and share-alike required,packet_ready,geofabrik_named_food_service
national-post-office-hi-fedex-89c3ba0615,FedEx post-office-centered national sample candidate,national_post_office_sample_candidate,food_service,osm:way:439694672,Thailand Cafe,,,FedEx,HI,,21.3210365,-157.8610256,Geofabrik OpenStreetMap GeoPackage extract,2026-08-14T20:21:03Z,open,ODbL; attribution and share-alike required,packet_ready,geofabrik_named_food_service
national-post-office-hi-fedex-89c3ba0615,FedEx post-office-centered national sample candidate,national_post_office_sample_candidate,food_service,osm:node:7530633537,Thang’s French Coffee & Boba Tea,,,FedEx,HI,,21.3217956,-157.8758251,Geofabrik OpenStreetMap GeoPackage extract,2026-08-14T20:21:03Z,open,ODbL; attribution and share-alike required,packet_ready,geofabrik_named_food_service
national-post-office-hi-fedex-89c3ba0615,FedEx post-office-centered national sample candidate,national_post_office_sample_candidate,food_service,osm:node:10762932058,The Alley,,,FedEx,HI,,21.2924235,-157.8455507,Geofabrik OpenStreetMap GeoPackage extract,2026-08-14T20:21:03Z,open,ODbL; attribution and share-alike required,packet_ready,geofabrik_named_food_service
national-post-office-hi-fedex-89c3ba0615,FedEx post-office-centered national sample candidate,national_post_office_sample_candidate,food_service,osm:node:11147395930,The Boiling Crab,,,FedEx,HI,,21.2979757,-157.8610614,Geofabrik OpenStreetMap GeoPackage extract,2026-08-14T20:21:03Z,open,ODbL; attribution and share-alike required,packet_ready,geofabrik_named_food_service
national-post-office-hi-fedex-89c3ba0615,FedEx post-office-centered national sample candidate,national_post_office_sample_candidate,food_service,osm:node:4212295415,The Cheesecake Factory,,,FedEx,HI,,21.2776805,-157.8275662,Geofabrik OpenStreetMap GeoPackage extract,2026-08-14T20:21:03Z,open,ODbL; attribution and share-alike required,packet_ready,geofabrik_named_food_service
national-post-office-hi-fedex-89c3ba0615,FedEx post-office-centered national sample candidate,national_post_office_sample_candidate,food_service,osm:node:14023911398,The Coffee Bean & Tea Leaf,,,FedEx,HI,,21.2930598,-157.8506579,Geofabrik OpenStreetMap GeoPackage extract,2026-08-14T20:21:03Z,open,ODbL; attribution and share-alike required,packet_ready,geofabrik_named_food_service
national-post-office-hi-fedex-89c3ba0615,FedEx post-office-centered national sample candidate,national_post_office_sample_candidate,food_service,osm:node:1854963950,The Coffee Bean & Tea Leaf,,,FedEx,HI,,21.3091661,-157.8103515,Geofabrik OpenStreetMap GeoPackage extract,2026-08-14T20:21:03Z,open,ODbL; attribution and share-alike required,packet_ready,geofabrik_named_food_service
national-post-office-hi-fedex-89c3ba0615,FedEx post-office-centered national sample candidate,national_post_office_sample_candidate,food_service,osm:node:2933632405,The Coffee Bean & Tea Leaf,,,FedEx,HI,,21.2918299,-157.8386715,Geofabrik OpenStreetMap GeoPackage extract,2026-08-14T20:21:03Z,open,ODbL; attribution and share-alike required,packet_ready,geofabrik_named_food_service
national-post-office-hi-fedex-89c3ba0615,FedEx post-office-centered national sample candidate,national_post_office_sample_candidate,food_service,osm:node:4198263792,The Coffee Bean & Tea Leaf,,,FedEx,HI,,21.2901826,-157.8439032,Geofabrik OpenStreetMap GeoPackage extract,2026-08-14T20:21:03Z,open,ODbL; attribution and share-alike required,packet_ready,geofabrik_named_food_service
national-post-office-hi-fedex-89c3ba0615,FedEx post-office-centered national sample candidate,national_post_office_sample_candidate,food_service,osm:node:5875360799,The Coffee Bean & Tea Leaf,,,FedEx,HI,,21.2881372,-157.8140630,Geofabrik OpenStreetMap GeoPackage extract,2026-08-14T20:21:03Z,open,ODbL; attribution and share-alike required,packet_ready,geofabrik_named_food_service
national-post-office-hi-fedex-89c3ba0615,FedEx post-office-centered national sample candidate,national_post_office_sample_candidate,food_service,osm:way:700726569,The Coffee Bean & Tea Leaf,,,FedEx,HI,,21.2698774,-157.8111563,Geofabrik OpenStreetMap GeoPackage extract,2026-08-14T20:21:03Z,open,ODbL; attribution and share-alike required,packet_ready,geofabrik_named_food_service
national-post-office-hi-fedex-89c3ba0615,FedEx post-office-centered national sample candidate,national_post_office_sample_candidate,food_service,osm:node:10250117709,The Curb Kaimuki,,,FedEx,HI,,21.2850544,-157.8032080,Geofabrik OpenStreetMap GeoPackage extract,2026-08-14T20:21:03Z,open,ODbL; attribution and share-alike required,packet_ready,geofabrik_named_food_service
national-post-office-hi-fedex-89c3ba0615,FedEx post-office-centered national sample candidate,national_post_office_sample_candidate,food_service,osm:node:5729057242,The Cutlery,,,FedEx,HI,,21.2843549,-157.8025015,Geofabrik OpenStreetMap GeoPackage extract,2026-08-14T20:21:03Z,open,ODbL; attribution and share-alike required,packet_ready,geofabrik_named_food_service
national-post-office-hi-fedex-89c3ba0615,FedEx post-office-centered national sample candidate,national_post_office_sample_candidate,food_service,osm:way:1314723510,The Dotted Line,,,FedEx,HI,,21.3095393,-157.8598100,Geofabrik OpenStreetMap GeoPackage extract,2026-08-14T20:21:03Z,open,ODbL; attribution and share-alike required,packet_ready,geofabrik_named_food_service
national-post-office-hi-fedex-89c3ba0615,FedEx post-office-centered national sample candidate,national_post_office_sample_candidate,food_service,osm:node:1650462203,The Fat Greek,,,FedEx,HI,,21.2894182,-157.8111959,Geofabrik OpenStreetMap GeoPackage extract,2026-08-14T20:21:03Z,open,ODbL; attribution and share-alike required,packet_ready,geofabrik_named_food_service
national-post-office-hi-fedex-89c3ba0615,FedEx post-office-centered national sample candidate,national_post_office_sample_candidate,food_service,osm:node:4368514724,The Hub,,,FedEx,HI,,21.3213615,-157.8702793,Geofabrik OpenStreetMap GeoPackage extract,2026-08-14T20:21:03Z,open,ODbL; attribution and share-alike required,packet_ready,geofabrik_named_food_service
national-post-office-hi-fedex-89c3ba0615,FedEx post-office-centered national sample candidate,national_post_office_sample_candidate,food_service,osm:node:6377287053,The Old Spaghetti Factory,,,FedEx,HI,,21.3071415,-157.8652360,Geofabrik OpenStreetMap GeoPackage extract,2026-08-14T20:21:03Z,open,ODbL; attribution and share-alike required,packet_ready,geofabrik_named_food_service
national-post-office-hi-fedex-89c3ba0615,FedEx post-office-centered national sample candidate,national_post_office_sample_candidate,food_service,osm:node:4338096694,The Original KC Waffle Dog,,,FedEx,HI,,21.2760449,-157.8144271,Geofabrik OpenStreetMap GeoPackage extract,2026-08-14T20:21:03Z,open,ODbL; attribution and share-alike required,packet_ready,geofabrik_named_food_service
national-post-office-hi-fedex-89c3ba0615,FedEx post-office-centered national sample candidate,national_post_office_sample_candidate,food_service,osm:node:4427541143,The People's Cafe,,,FedEx,HI,,21.3123638,-157.8575540,Geofabrik OpenStreetMap GeoPackage extract,2026-08-14T20:21:03Z,open,ODbL; attribution and share-alike required,packet_ready,geofabrik_named_food_service
national-post-office-hi-fedex-89c3ba0615,FedEx post-office-centered national sample candidate,national_post_office_sample_candidate,food_service,osm:node:4679526812,The Pig & the Lady,,,FedEx,HI,,21.3114501,-157.8635590,Geofabrik OpenStreetMap GeoPackage extract,2026-08-14T20:21:03Z,open,ODbL; attribution and share-alike required,packet_ready,geofabrik_named_food_service
national-post-office-hi-fedex-89c3ba0615,FedEx post-office-centered national sample candidate,national_post_office_sample_candidate,food_service,osm:node:13429449964,The Pig and the Lady,,,FedEx,HI,,21.2825726,-157.7981262,Geofabrik OpenStreetMap GeoPackage extract,2026-08-14T20:21:03Z,open,ODbL; attribution and share-alike required,packet_ready,geofabrik_named_food_service
national-post-office-hi-fedex-89c3ba0615,FedEx post-office-centered national sample candidate,national_post_office_sample_candidate,food_service,osm:node:13375125601,The Rice Man Hawaii,,,FedEx,HI,,21.2862914,-157.8328968,Geofabrik OpenStreetMap GeoPackage extract,2026-08-14T20:21:03Z,open,ODbL; attribution and share-alike required,packet_ready,geofabrik_named_food_service
national-post-office-hi-fedex-89c3ba0615,FedEx post-office-centered national sample candidate,national_post_office_sample_candidate,food_service,osm:node:13294084690,The Sunrise Shack,,,FedEx,HI,,21.2772218,-157.8272927,Geofabrik OpenStreetMap GeoPackage extract,2026-08-14T20:21:03Z,open,ODbL; attribution and share-alike required,packet_ready,geofabrik_named_food_service
national-post-office-hi-fedex-89c3ba0615,FedEx post-office-centered national sample candidate,national_post_office_sample_candidate,food_service,osm:node:13294287752,The Sunrise Shack,,,FedEx,HI,,21.2904132,-157.8437659,Geofabrik OpenStreetMap GeoPackage extract,2026-08-14T20:21:03Z,open,ODbL; attribution and share-alike required,packet_ready,geofabrik_named_food_service
national-post-office-hi-fedex-89c3ba0615,FedEx post-office-centered national sample candidate,national_post_office_sample_candidate,food_service,osm:node:13294465821,The Sunrise Shack,,,FedEx,HI,,21.2721874,-157.8229534,Geofabrik OpenStreetMap GeoPackage extract,2026-08-14T20:21:03Z,open,ODbL; attribution and share-alike required,packet_ready,geofabrik_named_food_service
national-post-office-hi-fedex-89c3ba0615,FedEx post-office-centered national sample candidate,national_post_office_sample_candidate,food_service,osm:way:1354530017,The Surfing Pig,,,FedEx,HI,,21.2824044,-157.7987356,Geofabrik OpenStreetMap GeoPackage extract,2026-08-14T20:21:03Z,open,ODbL; attribution and share-alike required,packet_ready,geofabrik_named_food_service
national-post-office-hi-fedex-89c3ba0615,FedEx post-office-centered national sample candidate,national_post_office_sample_candidate,food_service,osm:node:6440844086,The Veranda at the Beachouse,,,FedEx,HI,,21.2764375,-157.8266130,Geofabrik OpenStreetMap GeoPackage extract,2026-08-14T20:21:03Z,open,ODbL; attribution and share-alike required,packet_ready,geofabrik_named_food_service
national-post-office-hi-fedex-89c3ba0615,FedEx post-office-centered national sample candidate,national_post_office_sample_candidate,food_service,osm:way:448806952,The Willows,,,FedEx,HI,,21.2909235,-157.8241499,Geofabrik OpenStreetMap GeoPackage extract,2026-08-14T20:21:03Z,open,ODbL; attribution and share-alike required,packet_ready,geofabrik_named_food_service
national-post-office-hi-fedex-89c3ba0615,FedEx post-office-centered national sample candidate,national_post_office_sample_candidate,food_service,osm:node:11253745012,Tiger Sugar,,,FedEx,HI,,21.2918714,-157.8427828,Geofabrik OpenStreetMap GeoPackage extract,2026-08-14T20:21:03Z,open,ODbL; attribution and share-alike required,packet_ready,geofabrik_named_food_service
national-post-office-hi-fedex-89c3ba0615,FedEx post-office-centered national sample candidate,national_post_office_sample_candidate,food_service,osm:node:9288999801,Tiger Sugar,,,FedEx,HI,,21.3140191,-157.8579640,Geofabrik OpenStreetMap GeoPackage extract,2026-08-14T20:21:03Z,open,ODbL; attribution and share-alike required,packet_ready,geofabrik_named_food_service
national-post-office-hi-fedex-89c3ba0615,FedEx post-office-centered national sample candidate,national_post_office_sample_candidate,food_service,osm:node:4666917790,Tiki's Grill & Bar,,,FedEx,HI,,21.2722354,-157.8230022,Geofabrik OpenStreetMap GeoPackage extract,2026-08-14T20:21:03Z,open,ODbL; attribution and share-alike required,packet_ready,geofabrik_named_food_service
national-post-office-hi-fedex-89c3ba0615,FedEx post-office-centered national sample candidate,national_post_office_sample_candidate,food_service,osm:node:13419270823,Tim Ho Wan,,,FedEx,HI,,21.2791210,-157.8296160,Geofabrik OpenStreetMap GeoPackage extract,2026-08-14T20:21:03Z,open,ODbL; attribution and share-alike required,packet_ready,geofabrik_named_food_service
national-post-office-hi-fedex-89c3ba0615,FedEx post-office-centered national sample candidate,national_post_office_sample_candidate,food_service,osm:node:11406868381,Tiny Pyramid,,,FedEx,HI,,21.3148401,-157.8693368,Geofabrik OpenStreetMap GeoPackage extract,2026-08-14T20:21:03Z,open,ODbL; attribution and share-alike required,packet_ready,geofabrik_named_food_service
national-post-office-hi-fedex-89c3ba0615,FedEx post-office-centered national sample candidate,national_post_office_sample_candidate,food_service,osm:node:8298828100,Tommy Bahamas Restaurant and Bar,,,FedEx,HI,,21.2811161,-157.8307366,Geofabrik OpenStreetMap GeoPackage extract,2026-08-14T20:21:03Z,open,ODbL; attribution and share-alike required,packet_ready,geofabrik_named_food_service
national-post-office-hi-fedex-89c3ba0615,FedEx post-office-centered national sample candidate,national_post_office_sample_candidate,food_service,osm:node:14023935435,Tonkatsu Kuro,,,FedEx,HI,,21.2953175,-157.8538533,Geofabrik OpenStreetMap GeoPackage extract,2026-08-14T20:21:03Z,open,ODbL; attribution and share-alike required,packet_ready,geofabrik_named_food_service
national-post-office-hi-fedex-89c3ba0615,FedEx post-office-centered national sample candidate,national_post_office_sample_candidate,food_service,osm:node:7645438021,Top Tea + Espresso,,,FedEx,HI,,21.3201605,-157.8613830,Geofabrik OpenStreetMap GeoPackage extract,2026-08-14T20:21:03Z,open,ODbL; attribution and share-alike required,packet_ready,geofabrik_named_food_service
national-post-office-hi-fedex-89c3ba0615,FedEx post-office-centered national sample candidate,national_post_office_sample_candidate,food_service,osm:node:10585938653,Topped Waikiki,,,FedEx,HI,,21.2799774,-157.8284434,Geofabrik OpenStreetMap GeoPackage extract,2026-08-14T20:21:03Z,open,ODbL; attribution and share-alike required,packet_ready,geofabrik_named_food_service
national-post-office-hi-fedex-89c3ba0615,FedEx post-office-centered national sample candidate,national_post_office_sample_candidate,food_service,osm:way:1357574517,Tori Ton,,,FedEx,HI,,21.2935383,-157.8259282,Geofabrik OpenStreetMap GeoPackage extract,2026-08-14T20:21:03Z,open,ODbL; attribution and share-alike required,packet_ready,geofabrik_named_food_service
national-post-office-hi-fedex-89c3ba0615,FedEx post-office-centered national sample candidate,national_post_office_sample_candidate,food_service,osm:node:4198265290,Tropical Tribe,,,FedEx,HI,,21.2854706,-157.8383852,Geofabrik OpenStreetMap GeoPackage extract,2026-08-14T20:21:03Z,open,ODbL; attribution and share-alike required,packet_ready,geofabrik_named_food_service
national-post-office-hi-fedex-89c3ba0615,FedEx post-office-centered national sample candidate,national_post_office_sample_candidate,food_service,osm:node:10174735272,Tropics Bar & Grill,,,FedEx,HI,,21.2816457,-157.8375260,Geofabrik OpenStreetMap GeoPackage extract,2026-08-14T20:21:03Z,open,ODbL; attribution and share-alike required,packet_ready,geofabrik_named_food_service
national-post-office-hi-fedex-89c3ba0615,FedEx post-office-centered national sample candidate,national_post_office_sample_candidate,food_service,osm:node:13375107801,Trydis,,,FedEx,HI,,21.2863300,-157.8328320,Geofabrik OpenStreetMap GeoPackage extract,2026-08-14T20:21:03Z,open,ODbL; attribution and share-alike required,packet_ready,geofabrik_named_food_service
national-post-office-hi-fedex-89c3ba0615,FedEx post-office-centered national sample candidate,national_post_office_sample_candidate,food_service,osm:node:13368838401,TsuruTonTan,,,FedEx,HI,,21.2787210,-157.8294248,Geofabrik OpenStreetMap GeoPackage extract,2026-08-14T20:21:03Z,open,ODbL; attribution and share-alike required,packet_ready,geofabrik_named_food_service
national-post-office-hi-fedex-89c3ba0615,FedEx post-office-centered national sample candidate,national_post_office_sample_candidate,food_service,osm:node:10195531968,Tucker & Bevvy,,,FedEx,HI,,21.2762048,-157.8253498,Geofabrik OpenStreetMap GeoPackage extract,2026-08-14T20:21:03Z,open,ODbL; attribution and share-alike required,packet_ready,geofabrik_named_food_service
national-post-office-hi-fedex-89c3ba0615,FedEx post-office-centered national sample candidate,national_post_office_sample_candidate,food_service,osm:node:5369118021,Tucker & Bevvy Picnic food,,,FedEx,HI,,21.2715756,-157.8226652,Geofabrik OpenStreetMap GeoPackage extract,2026-08-14T20:21:03Z,open,ODbL; attribution and share-alike required,packet_ready,geofabrik_named_food_service
national-post-office-hi-fedex-89c3ba0615,FedEx post-office-centered national sample candidate,national_post_office_sample_candidate,food_service,osm:node:9848949869,U-Choice In,,,FedEx,HI,,21.2933127,-157.8391279,Geofabrik OpenStreetMap GeoPackage extract,2026-08-14T20:21:03Z,open,ODbL; attribution and share-alike required,packet_ready,geofabrik_named_food_service
national-post-office-hi-fedex-89c3ba0615,FedEx post-office-centered national sample candidate,national_post_office_sample_candidate,food_service,osm:node:5519354566,Uncle Bo's,,,FedEx,HI,,21.2776966,-157.8138998,Geofabrik OpenStreetMap GeoPackage extract,2026-08-14T20:21:03Z,open,ODbL; attribution and share-alike required,packet_ready,geofabrik_named_food_service
national-post-office-hi-fedex-89c3ba0615,FedEx post-office-centered national sample candidate,national_post_office_sample_candidate,food_service,osm:node:5010476325,Up Roll Café Honolulu,,,FedEx,HI,,21.3006834,-157.8589895,Geofabrik OpenStreetMap GeoPackage extract,2026-08-14T20:21:03Z,open,ODbL; attribution and share-alike required,packet_ready,geofabrik_named_food_service
national-post-office-hi-fedex-89c3ba0615,FedEx post-office-centered national sample candidate,national_post_office_sample_candidate,food_service,osm:node:7536115938,Utage Restaurant & Lounge,,,FedEx,HI,,21.3217096,-157.8761855,Geofabrik OpenStreetMap GeoPackage extract,2026-08-14T20:21:03Z,open,ODbL; attribution and share-alike required,packet_ready,geofabrik_named_food_service
national-post-office-hi-fedex-89c3ba0615,FedEx post-office-centered national sample candidate,national_post_office_sample_candidate,food_service,osm:way:1354530068,Verbano,,,FedEx,HI,,21.2813622,-157.7987707,Geofabrik OpenStreetMap GeoPackage extract,2026-08-14T20:21:03Z,open,ODbL; attribution and share-alike required,packet_ready,geofabrik_named_food_service
national-post-office-hi-fedex-89c3ba0615,FedEx post-office-centered national sample candidate,national_post_office_sample_candidate,food_service,osm:node:13375134602,Viet808,,,FedEx,HI,,21.2862308,-157.8327266,Geofabrik OpenStreetMap GeoPackage extract,2026-08-14T20:21:03Z,open,ODbL; attribution and share-alike required,packet_ready,geofabrik_named_food_service
national-post-office-hi-fedex-89c3ba0615,FedEx post-office-centered national sample candidate,national_post_office_sample_candidate,food_service,osm:node:1554849267,W&M Burgers,,,FedEx,HI,,21.2886169,-157.8098440,Geofabrik OpenStreetMap GeoPackage extract,2026-08-14T20:21:03Z,open,ODbL; attribution and share-alike required,packet_ready,geofabrik_named_food_service
national-post-office-hi-fedex-89c3ba0615,FedEx post-office-centered national sample candidate,national_post_office_sample_candidate,food_service,osm:node:10796520146,Wagyukushi,,,FedEx,HI,,21.2932230,-157.8388095,Geofabrik OpenStreetMap GeoPackage extract,2026-08-14T20:21:03Z,open,ODbL; attribution and share-alike required,packet_ready,geofabrik_named_food_service
national-post-office-hi-fedex-89c3ba0615,FedEx post-office-centered national sample candidate,national_post_office_sample_candidate,food_service,osm:node:2671349386,Waikiki Beachside Bistro,,,FedEx,HI,,21.2757993,-157.8258991,Geofabrik OpenStreetMap GeoPackage extract,2026-08-14T20:21:03Z,open,ODbL; attribution and share-alike required,packet_ready,geofabrik_named_food_service
national-post-office-hi-fedex-89c3ba0615,FedEx post-office-centered national sample candidate,national_post_office_sample_candidate,food_service,osm:node:11067716182,Waikiki Gangnam Style,,,FedEx,HI,,21.2847949,-157.8370064,Geofabrik OpenStreetMap GeoPackage extract,2026-08-14T20:21:03Z,open,ODbL; attribution and share-alike required,packet_ready,geofabrik_named_food_service
national-post-office-hi-fedex-89c3ba0615,FedEx post-office-centered national sample candidate,national_post_office_sample_candidate,food_service,osm:node:11818339769,Waikiki Shokudo,,,FedEx,HI,,21.2805377,-157.8278334,Geofabrik OpenStreetMap GeoPackage extract,2026-08-14T20:21:03Z,open,ODbL; attribution and share-alike required,packet_ready,geofabrik_named_food_service
national-post-office-hi-fedex-89c3ba0615,FedEx post-office-centered national sample candidate,national_post_office_sample_candidate,food_service,osm:node:6219473641,Waioli Kitchen & Bake Shop,,,FedEx,HI,,21.3161324,-157.8122770,Geofabrik OpenStreetMap GeoPackage extract,2026-08-14T20:21:03Z,open,ODbL; attribution and share-alike required,packet_ready,geofabrik_named_food_service
national-post-office-hi-fedex-89c3ba0615,FedEx post-office-centered national sample candidate,national_post_office_sample_candidate,food_service,osm:node:5750422328,Waipuna Sushi,,,FedEx,HI,,21.3091246,-157.8117790,Geofabrik OpenStreetMap GeoPackage extract,2026-08-14T20:21:03Z,open,ODbL; attribution and share-alike required,packet_ready,geofabrik_named_food_service
national-post-office-hi-fedex-89c3ba0615,FedEx post-office-centered national sample candidate,national_post_office_sample_candidate,food_service,osm:node:13375134601,Walking Tacos,,,FedEx,HI,,21.2862124,-157.8327714,Geofabrik OpenStreetMap GeoPackage extract,2026-08-14T20:21:03Z,open,ODbL; attribution and share-alike required,packet_ready,geofabrik_named_food_service
national-post-office-hi-fedex-89c3ba0615,FedEx post-office-centered national sample candidate,national_post_office_sample_candidate,food_service,osm:node:4175109984,Water Drop Vegetarian House,,,FedEx,HI,,21.3068125,-157.8619700,Geofabrik OpenStreetMap GeoPackage extract,2026-08-14T20:21:03Z,open,ODbL; attribution and share-alike required,packet_ready,geofabrik_named_food_service
national-post-office-hi-fedex-89c3ba0615,FedEx post-office-centered national sample candidate,national_post_office_sample_candidate,food_service,osm:node:14023935437,Westman Cafe,,,FedEx,HI,,21.2952369,-157.8545795,Geofabrik OpenStreetMap GeoPackage extract,2026-08-14T20:21:03Z,open,ODbL; attribution and share-alike required,packet_ready,geofabrik_named_food_service
national-post-office-hi-fedex-89c3ba0615,FedEx post-office-centered national sample candidate,national_post_office_sample_candidate,food_service,osm:node:11115660160,Win Spuntino,,,FedEx,HI,,21.2879601,-157.8143101,Geofabrik OpenStreetMap GeoPackage extract,2026-08-14T20:21:03Z,open,ODbL; attribution and share-alike required,packet_ready,geofabrik_named_food_service
national-post-office-hi-fedex-89c3ba0615,FedEx post-office-centered national sample candidate,national_post_office_sample_candidate,food_service,osm:node:5116932428,Wolfgang Puck Express,,,FedEx,HI,,21.2723464,-157.8228770,Geofabrik OpenStreetMap GeoPackage extract,2026-08-14T20:21:03Z,open,ODbL; attribution and share-alike required,packet_ready,geofabrik_named_food_service
national-post-office-hi-fedex-89c3ba0615,FedEx post-office-centered national sample candidate,national_post_office_sample_candidate,food_service,osm:node:5804168153,Wolfgang's Steakhouse,,,FedEx,HI,,21.2783261,-157.8284086,Geofabrik OpenStreetMap GeoPackage extract,2026-08-14T20:21:03Z,open,ODbL; attribution and share-alike required,packet_ready,geofabrik_named_food_service
national-post-office-hi-fedex-89c3ba0615,FedEx post-office-centered national sample candidate,national_post_office_sample_candidate,food_service,osm:node:8178109727,Won Kee Sea Food,,,FedEx,HI,,21.3140215,-157.8615417,Geofabrik OpenStreetMap GeoPackage extract,2026-08-14T20:21:03Z,open,ODbL; attribution and share-alike required,packet_ready,geofabrik_named_food_service
national-post-office-hi-fedex-89c3ba0615,FedEx post-office-centered national sample candidate,national_post_office_sample_candidate,food_service,osm:node:13370765691,YA!!SUSHI,,,FedEx,HI,,21.2837458,-157.8320755,Geofabrik OpenStreetMap GeoPackage extract,2026-08-14T20:21:03Z,open,ODbL; attribution and share-alike required,packet_ready,geofabrik_named_food_service
national-post-office-hi-fedex-89c3ba0615,FedEx post-office-centered national sample candidate,national_post_office_sample_candidate,food_service,osm:node:11374607782,YYK Dim Sum,,,FedEx,HI,,21.2906181,-157.8418854,Geofabrik OpenStreetMap GeoPackage extract,2026-08-14T20:21:03Z,open,ODbL; attribution and share-alike required,packet_ready,geofabrik_named_food_service
national-post-office-hi-fedex-89c3ba0615,FedEx post-office-centered national sample candidate,national_post_office_sample_candidate,food_service,osm:way:488208986,Yajima-Ya,,,FedEx,HI,,21.2985142,-157.8410909,Geofabrik OpenStreetMap GeoPackage extract,2026-08-14T20:21:03Z,open,ODbL; attribution and share-alike required,packet_ready,geofabrik_named_food_service
national-post-office-hi-fedex-89c3ba0615,FedEx post-office-centered national sample candidate,national_post_office_sample_candidate,food_service,osm:node:11241023240,Yaki Yaki Miwa,,,FedEx,HI,,21.2981446,-157.8396692,Geofabrik OpenStreetMap GeoPackage extract,2026-08-14T20:21:03Z,open,ODbL; attribution and share-alike required,packet_ready,geofabrik_named_food_service
national-post-office-hi-fedex-89c3ba0615,FedEx post-office-centered national sample candidate,national_post_office_sample_candidate,food_service,osm:node:1739899072,Yakiniku Seoul Korean Restaurant,,,FedEx,HI,,21.2970979,-157.8372340,Geofabrik OpenStreetMap GeoPackage extract,2026-08-14T20:21:03Z,open,ODbL; attribution and share-alike required,packet_ready,geofabrik_named_food_service
national-post-office-hi-fedex-89c3ba0615,FedEx post-office-centered national sample candidate,national_post_office_sample_candidate,food_service,osm:way:1198799238,Yama's Fish Market,,,FedEx,HI,,21.2944939,-157.8255274,Geofabrik OpenStreetMap GeoPackage extract,2026-08-14T20:21:03Z,open,ODbL; attribution and share-alike required,packet_ready,geofabrik_named_food_service
national-post-office-hi-fedex-89c3ba0615,FedEx post-office-centered national sample candidate,national_post_office_sample_candidate,food_service,osm:way:1357138538,Yamagen Restaurant,,,FedEx,HI,,21.2940671,-157.8273229,Geofabrik OpenStreetMap GeoPackage extract,2026-08-14T20:21:03Z,open,ODbL; attribution and share-alike required,packet_ready,geofabrik_named_food_service
national-post-office-hi-fedex-89c3ba0615,FedEx post-office-centered national sample candidate,national_post_office_sample_candidate,food_service,osm:node:7241119285,Yama’s Fish Market,,,FedEx,HI,,21.2945001,-157.8254949,Geofabrik OpenStreetMap GeoPackage extract,2026-08-14T20:21:03Z,open,ODbL; attribution and share-alike required,packet_ready,geofabrik_named_food_service
national-post-office-hi-fedex-89c3ba0615,FedEx post-office-centered national sample candidate,national_post_office_sample_candidate,food_service,osm:node:11624420002,Yanagi Sushi,,,FedEx,HI,,21.3008844,-157.8540552,Geofabrik OpenStreetMap GeoPackage extract,2026-08-14T20:21:03Z,open,ODbL; attribution and share-alike required,packet_ready,geofabrik_named_food_service
national-post-office-hi-fedex-89c3ba0615,FedEx post-office-centered national sample candidate,national_post_office_sample_candidate,food_service,osm:node:6395685329,Yard House,,,FedEx,HI,,21.2789570,-157.8313780,Geofabrik OpenStreetMap GeoPackage extract,2026-08-14T20:21:03Z,open,ODbL; attribution and share-alike required,packet_ready,geofabrik_named_food_service
national-post-office-hi-fedex-89c3ba0615,FedEx post-office-centered national sample candidate,national_post_office_sample_candidate,food_service,osm:node:8178109726,Yee Hong Pavilion,,,FedEx,HI,,21.3135792,-157.8611500,Geofabrik OpenStreetMap GeoPackage extract,2026-08-14T20:21:03Z,open,ODbL; attribution and share-alike required,packet_ready,geofabrik_named_food_service
national-post-office-hi-fedex-89c3ba0615,FedEx post-office-centered national sample candidate,national_post_office_sample_candidate,food_service,osm:node:9884038310,Yi Xin Cafe,,,FedEx,HI,,21.2881865,-157.8151847,Geofabrik OpenStreetMap GeoPackage extract,2026-08-14T20:21:03Z,open,ODbL; attribution and share-alike required,packet_ready,geofabrik_named_food_service
national-post-office-hi-fedex-89c3ba0615,FedEx post-office-centered national sample candidate,national_post_office_sample_candidate,food_service,osm:node:10096019569,Ying's Thai Cuisine,,,FedEx,HI,,21.2728380,-157.8214086,Geofabrik OpenStreetMap GeoPackage extract,2026-08-14T20:21:03Z,open,ODbL; attribution and share-alike required,packet_ready,geofabrik_named_food_service
national-post-office-hi-fedex-89c3ba0615,FedEx post-office-centered national sample candidate,national_post_office_sample_candidate,food_service,osm:node:5219154221,Yogurstory,,,FedEx,HI,,21.2957639,-157.8409329,Geofabrik OpenStreetMap GeoPackage extract,2026-08-14T20:21:03Z,open,ODbL; attribution and share-alike required,packet_ready,geofabrik_named_food_service
national-post-office-hi-fedex-89c3ba0615,FedEx post-office-centered national sample candidate,national_post_office_sample_candidate,food_service,osm:node:5673790955,Yohei Sushi,,,FedEx,HI,,21.3212993,-157.8734330,Geofabrik OpenStreetMap GeoPackage extract,2026-08-14T20:21:03Z,open,ODbL; attribution and share-alike required,packet_ready,geofabrik_named_food_service
national-post-office-hi-fedex-89c3ba0615,FedEx post-office-centered national sample candidate,national_post_office_sample_candidate,food_service,osm:node:11060928290,Yomie's Rice x Yogurt,,,FedEx,HI,,21.2903591,-157.8442124,Geofabrik OpenStreetMap GeoPackage extract,2026-08-14T20:21:03Z,open,ODbL; attribution and share-alike required,packet_ready,geofabrik_named_food_service
national-post-office-hi-fedex-89c3ba0615,FedEx post-office-centered national sample candidate,national_post_office_sample_candidate,food_service,osm:node:13197118298,Yoshitsune,,,FedEx,HI,,21.2719500,-157.8222981,Geofabrik OpenStreetMap GeoPackage extract,2026-08-14T20:21:03Z,open,ODbL; attribution and share-alike required,packet_ready,geofabrik_named_food_service
national-post-office-hi-fedex-89c3ba0615,FedEx post-office-centered national sample candidate,national_post_office_sample_candidate,food_service,osm:node:5668046017,Young's Lunchwagon,,,FedEx,HI,,21.3022597,-157.8425480,Geofabrik OpenStreetMap GeoPackage extract,2026-08-14T20:21:03Z,open,ODbL; attribution and share-alike required,packet_ready,geofabrik_named_food_service
national-post-office-hi-fedex-89c3ba0615,FedEx post-office-centered national sample candidate,national_post_office_sample_candidate,food_service,osm:node:11060928256,Yummy Korean BBQ,,,FedEx,HI,,21.2906174,-157.8442139,Geofabrik OpenStreetMap GeoPackage extract,2026-08-14T20:21:03Z,open,ODbL; attribution and share-alike required,packet_ready,geofabrik_named_food_service
national-post-office-hi-fedex-89c3ba0615,FedEx post-office-centered national sample candidate,national_post_office_sample_candidate,food_service,osm:node:3466188851,Yummy's Korean BBQ,,,FedEx,HI,,21.2796205,-157.8259207,Geofabrik OpenStreetMap GeoPackage extract,2026-08-14T20:21:03Z,open,ODbL; attribution and share-alike required,packet_ready,geofabrik_named_food_service
national-post-office-hi-fedex-89c3ba0615,FedEx post-office-centered national sample candidate,national_post_office_sample_candidate,food_service,osm:node:9347799974,Yung Yee Kee Dim Sum,,,FedEx,HI,,21.2933674,-157.8436079,Geofabrik OpenStreetMap GeoPackage extract,2026-08-14T20:21:03Z,open,ODbL; attribution and share-alike required,packet_ready,geofabrik_named_food_service
national-post-office-hi-fedex-89c3ba0615,FedEx post-office-centered national sample candidate,national_post_office_sample_candidate,food_service,osm:node:11061050675,Zagu,,,FedEx,HI,,21.2904856,-157.8438466,Geofabrik OpenStreetMap GeoPackage extract,2026-08-14T20:21:03Z,open,ODbL; attribution and share-alike required,packet_ready,geofabrik_named_food_service
national-post-office-hi-fedex-89c3ba0615,FedEx post-office-centered national sample candidate,national_post_office_sample_candidate,food_service,osm:node:9740476317,Zigu,,,FedEx,HI,,21.2803511,-157.8268388,Geofabrik OpenStreetMap GeoPackage extract,2026-08-14T20:21:03Z,open,ODbL; attribution and share-alike required,packet_ready,geofabrik_named_food_service
national-post-office-hi-fedex-89c3ba0615,FedEx post-office-centered national sample candidate,national_post_office_sample_candidate,food_service,osm:node:14058341618,Zippy's,,,FedEx,HI,,21.2958858,-157.8338194,Geofabrik OpenStreetMap GeoPackage extract,2026-08-14T20:21:03Z,open,ODbL; attribution and share-alike required,packet_ready,geofabrik_named_food_service
national-post-office-hi-fedex-89c3ba0615,FedEx post-office-centered national sample candidate,national_post_office_sample_candidate,food_service,osm:way:1028283255,Zippy's,,,FedEx,HI,,21.3134290,-157.8705338,Geofabrik OpenStreetMap GeoPackage extract,2026-08-14T20:21:03Z,open,ODbL; attribution and share-alike required,packet_ready,geofabrik_named_food_service
national-post-office-hi-fedex-89c3ba0615,FedEx post-office-centered national sample candidate,national_post_office_sample_candidate,food_service,osm:way:1044332281,Zippy's,,,FedEx,HI,,21.2852972,-157.8045622,Geofabrik OpenStreetMap GeoPackage extract,2026-08-14T20:21:03Z,open,ODbL; attribution and share-alike required,packet_ready,geofabrik_named_food_service
national-post-office-hi-fedex-89c3ba0615,FedEx post-office-centered national sample candidate,national_post_office_sample_candidate,food_service,osm:way:292490998,Zippy's,,,FedEx,HI,,21.3149246,-157.8587742,Geofabrik OpenStreetMap GeoPackage extract,2026-08-14T20:21:03Z,open,ODbL; attribution and share-alike required,packet_ready,geofabrik_named_food_service
national-post-office-hi-fedex-89c3ba0615,FedEx post-office-centered national sample candidate,national_post_office_sample_candidate,food_service,osm:way:308853591,Zippy's,,,FedEx,HI,,21.2957296,-157.8338192,Geofabrik OpenStreetMap GeoPackage extract,2026-08-14T20:21:03Z,open,ODbL; attribution and share-alike required,packet_ready,geofabrik_named_food_service
national-post-office-hi-fedex-89c3ba0615,FedEx post-office-centered national sample candidate,national_post_office_sample_candidate,food_service,osm:way:450295643,Zippy's,,,FedEx,HI,,21.3229082,-157.8739038,Geofabrik OpenStreetMap GeoPackage extract,2026-08-14T20:21:03Z,open,ODbL; attribution and share-alike required,packet_ready,geofabrik_named_food_service
national-post-office-hi-fedex-89c3ba0615,FedEx post-office-centered national sample candidate,national_post_office_sample_candidate,food_service,osm:way:620988190,Zippy's,,,FedEx,HI,,21.2999210,-157.8433649,Geofabrik OpenStreetMap GeoPackage extract,2026-08-14T20:21:03Z,open,ODbL; attribution and share-alike required,packet_ready,geofabrik_named_food_service
national-post-office-hi-fedex-89c3ba0615,FedEx post-office-centered national sample candidate,national_post_office_sample_candidate,food_service,osm:way:817793240,Zippy's,,,FedEx,HI,,21.2783577,-157.8136859,Geofabrik OpenStreetMap GeoPackage extract,2026-08-14T20:21:03Z,open,ODbL; attribution and share-alike required,packet_ready,geofabrik_named_food_service
national-post-office-hi-fedex-89c3ba0615,FedEx post-office-centered national sample candidate,national_post_office_sample_candidate,food_service,osm:node:10189315055,d.k Steakhouse,,,FedEx,HI,,21.2731643,-157.8229322,Geofabrik OpenStreetMap GeoPackage extract,2026-08-14T20:21:03Z,open,ODbL; attribution and share-alike required,packet_ready,geofabrik_named_food_service
national-post-office-hi-fedex-89c3ba0615,FedEx post-office-centered national sample candidate,national_post_office_sample_candidate,food_service,osm:node:9888711727,illy Caffè,,,FedEx,HI,,21.2912524,-157.8439002,Geofabrik OpenStreetMap GeoPackage extract,2026-08-14T20:21:03Z,open,ODbL; attribution and share-alike required,packet_ready,geofabrik_named_food_service
national-post-office-hi-fedex-89c3ba0615,FedEx post-office-centered national sample candidate,national_post_office_sample_candidate,food_service,osm:node:3032198371,monkeypod kitchen,,,FedEx,HI,,21.2777786,-157.8331860,Geofabrik OpenStreetMap GeoPackage extract,2026-08-14T20:21:03Z,open,ODbL; attribution and share-alike required,packet_ready,geofabrik_named_food_service
national-post-office-hi-fedex-89c3ba0615,FedEx post-office-centered national sample candidate,national_post_office_sample_candidate,food_service,osm:node:11918456570,munch’n brunch,,,FedEx,HI,,21.2860345,-157.8329401,Geofabrik OpenStreetMap GeoPackage extract,2026-08-14T20:21:03Z,open,ODbL; attribution and share-alike required,packet_ready,geofabrik_named_food_service
national-post-office-hi-fedex-89c3ba0615,FedEx post-office-centered national sample candidate,national_post_office_sample_candidate,food_service,osm:node:13197118299,natuRe waikiki,,,FedEx,HI,,21.2803127,-157.8268004,Geofabrik OpenStreetMap GeoPackage extract,2026-08-14T20:21:03Z,open,ODbL; attribution and share-alike required,packet_ready,geofabrik_named_food_service
national-post-office-hi-fedex-89c3ba0615,FedEx post-office-centered national sample candidate,national_post_office_sample_candidate,food_service,osm:node:13519566769,ʻŌmaʻo Man,,,FedEx,HI,,21.2943971,-157.8580555,Geofabrik OpenStreetMap GeoPackage extract,2026-08-14T20:21:03Z,open,ODbL; attribution and share-alike required,packet_ready,geofabrik_named_food_service
national-post-office-hi-fedex-c4048ca71c,FedEx post-office-centered national sample candidate,national_post_office_sample_candidate,food_service,osm:way:662831250,,,,FedEx,HI,,19.6989112,-155.0766304,Geofabrik OpenStreetMap GeoPackage extract,2026-08-14T20:21:03Z,open,ODbL; attribution and share-alike required,exclude,unnamed_food_service_anchor
national-post-office-hi-fedex-c4048ca71c,FedEx post-office-centered national sample candidate,national_post_office_sample_candidate,food_service,osm:node:7926318005,1 Plus 1 Cafe,,,FedEx,HI,,19.7014453,-155.0631864,Geofabrik OpenStreetMap GeoPackage extract,2026-08-14T20:21:03Z,open,ODbL; attribution and share-alike required,packet_ready,geofabrik_named_food_service
national-post-office-hi-fedex-c4048ca71c,FedEx post-office-centered national sample candidate,national_post_office_sample_candidate,food_service,osm:node:8088688984,5 Spice,,,FedEx,HI,,19.6919177,-155.0683334,Geofabrik OpenStreetMap GeoPackage extract,2026-08-14T20:21:03Z,open,ODbL; attribution and share-alike required,packet_ready,geofabrik_named_food_service
national-post-office-hi-fedex-c4048ca71c,FedEx post-office-centered national sample candidate,national_post_office_sample_candidate,food_service,osm:node:8034429366,Abundant Life Cafe,,,FedEx,HI,,19.7239336,-155.0854666,Geofabrik OpenStreetMap GeoPackage extract,2026-08-14T20:21:03Z,open,ODbL; attribution and share-alike required,packet_ready,geofabrik_named_food_service
national-post-office-hi-fedex-c4048ca71c,FedEx post-office-centered national sample candidate,national_post_office_sample_candidate,food_service,osm:node:7993843531,Aloha Mondays,,,FedEx,HI,,19.7090683,-155.0760510,Geofabrik OpenStreetMap GeoPackage extract,2026-08-14T20:21:03Z,open,ODbL; attribution and share-alike required,packet_ready,geofabrik_named_food_service
national-post-office-hi-fedex-c4048ca71c,FedEx post-office-centered national sample candidate,national_post_office_sample_candidate,food_service,osm:node:4429607880,Aloydee's Thai Cuisine,,,FedEx,HI,,19.7236341,-155.0850338,Geofabrik OpenStreetMap GeoPackage extract,2026-08-14T20:21:03Z,open,ODbL; attribution and share-alike required,packet_ready,geofabrik_named_food_service
national-post-office-hi-fedex-c4048ca71c,FedEx post-office-centered national sample candidate,national_post_office_sample_candidate,food_service,osm:node:8292076472,Antics,,,FedEx,HI,,19.7205920,-155.0859821,Geofabrik OpenStreetMap GeoPackage extract,2026-08-14T20:21:03Z,open,ODbL; attribution and share-alike required,packet_ready,geofabrik_named_food_service
national-post-office-hi-fedex-c4048ca71c,FedEx post-office-centered national sample candidate,national_post_office_sample_candidate,food_service,osm:node:6124521585,Anuenue On the Bay,,,FedEx,HI,,19.7270338,-155.0871243,Geofabrik OpenStreetMap GeoPackage extract,2026-08-14T20:21:03Z,open,ODbL; attribution and share-alike required,packet_ready,geofabrik_named_food_service
national-post-office-hi-fedex-c4048ca71c,FedEx post-office-centered national sample candidate,national_post_office_sample_candidate,food_service,osm:node:7722474724,Arirang Korean Kitchen,,,FedEx,HI,,19.7069111,-155.0665540,Geofabrik OpenStreetMap GeoPackage extract,2026-08-14T20:21:03Z,open,ODbL; attribution and share-alike required,packet_ready,geofabrik_named_food_service
national-post-office-hi-fedex-c4048ca71c,FedEx post-office-centered national sample candidate,national_post_office_sample_candidate,food_service,osm:node:7895530094,Auntie Anne's,,,FedEx,HI,,19.6976057,-155.0633288,Geofabrik OpenStreetMap GeoPackage extract,2026-08-14T20:21:03Z,open,ODbL; attribution and share-alike required,packet_ready,geofabrik_named_food_service
national-post-office-hi-fedex-c4048ca71c,FedEx post-office-centered national sample candidate,national_post_office_sample_candidate,food_service,osm:node:4272282994,Bangkok Villa,,,FedEx,HI,,19.7253891,-155.0872141,Geofabrik OpenStreetMap GeoPackage extract,2026-08-14T20:21:03Z,open,ODbL; attribution and share-alike required,packet_ready,geofabrik_named_food_service
national-post-office-hi-fedex-c4048ca71c,FedEx post-office-centered national sample candidate,national_post_office_sample_candidate,food_service,osm:node:13172251001,Big Island Coffee Roasters,,,FedEx,HI,,19.7228798,-155.0625332,Geofabrik OpenStreetMap GeoPackage extract,2026-08-14T20:21:03Z,open,ODbL; attribution and share-alike required,packet_ready,geofabrik_named_food_service
national-post-office-hi-fedex-c4048ca71c,FedEx post-office-centered national sample candidate,national_post_office_sample_candidate,food_service,osm:node:9512403289,Big Island Grindz,,,FedEx,HI,,19.7229254,-155.0850683,Geofabrik OpenStreetMap GeoPackage extract,2026-08-14T20:21:03Z,open,ODbL; attribution and share-alike required,packet_ready,geofabrik_named_food_service
national-post-office-hi-fedex-c4048ca71c,FedEx post-office-centered national sample candidate,national_post_office_sample_candidate,food_service,osm:node:7718814550,Big Island Pearl Tea,,,FedEx,HI,,19.7128033,-155.0690211,Geofabrik OpenStreetMap GeoPackage extract,2026-08-14T20:21:03Z,open,ODbL; attribution and share-alike required,packet_ready,geofabrik_named_food_service
national-post-office-hi-fedex-c4048ca71c,FedEx post-office-centered national sample candidate,national_post_office_sample_candidate,food_service,osm:node:7722474723,Big Island Top Dog,,,FedEx,HI,,19.7069089,-155.0667360,Geofabrik OpenStreetMap GeoPackage extract,2026-08-14T20:21:03Z,open,ODbL; attribution and share-alike required,packet_ready,geofabrik_named_food_service
national-post-office-hi-fedex-c4048ca71c,FedEx post-office-centered national sample candidate,national_post_office_sample_candidate,food_service,osm:node:8477547412,Blane's Drive In,,,FedEx,HI,,19.7016040,-155.0651450,Geofabrik OpenStreetMap GeoPackage extract,2026-08-14T20:21:03Z,open,ODbL; attribution and share-alike required,packet_ready,geofabrik_named_food_service
national-post-office-hi-fedex-c4048ca71c,FedEx post-office-centered national sample candidate,national_post_office_sample_candidate,food_service,osm:node:8855131097,Blooms,,,FedEx,HI,,19.7162088,-155.0831421,Geofabrik OpenStreetMap GeoPackage extract,2026-08-14T20:21:03Z,open,ODbL; attribution and share-alike required,packet_ready,geofabrik_named_food_service
national-post-office-hi-fedex-c4048ca71c,FedEx post-office-centered national sample candidate,national_post_office_sample_candidate,food_service,osm:way:437177160,Burger King,,,FedEx,HI,,19.6989415,-155.0607286,Geofabrik OpenStreetMap GeoPackage extract,2026-08-14T20:21:03Z,open,ODbL; attribution and share-alike required,packet_ready,geofabrik_named_food_service
national-post-office-hi-fedex-c4048ca71c,FedEx post-office-centered national sample candidate,national_post_office_sample_candidate,food_service,osm:way:303234275,Cafe 100,,,FedEx,HI,,19.7144407,-155.0771306,Geofabrik OpenStreetMap GeoPackage extract,2026-08-14T20:21:03Z,open,ODbL; attribution and share-alike required,packet_ready,geofabrik_named_food_service
national-post-office-hi-fedex-c4048ca71c,FedEx post-office-centered national sample candidate,national_post_office_sample_candidate,food_service,osm:way:428121948,Cafe Boba,,,FedEx,HI,,19.7247268,-155.0894265,Geofabrik OpenStreetMap GeoPackage extract,2026-08-14T20:21:03Z,open,ODbL; attribution and share-alike required,packet_ready,geofabrik_named_food_service
national-post-office-hi-fedex-c4048ca71c,FedEx post-office-centered national sample candidate,national_post_office_sample_candidate,food_service,osm:node:4429607876,Cafe Pesto,,,FedEx,HI,,19.7237170,-155.0850108,Geofabrik OpenStreetMap GeoPackage extract,2026-08-14T20:21:03Z,open,ODbL; attribution and share-alike required,packet_ready,geofabrik_named_food_service
national-post-office-hi-fedex-c4048ca71c,FedEx post-office-centered national sample candidate,national_post_office_sample_candidate,food_service,osm:node:9307692785,Cham Cham Korean BBQ,,,FedEx,HI,,19.7166261,-155.0653418,Geofabrik OpenStreetMap GeoPackage extract,2026-08-14T20:21:03Z,open,ODbL; attribution and share-alike required,packet_ready,geofabrik_named_food_service
national-post-office-hi-fedex-c4048ca71c,FedEx post-office-centered national sample candidate,national_post_office_sample_candidate,food_service,osm:node:7895530096,Cinnabon,,,FedEx,HI,,19.6976430,-155.0633704,Geofabrik OpenStreetMap GeoPackage extract,2026-08-14T20:21:03Z,open,ODbL; attribution and share-alike required,packet_ready,geofabrik_named_food_service
national-post-office-hi-fedex-c4048ca71c,FedEx post-office-centered national sample candidate,national_post_office_sample_candidate,food_service,osm:node:7961385450,Coco Cantina,,,FedEx,HI,,19.7217191,-155.0854670,Geofabrik OpenStreetMap GeoPackage extract,2026-08-14T20:21:03Z,open,ODbL; attribution and share-alike required,packet_ready,geofabrik_named_food_service
national-post-office-hi-fedex-c4048ca71c,FedEx post-office-centered national sample candidate,national_post_office_sample_candidate,food_service,osm:node:4569933974,Coconut Grill,,,FedEx,HI,,19.7235375,-155.0624885,Geofabrik OpenStreetMap GeoPackage extract,2026-08-14T20:21:03Z,open,ODbL; attribution and share-alike required,packet_ready,geofabrik_named_food_service
national-post-office-hi-fedex-c4048ca71c,FedEx post-office-centered national sample candidate,national_post_office_sample_candidate,food_service,osm:node:14028272285,Coffee Girl,,,FedEx,HI,,19.6916483,-155.0670143,Geofabrik OpenStreetMap GeoPackage extract,2026-08-14T20:21:03Z,open,ODbL; attribution and share-alike required,packet_ready,geofabrik_named_food_service
national-post-office-hi-fedex-c4048ca71c,FedEx post-office-centered national sample candidate,national_post_office_sample_candidate,food_service,osm:node:7877084591,Coffee Girl,,,FedEx,HI,,19.7264256,-155.0873905,Geofabrik OpenStreetMap GeoPackage extract,2026-08-14T20:21:03Z,open,ODbL; attribution and share-alike required,packet_ready,geofabrik_named_food_service
national-post-office-hi-fedex-c4048ca71c,FedEx post-office-centered national sample candidate,national_post_office_sample_candidate,food_service,osm:node:9332938595,Coffee Notes,,,FedEx,HI,,19.7254043,-155.0878051,Geofabrik OpenStreetMap GeoPackage extract,2026-08-14T20:21:03Z,open,ODbL; attribution and share-alike required,packet_ready,geofabrik_named_food_service
national-post-office-hi-fedex-c4048ca71c,FedEx post-office-centered national sample candidate,national_post_office_sample_candidate,food_service,osm:node:13018787545,Cronies Bar & Grill,,,FedEx,HI,,19.7263563,-155.0869310,Geofabrik OpenStreetMap GeoPackage extract,2026-08-14T20:21:03Z,open,ODbL; attribution and share-alike required,packet_ready,geofabrik_named_food_service
national-post-office-hi-fedex-c4048ca71c,FedEx post-office-centered national sample candidate,national_post_office_sample_candidate,food_service,osm:node:7712220924,Daiichi Ramen,,,FedEx,HI,,19.6990038,-155.0644608,Geofabrik OpenStreetMap GeoPackage extract,2026-08-14T20:21:03Z,open,ODbL; attribution and share-alike required,packet_ready,geofabrik_named_food_service
national-post-office-hi-fedex-c4048ca71c,FedEx post-office-centered national sample candidate,national_post_office_sample_candidate,food_service,osm:node:7883090721,Domino's,,,FedEx,HI,,19.7014448,-155.0632535,Geofabrik OpenStreetMap GeoPackage extract,2026-08-14T20:21:03Z,open,ODbL; attribution and share-alike required,packet_ready,geofabrik_named_food_service
national-post-office-hi-fedex-c4048ca71c,FedEx post-office-centered national sample candidate,national_post_office_sample_candidate,food_service,osm:node:8889079826,Don’s Grill,,,FedEx,HI,,19.7153253,-155.0683998,Geofabrik OpenStreetMap GeoPackage extract,2026-08-14T20:21:03Z,open,ODbL; attribution and share-alike required,packet_ready,geofabrik_named_food_service
national-post-office-hi-fedex-c4048ca71c,FedEx post-office-centered national sample candidate,national_post_office_sample_candidate,food_service,osm:node:2313081242,Dragon Kitchen,,,FedEx,HI,,19.7236646,-155.0849819,Geofabrik OpenStreetMap GeoPackage extract,2026-08-14T20:21:03Z,open,ODbL; attribution and share-alike required,packet_ready,geofabrik_named_food_service
national-post-office-hi-fedex-c4048ca71c,FedEx post-office-centered national sample candidate,national_post_office_sample_candidate,food_service,osm:node:5460597023,E Komo Mai,,,FedEx,HI,,19.7201370,-155.0645567,Geofabrik OpenStreetMap GeoPackage extract,2026-08-14T20:21:03Z,open,ODbL; attribution and share-alike required,packet_ready,geofabrik_named_food_service
national-post-office-hi-fedex-c4048ca71c,FedEx post-office-centered national sample candidate,national_post_office_sample_candidate,food_service,osm:node:5460597028,Genki Sushi,,,FedEx,HI,,19.6990055,-155.0642732,Geofabrik OpenStreetMap GeoPackage extract,2026-08-14T20:21:03Z,open,ODbL; attribution and share-alike required,packet_ready,geofabrik_named_food_service
national-post-office-hi-fedex-c4048ca71c,FedEx post-office-centered national sample candidate,national_post_office_sample_candidate,food_service,osm:node:7709896620,H&K,,,FedEx,HI,,19.7071540,-155.0755915,Geofabrik OpenStreetMap GeoPackage extract,2026-08-14T20:21:03Z,open,ODbL; attribution and share-alike required,packet_ready,geofabrik_named_food_service
national-post-office-hi-fedex-c4048ca71c,FedEx post-office-centered national sample candidate,national_post_office_sample_candidate,food_service,osm:node:6279237752,Happy Valley Seafood Restaurant,,,FedEx,HI,,19.7102434,-155.0762154,Geofabrik OpenStreetMap GeoPackage extract,2026-08-14T20:21:03Z,open,ODbL; attribution and share-alike required,packet_ready,geofabrik_named_food_service
national-post-office-hi-fedex-c4048ca71c,FedEx post-office-centered national sample candidate,national_post_office_sample_candidate,food_service,osm:node:7926318004,Hawaii Shrimp Company,,,FedEx,HI,,19.7014819,-155.0628718,Geofabrik OpenStreetMap GeoPackage extract,2026-08-14T20:21:03Z,open,ODbL; attribution and share-alike required,packet_ready,geofabrik_named_food_service
national-post-office-hi-fedex-c4048ca71c,FedEx post-office-centered national sample candidate,national_post_office_sample_candidate,food_service,osm:node:5219178607,Hawaiian Style Cafe,,,FedEx,HI,,19.7130977,-155.0699571,Geofabrik OpenStreetMap GeoPackage extract,2026-08-14T20:21:03Z,open,ODbL; attribution and share-alike required,packet_ready,geofabrik_named_food_service
national-post-office-hi-fedex-c4048ca71c,FedEx post-office-centered national sample candidate,national_post_office_sample_candidate,food_service,osm:way:461624038,Hilo Bay Cafe,,,FedEx,HI,,19.7250921,-155.0705294,Geofabrik OpenStreetMap GeoPackage extract,2026-08-14T20:21:03Z,open,ODbL; attribution and share-alike required,packet_ready,geofabrik_named_food_service
national-post-office-hi-fedex-c4048ca71c,FedEx post-office-centered national sample candidate,national_post_office_sample_candidate,food_service,osm:node:2878718532,Hilo Burger Joint,,,FedEx,HI,,19.7164763,-155.0790788,Geofabrik OpenStreetMap GeoPackage extract,2026-08-14T20:21:03Z,open,ODbL; attribution and share-alike required,packet_ready,geofabrik_named_food_service
national-post-office-hi-fedex-c4048ca71c,FedEx post-office-centered national sample candidate,national_post_office_sample_candidate,food_service,osm:node:13042414054,Hilo Coffee Corner,,,FedEx,HI,,19.7173052,-155.0765869,Geofabrik OpenStreetMap GeoPackage extract,2026-08-14T20:21:03Z,open,ODbL; attribution and share-alike required,packet_ready,geofabrik_named_food_service
national-post-office-hi-fedex-c4048ca71c,FedEx post-office-centered national sample candidate,national_post_office_sample_candidate,food_service,osm:node:7961272582,Hilo Grinds,,,FedEx,HI,,19.6901507,-155.0701154,Geofabrik OpenStreetMap GeoPackage extract,2026-08-14T20:21:03Z,open,ODbL; attribution and share-alike required,packet_ready,geofabrik_named_food_service
national-post-office-hi-fedex-c4048ca71c,FedEx post-office-centered national sample candidate,national_post_office_sample_candidate,food_service,osm:node:14024858147,Hilo Ice Coffee,,,FedEx,HI,,19.7245816,-155.0609313,Geofabrik OpenStreetMap GeoPackage extract,2026-08-14T20:21:03Z,open,ODbL; attribution and share-alike required,packet_ready,geofabrik_named_food_service
national-post-office-hi-fedex-c4048ca71c,FedEx post-office-centered national sample candidate,national_post_office_sample_candidate,food_service,osm:node:9307692784,Hilo Lunch Shop,,,FedEx,HI,,19.7166679,-155.0654248,Geofabrik OpenStreetMap GeoPackage extract,2026-08-14T20:21:03Z,open,ODbL; attribution and share-alike required,packet_ready,geofabrik_named_food_service
national-post-office-hi-fedex-c4048ca71c,FedEx post-office-centered national sample candidate,national_post_office_sample_candidate,food_service,osm:node:7899385692,Hilo Pizza Company,,,FedEx,HI,,19.6909970,-155.0668314,Geofabrik OpenStreetMap GeoPackage extract,2026-08-14T20:21:03Z,open,ODbL; attribution and share-alike required,packet_ready,geofabrik_named_food_service
national-post-office-hi-fedex-c4048ca71c,FedEx post-office-centered national sample candidate,national_post_office_sample_candidate,food_service,osm:node:9654274431,Hilo Rice Noodle,,,FedEx,HI,,19.6904520,-155.0705631,Geofabrik OpenStreetMap GeoPackage extract,2026-08-14T20:21:03Z,open,ODbL; attribution and share-alike required,packet_ready,geofabrik_named_food_service
national-post-office-hi-fedex-c4048ca71c,FedEx post-office-centered national sample candidate,national_post_office_sample_candidate,food_service,osm:node:5222188677,Hilo Siam,,,FedEx,HI,,19.7239345,-155.0859048,Geofabrik OpenStreetMap GeoPackage extract,2026-08-14T20:21:03Z,open,ODbL; attribution and share-alike required,packet_ready,geofabrik_named_food_service
national-post-office-hi-fedex-c4048ca71c,FedEx post-office-centered national sample candidate,national_post_office_sample_candidate,food_service,osm:way:589525850,Hilo Yacht Club,,,FedEx,HI,,19.7370802,-155.0338356,Geofabrik OpenStreetMap GeoPackage extract,2026-08-14T20:21:03Z,open,ODbL; attribution and share-alike required,packet_ready,geofabrik_named_food_service
national-post-office-hi-fedex-c4048ca71c,FedEx post-office-centered national sample candidate,national_post_office_sample_candidate,food_service,osm:node:5460597030,Hiro's Place,,,FedEx,HI,,19.6931986,-155.0667476,Geofabrik OpenStreetMap GeoPackage extract,2026-08-14T20:21:03Z,open,ODbL; attribution and share-alike required,packet_ready,geofabrik_named_food_service
national-post-office-hi-fedex-c4048ca71c,FedEx post-office-centered national sample candidate,national_post_office_sample_candidate,food_service,osm:node:7747568719,Hot Dog on a Stick,,,FedEx,HI,,19.6976962,-155.0634059,Geofabrik OpenStreetMap GeoPackage extract,2026-08-14T20:21:03Z,open,ODbL; attribution and share-alike required,packet_ready,geofabrik_named_food_service
national-post-office-hi-fedex-c4048ca71c,FedEx post-office-centered national sample candidate,national_post_office_sample_candidate,food_service,osm:node:7899285679,HĀ CAFE,,,FedEx,HI,,19.7128022,-155.0699559,Geofabrik OpenStreetMap GeoPackage extract,2026-08-14T20:21:03Z,open,ODbL; attribution and share-alike required,packet_ready,geofabrik_named_food_service
national-post-office-hi-fedex-c4048ca71c,FedEx post-office-centered national sample candidate,national_post_office_sample_candidate,food_service,osm:node:9161272871,IHOP,,,FedEx,HI,,19.6971575,-155.0627141,Geofabrik OpenStreetMap GeoPackage extract,2026-08-14T20:21:03Z,open,ODbL; attribution and share-alike required,packet_ready,geofabrik_named_food_service
national-post-office-hi-fedex-c4048ca71c,FedEx post-office-centered national sample candidate,national_post_office_sample_candidate,food_service,osm:node:7986303854,Ibisuya,,,FedEx,HI,,19.7221207,-155.0852857,Geofabrik OpenStreetMap GeoPackage extract,2026-08-14T20:21:03Z,open,ODbL; attribution and share-alike required,packet_ready,geofabrik_named_food_service
national-post-office-hi-fedex-c4048ca71c,FedEx post-office-centered national sample candidate,national_post_office_sample_candidate,food_service,osm:node:2909525701,Island Bake Shop,,,FedEx,HI,,19.7232328,-155.0851760,Geofabrik OpenStreetMap GeoPackage extract,2026-08-14T20:21:03Z,open,ODbL; attribution and share-alike required,packet_ready,geofabrik_named_food_service
national-post-office-hi-fedex-c4048ca71c,FedEx post-office-centered national sample candidate,national_post_office_sample_candidate,food_service,osm:node:11333638316,Jack In The Box,,,FedEx,HI,,19.6926144,-155.0665340,Geofabrik OpenStreetMap GeoPackage extract,2026-08-14T20:21:03Z,open,ODbL; attribution and share-alike required,packet_ready,geofabrik_named_food_service
national-post-office-hi-fedex-c4048ca71c,FedEx post-office-centered national sample candidate,national_post_office_sample_candidate,food_service,osm:way:232605559,Jack in the Box,,,FedEx,HI,,19.6925464,-155.0664546,Geofabrik OpenStreetMap GeoPackage extract,2026-08-14T20:21:03Z,open,ODbL; attribution and share-alike required,packet_ready,geofabrik_named_food_service
national-post-office-hi-fedex-c4048ca71c,FedEx post-office-centered national sample candidate,national_post_office_sample_candidate,food_service,osm:node:5461390822,Jackie Rey's Ohana Grill,,,FedEx,HI,,19.7259580,-155.0881816,Geofabrik OpenStreetMap GeoPackage extract,2026-08-14T20:21:03Z,open,ODbL; attribution and share-alike required,packet_ready,geofabrik_named_food_service
national-post-office-hi-fedex-c4048ca71c,FedEx post-office-centered national sample candidate,national_post_office_sample_candidate,food_service,osm:node:7661776544,Jamba Juice,,,FedEx,HI,,19.6986483,-155.0617361,Geofabrik OpenStreetMap GeoPackage extract,2026-08-14T20:21:03Z,open,ODbL; attribution and share-alike required,packet_ready,geofabrik_named_food_service
national-post-office-hi-fedex-c4048ca71c,FedEx post-office-centered national sample candidate,national_post_office_sample_candidate,food_service,osm:way:232580597,Just Cruisin Coffee,,,FedEx,HI,,19.7162394,-155.0782441,Geofabrik OpenStreetMap GeoPackage extract,2026-08-14T20:21:03Z,open,ODbL; attribution and share-alike required,packet_ready,geofabrik_named_food_service
national-post-office-hi-fedex-c4048ca71c,FedEx post-office-centered national sample candidate,national_post_office_sample_candidate,food_service,osm:way:217609672,KFC,,,FedEx,HI,,19.6990243,-155.0616748,Geofabrik OpenStreetMap GeoPackage extract,2026-08-14T20:21:03Z,open,ODbL; attribution and share-alike required,packet_ready,geofabrik_named_food_service
national-post-office-hi-fedex-c4048ca71c,FedEx post-office-centered national sample candidate,national_post_office_sample_candidate,food_service,osm:node:14024858142,Ka Lihikai,,,FedEx,HI,,19.7299161,-155.0648669,Geofabrik OpenStreetMap GeoPackage extract,2026-08-14T20:21:03Z,open,ODbL; attribution and share-alike required,packet_ready,geofabrik_named_food_service
national-post-office-hi-fedex-c4048ca71c,FedEx post-office-centered national sample candidate,national_post_office_sample_candidate,food_service,osm:node:9890574317,Kalbi Express,,,FedEx,HI,,19.7015684,-155.0628740,Geofabrik OpenStreetMap GeoPackage extract,2026-08-14T20:21:03Z,open,ODbL; attribution and share-alike required,packet_ready,geofabrik_named_food_service
national-post-office-hi-fedex-c4048ca71c,FedEx post-office-centered national sample candidate,national_post_office_sample_candidate,food_service,osm:node:2909525901,Kamana Indo-Chinese Cuisine,,,FedEx,HI,,19.7230782,-155.0854385,Geofabrik OpenStreetMap GeoPackage extract,2026-08-14T20:21:03Z,open,ODbL; attribution and share-alike required,packet_ready,geofabrik_named_food_service
national-post-office-hi-fedex-c4048ca71c,FedEx post-office-centered national sample candidate,national_post_office_sample_candidate,food_service,osm:node:4568027894,Kamana Kitchen,,,FedEx,HI,,19.7105358,-155.0756114,Geofabrik OpenStreetMap GeoPackage extract,2026-08-14T20:21:03Z,open,ODbL; attribution and share-alike required,packet_ready,geofabrik_named_food_service
national-post-office-hi-fedex-c4048ca71c,FedEx post-office-centered national sample candidate,national_post_office_sample_candidate,food_service,osm:node:13987340584,Kava Republic,,,FedEx,HI,,19.7233341,-155.0862416,Geofabrik OpenStreetMap GeoPackage extract,2026-08-14T20:21:03Z,open,ODbL; attribution and share-alike required,packet_ready,geofabrik_named_food_service
national-post-office-hi-fedex-c4048ca71c,FedEx post-office-centered national sample candidate,national_post_office_sample_candidate,food_service,osm:node:9620366687,Kawamoto Store,,,FedEx,HI,,19.7163914,-155.0789502,Geofabrik OpenStreetMap GeoPackage extract,2026-08-14T20:21:03Z,open,ODbL; attribution and share-alike required,packet_ready,geofabrik_named_food_service
national-post-office-hi-fedex-c4048ca71c,FedEx post-office-centered national sample candidate,national_post_office_sample_candidate,food_service,osm:way:843347414,Ken's House of Pancakes,,,FedEx,HI,,19.7223628,-155.0647523,Geofabrik OpenStreetMap GeoPackage extract,2026-08-14T20:21:03Z,open,ODbL; attribution and share-alike required,packet_ready,geofabrik_named_food_service
national-post-office-hi-fedex-c4048ca71c,FedEx post-office-centered national sample candidate,national_post_office_sample_candidate,food_service,osm:node:13999578816,Kilauea Coffee,,,FedEx,HI,,19.7220153,-155.0851827,Geofabrik OpenStreetMap GeoPackage extract,2026-08-14T20:21:03Z,open,ODbL; attribution and share-alike required,packet_ready,geofabrik_named_food_service
national-post-office-hi-fedex-c4048ca71c,FedEx post-office-centered national sample candidate,national_post_office_sample_candidate,food_service,osm:node:7718814552,King’s Vietnamese,,,FedEx,HI,,19.7161728,-155.0668701,Geofabrik OpenStreetMap GeoPackage extract,2026-08-14T20:21:03Z,open,ODbL; attribution and share-alike required,packet_ready,geofabrik_named_food_service
national-post-office-hi-fedex-c4048ca71c,FedEx post-office-centered national sample candidate,national_post_office_sample_candidate,food_service,osm:node:7709896630,Kitchen Umeko,,,FedEx,HI,,19.7072033,-155.0755070,Geofabrik OpenStreetMap GeoPackage extract,2026-08-14T20:21:03Z,open,ODbL; attribution and share-alike required,packet_ready,geofabrik_named_food_service
national-post-office-hi-fedex-c4048ca71c,FedEx post-office-centered national sample candidate,national_post_office_sample_candidate,food_service,osm:node:2793948075,Koji's Bento,,,FedEx,HI,,19.7225380,-155.0842650,Geofabrik OpenStreetMap GeoPackage extract,2026-08-14T20:21:03Z,open,ODbL; attribution and share-alike required,packet_ready,geofabrik_named_food_service
national-post-office-hi-fedex-c4048ca71c,FedEx post-office-centered national sample candidate,national_post_office_sample_candidate,food_service,osm:way:718078719,Kozmic Cones,,,FedEx,HI,,19.7240237,-155.0906501,Geofabrik OpenStreetMap GeoPackage extract,2026-08-14T20:21:03Z,open,ODbL; attribution and share-alike required,packet_ready,geofabrik_named_food_service
national-post-office-hi-fedex-c4048ca71c,FedEx post-office-centered national sample candidate,national_post_office_sample_candidate,food_service,osm:way:232595210,Kuhio Grille,,,FedEx,HI,,19.7202609,-155.0795874,Geofabrik OpenStreetMap GeoPackage extract,2026-08-14T20:21:03Z,open,ODbL; attribution and share-alike required,packet_ready,geofabrik_named_food_service
national-post-office-hi-fedex-c4048ca71c,FedEx post-office-centered national sample candidate,national_post_office_sample_candidate,food_service,osm:way:303232012,K’s Drive In,,,FedEx,HI,,19.7169054,-155.0831855,Geofabrik OpenStreetMap GeoPackage extract,2026-08-14T20:21:03Z,open,ODbL; attribution and share-alike required,packet_ready,geofabrik_named_food_service
national-post-office-hi-fedex-c4048ca71c,FedEx post-office-centered national sample candidate,national_post_office_sample_candidate,food_service,osm:node:7926318006,L&L Hawaiian Barbecue,,,FedEx,HI,,19.7015885,-155.0628988,Geofabrik OpenStreetMap GeoPackage extract,2026-08-14T20:21:03Z,open,ODbL; attribution and share-alike required,packet_ready,geofabrik_named_food_service
national-post-office-hi-fedex-c4048ca71c,FedEx post-office-centered national sample candidate,national_post_office_sample_candidate,food_service,osm:node:7961385453,Lam's Garden,,,FedEx,HI,,19.7220750,-155.0856079,Geofabrik OpenStreetMap GeoPackage extract,2026-08-14T20:21:03Z,open,ODbL; attribution and share-alike required,packet_ready,geofabrik_named_food_service
national-post-office-hi-fedex-c4048ca71c,FedEx post-office-centered national sample candidate,national_post_office_sample_candidate,food_service,osm:node:7948569289,Lanikea Cafe,,,FedEx,HI,,19.7145478,-155.0397134,Geofabrik OpenStreetMap GeoPackage extract,2026-08-14T20:21:03Z,open,ODbL; attribution and share-alike required,packet_ready,geofabrik_named_food_service
national-post-office-hi-fedex-c4048ca71c,FedEx post-office-centered national sample candidate,national_post_office_sample_candidate,food_service,osm:node:9319698460,Le Yellow Sub,,,FedEx,HI,,19.7245146,-155.0610682,Geofabrik OpenStreetMap GeoPackage extract,2026-08-14T20:21:03Z,open,ODbL; attribution and share-alike required,packet_ready,geofabrik_named_food_service
national-post-office-hi-fedex-c4048ca71c,FedEx post-office-centered national sample candidate,national_post_office_sample_candidate,food_service,osm:node:12294850611,Lehua Restuarant at Imiloa,,,FedEx,HI,,19.7011595,-155.0887457,Geofabrik OpenStreetMap GeoPackage extract,2026-08-14T20:21:03Z,open,ODbL; attribution and share-alike required,packet_ready,geofabrik_named_food_service
national-post-office-hi-fedex-c4048ca71c,FedEx post-office-centered national sample candidate,national_post_office_sample_candidate,food_service,osm:node:7926318002,Lemongrass Express,,,FedEx,HI,,19.7015519,-155.0629611,Geofabrik OpenStreetMap GeoPackage extract,2026-08-14T20:21:03Z,open,ODbL; attribution and share-alike required,packet_ready,geofabrik_named_food_service
national-post-office-hi-fedex-c4048ca71c,FedEx post-office-centered national sample candidate,national_post_office_sample_candidate,food_service,osm:way:766064316,Leungs Chop Suey,,,FedEx,HI,,19.7069471,-155.0645018,Geofabrik OpenStreetMap GeoPackage extract,2026-08-14T20:21:03Z,open,ODbL; attribution and share-alike required,packet_ready,geofabrik_named_food_service
national-post-office-hi-fedex-c4048ca71c,FedEx post-office-centered national sample candidate,national_post_office_sample_candidate,food_service,osm:node:7899352982,Lin’s Chop Suey,,,FedEx,HI,,19.6916321,-155.0671484,Geofabrik OpenStreetMap GeoPackage extract,2026-08-14T20:21:03Z,open,ODbL; attribution and share-alike required,packet_ready,geofabrik_named_food_service
national-post-office-hi-fedex-c4048ca71c,FedEx post-office-centered national sample candidate,national_post_office_sample_candidate,food_service,osm:way:303234303,Little Caesars,,,FedEx,HI,,19.7116685,-155.0764064,Geofabrik OpenStreetMap GeoPackage extract,2026-08-14T20:21:03Z,open,ODbL; attribution and share-alike required,packet_ready,geofabrik_named_food_service
national-post-office-hi-fedex-c4048ca71c,FedEx post-office-centered national sample candidate,national_post_office_sample_candidate,food_service,osm:node:9223115741,Lokahi Local Eats,,,FedEx,HI,,19.6979049,-155.0631699,Geofabrik OpenStreetMap GeoPackage extract,2026-08-14T20:21:03Z,open,ODbL; attribution and share-alike required,packet_ready,geofabrik_named_food_service
national-post-office-hi-fedex-c4048ca71c,FedEx post-office-centered national sample candidate,national_post_office_sample_candidate,food_service,osm:node:4808062632,Loved By The Sun - Big Island Juice Bar,,,FedEx,HI,,19.7240522,-155.0857581,Geofabrik OpenStreetMap GeoPackage extract,2026-08-14T20:21:03Z,open,ODbL; attribution and share-alike required,packet_ready,geofabrik_named_food_service
national-post-office-hi-fedex-c4048ca71c,FedEx post-office-centered national sample candidate,national_post_office_sample_candidate,food_service,osm:node:2283292393,Low International Food,,,FedEx,HI,,19.7215828,-155.0851690,Geofabrik OpenStreetMap GeoPackage extract,2026-08-14T20:21:03Z,open,ODbL; attribution and share-alike required,packet_ready,geofabrik_named_food_service
national-post-office-hi-fedex-c4048ca71c,FedEx post-office-centered national sample candidate,national_post_office_sample_candidate,food_service,osm:node:14024052141,Luquinʻs 454,,,FedEx,HI,,19.7161067,-155.0706039,Geofabrik OpenStreetMap GeoPackage extract,2026-08-14T20:21:03Z,open,ODbL; attribution and share-alike required,packet_ready,geofabrik_named_food_service
national-post-office-hi-fedex-c4048ca71c,FedEx post-office-centered national sample candidate,national_post_office_sample_candidate,food_service,osm:node:5222433520,Makani’s Magic Pineapple Shack,,,FedEx,HI,,19.7263531,-155.0875098,Geofabrik OpenStreetMap GeoPackage extract,2026-08-14T20:21:03Z,open,ODbL; attribution and share-alike required,packet_ready,geofabrik_named_food_service
national-post-office-hi-fedex-c4048ca71c,FedEx post-office-centered national sample candidate,national_post_office_sample_candidate,food_service,osm:node:11333657471,McDonald's,,,FedEx,HI,,19.6911923,-155.0666777,Geofabrik OpenStreetMap GeoPackage extract,2026-08-14T20:21:03Z,open,ODbL; attribution and share-alike required,packet_ready,geofabrik_named_food_service
national-post-office-hi-fedex-c4048ca71c,FedEx post-office-centered national sample candidate,national_post_office_sample_candidate,food_service,osm:node:4583374692,McDonald's,,,FedEx,HI,,19.7006203,-155.0623527,Geofabrik OpenStreetMap GeoPackage extract,2026-08-14T20:21:03Z,open,ODbL; attribution and share-alike required,packet_ready,geofabrik_named_food_service
national-post-office-hi-fedex-c4048ca71c,FedEx post-office-centered national sample candidate,national_post_office_sample_candidate,food_service,osm:way:589849948,McDonald's,,,FedEx,HI,,19.7231710,-155.0875069,Geofabrik OpenStreetMap GeoPackage extract,2026-08-14T20:21:03Z,open,ODbL; attribution and share-alike required,packet_ready,geofabrik_named_food_service
national-post-office-hi-fedex-c4048ca71c,FedEx post-office-centered national sample candidate,national_post_office_sample_candidate,food_service,osm:node:7718814549,Miyo’s,,,FedEx,HI,,19.7130933,-155.0688799,Geofabrik OpenStreetMap GeoPackage extract,2026-08-14T20:21:03Z,open,ODbL; attribution and share-alike required,packet_ready,geofabrik_named_food_service
national-post-office-hi-fedex-c4048ca71c,FedEx post-office-centered national sample candidate,national_post_office_sample_candidate,food_service,osm:node:5465865428,Mohala’s Fish & Chips,,,FedEx,HI,,19.7263894,-155.0874483,Geofabrik OpenStreetMap GeoPackage extract,2026-08-14T20:21:03Z,open,ODbL; attribution and share-alike required,packet_ready,geofabrik_named_food_service
national-post-office-hi-fedex-c4048ca71c,FedEx post-office-centered national sample candidate,national_post_office_sample_candidate,food_service,osm:node:5215726031,Mom's,,,FedEx,HI,,19.7245412,-155.0875361,Geofabrik OpenStreetMap GeoPackage extract,2026-08-14T20:21:03Z,open,ODbL; attribution and share-alike required,packet_ready,geofabrik_named_food_service
national-post-office-hi-fedex-c4048ca71c,FedEx post-office-centered national sample candidate,national_post_office_sample_candidate,food_service,osm:node:4426057900,Moon and Turtle,,,FedEx,HI,,19.7254178,-155.0871510,Geofabrik OpenStreetMap GeoPackage extract,2026-08-14T20:21:03Z,open,ODbL; attribution and share-alike required,packet_ready,geofabrik_named_food_service
national-post-office-hi-fedex-c4048ca71c,FedEx post-office-centered national sample candidate,national_post_office_sample_candidate,food_service,osm:node:9863132846,Mr. Cow,,,FedEx,HI,,19.7015302,-155.0628632,Geofabrik OpenStreetMap GeoPackage extract,2026-08-14T20:21:03Z,open,ODbL; attribution and share-alike required,packet_ready,geofabrik_named_food_service
national-post-office-hi-fedex-c4048ca71c,FedEx post-office-centered national sample candidate,national_post_office_sample_candidate,food_service,osm:node:8505215997,Mrs. B’s Laulau,,,FedEx,HI,,19.7061399,-155.0763513,Geofabrik OpenStreetMap GeoPackage extract,2026-08-14T20:21:03Z,open,ODbL; attribution and share-alike required,packet_ready,geofabrik_named_food_service
national-post-office-hi-fedex-c4048ca71c,FedEx post-office-centered national sample candidate,national_post_office_sample_candidate,food_service,osm:node:9834803603,Musubeast Beastro,,,FedEx,HI,,19.7261300,-155.0866964,Geofabrik OpenStreetMap GeoPackage extract,2026-08-14T20:21:03Z,open,ODbL; attribution and share-alike required,packet_ready,geofabrik_named_food_service
national-post-office-hi-fedex-c4048ca71c,FedEx post-office-centered national sample candidate,national_post_office_sample_candidate,food_service,osm:node:7808621763,Naung Mai Thai Kitchen,,,FedEx,HI,,19.7228138,-155.0865407,Geofabrik OpenStreetMap GeoPackage extract,2026-08-14T20:21:03Z,open,ODbL; attribution and share-alike required,packet_ready,geofabrik_named_food_service
national-post-office-hi-fedex-c4048ca71c,FedEx post-office-centered national sample candidate,national_post_office_sample_candidate,food_service,osm:node:8197698437,Nector Cafe,,,FedEx,HI,,19.7247568,-155.0862054,Geofabrik OpenStreetMap GeoPackage extract,2026-08-14T20:21:03Z,open,ODbL; attribution and share-alike required,packet_ready,geofabrik_named_food_service
national-post-office-hi-fedex-c4048ca71c,FedEx post-office-centered national sample candidate,national_post_office_sample_candidate,food_service,osm:node:6298686285,New Chiang Mai Thai Cuisine,,,FedEx,HI,,19.7252477,-155.0879450,Geofabrik OpenStreetMap GeoPackage extract,2026-08-14T20:21:03Z,open,ODbL; attribution and share-alike required,packet_ready,geofabrik_named_food_service
national-post-office-hi-fedex-c4048ca71c,FedEx post-office-centered national sample candidate,national_post_office_sample_candidate,food_service,osm:way:303231986,New China Restaurant,,,FedEx,HI,,19.7188568,-155.0817644,Geofabrik OpenStreetMap GeoPackage extract,2026-08-14T20:21:03Z,open,ODbL; attribution and share-alike required,packet_ready,geofabrik_named_food_service
national-post-office-hi-fedex-c4048ca71c,FedEx post-office-centered national sample candidate,national_post_office_sample_candidate,food_service,osm:node:8866984900,New Saigon,,,FedEx,HI,,19.7232310,-155.0621875,Geofabrik OpenStreetMap GeoPackage extract,2026-08-14T20:21:03Z,open,ODbL; attribution and share-alike required,packet_ready,geofabrik_named_food_service
national-post-office-hi-fedex-c4048ca71c,FedEx post-office-centered national sample candidate,national_post_office_sample_candidate,food_service,osm:node:5460596721,Nim's Chiang Mai Cuisine,,,FedEx,HI,,19.7217437,-155.0645261,Geofabrik OpenStreetMap GeoPackage extract,2026-08-14T20:21:03Z,open,ODbL; attribution and share-alike required,packet_ready,geofabrik_named_food_service
national-post-office-hi-fedex-c4048ca71c,FedEx post-office-centered national sample candidate,national_post_office_sample_candidate,food_service,osm:node:9975925717,Nori’s,,,FedEx,HI,,19.7174714,-155.0847945,Geofabrik OpenStreetMap GeoPackage extract,2026-08-14T20:21:03Z,open,ODbL; attribution and share-alike required,packet_ready,geofabrik_named_food_service
national-post-office-hi-fedex-c4048ca71c,FedEx post-office-centered national sample candidate,national_post_office_sample_candidate,food_service,osm:node:10040866952,Oceanfront Kitchen,,,FedEx,HI,,19.7268831,-155.0561391,Geofabrik OpenStreetMap GeoPackage extract,2026-08-14T20:21:03Z,open,ODbL; attribution and share-alike required,packet_ready,geofabrik_named_food_service
national-post-office-hi-fedex-c4048ca71c,FedEx post-office-centered national sample candidate,national_post_office_sample_candidate,food_service,osm:way:1089779101,Panda Express,,,FedEx,HI,,19.7205986,-155.0839765,Geofabrik OpenStreetMap GeoPackage extract,2026-08-14T20:21:03Z,open,ODbL; attribution and share-alike required,packet_ready,geofabrik_named_food_service
national-post-office-hi-fedex-c4048ca71c,FedEx post-office-centered national sample candidate,national_post_office_sample_candidate,food_service,osm:way:303231992,Panda Express,,,FedEx,HI,,19.7201551,-155.0834855,Geofabrik OpenStreetMap GeoPackage extract,2026-08-14T20:21:03Z,open,ODbL; attribution and share-alike required,packet_ready,geofabrik_named_food_service
national-post-office-hi-fedex-c4048ca71c,FedEx post-office-centered national sample candidate,national_post_office_sample_candidate,food_service,osm:way:437177161,Panda Express,,,FedEx,HI,,19.6989010,-155.0610624,Geofabrik OpenStreetMap GeoPackage extract,2026-08-14T20:21:03Z,open,ODbL; attribution and share-alike required,packet_ready,geofabrik_named_food_service
national-post-office-hi-fedex-c4048ca71c,FedEx post-office-centered national sample candidate,national_post_office_sample_candidate,food_service,osm:node:13754826228,Papa John's,,,FedEx,HI,,19.7176881,-155.0835966,Geofabrik OpenStreetMap GeoPackage extract,2026-08-14T20:21:03Z,open,ODbL; attribution and share-alike required,packet_ready,geofabrik_named_food_service
national-post-office-hi-fedex-c4048ca71c,FedEx post-office-centered national sample candidate,national_post_office_sample_candidate,food_service,osm:node:8252893441,Paradise Coffee Roasters,,,FedEx,HI,,19.7239518,-155.0868533,Geofabrik OpenStreetMap GeoPackage extract,2026-08-14T20:21:03Z,open,ODbL; attribution and share-alike required,packet_ready,geofabrik_named_food_service
national-post-office-hi-fedex-c4048ca71c,FedEx post-office-centered national sample candidate,national_post_office_sample_candidate,food_service,osm:node:2793948076,Paul's Place,,,FedEx,HI,,19.7226311,-155.0842960,Geofabrik OpenStreetMap GeoPackage extract,2026-08-14T20:21:03Z,open,ODbL; attribution and share-alike required,packet_ready,geofabrik_named_food_service
national-post-office-hi-fedex-c4048ca71c,FedEx post-office-centered national sample candidate,national_post_office_sample_candidate,food_service,osm:node:8855131091,Pho Bistro,,,FedEx,HI,,19.7170374,-155.0842520,Geofabrik OpenStreetMap GeoPackage extract,2026-08-14T20:21:03Z,open,ODbL; attribution and share-alike required,packet_ready,geofabrik_named_food_service
national-post-office-hi-fedex-c4048ca71c,FedEx post-office-centered national sample candidate,national_post_office_sample_candidate,food_service,osm:node:5584038021,Pho Viet,,,FedEx,HI,,19.7228982,-155.0866310,Geofabrik OpenStreetMap GeoPackage extract,2026-08-14T20:21:03Z,open,ODbL; attribution and share-alike required,packet_ready,geofabrik_named_food_service
national-post-office-hi-fedex-c4048ca71c,FedEx post-office-centered national sample candidate,national_post_office_sample_candidate,food_service,osm:way:372441159,Pineapples,,,FedEx,HI,,19.7227782,-155.0861728,Geofabrik OpenStreetMap GeoPackage extract,2026-08-14T20:21:03Z,open,ODbL; attribution and share-alike required,packet_ready,geofabrik_named_food_service
national-post-office-hi-fedex-c4048ca71c,FedEx post-office-centered national sample candidate,national_post_office_sample_candidate,food_service,osm:node:8203966460,Pizza Ala Slice,,,FedEx,HI,,19.6970048,-155.0639409,Geofabrik OpenStreetMap GeoPackage extract,2026-08-14T20:21:03Z,open,ODbL; attribution and share-alike required,packet_ready,geofabrik_named_food_service
national-post-office-hi-fedex-c4048ca71c,FedEx post-office-centered national sample candidate,national_post_office_sample_candidate,food_service,osm:node:7869936050,Pizza Hut,,,FedEx,HI,,19.7119868,-155.0666700,Geofabrik OpenStreetMap GeoPackage extract,2026-08-14T20:21:03Z,open,ODbL; attribution and share-alike required,packet_ready,geofabrik_named_food_service
national-post-office-hi-fedex-c4048ca71c,FedEx post-office-centered national sample candidate,national_post_office_sample_candidate,food_service,osm:node:7903283671,Pizza Hut Delivery,,,FedEx,HI,,19.6843749,-155.0697179,Geofabrik OpenStreetMap GeoPackage extract,2026-08-14T20:21:03Z,open,ODbL; attribution and share-alike required,packet_ready,geofabrik_named_food_service
national-post-office-hi-fedex-c4048ca71c,FedEx post-office-centered national sample candidate,national_post_office_sample_candidate,food_service,osm:node:7727954462,Pizza Hut Express,,,FedEx,HI,,19.7006458,-155.0598200,Geofabrik OpenStreetMap GeoPackage extract,2026-08-14T20:21:03Z,open,ODbL; attribution and share-alike required,packet_ready,geofabrik_named_food_service
national-post-office-hi-fedex-c4048ca71c,FedEx post-office-centered national sample candidate,national_post_office_sample_candidate,food_service,osm:node:2909526001,Poke N Sides,,,FedEx,HI,,19.7229772,-155.0850359,Geofabrik OpenStreetMap GeoPackage extract,2026-08-14T20:21:03Z,open,ODbL; attribution and share-alike required,packet_ready,geofabrik_named_food_service
national-post-office-hi-fedex-c4048ca71c,FedEx post-office-centered national sample candidate,national_post_office_sample_candidate,food_service,osm:way:654460525,Poke to Your Taste,,,FedEx,HI,,19.7092394,-155.0639952,Geofabrik OpenStreetMap GeoPackage extract,2026-08-14T20:21:03Z,open,ODbL; attribution and share-alike required,packet_ready,geofabrik_named_food_service
national-post-office-hi-fedex-c4048ca71c,FedEx post-office-centered national sample candidate,national_post_office_sample_candidate,food_service,osm:node:3907304757,Ponds,,,FedEx,HI,,19.7238930,-155.0618570,Geofabrik OpenStreetMap GeoPackage extract,2026-08-14T20:21:03Z,open,ODbL; attribution and share-alike required,packet_ready,geofabrik_named_food_service
national-post-office-hi-fedex-c4048ca71c,FedEx post-office-centered national sample candidate,national_post_office_sample_candidate,food_service,osm:node:11991119748,Project Boba,,,FedEx,HI,,19.7103070,-155.0760164,Geofabrik OpenStreetMap GeoPackage extract,2026-08-14T20:21:03Z,open,ODbL; attribution and share-alike required,packet_ready,geofabrik_named_food_service
national-post-office-hi-fedex-c4048ca71c,FedEx post-office-centered national sample candidate,national_post_office_sample_candidate,food_service,osm:node:11441621223,Puka Puka Kitchen,,,FedEx,HI,,19.7241779,-155.0856532,Geofabrik OpenStreetMap GeoPackage extract,2026-08-14T20:21:03Z,open,ODbL; attribution and share-alike required,packet_ready,geofabrik_named_food_service
national-post-office-hi-fedex-c4048ca71c,FedEx post-office-centered national sample candidate,national_post_office_sample_candidate,food_service,osm:node:8477440672,Ratana's Green Papaya Salad,,,FedEx,HI,,19.7218982,-155.0850361,Geofabrik OpenStreetMap GeoPackage extract,2026-08-14T20:21:03Z,open,ODbL; attribution and share-alike required,packet_ready,geofabrik_named_food_service
national-post-office-hi-fedex-c4048ca71c,FedEx post-office-centered national sample candidate,national_post_office_sample_candidate,food_service,osm:way:761532389,Restaurant Kenichi,,,FedEx,HI,,19.7172637,-155.0801044,Geofabrik OpenStreetMap GeoPackage extract,2026-08-14T20:21:03Z,open,ODbL; attribution and share-alike required,packet_ready,geofabrik_named_food_service
national-post-office-hi-fedex-c4048ca71c,FedEx post-office-centered national sample candidate,national_post_office_sample_candidate,food_service,osm:node:6279237751,Restaurant Miwa,,,FedEx,HI,,19.7104403,-155.0755590,Geofabrik OpenStreetMap GeoPackage extract,2026-08-14T20:21:03Z,open,ODbL; attribution and share-alike required,packet_ready,geofabrik_named_food_service
national-post-office-hi-fedex-c4048ca71c,FedEx post-office-centered national sample candidate,national_post_office_sample_candidate,food_service,osm:node:7994152276,Restaurant Osaka,,,FedEx,HI,,19.7074373,-155.0645519,Geofabrik OpenStreetMap GeoPackage extract,2026-08-14T20:21:03Z,open,ODbL; attribution and share-alike required,packet_ready,geofabrik_named_food_service
national-post-office-hi-fedex-c4048ca71c,FedEx post-office-centered national sample candidate,national_post_office_sample_candidate,food_service,osm:node:7869936049,Reuben’s,,,FedEx,HI,,19.7236220,-155.0848458,Geofabrik OpenStreetMap GeoPackage extract,2026-08-14T20:21:03Z,open,ODbL; attribution and share-alike required,packet_ready,geofabrik_named_food_service
national-post-office-hi-fedex-c4048ca71c,FedEx post-office-centered national sample candidate,national_post_office_sample_candidate,food_service,osm:node:5460596821,Sakura Restaurant & Grill,,,FedEx,HI,,19.7208184,-155.0646591,Geofabrik OpenStreetMap GeoPackage extract,2026-08-14T20:21:03Z,open,ODbL; attribution and share-alike required,packet_ready,geofabrik_named_food_service
national-post-office-hi-fedex-c4048ca71c,FedEx post-office-centered national sample candidate,national_post_office_sample_candidate,food_service,osm:node:5222260081,Saucy Dogs,,,FedEx,HI,,19.7240231,-155.0857919,Geofabrik OpenStreetMap GeoPackage extract,2026-08-14T20:21:03Z,open,ODbL; attribution and share-alike required,packet_ready,geofabrik_named_food_service
national-post-office-hi-fedex-c4048ca71c,FedEx post-office-centered national sample candidate,national_post_office_sample_candidate,food_service,osm:node:4574487293,Seaside Restaurant,,,FedEx,HI,,19.7326822,-155.0287471,Geofabrik OpenStreetMap GeoPackage extract,2026-08-14T20:21:03Z,open,ODbL; attribution and share-alike required,packet_ready,geofabrik_named_food_service
national-post-office-hi-fedex-c4048ca71c,FedEx post-office-centered national sample candidate,national_post_office_sample_candidate,food_service,osm:node:9301588022,Sippin Siren,,,FedEx,HI,,19.7214572,-155.0649079,Geofabrik OpenStreetMap GeoPackage extract,2026-08-14T20:21:03Z,open,ODbL; attribution and share-alike required,packet_ready,geofabrik_named_food_service
national-post-office-hi-fedex-c4048ca71c,FedEx post-office-centered national sample candidate,national_post_office_sample_candidate,food_service,osm:node:4519526504,So Juicy Hawaii,,,FedEx,HI,,19.7239550,-155.0866410,Geofabrik OpenStreetMap GeoPackage extract,2026-08-14T20:21:03Z,open,ODbL; attribution and share-alike required,packet_ready,geofabrik_named_food_service
national-post-office-hi-fedex-c4048ca71c,FedEx post-office-centered national sample candidate,national_post_office_sample_candidate,food_service,osm:node:1283424277,Starbucks,,,FedEx,HI,,19.6987290,-155.0617377,Geofabrik OpenStreetMap GeoPackage extract,2026-08-14T20:21:03Z,open,ODbL; attribution and share-alike required,packet_ready,geofabrik_named_food_service
national-post-office-hi-fedex-c4048ca71c,FedEx post-office-centered national sample candidate,national_post_office_sample_candidate,food_service,osm:node:13918517643,Starbucks,,,FedEx,HI,,19.7004930,-155.0608685,Geofabrik OpenStreetMap GeoPackage extract,2026-08-14T20:21:03Z,open,ODbL; attribution and share-alike required,packet_ready,geofabrik_named_food_service
national-post-office-hi-fedex-c4048ca71c,FedEx post-office-centered national sample candidate,national_post_office_sample_candidate,food_service,osm:node:7727954463,Starbucks,,,FedEx,HI,,19.7006463,-155.0597130,Geofabrik OpenStreetMap GeoPackage extract,2026-08-14T20:21:03Z,open,ODbL; attribution and share-alike required,packet_ready,geofabrik_named_food_service
national-post-office-hi-fedex-c4048ca71c,FedEx post-office-centered national sample candidate,national_post_office_sample_candidate,food_service,osm:way:303231982,Starbucks,,,FedEx,HI,,19.7195018,-155.0825873,Geofabrik OpenStreetMap GeoPackage extract,2026-08-14T20:21:03Z,open,ODbL; attribution and share-alike required,packet_ready,geofabrik_named_food_service
national-post-office-hi-fedex-c4048ca71c,FedEx post-office-centered national sample candidate,national_post_office_sample_candidate,food_service,osm:node:3718138122,Subway,,,FedEx,HI,,19.6901996,-155.0662490,Geofabrik OpenStreetMap GeoPackage extract,2026-08-14T20:21:03Z,open,ODbL; attribution and share-alike required,packet_ready,geofabrik_named_food_service
national-post-office-hi-fedex-c4048ca71c,FedEx post-office-centered national sample candidate,national_post_office_sample_candidate,food_service,osm:node:7961385451,Subway,,,FedEx,HI,,19.7216083,-155.0856050,Geofabrik OpenStreetMap GeoPackage extract,2026-08-14T20:21:03Z,open,ODbL; attribution and share-alike required,packet_ready,geofabrik_named_food_service
national-post-office-hi-fedex-c4048ca71c,FedEx post-office-centered national sample candidate,national_post_office_sample_candidate,food_service,osm:node:13020249880,Sunlight Cafe,,,FedEx,HI,,19.7103251,-155.0759586,Geofabrik OpenStreetMap GeoPackage extract,2026-08-14T20:21:03Z,open,ODbL; attribution and share-alike required,packet_ready,geofabrik_named_food_service
national-post-office-hi-fedex-c4048ca71c,FedEx post-office-centered national sample candidate,national_post_office_sample_candidate,food_service,osm:node:9223115739,Sunlight Express,,,FedEx,HI,,19.6978253,-155.0630891,Geofabrik OpenStreetMap GeoPackage extract,2026-08-14T20:21:03Z,open,ODbL; attribution and share-alike required,packet_ready,geofabrik_named_food_service
national-post-office-hi-fedex-c4048ca71c,FedEx post-office-centered national sample candidate,national_post_office_sample_candidate,food_service,osm:node:2909587306,Sushi Hawaii Rolls & Bowls,,,FedEx,HI,,19.7243658,-155.0860916,Geofabrik OpenStreetMap GeoPackage extract,2026-08-14T20:21:03Z,open,ODbL; attribution and share-alike required,packet_ready,geofabrik_named_food_service
national-post-office-hi-fedex-c4048ca71c,FedEx post-office-centered national sample candidate,national_post_office_sample_candidate,food_service,osm:node:6124521586,Sweet Cane Cafe,,,FedEx,HI,,19.7101756,-155.0779668,Geofabrik OpenStreetMap GeoPackage extract,2026-08-14T20:21:03Z,open,ODbL; attribution and share-alike required,packet_ready,geofabrik_named_food_service
national-post-office-hi-fedex-c4048ca71c,FedEx post-office-centered national sample candidate,national_post_office_sample_candidate,food_service,osm:node:8636783463,Tabaraka Lebanese Food,,,FedEx,HI,,19.7246437,-155.0902484,Geofabrik OpenStreetMap GeoPackage extract,2026-08-14T20:21:03Z,open,ODbL; attribution and share-alike required,packet_ready,geofabrik_named_food_service
national-post-office-hi-fedex-c4048ca71c,FedEx post-office-centered national sample candidate,national_post_office_sample_candidate,food_service,osm:node:11333651547,Taco Bell,,,FedEx,HI,,19.6923114,-155.0664187,Geofabrik OpenStreetMap GeoPackage extract,2026-08-14T20:21:03Z,open,ODbL; attribution and share-alike required,packet_ready,geofabrik_named_food_service
national-post-office-hi-fedex-c4048ca71c,FedEx post-office-centered national sample candidate,national_post_office_sample_candidate,food_service,osm:node:7718814548,Takenoko Sushi,,,FedEx,HI,,19.7128017,-155.0688400,Geofabrik OpenStreetMap GeoPackage extract,2026-08-14T20:21:03Z,open,ODbL; attribution and share-alike required,packet_ready,geofabrik_named_food_service
national-post-office-hi-fedex-c4048ca71c,FedEx post-office-centered national sample candidate,national_post_office_sample_candidate,food_service,osm:node:11427647969,Teapresso Bar,,,FedEx,HI,,19.7157445,-155.0705334,Geofabrik OpenStreetMap GeoPackage extract,2026-08-14T20:21:03Z,open,ODbL; attribution and share-alike required,packet_ready,geofabrik_named_food_service
national-post-office-hi-fedex-c4048ca71c,FedEx post-office-centered national sample candidate,national_post_office_sample_candidate,food_service,osm:node:13020248407,Tenkatori Chicken,,,FedEx,HI,,19.7069040,-155.0669712,Geofabrik OpenStreetMap GeoPackage extract,2026-08-14T20:21:03Z,open,ODbL; attribution and share-alike required,packet_ready,geofabrik_named_food_service
national-post-office-hi-fedex-c4048ca71c,FedEx post-office-centered national sample candidate,national_post_office_sample_candidate,food_service,osm:node:5721914429,Tetsumen Ramen,,,FedEx,HI,,19.7127922,-155.0697529,Geofabrik OpenStreetMap GeoPackage extract,2026-08-14T20:21:03Z,open,ODbL; attribution and share-alike required,packet_ready,geofabrik_named_food_service
national-post-office-hi-fedex-c4048ca71c,FedEx post-office-centered national sample candidate,national_post_office_sample_candidate,food_service,osm:node:5214871328,The Booch Bar,,,FedEx,HI,,19.7255294,-155.0878868,Geofabrik OpenStreetMap GeoPackage extract,2026-08-14T20:21:03Z,open,ODbL; attribution and share-alike required,packet_ready,geofabrik_named_food_service
national-post-office-hi-fedex-c4048ca71c,FedEx post-office-centered national sample candidate,national_post_office_sample_candidate,food_service,osm:node:13832000360,The Coffee Cove,,,FedEx,HI,,19.7272600,-155.0540312,Geofabrik OpenStreetMap GeoPackage extract,2026-08-14T20:21:03Z,open,ODbL; attribution and share-alike required,packet_ready,geofabrik_named_food_service
national-post-office-hi-fedex-c4048ca71c,FedEx post-office-centered national sample candidate,national_post_office_sample_candidate,food_service,osm:node:8843402181,Tiger Tea,,,FedEx,HI,,19.7238242,-155.0867731,Geofabrik OpenStreetMap GeoPackage extract,2026-08-14T20:21:03Z,open,ODbL; attribution and share-alike required,packet_ready,geofabrik_named_food_service
national-post-office-hi-fedex-c4048ca71c,FedEx post-office-centered national sample candidate,national_post_office_sample_candidate,food_service,osm:node:4569827976,Tina's Garden Gourmet Cafe,,,FedEx,HI,,19.7254899,-155.0864140,Geofabrik OpenStreetMap GeoPackage extract,2026-08-14T20:21:03Z,open,ODbL; attribution and share-alike required,packet_ready,geofabrik_named_food_service
national-post-office-hi-fedex-c4048ca71c,FedEx post-office-centered national sample candidate,national_post_office_sample_candidate,food_service,osm:node:7961302221,Van's Vietnamese Restaurant,,,FedEx,HI,,19.7203204,-155.0825596,Geofabrik OpenStreetMap GeoPackage extract,2026-08-14T20:21:03Z,open,ODbL; attribution and share-alike required,packet_ready,geofabrik_named_food_service
national-post-office-hi-fedex-c4048ca71c,FedEx post-office-centered national sample candidate,national_post_office_sample_candidate,food_service,osm:node:9518075475,Vegan Shop,,,FedEx,HI,,19.7199705,-155.0858960,Geofabrik OpenStreetMap GeoPackage extract,2026-08-14T20:21:03Z,open,ODbL; attribution and share-alike required,packet_ready,geofabrik_named_food_service
national-post-office-hi-fedex-c4048ca71c,FedEx post-office-centered national sample candidate,national_post_office_sample_candidate,food_service,osm:way:663291644,Verna's,,,FedEx,HI,,19.7229175,-155.0639485,Geofabrik OpenStreetMap GeoPackage extract,2026-08-14T20:21:03Z,open,ODbL; attribution and share-alike required,packet_ready,geofabrik_named_food_service
national-post-office-hi-fedex-c4048ca71c,FedEx post-office-centered national sample candidate,national_post_office_sample_candidate,food_service,osm:node:7874038651,Vibe,,,FedEx,HI,,19.7078155,-155.0645844,Geofabrik OpenStreetMap GeoPackage extract,2026-08-14T20:21:03Z,open,ODbL; attribution and share-alike required,packet_ready,geofabrik_named_food_service
national-post-office-hi-fedex-c4048ca71c,FedEx post-office-centered national sample candidate,national_post_office_sample_candidate,food_service,osm:node:5462898221,Wailoa Grill,,,FedEx,HI,,19.7240054,-155.0702152,Geofabrik OpenStreetMap GeoPackage extract,2026-08-14T20:21:03Z,open,ODbL; attribution and share-alike required,packet_ready,geofabrik_named_food_service
national-post-office-hi-fedex-c4048ca71c,FedEx post-office-centered national sample candidate,national_post_office_sample_candidate,food_service,osm:way:232605558,White Guava Cafe,,,FedEx,HI,,19.6944327,-155.0664325,Geofabrik OpenStreetMap GeoPackage extract,2026-08-14T20:21:03Z,open,ODbL; attribution and share-alike required,packet_ready,geofabrik_named_food_service
national-post-office-hi-fedex-c4048ca71c,FedEx post-office-centered national sample candidate,national_post_office_sample_candidate,food_service,osm:node:5465865427,Yen's Restaurant,,,FedEx,HI,,19.7246302,-155.0896804,Geofabrik OpenStreetMap GeoPackage extract,2026-08-14T20:21:03Z,open,ODbL; attribution and share-alike required,packet_ready,geofabrik_named_food_service
national-post-office-hi-fedex-c4048ca71c,FedEx post-office-centered national sample candidate,national_post_office_sample_candidate,food_service,osm:node:8132874491,Zippy's,,,FedEx,HI,,19.6967874,-155.0642350,Geofabrik OpenStreetMap GeoPackage extract,2026-08-14T20:21:03Z,open,ODbL; attribution and share-alike required,packet_ready,geofabrik_named_food_service
national-post-office-hi-fedex-c4048ca71c,FedEx post-office-centered national sample candidate,national_post_office_sample_candidate,food_service,osm:node:8202603188,Zippy's,,,FedEx,HI,,19.6968775,-155.0641727,Geofabrik OpenStreetMap GeoPackage extract,2026-08-14T20:21:03Z,open,ODbL; attribution and share-alike required,packet_ready,geofabrik_named_food_service
national-post-office-hi-fedex-office-5b5e62b74d,FedEx Office post-office-centered national sample candidate,national_post_office_sample_candidate,food_service,osm:node:4485013491,,,,FedEx Office,HI,,21.3685125,-157.9385859,Geofabrik OpenStreetMap GeoPackage extract,2026-08-14T20:21:03Z,open,ODbL; attribution and share-alike required,exclude,unnamed_food_service_anchor
national-post-office-hi-fedex-office-5b5e62b74d,FedEx Office post-office-centered national sample candidate,national_post_office_sample_candidate,food_service,osm:node:5813590954,Aloha Coffee & Juice Co,,,FedEx Office,HI,,21.4024981,-158.0066440,Geofabrik OpenStreetMap GeoPackage extract,2026-08-14T20:21:03Z,open,ODbL; attribution and share-alike required,packet_ready,geofabrik_named_food_service
national-post-office-hi-fedex-office-5b5e62b74d,FedEx Office post-office-centered national sample candidate,national_post_office_sample_candidate,food_service,osm:node:14027865091,Aloha Sushi,,,FedEx Office,HI,,21.3850404,-157.9408340,Geofabrik OpenStreetMap GeoPackage extract,2026-08-14T20:21:03Z,open,ODbL; attribution and share-alike required,packet_ready,geofabrik_named_food_service
national-post-office-hi-fedex-office-5b5e62b74d,FedEx Office post-office-centered national sample candidate,national_post_office_sample_candidate,food_service,osm:node:11535424678,Anna Miller's,,,FedEx Office,HI,,21.3836022,-157.9454868,Geofabrik OpenStreetMap GeoPackage extract,2026-08-14T20:21:03Z,open,ODbL; attribution and share-alike required,packet_ready,geofabrik_named_food_service
national-post-office-hi-fedex-office-5b5e62b74d,FedEx Office post-office-centered national sample candidate,national_post_office_sample_candidate,food_service,osm:way:938640844,Arby's,,,FedEx Office,HI,,21.3848548,-158.0024185,Geofabrik OpenStreetMap GeoPackage extract,2026-08-14T20:21:03Z,open,ODbL; attribution and share-alike required,packet_ready,geofabrik_named_food_service
national-post-office-hi-fedex-office-5b5e62b74d,FedEx Office post-office-centered national sample candidate,national_post_office_sample_candidate,food_service,osm:node:14027795645,Auntie Anne's,,,FedEx Office,HI,,21.3853010,-157.9416090,Geofabrik OpenStreetMap GeoPackage extract,2026-08-14T20:21:03Z,open,ODbL; attribution and share-alike required,packet_ready,geofabrik_named_food_service
national-post-office-hi-fedex-office-5b5e62b74d,FedEx Office post-office-centered national sample candidate,national_post_office_sample_candidate,food_service,osm:node:14027795681,Bautista's Filipino Kitchen,,,FedEx Office,HI,,21.3850683,-157.9415714,Geofabrik OpenStreetMap GeoPackage extract,2026-08-14T20:21:03Z,open,ODbL; attribution and share-alike required,packet_ready,geofabrik_named_food_service
national-post-office-hi-fedex-office-5b5e62b74d,FedEx Office post-office-centered national sample candidate,national_post_office_sample_candidate,food_service,osm:node:1613798784,Big City Diner,,,FedEx Office,HI,,21.4130609,-157.9999073,Geofabrik OpenStreetMap GeoPackage extract,2026-08-14T20:21:03Z,open,ODbL; attribution and share-alike required,packet_ready,geofabrik_named_food_service
national-post-office-hi-fedex-office-5b5e62b74d,FedEx Office post-office-centered national sample candidate,national_post_office_sample_candidate,food_service,osm:way:1090372588,Big City Diner,,,FedEx Office,HI,,21.3824734,-157.9389329,Geofabrik OpenStreetMap GeoPackage extract,2026-08-14T20:21:03Z,open,ODbL; attribution and share-alike required,packet_ready,geofabrik_named_food_service
national-post-office-hi-fedex-office-5b5e62b74d,FedEx Office post-office-centered national sample candidate,national_post_office_sample_candidate,food_service,osm:way:468938479,Black Angus,,,FedEx Office,HI,,21.3890518,-157.9537945,Geofabrik OpenStreetMap GeoPackage extract,2026-08-14T20:21:03Z,open,ODbL; attribution and share-alike required,packet_ready,geofabrik_named_food_service
national-post-office-hi-fedex-office-5b5e62b74d,FedEx Office post-office-centered national sample candidate,national_post_office_sample_candidate,food_service,osm:node:14027865099,Boba Bliss,,,FedEx Office,HI,,21.3852842,-157.9413404,Geofabrik OpenStreetMap GeoPackage extract,2026-08-14T20:21:03Z,open,ODbL; attribution and share-alike required,packet_ready,geofabrik_named_food_service
national-post-office-hi-fedex-office-5b5e62b74d,FedEx Office post-office-centered national sample candidate,national_post_office_sample_candidate,food_service,osm:way:1197261256,Boston’s,,,FedEx Office,HI,,21.3801101,-157.9382448,Geofabrik OpenStreetMap GeoPackage extract,2026-08-14T20:21:03Z,open,ODbL; attribution and share-alike required,packet_ready,geofabrik_named_food_service
national-post-office-hi-fedex-office-5b5e62b74d,FedEx Office post-office-centered national sample candidate,national_post_office_sample_candidate,food_service,osm:node:11535424677,Bravo,,,FedEx Office,HI,,21.3835111,-157.9455578,Geofabrik OpenStreetMap GeoPackage extract,2026-08-14T20:21:03Z,open,ODbL; attribution and share-alike required,packet_ready,geofabrik_named_food_service
national-post-office-hi-fedex-office-5b5e62b74d,FedEx Office post-office-centered national sample candidate,national_post_office_sample_candidate,food_service,osm:way:1355842844,Buffalo Wild Wings,,,FedEx Office,HI,,21.3961729,-157.9760261,Geofabrik OpenStreetMap GeoPackage extract,2026-08-14T20:21:03Z,open,ODbL; attribution and share-alike required,packet_ready,geofabrik_named_food_service
national-post-office-hi-fedex-office-5b5e62b74d,FedEx Office post-office-centered national sample candidate,national_post_office_sample_candidate,food_service,osm:way:806234477,Burger King,,,FedEx Office,HI,,21.3875871,-157.9544709,Geofabrik OpenStreetMap GeoPackage extract,2026-08-14T20:21:03Z,open,ODbL; attribution and share-alike required,packet_ready,geofabrik_named_food_service
national-post-office-hi-fedex-office-5b5e62b74d,FedEx Office post-office-centered national sample candidate,national_post_office_sample_candidate,food_service,osm:node:13670786423,Cajun King,,,FedEx Office,HI,,21.3858094,-157.9501245,Geofabrik OpenStreetMap GeoPackage extract,2026-08-14T20:21:03Z,open,ODbL; attribution and share-alike required,packet_ready,geofabrik_named_food_service
national-post-office-hi-fedex-office-5b5e62b74d,FedEx Office post-office-centered national sample candidate,national_post_office_sample_candidate,food_service,osm:way:1241495555,California Pizza Kitchen,,,FedEx Office,HI,,21.3836079,-157.9399618,Geofabrik OpenStreetMap GeoPackage extract,2026-08-14T20:21:03Z,open,ODbL; attribution and share-alike required,packet_ready,geofabrik_named_food_service
national-post-office-hi-fedex-office-5b5e62b74d,FedEx Office post-office-centered national sample candidate,national_post_office_sample_candidate,food_service,osm:node:14027886612,Cat Cafe MOFF,,,FedEx Office,HI,,21.3853588,-157.9412806,Geofabrik OpenStreetMap GeoPackage extract,2026-08-14T20:21:03Z,open,ODbL; attribution and share-alike required,packet_ready,geofabrik_named_food_service
national-post-office-hi-fedex-office-5b5e62b74d,FedEx Office post-office-centered national sample candidate,national_post_office_sample_candidate,food_service,osm:node:13670786425,Catania Ristorante Italiano,,,FedEx Office,HI,,21.3860445,-157.9506581,Geofabrik OpenStreetMap GeoPackage extract,2026-08-14T20:21:03Z,open,ODbL; attribution and share-alike required,packet_ready,geofabrik_named_food_service
national-post-office-hi-fedex-office-5b5e62b74d,FedEx Office post-office-centered national sample candidate,national_post_office_sample_candidate,food_service,osm:node:14027795688,Charleys Philly Steaks,,,FedEx Office,HI,,21.3851647,-157.9416352,Geofabrik OpenStreetMap GeoPackage extract,2026-08-14T20:21:03Z,open,ODbL; attribution and share-alike required,packet_ready,geofabrik_named_food_service
national-post-office-hi-fedex-office-5b5e62b74d,FedEx Office post-office-centered national sample candidate,national_post_office_sample_candidate,food_service,osm:node:13702885271,Chez Sports Bar & Grill,,,FedEx Office,HI,,21.3844695,-157.9456068,Geofabrik OpenStreetMap GeoPackage extract,2026-08-14T20:21:03Z,open,ODbL; attribution and share-alike required,packet_ready,geofabrik_named_food_service
national-post-office-hi-fedex-office-5b5e62b74d,FedEx Office post-office-centered national sample candidate,national_post_office_sample_candidate,food_service,osm:way:134605855,Chili's,,,FedEx Office,HI,,21.4000648,-158.0082243,Geofabrik OpenStreetMap GeoPackage extract,2026-08-14T20:21:03Z,open,ODbL; attribution and share-alike required,packet_ready,geofabrik_named_food_service
national-post-office-hi-fedex-office-5b5e62b74d,FedEx Office post-office-centered national sample candidate,national_post_office_sample_candidate,food_service,osm:node:13670786437,Chun Wah Kam Noodle Factory,,,FedEx Office,HI,,21.3853995,-157.9492274,Geofabrik OpenStreetMap GeoPackage extract,2026-08-14T20:21:03Z,open,ODbL; attribution and share-alike required,packet_ready,geofabrik_named_food_service
national-post-office-hi-fedex-office-5b5e62b74d,FedEx Office post-office-centered national sample candidate,national_post_office_sample_candidate,food_service,osm:node:5678211722,Curry House,,,FedEx Office,HI,,21.3809833,-157.9417557,Geofabrik OpenStreetMap GeoPackage extract,2026-08-14T20:21:03Z,open,ODbL; attribution and share-alike required,packet_ready,geofabrik_named_food_service
national-post-office-hi-fedex-office-5b5e62b74d,FedEx Office post-office-centered national sample candidate,national_post_office_sample_candidate,food_service,osm:node:14054821829,Da Seafood Cartel,,,FedEx Office,HI,,21.3787684,-157.9359609,Geofabrik OpenStreetMap GeoPackage extract,2026-08-14T20:21:03Z,open,ODbL; attribution and share-alike required,packet_ready,geofabrik_named_food_service
national-post-office-hi-fedex-office-5b5e62b74d,FedEx Office post-office-centered national sample candidate,national_post_office_sample_candidate,food_service,osm:node:12287391504,Da Ultimate Grindz HI,,,FedEx Office,HI,,21.3841645,-158.0067444,Geofabrik OpenStreetMap GeoPackage extract,2026-08-14T20:21:03Z,open,ODbL; attribution and share-alike required,packet_ready,geofabrik_named_food_service
national-post-office-hi-fedex-office-5b5e62b74d,FedEx Office post-office-centered national sample candidate,national_post_office_sample_candidate,food_service,osm:node:11428543193,Daiichi Ramen,,,FedEx Office,HI,,21.3994540,-157.9738659,Geofabrik OpenStreetMap GeoPackage extract,2026-08-14T20:21:03Z,open,ODbL; attribution and share-alike required,packet_ready,geofabrik_named_food_service
national-post-office-hi-fedex-office-5b5e62b74d,FedEx Office post-office-centered national sample candidate,national_post_office_sample_candidate,food_service,osm:node:14054821826,Dixie Grill,,,FedEx Office,HI,,21.3782093,-157.9352548,Geofabrik OpenStreetMap GeoPackage extract,2026-08-14T20:21:03Z,open,ODbL; attribution and share-alike required,packet_ready,geofabrik_named_food_service
national-post-office-hi-fedex-office-5b5e62b74d,FedEx Office post-office-centered national sample candidate,national_post_office_sample_candidate,food_service,osm:node:5678180904,Domino's,,,FedEx Office,HI,,21.3989575,-157.9752041,Geofabrik OpenStreetMap GeoPackage extract,2026-08-14T20:21:03Z,open,ODbL; attribution and share-alike required,packet_ready,geofabrik_named_food_service
national-post-office-hi-fedex-office-5b5e62b74d,FedEx Office post-office-centered national sample candidate,national_post_office_sample_candidate,food_service,osm:node:7848217296,Dunkin',,,FedEx Office,HI,,21.3849119,-157.9427310,Geofabrik OpenStreetMap GeoPackage extract,2026-08-14T20:21:03Z,open,ODbL; attribution and share-alike required,packet_ready,geofabrik_named_food_service
national-post-office-hi-fedex-office-5b5e62b74d,FedEx Office post-office-centered national sample candidate,national_post_office_sample_candidate,food_service,osm:node:11428515239,Dunkin' Donuts,,,FedEx Office,HI,,21.3995555,-157.9747711,Geofabrik OpenStreetMap GeoPackage extract,2026-08-14T20:21:03Z,open,ODbL; attribution and share-alike required,packet_ready,geofabrik_named_food_service
national-post-office-hi-fedex-office-5b5e62b74d,FedEx Office post-office-centered national sample candidate,national_post_office_sample_candidate,food_service,osm:node:14057905376,El Mariachi 2,,,FedEx Office,HI,,21.3784266,-157.9314964,Geofabrik OpenStreetMap GeoPackage extract,2026-08-14T20:21:03Z,open,ODbL; attribution and share-alike required,packet_ready,geofabrik_named_food_service
national-post-office-hi-fedex-office-5b5e62b74d,FedEx Office post-office-centered national sample candidate,national_post_office_sample_candidate,food_service,osm:node:13670786432,Ezogiku,,,FedEx Office,HI,,21.3858965,-157.9503156,Geofabrik OpenStreetMap GeoPackage extract,2026-08-14T20:21:03Z,open,ODbL; attribution and share-alike required,packet_ready,geofabrik_named_food_service
national-post-office-hi-fedex-office-5b5e62b74d,FedEx Office post-office-centered national sample candidate,national_post_office_sample_candidate,food_service,osm:node:9671367502,Five Guys,,,FedEx Office,HI,,21.3850237,-157.9420062,Geofabrik OpenStreetMap GeoPackage extract,2026-08-14T20:21:03Z,open,ODbL; attribution and share-alike required,packet_ready,geofabrik_named_food_service
national-post-office-hi-fedex-office-5b5e62b74d,FedEx Office post-office-centered national sample candidate,national_post_office_sample_candidate,food_service,osm:way:1242138030,Forty Niner,,,FedEx Office,HI,,21.3796954,-157.9370850,Geofabrik OpenStreetMap GeoPackage extract,2026-08-14T20:21:03Z,open,ODbL; attribution and share-alike required,packet_ready,geofabrik_named_food_service
national-post-office-hi-fedex-office-5b5e62b74d,FedEx Office post-office-centered national sample candidate,national_post_office_sample_candidate,food_service,osm:node:13809861018,Gen Korean BBQ,,,FedEx Office,HI,,21.3830946,-157.9395825,Geofabrik OpenStreetMap GeoPackage extract,2026-08-14T20:21:03Z,open,ODbL; attribution and share-alike required,packet_ready,geofabrik_named_food_service
national-post-office-hi-fedex-office-5b5e62b74d,FedEx Office post-office-centered national sample candidate,national_post_office_sample_candidate,food_service,osm:node:12152245938,Genki Sushi,,,FedEx Office,HI,,21.4004567,-158.0084603,Geofabrik OpenStreetMap GeoPackage extract,2026-08-14T20:21:03Z,open,ODbL; attribution and share-alike required,packet_ready,geofabrik_named_food_service
national-post-office-hi-fedex-office-5b5e62b74d,FedEx Office post-office-centered national sample candidate,national_post_office_sample_candidate,food_service,osm:node:14027795658,Genki Sushi,,,FedEx Office,HI,,21.3851112,-157.9417332,Geofabrik OpenStreetMap GeoPackage extract,2026-08-14T20:21:03Z,open,ODbL; attribution and share-alike required,packet_ready,geofabrik_named_food_service
national-post-office-hi-fedex-office-5b5e62b74d,FedEx Office post-office-centered national sample candidate,national_post_office_sample_candidate,food_service,osm:node:11579937818,Golden Wheel,,,FedEx Office,HI,,21.3793907,-157.9314886,Geofabrik OpenStreetMap GeoPackage extract,2026-08-14T20:21:03Z,open,ODbL; attribution and share-alike required,packet_ready,geofabrik_named_food_service
national-post-office-hi-fedex-office-5b5e62b74d,FedEx Office post-office-centered national sample candidate,national_post_office_sample_candidate,food_service,osm:node:9610143450,Goma Tei,,,FedEx Office,HI,,21.3850924,-157.9409795,Geofabrik OpenStreetMap GeoPackage extract,2026-08-14T20:21:03Z,open,ODbL; attribution and share-alike required,packet_ready,geofabrik_named_food_service
national-post-office-hi-fedex-office-5b5e62b74d,FedEx Office post-office-centered national sample candidate,national_post_office_sample_candidate,food_service,osm:node:13685832774,Guieb Cafe,,,FedEx Office,HI,,21.3842379,-157.9512904,Geofabrik OpenStreetMap GeoPackage extract,2026-08-14T20:21:03Z,open,ODbL; attribution and share-alike required,packet_ready,geofabrik_named_food_service
national-post-office-hi-fedex-office-5b5e62b74d,FedEx Office post-office-centered national sample candidate,national_post_office_sample_candidate,food_service,osm:way:468938481,Gyotaku,,,FedEx Office,HI,,21.3880521,-157.9542733,Geofabrik OpenStreetMap GeoPackage extract,2026-08-14T20:21:03Z,open,ODbL; attribution and share-alike required,packet_ready,geofabrik_named_food_service
national-post-office-hi-fedex-office-5b5e62b74d,FedEx Office post-office-centered national sample candidate,national_post_office_sample_candidate,food_service,osm:node:5678180906,Hana Tea,,,FedEx Office,HI,,21.3989010,-157.9752575,Geofabrik OpenStreetMap GeoPackage extract,2026-08-14T20:21:03Z,open,ODbL; attribution and share-alike required,packet_ready,geofabrik_named_food_service
national-post-office-hi-fedex-office-5b5e62b74d,FedEx Office post-office-centered national sample candidate,national_post_office_sample_candidate,food_service,osm:node:14027886610,Happy Lemon,,,FedEx Office,HI,,21.3851315,-157.9410789,Geofabrik OpenStreetMap GeoPackage extract,2026-08-14T20:21:03Z,open,ODbL; attribution and share-alike required,packet_ready,geofabrik_named_food_service
national-post-office-hi-fedex-office-5b5e62b74d,FedEx Office post-office-centered national sample candidate,national_post_office_sample_candidate,food_service,osm:node:12282948873,Highway Inn,,,FedEx Office,HI,,21.3847505,-158.0036652,Geofabrik OpenStreetMap GeoPackage extract,2026-08-14T20:21:03Z,open,ODbL; attribution and share-alike required,packet_ready,geofabrik_named_food_service
national-post-office-hi-fedex-office-5b5e62b74d,FedEx Office post-office-centered national sample candidate,national_post_office_sample_candidate,food_service,osm:node:8950131963,HoYa Grill & Ramen,,,FedEx Office,HI,,21.3893654,-157.9542875,Geofabrik OpenStreetMap GeoPackage extract,2026-08-14T20:21:03Z,open,ODbL; attribution and share-alike required,packet_ready,geofabrik_named_food_service
national-post-office-hi-fedex-office-5b5e62b74d,FedEx Office post-office-centered national sample candidate,national_post_office_sample_candidate,food_service,osm:node:6202575086,Honolulu Kitchen,,,FedEx Office,HI,,21.3838830,-158.0025168,Geofabrik OpenStreetMap GeoPackage extract,2026-08-14T20:21:03Z,open,ODbL; attribution and share-alike required,packet_ready,geofabrik_named_food_service
national-post-office-hi-fedex-office-5b5e62b74d,FedEx Office post-office-centered national sample candidate,national_post_office_sample_candidate,food_service,osm:node:11520648587,Ichiriki,,,FedEx Office,HI,,21.3844839,-157.9457758,Geofabrik OpenStreetMap GeoPackage extract,2026-08-14T20:21:03Z,open,ODbL; attribution and share-alike required,packet_ready,geofabrik_named_food_service
national-post-office-hi-fedex-office-5b5e62b74d,FedEx Office post-office-centered national sample candidate,national_post_office_sample_candidate,food_service,osm:node:13685832772,Ige’s Lunchwagon and Catering,,,FedEx Office,HI,,21.3835473,-157.9497079,Geofabrik OpenStreetMap GeoPackage extract,2026-08-14T20:21:03Z,open,ODbL; attribution and share-alike required,packet_ready,geofabrik_named_food_service
national-post-office-hi-fedex-office-5b5e62b74d,FedEx Office post-office-centered national sample candidate,national_post_office_sample_candidate,food_service,osm:way:175698709,Jack in the Box,,,FedEx Office,HI,,21.4111261,-157.9998364,Geofabrik OpenStreetMap GeoPackage extract,2026-08-14T20:21:03Z,open,ODbL; attribution and share-alike required,packet_ready,geofabrik_named_food_service
national-post-office-hi-fedex-office-5b5e62b74d,FedEx Office post-office-centered national sample candidate,national_post_office_sample_candidate,food_service,osm:way:829463509,Jack in the Box,,,FedEx Office,HI,,21.3883196,-157.9562289,Geofabrik OpenStreetMap GeoPackage extract,2026-08-14T20:21:03Z,open,ODbL; attribution and share-alike required,packet_ready,geofabrik_named_food_service
national-post-office-hi-fedex-office-5b5e62b74d,FedEx Office post-office-centered national sample candidate,national_post_office_sample_candidate,food_service,osm:way:938640835,Jack in the Box,,,FedEx Office,HI,,21.3847653,-158.0028360,Geofabrik OpenStreetMap GeoPackage extract,2026-08-14T20:21:03Z,open,ODbL; attribution and share-alike required,packet_ready,geofabrik_named_food_service
national-post-office-hi-fedex-office-5b5e62b74d,FedEx Office post-office-centered national sample candidate,national_post_office_sample_candidate,food_service,osm:node:12152245934,Jamba,,,FedEx Office,HI,,21.3994965,-158.0067953,Geofabrik OpenStreetMap GeoPackage extract,2026-08-14T20:21:03Z,open,ODbL; attribution and share-alike required,packet_ready,geofabrik_named_food_service
national-post-office-hi-fedex-office-5b5e62b74d,FedEx Office post-office-centered national sample candidate,national_post_office_sample_candidate,food_service,osm:node:14027795671,Jamba,,,FedEx Office,HI,,21.3852347,-157.9416443,Geofabrik OpenStreetMap GeoPackage extract,2026-08-14T20:21:03Z,open,ODbL; attribution and share-alike required,packet_ready,geofabrik_named_food_service
national-post-office-hi-fedex-office-5b5e62b74d,FedEx Office post-office-centered national sample candidate,national_post_office_sample_candidate,food_service,osm:node:9980864949,Jamba,,,FedEx Office,HI,,21.3890415,-157.9525317,Geofabrik OpenStreetMap GeoPackage extract,2026-08-14T20:21:03Z,open,ODbL; attribution and share-alike required,packet_ready,geofabrik_named_food_service
national-post-office-hi-fedex-office-5b5e62b74d,FedEx Office post-office-centered national sample candidate,national_post_office_sample_candidate,food_service,osm:node:7727498009,Jersey Mike's Subs,,,FedEx Office,HI,,21.3965281,-157.9770650,Geofabrik OpenStreetMap GeoPackage extract,2026-08-14T20:21:03Z,open,ODbL; attribution and share-alike required,packet_ready,geofabrik_named_food_service
national-post-office-hi-fedex-office-5b5e62b74d,FedEx Office post-office-centered national sample candidate,national_post_office_sample_candidate,food_service,osm:node:13702885269,Jessica's,,,FedEx Office,HI,,21.3847355,-157.9453077,Geofabrik OpenStreetMap GeoPackage extract,2026-08-14T20:21:03Z,open,ODbL; attribution and share-alike required,packet_ready,geofabrik_named_food_service
national-post-office-hi-fedex-office-5b5e62b74d,FedEx Office post-office-centered national sample candidate,national_post_office_sample_candidate,food_service,osm:node:13670786419,Jin Joo Korean Restaurant,,,FedEx Office,HI,,21.3857002,-157.9496710,Geofabrik OpenStreetMap GeoPackage extract,2026-08-14T20:21:03Z,open,ODbL; attribution and share-alike required,packet_ready,geofabrik_named_food_service
national-post-office-hi-fedex-office-5b5e62b74d,FedEx Office post-office-centered national sample candidate,national_post_office_sample_candidate,food_service,osm:node:9610143446,Jumbo Popcorn,,,FedEx Office,HI,,21.3851469,-157.9409893,Geofabrik OpenStreetMap GeoPackage extract,2026-08-14T20:21:03Z,open,ODbL; attribution and share-alike required,packet_ready,geofabrik_named_food_service
national-post-office-hi-fedex-office-5b5e62b74d,FedEx Office post-office-centered national sample candidate,national_post_office_sample_candidate,food_service,osm:way:1240045099,KFC,,,FedEx Office,HI,,21.3849246,-157.9444872,Geofabrik OpenStreetMap GeoPackage extract,2026-08-14T20:21:03Z,open,ODbL; attribution and share-alike required,packet_ready,geofabrik_named_food_service
national-post-office-hi-fedex-office-5b5e62b74d,FedEx Office post-office-centered national sample candidate,national_post_office_sample_candidate,food_service,osm:way:829593663,KFC,,,FedEx Office,HI,,21.3999150,-158.0092666,Geofabrik OpenStreetMap GeoPackage extract,2026-08-14T20:21:03Z,open,ODbL; attribution and share-alike required,packet_ready,geofabrik_named_food_service
national-post-office-hi-fedex-office-5b5e62b74d,FedEx Office post-office-centered national sample candidate,national_post_office_sample_candidate,food_service,osm:node:13670786433,Kapiolani Coffee Shop,,,FedEx Office,HI,,21.3859727,-157.9504824,Geofabrik OpenStreetMap GeoPackage extract,2026-08-14T20:21:03Z,open,ODbL; attribution and share-alike required,packet_ready,geofabrik_named_food_service
national-post-office-hi-fedex-office-5b5e62b74d,FedEx Office post-office-centered national sample candidate,national_post_office_sample_candidate,food_service,osm:node:13702885270,Kehau's Kitchen,,,FedEx Office,HI,,21.3846843,-157.9450871,Geofabrik OpenStreetMap GeoPackage extract,2026-08-14T20:21:03Z,open,ODbL; attribution and share-alike required,packet_ready,geofabrik_named_food_service
national-post-office-hi-fedex-office-5b5e62b74d,FedEx Office post-office-centered national sample candidate,national_post_office_sample_candidate,food_service,osm:node:5813602255,Kung Pao Wok,,,FedEx Office,HI,,21.4025176,-158.0067176,Geofabrik OpenStreetMap GeoPackage extract,2026-08-14T20:21:03Z,open,ODbL; attribution and share-alike required,packet_ready,geofabrik_named_food_service
national-post-office-hi-fedex-office-5b5e62b74d,FedEx Office post-office-centered national sample candidate,national_post_office_sample_candidate,food_service,osm:node:5678211723,Kuru Kuru Sushi,,,FedEx Office,HI,,21.3810141,-157.9418230,Geofabrik OpenStreetMap GeoPackage extract,2026-08-14T20:21:03Z,open,ODbL; attribution and share-alike required,packet_ready,geofabrik_named_food_service
national-post-office-hi-fedex-office-5b5e62b74d,FedEx Office post-office-centered national sample candidate,national_post_office_sample_candidate,food_service,osm:node:14027795642,Kyoto,,,FedEx Office,HI,,21.3851556,-157.9415043,Geofabrik OpenStreetMap GeoPackage extract,2026-08-14T20:21:03Z,open,ODbL; attribution and share-alike required,packet_ready,geofabrik_named_food_service
national-post-office-hi-fedex-office-5b5e62b74d,FedEx Office post-office-centered national sample candidate,national_post_office_sample_candidate,food_service,osm:node:7727498011,L&G Local Food,,,FedEx Office,HI,,21.3964325,-157.9769959,Geofabrik OpenStreetMap GeoPackage extract,2026-08-14T20:21:03Z,open,ODbL; attribution and share-alike required,packet_ready,geofabrik_named_food_service
national-post-office-hi-fedex-office-5b5e62b74d,FedEx Office post-office-centered national sample candidate,national_post_office_sample_candidate,food_service,osm:node:11428543192,L&L Hawaiian Barbecue,,,FedEx Office,HI,,21.3994953,-157.9738136,Geofabrik OpenStreetMap GeoPackage extract,2026-08-14T20:21:03Z,open,ODbL; attribution and share-alike required,packet_ready,geofabrik_named_food_service
national-post-office-hi-fedex-office-5b5e62b74d,FedEx Office post-office-centered national sample candidate,national_post_office_sample_candidate,food_service,osm:node:14027795653,L&L Hawaiian Barbecue,,,FedEx Office,HI,,21.3850859,-157.9416234,Geofabrik OpenStreetMap GeoPackage extract,2026-08-14T20:21:03Z,open,ODbL; attribution and share-alike required,packet_ready,geofabrik_named_food_service
national-post-office-hi-fedex-office-5b5e62b74d,FedEx Office post-office-centered national sample candidate,national_post_office_sample_candidate,food_service,osm:node:14057932545,Lil T Cup Cafe,,,FedEx Office,HI,,21.3794306,-157.9318732,Geofabrik OpenStreetMap GeoPackage extract,2026-08-14T20:21:03Z,open,ODbL; attribution and share-alike required,packet_ready,geofabrik_named_food_service
national-post-office-hi-fedex-office-5b5e62b74d,FedEx Office post-office-centered national sample candidate,national_post_office_sample_candidate,food_service,osm:way:829009009,Liliha Bakery,,,FedEx Office,HI,,21.3967201,-157.9774894,Geofabrik OpenStreetMap GeoPackage extract,2026-08-14T20:21:03Z,open,ODbL; attribution and share-alike required,packet_ready,geofabrik_named_food_service
national-post-office-hi-fedex-office-5b5e62b74d,FedEx Office post-office-centered national sample candidate,national_post_office_sample_candidate,food_service,osm:node:1613798781,Loco Moco Drive-Inn,,,FedEx Office,HI,,21.4129956,-158.0000262,Geofabrik OpenStreetMap GeoPackage extract,2026-08-14T20:21:03Z,open,ODbL; attribution and share-alike required,packet_ready,geofabrik_named_food_service
national-post-office-hi-fedex-office-5b5e62b74d,FedEx Office post-office-centered national sample candidate,national_post_office_sample_candidate,food_service,osm:node:14057932531,M&M BBQ,,,FedEx Office,HI,,21.3800719,-157.9311577,Geofabrik OpenStreetMap GeoPackage extract,2026-08-14T20:21:03Z,open,ODbL; attribution and share-alike required,packet_ready,geofabrik_named_food_service
national-post-office-hi-fedex-office-5b5e62b74d,FedEx Office post-office-centered national sample candidate,national_post_office_sample_candidate,food_service,osm:node:13132427953,Marujyu Market,,,FedEx Office,HI,,21.3910612,-157.9494026,Geofabrik OpenStreetMap GeoPackage extract,2026-08-14T20:21:03Z,open,ODbL; attribution and share-alike required,packet_ready,geofabrik_named_food_service
national-post-office-hi-fedex-office-5b5e62b74d,FedEx Office post-office-centered national sample candidate,national_post_office_sample_candidate,food_service,osm:node:11428543196,Matsuzaka-tei,,,FedEx Office,HI,,21.3993017,-157.9740375,Geofabrik OpenStreetMap GeoPackage extract,2026-08-14T20:21:03Z,open,ODbL; attribution and share-alike required,packet_ready,geofabrik_named_food_service
national-post-office-hi-fedex-office-5b5e62b74d,FedEx Office post-office-centered national sample candidate,national_post_office_sample_candidate,food_service,osm:node:7727498012,Maui Tacos,,,FedEx Office,HI,,21.3965556,-157.9771462,Geofabrik OpenStreetMap GeoPackage extract,2026-08-14T20:21:03Z,open,ODbL; attribution and share-alike required,packet_ready,geofabrik_named_food_service
national-post-office-hi-fedex-office-5b5e62b74d,FedEx Office post-office-centered national sample candidate,national_post_office_sample_candidate,food_service,osm:node:9976042747,McDonald's,,,FedEx Office,HI,,21.3945418,-157.9696551,Geofabrik OpenStreetMap GeoPackage extract,2026-08-14T20:21:03Z,open,ODbL; attribution and share-alike required,packet_ready,geofabrik_named_food_service
national-post-office-hi-fedex-office-5b5e62b74d,FedEx Office post-office-centered national sample candidate,national_post_office_sample_candidate,food_service,osm:way:822705748,McDonald's,,,FedEx Office,HI,,21.4193894,-158.0051937,Geofabrik OpenStreetMap GeoPackage extract,2026-08-14T20:21:03Z,open,ODbL; attribution and share-alike required,packet_ready,geofabrik_named_food_service
national-post-office-hi-fedex-office-5b5e62b74d,FedEx Office post-office-centered national sample candidate,national_post_office_sample_candidate,food_service,osm:way:827785525,McDonald's,,,FedEx Office,HI,,21.4002045,-157.9741958,Geofabrik OpenStreetMap GeoPackage extract,2026-08-14T20:21:03Z,open,ODbL; attribution and share-alike required,packet_ready,geofabrik_named_food_service
national-post-office-hi-fedex-office-5b5e62b74d,FedEx Office post-office-centered national sample candidate,national_post_office_sample_candidate,food_service,osm:way:829593664,McDonald's,,,FedEx Office,HI,,21.4002928,-158.0075926,Geofabrik OpenStreetMap GeoPackage extract,2026-08-14T20:21:03Z,open,ODbL; attribution and share-alike required,packet_ready,geofabrik_named_food_service
national-post-office-hi-fedex-office-5b5e62b74d,FedEx Office post-office-centered national sample candidate,national_post_office_sample_candidate,food_service,osm:way:841082604,McDonald's,,,FedEx Office,HI,,21.3818475,-157.9437210,Geofabrik OpenStreetMap GeoPackage extract,2026-08-14T20:21:03Z,open,ODbL; attribution and share-alike required,packet_ready,geofabrik_named_food_service
national-post-office-hi-fedex-office-5b5e62b74d,FedEx Office post-office-centered national sample candidate,national_post_office_sample_candidate,food_service,osm:node:7727498013,Ming's Canton Food,,,FedEx Office,HI,,21.3964387,-157.9770819,Geofabrik OpenStreetMap GeoPackage extract,2026-08-14T20:21:03Z,open,ODbL; attribution and share-alike required,packet_ready,geofabrik_named_food_service
national-post-office-hi-fedex-office-5b5e62b74d,FedEx Office post-office-centered national sample candidate,national_post_office_sample_candidate,food_service,osm:node:14027886618,Moe's Southwest Grill,,,FedEx Office,HI,,21.3848879,-157.9406978,Geofabrik OpenStreetMap GeoPackage extract,2026-08-14T20:21:03Z,open,ODbL; attribution and share-alike required,packet_ready,geofabrik_named_food_service
national-post-office-hi-fedex-office-5b5e62b74d,FedEx Office post-office-centered national sample candidate,national_post_office_sample_candidate,food_service,osm:way:468938502,Paesano,,,FedEx Office,HI,,21.3894518,-157.9512847,Geofabrik OpenStreetMap GeoPackage extract,2026-08-14T20:21:03Z,open,ODbL; attribution and share-alike required,packet_ready,geofabrik_named_food_service
national-post-office-hi-fedex-office-5b5e62b74d,FedEx Office post-office-centered national sample candidate,national_post_office_sample_candidate,food_service,osm:node:12856359171,Palisades Drive Inn,,,FedEx Office,HI,,21.4248862,-157.9519220,Geofabrik OpenStreetMap GeoPackage extract,2026-08-14T20:21:03Z,open,ODbL; attribution and share-alike required,packet_ready,geofabrik_named_food_service
national-post-office-hi-fedex-office-5b5e62b74d,FedEx Office post-office-centered national sample candidate,national_post_office_sample_candidate,food_service,osm:node:7728022326,Pampanga Kitchen,,,FedEx Office,HI,,21.3964788,-157.9770738,Geofabrik OpenStreetMap GeoPackage extract,2026-08-14T20:21:03Z,open,ODbL; attribution and share-alike required,packet_ready,geofabrik_named_food_service
national-post-office-hi-fedex-office-5b5e62b74d,FedEx Office post-office-centered national sample candidate,national_post_office_sample_candidate,food_service,osm:node:5030867275,Pancakes & Waffles,,,FedEx Office,HI,,21.3890384,-157.9524660,Geofabrik OpenStreetMap GeoPackage extract,2026-08-14T20:21:03Z,open,ODbL; attribution and share-alike required,packet_ready,geofabrik_named_food_service
national-post-office-hi-fedex-office-5b5e62b74d,FedEx Office post-office-centered national sample candidate,national_post_office_sample_candidate,food_service,osm:node:12152245941,Panda Express,,,FedEx Office,HI,,21.4005298,-158.0087326,Geofabrik OpenStreetMap GeoPackage extract,2026-08-14T20:21:03Z,open,ODbL; attribution and share-alike required,packet_ready,geofabrik_named_food_service
national-post-office-hi-fedex-office-5b5e62b74d,FedEx Office post-office-centered national sample candidate,national_post_office_sample_candidate,food_service,osm:node:14027795668,Panda Express,,,FedEx Office,HI,,21.3851151,-157.9413759,Geofabrik OpenStreetMap GeoPackage extract,2026-08-14T20:21:03Z,open,ODbL; attribution and share-alike required,packet_ready,geofabrik_named_food_service
national-post-office-hi-fedex-office-5b5e62b74d,FedEx Office post-office-centered national sample candidate,national_post_office_sample_candidate,food_service,osm:node:9971230133,Panda Express,,,FedEx Office,HI,,21.3996500,-157.9736470,Geofabrik OpenStreetMap GeoPackage extract,2026-08-14T20:21:03Z,open,ODbL; attribution and share-alike required,packet_ready,geofabrik_named_food_service
national-post-office-hi-fedex-office-5b5e62b74d,FedEx Office post-office-centered national sample candidate,national_post_office_sample_candidate,food_service,osm:node:12245063832,Papa John's,,,FedEx Office,HI,,21.3889251,-158.0043773,Geofabrik OpenStreetMap GeoPackage extract,2026-08-14T20:21:03Z,open,ODbL; attribution and share-alike required,packet_ready,geofabrik_named_food_service
national-post-office-hi-fedex-office-5b5e62b74d,FedEx Office post-office-centered national sample candidate,national_post_office_sample_candidate,food_service,osm:node:8950239692,Papa John's,,,FedEx Office,HI,,21.3895633,-157.9542425,Geofabrik OpenStreetMap GeoPackage extract,2026-08-14T20:21:03Z,open,ODbL; attribution and share-alike required,packet_ready,geofabrik_named_food_service
national-post-office-hi-fedex-office-5b5e62b74d,FedEx Office post-office-centered national sample candidate,national_post_office_sample_candidate,food_service,osm:node:11428543194,Paradise Poke Hawaii,,,FedEx Office,HI,,21.3994103,-157.9739182,Geofabrik OpenStreetMap GeoPackage extract,2026-08-14T20:21:03Z,open,ODbL; attribution and share-alike required,packet_ready,geofabrik_named_food_service
national-post-office-hi-fedex-office-5b5e62b74d,FedEx Office post-office-centered national sample candidate,national_post_office_sample_candidate,food_service,osm:node:4484987809,Pearl Harbor Visitor Center Snack Shop,,,FedEx Office,HI,,21.3670087,-157.9387510,Geofabrik OpenStreetMap GeoPackage extract,2026-08-14T20:21:03Z,open,ODbL; attribution and share-alike required,packet_ready,geofabrik_named_food_service
national-post-office-hi-fedex-office-5b5e62b74d,FedEx Office post-office-centered national sample candidate,national_post_office_sample_candidate,food_service,osm:node:14027795672,Pearl's Hawaiian BBQ,,,FedEx Office,HI,,21.3851294,-157.9414358,Geofabrik OpenStreetMap GeoPackage extract,2026-08-14T20:21:03Z,open,ODbL; attribution and share-alike required,packet_ready,geofabrik_named_food_service
national-post-office-hi-fedex-office-5b5e62b74d,FedEx Office post-office-centered national sample candidate,national_post_office_sample_candidate,food_service,osm:node:8958605524,Pho 97 One,,,FedEx Office,HI,,21.3892035,-157.9519964,Geofabrik OpenStreetMap GeoPackage extract,2026-08-14T20:21:03Z,open,ODbL; attribution and share-alike required,packet_ready,geofabrik_named_food_service
national-post-office-hi-fedex-office-5b5e62b74d,FedEx Office post-office-centered national sample candidate,national_post_office_sample_candidate,food_service,osm:node:13670786417,Pho Five-O,,,FedEx Office,HI,,21.3856084,-157.9496858,Geofabrik OpenStreetMap GeoPackage extract,2026-08-14T20:21:03Z,open,ODbL; attribution and share-alike required,packet_ready,geofabrik_named_food_service
national-post-office-hi-fedex-office-5b5e62b74d,FedEx Office post-office-centered national sample candidate,national_post_office_sample_candidate,food_service,osm:node:14057932541,Pho Time,,,FedEx Office,HI,,21.3795511,-157.9319007,Geofabrik OpenStreetMap GeoPackage extract,2026-08-14T20:21:03Z,open,ODbL; attribution and share-alike required,packet_ready,geofabrik_named_food_service
national-post-office-hi-fedex-office-5b5e62b74d,FedEx Office post-office-centered national sample candidate,national_post_office_sample_candidate,food_service,osm:node:3740809015,Pizza Hut,,,FedEx Office,HI,,21.3949991,-157.9681230,Geofabrik OpenStreetMap GeoPackage extract,2026-08-14T20:21:03Z,open,ODbL; attribution and share-alike required,packet_ready,geofabrik_named_food_service
national-post-office-hi-fedex-office-5b5e62b74d,FedEx Office post-office-centered national sample candidate,national_post_office_sample_candidate,food_service,osm:node:5303551869,Pizza Hut,,,FedEx Office,HI,,21.3910506,-157.9493619,Geofabrik OpenStreetMap GeoPackage extract,2026-08-14T20:21:03Z,open,ODbL; attribution and share-alike required,packet_ready,geofabrik_named_food_service
national-post-office-hi-fedex-office-5b5e62b74d,FedEx Office post-office-centered national sample candidate,national_post_office_sample_candidate,food_service,osm:node:8674811875,Poke On Da Run,,,FedEx Office,HI,,21.3913349,-157.9711189,Geofabrik OpenStreetMap GeoPackage extract,2026-08-14T20:21:03Z,open,ODbL; attribution and share-alike required,packet_ready,geofabrik_named_food_service
national-post-office-hi-fedex-office-5b5e62b74d,FedEx Office post-office-centered national sample candidate,national_post_office_sample_candidate,food_service,osm:way:1232097693,Popeyes,,,FedEx Office,HI,,21.3880505,-157.9555676,Geofabrik OpenStreetMap GeoPackage extract,2026-08-14T20:21:03Z,open,ODbL; attribution and share-alike required,packet_ready,geofabrik_named_food_service
national-post-office-hi-fedex-office-5b5e62b74d,FedEx Office post-office-centered national sample candidate,national_post_office_sample_candidate,food_service,osm:way:967422532,Raising Cane's,,,FedEx Office,HI,,21.4019093,-157.9718503,Geofabrik OpenStreetMap GeoPackage extract,2026-08-14T20:21:03Z,open,ODbL; attribution and share-alike required,packet_ready,geofabrik_named_food_service
national-post-office-hi-fedex-office-5b5e62b74d,FedEx Office post-office-centered national sample candidate,national_post_office_sample_candidate,food_service,osm:node:11428515224,Ramen Ya,,,FedEx Office,HI,,21.3993892,-157.9749152,Geofabrik OpenStreetMap GeoPackage extract,2026-08-14T20:21:03Z,open,ODbL; attribution and share-alike required,packet_ready,geofabrik_named_food_service
national-post-office-hi-fedex-office-5b5e62b74d,FedEx Office post-office-centered national sample candidate,national_post_office_sample_candidate,food_service,osm:way:1263194020,Restaurant 604,,,FedEx Office,HI,,21.3703277,-157.9366535,Geofabrik OpenStreetMap GeoPackage extract,2026-08-14T20:21:03Z,open,ODbL; attribution and share-alike required,packet_ready,geofabrik_named_food_service
national-post-office-hi-fedex-office-5b5e62b74d,FedEx Office post-office-centered national sample candidate,national_post_office_sample_candidate,food_service,osm:node:12697958668,Sadie's BBQ Inn,,,FedEx Office,HI,,21.3949739,-157.9682664,Geofabrik OpenStreetMap GeoPackage extract,2026-08-14T20:21:03Z,open,ODbL; attribution and share-alike required,packet_ready,geofabrik_named_food_service
national-post-office-hi-fedex-office-5b5e62b74d,FedEx Office post-office-centered national sample candidate,national_post_office_sample_candidate,food_service,osm:node:5844575486,Sato’s Okamiya,,,FedEx Office,HI,,21.3841543,-158.0075540,Geofabrik OpenStreetMap GeoPackage extract,2026-08-14T20:21:03Z,open,ODbL; attribution and share-alike required,packet_ready,geofabrik_named_food_service
national-post-office-hi-fedex-office-5b5e62b74d,FedEx Office post-office-centered national sample candidate,national_post_office_sample_candidate,food_service,osm:node:14057932539,Shaka Ramen,,,FedEx Office,HI,,21.3794075,-157.9312667,Geofabrik OpenStreetMap GeoPackage extract,2026-08-14T20:21:03Z,open,ODbL; attribution and share-alike required,packet_ready,geofabrik_named_food_service
national-post-office-hi-fedex-office-5b5e62b74d,FedEx Office post-office-centered national sample candidate,national_post_office_sample_candidate,food_service,osm:node:8958605521,Sharetea,,,FedEx Office,HI,,21.3890301,-157.9522731,Geofabrik OpenStreetMap GeoPackage extract,2026-08-14T20:21:03Z,open,ODbL; attribution and share-alike required,packet_ready,geofabrik_named_food_service
national-post-office-hi-fedex-office-5b5e62b74d,FedEx Office post-office-centered national sample candidate,national_post_office_sample_candidate,food_service,osm:node:13670786422,Shiro's Saimin Haven,,,FedEx Office,HI,,21.3857439,-157.9499791,Geofabrik OpenStreetMap GeoPackage extract,2026-08-14T20:21:03Z,open,ODbL; attribution and share-alike required,packet_ready,geofabrik_named_food_service
national-post-office-hi-fedex-office-5b5e62b74d,FedEx Office post-office-centered national sample candidate,national_post_office_sample_candidate,food_service,osm:node:13070077255,Starbucks,,,FedEx Office,HI,,21.4204669,-158.0045197,Geofabrik OpenStreetMap GeoPackage extract,2026-08-14T20:21:03Z,open,ODbL; attribution and share-alike required,packet_ready,geofabrik_named_food_service
national-post-office-hi-fedex-office-5b5e62b74d,FedEx Office post-office-centered national sample candidate,national_post_office_sample_candidate,food_service,osm:node:13709821307,Starbucks,,,FedEx Office,HI,,21.3836722,-157.9449657,Geofabrik OpenStreetMap GeoPackage extract,2026-08-14T20:21:03Z,open,ODbL; attribution and share-alike required,packet_ready,geofabrik_named_food_service
national-post-office-hi-fedex-office-5b5e62b74d,FedEx Office post-office-centered national sample candidate,national_post_office_sample_candidate,food_service,osm:node:14027795641,Starbucks,,,FedEx Office,HI,,21.3852939,-157.9416499,Geofabrik OpenStreetMap GeoPackage extract,2026-08-14T20:21:03Z,open,ODbL; attribution and share-alike required,packet_ready,geofabrik_named_food_service
national-post-office-hi-fedex-office-5b5e62b74d,FedEx Office post-office-centered national sample candidate,national_post_office_sample_candidate,food_service,osm:node:4633867074,Starbucks,,,FedEx Office,HI,,21.3890472,-157.9526848,Geofabrik OpenStreetMap GeoPackage extract,2026-08-14T20:21:03Z,open,ODbL; attribution and share-alike required,packet_ready,geofabrik_named_food_service
national-post-office-hi-fedex-office-5b5e62b74d,FedEx Office post-office-centered national sample candidate,national_post_office_sample_candidate,food_service,osm:node:4858880515,Starbucks,,,FedEx Office,HI,,21.3992229,-157.9740473,Geofabrik OpenStreetMap GeoPackage extract,2026-08-14T20:21:03Z,open,ODbL; attribution and share-alike required,packet_ready,geofabrik_named_food_service
national-post-office-hi-fedex-office-5b5e62b74d,FedEx Office post-office-centered national sample candidate,national_post_office_sample_candidate,food_service,osm:node:7209608386,Starbucks,,,FedEx Office,HI,,21.3995316,-158.0068715,Geofabrik OpenStreetMap GeoPackage extract,2026-08-14T20:21:03Z,open,ODbL; attribution and share-alike required,packet_ready,geofabrik_named_food_service
national-post-office-hi-fedex-office-5b5e62b74d,FedEx Office post-office-centered national sample candidate,national_post_office_sample_candidate,food_service,osm:node:14027795680,Steve's Chicken,,,FedEx Office,HI,,21.3851624,-157.9415641,Geofabrik OpenStreetMap GeoPackage extract,2026-08-14T20:21:03Z,open,ODbL; attribution and share-alike required,packet_ready,geofabrik_named_food_service
national-post-office-hi-fedex-office-5b5e62b74d,FedEx Office post-office-centered national sample candidate,national_post_office_sample_candidate,food_service,osm:node:11428515226,Subway,,,FedEx Office,HI,,21.3994736,-157.9748409,Geofabrik OpenStreetMap GeoPackage extract,2026-08-14T20:21:03Z,open,ODbL; attribution and share-alike required,packet_ready,geofabrik_named_food_service
national-post-office-hi-fedex-office-5b5e62b74d,FedEx Office post-office-centered national sample candidate,national_post_office_sample_candidate,food_service,osm:node:12074832438,Subway,,,FedEx Office,HI,,21.4273580,-158.0012485,Geofabrik OpenStreetMap GeoPackage extract,2026-08-14T20:21:03Z,open,ODbL; attribution and share-alike required,packet_ready,geofabrik_named_food_service
national-post-office-hi-fedex-office-5b5e62b74d,FedEx Office post-office-centered national sample candidate,national_post_office_sample_candidate,food_service,osm:node:12152245939,Subway,,,FedEx Office,HI,,21.4005048,-158.0085965,Geofabrik OpenStreetMap GeoPackage extract,2026-08-14T20:21:03Z,open,ODbL; attribution and share-alike required,packet_ready,geofabrik_named_food_service
national-post-office-hi-fedex-office-5b5e62b74d,FedEx Office post-office-centered national sample candidate,national_post_office_sample_candidate,food_service,osm:node:14027795686,Subway,,,FedEx Office,HI,,21.3850797,-157.9415944,Geofabrik OpenStreetMap GeoPackage extract,2026-08-14T20:21:03Z,open,ODbL; attribution and share-alike required,packet_ready,geofabrik_named_food_service
national-post-office-hi-fedex-office-5b5e62b74d,FedEx Office post-office-centered national sample candidate,national_post_office_sample_candidate,food_service,osm:node:5030867288,Subway,,,FedEx Office,HI,,21.3892986,-157.9526661,Geofabrik OpenStreetMap GeoPackage extract,2026-08-14T20:21:03Z,open,ODbL; attribution and share-alike required,packet_ready,geofabrik_named_food_service
national-post-office-hi-fedex-office-5b5e62b74d,FedEx Office post-office-centered national sample candidate,national_post_office_sample_candidate,food_service,osm:node:14028024724,Sugah Daddeh's Kane Juice,,,FedEx Office,HI,,21.3845899,-157.9452251,Geofabrik OpenStreetMap GeoPackage extract,2026-08-14T20:21:03Z,open,ODbL; attribution and share-alike required,packet_ready,geofabrik_named_food_service
national-post-office-hi-fedex-office-5b5e62b74d,FedEx Office post-office-centered national sample candidate,national_post_office_sample_candidate,food_service,osm:node:7728022327,Sushiman,,,FedEx Office,HI,,21.3965917,-157.9771982,Geofabrik OpenStreetMap GeoPackage extract,2026-08-14T20:21:03Z,open,ODbL; attribution and share-alike required,packet_ready,geofabrik_named_food_service
national-post-office-hi-fedex-office-5b5e62b74d,FedEx Office post-office-centered national sample candidate,national_post_office_sample_candidate,food_service,osm:way:1232097695,Taco Bell,,,FedEx Office,HI,,21.3882488,-157.9559441,Geofabrik OpenStreetMap GeoPackage extract,2026-08-14T20:21:03Z,open,ODbL; attribution and share-alike required,packet_ready,geofabrik_named_food_service
national-post-office-hi-fedex-office-5b5e62b74d,FedEx Office post-office-centered national sample candidate,national_post_office_sample_candidate,food_service,osm:way:833672932,Taco Bell,,,FedEx Office,HI,,21.4126405,-158.0006532,Geofabrik OpenStreetMap GeoPackage extract,2026-08-14T20:21:03Z,open,ODbL; attribution and share-alike required,packet_ready,geofabrik_named_food_service
national-post-office-hi-fedex-office-5b5e62b74d,FedEx Office post-office-centered national sample candidate,national_post_office_sample_candidate,food_service,osm:way:938640830,Tanioka's Seafoods & Catering,,,FedEx Office,HI,,21.3841777,-158.0011942,Geofabrik OpenStreetMap GeoPackage extract,2026-08-14T20:21:03Z,open,ODbL; attribution and share-alike required,packet_ready,geofabrik_named_food_service
national-post-office-hi-fedex-office-5b5e62b74d,FedEx Office post-office-centered national sample candidate,national_post_office_sample_candidate,food_service,osm:node:9610108480,Tea Cafe,,,FedEx Office,HI,,21.3794583,-157.9315536,Geofabrik OpenStreetMap GeoPackage extract,2026-08-14T20:21:03Z,open,ODbL; attribution and share-alike required,packet_ready,geofabrik_named_food_service
national-post-office-hi-fedex-office-5b5e62b74d,FedEx Office post-office-centered national sample candidate,national_post_office_sample_candidate,food_service,osm:node:11428211593,Tea Time Taiwan,,,FedEx Office,HI,,21.3883937,-157.9539277,Geofabrik OpenStreetMap GeoPackage extract,2026-08-14T20:21:03Z,open,ODbL; attribution and share-alike required,packet_ready,geofabrik_named_food_service
national-post-office-hi-fedex-office-5b5e62b74d,FedEx Office post-office-centered national sample candidate,national_post_office_sample_candidate,food_service,osm:node:7738194410,Teapresso Bar,,,FedEx Office,HI,,21.3963780,-157.9770290,Geofabrik OpenStreetMap GeoPackage extract,2026-08-14T20:21:03Z,open,ODbL; attribution and share-alike required,packet_ready,geofabrik_named_food_service
national-post-office-hi-fedex-office-5b5e62b74d,FedEx Office post-office-centered national sample candidate,national_post_office_sample_candidate,food_service,osm:node:4380061359,Teddy's Bigger Burgers,,,FedEx Office,HI,,21.3843445,-157.9458593,Geofabrik OpenStreetMap GeoPackage extract,2026-08-14T20:21:03Z,open,ODbL; attribution and share-alike required,packet_ready,geofabrik_named_food_service
national-post-office-hi-fedex-office-5b5e62b74d,FedEx Office post-office-centered national sample candidate,national_post_office_sample_candidate,food_service,osm:node:9976174791,Teriyaki Madness,,,FedEx Office,HI,,21.3963734,-157.9761508,Geofabrik OpenStreetMap GeoPackage extract,2026-08-14T20:21:03Z,open,ODbL; attribution and share-alike required,packet_ready,geofabrik_named_food_service
national-post-office-hi-fedex-office-5b5e62b74d,FedEx Office post-office-centered national sample candidate,national_post_office_sample_candidate,food_service,osm:node:13670786415,Thai Cuisine Express,,,FedEx Office,HI,,21.3855797,-157.9494457,Geofabrik OpenStreetMap GeoPackage extract,2026-08-14T20:21:03Z,open,ODbL; attribution and share-alike required,packet_ready,geofabrik_named_food_service
national-post-office-hi-fedex-office-5b5e62b74d,FedEx Office post-office-centered national sample candidate,national_post_office_sample_candidate,food_service,osm:node:10299343688,The Coffee Bean & Tea Leaf,,,FedEx Office,HI,,21.3956980,-157.9690990,Geofabrik OpenStreetMap GeoPackage extract,2026-08-14T20:21:03Z,open,ODbL; attribution and share-alike required,packet_ready,geofabrik_named_food_service
national-post-office-hi-fedex-office-5b5e62b74d,FedEx Office post-office-centered national sample candidate,national_post_office_sample_candidate,food_service,osm:node:7738477775,The Elephant Shack,,,FedEx Office,HI,,21.3964881,-157.9770154,Geofabrik OpenStreetMap GeoPackage extract,2026-08-14T20:21:03Z,open,ODbL; attribution and share-alike required,packet_ready,geofabrik_named_food_service
national-post-office-hi-fedex-office-5b5e62b74d,FedEx Office post-office-centered national sample candidate,national_post_office_sample_candidate,food_service,osm:node:9610143452,The Hall by Beerlab,,,FedEx Office,HI,,21.3851621,-157.9411559,Geofabrik OpenStreetMap GeoPackage extract,2026-08-14T20:21:03Z,open,ODbL; attribution and share-alike required,packet_ready,geofabrik_named_food_service
national-post-office-hi-fedex-office-5b5e62b74d,FedEx Office post-office-centered national sample candidate,national_post_office_sample_candidate,food_service,osm:node:13670786420,The Milktea Way,,,FedEx Office,HI,,21.3857660,-157.9500308,Geofabrik OpenStreetMap GeoPackage extract,2026-08-14T20:21:03Z,open,ODbL; attribution and share-alike required,packet_ready,geofabrik_named_food_service
national-post-office-hi-fedex-office-5b5e62b74d,FedEx Office post-office-centered national sample candidate,national_post_office_sample_candidate,food_service,osm:node:4421375299,The Pearl,,,FedEx Office,HI,,21.3923060,-157.9845482,Geofabrik OpenStreetMap GeoPackage extract,2026-08-14T20:21:03Z,open,ODbL; attribution and share-alike required,packet_ready,geofabrik_named_food_service
national-post-office-hi-fedex-office-5b5e62b74d,FedEx Office post-office-centered national sample candidate,national_post_office_sample_candidate,food_service,osm:node:9974077527,The Pizza Press,,,FedEx Office,HI,,21.3967621,-157.9756952,Geofabrik OpenStreetMap GeoPackage extract,2026-08-14T20:21:03Z,open,ODbL; attribution and share-alike required,packet_ready,geofabrik_named_food_service
national-post-office-hi-fedex-office-5b5e62b74d,FedEx Office post-office-centered national sample candidate,national_post_office_sample_candidate,food_service,osm:node:7738477773,Tin Hut BBQ,,,FedEx Office,HI,,21.3965199,-157.9770089,Geofabrik OpenStreetMap GeoPackage extract,2026-08-14T20:21:03Z,open,ODbL; attribution and share-alike required,packet_ready,geofabrik_named_food_service
national-post-office-hi-fedex-office-5b5e62b74d,FedEx Office post-office-centered national sample candidate,national_post_office_sample_candidate,food_service,osm:node:11160892222,Toe Beans & Dreams Adoption Cafe,,,FedEx Office,HI,,21.3808149,-157.9436330,Geofabrik OpenStreetMap GeoPackage extract,2026-08-14T20:21:03Z,open,ODbL; attribution and share-alike required,packet_ready,geofabrik_named_food_service
national-post-office-hi-fedex-office-5b5e62b74d,FedEx Office post-office-centered national sample candidate,national_post_office_sample_candidate,food_service,osm:node:7681514695,Uncle’s Fish Market & Grill,,,FedEx Office,HI,,21.3829829,-157.9398729,Geofabrik OpenStreetMap GeoPackage extract,2026-08-14T20:21:03Z,open,ODbL; attribution and share-alike required,packet_ready,geofabrik_named_food_service
national-post-office-hi-fedex-office-5b5e62b74d,FedEx Office post-office-centered national sample candidate,national_post_office_sample_candidate,food_service,osm:node:7738477776,Uproll Cafe,,,FedEx Office,HI,,21.3964442,-157.9772218,Geofabrik OpenStreetMap GeoPackage extract,2026-08-14T20:21:03Z,open,ODbL; attribution and share-alike required,packet_ready,geofabrik_named_food_service
national-post-office-hi-fedex-office-5b5e62b74d,FedEx Office post-office-centered national sample candidate,national_post_office_sample_candidate,food_service,osm:node:13670786431,Vons Chicken,,,FedEx Office,HI,,21.3858335,-157.9501729,Geofabrik OpenStreetMap GeoPackage extract,2026-08-14T20:21:03Z,open,ODbL; attribution and share-alike required,packet_ready,geofabrik_named_food_service
national-post-office-hi-fedex-office-5b5e62b74d,FedEx Office post-office-centered national sample candidate,national_post_office_sample_candidate,food_service,osm:node:13670786418,Waimalu Chop Suey,,,FedEx Office,HI,,21.3855341,-157.9495295,Geofabrik OpenStreetMap GeoPackage extract,2026-08-14T20:21:03Z,open,ODbL; attribution and share-alike required,packet_ready,geofabrik_named_food_service
national-post-office-hi-fedex-office-5b5e62b74d,FedEx Office post-office-centered national sample candidate,national_post_office_sample_candidate,food_service,osm:way:175698705,Wendy's,,,FedEx Office,HI,,21.4115442,-158.0001656,Geofabrik OpenStreetMap GeoPackage extract,2026-08-14T20:21:03Z,open,ODbL; attribution and share-alike required,packet_ready,geofabrik_named_food_service
national-post-office-hi-fedex-office-5b5e62b74d,FedEx Office post-office-centered national sample candidate,national_post_office_sample_candidate,food_service,osm:way:494066926,Wendy's,,,FedEx Office,HI,,21.3999831,-157.9732215,Geofabrik OpenStreetMap GeoPackage extract,2026-08-14T20:21:03Z,open,ODbL; attribution and share-alike required,packet_ready,geofabrik_named_food_service
national-post-office-hi-fedex-office-5b5e62b74d,FedEx Office post-office-centered national sample candidate,national_post_office_sample_candidate,food_service,osm:way:769520934,Wendy's,,,FedEx Office,HI,,21.3776343,-157.9312705,Geofabrik OpenStreetMap GeoPackage extract,2026-08-14T20:21:03Z,open,ODbL; attribution and share-alike required,packet_ready,geofabrik_named_food_service
national-post-office-hi-fedex-office-5b5e62b74d,FedEx Office post-office-centered national sample candidate,national_post_office_sample_candidate,food_service,osm:node:14057932533,Yum Yum Pho,,,FedEx Office,HI,,21.3796588,-157.9310115,Geofabrik OpenStreetMap GeoPackage extract,2026-08-14T20:21:03Z,open,ODbL; attribution and share-alike required,packet_ready,geofabrik_named_food_service
national-post-office-hi-fedex-office-5b5e62b74d,FedEx Office post-office-centered national sample candidate,national_post_office_sample_candidate,food_service,osm:way:1305165101,Zippy's,,,FedEx Office,HI,,21.4218654,-158.0038091,Geofabrik OpenStreetMap GeoPackage extract,2026-08-14T20:21:03Z,open,ODbL; attribution and share-alike required,packet_ready,geofabrik_named_food_service
national-post-office-hi-fedex-office-5b5e62b74d,FedEx Office post-office-centered national sample candidate,national_post_office_sample_candidate,food_service,osm:way:825606979,Zippy's,,,FedEx Office,HI,,21.3932935,-157.9673837,Geofabrik OpenStreetMap GeoPackage extract,2026-08-14T20:21:03Z,open,ODbL; attribution and share-alike required,packet_ready,geofabrik_named_food_service
national-post-office-hi-fedex-office-5b5e62b74d,FedEx Office post-office-centered national sample candidate,national_post_office_sample_candidate,food_service,osm:way:829463521,Zippy's,,,FedEx Office,HI,,21.3892713,-157.9578611,Geofabrik OpenStreetMap GeoPackage extract,2026-08-14T20:21:03Z,open,ODbL; attribution and share-alike required,packet_ready,geofabrik_named_food_service
national-post-office-hi-fedex-office-5b5e62b74d,FedEx Office post-office-centered national sample candidate,national_post_office_sample_candidate,food_service,osm:node:11428543195,小僧寿し,,,FedEx Office,HI,,21.3993604,-157.9739825,Geofabrik OpenStreetMap GeoPackage extract,2026-08-14T20:21:03Z,open,ODbL; attribution and share-alike required,packet_ready,geofabrik_named_food_service
national-post-office-hi-fedex-office-d898801937,FedEx Office post-office-centered national sample candidate,national_post_office_sample_candidate,food_service,osm:node:10000676010,,,,FedEx Office,HI,,21.2913752,-157.8378803,Geofabrik OpenStreetMap GeoPackage extract,2026-08-14T20:21:03Z,open,ODbL; attribution and share-alike required,exclude,unnamed_food_service_anchor
national-post-office-hi-fedex-office-d898801937,FedEx Office post-office-centered national sample candidate,national_post_office_sample_candidate,food_service,osm:node:12313999702,,,,FedEx Office,HI,,21.2989668,-157.8364395,Geofabrik OpenStreetMap GeoPackage extract,2026-08-14T20:21:03Z,open,ODbL; attribution and share-alike required,exclude,unnamed_food_service_anchor
national-post-office-hi-fedex-office-d898801937,FedEx Office post-office-centered national sample candidate,national_post_office_sample_candidate,food_service,osm:node:4715304393,,,,FedEx Office,HI,,21.2794861,-157.8278767,Geofabrik OpenStreetMap GeoPackage extract,2026-08-14T20:21:03Z,open,ODbL; attribution and share-alike required,exclude,unnamed_food_service_anchor
national-post-office-hi-fedex-office-d898801937,FedEx Office post-office-centered national sample candidate,national_post_office_sample_candidate,food_service,osm:node:5240542126,,,,FedEx Office,HI,,21.2950670,-157.8135635,Geofabrik OpenStreetMap GeoPackage extract,2026-08-14T20:21:03Z,open,ODbL; attribution and share-alike required,exclude,unnamed_food_service_anchor
national-post-office-hi-fedex-office-d898801937,FedEx Office post-office-centered national sample candidate,national_post_office_sample_candidate,food_service,osm:node:5603948423,,,,FedEx Office,HI,,21.2926101,-157.8412579,Geofabrik OpenStreetMap GeoPackage extract,2026-08-14T20:21:03Z,open,ODbL; attribution and share-alike required,exclude,unnamed_food_service_anchor
national-post-office-hi-fedex-office-d898801937,FedEx Office post-office-centered national sample candidate,national_post_office_sample_candidate,food_service,osm:node:6325441821,,,,FedEx Office,HI,,21.2795206,-157.8250380,Geofabrik OpenStreetMap GeoPackage extract,2026-08-14T20:21:03Z,open,ODbL; attribution and share-alike required,exclude,unnamed_food_service_anchor
national-post-office-hi-fedex-office-d898801937,FedEx Office post-office-centered national sample candidate,national_post_office_sample_candidate,food_service,osm:node:7637570647,,,,FedEx Office,HI,,21.2788251,-157.8138143,Geofabrik OpenStreetMap GeoPackage extract,2026-08-14T20:21:03Z,open,ODbL; attribution and share-alike required,exclude,unnamed_food_service_anchor
national-post-office-hi-fedex-office-d898801937,FedEx Office post-office-centered national sample candidate,national_post_office_sample_candidate,food_service,osm:node:9669267427,,,,FedEx Office,HI,,21.2992607,-157.8402428,Geofabrik OpenStreetMap GeoPackage extract,2026-08-14T20:21:03Z,open,ODbL; attribution and share-alike required,exclude,unnamed_food_service_anchor
national-post-office-hi-fedex-office-d898801937,FedEx Office post-office-centered national sample candidate,national_post_office_sample_candidate,food_service,osm:node:9882324224,,,,FedEx Office,HI,,21.2959857,-157.8295722,Geofabrik OpenStreetMap GeoPackage extract,2026-08-14T20:21:03Z,open,ODbL; attribution and share-alike required,exclude,unnamed_food_service_anchor
national-post-office-hi-fedex-office-d898801937,FedEx Office post-office-centered national sample candidate,national_post_office_sample_candidate,food_service,osm:way:491949266,,,,FedEx Office,HI,,21.2982718,-157.8484800,Geofabrik OpenStreetMap GeoPackage extract,2026-08-14T20:21:03Z,open,ODbL; attribution and share-alike required,exclude,unnamed_food_service_anchor
national-post-office-hi-fedex-office-d898801937,FedEx Office post-office-centered national sample candidate,national_post_office_sample_candidate,food_service,osm:way:984621401,,,,FedEx Office,HI,,21.3004227,-157.8406160,Geofabrik OpenStreetMap GeoPackage extract,2026-08-14T20:21:03Z,open,ODbL; attribution and share-alike required,exclude,unnamed_food_service_anchor
national-post-office-hi-fedex-office-d898801937,FedEx Office post-office-centered national sample candidate,national_post_office_sample_candidate,food_service,osm:node:9281677231,1 Plus 1 Drive Inn,,,FedEx Office,HI,,21.2926075,-157.8246096,Geofabrik OpenStreetMap GeoPackage extract,2026-08-14T20:21:03Z,open,ODbL; attribution and share-alike required,packet_ready,geofabrik_named_food_service
national-post-office-hi-fedex-office-d898801937,FedEx Office post-office-centered national sample candidate,national_post_office_sample_candidate,food_service,osm:node:11662310469,100 Sails,,,FedEx Office,HI,,21.2859664,-157.8400903,Geofabrik OpenStreetMap GeoPackage extract,2026-08-14T20:21:03Z,open,ODbL; attribution and share-alike required,packet_ready,geofabrik_named_food_service
national-post-office-hi-fedex-office-d898801937,FedEx Office post-office-centered national sample candidate,national_post_office_sample_candidate,food_service,osm:node:4953779946,9 Bar Hnl,,,FedEx Office,HI,,21.2983099,-157.8610182,Geofabrik OpenStreetMap GeoPackage extract,2026-08-14T20:21:03Z,open,ODbL; attribution and share-alike required,packet_ready,geofabrik_named_food_service
national-post-office-hi-fedex-office-d898801937,FedEx Office post-office-centered national sample candidate,national_post_office_sample_candidate,food_service,osm:node:13836378324,AAA Local BBQ,,,FedEx Office,HI,,21.2933000,-157.8390568,Geofabrik OpenStreetMap GeoPackage extract,2026-08-14T20:21:03Z,open,ODbL; attribution and share-alike required,packet_ready,geofabrik_named_food_service
national-post-office-hi-fedex-office-d898801937,FedEx Office post-office-centered national sample candidate,national_post_office_sample_candidate,food_service,osm:node:11419995122,ADEZ Steakhouse & Lounge,,,FedEx Office,HI,,21.2826344,-157.8138795,Geofabrik OpenStreetMap GeoPackage extract,2026-08-14T20:21:03Z,open,ODbL; attribution and share-alike required,packet_ready,geofabrik_named_food_service
national-post-office-hi-fedex-office-d898801937,FedEx Office post-office-centered national sample candidate,national_post_office_sample_candidate,food_service,osm:node:3669672287,Agu Ramen,,,FedEx Office,HI,,21.2924193,-157.8255830,Geofabrik OpenStreetMap GeoPackage extract,2026-08-14T20:21:03Z,open,ODbL; attribution and share-alike required,packet_ready,geofabrik_named_food_service
national-post-office-hi-fedex-office-d898801937,FedEx Office post-office-centered national sample candidate,national_post_office_sample_candidate,food_service,osm:node:11374607313,Ahi & Vegetable,,,FedEx Office,HI,,21.2907274,-157.8419429,Geofabrik OpenStreetMap GeoPackage extract,2026-08-14T20:21:03Z,open,ODbL; attribution and share-alike required,packet_ready,geofabrik_named_food_service
national-post-office-hi-fedex-office-d898801937,FedEx Office post-office-centered national sample candidate,national_post_office_sample_candidate,food_service,osm:node:9279077018,Ahi & Vegetable,,,FedEx Office,HI,,21.3235605,-157.8740118,Geofabrik OpenStreetMap GeoPackage extract,2026-08-14T20:21:03Z,open,ODbL; attribution and share-alike required,packet_ready,geofabrik_named_food_service
national-post-office-hi-fedex-office-d898801937,FedEx Office post-office-centered national sample candidate,national_post_office_sample_candidate,food_service,osm:node:11060928301,Aja,,,FedEx Office,HI,,21.2902060,-157.8439520,Geofabrik OpenStreetMap GeoPackage extract,2026-08-14T20:21:03Z,open,ODbL; attribution and share-alike required,packet_ready,geofabrik_named_food_service
national-post-office-hi-fedex-office-d898801937,FedEx Office post-office-centered national sample candidate,national_post_office_sample_candidate,food_service,osm:way:1357574522,Ala Hawaii Kitchen,,,FedEx Office,HI,,21.2938180,-157.8259402,Geofabrik OpenStreetMap GeoPackage extract,2026-08-14T20:21:03Z,open,ODbL; attribution and share-alike required,packet_ready,geofabrik_named_food_service
national-post-office-hi-fedex-office-d898801937,FedEx Office post-office-centered national sample candidate,national_post_office_sample_candidate,food_service,osm:node:7675124587,Alakea Steak,,,FedEx Office,HI,,21.3075909,-157.8609911,Geofabrik OpenStreetMap GeoPackage extract,2026-08-14T20:21:03Z,open,ODbL; attribution and share-alike required,packet_ready,geofabrik_named_food_service
national-post-office-hi-fedex-office-d898801937,FedEx Office post-office-centered national sample candidate,national_post_office_sample_candidate,food_service,osm:node:5824615653,Alan Wong’s,,,FedEx Office,HI,,21.2953064,-157.8316331,Geofabrik OpenStreetMap GeoPackage extract,2026-08-14T20:21:03Z,open,ODbL; attribution and share-alike required,packet_ready,geofabrik_named_food_service
national-post-office-hi-fedex-office-d898801937,FedEx Office post-office-centered national sample candidate,national_post_office_sample_candidate,food_service,osm:node:8738859040,Alejandro's Mexican Food,,,FedEx Office,HI,,21.2854228,-157.8132884,Geofabrik OpenStreetMap GeoPackage extract,2026-08-14T20:21:03Z,open,ODbL; attribution and share-alike required,packet_ready,geofabrik_named_food_service
national-post-office-hi-fedex-office-d898801937,FedEx Office post-office-centered national sample candidate,national_post_office_sample_candidate,food_service,osm:node:9719526791,Aliʻi Coffee,,,FedEx Office,HI,,21.3115505,-157.8597307,Geofabrik OpenStreetMap GeoPackage extract,2026-08-14T20:21:03Z,open,ODbL; attribution and share-alike required,packet_ready,geofabrik_named_food_service
national-post-office-hi-fedex-office-d898801937,FedEx Office post-office-centered national sample candidate,national_post_office_sample_candidate,food_service,osm:node:9824049717,Aloha Beer Company,,,FedEx Office,HI,,21.3008185,-157.8568287,Geofabrik OpenStreetMap GeoPackage extract,2026-08-14T20:21:03Z,open,ODbL; attribution and share-alike required,packet_ready,geofabrik_named_food_service
national-post-office-hi-fedex-office-d898801937,FedEx Office post-office-centered national sample candidate,national_post_office_sample_candidate,food_service,osm:node:10174735279,Aloha Bowls & Teas,,,FedEx Office,HI,,21.2825042,-157.8366023,Geofabrik OpenStreetMap GeoPackage extract,2026-08-14T20:21:03Z,open,ODbL; attribution and share-alike required,packet_ready,geofabrik_named_food_service
national-post-office-hi-fedex-office-d898801937,FedEx Office post-office-centered national sample candidate,national_post_office_sample_candidate,food_service,osm:node:4703028890,Aloha Burrito Shop,,,FedEx Office,HI,,21.2803898,-157.8295646,Geofabrik OpenStreetMap GeoPackage extract,2026-08-14T20:21:03Z,open,ODbL; attribution and share-alike required,packet_ready,geofabrik_named_food_service
national-post-office-hi-fedex-office-d898801937,FedEx Office post-office-centered national sample candidate,national_post_office_sample_candidate,food_service,osm:node:5119800822,Aloha Cones,,,FedEx Office,HI,,21.3055458,-157.8515916,Geofabrik OpenStreetMap GeoPackage extract,2026-08-14T20:21:03Z,open,ODbL; attribution and share-alike required,packet_ready,geofabrik_named_food_service
national-post-office-hi-fedex-office-d898801937,FedEx Office post-office-centered national sample candidate,national_post_office_sample_candidate,food_service,osm:node:9411396644,Aloha Kitchen,,,FedEx Office,HI,,21.2859383,-157.8352377,Geofabrik OpenStreetMap GeoPackage extract,2026-08-14T20:21:03Z,open,ODbL; attribution and share-alike required,packet_ready,geofabrik_named_food_service
national-post-office-hi-fedex-office-d898801937,FedEx Office post-office-centered national sample candidate,national_post_office_sample_candidate,food_service,osm:node:13375118702,Aloha Mac Shack,,,FedEx Office,HI,,21.2863171,-157.8328715,Geofabrik OpenStreetMap GeoPackage extract,2026-08-14T20:21:03Z,open,ODbL; attribution and share-alike required,packet_ready,geofabrik_named_food_service
national-post-office-hi-fedex-office-d898801937,FedEx Office post-office-centered national sample candidate,national_post_office_sample_candidate,food_service,osm:node:5104873725,Aloha Melt,,,FedEx Office,HI,,21.2805896,-157.8278451,Geofabrik OpenStreetMap GeoPackage extract,2026-08-14T20:21:03Z,open,ODbL; attribution and share-alike required,packet_ready,geofabrik_named_food_service
national-post-office-hi-fedex-office-d898801937,FedEx Office post-office-centered national sample candidate,national_post_office_sample_candidate,food_service,osm:node:4198247891,Aloha Sushi,,,FedEx Office,HI,,21.2854106,-157.8382726,Geofabrik OpenStreetMap GeoPackage extract,2026-08-14T20:21:03Z,open,ODbL; attribution and share-alike required,packet_ready,geofabrik_named_food_service
national-post-office-hi-fedex-office-d898801937,FedEx Office post-office-centered national sample candidate,national_post_office_sample_candidate,food_service,osm:node:4844724061,Aloha Sushi,,,FedEx Office,HI,,21.3010983,-157.8454251,Geofabrik OpenStreetMap GeoPackage extract,2026-08-14T20:21:03Z,open,ODbL; attribution and share-alike required,packet_ready,geofabrik_named_food_service
national-post-office-hi-fedex-office-d898801937,FedEx Office post-office-centered national sample candidate,national_post_office_sample_candidate,food_service,osm:node:4715354789,Aloha Table Waikiki,,,FedEx Office,HI,,21.2798316,-157.8282280,Geofabrik OpenStreetMap GeoPackage extract,2026-08-14T20:21:03Z,open,ODbL; attribution and share-alike required,packet_ready,geofabrik_named_food_service
national-post-office-hi-fedex-office-d898801937,FedEx Office post-office-centered national sample candidate,national_post_office_sample_candidate,food_service,osm:way:1357574515,Aloha Vietnamese Foots,,,FedEx Office,HI,,21.2938960,-157.8262779,Geofabrik OpenStreetMap GeoPackage extract,2026-08-14T20:21:03Z,open,ODbL; attribution and share-alike required,packet_ready,geofabrik_named_food_service
national-post-office-hi-fedex-office-d898801937,FedEx Office post-office-centered national sample candidate,national_post_office_sample_candidate,food_service,osm:node:10096019570,American Wagyu Eatery,,,FedEx Office,HI,,21.2731645,-157.8216354,Geofabrik OpenStreetMap GeoPackage extract,2026-08-14T20:21:03Z,open,ODbL; attribution and share-alike required,packet_ready,geofabrik_named_food_service
national-post-office-hi-fedex-office-d898801937,FedEx Office post-office-centered national sample candidate,national_post_office_sample_candidate,food_service,osm:node:13375125701,Amy's Shrimp and Poke Shack,,,FedEx Office,HI,,21.2862298,-157.8329198,Geofabrik OpenStreetMap GeoPackage extract,2026-08-14T20:21:03Z,open,ODbL; attribution and share-alike required,packet_ready,geofabrik_named_food_service
national-post-office-hi-fedex-office-d898801937,FedEx Office post-office-centered national sample candidate,national_post_office_sample_candidate,food_service,osm:node:10174735293,Aoki Teppanyaki,,,FedEx Office,HI,,21.2834876,-157.8365238,Geofabrik OpenStreetMap GeoPackage extract,2026-08-14T20:21:03Z,open,ODbL; attribution and share-alike required,packet_ready,geofabrik_named_food_service
national-post-office-hi-fedex-office-d898801937,FedEx Office post-office-centered national sample candidate,national_post_office_sample_candidate,food_service,osm:node:4571723693,Appetito Craft Pizza & Wine Bar,,,FedEx Office,HI,,21.2778478,-157.8246824,Geofabrik OpenStreetMap GeoPackage extract,2026-08-14T20:21:03Z,open,ODbL; attribution and share-alike required,packet_ready,geofabrik_named_food_service
national-post-office-hi-fedex-office-d898801937,FedEx Office post-office-centered national sample candidate,national_post_office_sample_candidate,food_service,osm:node:4715374589,Arancino,,,FedEx Office,HI,,21.2799234,-157.8310400,Geofabrik OpenStreetMap GeoPackage extract,2026-08-14T20:21:03Z,open,ODbL; attribution and share-alike required,packet_ready,geofabrik_named_food_service
national-post-office-hi-fedex-office-d898801937,FedEx Office post-office-centered national sample candidate,national_post_office_sample_candidate,food_service,osm:node:6440844485,Arancino di Mare,,,FedEx Office,HI,,21.2730757,-157.8230400,Geofabrik OpenStreetMap GeoPackage extract,2026-08-14T20:21:03Z,open,ODbL; attribution and share-alike required,packet_ready,geofabrik_named_food_service
national-post-office-hi-fedex-office-d898801937,FedEx Office post-office-centered national sample candidate,national_post_office_sample_candidate,food_service,osm:node:4793939992,Arnold's Beach Bar & Grill,,,FedEx Office,HI,,21.2812827,-157.8312033,Geofabrik OpenStreetMap GeoPackage extract,2026-08-14T20:21:03Z,open,ODbL; attribution and share-alike required,packet_ready,geofabrik_named_food_service
national-post-office-hi-fedex-office-d898801937,FedEx Office post-office-centered national sample candidate,national_post_office_sample_candidate,food_service,osm:node:13409715918,Aroma Italia,,,FedEx Office,HI,,21.2688196,-157.8135258,Geofabrik OpenStreetMap GeoPackage extract,2026-08-14T20:21:03Z,open,ODbL; attribution and share-alike required,packet_ready,geofabrik_named_food_service
national-post-office-hi-fedex-office-d898801937,FedEx Office post-office-centered national sample candidate,national_post_office_sample_candidate,food_service,osm:node:8492192235,Artizen by MW,,,FedEx Office,HI,,21.2995282,-157.8524740,Geofabrik OpenStreetMap GeoPackage extract,2026-08-14T20:21:03Z,open,ODbL; attribution and share-alike required,packet_ready,geofabrik_named_food_service
national-post-office-hi-fedex-office-d898801937,FedEx Office post-office-centered national sample candidate,national_post_office_sample_candidate,food_service,osm:node:9823974317,Arvo Cafe,,,FedEx Office,HI,,21.2981429,-157.8614221,Geofabrik OpenStreetMap GeoPackage extract,2026-08-14T20:21:03Z,open,ODbL; attribution and share-alike required,packet_ready,geofabrik_named_food_service
national-post-office-hi-fedex-office-d898801937,FedEx Office post-office-centered national sample candidate,national_post_office_sample_candidate,food_service,osm:node:5532610121,Asahi Grill Ward,,,FedEx Office,HI,,21.2976371,-157.8538459,Geofabrik OpenStreetMap GeoPackage extract,2026-08-14T20:21:03Z,open,ODbL; attribution and share-alike required,packet_ready,geofabrik_named_food_service
national-post-office-hi-fedex-office-d898801937,FedEx Office post-office-centered national sample candidate,national_post_office_sample_candidate,food_service,osm:node:5668046477,Asian Mix,,,FedEx Office,HI,,21.3013944,-157.8421193,Geofabrik OpenStreetMap GeoPackage extract,2026-08-14T20:21:03Z,open,ODbL; attribution and share-alike required,packet_ready,geofabrik_named_food_service
national-post-office-hi-fedex-office-d898801937,FedEx Office post-office-centered national sample candidate,national_post_office_sample_candidate,food_service,osm:node:11060928287,Auntie Anne's,,,FedEx Office,HI,,21.2902704,-157.8438610,Geofabrik OpenStreetMap GeoPackage extract,2026-08-14T20:21:03Z,open,ODbL; attribution and share-alike required,packet_ready,geofabrik_named_food_service
national-post-office-hi-fedex-office-d898801937,FedEx Office post-office-centered national sample candidate,national_post_office_sample_candidate,food_service,osm:node:10200931619,Azure Restaurant & Bar,,,FedEx Office,HI,,21.2769978,-157.8290836,Geofabrik OpenStreetMap GeoPackage extract,2026-08-14T20:21:03Z,open,ODbL; attribution and share-alike required,packet_ready,geofabrik_named_food_service
national-post-office-hi-fedex-office-d898801937,FedEx Office post-office-centered national sample candidate,national_post_office_sample_candidate,food_service,osm:node:4733214222,BEVY,,,FedEx Office,HI,,21.2987733,-157.8613774,Geofabrik OpenStreetMap GeoPackage extract,2026-08-14T20:21:03Z,open,ODbL; attribution and share-alike required,packet_ready,geofabrik_named_food_service
national-post-office-hi-fedex-office-d898801937,FedEx Office post-office-centered national sample candidate,national_post_office_sample_candidate,food_service,osm:node:4517516392,BIC Tacos,,,FedEx Office,HI,,21.3075374,-157.8616931,Geofabrik OpenStreetMap GeoPackage extract,2026-08-14T20:21:03Z,open,ODbL; attribution and share-alike required,packet_ready,geofabrik_named_food_service
national-post-office-hi-fedex-office-d898801937,FedEx Office post-office-centered national sample candidate,national_post_office_sample_candidate,food_service,osm:node:3845708459,Ba Le,,,FedEx Office,HI,,21.2988780,-157.8197241,Geofabrik OpenStreetMap GeoPackage extract,2026-08-14T20:21:03Z,open,ODbL; attribution and share-alike required,packet_ready,geofabrik_named_food_service
national-post-office-hi-fedex-office-d898801937,FedEx Office post-office-centered national sample candidate,national_post_office_sample_candidate,food_service,osm:way:615032018,Bac Nam,,,FedEx Office,HI,,21.3001211,-157.8454011,Geofabrik OpenStreetMap GeoPackage extract,2026-08-14T20:21:03Z,open,ODbL; attribution and share-alike required,packet_ready,geofabrik_named_food_service
national-post-office-hi-fedex-office-d898801937,FedEx Office post-office-centered national sample candidate,national_post_office_sample_candidate,food_service,osm:node:4749695006,Bakery & Table,,,FedEx Office,HI,,21.2997400,-157.8444290,Geofabrik OpenStreetMap GeoPackage extract,2026-08-14T20:21:03Z,open,ODbL; attribution and share-alike required,packet_ready,geofabrik_named_food_service
national-post-office-hi-fedex-office-d898801937,FedEx Office post-office-centered national sample candidate,national_post_office_sample_candidate,food_service,osm:node:10174735275,Bali Oceanfront,,,FedEx Office,HI,,21.2819878,-157.8385767,Geofabrik OpenStreetMap GeoPackage extract,2026-08-14T20:21:03Z,open,ODbL; attribution and share-alike required,packet_ready,geofabrik_named_food_service
national-post-office-hi-fedex-office-d898801937,FedEx Office post-office-centered national sample candidate,national_post_office_sample_candidate,food_service,osm:node:11060766549,Banchan House,,,FedEx Office,HI,,21.2955841,-157.8410790,Geofabrik OpenStreetMap GeoPackage extract,2026-08-14T20:21:03Z,open,ODbL; attribution and share-alike required,packet_ready,geofabrik_named_food_service
national-post-office-hi-fedex-office-d898801937,FedEx Office post-office-centered national sample candidate,national_post_office_sample_candidate,food_service,osm:node:4585753889,Bangga Bangga,,,FedEx Office,HI,,21.2903432,-157.8436956,Geofabrik OpenStreetMap GeoPackage extract,2026-08-14T20:21:03Z,open,ODbL; attribution and share-alike required,packet_ready,geofabrik_named_food_service
national-post-office-hi-fedex-office-d898801937,FedEx Office post-office-centered national sample candidate,national_post_office_sample_candidate,food_service,osm:node:4266831991,Bangkok Chef,,,FedEx Office,HI,,21.3171893,-157.8550118,Geofabrik OpenStreetMap GeoPackage extract,2026-08-14T20:21:03Z,open,ODbL; attribution and share-alike required,packet_ready,geofabrik_named_food_service
national-post-office-hi-fedex-office-d898801937,FedEx Office post-office-centered national sample candidate,national_post_office_sample_candidate,food_service,osm:node:5550920126,Bangkok Chef,,,FedEx Office,HI,,21.2912491,-157.8203885,Geofabrik OpenStreetMap GeoPackage extract,2026-08-14T20:21:03Z,open,ODbL; attribution and share-alike required,packet_ready,geofabrik_named_food_service
national-post-office-hi-fedex-office-d898801937,FedEx Office post-office-centered national sample candidate,national_post_office_sample_candidate,food_service,osm:node:9432520017,Banzai Burger,,,FedEx Office,HI,,21.2790710,-157.8260361,Geofabrik OpenStreetMap GeoPackage extract,2026-08-14T20:21:03Z,open,ODbL; attribution and share-alike required,packet_ready,geofabrik_named_food_service
national-post-office-hi-fedex-office-d898801937,FedEx Office post-office-centered national sample candidate,national_post_office_sample_candidate,food_service,osm:node:4395594790,Barefoot Beach Cafe,,,FedEx Office,HI,,21.2678942,-157.8225004,Geofabrik OpenStreetMap GeoPackage extract,2026-08-14T20:21:03Z,open,ODbL; attribution and share-alike required,packet_ready,geofabrik_named_food_service
national-post-office-hi-fedex-office-d898801937,FedEx Office post-office-centered national sample candidate,national_post_office_sample_candidate,food_service,osm:node:6765549487,Bario’s Ramen,,,FedEx Office,HI,,21.2792313,-157.8281710,Geofabrik OpenStreetMap GeoPackage extract,2026-08-14T20:21:03Z,open,ODbL; attribution and share-alike required,packet_ready,geofabrik_named_food_service
national-post-office-hi-fedex-office-d898801937,FedEx Office post-office-centered national sample candidate,national_post_office_sample_candidate,food_service,osm:node:9823986217,Basalt,,,FedEx Office,HI,,21.2794969,-157.8266626,Geofabrik OpenStreetMap GeoPackage extract,2026-08-14T20:21:03Z,open,ODbL; attribution and share-alike required,packet_ready,geofabrik_named_food_service
national-post-office-hi-fedex-office-d898801937,FedEx Office post-office-centered national sample candidate,national_post_office_sample_candidate,food_service,osm:node:11898028410,Bean About Town,,,FedEx Office,HI,,21.2804657,-157.8283900,Geofabrik OpenStreetMap GeoPackage extract,2026-08-14T20:21:03Z,open,ODbL; attribution and share-alike required,packet_ready,geofabrik_named_food_service
national-post-office-hi-fedex-office-d898801937,FedEx Office post-office-centered national sample candidate,national_post_office_sample_candidate,food_service,osm:node:6440964285,Bernini,,,FedEx Office,HI,,21.2938155,-157.8477000,Geofabrik OpenStreetMap GeoPackage extract,2026-08-14T20:21:03Z,open,ODbL; attribution and share-alike required,packet_ready,geofabrik_named_food_service
national-post-office-hi-fedex-office-d898801937,FedEx Office post-office-centered national sample candidate,national_post_office_sample_candidate,food_service,osm:node:13012012724,Best Korean Bbq,,,FedEx Office,HI,,21.3231048,-157.8910217,Geofabrik OpenStreetMap GeoPackage extract,2026-08-14T20:21:03Z,open,ODbL; attribution and share-alike required,packet_ready,geofabrik_named_food_service
national-post-office-hi-fedex-office-d898801937,FedEx Office post-office-centered national sample candidate,national_post_office_sample_candidate,food_service,osm:node:4891724275,Betty’s Burgers,,,FedEx Office,HI,,21.2925933,-157.8213403,Geofabrik OpenStreetMap GeoPackage extract,2026-08-14T20:21:03Z,open,ODbL; attribution and share-alike required,packet_ready,geofabrik_named_food_service
national-post-office-hi-fedex-office-d898801937,FedEx Office post-office-centered national sample candidate,national_post_office_sample_candidate,food_service,osm:node:10208335798,Bibas Courtyard Grill,,,FedEx Office,HI,,21.2817338,-157.8343823,Geofabrik OpenStreetMap GeoPackage extract,2026-08-14T20:21:03Z,open,ODbL; attribution and share-alike required,packet_ready,geofabrik_named_food_service
national-post-office-hi-fedex-office-d898801937,FedEx Office post-office-centered national sample candidate,national_post_office_sample_candidate,food_service,osm:node:4484925797,Big Kahuna,,,FedEx Office,HI,,21.2799243,-157.8265420,Geofabrik OpenStreetMap GeoPackage extract,2026-08-14T20:21:03Z,open,ODbL; attribution and share-alike required,packet_ready,geofabrik_named_food_service
national-post-office-hi-fedex-office-d898801937,FedEx Office post-office-centered national sample candidate,national_post_office_sample_candidate,food_service,osm:node:4715370289,Bills,,,FedEx Office,HI,,21.2805833,-157.8308980,Geofabrik OpenStreetMap GeoPackage extract,2026-08-14T20:21:03Z,open,ODbL; attribution and share-alike required,packet_ready,geofabrik_named_food_service
national-post-office-hi-fedex-office-d898801937,FedEx Office post-office-centered national sample candidate,national_post_office_sample_candidate,food_service,osm:node:11401118870,Blondies Vegan Brand Proteins + Cafe,,,FedEx Office,HI,,21.3110241,-157.8641736,Geofabrik OpenStreetMap GeoPackage extract,2026-08-14T20:21:03Z,open,ODbL; attribution and share-alike required,packet_ready,geofabrik_named_food_service
national-post-office-hi-fedex-office-d898801937,FedEx Office post-office-centered national sample candidate,national_post_office_sample_candidate,food_service,osm:node:6618176286,Blue Hawaii Lifestyle,,,FedEx Office,HI,,21.2918486,-157.8458233,Geofabrik OpenStreetMap GeoPackage extract,2026-08-14T20:21:03Z,open,ODbL; attribution and share-alike required,packet_ready,geofabrik_named_food_service
national-post-office-hi-fedex-office-d898801937,FedEx Office post-office-centered national sample candidate,national_post_office_sample_candidate,food_service,osm:node:8642464274,Blue Ocean Seafood & Steak,,,FedEx Office,HI,,21.2760816,-157.8232056,Geofabrik OpenStreetMap GeoPackage extract,2026-08-14T20:21:03Z,open,ODbL; attribution and share-alike required,packet_ready,geofabrik_named_food_service
national-post-office-hi-fedex-office-d898801937,FedEx Office post-office-centered national sample candidate,national_post_office_sample_candidate,food_service,osm:node:10174735287,Blue Water Shrimp & Seafood Market,,,FedEx Office,HI,,21.2833369,-157.8372235,Geofabrik OpenStreetMap GeoPackage extract,2026-08-14T20:21:03Z,open,ODbL; attribution and share-alike required,packet_ready,geofabrik_named_food_service
national-post-office-hi-fedex-office-d898801937,FedEx Office post-office-centered national sample candidate,national_post_office_sample_candidate,food_service,osm:way:506580617,Bob's Bar-b-que,,,FedEx Office,HI,,21.3237952,-157.8755273,Geofabrik OpenStreetMap GeoPackage extract,2026-08-14T20:21:03Z,open,ODbL; attribution and share-alike required,packet_ready,geofabrik_named_food_service
national-post-office-hi-fedex-office-d898801937,FedEx Office post-office-centered national sample candidate,national_post_office_sample_candidate,food_service,osm:node:4198287092,Bombay Palace,,,FedEx Office,HI,,21.2850957,-157.8379883,Geofabrik OpenStreetMap GeoPackage extract,2026-08-14T20:21:03Z,open,ODbL; attribution and share-alike required,packet_ready,geofabrik_named_food_service
national-post-office-hi-fedex-office-d898801937,FedEx Office post-office-centered national sample candidate,national_post_office_sample_candidate,food_service,osm:node:5261328121,Brick Fire Tavern,,,FedEx Office,HI,,21.3113726,-157.8621368,Geofabrik OpenStreetMap GeoPackage extract,2026-08-14T20:21:03Z,open,ODbL; attribution and share-alike required,packet_ready,geofabrik_named_food_service
national-post-office-hi-fedex-office-d898801937,FedEx Office post-office-centered national sample candidate,national_post_office_sample_candidate,food_service,osm:way:256684706,Burger King,,,FedEx Office,HI,,21.3248583,-157.8775164,Geofabrik OpenStreetMap GeoPackage extract,2026-08-14T20:21:03Z,open,ODbL; attribution and share-alike required,packet_ready,geofabrik_named_food_service
national-post-office-hi-fedex-office-d898801937,FedEx Office post-office-centered national sample candidate,national_post_office_sample_candidate,food_service,osm:way:488209000,Burger King,,,FedEx Office,HI,,21.2996706,-157.8386293,Geofabrik OpenStreetMap GeoPackage extract,2026-08-14T20:21:03Z,open,ODbL; attribution and share-alike required,packet_ready,geofabrik_named_food_service
national-post-office-hi-fedex-office-d898801937,FedEx Office post-office-centered national sample candidate,national_post_office_sample_candidate,food_service,osm:way:545784304,Burger King,,,FedEx Office,HI,,21.2928778,-157.8228097,Geofabrik OpenStreetMap GeoPackage extract,2026-08-14T20:21:03Z,open,ODbL; attribution and share-alike required,packet_ready,geofabrik_named_food_service
national-post-office-hi-fedex-office-d898801937,FedEx Office post-office-centered national sample candidate,national_post_office_sample_candidate,food_service,osm:node:6579520185,Burgers on Bishop,,,FedEx Office,HI,,21.3069691,-157.8649872,Geofabrik OpenStreetMap GeoPackage extract,2026-08-14T20:21:03Z,open,ODbL; attribution and share-alike required,packet_ready,geofabrik_named_food_service
national-post-office-hi-fedex-office-d898801937,FedEx Office post-office-centered national sample candidate,national_post_office_sample_candidate,food_service,osm:node:13375129201,Byblos Express,,,FedEx Office,HI,,21.2861829,-157.8330069,Geofabrik OpenStreetMap GeoPackage extract,2026-08-14T20:21:03Z,open,ODbL; attribution and share-alike required,packet_ready,geofabrik_named_food_service
national-post-office-hi-fedex-office-d898801937,FedEx Office post-office-centered national sample candidate,national_post_office_sample_candidate,food_service,osm:node:10174735286,CJ’s New York Style Delicatessen,,,FedEx Office,HI,,21.2831583,-157.8373967,Geofabrik OpenStreetMap GeoPackage extract,2026-08-14T20:21:03Z,open,ODbL; attribution and share-alike required,packet_ready,geofabrik_named_food_service
national-post-office-hi-fedex-office-d898801937,FedEx Office post-office-centered national sample candidate,national_post_office_sample_candidate,food_service,osm:node:5219366832,Cafe Anasia,,,FedEx Office,HI,,21.2948644,-157.8264002,Geofabrik OpenStreetMap GeoPackage extract,2026-08-14T20:21:03Z,open,ODbL; attribution and share-alike required,packet_ready,geofabrik_named_food_service
national-post-office-hi-fedex-office-d898801937,FedEx Office post-office-centered national sample candidate,national_post_office_sample_candidate,food_service,osm:node:2903614201,Cafe Central,,,FedEx Office,HI,,21.3079292,-157.8614965,Geofabrik OpenStreetMap GeoPackage extract,2026-08-14T20:21:03Z,open,ODbL; attribution and share-alike required,packet_ready,geofabrik_named_food_service
national-post-office-hi-fedex-office-d898801937,FedEx Office post-office-centered national sample candidate,national_post_office_sample_candidate,food_service,osm:node:5444052489,Cafe Julia,,,FedEx Office,HI,,21.3077869,-157.8600963,Geofabrik OpenStreetMap GeoPackage extract,2026-08-14T20:21:03Z,open,ODbL; attribution and share-alike required,packet_ready,geofabrik_named_food_service
national-post-office-hi-fedex-office-d898801937,FedEx Office post-office-centered national sample candidate,national_post_office_sample_candidate,food_service,osm:node:10796520141,Cafe Kyra,,,FedEx Office,HI,,21.2931477,-157.8386734,Geofabrik OpenStreetMap GeoPackage extract,2026-08-14T20:21:03Z,open,ODbL; attribution and share-alike required,packet_ready,geofabrik_named_food_service
national-post-office-hi-fedex-office-d898801937,FedEx Office post-office-centered national sample candidate,national_post_office_sample_candidate,food_service,osm:node:4631945805,Cafe Maharani,,,FedEx Office,HI,,21.2923067,-157.8236923,Geofabrik OpenStreetMap GeoPackage extract,2026-08-14T20:21:03Z,open,ODbL; attribution and share-alike required,packet_ready,geofabrik_named_food_service
national-post-office-hi-fedex-office-d898801937,FedEx Office post-office-centered national sample candidate,national_post_office_sample_candidate,food_service,osm:way:293593315,Cafeteria,,,FedEx Office,HI,,21.3117601,-157.8570217,Geofabrik OpenStreetMap GeoPackage extract,2026-08-14T20:21:03Z,open,ODbL; attribution and share-alike required,packet_ready,geofabrik_named_food_service
national-post-office-hi-fedex-office-d898801937,FedEx Office post-office-centered national sample candidate,national_post_office_sample_candidate,food_service,osm:node:5039057123,Café Kaila,,,FedEx Office,HI,,21.2881663,-157.8150994,Geofabrik OpenStreetMap GeoPackage extract,2026-08-14T20:21:03Z,open,ODbL; attribution and share-alike required,packet_ready,geofabrik_named_food_service
national-post-office-hi-fedex-office-d898801937,FedEx Office post-office-centered national sample candidate,national_post_office_sample_candidate,food_service,osm:node:13389696051,Café VNTG,,,FedEx Office,HI,,21.2994945,-157.8544877,Geofabrik OpenStreetMap GeoPackage extract,2026-08-14T20:21:03Z,open,ODbL; attribution and share-alike required,packet_ready,geofabrik_named_food_service
national-post-office-hi-fedex-office-d898801937,FedEx Office post-office-centered national sample candidate,national_post_office_sample_candidate,food_service,osm:node:9284303458,California Pizza Kitchen,,,FedEx Office,HI,,21.2905035,-157.8428223,Geofabrik OpenStreetMap GeoPackage extract,2026-08-14T20:21:03Z,open,ODbL; attribution and share-alike required,packet_ready,geofabrik_named_food_service
national-post-office-hi-fedex-office-d898801937,FedEx Office post-office-centered national sample candidate,national_post_office_sample_candidate,food_service,osm:node:12973911810,Camado Ramen Tavern,,,FedEx Office,HI,,21.2807374,-157.8292975,Geofabrik OpenStreetMap GeoPackage extract,2026-08-14T20:21:03Z,open,ODbL; attribution and share-alike required,packet_ready,geofabrik_named_food_service
national-post-office-hi-fedex-office-d898801937,FedEx Office post-office-centered national sample candidate,national_post_office_sample_candidate,food_service,osm:node:5631409321,Camellia Buffet,,,FedEx Office,HI,,21.2944569,-157.8304430,Geofabrik OpenStreetMap GeoPackage extract,2026-08-14T20:21:03Z,open,ODbL; attribution and share-alike required,packet_ready,geofabrik_named_food_service
national-post-office-hi-fedex-office-d898801937,FedEx Office post-office-centered national sample candidate,national_post_office_sample_candidate,food_service,osm:node:13897927401,Carls Jr,,,FedEx Office,HI,,21.3282607,-157.8858826,Geofabrik OpenStreetMap GeoPackage extract,2026-08-14T20:21:03Z,open,ODbL; attribution and share-alike required,packet_ready,geofabrik_named_food_service
national-post-office-hi-fedex-office-d898801937,FedEx Office post-office-centered national sample candidate,national_post_office_sample_candidate,food_service,osm:node:9213006000,Cha to Gelato Zen,,,FedEx Office,HI,,21.2807525,-157.8142397,Geofabrik OpenStreetMap GeoPackage extract,2026-08-14T20:21:03Z,open,ODbL; attribution and share-alike required,packet_ready,geofabrik_named_food_service
national-post-office-hi-fedex-office-d898801937,FedEx Office post-office-centered national sample candidate,national_post_office_sample_candidate,food_service,osm:node:9279004939,Chao,,,FedEx Office,HI,,21.3163518,-157.8551211,Geofabrik OpenStreetMap GeoPackage extract,2026-08-14T20:21:03Z,open,ODbL; attribution and share-alike required,packet_ready,geofabrik_named_food_service
national-post-office-hi-fedex-office-d898801937,FedEx Office post-office-centered national sample candidate,national_post_office_sample_candidate,food_service,osm:node:5221464369,Char Hung Sut,,,FedEx Office,HI,,21.3123704,-157.8617873,Geofabrik OpenStreetMap GeoPackage extract,2026-08-14T20:21:03Z,open,ODbL; attribution and share-alike required,packet_ready,geofabrik_named_food_service
national-post-office-hi-fedex-office-d898801937,FedEx Office post-office-centered national sample candidate,national_post_office_sample_candidate,food_service,osm:node:11060928253,Charleys Philly Steaks,,,FedEx Office,HI,,21.2905369,-157.8442290,Geofabrik OpenStreetMap GeoPackage extract,2026-08-14T20:21:03Z,open,ODbL; attribution and share-alike required,packet_ready,geofabrik_named_food_service
national-post-office-hi-fedex-office-d898801937,FedEx Office post-office-centered national sample candidate,national_post_office_sample_candidate,food_service,osm:node:3072567140,Charthouse,,,FedEx Office,HI,,21.2852049,-157.8397764,Geofabrik OpenStreetMap GeoPackage extract,2026-08-14T20:21:03Z,open,ODbL; attribution and share-alike required,packet_ready,geofabrik_named_food_service
national-post-office-hi-fedex-office-d898801937,FedEx Office post-office-centered national sample candidate,national_post_office_sample_candidate,food_service,osm:node:8668128620,Chau’s Fresh Fruit,,,FedEx Office,HI,,21.3128623,-157.8627516,Geofabrik OpenStreetMap GeoPackage extract,2026-08-14T20:21:03Z,open,ODbL; attribution and share-alike required,packet_ready,geofabrik_named_food_service
national-post-office-hi-fedex-office-d898801937,FedEx Office post-office-centered national sample candidate,national_post_office_sample_candidate,food_service,osm:node:4257948491,Cheese Burger in Paradise,,,FedEx Office,HI,,21.2738795,-157.8238365,Geofabrik OpenStreetMap GeoPackage extract,2026-08-14T20:21:03Z,open,ODbL; attribution and share-alike required,packet_ready,geofabrik_named_food_service
national-post-office-hi-fedex-office-d898801937,FedEx Office post-office-centered national sample candidate,national_post_office_sample_candidate,food_service,osm:node:4212318389,Cheeseburger,,,FedEx Office,HI,,21.2859723,-157.8334470,Geofabrik OpenStreetMap GeoPackage extract,2026-08-14T20:21:03Z,open,ODbL; attribution and share-alike required,packet_ready,geofabrik_named_food_service
national-post-office-hi-fedex-office-d898801937,FedEx Office post-office-centered national sample candidate,national_post_office_sample_candidate,food_service,osm:node:11061050677,Cheeseburger Factory & Steak & Fish Co,,,FedEx Office,HI,,21.2903309,-157.8440815,Geofabrik OpenStreetMap GeoPackage extract,2026-08-14T20:21:03Z,open,ODbL; attribution and share-alike required,packet_ready,geofabrik_named_food_service
national-post-office-hi-fedex-office-d898801937,FedEx Office post-office-centered national sample candidate,national_post_office_sample_candidate,food_service,osm:node:7530633538,Chef’s Ramen,,,FedEx Office,HI,,21.3217740,-157.8759219,Geofabrik OpenStreetMap GeoPackage extract,2026-08-14T20:21:03Z,open,ODbL; attribution and share-alike required,packet_ready,geofabrik_named_food_service
national-post-office-hi-fedex-office-d898801937,FedEx Office post-office-centered national sample candidate,national_post_office_sample_candidate,food_service,osm:node:961005863,Chiang Mai,,,FedEx Office,HI,,21.2936994,-157.8273140,Geofabrik OpenStreetMap GeoPackage extract,2026-08-14T20:21:03Z,open,ODbL; attribution and share-alike required,packet_ready,geofabrik_named_food_service
national-post-office-hi-fedex-office-d898801937,FedEx Office post-office-centered national sample candidate,national_post_office_sample_candidate,food_service,osm:node:4199052490,Chiba-ken,,,FedEx Office,HI,,21.2865436,-157.8343927,Geofabrik OpenStreetMap GeoPackage extract,2026-08-14T20:21:03Z,open,ODbL; attribution and share-alike required,packet_ready,geofabrik_named_food_service
national-post-office-hi-fedex-office-d898801937,FedEx Office post-office-centered national sample candidate,national_post_office_sample_candidate,food_service,osm:node:11060928280,Chick-fil-A,,,FedEx Office,HI,,21.2906794,-157.8439934,Geofabrik OpenStreetMap GeoPackage extract,2026-08-14T20:21:03Z,open,ODbL; attribution and share-alike required,packet_ready,geofabrik_named_food_service
national-post-office-hi-fedex-office-d898801937,FedEx Office post-office-centered national sample candidate,national_post_office_sample_candidate,food_service,osm:way:305801131,Chick-fil-A,,,FedEx Office,HI,,21.2901650,-157.8351787,Geofabrik OpenStreetMap GeoPackage extract,2026-08-14T20:21:03Z,open,ODbL; attribution and share-alike required,packet_ready,geofabrik_named_food_service
national-post-office-hi-fedex-office-d898801937,FedEx Office post-office-centered national sample candidate,national_post_office_sample_candidate,food_service,osm:way:487541402,Chick-fil-A,,,FedEx Office,HI,,21.3030450,-157.8464124,Geofabrik OpenStreetMap GeoPackage extract,2026-08-14T20:21:03Z,open,ODbL; attribution and share-alike required,packet_ready,geofabrik_named_food_service
national-post-office-hi-fedex-office-d898801937,FedEx Office post-office-centered national sample candidate,national_post_office_sample_candidate,food_service,osm:node:13414457297,Chill and Grill,,,FedEx Office,HI,,21.2944189,-157.8514737,Geofabrik OpenStreetMap GeoPackage extract,2026-08-14T20:21:03Z,open,ODbL; attribution and share-alike required,packet_ready,geofabrik_named_food_service
national-post-office-hi-fedex-office-d898801937,FedEx Office post-office-centered national sample candidate,national_post_office_sample_candidate,food_service,osm:node:5866604360,Choi's Restaurant,,,FedEx Office,HI,,21.2989606,-157.8421356,Geofabrik OpenStreetMap GeoPackage extract,2026-08-14T20:21:03Z,open,ODbL; attribution and share-alike required,packet_ready,geofabrik_named_food_service
national-post-office-hi-fedex-office-d898801937,FedEx Office post-office-centered national sample candidate,national_post_office_sample_candidate,food_service,osm:node:12865068865,Chong Qing Hot Pot,,,FedEx Office,HI,,21.2849830,-157.8379306,Geofabrik OpenStreetMap GeoPackage extract,2026-08-14T20:21:03Z,open,ODbL; attribution and share-alike required,packet_ready,geofabrik_named_food_service
national-post-office-hi-fedex-office-d898801937,FedEx Office post-office-centered national sample candidate,national_post_office_sample_candidate,food_service,osm:node:11120859769,Chronic Tacos,,,FedEx Office,HI,,21.2832035,-157.8145806,Geofabrik OpenStreetMap GeoPackage extract,2026-08-14T20:21:03Z,open,ODbL; attribution and share-alike required,packet_ready,geofabrik_named_food_service
national-post-office-hi-fedex-office-d898801937,FedEx Office post-office-centered national sample candidate,national_post_office_sample_candidate,food_service,osm:node:7603992327,Chuck E. Cheese,,,FedEx Office,HI,,21.3221362,-157.8754980,Geofabrik OpenStreetMap GeoPackage extract,2026-08-14T20:21:03Z,open,ODbL; attribution and share-alike required,packet_ready,geofabrik_named_food_service
national-post-office-hi-fedex-office-d898801937,FedEx Office post-office-centered national sample candidate,national_post_office_sample_candidate,food_service,osm:node:4749898337,Chun Wah Kam Noodle Factory,,,FedEx Office,HI,,21.2938293,-157.8482309,Geofabrik OpenStreetMap GeoPackage extract,2026-08-14T20:21:03Z,open,ODbL; attribution and share-alike required,packet_ready,geofabrik_named_food_service
national-post-office-hi-fedex-office-d898801937,FedEx Office post-office-centered national sample candidate,national_post_office_sample_candidate,food_service,osm:node:13375125602,Churros Olé,,,FedEx Office,HI,,21.2862267,-157.8329733,Geofabrik OpenStreetMap GeoPackage extract,2026-08-14T20:21:03Z,open,ODbL; attribution and share-alike required,packet_ready,geofabrik_named_food_service
national-post-office-hi-fedex-office-d898801937,FedEx Office post-office-centered national sample candidate,national_post_office_sample_candidate,food_service,osm:node:11060928292,Cinnabon,,,FedEx Office,HI,,21.2902272,-157.8438800,Geofabrik OpenStreetMap GeoPackage extract,2026-08-14T20:21:03Z,open,ODbL; attribution and share-alike required,packet_ready,geofabrik_named_food_service
national-post-office-hi-fedex-office-d898801937,FedEx Office post-office-centered national sample candidate,national_post_office_sample_candidate,food_service,osm:node:4199052491,Cinnamon's,,,FedEx Office,HI,,21.2841160,-157.8385286,Geofabrik OpenStreetMap GeoPackage extract,2026-08-14T20:21:03Z,open,ODbL; attribution and share-alike required,packet_ready,geofabrik_named_food_service
national-post-office-hi-fedex-office-d898801937,FedEx Office post-office-centered national sample candidate,national_post_office_sample_candidate,food_service,osm:node:11061050676,CoCo Ichibanya,,,FedEx Office,HI,,21.2903800,-157.8442172,Geofabrik OpenStreetMap GeoPackage extract,2026-08-14T20:21:03Z,open,ODbL; attribution and share-alike required,packet_ready,geofabrik_named_food_service
national-post-office-hi-fedex-office-d898801937,FedEx Office post-office-centered national sample candidate,national_post_office_sample_candidate,food_service,osm:node:4198250392,Coffee Beanery,,,FedEx Office,HI,,21.2855056,-157.8384013,Geofabrik OpenStreetMap GeoPackage extract,2026-08-14T20:21:03Z,open,ODbL; attribution and share-alike required,packet_ready,geofabrik_named_food_service
national-post-office-hi-fedex-office-d898801937,FedEx Office post-office-centered national sample candidate,national_post_office_sample_candidate,food_service,osm:node:4198283192,Coffee or Tea?,,,FedEx Office,HI,,21.2900448,-157.8327205,Geofabrik OpenStreetMap GeoPackage extract,2026-08-14T20:21:03Z,open,ODbL; attribution and share-alike required,packet_ready,geofabrik_named_food_service
national-post-office-hi-fedex-office-d898801937,FedEx Office post-office-centered national sample candidate,national_post_office_sample_candidate,food_service,osm:node:13417126148,Conversations,,,FedEx Office,HI,,21.3235697,-157.8572763,Geofabrik OpenStreetMap GeoPackage extract,2026-08-14T20:21:03Z,open,ODbL; attribution and share-alike required,packet_ready,geofabrik_named_food_service
national-post-office-hi-fedex-office-d898801937,FedEx Office post-office-centered national sample candidate,national_post_office_sample_candidate,food_service,osm:node:4368514723,Cooking Fresh,,,FedEx Office,HI,,21.3212465,-157.8707428,Geofabrik OpenStreetMap GeoPackage extract,2026-08-14T20:21:03Z,open,ODbL; attribution and share-alike required,packet_ready,geofabrik_named_food_service
national-post-office-hi-fedex-office-d898801937,FedEx Office post-office-centered national sample candidate,national_post_office_sample_candidate,food_service,osm:node:14023935433,Cotti Coffee,,,FedEx Office,HI,,21.2953948,-157.8540435,Geofabrik OpenStreetMap GeoPackage extract,2026-08-14T20:21:03Z,open,ODbL; attribution and share-alike required,packet_ready,geofabrik_named_food_service
national-post-office-hi-fedex-office-d898801937,FedEx Office post-office-centered national sample candidate,national_post_office_sample_candidate,food_service,osm:node:4520277889,Crackin' Kitchen,,,FedEx Office,HI,,21.2800518,-157.8274325,Geofabrik OpenStreetMap GeoPackage extract,2026-08-14T20:21:03Z,open,ODbL; attribution and share-alike required,packet_ready,geofabrik_named_food_service
national-post-office-hi-fedex-office-d898801937,FedEx Office post-office-centered national sample candidate,national_post_office_sample_candidate,food_service,osm:node:769079040,Cream Pot,,,FedEx Office,HI,,21.2871109,-157.8323852,Geofabrik OpenStreetMap GeoPackage extract,2026-08-14T20:21:03Z,open,ODbL; attribution and share-alike required,packet_ready,geofabrik_named_food_service
national-post-office-hi-fedex-office-d898801937,FedEx Office post-office-centered national sample candidate,national_post_office_sample_candidate,food_service,osm:way:1082574085,Cuckoo Coconuts,,,FedEx Office,HI,,21.2799724,-157.8283784,Geofabrik OpenStreetMap GeoPackage extract,2026-08-14T20:21:03Z,open,ODbL; attribution and share-alike required,packet_ready,geofabrik_named_food_service
national-post-office-hi-fedex-office-d898801937,FedEx Office post-office-centered national sample candidate,national_post_office_sample_candidate,food_service,osm:node:11112919468,Da Best Pho,,,FedEx Office,HI,,21.2881418,-157.8150067,Geofabrik OpenStreetMap GeoPackage extract,2026-08-14T20:21:03Z,open,ODbL; attribution and share-alike required,packet_ready,geofabrik_named_food_service
national-post-office-hi-fedex-office-d898801937,FedEx Office post-office-centered national sample candidate,national_post_office_sample_candidate,food_service,osm:node:1381298967,Da Ono Hawaiian Food,,,FedEx Office,HI,,21.2800979,-157.8141769,Geofabrik OpenStreetMap GeoPackage extract,2026-08-14T20:21:03Z,open,ODbL; attribution and share-alike required,packet_ready,geofabrik_named_food_service
national-post-office-hi-fedex-office-d898801937,FedEx Office post-office-centered national sample candidate,national_post_office_sample_candidate,food_service,osm:node:4539359682,Da Spot,,,FedEx Office,HI,,21.2925138,-157.8242089,Geofabrik OpenStreetMap GeoPackage extract,2026-08-14T20:21:03Z,open,ODbL; attribution and share-alike required,packet_ready,geofabrik_named_food_service
national-post-office-hi-fedex-office-d898801937,FedEx Office post-office-centered national sample candidate,national_post_office_sample_candidate,food_service,osm:node:5025359782,Dagon,,,FedEx Office,HI,,21.2910150,-157.8206819,Geofabrik OpenStreetMap GeoPackage extract,2026-08-14T20:21:03Z,open,ODbL; attribution and share-alike required,packet_ready,geofabrik_named_food_service
national-post-office-hi-fedex-office-d898801937,FedEx Office post-office-centered national sample candidate,national_post_office_sample_candidate,food_service,osm:node:10174735277,Dairy Queen,,,FedEx Office,HI,,21.2820388,-157.8386693,Geofabrik OpenStreetMap GeoPackage extract,2026-08-14T20:21:03Z,open,ODbL; attribution and share-alike required,packet_ready,geofabrik_named_food_service
national-post-office-hi-fedex-office-d898801937,FedEx Office post-office-centered national sample candidate,national_post_office_sample_candidate,food_service,osm:node:9279077020,Dairyu Ramen & Curry,,,FedEx Office,HI,,21.3235004,-157.8739418,Geofabrik OpenStreetMap GeoPackage extract,2026-08-14T20:21:03Z,open,ODbL; attribution and share-alike required,packet_ready,geofabrik_named_food_service
national-post-office-hi-fedex-office-d898801937,FedEx Office post-office-centered national sample candidate,national_post_office_sample_candidate,food_service,osm:node:4198324189,Dave & Buster's,,,FedEx Office,HI,,21.2921531,-157.8459317,Geofabrik OpenStreetMap GeoPackage extract,2026-08-14T20:21:03Z,open,ODbL; attribution and share-alike required,packet_ready,geofabrik_named_food_service
national-post-office-hi-fedex-office-d898801937,FedEx Office post-office-centered national sample candidate,national_post_office_sample_candidate,food_service,osm:node:13366327406,Dean & Deluca,,,FedEx Office,HI,,21.2785981,-157.8295222,Geofabrik OpenStreetMap GeoPackage extract,2026-08-14T20:21:03Z,open,ODbL; attribution and share-alike required,packet_ready,geofabrik_named_food_service
national-post-office-hi-fedex-office-d898801937,FedEx Office post-office-centered national sample candidate,national_post_office_sample_candidate,food_service,osm:node:4402149098,Dean & Deluca’s,,,FedEx Office,HI,,21.2826896,-157.8301788,Geofabrik OpenStreetMap GeoPackage extract,2026-08-14T20:21:03Z,open,ODbL; attribution and share-alike required,packet_ready,geofabrik_named_food_service
national-post-office-hi-fedex-office-d898801937,FedEx Office post-office-centered national sample candidate,national_post_office_sample_candidate,food_service,osm:node:14023935432,Dean and Deluca,,,FedEx Office,HI,,21.2954982,-157.8542959,Geofabrik OpenStreetMap GeoPackage extract,2026-08-14T20:21:03Z,open,ODbL; attribution and share-alike required,packet_ready,geofabrik_named_food_service
national-post-office-hi-fedex-office-d898801937,FedEx Office post-office-centered national sample candidate,national_post_office_sample_candidate,food_service,osm:node:12916041001,Deck,,,FedEx Office,HI,,21.2718589,-157.8210512,Geofabrik OpenStreetMap GeoPackage extract,2026-08-14T20:21:03Z,open,ODbL; attribution and share-alike required,packet_ready,geofabrik_named_food_service
national-post-office-hi-fedex-office-d898801937,FedEx Office post-office-centered national sample candidate,national_post_office_sample_candidate,food_service,osm:node:4284231178,Denny's,,,FedEx Office,HI,,21.2784813,-157.8315343,Geofabrik OpenStreetMap GeoPackage extract,2026-08-14T20:21:03Z,open,ODbL; attribution and share-alike required,packet_ready,geofabrik_named_food_service
national-post-office-hi-fedex-office-d898801937,FedEx Office post-office-centered national sample candidate,national_post_office_sample_candidate,food_service,osm:way:1001012645,Denny's,,,FedEx Office,HI,,21.2721708,-157.8203712,Geofabrik OpenStreetMap GeoPackage extract,2026-08-14T20:21:03Z,open,ODbL; attribution and share-alike required,packet_ready,geofabrik_named_food_service
national-post-office-hi-fedex-office-d898801937,FedEx Office post-office-centered national sample candidate,national_post_office_sample_candidate,food_service,osm:node:11568508235,Desi's Indian Curry,,,FedEx Office,HI,,21.2800233,-157.8279586,Geofabrik OpenStreetMap GeoPackage extract,2026-08-14T20:21:03Z,open,ODbL; attribution and share-alike required,packet_ready,geofabrik_named_food_service
national-post-office-hi-fedex-office-d898801937,FedEx Office post-office-centered national sample candidate,national_post_office_sample_candidate,food_service,osm:way:820333865,Dew Drop Inn,,,FedEx Office,HI,,21.3025444,-157.8453410,Geofabrik OpenStreetMap GeoPackage extract,2026-08-14T20:21:03Z,open,ODbL; attribution and share-alike required,packet_ready,geofabrik_named_food_service
national-post-office-hi-fedex-office-d898801937,FedEx Office post-office-centered national sample candidate,national_post_office_sample_candidate,food_service,osm:node:4382786380,Diamond Head Cove Health Bar,,,FedEx Office,HI,,21.2688200,-157.8136018,Geofabrik OpenStreetMap GeoPackage extract,2026-08-14T20:21:03Z,open,ODbL; attribution and share-alike required,packet_ready,geofabrik_named_food_service
national-post-office-hi-fedex-office-d898801937,FedEx Office post-office-centered national sample candidate,national_post_office_sample_candidate,food_service,osm:node:7675619617,Domino's,,,FedEx Office,HI,,21.3073278,-157.8617296,Geofabrik OpenStreetMap GeoPackage extract,2026-08-14T20:21:03Z,open,ODbL; attribution and share-alike required,packet_ready,geofabrik_named_food_service
national-post-office-hi-fedex-office-d898801937,FedEx Office post-office-centered national sample candidate,national_post_office_sample_candidate,food_service,osm:node:7777290959,Domino's,,,FedEx Office,HI,,21.2735926,-157.8212539,Geofabrik OpenStreetMap GeoPackage extract,2026-08-14T20:21:03Z,open,ODbL; attribution and share-alike required,packet_ready,geofabrik_named_food_service
national-post-office-hi-fedex-office-d898801937,FedEx Office post-office-centered national sample candidate,national_post_office_sample_candidate,food_service,osm:way:1017477107,Domino's,,,FedEx Office,HI,,21.2981557,-157.8406324,Geofabrik OpenStreetMap GeoPackage extract,2026-08-14T20:21:03Z,open,ODbL; attribution and share-alike required,packet_ready,geofabrik_named_food_service
national-post-office-hi-fedex-office-d898801937,FedEx Office post-office-centered national sample candidate,national_post_office_sample_candidate,food_service,osm:node:5875360803,Donut King,,,FedEx Office,HI,,21.2880681,-157.8147230,Geofabrik OpenStreetMap GeoPackage extract,2026-08-14T20:21:03Z,open,ODbL; attribution and share-alike required,packet_ready,geofabrik_named_food_service
national-post-office-hi-fedex-office-d898801937,FedEx Office post-office-centered national sample candidate,national_post_office_sample_candidate,food_service,osm:node:9824063417,Doraku Sushi,,,FedEx Office,HI,,21.2967910,-157.8511212,Geofabrik OpenStreetMap GeoPackage extract,2026-08-14T20:21:03Z,open,ODbL; attribution and share-alike required,packet_ready,geofabrik_named_food_service
national-post-office-hi-fedex-office-d898801937,FedEx Office post-office-centered national sample candidate,national_post_office_sample_candidate,food_service,osm:node:10762988930,Downtown Coffee,,,FedEx Office,HI,,21.3090612,-157.8625489,Geofabrik OpenStreetMap GeoPackage extract,2026-08-14T20:21:03Z,open,ODbL; attribution and share-alike required,packet_ready,geofabrik_named_food_service
national-post-office-hi-fedex-office-d898801937,FedEx Office post-office-centered national sample candidate,national_post_office_sample_candidate,food_service,osm:node:10796722884,Dragon Tea Cafe,,,FedEx Office,HI,,21.3318235,-157.8662150,Geofabrik OpenStreetMap GeoPackage extract,2026-08-14T20:21:03Z,open,ODbL; attribution and share-alike required,packet_ready,geofabrik_named_food_service
national-post-office-hi-fedex-office-d898801937,FedEx Office post-office-centered national sample candidate,national_post_office_sample_candidate,food_service,osm:node:11129547301,Drip Studio HNL,,,FedEx Office,HI,,21.3101568,-157.8609683,Geofabrik OpenStreetMap GeoPackage extract,2026-08-14T20:21:03Z,open,ODbL; attribution and share-alike required,packet_ready,geofabrik_named_food_service
national-post-office-hi-fedex-office-d898801937,FedEx Office post-office-centered national sample candidate,national_post_office_sample_candidate,food_service,osm:node:5875360806,Duck Lee,,,FedEx Office,HI,,21.2881289,-157.8149608,Geofabrik OpenStreetMap GeoPackage extract,2026-08-14T20:21:03Z,open,ODbL; attribution and share-alike required,packet_ready,geofabrik_named_food_service
national-post-office-hi-fedex-office-d898801937,FedEx Office post-office-centered national sample candidate,national_post_office_sample_candidate,food_service,osm:node:4247963529,Duke's Waikiki,,,FedEx Office,HI,,21.2768421,-157.8277917,Geofabrik OpenStreetMap GeoPackage extract,2026-08-14T20:21:03Z,open,ODbL; attribution and share-alike required,packet_ready,geofabrik_named_food_service
national-post-office-hi-fedex-office-d898801937,FedEx Office post-office-centered national sample candidate,national_post_office_sample_candidate,food_service,osm:node:11110715790,Dumpling Factory,,,FedEx Office,HI,,21.2812517,-157.8138152,Geofabrik OpenStreetMap GeoPackage extract,2026-08-14T20:21:03Z,open,ODbL; attribution and share-alike required,packet_ready,geofabrik_named_food_service
national-post-office-hi-fedex-office-d898801937,FedEx Office post-office-centered national sample candidate,national_post_office_sample_candidate,food_service,osm:node:5230952922,Dunkin',,,FedEx Office,HI,,21.3008524,-157.8156350,Geofabrik OpenStreetMap GeoPackage extract,2026-08-14T20:21:03Z,open,ODbL; attribution and share-alike required,packet_ready,geofabrik_named_food_service
national-post-office-hi-fedex-office-d898801937,FedEx Office post-office-centered national sample candidate,national_post_office_sample_candidate,food_service,osm:node:13375134701,Earth Aloha Eats,,,FedEx Office,HI,,21.2860180,-157.8325046,Geofabrik OpenStreetMap GeoPackage extract,2026-08-14T20:21:03Z,open,ODbL; attribution and share-alike required,packet_ready,geofabrik_named_food_service
national-post-office-hi-fedex-office-d898801937,FedEx Office post-office-centered national sample candidate,national_post_office_sample_candidate,food_service,osm:node:10200918711,Edge of Waikiki,,,FedEx Office,HI,,21.2771334,-157.8310087,Geofabrik OpenStreetMap GeoPackage extract,2026-08-14T20:21:03Z,open,ODbL; attribution and share-alike required,packet_ready,geofabrik_named_food_service
national-post-office-hi-fedex-office-d898801937,FedEx Office post-office-centered national sample candidate,national_post_office_sample_candidate,food_service,osm:node:8973117317,Egghead Cafe,,,FedEx Office,HI,,21.3233297,-157.8742632,Geofabrik OpenStreetMap GeoPackage extract,2026-08-14T20:21:03Z,open,ODbL; attribution and share-alike required,packet_ready,geofabrik_named_food_service
national-post-office-hi-fedex-office-d898801937,FedEx Office post-office-centered national sample candidate,national_post_office_sample_candidate,food_service,osm:node:4212323490,Eggs 'n Things,,,FedEx Office,HI,,21.2814250,-157.8312160,Geofabrik OpenStreetMap GeoPackage extract,2026-08-14T20:21:03Z,open,ODbL; attribution and share-alike required,packet_ready,geofabrik_named_food_service
national-post-office-hi-fedex-office-d898801937,FedEx Office post-office-centered national sample candidate,national_post_office_sample_candidate,food_service,osm:node:7762526127,Eggs n’ Things,,,FedEx Office,HI,,21.2932201,-157.8461945,Geofabrik OpenStreetMap GeoPackage extract,2026-08-14T20:21:03Z,open,ODbL; attribution and share-alike required,packet_ready,geofabrik_named_food_service
national-post-office-hi-fedex-office-d898801937,FedEx Office post-office-centered national sample candidate,national_post_office_sample_candidate,food_service,osm:node:2707158014,Eggs'n Things Restaurant,,,FedEx Office,HI,,21.2748129,-157.8242859,Geofabrik OpenStreetMap GeoPackage extract,2026-08-14T20:21:03Z,open,ODbL; attribution and share-alike required,packet_ready,geofabrik_named_food_service
national-post-office-hi-fedex-office-d898801937,FedEx Office post-office-centered national sample candidate,national_post_office_sample_candidate,food_service,osm:way:886660178,Ernestino Ballina Galley,,,FedEx Office,HI,,21.3071410,-157.8744416,Geofabrik OpenStreetMap GeoPackage extract,2026-08-14T20:21:03Z,open,ODbL; attribution and share-alike required,packet_ready,geofabrik_named_food_service
national-post-office-hi-fedex-office-d898801937,FedEx Office post-office-centered national sample candidate,national_post_office_sample_candidate,food_service,osm:node:5038194124,Ethel's Grill,,,FedEx Office,HI,,21.3224214,-157.8840209,Geofabrik OpenStreetMap GeoPackage extract,2026-08-14T20:21:03Z,open,ODbL; attribution and share-alike required,packet_ready,geofabrik_named_food_service
national-post-office-hi-fedex-office-d898801937,FedEx Office post-office-centered national sample candidate,national_post_office_sample_candidate,food_service,osm:node:5824610155,Fete,,,FedEx Office,HI,,21.3112010,-157.8620142,Geofabrik OpenStreetMap GeoPackage extract,2026-08-14T20:21:03Z,open,ODbL; attribution and share-alike required,packet_ready,geofabrik_named_food_service
national-post-office-hi-fedex-office-d898801937,FedEx Office post-office-centered national sample candidate,national_post_office_sample_candidate,food_service,osm:node:7650988264,Fig & Ginger,,,FedEx Office,HI,,21.2899933,-157.8325656,Geofabrik OpenStreetMap GeoPackage extract,2026-08-14T20:21:03Z,open,ODbL; attribution and share-alike required,packet_ready,geofabrik_named_food_service
national-post-office-hi-fedex-office-d898801937,FedEx Office post-office-centered national sample candidate,national_post_office_sample_candidate,food_service,osm:way:1456869451,Five Star Poke,,,FedEx Office,HI,,21.2762301,-157.8228687,Geofabrik OpenStreetMap GeoPackage extract,2026-08-14T20:21:03Z,open,ODbL; attribution and share-alike required,packet_ready,geofabrik_named_food_service
national-post-office-hi-fedex-office-d898801937,FedEx Office post-office-centered national sample candidate,national_post_office_sample_candidate,food_service,osm:node:5617185823,Food Trunk,,,FedEx Office,HI,,21.2797032,-157.8315323,Geofabrik OpenStreetMap GeoPackage extract,2026-08-14T20:21:03Z,open,ODbL; attribution and share-alike required,packet_ready,geofabrik_named_food_service
national-post-office-hi-fedex-office-d898801937,FedEx Office post-office-centered national sample candidate,national_post_office_sample_candidate,food_service,osm:node:12289370557,Fook Lam Restaurant,,,FedEx Office,HI,,21.3145200,-157.8612973,Geofabrik OpenStreetMap GeoPackage extract,2026-08-14T20:21:03Z,open,ODbL; attribution and share-alike required,packet_ready,geofabrik_named_food_service
national-post-office-hi-fedex-office-d898801937,FedEx Office post-office-centered national sample candidate,national_post_office_sample_candidate,food_service,osm:node:4542455989,Fook Yuen Seafood Restaurant,,,FedEx Office,HI,,21.2899969,-157.8323310,Geofabrik OpenStreetMap GeoPackage extract,2026-08-14T20:21:03Z,open,ODbL; attribution and share-alike required,packet_ready,geofabrik_named_food_service
national-post-office-hi-fedex-office-d898801937,FedEx Office post-office-centered national sample candidate,national_post_office_sample_candidate,food_service,osm:node:9335953555,Fort Street Cafe,,,FedEx Office,HI,,21.3107567,-157.8601845,Geofabrik OpenStreetMap GeoPackage extract,2026-08-14T20:21:03Z,open,ODbL; attribution and share-alike required,packet_ready,geofabrik_named_food_service
national-post-office-hi-fedex-office-d898801937,FedEx Office post-office-centered national sample candidate,national_post_office_sample_candidate,food_service,osm:node:9362994819,Fortune Tea,,,FedEx Office,HI,,21.3122418,-157.8577727,Geofabrik OpenStreetMap GeoPackage extract,2026-08-14T20:21:03Z,open,ODbL; attribution and share-alike required,packet_ready,geofabrik_named_food_service
national-post-office-hi-fedex-office-d898801937,FedEx Office post-office-centered national sample candidate,national_post_office_sample_candidate,food_service,osm:node:10174735284,Fresco Italian Restaurant,,,FedEx Office,HI,,21.2830357,-157.8374914,Geofabrik OpenStreetMap GeoPackage extract,2026-08-14T20:21:03Z,open,ODbL; attribution and share-alike required,packet_ready,geofabrik_named_food_service
national-post-office-hi-fedex-office-d898801937,FedEx Office post-office-centered national sample candidate,national_post_office_sample_candidate,food_service,osm:way:1357574528,Fresh Bites Hawaii,,,FedEx Office,HI,,21.2939441,-157.8258864,Geofabrik OpenStreetMap GeoPackage extract,2026-08-14T20:21:03Z,open,ODbL; attribution and share-alike required,packet_ready,geofabrik_named_food_service
national-post-office-hi-fedex-office-d898801937,FedEx Office post-office-centered national sample candidate,national_post_office_sample_candidate,food_service,osm:node:11112919467,Fun Station,,,FedEx Office,HI,,21.2880801,-157.8147768,Geofabrik OpenStreetMap GeoPackage extract,2026-08-14T20:21:03Z,open,ODbL; attribution and share-alike required,packet_ready,geofabrik_named_food_service
national-post-office-hi-fedex-office-d898801937,FedEx Office post-office-centered national sample candidate,national_post_office_sample_candidate,food_service,osm:node:10195531969,Furusato Sushi,,,FedEx Office,HI,,21.2756207,-157.8249858,Geofabrik OpenStreetMap GeoPackage extract,2026-08-14T20:21:03Z,open,ODbL; attribution and share-alike required,packet_ready,geofabrik_named_food_service
national-post-office-hi-fedex-office-d898801937,FedEx Office post-office-centered national sample candidate,national_post_office_sample_candidate,food_service,osm:node:11365255634,Gen,,,FedEx Office,HI,,21.2909103,-157.8422173,Geofabrik OpenStreetMap GeoPackage extract,2026-08-14T20:21:03Z,open,ODbL; attribution and share-alike required,packet_ready,geofabrik_named_food_service
national-post-office-hi-fedex-office-d898801937,FedEx Office post-office-centered national sample candidate,national_post_office_sample_candidate,food_service,osm:node:11818103569,Genius Lounge Japanese Sake Bar ＆ Dining,,,FedEx Office,HI,,21.2812893,-157.8289335,Geofabrik OpenStreetMap GeoPackage extract,2026-08-14T20:21:03Z,open,ODbL; attribution and share-alike required,packet_ready,geofabrik_named_food_service
national-post-office-hi-fedex-office-d898801937,FedEx Office post-office-centered national sample candidate,national_post_office_sample_candidate,food_service,osm:node:11253753894,Genki Sushi,,,FedEx Office,HI,,21.2916760,-157.8436301,Geofabrik OpenStreetMap GeoPackage extract,2026-08-14T20:21:03Z,open,ODbL; attribution and share-alike required,packet_ready,geofabrik_named_food_service
national-post-office-hi-fedex-office-d898801937,FedEx Office post-office-centered national sample candidate,national_post_office_sample_candidate,food_service,osm:node:1402941293,Genki Sushi,,,FedEx Office,HI,,21.2829057,-157.8143233,Geofabrik OpenStreetMap GeoPackage extract,2026-08-14T20:21:03Z,open,ODbL; attribution and share-alike required,packet_ready,geofabrik_named_food_service
national-post-office-hi-fedex-office-d898801937,FedEx Office post-office-centered national sample candidate,national_post_office_sample_candidate,food_service,osm:node:5875360804,Gina's Bar-B-Q,,,FedEx Office,HI,,21.2880919,-157.8148265,Geofabrik OpenStreetMap GeoPackage extract,2026-08-14T20:21:03Z,open,ODbL; attribution and share-alike required,packet_ready,geofabrik_named_food_service
national-post-office-hi-fedex-office-d898801937,FedEx Office post-office-centered national sample candidate,national_post_office_sample_candidate,food_service,osm:node:5744924221,Ginza Bairin,,,FedEx Office,HI,,21.2801166,-157.8309164,Geofabrik OpenStreetMap GeoPackage extract,2026-08-14T20:21:03Z,open,ODbL; attribution and share-alike required,packet_ready,geofabrik_named_food_service
national-post-office-hi-fedex-office-d898801937,FedEx Office post-office-centered national sample candidate,national_post_office_sample_candidate,food_service,osm:node:9849109104,Ginza Sushi,,,FedEx Office,HI,,21.2928312,-157.8519111,Geofabrik OpenStreetMap GeoPackage extract,2026-08-14T20:21:03Z,open,ODbL; attribution and share-alike required,packet_ready,geofabrik_named_food_service
national-post-office-hi-fedex-office-d898801937,FedEx Office post-office-centered national sample candidate,national_post_office_sample_candidate,food_service,osm:node:4631930225,Glazer's Coffee,,,FedEx Office,HI,,21.2913325,-157.8204529,Geofabrik OpenStreetMap GeoPackage extract,2026-08-14T20:21:03Z,open,ODbL; attribution and share-alike required,packet_ready,geofabrik_named_food_service
national-post-office-hi-fedex-office-d898801937,FedEx Office post-office-centered national sample candidate,national_post_office_sample_candidate,food_service,osm:way:1157837686,Golden City Restaurant,,,FedEx Office,HI,,21.3326910,-157.8665584,Geofabrik OpenStreetMap GeoPackage extract,2026-08-14T20:21:03Z,open,ODbL; attribution and share-alike required,packet_ready,geofabrik_named_food_service
national-post-office-hi-fedex-office-d898801937,FedEx Office post-office-centered national sample candidate,national_post_office_sample_candidate,food_service,osm:way:490303997,Golden Duck,,,FedEx Office,HI,,21.2994691,-157.8435851,Geofabrik OpenStreetMap GeoPackage extract,2026-08-14T20:21:03Z,open,ODbL; attribution and share-alike required,packet_ready,geofabrik_named_food_service
national-post-office-hi-fedex-office-d898801937,FedEx Office post-office-centered national sample candidate,national_post_office_sample_candidate,food_service,osm:way:1357574526,Golden Eagle Chinese Restaurant,,,FedEx Office,HI,,21.2941047,-157.8258189,Geofabrik OpenStreetMap GeoPackage extract,2026-08-14T20:21:03Z,open,ODbL; attribution and share-alike required,packet_ready,geofabrik_named_food_service
national-post-office-hi-fedex-office-d898801937,FedEx Office post-office-centered national sample candidate,national_post_office_sample_candidate,food_service,osm:node:9347773173,Golden Palace,,,FedEx Office,HI,,21.3120546,-157.8638869,Geofabrik OpenStreetMap GeoPackage extract,2026-08-14T20:21:03Z,open,ODbL; attribution and share-alike required,packet_ready,geofabrik_named_food_service
national-post-office-hi-fedex-office-d898801937,FedEx Office post-office-centered national sample candidate,national_post_office_sample_candidate,food_service,osm:node:5866604348,Golden Pork Tonkotsu Ramen,,,FedEx Office,HI,,21.2990710,-157.8424262,Geofabrik OpenStreetMap GeoPackage extract,2026-08-14T20:21:03Z,open,ODbL; attribution and share-alike required,packet_ready,geofabrik_named_food_service
national-post-office-hi-fedex-office-d898801937,FedEx Office post-office-centered national sample candidate,national_post_office_sample_candidate,food_service,osm:node:5750422123,Goma Tei Ramen,,,FedEx Office,HI,,21.2903550,-157.8426865,Geofabrik OpenStreetMap GeoPackage extract,2026-08-14T20:21:03Z,open,ODbL; attribution and share-alike required,packet_ready,geofabrik_named_food_service
national-post-office-hi-fedex-office-d898801937,FedEx Office post-office-centered national sample candidate,national_post_office_sample_candidate,food_service,osm:node:9382898663,Goma Tei Ramen,,,FedEx Office,HI,,21.2923675,-157.8518040,Geofabrik OpenStreetMap GeoPackage extract,2026-08-14T20:21:03Z,open,ODbL; attribution and share-alike required,packet_ready,geofabrik_named_food_service
national-post-office-hi-fedex-office-d898801937,FedEx Office post-office-centered national sample candidate,national_post_office_sample_candidate,food_service,osm:node:2650353035,Goofy Cafe & Diner,,,FedEx Office,HI,,21.2841177,-157.8371110,Geofabrik OpenStreetMap GeoPackage extract,2026-08-14T20:21:03Z,open,ODbL; attribution and share-alike required,packet_ready,geofabrik_named_food_service
national-post-office-hi-fedex-office-d898801937,FedEx Office post-office-centered national sample candidate,national_post_office_sample_candidate,food_service,osm:node:3273990776,Govinda’s Vegetarian Buffet,,,FedEx Office,HI,,21.3301173,-157.8468782,Geofabrik OpenStreetMap GeoPackage extract,2026-08-14T20:21:03Z,open,ODbL; attribution and share-alike required,packet_ready,geofabrik_named_food_service
national-post-office-hi-fedex-office-d898801937,FedEx Office post-office-centered national sample candidate,national_post_office_sample_candidate,food_service,osm:node:4793221142,Grace’s Inn,,,FedEx Office,HI,,21.3009770,-157.8411149,Geofabrik OpenStreetMap GeoPackage extract,2026-08-14T20:21:03Z,open,ODbL; attribution and share-alike required,packet_ready,geofabrik_named_food_service
national-post-office-hi-fedex-office-d898801937,FedEx Office post-office-centered national sample candidate,national_post_office_sample_candidate,food_service,osm:node:7650988258,Grill,,,FedEx Office,HI,,21.2899414,-157.8324094,Geofabrik OpenStreetMap GeoPackage extract,2026-08-14T20:21:03Z,open,ODbL; attribution and share-alike required,packet_ready,geofabrik_named_food_service
national-post-office-hi-fedex-office-d898801937,FedEx Office post-office-centered national sample candidate,national_post_office_sample_candidate,food_service,osm:node:12015915219,Guieb Cafe,,,FedEx Office,HI,,21.3273255,-157.8710783,Geofabrik OpenStreetMap GeoPackage extract,2026-08-14T20:21:03Z,open,ODbL; attribution and share-alike required,packet_ready,geofabrik_named_food_service
national-post-office-hi-fedex-office-d898801937,FedEx Office post-office-centered national sample candidate,national_post_office_sample_candidate,food_service,osm:way:493519966,Gyotaku,,,FedEx Office,HI,,21.2959415,-157.8320783,Geofabrik OpenStreetMap GeoPackage extract,2026-08-14T20:21:03Z,open,ODbL; attribution and share-alike required,packet_ready,geofabrik_named_food_service
national-post-office-hi-fedex-office-d898801937,FedEx Office post-office-centered national sample candidate,national_post_office_sample_candidate,food_service,osm:node:10796722883,Gyu-Kaku,,,FedEx Office,HI,,21.3318335,-157.8663421,Geofabrik OpenStreetMap GeoPackage extract,2026-08-14T20:21:03Z,open,ODbL; attribution and share-alike required,packet_ready,geofabrik_named_food_service
national-post-office-hi-fedex-office-d898801937,FedEx Office post-office-centered national sample candidate,national_post_office_sample_candidate,food_service,osm:node:13075479786,Gyu-Kaku,,,FedEx Office,HI,,21.2950883,-157.8474313,Geofabrik OpenStreetMap GeoPackage extract,2026-08-14T20:21:03Z,open,ODbL; attribution and share-alike required,packet_ready,geofabrik_named_food_service
national-post-office-hi-fedex-office-d898801937,FedEx Office post-office-centered national sample candidate,national_post_office_sample_candidate,food_service,osm:node:13419354168,Gyu-Kaku,,,FedEx Office,HI,,21.2804580,-157.8292466,Geofabrik OpenStreetMap GeoPackage extract,2026-08-14T20:21:03Z,open,ODbL; attribution and share-alike required,packet_ready,geofabrik_named_food_service
national-post-office-hi-fedex-office-d898801937,FedEx Office post-office-centered national sample candidate,national_post_office_sample_candidate,food_service,osm:way:1162421777,HBA Cafeteria,,,FedEx Office,HI,,21.3215261,-157.8531678,Geofabrik OpenStreetMap GeoPackage extract,2026-08-14T20:21:03Z,open,ODbL; attribution and share-alike required,packet_ready,geofabrik_named_food_service
national-post-office-hi-fedex-office-d898801937,FedEx Office post-office-centered national sample candidate,national_post_office_sample_candidate,food_service,osm:node:13375118701,HI.Shack Mainely Lobstah,,,FedEx Office,HI,,21.2862403,-157.8327958,Geofabrik OpenStreetMap GeoPackage extract,2026-08-14T20:21:03Z,open,ODbL; attribution and share-alike required,packet_ready,geofabrik_named_food_service
national-post-office-hi-fedex-office-d898801937,FedEx Office post-office-centered national sample candidate,national_post_office_sample_candidate,food_service,osm:way:1095489714,Habibi Tasty,,,FedEx Office,HI,,21.2934248,-157.8256096,Geofabrik OpenStreetMap GeoPackage extract,2026-08-14T20:21:03Z,open,ODbL; attribution and share-alike required,packet_ready,geofabrik_named_food_service
national-post-office-hi-fedex-office-d898801937,FedEx Office post-office-centered national sample candidate,national_post_office_sample_candidate,food_service,osm:node:13375129101,Haleiwa Cane Juice,,,FedEx Office,HI,,21.2861964,-157.8329481,Geofabrik OpenStreetMap GeoPackage extract,2026-08-14T20:21:03Z,open,ODbL; attribution and share-alike required,packet_ready,geofabrik_named_food_service
national-post-office-hi-fedex-office-d898801937,FedEx Office post-office-centered national sample candidate,national_post_office_sample_candidate,food_service,osm:node:13368792727,Hana Tea,,,FedEx Office,HI,,21.3000983,-157.8584525,Geofabrik OpenStreetMap GeoPackage extract,2026-08-14T20:21:03Z,open,ODbL; attribution and share-alike required,packet_ready,geofabrik_named_food_service
national-post-office-hi-fedex-office-d898801937,FedEx Office post-office-centered national sample candidate,national_post_office_sample_candidate,food_service,osm:node:7636912199,Hana Tea,,,FedEx Office,HI,,21.3213272,-157.8732810,Geofabrik OpenStreetMap GeoPackage extract,2026-08-14T20:21:03Z,open,ODbL; attribution and share-alike required,packet_ready,geofabrik_named_food_service
national-post-office-hi-fedex-office-d898801937,FedEx Office post-office-centered national sample candidate,national_post_office_sample_candidate,food_service,osm:node:11147368392,Hank’s Hautedogs,,,FedEx Office,HI,,21.2978646,-157.8611392,Geofabrik OpenStreetMap GeoPackage extract,2026-08-14T20:21:03Z,open,ODbL; attribution and share-alike required,packet_ready,geofabrik_named_food_service
national-post-office-hi-fedex-office-d898801937,FedEx Office post-office-centered national sample candidate,national_post_office_sample_candidate,food_service,osm:node:10200918712,Hapas,,,FedEx Office,HI,,21.2775336,-157.8309769,Geofabrik OpenStreetMap GeoPackage extract,2026-08-14T20:21:03Z,open,ODbL; attribution and share-alike required,packet_ready,geofabrik_named_food_service
national-post-office-hi-fedex-office-d898801937,FedEx Office post-office-centered national sample candidate,national_post_office_sample_candidate,food_service,osm:node:5285087721,Happy Garden,,,FedEx Office,HI,,21.3119612,-157.8632136,Geofabrik OpenStreetMap GeoPackage extract,2026-08-14T20:21:03Z,open,ODbL; attribution and share-alike required,packet_ready,geofabrik_named_food_service
national-post-office-hi-fedex-office-d898801937,FedEx Office post-office-centered national sample candidate,national_post_office_sample_candidate,food_service,osm:node:8812983719,Happy Hearts,,,FedEx Office,HI,,21.3311832,-157.8597816,Geofabrik OpenStreetMap GeoPackage extract,2026-08-14T20:21:03Z,open,ODbL; attribution and share-alike required,packet_ready,geofabrik_named_food_service
national-post-office-hi-fedex-office-d898801937,FedEx Office post-office-centered national sample candidate,national_post_office_sample_candidate,food_service,osm:node:11060928288,Happy Lemon,,,FedEx Office,HI,,21.2903362,-157.8438320,Geofabrik OpenStreetMap GeoPackage extract,2026-08-14T20:21:03Z,open,ODbL; attribution and share-alike required,packet_ready,geofabrik_named_food_service
national-post-office-hi-fedex-office-d898801937,FedEx Office post-office-centered national sample candidate,national_post_office_sample_candidate,food_service,osm:node:11533206263,Happy Lemon,,,FedEx Office,HI,,21.2927363,-157.8517667,Geofabrik OpenStreetMap GeoPackage extract,2026-08-14T20:21:03Z,open,ODbL; attribution and share-alike required,packet_ready,geofabrik_named_food_service
national-post-office-hi-fedex-office-d898801937,FedEx Office post-office-centered national sample candidate,national_post_office_sample_candidate,food_service,osm:node:11991183577,Happy Lemon,,,FedEx Office,HI,,21.2927362,-157.8517666,Geofabrik OpenStreetMap GeoPackage extract,2026-08-14T20:21:03Z,open,ODbL; attribution and share-alike required,packet_ready,geofabrik_named_food_service
national-post-office-hi-fedex-office-d898801937,FedEx Office post-office-centered national sample candidate,national_post_office_sample_candidate,food_service,osm:node:13810138983,Happy Lemon,,,FedEx Office,HI,,21.2954671,-157.8542149,Geofabrik OpenStreetMap GeoPackage extract,2026-08-14T20:21:03Z,open,ODbL; attribution and share-alike required,packet_ready,geofabrik_named_food_service
national-post-office-hi-fedex-office-d898801937,FedEx Office post-office-centered national sample candidate,national_post_office_sample_candidate,food_service,osm:node:10208335799,Happy's Fast & Fresh,,,FedEx Office,HI,,21.2817316,-157.8351351,Geofabrik OpenStreetMap GeoPackage extract,2026-08-14T20:21:03Z,open,ODbL; attribution and share-alike required,packet_ready,geofabrik_named_food_service
national-post-office-hi-fedex-office-d898801937,FedEx Office post-office-centered national sample candidate,national_post_office_sample_candidate,food_service,osm:node:4496305191,Harbour Pub,,,FedEx Office,HI,,21.2851338,-157.8397720,Geofabrik OpenStreetMap GeoPackage extract,2026-08-14T20:21:03Z,open,ODbL; attribution and share-alike required,packet_ready,geofabrik_named_food_service
national-post-office-hi-fedex-office-d898801937,FedEx Office post-office-centered national sample candidate,national_post_office_sample_candidate,food_service,osm:node:4793939989,Hard Rock Cafe,,,FedEx Office,HI,,21.2809178,-157.8308030,Geofabrik OpenStreetMap GeoPackage extract,2026-08-14T20:21:03Z,open,ODbL; attribution and share-alike required,packet_ready,geofabrik_named_food_service
national-post-office-hi-fedex-office-d898801937,FedEx Office post-office-centered national sample candidate,national_post_office_sample_candidate,food_service,osm:way:490734892,Harry’s Cafe,,,FedEx Office,HI,,21.2951523,-157.8506649,Geofabrik OpenStreetMap GeoPackage extract,2026-08-14T20:21:03Z,open,ODbL; attribution and share-alike required,packet_ready,geofabrik_named_food_service
national-post-office-hi-fedex-office-d898801937,FedEx Office post-office-centered national sample candidate,national_post_office_sample_candidate,food_service,osm:node:10174735288,Hatsuhana,,,FedEx Office,HI,,21.2833778,-157.8367455,Geofabrik OpenStreetMap GeoPackage extract,2026-08-14T20:21:03Z,open,ODbL; attribution and share-alike required,packet_ready,geofabrik_named_food_service
national-post-office-hi-fedex-office-d898801937,FedEx Office post-office-centered national sample candidate,national_post_office_sample_candidate,food_service,osm:node:6065283803,Hawai'i Cat Cafe,,,FedEx Office,HI,,21.2743712,-157.8159010,Geofabrik OpenStreetMap GeoPackage extract,2026-08-14T20:21:03Z,open,ODbL; attribution and share-alike required,packet_ready,geofabrik_named_food_service
national-post-office-hi-fedex-office-d898801937,FedEx Office post-office-centered national sample candidate,national_post_office_sample_candidate,food_service,osm:node:4883320101,Hawaii Sushi,,,FedEx Office,HI,,21.2688179,-157.8133974,Geofabrik OpenStreetMap GeoPackage extract,2026-08-14T20:21:03Z,open,ODbL; attribution and share-alike required,packet_ready,geofabrik_named_food_service
national-post-office-hi-fedex-office-d898801937,FedEx Office post-office-centered national sample candidate,national_post_office_sample_candidate,food_service,osm:way:302943617,Hawaii Yacht Club,,,FedEx Office,HI,,21.2861175,-157.8428484,Geofabrik OpenStreetMap GeoPackage extract,2026-08-14T20:21:03Z,open,ODbL; attribution and share-alike required,packet_ready,geofabrik_named_food_service
national-post-office-hi-fedex-office-d898801937,FedEx Office post-office-centered national sample candidate,national_post_office_sample_candidate,food_service,osm:node:10923999957,Hawaiian Aroma Caffe,,,FedEx Office,HI,,21.2777440,-157.8248263,Geofabrik OpenStreetMap GeoPackage extract,2026-08-14T20:21:03Z,open,ODbL; attribution and share-alike required,packet_ready,geofabrik_named_food_service
national-post-office-hi-fedex-office-d898801937,FedEx Office post-office-centered national sample candidate,national_post_office_sample_candidate,food_service,osm:node:6130034585,Hawaiian Asian Cafe,,,FedEx Office,HI,,21.2783940,-157.8275070,Geofabrik OpenStreetMap GeoPackage extract,2026-08-14T20:21:03Z,open,ODbL; attribution and share-alike required,packet_ready,geofabrik_named_food_service
national-post-office-hi-fedex-office-d898801937,FedEx Office post-office-centered national sample candidate,national_post_office_sample_candidate,food_service,osm:node:4296907292,Heavenly Island Lifestyle,,,FedEx Office,HI,,21.2798093,-157.8277010,Geofabrik OpenStreetMap GeoPackage extract,2026-08-14T20:21:03Z,open,ODbL; attribution and share-alike required,packet_ready,geofabrik_named_food_service
national-post-office-hi-fedex-office-d898801937,FedEx Office post-office-centered national sample candidate,national_post_office_sample_candidate,food_service,osm:node:4415280199,Helena's Hawaiian Food,,,FedEx Office,HI,,21.3308859,-157.8652450,Geofabrik OpenStreetMap GeoPackage extract,2026-08-14T20:21:03Z,open,ODbL; attribution and share-alike required,packet_ready,geofabrik_named_food_service
national-post-office-hi-fedex-office-d898801937,FedEx Office post-office-centered national sample candidate,national_post_office_sample_candidate,food_service,osm:node:3647627181,Henry's Place,,,FedEx Office,HI,,21.2796098,-157.8316230,Geofabrik OpenStreetMap GeoPackage extract,2026-08-14T20:21:03Z,open,ODbL; attribution and share-alike required,packet_ready,geofabrik_named_food_service
national-post-office-hi-fedex-office-d898801937,FedEx Office post-office-centered national sample candidate,national_post_office_sample_candidate,food_service,osm:node:11374595635,HiTea,,,FedEx Office,HI,,21.2906010,-157.8418475,Geofabrik OpenStreetMap GeoPackage extract,2026-08-14T20:21:03Z,open,ODbL; attribution and share-alike required,packet_ready,geofabrik_named_food_service
national-post-office-hi-fedex-office-d898801937,FedEx Office post-office-centered national sample candidate,national_post_office_sample_candidate,food_service,osm:node:9366461790,Hide-chan Restaurant,,,FedEx Office,HI,,21.2925059,-157.8240489,Geofabrik OpenStreetMap GeoPackage extract,2026-08-14T20:21:03Z,open,ODbL; attribution and share-alike required,packet_ready,geofabrik_named_food_service
national-post-office-hi-fedex-office-d898801937,FedEx Office post-office-centered national sample candidate,national_post_office_sample_candidate,food_service,osm:node:11224732898,Hideout,,,FedEx Office,HI,,21.2794620,-157.8263860,Geofabrik OpenStreetMap GeoPackage extract,2026-08-14T20:21:03Z,open,ODbL; attribution and share-alike required,packet_ready,geofabrik_named_food_service
national-post-office-hi-fedex-office-d898801937,FedEx Office post-office-centered national sample candidate,national_post_office_sample_candidate,food_service,osm:node:4233840300,Highway Inn,,,FedEx Office,HI,,21.2976220,-157.8614668,Geofabrik OpenStreetMap GeoPackage extract,2026-08-14T20:21:03Z,open,ODbL; attribution and share-alike required,packet_ready,geofabrik_named_food_service
national-post-office-hi-fedex-office-d898801937,FedEx Office post-office-centered national sample candidate,national_post_office_sample_candidate,food_service,osm:node:9382837975,Holey Grail,,,FedEx Office,HI,,21.2948664,-157.8529556,Geofabrik OpenStreetMap GeoPackage extract,2026-08-14T20:21:03Z,open,ODbL; attribution and share-alike required,packet_ready,geofabrik_named_food_service
national-post-office-hi-fedex-office-d898801937,FedEx Office post-office-centered national sample candidate,national_post_office_sample_candidate,food_service,osm:node:4198281389,Holoholo Café & Market,,,FedEx Office,HI,,21.2790624,-157.8254623,Geofabrik OpenStreetMap GeoPackage extract,2026-08-14T20:21:03Z,open,ODbL; attribution and share-alike required,packet_ready,geofabrik_named_food_service
national-post-office-hi-fedex-office-d898801937,FedEx Office post-office-centered national sample candidate,national_post_office_sample_candidate,food_service,osm:node:10688046119,Hong Kong Noodle House,,,FedEx Office,HI,,21.3147639,-157.8609473,Geofabrik OpenStreetMap GeoPackage extract,2026-08-14T20:21:03Z,open,ODbL; attribution and share-alike required,packet_ready,geofabrik_named_food_service
national-post-office-hi-fedex-office-d898801937,FedEx Office post-office-centered national sample candidate,national_post_office_sample_candidate,food_service,osm:node:7678298633,Honolulu Burger Company,,,FedEx Office,HI,,21.3007731,-157.8413219,Geofabrik OpenStreetMap GeoPackage extract,2026-08-14T20:21:03Z,open,ODbL; attribution and share-alike required,packet_ready,geofabrik_named_food_service
national-post-office-hi-fedex-office-d898801937,FedEx Office post-office-centered national sample candidate,national_post_office_sample_candidate,food_service,osm:node:2925400707,Honolulu Cafe,,,FedEx Office,HI,,21.3071967,-157.8629655,Geofabrik OpenStreetMap GeoPackage extract,2026-08-14T20:21:03Z,open,ODbL; attribution and share-alike required,packet_ready,geofabrik_named_food_service
national-post-office-hi-fedex-office-d898801937,FedEx Office post-office-centered national sample candidate,national_post_office_sample_candidate,food_service,osm:node:10200918713,Honolulu Coffee,,,FedEx Office,HI,,21.2771871,-157.8307085,Geofabrik OpenStreetMap GeoPackage extract,2026-08-14T20:21:03Z,open,ODbL; attribution and share-alike required,packet_ready,geofabrik_named_food_service
national-post-office-hi-fedex-office-d898801937,FedEx Office post-office-centered national sample candidate,national_post_office_sample_candidate,food_service,osm:node:1173278224,Honolulu Coffee Company,,,FedEx Office,HI,,21.2769836,-157.8269772,Geofabrik OpenStreetMap GeoPackage extract,2026-08-14T20:21:03Z,open,ODbL; attribution and share-alike required,packet_ready,geofabrik_named_food_service
national-post-office-hi-fedex-office-d898801937,FedEx Office post-office-centered national sample candidate,national_post_office_sample_candidate,food_service,osm:node:1739899081,Honolulu Coffee Company,,,FedEx Office,HI,,21.2913495,-157.8439610,Geofabrik OpenStreetMap GeoPackage extract,2026-08-14T20:21:03Z,open,ODbL; attribution and share-alike required,packet_ready,geofabrik_named_food_service
national-post-office-hi-fedex-office-d898801937,FedEx Office post-office-centered national sample candidate,national_post_office_sample_candidate,food_service,osm:node:13505388598,Honolulu Noodle & Co,,,FedEx Office,HI,,21.2794570,-157.8282010,Geofabrik OpenStreetMap GeoPackage extract,2026-08-14T20:21:03Z,open,ODbL; attribution and share-alike required,packet_ready,geofabrik_named_food_service
national-post-office-hi-fedex-office-d898801937,FedEx Office post-office-centered national sample candidate,national_post_office_sample_candidate,food_service,osm:node:10798167674,Honolulu Sushi,,,FedEx Office,HI,,21.2935000,-157.8470056,Geofabrik OpenStreetMap GeoPackage extract,2026-08-14T20:21:03Z,open,ODbL; attribution and share-alike required,packet_ready,geofabrik_named_food_service
national-post-office-hi-fedex-office-d898801937,FedEx Office post-office-centered national sample candidate,national_post_office_sample_candidate,food_service,osm:node:11060766547,Honolulu Sushi,,,FedEx Office,HI,,21.2959091,-157.8408773,Geofabrik OpenStreetMap GeoPackage extract,2026-08-14T20:21:03Z,open,ODbL; attribution and share-alike required,packet_ready,geofabrik_named_food_service
national-post-office-hi-fedex-office-d898801937,FedEx Office post-office-centered national sample candidate,national_post_office_sample_candidate,food_service,osm:node:3769864810,House Without A Key,,,FedEx Office,HI,,21.2774759,-157.8318823,Geofabrik OpenStreetMap GeoPackage extract,2026-08-14T20:21:03Z,open,ODbL; attribution and share-alike required,packet_ready,geofabrik_named_food_service
national-post-office-hi-fedex-office-d898801937,FedEx Office post-office-centered national sample candidate,national_post_office_sample_candidate,food_service,osm:node:5156192922,House of Wong Restaurant,,,FedEx Office,HI,,21.2758564,-157.8149613,Geofabrik OpenStreetMap GeoPackage extract,2026-08-14T20:21:03Z,open,ODbL; attribution and share-alike required,packet_ready,geofabrik_named_food_service
national-post-office-hi-fedex-office-d898801937,FedEx Office post-office-centered national sample candidate,national_post_office_sample_candidate,food_service,osm:node:13370541228,Hula Dog,,,FedEx Office,HI,,21.2912933,-157.8379822,Geofabrik OpenStreetMap GeoPackage extract,2026-08-14T20:21:03Z,open,ODbL; attribution and share-alike required,packet_ready,geofabrik_named_food_service
national-post-office-hi-fedex-office-d898801937,FedEx Office post-office-centered national sample candidate,national_post_office_sample_candidate,food_service,osm:node:4344866295,Hula Grill Waikiki,,,FedEx Office,HI,,21.2769825,-157.8277491,Geofabrik OpenStreetMap GeoPackage extract,2026-08-14T20:21:03Z,open,ODbL; attribution and share-alike required,packet_ready,geofabrik_named_food_service
national-post-office-hi-fedex-office-d898801937,FedEx Office post-office-centered national sample candidate,national_post_office_sample_candidate,food_service,osm:node:5625843521,Hy's Steak,,,FedEx Office,HI,,21.2766440,-157.8231962,Geofabrik OpenStreetMap GeoPackage extract,2026-08-14T20:21:03Z,open,ODbL; attribution and share-alike required,packet_ready,geofabrik_named_food_service
national-post-office-hi-fedex-office-d898801937,FedEx Office post-office-centered national sample candidate,national_post_office_sample_candidate,food_service,osm:node:4198271589,IHOP,,,FedEx Office,HI,,21.2849608,-157.8365560,Geofabrik OpenStreetMap GeoPackage extract,2026-08-14T20:21:03Z,open,ODbL; attribution and share-alike required,packet_ready,geofabrik_named_food_service
national-post-office-hi-fedex-office-d898801937,FedEx Office post-office-centered national sample candidate,national_post_office_sample_candidate,food_service,osm:node:4339585891,IHOP,,,FedEx Office,HI,,21.2811735,-157.8283600,Geofabrik OpenStreetMap GeoPackage extract,2026-08-14T20:21:03Z,open,ODbL; attribution and share-alike required,packet_ready,geofabrik_named_food_service
national-post-office-hi-fedex-office-d898801937,FedEx Office post-office-centered national sample candidate,national_post_office_sample_candidate,food_service,osm:node:5302749523,Ibushi,,,FedEx Office,HI,,21.2807083,-157.8142420,Geofabrik OpenStreetMap GeoPackage extract,2026-08-14T20:21:03Z,open,ODbL; attribution and share-alike required,packet_ready,geofabrik_named_food_service
national-post-office-hi-fedex-office-d898801937,FedEx Office post-office-centered national sample candidate,national_post_office_sample_candidate,food_service,osm:node:9669197538,Ichiriki,,,FedEx Office,HI,,21.2941623,-157.8467302,Geofabrik OpenStreetMap GeoPackage extract,2026-08-14T20:21:03Z,open,ODbL; attribution and share-alike required,packet_ready,geofabrik_named_food_service
national-post-office-hi-fedex-office-d898801937,FedEx Office post-office-centered national sample candidate,national_post_office_sample_candidate,food_service,osm:node:9362776086,Iliili Cash & Carry,,,FedEx Office,HI,,21.2960933,-157.8283352,Geofabrik OpenStreetMap GeoPackage extract,2026-08-14T20:21:03Z,open,ODbL; attribution and share-alike required,packet_ready,geofabrik_named_food_service
national-post-office-hi-fedex-office-d898801937,FedEx Office post-office-centered national sample candidate,national_post_office_sample_candidate,food_service,osm:node:8335019628,Island Brew,,,FedEx Office,HI,,21.2918980,-157.8458002,Geofabrik OpenStreetMap GeoPackage extract,2026-08-14T20:21:03Z,open,ODbL; attribution and share-alike required,packet_ready,geofabrik_named_food_service
national-post-office-hi-fedex-office-d898801937,FedEx Office post-office-centered national sample candidate,national_post_office_sample_candidate,food_service,osm:node:11060928262,Island Crepes,,,FedEx Office,HI,,21.2904940,-157.8439481,Geofabrik OpenStreetMap GeoPackage extract,2026-08-14T20:21:03Z,open,ODbL; attribution and share-alike required,packet_ready,geofabrik_named_food_service
national-post-office-hi-fedex-office-d898801937,FedEx Office post-office-centered national sample candidate,national_post_office_sample_candidate,food_service,osm:node:2707157945,Island Vintage Coffee,,,FedEx Office,HI,,21.2783235,-157.8286655,Geofabrik OpenStreetMap GeoPackage extract,2026-08-14T20:21:03Z,open,ODbL; attribution and share-alike required,packet_ready,geofabrik_named_food_service
national-post-office-hi-fedex-office-d898801937,FedEx Office post-office-centered national sample candidate,national_post_office_sample_candidate,food_service,osm:node:5104847324,Island Vintage Coffee,,,FedEx Office,HI,,21.2911369,-157.8435488,Geofabrik OpenStreetMap GeoPackage extract,2026-08-14T20:21:03Z,open,ODbL; attribution and share-alike required,packet_ready,geofabrik_named_food_service
national-post-office-hi-fedex-office-d898801937,FedEx Office post-office-centered national sample candidate,national_post_office_sample_candidate,food_service,osm:node:13946911201,Istanbul Hawai'i,,,FedEx Office,HI,,21.2942388,-157.8519761,Geofabrik OpenStreetMap GeoPackage extract,2026-08-14T20:21:03Z,open,ODbL; attribution and share-alike required,packet_ready,geofabrik_named_food_service
national-post-office-hi-fedex-office-d898801937,FedEx Office post-office-centered national sample candidate,national_post_office_sample_candidate,food_service,osm:node:8668121767,Itchy Butt,,,FedEx Office,HI,,21.3009917,-157.8389918,Geofabrik OpenStreetMap GeoPackage extract,2026-08-14T20:21:03Z,open,ODbL; attribution and share-alike required,packet_ready,geofabrik_named_food_service
national-post-office-hi-fedex-office-d898801937,FedEx Office post-office-centered national sample candidate,national_post_office_sample_candidate,food_service,osm:node:6440844586,Izakaya 855-ALOHA,,,FedEx Office,HI,,21.2793779,-157.8251804,Geofabrik OpenStreetMap GeoPackage extract,2026-08-14T20:21:03Z,open,ODbL; attribution and share-alike required,packet_ready,geofabrik_named_food_service
national-post-office-hi-fedex-office-d898801937,FedEx Office post-office-centered national sample candidate,national_post_office_sample_candidate,food_service,osm:way:591406680,Izakaya Danji,,,FedEx Office,HI,,21.3021341,-157.8454309,Geofabrik OpenStreetMap GeoPackage extract,2026-08-14T20:21:03Z,open,ODbL; attribution and share-alike required,packet_ready,geofabrik_named_food_service
national-post-office-hi-fedex-office-d898801937,FedEx Office post-office-centered national sample candidate,national_post_office_sample_candidate,food_service,osm:way:1082574082,Izakaya Harumi,,,FedEx Office,HI,,21.2800943,-157.8282450,Geofabrik OpenStreetMap GeoPackage extract,2026-08-14T20:21:03Z,open,ODbL; attribution and share-alike required,packet_ready,geofabrik_named_food_service
national-post-office-hi-fedex-office-d898801937,FedEx Office post-office-centered national sample candidate,national_post_office_sample_candidate,food_service,osm:node:11126832347,Izakaya Nonbei,,,FedEx Office,HI,,21.2841192,-157.8132989,Geofabrik OpenStreetMap GeoPackage extract,2026-08-14T20:21:03Z,open,ODbL; attribution and share-alike required,packet_ready,geofabrik_named_food_service
national-post-office-hi-fedex-office-d898801937,FedEx Office post-office-centered national sample candidate,national_post_office_sample_candidate,food_service,osm:node:10076370817,Izakaya Pau Hana Base,,,FedEx Office,HI,,21.2802964,-157.8266446,Geofabrik OpenStreetMap GeoPackage extract,2026-08-14T20:21:03Z,open,ODbL; attribution and share-alike required,packet_ready,geofabrik_named_food_service
national-post-office-hi-fedex-office-d898801937,FedEx Office post-office-centered national sample candidate,national_post_office_sample_candidate,food_service,osm:way:306044143,Izakaya Tairyo,,,FedEx Office,HI,,21.2943444,-157.8467612,Geofabrik OpenStreetMap GeoPackage extract,2026-08-14T20:21:03Z,open,ODbL; attribution and share-alike required,packet_ready,geofabrik_named_food_service
national-post-office-hi-fedex-office-d898801937,FedEx Office post-office-centered national sample candidate,national_post_office_sample_candidate,food_service,osm:node:9362934578,J-Shop,,,FedEx Office,HI,,21.2980784,-157.8373058,Geofabrik OpenStreetMap GeoPackage extract,2026-08-14T20:21:03Z,open,ODbL; attribution and share-alike required,packet_ready,geofabrik_named_food_service
national-post-office-hi-fedex-office-d898801937,FedEx Office post-office-centered national sample candidate,national_post_office_sample_candidate,food_service,osm:node:11677572923,J. Dolan's Pub,,,FedEx Office,HI,,21.3110270,-157.8605570,Geofabrik OpenStreetMap GeoPackage extract,2026-08-14T20:21:03Z,open,ODbL; attribution and share-alike required,packet_ready,geofabrik_named_food_service
national-post-office-hi-fedex-office-d898801937,FedEx Office post-office-centered national sample candidate,national_post_office_sample_candidate,food_service,osm:node:4491255591,JINROKU PACIFIC,,,FedEx Office,HI,,21.2763252,-157.8239047,Geofabrik OpenStreetMap GeoPackage extract,2026-08-14T20:21:03Z,open,ODbL; attribution and share-alike required,packet_ready,geofabrik_named_food_service
national-post-office-hi-fedex-office-d898801937,FedEx Office post-office-centered national sample candidate,national_post_office_sample_candidate,food_service,osm:node:11060928291,Jack in the Box,,,FedEx Office,HI,,21.2904903,-157.8442290,Geofabrik OpenStreetMap GeoPackage extract,2026-08-14T20:21:03Z,open,ODbL; attribution and share-alike required,packet_ready,geofabrik_named_food_service
national-post-office-hi-fedex-office-d898801937,FedEx Office post-office-centered national sample candidate,national_post_office_sample_candidate,food_service,osm:node:11624420001,Jack in the Box,,,FedEx Office,HI,,21.2989772,-157.8530858,Geofabrik OpenStreetMap GeoPackage extract,2026-08-14T20:21:03Z,open,ODbL; attribution and share-alike required,packet_ready,geofabrik_named_food_service
national-post-office-hi-fedex-office-d898801937,FedEx Office post-office-centered national sample candidate,national_post_office_sample_candidate,food_service,osm:node:4450009140,Jack in the Box,,,FedEx Office,HI,,21.3084087,-157.8605670,Geofabrik OpenStreetMap GeoPackage extract,2026-08-14T20:21:03Z,open,ODbL; attribution and share-alike required,packet_ready,geofabrik_named_food_service
national-post-office-hi-fedex-office-d898801937,FedEx Office post-office-centered national sample candidate,national_post_office_sample_candidate,food_service,osm:way:455365815,Jack in the Box,,,FedEx Office,HI,,21.3001876,-157.8444261,Geofabrik OpenStreetMap GeoPackage extract,2026-08-14T20:21:03Z,open,ODbL; attribution and share-alike required,packet_ready,geofabrik_named_food_service
national-post-office-hi-fedex-office-d898801937,FedEx Office post-office-centered national sample candidate,national_post_office_sample_candidate,food_service,osm:way:492447298,Jack in the Box,,,FedEx Office,HI,,21.2952182,-157.8303039,Geofabrik OpenStreetMap GeoPackage extract,2026-08-14T20:21:03Z,open,ODbL; attribution and share-alike required,packet_ready,geofabrik_named_food_service
national-post-office-hi-fedex-office-d898801937,FedEx Office post-office-centered national sample candidate,national_post_office_sample_candidate,food_service,osm:way:493521163,Jack in the Box,,,FedEx Office,HI,,21.2965775,-157.8366135,Geofabrik OpenStreetMap GeoPackage extract,2026-08-14T20:21:03Z,open,ODbL; attribution and share-alike required,packet_ready,geofabrik_named_food_service
national-post-office-hi-fedex-office-d898801937,FedEx Office post-office-centered national sample candidate,national_post_office_sample_candidate,food_service,osm:way:494890791,Jack in the Box,,,FedEx Office,HI,,21.3344328,-157.8806915,Geofabrik OpenStreetMap GeoPackage extract,2026-08-14T20:21:03Z,open,ODbL; attribution and share-alike required,packet_ready,geofabrik_named_food_service
national-post-office-hi-fedex-office-d898801937,FedEx Office post-office-centered national sample candidate,national_post_office_sample_candidate,food_service,osm:way:817793229,Jack in the Box,,,FedEx Office,HI,,21.2794210,-157.8137210,Geofabrik OpenStreetMap GeoPackage extract,2026-08-14T20:21:03Z,open,ODbL; attribution and share-alike required,packet_ready,geofabrik_named_food_service
national-post-office-hi-fedex-office-d898801937,FedEx Office post-office-centered national sample candidate,national_post_office_sample_candidate,food_service,osm:node:10762932061,Jamba,,,FedEx Office,HI,,21.2924771,-157.8455321,Geofabrik OpenStreetMap GeoPackage extract,2026-08-14T20:21:03Z,open,ODbL; attribution and share-alike required,packet_ready,geofabrik_named_food_service
national-post-office-hi-fedex-office-d898801937,FedEx Office post-office-centered national sample candidate,national_post_office_sample_candidate,food_service,osm:node:11060928273,Jamba,,,FedEx Office,HI,,21.2907556,-157.8437690,Geofabrik OpenStreetMap GeoPackage extract,2026-08-14T20:21:03Z,open,ODbL; attribution and share-alike required,packet_ready,geofabrik_named_food_service
national-post-office-hi-fedex-office-d898801937,FedEx Office post-office-centered national sample candidate,national_post_office_sample_candidate,food_service,osm:node:3466188850,Jamba,,,FedEx Office,HI,,21.2799050,-157.8271163,Geofabrik OpenStreetMap GeoPackage extract,2026-08-14T20:21:03Z,open,ODbL; attribution and share-alike required,packet_ready,geofabrik_named_food_service
national-post-office-hi-fedex-office-d898801937,FedEx Office post-office-centered national sample candidate,national_post_office_sample_candidate,food_service,osm:node:3740804339,Jamba,,,FedEx Office,HI,,21.2790413,-157.8136590,Geofabrik OpenStreetMap GeoPackage extract,2026-08-14T20:21:03Z,open,ODbL; attribution and share-alike required,packet_ready,geofabrik_named_food_service
national-post-office-hi-fedex-office-d898801937,FedEx Office post-office-centered national sample candidate,national_post_office_sample_candidate,food_service,osm:node:5119294324,Jamba,,,FedEx Office,HI,,21.2721606,-157.8229180,Geofabrik OpenStreetMap GeoPackage extract,2026-08-14T20:21:03Z,open,ODbL; attribution and share-alike required,packet_ready,geofabrik_named_food_service
national-post-office-hi-fedex-office-d898801937,FedEx Office post-office-centered national sample candidate,national_post_office_sample_candidate,food_service,osm:node:9288999804,Jamba,,,FedEx Office,HI,,21.3357684,-157.8680850,Geofabrik OpenStreetMap GeoPackage extract,2026-08-14T20:21:03Z,open,ODbL; attribution and share-alike required,packet_ready,geofabrik_named_food_service
national-post-office-hi-fedex-office-d898801937,FedEx Office post-office-centered national sample candidate,national_post_office_sample_candidate,food_service,osm:node:10208335801,Java Cafe,,,FedEx Office,HI,,21.2819705,-157.8343453,Geofabrik OpenStreetMap GeoPackage extract,2026-08-14T20:21:03Z,open,ODbL; attribution and share-alike required,packet_ready,geofabrik_named_food_service
national-post-office-hi-fedex-office-d898801937,FedEx Office post-office-centered national sample candidate,national_post_office_sample_candidate,food_service,osm:node:2405528961,Java Cafe,,,FedEx Office,HI,,21.2929117,-157.8529967,Geofabrik OpenStreetMap GeoPackage extract,2026-08-14T20:21:03Z,open,ODbL; attribution and share-alike required,packet_ready,geofabrik_named_food_service
national-post-office-hi-fedex-office-d898801937,FedEx Office post-office-centered national sample candidate,national_post_office_sample_candidate,food_service,osm:node:9584388491,Jejubing Dessert Cafe,,,FedEx Office,HI,,21.2901455,-157.8438223,Geofabrik OpenStreetMap GeoPackage extract,2026-08-14T20:21:03Z,open,ODbL; attribution and share-alike required,packet_ready,geofabrik_named_food_service
national-post-office-hi-fedex-office-d898801937,FedEx Office post-office-centered national sample candidate,national_post_office_sample_candidate,food_service,osm:node:9371148094,Jersey Mike's Subs,,,FedEx Office,HI,,21.2913253,-157.8212261,Geofabrik OpenStreetMap GeoPackage extract,2026-08-14T20:21:03Z,open,ODbL; attribution and share-alike required,packet_ready,geofabrik_named_food_service
national-post-office-hi-fedex-office-d898801937,FedEx Office post-office-centered national sample candidate,national_post_office_sample_candidate,food_service,osm:node:7698952720,Joe’s Steakhouse,,,FedEx Office,HI,,21.3135678,-157.8694148,Geofabrik OpenStreetMap GeoPackage extract,2026-08-14T20:21:03Z,open,ODbL; attribution and share-alike required,packet_ready,geofabrik_named_food_service
national-post-office-hi-fedex-office-d898801937,FedEx Office post-office-centered national sample candidate,national_post_office_sample_candidate,food_service,osm:node:11061050678,Jollibee,,,FedEx Office,HI,,21.2904238,-157.8442367,Geofabrik OpenStreetMap GeoPackage extract,2026-08-14T20:21:03Z,open,ODbL; attribution and share-alike required,packet_ready,geofabrik_named_food_service
national-post-office-hi-fedex-office-d898801937,FedEx Office post-office-centered national sample candidate,national_post_office_sample_candidate,food_service,osm:way:824495590,Jollibee,,,FedEx Office,HI,,21.3187026,-157.8651886,Geofabrik OpenStreetMap GeoPackage extract,2026-08-14T20:21:03Z,open,ODbL; attribution and share-alike required,packet_ready,geofabrik_named_food_service
national-post-office-hi-fedex-office-d898801937,FedEx Office post-office-centered national sample candidate,national_post_office_sample_candidate,food_service,osm:node:13875289501,Joy Cup Noodles,,,FedEx Office,HI,,21.2948070,-157.8367305,Geofabrik OpenStreetMap GeoPackage extract,2026-08-14T20:21:03Z,open,ODbL; attribution and share-alike required,packet_ready,geofabrik_named_food_service
national-post-office-hi-fedex-office-d898801937,FedEx Office post-office-centered national sample candidate,national_post_office_sample_candidate,food_service,osm:node:13366307634,Junbi,,,FedEx Office,HI,,21.2783485,-157.8286924,Geofabrik OpenStreetMap GeoPackage extract,2026-08-14T20:21:03Z,open,ODbL; attribution and share-alike required,packet_ready,geofabrik_named_food_service
national-post-office-hi-fedex-office-d898801937,FedEx Office post-office-centered national sample candidate,national_post_office_sample_candidate,food_service,osm:node:4662320772,Junpuu,,,FedEx Office,HI,,21.3017085,-157.8485667,Geofabrik OpenStreetMap GeoPackage extract,2026-08-14T20:21:03Z,open,ODbL; attribution and share-alike required,packet_ready,geofabrik_named_food_service
national-post-office-hi-fedex-office-d898801937,FedEx Office post-office-centered national sample candidate,national_post_office_sample_candidate,food_service,osm:way:800985381,KFC,,,FedEx Office,HI,,21.2964990,-157.8298955,Geofabrik OpenStreetMap GeoPackage extract,2026-08-14T20:21:03Z,open,ODbL; attribution and share-alike required,packet_ready,geofabrik_named_food_service
national-post-office-hi-fedex-office-d898801937,FedEx Office post-office-centered national sample candidate,national_post_office_sample_candidate,food_service,osm:way:903656909,KFC,,,FedEx Office,HI,,21.3313190,-157.8754152,Geofabrik OpenStreetMap GeoPackage extract,2026-08-14T20:21:03Z,open,ODbL; attribution and share-alike required,packet_ready,geofabrik_named_food_service
national-post-office-hi-fedex-office-d898801937,FedEx Office post-office-centered national sample candidate,national_post_office_sample_candidate,food_service,osm:node:6618185585,KONA Coffee Purveyors,,,FedEx Office,HI,,21.2788224,-157.8257634,Geofabrik OpenStreetMap GeoPackage extract,2026-08-14T20:21:03Z,open,ODbL; attribution and share-alike required,packet_ready,geofabrik_named_food_service
national-post-office-hi-fedex-office-d898801937,FedEx Office post-office-centered national sample candidate,national_post_office_sample_candidate,food_service,osm:node:7787908568,Kabuki Restaurant,,,FedEx Office,HI,,21.3033648,-157.8549590,Geofabrik OpenStreetMap GeoPackage extract,2026-08-14T20:21:03Z,open,ODbL; attribution and share-alike required,packet_ready,geofabrik_named_food_service
national-post-office-hi-fedex-office-d898801937,FedEx Office post-office-centered national sample candidate,national_post_office_sample_candidate,food_service,osm:way:545784290,Kahai Kitchen,,,FedEx Office,HI,,21.2927977,-157.8249350,Geofabrik OpenStreetMap GeoPackage extract,2026-08-14T20:21:03Z,open,ODbL; attribution and share-alike required,packet_ready,geofabrik_named_food_service
national-post-office-hi-fedex-office-d898801937,FedEx Office post-office-centered national sample candidate,national_post_office_sample_candidate,food_service,osm:node:10189306221,Kai Coffee,,,FedEx Office,HI,,21.2747564,-157.8235105,Geofabrik OpenStreetMap GeoPackage extract,2026-08-14T20:21:03Z,open,ODbL; attribution and share-alike required,packet_ready,geofabrik_named_food_service
national-post-office-hi-fedex-office-d898801937,FedEx Office post-office-centered national sample candidate,national_post_office_sample_candidate,food_service,osm:node:4259274319,Kai Coffee,,,FedEx Office,HI,,21.2793583,-157.8283329,Geofabrik OpenStreetMap GeoPackage extract,2026-08-14T20:21:03Z,open,ODbL; attribution and share-alike required,packet_ready,geofabrik_named_food_service
national-post-office-hi-fedex-office-d898801937,FedEx Office post-office-centered national sample candidate,national_post_office_sample_candidate,food_service,osm:node:8017399707,Kai Coffee Hawaii,,,FedEx Office,HI,,21.2761475,-157.8250879,Geofabrik OpenStreetMap GeoPackage extract,2026-08-14T20:21:03Z,open,ODbL; attribution and share-alike required,packet_ready,geofabrik_named_food_service
national-post-office-hi-fedex-office-d898801937,FedEx Office post-office-centered national sample candidate,national_post_office_sample_candidate,food_service,osm:node:10096019568,Kai K Food,,,FedEx Office,HI,,21.2729560,-157.8214940,Geofabrik OpenStreetMap GeoPackage extract,2026-08-14T20:21:03Z,open,ODbL; attribution and share-alike required,packet_ready,geofabrik_named_food_service
national-post-office-hi-fedex-office-d898801937,FedEx Office post-office-centered national sample candidate,national_post_office_sample_candidate,food_service,osm:node:10200918710,Kai Market,,,FedEx Office,HI,,21.2772297,-157.8310346,Geofabrik OpenStreetMap GeoPackage extract,2026-08-14T20:21:03Z,open,ODbL; attribution and share-alike required,packet_ready,geofabrik_named_food_service
national-post-office-hi-fedex-office-d898801937,FedEx Office post-office-centered national sample candidate,national_post_office_sample_candidate,food_service,osm:node:13456399701,Kai Poke Waikiki,,,FedEx Office,HI,,21.2795921,-157.8275692,Geofabrik OpenStreetMap GeoPackage extract,2026-08-14T20:21:03Z,open,ODbL; attribution and share-alike required,packet_ready,geofabrik_named_food_service
national-post-office-hi-fedex-office-d898801937,FedEx Office post-office-centered national sample candidate,national_post_office_sample_candidate,food_service,osm:node:7639113808,Kaimana Farm Cafe,,,FedEx Office,HI,,21.2830341,-157.8138212,Geofabrik OpenStreetMap GeoPackage extract,2026-08-14T20:21:03Z,open,ODbL; attribution and share-alike required,packet_ready,geofabrik_named_food_service
national-post-office-hi-fedex-office-d898801937,FedEx Office post-office-centered national sample candidate,national_post_office_sample_candidate,food_service,osm:node:11764853305,Kaiten Sushi Ginza Onodera,,,FedEx Office,HI,,21.2911898,-157.8202909,Geofabrik OpenStreetMap GeoPackage extract,2026-08-14T20:21:03Z,open,ODbL; attribution and share-alike required,packet_ready,geofabrik_named_food_service
national-post-office-hi-fedex-office-d898801937,FedEx Office post-office-centered national sample candidate,national_post_office_sample_candidate,food_service,osm:node:6395685332,Kaiwa teppan & sushi,,,FedEx Office,HI,,21.2795058,-157.8309994,Geofabrik OpenStreetMap GeoPackage extract,2026-08-14T20:21:03Z,open,ODbL; attribution and share-alike required,packet_ready,geofabrik_named_food_service
national-post-office-hi-fedex-office-d898801937,FedEx Office post-office-centered national sample candidate,national_post_office_sample_candidate,food_service,osm:node:3663403481,Kaka'ako Kitchen,,,FedEx Office,HI,,21.2932254,-157.8530556,Geofabrik OpenStreetMap GeoPackage extract,2026-08-14T20:21:03Z,open,ODbL; attribution and share-alike required,packet_ready,geofabrik_named_food_service
national-post-office-hi-fedex-office-d898801937,FedEx Office post-office-centered national sample candidate,national_post_office_sample_candidate,food_service,osm:node:4231094692,Kamehameha Bowl,,,FedEx Office,HI,,21.3363380,-157.8690523,Geofabrik OpenStreetMap GeoPackage extract,2026-08-14T20:21:03Z,open,ODbL; attribution and share-alike required,packet_ready,geofabrik_named_food_service
national-post-office-hi-fedex-office-d898801937,FedEx Office post-office-centered national sample candidate,national_post_office_sample_candidate,food_service,osm:node:5875360805,Kamitoku,,,FedEx Office,HI,,21.2881102,-157.8148979,Geofabrik OpenStreetMap GeoPackage extract,2026-08-14T20:21:03Z,open,ODbL; attribution and share-alike required,packet_ready,geofabrik_named_food_service
national-post-office-hi-fedex-office-d898801937,FedEx Office post-office-centered national sample candidate,national_post_office_sample_candidate,food_service,osm:node:14008149743,Kani Ka Pila Grille,,,FedEx Office,HI,,21.2785012,-157.8325135,Geofabrik OpenStreetMap GeoPackage extract,2026-08-14T20:21:03Z,open,ODbL; attribution and share-alike required,packet_ready,geofabrik_named_food_service
national-post-office-hi-fedex-office-d898801937,FedEx Office post-office-centered national sample candidate,national_post_office_sample_candidate,food_service,osm:node:1315949031,Kapahulu Market,,,FedEx Office,HI,,21.2716898,-157.8189389,Geofabrik OpenStreetMap GeoPackage extract,2026-08-14T20:21:03Z,open,ODbL; attribution and share-alike required,packet_ready,geofabrik_named_food_service
national-post-office-hi-fedex-office-d898801937,FedEx Office post-office-centered national sample candidate,national_post_office_sample_candidate,food_service,osm:node:10000682619,Kasian Kreations,,,FedEx Office,HI,,21.2913260,-157.8377673,Geofabrik OpenStreetMap GeoPackage extract,2026-08-14T20:21:03Z,open,ODbL; attribution and share-alike required,packet_ready,geofabrik_named_food_service
national-post-office-hi-fedex-office-d898801937,FedEx Office post-office-centered national sample candidate,national_post_office_sample_candidate,food_service,osm:node:9347762139,Kawaii Wave,,,FedEx Office,HI,,21.3214747,-157.8730018,Geofabrik OpenStreetMap GeoPackage extract,2026-08-14T20:21:03Z,open,ODbL; attribution and share-alike required,packet_ready,geofabrik_named_food_service
national-post-office-hi-fedex-office-d898801937,FedEx Office post-office-centered national sample candidate,national_post_office_sample_candidate,food_service,osm:node:12865070184,Kayak Cafe,,,FedEx Office,HI,,21.2853622,-157.8354248,Geofabrik OpenStreetMap GeoPackage extract,2026-08-14T20:21:03Z,open,ODbL; attribution and share-alike required,packet_ready,geofabrik_named_food_service
national-post-office-hi-fedex-office-d898801937,FedEx Office post-office-centered national sample candidate,national_post_office_sample_candidate,food_service,osm:node:8668121768,Keeaumoku Seafood,,,FedEx Office,HI,,21.3008767,-157.8390363,Geofabrik OpenStreetMap GeoPackage extract,2026-08-14T20:21:03Z,open,ODbL; attribution and share-alike required,packet_ready,geofabrik_named_food_service
national-post-office-hi-fedex-office-d898801937,FedEx Office post-office-centered national sample candidate,national_post_office_sample_candidate,food_service,osm:node:5219366722,Kelley O'Neil's,,,FedEx Office,HI,,21.2802786,-157.8294420,Geofabrik OpenStreetMap GeoPackage extract,2026-08-14T20:21:03Z,open,ODbL; attribution and share-alike required,packet_ready,geofabrik_named_food_service
national-post-office-hi-fedex-office-d898801937,FedEx Office post-office-centered national sample candidate,national_post_office_sample_candidate,food_service,osm:node:6440762388,Kickin Kajun,,,FedEx Office,HI,,21.2945037,-157.8416899,Geofabrik OpenStreetMap GeoPackage extract,2026-08-14T20:21:03Z,open,ODbL; attribution and share-alike required,packet_ready,geofabrik_named_food_service
national-post-office-hi-fedex-office-d898801937,FedEx Office post-office-centered national sample candidate,national_post_office_sample_candidate,food_service,osm:node:8026550499,Kids Cafe,,,FedEx Office,HI,,21.2933435,-157.8620753,Geofabrik OpenStreetMap GeoPackage extract,2026-08-14T20:21:03Z,open,ODbL; attribution and share-alike required,packet_ready,geofabrik_named_food_service
national-post-office-hi-fedex-office-d898801937,FedEx Office post-office-centered national sample candidate,national_post_office_sample_candidate,food_service,osm:node:12015915218,Kikuya,,,FedEx Office,HI,,21.3274769,-157.8712969,Geofabrik OpenStreetMap GeoPackage extract,2026-08-14T20:21:03Z,open,ODbL; attribution and share-alike required,packet_ready,geofabrik_named_food_service
national-post-office-hi-fedex-office-d898801937,FedEx Office post-office-centered national sample candidate,national_post_office_sample_candidate,food_service,osm:node:9834734952,Kim Chee 3,,,FedEx Office,HI,,21.2936405,-157.8270964,Geofabrik OpenStreetMap GeoPackage extract,2026-08-14T20:21:03Z,open,ODbL; attribution and share-alike required,packet_ready,geofabrik_named_food_service
national-post-office-hi-fedex-office-d898801937,FedEx Office post-office-centered national sample candidate,national_post_office_sample_candidate,food_service,osm:node:14054323378,King of Thai Boat Noodles,,,FedEx Office,HI,,21.2812123,-157.8302222,Geofabrik OpenStreetMap GeoPackage extract,2026-08-14T20:21:03Z,open,ODbL; attribution and share-alike required,packet_ready,geofabrik_named_food_service
national-post-office-hi-fedex-office-d898801937,FedEx Office post-office-centered national sample candidate,national_post_office_sample_candidate,food_service,osm:node:11145395892,King’s Pizza,,,FedEx Office,HI,,21.2849670,-157.8136670,Geofabrik OpenStreetMap GeoPackage extract,2026-08-14T20:21:03Z,open,ODbL; attribution and share-alike required,packet_ready,geofabrik_named_food_service
national-post-office-hi-fedex-office-d898801937,FedEx Office post-office-centered national sample candidate,national_post_office_sample_candidate,food_service,osm:node:10195531967,Kirin Restaurant,,,FedEx Office,HI,,21.2764277,-157.8257287,Geofabrik OpenStreetMap GeoPackage extract,2026-08-14T20:21:03Z,open,ODbL; attribution and share-alike required,packet_ready,geofabrik_named_food_service
national-post-office-hi-fedex-office-d898801937,FedEx Office post-office-centered national sample candidate,national_post_office_sample_candidate,food_service,osm:node:4089377294,Kissaten,,,FedEx Office,HI,,21.2931217,-157.8474472,Geofabrik OpenStreetMap GeoPackage extract,2026-08-14T20:21:03Z,open,ODbL; attribution and share-alike required,packet_ready,geofabrik_named_food_service
national-post-office-hi-fedex-office-d898801937,FedEx Office post-office-centered national sample candidate,national_post_office_sample_candidate,food_service,osm:node:10208335800,Koa Oasis,,,FedEx Office,HI,,21.2785954,-157.8344930,Geofabrik OpenStreetMap GeoPackage extract,2026-08-14T20:21:03Z,open,ODbL; attribution and share-alike required,packet_ready,geofabrik_named_food_service
national-post-office-hi-fedex-office-d898801937,FedEx Office post-office-centered national sample candidate,national_post_office_sample_candidate,food_service,osm:node:2650353033,Kobe,,,FedEx Office,HI,,21.2842142,-157.8369239,Geofabrik OpenStreetMap GeoPackage extract,2026-08-14T20:21:03Z,open,ODbL; attribution and share-alike required,packet_ready,geofabrik_named_food_service
national-post-office-hi-fedex-office-d898801937,FedEx Office post-office-centered national sample candidate,national_post_office_sample_candidate,food_service,osm:node:7659914271,Kokea Bento,,,FedEx Office,HI,,21.3213549,-157.8732198,Geofabrik OpenStreetMap GeoPackage extract,2026-08-14T20:21:03Z,open,ODbL; attribution and share-alike required,packet_ready,geofabrik_named_food_service
national-post-office-hi-fedex-office-d898801937,FedEx Office post-office-centered national sample candidate,national_post_office_sample_candidate,food_service,osm:node:10208335796,Koko at Kalia,,,FedEx Office,HI,,21.2821129,-157.8350602,Geofabrik OpenStreetMap GeoPackage extract,2026-08-14T20:21:03Z,open,ODbL; attribution and share-alike required,packet_ready,geofabrik_named_food_service
national-post-office-hi-fedex-office-d898801937,FedEx Office post-office-centered national sample candidate,national_post_office_sample_candidate,food_service,osm:node:4467668230,Komala Curry House,,,FedEx Office,HI,,21.3075255,-157.8632931,Geofabrik OpenStreetMap GeoPackage extract,2026-08-14T20:21:03Z,open,ODbL; attribution and share-alike required,packet_ready,geofabrik_named_food_service
national-post-office-hi-fedex-office-d898801937,FedEx Office post-office-centered national sample candidate,national_post_office_sample_candidate,food_service,osm:node:14054323379,Kona Coffee Donut?,,,FedEx Office,HI,,21.2812872,-157.8302630,Geofabrik OpenStreetMap GeoPackage extract,2026-08-14T20:21:03Z,open,ODbL; attribution and share-alike required,packet_ready,geofabrik_named_food_service
national-post-office-hi-fedex-office-d898801937,FedEx Office post-office-centered national sample candidate,national_post_office_sample_candidate,food_service,osm:node:3466188852,Kono's Northshore Waikiki,,,FedEx Office,HI,,21.2794272,-157.8259710,Geofabrik OpenStreetMap GeoPackage extract,2026-08-14T20:21:03Z,open,ODbL; attribution and share-alike required,packet_ready,geofabrik_named_food_service
national-post-office-hi-fedex-office-d898801937,FedEx Office post-office-centered national sample candidate,national_post_office_sample_candidate,food_service,osm:node:11115665227,Kono’s,,,FedEx Office,HI,,21.2852854,-157.8133374,Geofabrik OpenStreetMap GeoPackage extract,2026-08-14T20:21:03Z,open,ODbL; attribution and share-alike required,packet_ready,geofabrik_named_food_service
national-post-office-hi-fedex-office-d898801937,FedEx Office post-office-centered national sample candidate,national_post_office_sample_candidate,food_service,osm:way:408758062,Korea Garden,,,FedEx Office,HI,,21.2921425,-157.8369498,Geofabrik OpenStreetMap GeoPackage extract,2026-08-14T20:21:03Z,open,ODbL; attribution and share-alike required,packet_ready,geofabrik_named_food_service
national-post-office-hi-fedex-office-d898801937,FedEx Office post-office-centered national sample candidate,national_post_office_sample_candidate,food_service,osm:node:11158437537,Kozo Sushi,,,FedEx Office,HI,,21.2790447,-157.8137709,Geofabrik OpenStreetMap GeoPackage extract,2026-08-14T20:21:03Z,open,ODbL; attribution and share-alike required,packet_ready,geofabrik_named_food_service
national-post-office-hi-fedex-office-d898801937,FedEx Office post-office-centered national sample candidate,national_post_office_sample_candidate,food_service,osm:way:1357574521,Kozo Sushi,,,FedEx Office,HI,,21.2937289,-157.8259599,Geofabrik OpenStreetMap GeoPackage extract,2026-08-14T20:21:03Z,open,ODbL; attribution and share-alike required,packet_ready,geofabrik_named_food_service
national-post-office-hi-fedex-office-d898801937,FedEx Office post-office-centered national sample candidate,national_post_office_sample_candidate,food_service,osm:node:5104883921,Kua 'Aina Burger,,,FedEx Office,HI,,21.2930186,-157.8526480,Geofabrik OpenStreetMap GeoPackage extract,2026-08-14T20:21:03Z,open,ODbL; attribution and share-alike required,packet_ready,geofabrik_named_food_service
national-post-office-hi-fedex-office-d898801937,FedEx Office post-office-centered national sample candidate,national_post_office_sample_candidate,food_service,osm:node:10189315044,Kuhio Beach Grill,,,FedEx Office,HI,,21.2732053,-157.8231426,Geofabrik OpenStreetMap GeoPackage extract,2026-08-14T20:21:03Z,open,ODbL; attribution and share-alike required,packet_ready,geofabrik_named_food_service
national-post-office-hi-fedex-office-d898801937,FedEx Office post-office-centered national sample candidate,national_post_office_sample_candidate,food_service,osm:node:11060766548,Kyochon 1991,,,FedEx Office,HI,,21.2955447,-157.8409914,Geofabrik OpenStreetMap GeoPackage extract,2026-08-14T20:21:03Z,open,ODbL; attribution and share-alike required,packet_ready,geofabrik_named_food_service
national-post-office-hi-fedex-office-d898801937,FedEx Office post-office-centered national sample candidate,national_post_office_sample_candidate,food_service,osm:way:620988195,Kyung's Seafood,,,FedEx Office,HI,,21.2991295,-157.8426055,Geofabrik OpenStreetMap GeoPackage extract,2026-08-14T20:21:03Z,open,ODbL; attribution and share-alike required,packet_ready,geofabrik_named_food_service
national-post-office-hi-fedex-office-d898801937,FedEx Office post-office-centered national sample candidate,national_post_office_sample_candidate,food_service,osm:node:10688046118,L&L Drive-Inn,,,FedEx Office,HI,,21.3099652,-157.8609379,Geofabrik OpenStreetMap GeoPackage extract,2026-08-14T20:21:03Z,open,ODbL; attribution and share-alike required,packet_ready,geofabrik_named_food_service
national-post-office-hi-fedex-office-d898801937,FedEx Office post-office-centered national sample candidate,national_post_office_sample_candidate,food_service,osm:node:11060928297,L&L Hawaiian Barbecue,,,FedEx Office,HI,,21.2907157,-157.8440782,Geofabrik OpenStreetMap GeoPackage extract,2026-08-14T20:21:03Z,open,ODbL; attribution and share-alike required,packet_ready,geofabrik_named_food_service
national-post-office-hi-fedex-office-d898801937,FedEx Office post-office-centered national sample candidate,national_post_office_sample_candidate,food_service,osm:node:13012012733,L&L Hawaiian Barbecue,,,FedEx Office,HI,,21.3236756,-157.8905584,Geofabrik OpenStreetMap GeoPackage extract,2026-08-14T20:21:03Z,open,ODbL; attribution and share-alike required,packet_ready,geofabrik_named_food_service
national-post-office-hi-fedex-office-d898801937,FedEx Office post-office-centered national sample candidate,national_post_office_sample_candidate,food_service,osm:node:3740804344,L&L Hawaiian Barbecue,,,FedEx Office,HI,,21.2879906,-157.8151560,Geofabrik OpenStreetMap GeoPackage extract,2026-08-14T20:21:03Z,open,ODbL; attribution and share-alike required,packet_ready,geofabrik_named_food_service
national-post-office-hi-fedex-office-d898801937,FedEx Office post-office-centered national sample candidate,national_post_office_sample_candidate,food_service,osm:node:3846248287,L&L Hawaiian Barbecue,,,FedEx Office,HI,,21.3010867,-157.8157050,Geofabrik OpenStreetMap GeoPackage extract,2026-08-14T20:21:03Z,open,ODbL; attribution and share-alike required,packet_ready,geofabrik_named_food_service
national-post-office-hi-fedex-office-d898801937,FedEx Office post-office-centered national sample candidate,national_post_office_sample_candidate,food_service,osm:node:4198315899,L&L Hawaiian Barbecue,,,FedEx Office,HI,,21.2938728,-157.8530340,Geofabrik OpenStreetMap GeoPackage extract,2026-08-14T20:21:03Z,open,ODbL; attribution and share-alike required,packet_ready,geofabrik_named_food_service
national-post-office-hi-fedex-office-d898801937,FedEx Office post-office-centered national sample candidate,national_post_office_sample_candidate,food_service,osm:node:4496304698,L&L Hawaiian Barbecue,,,FedEx Office,HI,,21.2909688,-157.8532470,Geofabrik OpenStreetMap GeoPackage extract,2026-08-14T20:21:03Z,open,ODbL; attribution and share-alike required,packet_ready,geofabrik_named_food_service
national-post-office-hi-fedex-office-d898801937,FedEx Office post-office-centered national sample candidate,national_post_office_sample_candidate,food_service,osm:node:6377287057,L&L Hawaiian Barbecue,,,FedEx Office,HI,,21.3076427,-157.8613300,Geofabrik OpenStreetMap GeoPackage extract,2026-08-14T20:21:03Z,open,ODbL; attribution and share-alike required,packet_ready,geofabrik_named_food_service
national-post-office-hi-fedex-office-d898801937,FedEx Office post-office-centered national sample candidate,national_post_office_sample_candidate,food_service,osm:way:1357574512,L&L Hawaiian Barbecue,,,FedEx Office,HI,,21.2936965,-157.8263467,Geofabrik OpenStreetMap GeoPackage extract,2026-08-14T20:21:03Z,open,ODbL; attribution and share-alike required,packet_ready,geofabrik_named_food_service
national-post-office-hi-fedex-office-d898801937,FedEx Office post-office-centered national sample candidate,national_post_office_sample_candidate,food_service,osm:way:295755876,L&L Hawaiian Barbecue,,,FedEx Office,HI,,21.2885816,-157.8454887,Geofabrik OpenStreetMap GeoPackage extract,2026-08-14T20:21:03Z,open,ODbL; attribution and share-alike required,packet_ready,geofabrik_named_food_service
national-post-office-hi-fedex-office-d898801937,FedEx Office post-office-centered national sample candidate,national_post_office_sample_candidate,food_service,osm:node:11060928295,L.A. Brisket,,,FedEx Office,HI,,21.2904073,-157.8442055,Geofabrik OpenStreetMap GeoPackage extract,2026-08-14T20:21:03Z,open,ODbL; attribution and share-alike required,packet_ready,geofabrik_named_food_service
national-post-office-hi-fedex-office-d898801937,FedEx Office post-office-centered national sample candidate,national_post_office_sample_candidate,food_service,osm:node:2721777138,La Cucaracha Waikiki,,,FedEx Office,HI,,21.2758128,-157.8241926,Geofabrik OpenStreetMap GeoPackage extract,2026-08-14T20:21:03Z,open,ODbL; attribution and share-alike required,packet_ready,geofabrik_named_food_service
national-post-office-hi-fedex-office-d898801937,FedEx Office post-office-centered national sample candidate,national_post_office_sample_candidate,food_service,osm:node:3767294793,La Mer,,,FedEx Office,HI,,21.2783382,-157.8320210,Geofabrik OpenStreetMap GeoPackage extract,2026-08-14T20:21:03Z,open,ODbL; attribution and share-alike required,packet_ready,geofabrik_named_food_service
national-post-office-hi-fedex-office-d898801937,FedEx Office post-office-centered national sample candidate,national_post_office_sample_candidate,food_service,osm:node:10688046120,La Pizza Rina,,,FedEx Office,HI,,21.2981247,-157.8396212,Geofabrik OpenStreetMap GeoPackage extract,2026-08-14T20:21:03Z,open,ODbL; attribution and share-alike required,packet_ready,geofabrik_named_food_service
national-post-office-hi-fedex-office-d898801937,FedEx Office post-office-centered national sample candidate,national_post_office_sample_candidate,food_service,osm:node:13375134702,La Plena BBQ,,,FedEx Office,HI,,21.2859189,-157.8325861,Geofabrik OpenStreetMap GeoPackage extract,2026-08-14T20:21:03Z,open,ODbL; attribution and share-alike required,packet_ready,geofabrik_named_food_service
national-post-office-hi-fedex-office-d898801937,FedEx Office post-office-centered national sample candidate,national_post_office_sample_candidate,food_service,osm:node:1403854602,La Tour Cafe,,,FedEx Office,HI,,21.3160414,-157.8741535,Geofabrik OpenStreetMap GeoPackage extract,2026-08-14T20:21:03Z,open,ODbL; attribution and share-alike required,packet_ready,geofabrik_named_food_service
national-post-office-hi-fedex-office-d898801937,FedEx Office post-office-centered national sample candidate,national_post_office_sample_candidate,food_service,osm:node:10210339039,La Vie,,,FedEx Office,HI,,21.2821636,-157.8299844,Geofabrik OpenStreetMap GeoPackage extract,2026-08-14T20:21:03Z,open,ODbL; attribution and share-alike required,packet_ready,geofabrik_named_food_service
national-post-office-hi-fedex-office-d898801937,FedEx Office post-office-centered national sample candidate,national_post_office_sample_candidate,food_service,osm:node:12973078220,Lagoon Chinese Restaurant,,,FedEx Office,HI,,21.3325524,-157.9005857,Geofabrik OpenStreetMap GeoPackage extract,2026-08-14T20:21:03Z,open,ODbL; attribution and share-alike required,packet_ready,geofabrik_named_food_service
national-post-office-hi-fedex-office-d898801937,FedEx Office post-office-centered national sample candidate,national_post_office_sample_candidate,food_service,osm:node:10174735281,Lagoon Grill,,,FedEx Office,HI,,21.2832487,-157.8391563,Geofabrik OpenStreetMap GeoPackage extract,2026-08-14T20:21:03Z,open,ODbL; attribution and share-alike required,packet_ready,geofabrik_named_food_service
national-post-office-hi-fedex-office-d898801937,FedEx Office post-office-centered national sample candidate,national_post_office_sample_candidate,food_service,osm:node:11060928303,Lahaina Chicken Company,,,FedEx Office,HI,,21.2906663,-157.8439600,Geofabrik OpenStreetMap GeoPackage extract,2026-08-14T20:21:03Z,open,ODbL; attribution and share-alike required,packet_ready,geofabrik_named_food_service
national-post-office-hi-fedex-office-d898801937,FedEx Office post-office-centered national sample candidate,national_post_office_sample_candidate,food_service,osm:node:11461354295,Laura's Camelot Restaurant & Lounge,,,FedEx Office,HI,,21.2971568,-157.8421023,Geofabrik OpenStreetMap GeoPackage extract,2026-08-14T20:21:03Z,open,ODbL; attribution and share-alike required,packet_ready,geofabrik_named_food_service
national-post-office-hi-fedex-office-d898801937,FedEx Office post-office-centered national sample candidate,national_post_office_sample_candidate,food_service,osm:node:13174805460,Lee Ho Fook,,,FedEx Office,HI,,21.3147359,-157.8609967,Geofabrik OpenStreetMap GeoPackage extract,2026-08-14T20:21:03Z,open,ODbL; attribution and share-alike required,packet_ready,geofabrik_named_food_service
national-post-office-hi-fedex-office-d898801937,FedEx Office post-office-centered national sample candidate,national_post_office_sample_candidate,food_service,osm:node:4608594894,Legend Seafood Restaurant,,,FedEx Office,HI,,21.3142247,-157.8615330,Geofabrik OpenStreetMap GeoPackage extract,2026-08-14T20:21:03Z,open,ODbL; attribution and share-alike required,packet_ready,geofabrik_named_food_service
national-post-office-hi-fedex-office-d898801937,FedEx Office post-office-centered national sample candidate,national_post_office_sample_candidate,food_service,osm:node:11568466048,Leo's Taverna,,,FedEx Office,HI,,21.2800014,-157.8279815,Geofabrik OpenStreetMap GeoPackage extract,2026-08-14T20:21:03Z,open,ODbL; attribution and share-alike required,packet_ready,geofabrik_named_food_service
national-post-office-hi-fedex-office-d898801937,FedEx Office post-office-centered national sample candidate,national_post_office_sample_candidate,food_service,osm:way:360681439,Leonard's Bakery,,,FedEx Office,HI,,21.2848995,-157.8133086,Geofabrik OpenStreetMap GeoPackage extract,2026-08-14T20:21:03Z,open,ODbL; attribution and share-alike required,packet_ready,geofabrik_named_food_service
national-post-office-hi-fedex-office-d898801937,FedEx Office post-office-centered national sample candidate,national_post_office_sample_candidate,food_service,osm:node:10796520142,Leo’s Taverna Express,,,FedEx Office,HI,,21.2931622,-157.8387562,Geofabrik OpenStreetMap GeoPackage extract,2026-08-14T20:21:03Z,open,ODbL; attribution and share-alike required,packet_ready,geofabrik_named_food_service
national-post-office-hi-fedex-office-d898801937,FedEx Office post-office-centered national sample candidate,national_post_office_sample_candidate,food_service,osm:node:12015943441,Liliha,,,FedEx Office,HI,,21.2782587,-157.8263751,Geofabrik OpenStreetMap GeoPackage extract,2026-08-14T20:21:03Z,open,ODbL; attribution and share-alike required,packet_ready,geofabrik_named_food_service
national-post-office-hi-fedex-office-d898801937,FedEx Office post-office-centered national sample candidate,national_post_office_sample_candidate,food_service,osm:node:9583935679,Liliha Bakery,,,FedEx Office,HI,,21.2905861,-157.8412975,Geofabrik OpenStreetMap GeoPackage extract,2026-08-14T20:21:03Z,open,ODbL; attribution and share-alike required,packet_ready,geofabrik_named_food_service
national-post-office-hi-fedex-office-d898801937,FedEx Office post-office-centered national sample candidate,national_post_office_sample_candidate,food_service,osm:node:11060928281,Little Cafe Siam,,,FedEx Office,HI,,21.2906262,-157.8438656,Geofabrik OpenStreetMap GeoPackage extract,2026-08-14T20:21:03Z,open,ODbL; attribution and share-alike required,packet_ready,geofabrik_named_food_service
national-post-office-hi-fedex-office-d898801937,FedEx Office post-office-centered national sample candidate,national_post_office_sample_candidate,food_service,osm:way:1082574089,Little Italy,,,FedEx Office,HI,,21.2803377,-157.8279919,Geofabrik OpenStreetMap GeoPackage extract,2026-08-14T20:21:03Z,open,ODbL; attribution and share-alike required,packet_ready,geofabrik_named_food_service
national-post-office-hi-fedex-office-d898801937,FedEx Office post-office-centered national sample candidate,national_post_office_sample_candidate,food_service,osm:node:11110820952,Little Sweet,,,FedEx Office,HI,,21.2817273,-157.8143870,Geofabrik OpenStreetMap GeoPackage extract,2026-08-14T20:21:03Z,open,ODbL; attribution and share-alike required,packet_ready,geofabrik_named_food_service
national-post-office-hi-fedex-office-d898801937,FedEx Office post-office-centered national sample candidate,national_post_office_sample_candidate,food_service,osm:way:488208995,Lobster King,,,FedEx Office,HI,,21.2987570,-157.8403890,Geofabrik OpenStreetMap GeoPackage extract,2026-08-14T20:21:03Z,open,ODbL; attribution and share-alike required,packet_ready,geofabrik_named_food_service
national-post-office-hi-fedex-office-d898801937,FedEx Office post-office-centered national sample candidate,national_post_office_sample_candidate,food_service,osm:node:7738549037,Local Joe,,,FedEx Office,HI,,21.3107548,-157.8638091,Geofabrik OpenStreetMap GeoPackage extract,2026-08-14T20:21:03Z,open,ODbL; attribution and share-alike required,packet_ready,geofabrik_named_food_service
national-post-office-hi-fedex-office-d898801937,FedEx Office post-office-centered national sample candidate,national_post_office_sample_candidate,food_service,osm:node:9859259545,Los Chaparros,,,FedEx Office,HI,,21.2960038,-157.8269612,Geofabrik OpenStreetMap GeoPackage extract,2026-08-14T20:21:03Z,open,ODbL; attribution and share-alike required,packet_ready,geofabrik_named_food_service
national-post-office-hi-fedex-office-d898801937,FedEx Office post-office-centered national sample candidate,national_post_office_sample_candidate,food_service,osm:node:7016556985,Loving Hut,,,FedEx Office,HI,,21.2971069,-157.8355952,Geofabrik OpenStreetMap GeoPackage extract,2026-08-14T20:21:03Z,open,ODbL; attribution and share-alike required,packet_ready,geofabrik_named_food_service
national-post-office-hi-fedex-office-d898801937,FedEx Office post-office-centered national sample candidate,national_post_office_sample_candidate,food_service,osm:node:5750422422,Lucky Belly,,,FedEx Office,HI,,21.3117060,-157.8623010,Geofabrik OpenStreetMap GeoPackage extract,2026-08-14T20:21:03Z,open,ODbL; attribution and share-alike required,packet_ready,geofabrik_named_food_service
national-post-office-hi-fedex-office-d898801937,FedEx Office post-office-centered national sample candidate,national_post_office_sample_candidate,food_service,osm:node:7894936678,Lucky Strike Lanes;Lucky Strike Social,,,FedEx Office,HI,,21.2903744,-157.8437456,Geofabrik OpenStreetMap GeoPackage extract,2026-08-14T20:21:03Z,open,ODbL; attribution and share-alike required,packet_ready,geofabrik_named_food_service
national-post-office-hi-fedex-office-d898801937,FedEx Office post-office-centered national sample candidate,national_post_office_sample_candidate,food_service,osm:node:2671349383,Lulu's Waikiki,,,FedEx Office,HI,,21.2717924,-157.8226676,Geofabrik OpenStreetMap GeoPackage extract,2026-08-14T20:21:03Z,open,ODbL; attribution and share-alike required,packet_ready,geofabrik_named_food_service
national-post-office-hi-fedex-office-d898801937,FedEx Office post-office-centered national sample candidate,national_post_office_sample_candidate,food_service,osm:node:9382722835,Lunar Tea,,,FedEx Office,HI,,21.2938300,-157.8259336,Geofabrik OpenStreetMap GeoPackage extract,2026-08-14T20:21:03Z,open,ODbL; attribution and share-alike required,packet_ready,geofabrik_named_food_service
national-post-office-hi-fedex-office-d898801937,FedEx Office post-office-centered national sample candidate,national_post_office_sample_candidate,food_service,osm:way:1357574523,Lunar Tea,,,FedEx Office,HI,,21.2938723,-157.8259175,Geofabrik OpenStreetMap GeoPackage extract,2026-08-14T20:21:03Z,open,ODbL; attribution and share-alike required,packet_ready,geofabrik_named_food_service
national-post-office-hi-fedex-office-d898801937,FedEx Office post-office-centered national sample candidate,national_post_office_sample_candidate,food_service,osm:node:13012012731,Lunch Box,,,FedEx Office,HI,,21.3235840,-157.8906285,Geofabrik OpenStreetMap GeoPackage extract,2026-08-14T20:21:03Z,open,ODbL; attribution and share-alike required,packet_ready,geofabrik_named_food_service
national-post-office-hi-fedex-office-d898801937,FedEx Office post-office-centered national sample candidate,national_post_office_sample_candidate,food_service,osm:node:6983742485,MW Restaurant,,,FedEx Office,HI,,21.2995644,-157.8524550,Geofabrik OpenStreetMap GeoPackage extract,2026-08-14T20:21:03Z,open,ODbL; attribution and share-alike required,packet_ready,geofabrik_named_food_service
national-post-office-hi-fedex-office-d898801937,FedEx Office post-office-centered national sample candidate,national_post_office_sample_candidate,food_service,osm:node:3233933707,Mac 24/7 Bar & Restaurant,,,FedEx Office,HI,,21.2746984,-157.8202903,Geofabrik OpenStreetMap GeoPackage extract,2026-08-14T20:21:03Z,open,ODbL; attribution and share-alike required,packet_ready,geofabrik_named_food_service
national-post-office-hi-fedex-office-d898801937,FedEx Office post-office-centered national sample candidate,national_post_office_sample_candidate,food_service,osm:node:9279077022,Machete’s Mean Sandwich,,,FedEx Office,HI,,21.3234315,-157.8738628,Geofabrik OpenStreetMap GeoPackage extract,2026-08-14T20:21:03Z,open,ODbL; attribution and share-alike required,packet_ready,geofabrik_named_food_service
national-post-office-hi-fedex-office-d898801937,FedEx Office post-office-centered national sample candidate,national_post_office_sample_candidate,food_service,osm:node:11060928304,Madame Saigon,,,FedEx Office,HI,,21.2904800,-157.8440293,Geofabrik OpenStreetMap GeoPackage extract,2026-08-14T20:21:03Z,open,ODbL; attribution and share-alike required,packet_ready,geofabrik_named_food_service
national-post-office-hi-fedex-office-d898801937,FedEx Office post-office-centered national sample candidate,national_post_office_sample_candidate,food_service,osm:node:2650353037,Magokoro,,,FedEx Office,HI,,21.2840879,-157.8371774,Geofabrik OpenStreetMap GeoPackage extract,2026-08-14T20:21:03Z,open,ODbL; attribution and share-alike required,packet_ready,geofabrik_named_food_service
national-post-office-hi-fedex-office-d898801937,FedEx Office post-office-centered national sample candidate,national_post_office_sample_candidate,food_service,osm:node:12015943439,Maguro Brothers,,,FedEx Office,HI,,21.2796886,-157.8285772,Geofabrik OpenStreetMap GeoPackage extract,2026-08-14T20:21:03Z,open,ODbL; attribution and share-alike required,packet_ready,geofabrik_named_food_service
national-post-office-hi-fedex-office-d898801937,FedEx Office post-office-centered national sample candidate,national_post_office_sample_candidate,food_service,osm:node:8642464269,Maguro Spot,,,FedEx Office,HI,,21.2764755,-157.8234555,Geofabrik OpenStreetMap GeoPackage extract,2026-08-14T20:21:03Z,open,ODbL; attribution and share-alike required,packet_ready,geofabrik_named_food_service
national-post-office-hi-fedex-office-d898801937,FedEx Office post-office-centered national sample candidate,national_post_office_sample_candidate,food_service,osm:node:11374613383,Mahaloha Burger,,,FedEx Office,HI,,21.2905802,-157.8418048,Geofabrik OpenStreetMap GeoPackage extract,2026-08-14T20:21:03Z,open,ODbL; attribution and share-alike required,packet_ready,geofabrik_named_food_service
national-post-office-hi-fedex-office-d898801937,FedEx Office post-office-centered national sample candidate,national_post_office_sample_candidate,food_service,osm:node:13377549712,Mahaloha Burger,,,FedEx Office,HI,,21.2787466,-157.8293618,Geofabrik OpenStreetMap GeoPackage extract,2026-08-14T20:21:03Z,open,ODbL; attribution and share-alike required,packet_ready,geofabrik_named_food_service
national-post-office-hi-fedex-office-d898801937,FedEx Office post-office-centered national sample candidate,national_post_office_sample_candidate,food_service,osm:node:6045597690,Mahina and Sun's,,,FedEx Office,HI,,21.2819828,-157.8281537,Geofabrik OpenStreetMap GeoPackage extract,2026-08-14T20:21:03Z,open,ODbL; attribution and share-alike required,packet_ready,geofabrik_named_food_service
national-post-office-hi-fedex-office-d898801937,FedEx Office post-office-centered national sample candidate,national_post_office_sample_candidate,food_service,osm:node:1381008587,Mai Lan,,,FedEx Office,HI,,21.3007480,-157.8394110,Geofabrik OpenStreetMap GeoPackage extract,2026-08-14T20:21:03Z,open,ODbL; attribution and share-alike required,packet_ready,geofabrik_named_food_service
national-post-office-hi-fedex-office-d898801937,FedEx Office post-office-centered national sample candidate,national_post_office_sample_candidate,food_service,osm:node:7035102186,Maile's Thai,,,FedEx Office,HI,,21.2930304,-157.8527186,Geofabrik OpenStreetMap GeoPackage extract,2026-08-14T20:21:03Z,open,ODbL; attribution and share-alike required,packet_ready,geofabrik_named_food_service
national-post-office-hi-fedex-office-d898801937,FedEx Office post-office-centered national sample candidate,national_post_office_sample_candidate,food_service,osm:node:10189306222,Makana Lani,,,FedEx Office,HI,,21.2746089,-157.8233281,Geofabrik OpenStreetMap GeoPackage extract,2026-08-14T20:21:03Z,open,ODbL; attribution and share-alike required,packet_ready,geofabrik_named_food_service
national-post-office-hi-fedex-office-d898801937,FedEx Office post-office-centered national sample candidate,national_post_office_sample_candidate,food_service,osm:node:11374607783,Mama Sandwiches,,,FedEx Office,HI,,21.2906361,-157.8419265,Geofabrik OpenStreetMap GeoPackage extract,2026-08-14T20:21:03Z,open,ODbL; attribution and share-alike required,packet_ready,geofabrik_named_food_service
national-post-office-hi-fedex-office-d898801937,FedEx Office post-office-centered national sample candidate,national_post_office_sample_candidate,food_service,osm:node:7016670186,Mama T's Ital Kitchen - Umeke Market,,,FedEx Office,HI,,21.3087855,-157.8610610,Geofabrik OpenStreetMap GeoPackage extract,2026-08-14T20:21:03Z,open,ODbL; attribution and share-alike required,packet_ready,geofabrik_named_food_service
national-post-office-hi-fedex-office-d898801937,FedEx Office post-office-centered national sample candidate,national_post_office_sample_candidate,food_service,osm:node:10793990101,Mama Woo’s,,,FedEx Office,HI,,21.2944312,-157.8284160,Geofabrik OpenStreetMap GeoPackage extract,2026-08-14T20:21:03Z,open,ODbL; attribution and share-alike required,packet_ready,geofabrik_named_food_service
national-post-office-hi-fedex-office-d898801937,FedEx Office post-office-centered national sample candidate,national_post_office_sample_candidate,food_service,osm:node:11060928294,Mama's Spaghetti House,,,FedEx Office,HI,,21.2903855,-157.8441661,Geofabrik OpenStreetMap GeoPackage extract,2026-08-14T20:21:03Z,open,ODbL; attribution and share-alike required,packet_ready,geofabrik_named_food_service
national-post-office-hi-fedex-office-d898801937,FedEx Office post-office-centered national sample candidate,national_post_office_sample_candidate,food_service,osm:node:6325441820,Mami’s Empenadas Food truck,,,FedEx Office,HI,,21.2730945,-157.8215496,Geofabrik OpenStreetMap GeoPackage extract,2026-08-14T20:21:03Z,open,ODbL; attribution and share-alike required,packet_ready,geofabrik_named_food_service
national-post-office-hi-fedex-office-d898801937,FedEx Office post-office-centered national sample candidate,national_post_office_sample_candidate,food_service,osm:node:7704518984,Mandoo House,,,FedEx Office,HI,,21.3135950,-157.8584275,Geofabrik OpenStreetMap GeoPackage extract,2026-08-14T20:21:03Z,open,ODbL; attribution and share-alike required,packet_ready,geofabrik_named_food_service
national-post-office-hi-fedex-office-d898801937,FedEx Office post-office-centered national sample candidate,national_post_office_sample_candidate,food_service,osm:node:11060928283,Manna & Grill,,,FedEx Office,HI,,21.2904570,-157.8439686,Geofabrik OpenStreetMap GeoPackage extract,2026-08-14T20:21:03Z,open,ODbL; attribution and share-alike required,packet_ready,geofabrik_named_food_service
national-post-office-hi-fedex-office-d898801937,FedEx Office post-office-centered national sample candidate,national_post_office_sample_candidate,food_service,osm:node:6415030515,Manoa Sushi,,,FedEx Office,HI,,21.3004837,-157.8281069,Geofabrik OpenStreetMap GeoPackage extract,2026-08-14T20:21:03Z,open,ODbL; attribution and share-alike required,packet_ready,geofabrik_named_food_service
national-post-office-hi-fedex-office-d898801937,FedEx Office post-office-centered national sample candidate,national_post_office_sample_candidate,food_service,osm:node:13042380982,Maria Bonita's,,,FedEx Office,HI,,21.3112276,-157.8622811,Geofabrik OpenStreetMap GeoPackage extract,2026-08-14T20:21:03Z,open,ODbL; attribution and share-alike required,packet_ready,geofabrik_named_food_service
national-post-office-hi-fedex-office-d898801937,FedEx Office post-office-centered national sample candidate,national_post_office_sample_candidate,food_service,osm:node:3466188848,Marugame Udon,,,FedEx Office,HI,,21.2794870,-157.8260414,Geofabrik OpenStreetMap GeoPackage extract,2026-08-14T20:21:03Z,open,ODbL; attribution and share-alike required,packet_ready,geofabrik_named_food_service
national-post-office-hi-fedex-office-d898801937,FedEx Office post-office-centered national sample candidate,national_post_office_sample_candidate,food_service,osm:node:5729057244,Marugame Udon,,,FedEx Office,HI,,21.3100327,-157.8611689,Geofabrik OpenStreetMap GeoPackage extract,2026-08-14T20:21:03Z,open,ODbL; attribution and share-alike required,packet_ready,geofabrik_named_food_service
national-post-office-hi-fedex-office-d898801937,FedEx Office post-office-centered national sample candidate,national_post_office_sample_candidate,food_service,osm:node:11280589440,Maruyama,,,FedEx Office,HI,,21.2967742,-157.8423236,Geofabrik OpenStreetMap GeoPackage extract,2026-08-14T20:21:03Z,open,ODbL; attribution and share-alike required,packet_ready,geofabrik_named_food_service
national-post-office-hi-fedex-office-d898801937,FedEx Office post-office-centered national sample candidate,national_post_office_sample_candidate,food_service,osm:node:4515779689,Matcha Stand Maiko,,,FedEx Office,HI,,21.2794889,-157.8257758,Geofabrik OpenStreetMap GeoPackage extract,2026-08-14T20:21:03Z,open,ODbL; attribution and share-alike required,packet_ready,geofabrik_named_food_service
national-post-office-hi-fedex-office-d898801937,FedEx Office post-office-centered national sample candidate,national_post_office_sample_candidate,food_service,osm:node:2623238127,McDonald's,,,FedEx Office,HI,,21.3098611,-157.8610090,Geofabrik OpenStreetMap GeoPackage extract,2026-08-14T20:21:03Z,open,ODbL; attribution and share-alike required,packet_ready,geofabrik_named_food_service
national-post-office-hi-fedex-office-d898801937,FedEx Office post-office-centered national sample candidate,national_post_office_sample_candidate,food_service,osm:node:4198263690,McDonald's,,,FedEx Office,HI,,21.2856305,-157.8384335,Geofabrik OpenStreetMap GeoPackage extract,2026-08-14T20:21:03Z,open,ODbL; attribution and share-alike required,packet_ready,geofabrik_named_food_service
national-post-office-hi-fedex-office-d898801937,FedEx Office post-office-centered national sample candidate,national_post_office_sample_candidate,food_service,osm:way:256684704,McDonald's,,,FedEx Office,HI,,21.3243088,-157.8759644,Geofabrik OpenStreetMap GeoPackage extract,2026-08-14T20:21:03Z,open,ODbL; attribution and share-alike required,packet_ready,geofabrik_named_food_service
national-post-office-hi-fedex-office-d898801937,FedEx Office post-office-centered national sample candidate,national_post_office_sample_candidate,food_service,osm:way:360437612,McDonald's,,,FedEx Office,HI,,21.3353334,-157.8684762,Geofabrik OpenStreetMap GeoPackage extract,2026-08-14T20:21:03Z,open,ODbL; attribution and share-alike required,packet_ready,geofabrik_named_food_service
national-post-office-hi-fedex-office-d898801937,FedEx Office post-office-centered national sample candidate,national_post_office_sample_candidate,food_service,osm:way:435899647,McDonald's,,,FedEx Office,HI,,21.2804238,-157.8276352,Geofabrik OpenStreetMap GeoPackage extract,2026-08-14T20:21:03Z,open,ODbL; attribution and share-alike required,packet_ready,geofabrik_named_food_service
national-post-office-hi-fedex-office-d898801937,FedEx Office post-office-centered national sample candidate,national_post_office_sample_candidate,food_service,osm:way:439694693,McDonald's,,,FedEx Office,HI,,21.3214808,-157.8596373,Geofabrik OpenStreetMap GeoPackage extract,2026-08-14T20:21:03Z,open,ODbL; attribution and share-alike required,packet_ready,geofabrik_named_food_service
national-post-office-hi-fedex-office-d898801937,FedEx Office post-office-centered national sample candidate,national_post_office_sample_candidate,food_service,osm:way:492450462,McDonald's,,,FedEx Office,HI,,21.3023843,-157.8465059,Geofabrik OpenStreetMap GeoPackage extract,2026-08-14T20:21:03Z,open,ODbL; attribution and share-alike required,packet_ready,geofabrik_named_food_service
national-post-office-hi-fedex-office-d898801937,FedEx Office post-office-centered national sample candidate,national_post_office_sample_candidate,food_service,osm:way:493780486,McDonald's,,,FedEx Office,HI,,21.2939113,-157.8282161,Geofabrik OpenStreetMap GeoPackage extract,2026-08-14T20:21:03Z,open,ODbL; attribution and share-alike required,packet_ready,geofabrik_named_food_service
national-post-office-hi-fedex-office-d898801937,FedEx Office post-office-centered national sample candidate,national_post_office_sample_candidate,food_service,osm:way:493810154,McDonald's,,,FedEx Office,HI,,21.2973194,-157.8410718,Geofabrik OpenStreetMap GeoPackage extract,2026-08-14T20:21:03Z,open,ODbL; attribution and share-alike required,packet_ready,geofabrik_named_food_service
national-post-office-hi-fedex-office-d898801937,FedEx Office post-office-centered national sample candidate,national_post_office_sample_candidate,food_service,osm:way:49428641,McDonald's,,,FedEx Office,HI,,21.2746588,-157.8241468,Geofabrik OpenStreetMap GeoPackage extract,2026-08-14T20:21:03Z,open,ODbL; attribution and share-alike required,packet_ready,geofabrik_named_food_service
national-post-office-hi-fedex-office-d898801937,FedEx Office post-office-centered national sample candidate,national_post_office_sample_candidate,food_service,osm:way:645960525,McDonald's,,,FedEx Office,HI,,21.3271109,-157.8860165,Geofabrik OpenStreetMap GeoPackage extract,2026-08-14T20:21:03Z,open,ODbL; attribution and share-alike required,packet_ready,geofabrik_named_food_service
national-post-office-hi-fedex-office-d898801937,FedEx Office post-office-centered national sample candidate,national_post_office_sample_candidate,food_service,osm:node:3669784815,Me's Bar-B-Que,,,FedEx Office,HI,,21.2764211,-157.8234300,Geofabrik OpenStreetMap GeoPackage extract,2026-08-14T20:21:03Z,open,ODbL; attribution and share-alike required,packet_ready,geofabrik_named_food_service
national-post-office-hi-fedex-office-d898801937,FedEx Office post-office-centered national sample candidate,national_post_office_sample_candidate,food_service,osm:node:6983779417,Meg's Drive Inn,,,FedEx Office,HI,,21.3261988,-157.8736850,Geofabrik OpenStreetMap GeoPackage extract,2026-08-14T20:21:03Z,open,ODbL; attribution and share-alike required,packet_ready,geofabrik_named_food_service
national-post-office-hi-fedex-office-d898801937,FedEx Office post-office-centered national sample candidate,national_post_office_sample_candidate,food_service,osm:node:12369320168,Mei Sum Dim Sum,,,FedEx Office,HI,,21.3119281,-157.8608895,Geofabrik OpenStreetMap GeoPackage extract,2026-08-14T20:21:03Z,open,ODbL; attribution and share-alike required,packet_ready,geofabrik_named_food_service
national-post-office-hi-fedex-office-d898801937,FedEx Office post-office-centered national sample candidate,national_post_office_sample_candidate,food_service,osm:node:9698290417,Merriman’s Honolulu,,,FedEx Office,HI,,21.2936287,-157.8526952,Geofabrik OpenStreetMap GeoPackage extract,2026-08-14T20:21:03Z,open,ODbL; attribution and share-alike required,packet_ready,geofabrik_named_food_service
national-post-office-hi-fedex-office-d898801937,FedEx Office post-office-centered national sample candidate,national_post_office_sample_candidate,food_service,osm:node:6377287050,Mexican Coffee,,,FedEx Office,HI,,21.3071286,-157.8657463,Geofabrik OpenStreetMap GeoPackage extract,2026-08-14T20:21:03Z,open,ODbL; attribution and share-alike required,packet_ready,geofabrik_named_food_service
national-post-office-hi-fedex-office-d898801937,FedEx Office post-office-centered national sample candidate,national_post_office_sample_candidate,food_service,osm:node:5875360801,Mezzo,,,FedEx Office,HI,,21.2879406,-157.8149306,Geofabrik OpenStreetMap GeoPackage extract,2026-08-14T20:21:03Z,open,ODbL; attribution and share-alike required,packet_ready,geofabrik_named_food_service
national-post-office-hi-fedex-office-d898801937,FedEx Office post-office-centered national sample candidate,national_post_office_sample_candidate,food_service,osm:node:13791668261,Middle Eats,,,FedEx Office,HI,,21.2972905,-157.8404597,Geofabrik OpenStreetMap GeoPackage extract,2026-08-14T20:21:03Z,open,ODbL; attribution and share-alike required,packet_ready,geofabrik_named_food_service
national-post-office-hi-fedex-office-d898801937,FedEx Office post-office-centered national sample candidate,national_post_office_sample_candidate,food_service,osm:node:3686297132,Mikawon,,,FedEx Office,HI,,21.2792685,-157.8255796,Geofabrik OpenStreetMap GeoPackage extract,2026-08-14T20:21:03Z,open,ODbL; attribution and share-alike required,packet_ready,geofabrik_named_food_service
national-post-office-hi-fedex-office-d898801937,FedEx Office post-office-centered national sample candidate,national_post_office_sample_candidate,food_service,osm:node:4338096895,Mike's Huli Chicken,,,FedEx Office,HI,,21.2760387,-157.8144511,Geofabrik OpenStreetMap GeoPackage extract,2026-08-14T20:21:03Z,open,ODbL; attribution and share-alike required,packet_ready,geofabrik_named_food_service
national-post-office-hi-fedex-office-d898801937,FedEx Office post-office-centered national sample candidate,national_post_office_sample_candidate,food_service,osm:node:5104880322,Mikiya Wagyu Shabu House,,,FedEx Office,HI,,21.2951290,-157.8475713,Geofabrik OpenStreetMap GeoPackage extract,2026-08-14T20:21:03Z,open,ODbL; attribution and share-alike required,packet_ready,geofabrik_named_food_service
national-post-office-hi-fedex-office-d898801937,FedEx Office post-office-centered national sample candidate,national_post_office_sample_candidate,food_service,osm:way:1072922765,Milkyway,,,FedEx Office,HI,,21.3341955,-157.8791732,Geofabrik OpenStreetMap GeoPackage extract,2026-08-14T20:21:03Z,open,ODbL; attribution and share-alike required,packet_ready,geofabrik_named_food_service
national-post-office-hi-fedex-office-d898801937,FedEx Office post-office-centered national sample candidate,national_post_office_sample_candidate,food_service,osm:node:11624420003,Million,,,FedEx Office,HI,,21.2994521,-157.8532421,Geofabrik OpenStreetMap GeoPackage extract,2026-08-14T20:21:03Z,open,ODbL; attribution and share-alike required,packet_ready,geofabrik_named_food_service
national-post-office-hi-fedex-office-d898801937,FedEx Office post-office-centered national sample candidate,national_post_office_sample_candidate,food_service,osm:node:10892005639,Mimi's Peruvian Cuisine,,,FedEx Office,HI,,21.2947598,-157.8416280,Geofabrik OpenStreetMap GeoPackage extract,2026-08-14T20:21:03Z,open,ODbL; attribution and share-alike required,packet_ready,geofabrik_named_food_service
national-post-office-hi-fedex-office-d898801937,FedEx Office post-office-centered national sample candidate,national_post_office_sample_candidate,food_service,osm:node:4627917747,Mimi's Place,,,FedEx Office,HI,,21.3014908,-157.8625447,Geofabrik OpenStreetMap GeoPackage extract,2026-08-14T20:21:03Z,open,ODbL; attribution and share-alike required,packet_ready,geofabrik_named_food_service
national-post-office-hi-fedex-office-d898801937,FedEx Office post-office-centered national sample candidate,national_post_office_sample_candidate,food_service,osm:node:7650988268,Min-Min,,,FedEx Office,HI,,21.2899697,-157.8324947,Geofabrik OpenStreetMap GeoPackage extract,2026-08-14T20:21:03Z,open,ODbL; attribution and share-alike required,packet_ready,geofabrik_named_food_service
national-post-office-hi-fedex-office-d898801937,FedEx Office post-office-centered national sample candidate,national_post_office_sample_candidate,food_service,osm:node:11880736398,Mitsu-Ken Okazu and Catering,,,FedEx Office,HI,,21.3362251,-157.8820470,Geofabrik OpenStreetMap GeoPackage extract,2026-08-14T20:21:03Z,open,ODbL; attribution and share-alike required,packet_ready,geofabrik_named_food_service
national-post-office-hi-fedex-office-d898801937,FedEx Office post-office-centered national sample candidate,national_post_office_sample_candidate,food_service,osm:node:9882327274,Mo-Mo Paradise,,,FedEx Office,HI,,21.2962882,-157.8562612,Geofabrik OpenStreetMap GeoPackage extract,2026-08-14T20:21:03Z,open,ODbL; attribution and share-alike required,packet_ready,geofabrik_named_food_service
national-post-office-hi-fedex-office-d898801937,FedEx Office post-office-centered national sample candidate,national_post_office_sample_candidate,food_service,osm:node:11060928302,Moana Sushi,,,FedEx Office,HI,,21.2904164,-157.8438858,Geofabrik OpenStreetMap GeoPackage extract,2026-08-14T20:21:03Z,open,ODbL; attribution and share-alike required,packet_ready,geofabrik_named_food_service
national-post-office-hi-fedex-office-d898801937,FedEx Office post-office-centered national sample candidate,national_post_office_sample_candidate,food_service,osm:node:4580319789,Moana Terrace,,,FedEx Office,HI,,21.2728913,-157.8232270,Geofabrik OpenStreetMap GeoPackage extract,2026-08-14T20:21:03Z,open,ODbL; attribution and share-alike required,packet_ready,geofabrik_named_food_service
national-post-office-hi-fedex-office-d898801937,FedEx Office post-office-centered national sample candidate,national_post_office_sample_candidate,food_service,osm:node:5841474921,Moku Kitchen,,,FedEx Office,HI,,21.2984085,-157.8617320,Geofabrik OpenStreetMap GeoPackage extract,2026-08-14T20:21:03Z,open,ODbL; attribution and share-alike required,packet_ready,geofabrik_named_food_service
national-post-office-hi-fedex-office-d898801937,FedEx Office post-office-centered national sample candidate,national_post_office_sample_candidate,food_service,osm:node:10189306223,Momosan Ramen & Sake,,,FedEx Office,HI,,21.2745039,-157.8232504,Geofabrik OpenStreetMap GeoPackage extract,2026-08-14T20:21:03Z,open,ODbL; attribution and share-alike required,packet_ready,geofabrik_named_food_service
national-post-office-hi-fedex-office-d898801937,FedEx Office post-office-centered national sample candidate,national_post_office_sample_candidate,food_service,osm:node:4496304689,Momosan Waikiki,,,FedEx Office,HI,,21.2744950,-157.8238225,Geofabrik OpenStreetMap GeoPackage extract,2026-08-14T20:21:03Z,open,ODbL; attribution and share-alike required,packet_ready,geofabrik_named_food_service
national-post-office-hi-fedex-office-d898801937,FedEx Office post-office-centered national sample candidate,national_post_office_sample_candidate,food_service,osm:node:6326751685,Morimoto Asia Waikiki,,,FedEx Office,HI,,21.2742321,-157.8239524,Geofabrik OpenStreetMap GeoPackage extract,2026-08-14T20:21:03Z,open,ODbL; attribution and share-alike required,packet_ready,geofabrik_named_food_service
national-post-office-hi-fedex-office-d898801937,FedEx Office post-office-centered national sample candidate,national_post_office_sample_candidate,food_service,osm:node:1742061031,Morimoto Waikiki,,,FedEx Office,HI,,21.2847989,-157.8394232,Geofabrik OpenStreetMap GeoPackage extract,2026-08-14T20:21:03Z,open,ODbL; attribution and share-alike required,packet_ready,geofabrik_named_food_service
national-post-office-hi-fedex-office-d898801937,FedEx Office post-office-centered national sample candidate,national_post_office_sample_candidate,food_service,osm:way:481667131,Morio's Sushi Bistro,,,FedEx Office,HI,,21.3003168,-157.8446747,Geofabrik OpenStreetMap GeoPackage extract,2026-08-14T20:21:03Z,open,ODbL; attribution and share-alike required,packet_ready,geofabrik_named_food_service
national-post-office-hi-fedex-office-d898801937,FedEx Office post-office-centered national sample candidate,national_post_office_sample_candidate,food_service,osm:node:5841475037,Morning Brew Coffee & Bistro,,,FedEx Office,HI,,21.2976880,-157.8604480,Geofabrik OpenStreetMap GeoPackage extract,2026-08-14T20:21:03Z,open,ODbL; attribution and share-alike required,packet_ready,geofabrik_named_food_service
national-post-office-hi-fedex-office-d898801937,FedEx Office post-office-centered national sample candidate,national_post_office_sample_candidate,food_service,osm:node:1739899082,Morton's The Steakhouse,,,FedEx Office,HI,,21.2903803,-157.8440016,Geofabrik OpenStreetMap GeoPackage extract,2026-08-14T20:21:03Z,open,ODbL; attribution and share-alike required,packet_ready,geofabrik_named_food_service
national-post-office-hi-fedex-office-d898801937,FedEx Office post-office-centered national sample candidate,national_post_office_sample_candidate,food_service,osm:node:8026519657,Morton's The Steakhouse,,,FedEx Office,HI,,21.2911421,-157.8449213,Geofabrik OpenStreetMap GeoPackage extract,2026-08-14T20:21:03Z,open,ODbL; attribution and share-alike required,packet_ready,geofabrik_named_food_service
national-post-office-hi-fedex-office-d898801937,FedEx Office post-office-centered national sample candidate,national_post_office_sample_candidate,food_service,osm:node:11060928265,Mr. Cow,,,FedEx Office,HI,,21.2905012,-157.8440860,Geofabrik OpenStreetMap GeoPackage extract,2026-08-14T20:21:03Z,open,ODbL; attribution and share-alike required,packet_ready,geofabrik_named_food_service
national-post-office-hi-fedex-office-d898801937,FedEx Office post-office-centered national sample candidate,national_post_office_sample_candidate,food_service,osm:node:10764748472,Mr. Tea,,,FedEx Office,HI,,21.2983417,-157.8528012,Geofabrik OpenStreetMap GeoPackage extract,2026-08-14T20:21:03Z,open,ODbL; attribution and share-alike required,packet_ready,geofabrik_named_food_service
national-post-office-hi-fedex-office-d898801937,FedEx Office post-office-centered national sample candidate,national_post_office_sample_candidate,food_service,osm:node:8809814617,Mugen,,,FedEx Office,HI,,21.2746017,-157.8245457,Geofabrik OpenStreetMap GeoPackage extract,2026-08-14T20:21:03Z,open,ODbL; attribution and share-alike required,packet_ready,geofabrik_named_food_service
national-post-office-hi-fedex-office-d898801937,FedEx Office post-office-centered national sample candidate,national_post_office_sample_candidate,food_service,osm:node:4338887190,Musubi & Bento IYASUME,,,FedEx Office,HI,,21.2795612,-157.8279025,Geofabrik OpenStreetMap GeoPackage extract,2026-08-14T20:21:03Z,open,ODbL; attribution and share-alike required,packet_ready,geofabrik_named_food_service
national-post-office-hi-fedex-office-d898801937,FedEx Office post-office-centered national sample candidate,national_post_office_sample_candidate,food_service,osm:node:11374607315,Musubi Cafe,,,FedEx Office,HI,,21.2907964,-157.8419047,Geofabrik OpenStreetMap GeoPackage extract,2026-08-14T20:21:03Z,open,ODbL; attribution and share-alike required,packet_ready,geofabrik_named_food_service
national-post-office-hi-fedex-office-d898801937,FedEx Office post-office-centered national sample candidate,national_post_office_sample_candidate,food_service,osm:node:4198292494,Musubi Cafe IYASUME,,,FedEx Office,HI,,21.2941422,-157.8424202,Geofabrik OpenStreetMap GeoPackage extract,2026-08-14T20:21:03Z,open,ODbL; attribution and share-alike required,packet_ready,geofabrik_named_food_service
national-post-office-hi-fedex-office-d898801937,FedEx Office post-office-centered national sample candidate,national_post_office_sample_candidate,food_service,osm:node:13358245955,Musubi Cafe Iyasume,,,FedEx Office,HI,,21.2789845,-157.8309563,Geofabrik OpenStreetMap GeoPackage extract,2026-08-14T20:21:03Z,open,ODbL; attribution and share-alike required,packet_ready,geofabrik_named_food_service
national-post-office-hi-fedex-office-d898801937,FedEx Office post-office-centered national sample candidate,national_post_office_sample_candidate,food_service,osm:node:5628104523,Musubi Cafe Iyasume,,,FedEx Office,HI,,21.2763580,-157.8238358,Geofabrik OpenStreetMap GeoPackage extract,2026-08-14T20:21:03Z,open,ODbL; attribution and share-alike required,packet_ready,geofabrik_named_food_service
national-post-office-hi-fedex-office-d898801937,FedEx Office post-office-centered national sample candidate,national_post_office_sample_candidate,food_service,osm:node:7675621188,NIO Snow Ice & Tea,,,FedEx Office,HI,,21.3026505,-157.8602070,Geofabrik OpenStreetMap GeoPackage extract,2026-08-14T20:21:03Z,open,ODbL; attribution and share-alike required,packet_ready,geofabrik_named_food_service
national-post-office-hi-fedex-office-d898801937,FedEx Office post-office-centered national sample candidate,national_post_office_sample_candidate,food_service,osm:node:8809814717,Nalu Health Bar & Cafe,,,FedEx Office,HI,,21.2932854,-157.8506647,Geofabrik OpenStreetMap GeoPackage extract,2026-08-14T20:21:03Z,open,ODbL; attribution and share-alike required,packet_ready,geofabrik_named_food_service
national-post-office-hi-fedex-office-d898801937,FedEx Office post-office-centered national sample candidate,national_post_office_sample_candidate,food_service,osm:node:12865044939,Namaste Indian & Nepalese Cuisine,,,FedEx Office,HI,,21.2851887,-157.8381476,Geofabrik OpenStreetMap GeoPackage extract,2026-08-14T20:21:03Z,open,ODbL; attribution and share-alike required,packet_ready,geofabrik_named_food_service
national-post-office-hi-fedex-office-d898801937,FedEx Office post-office-centered national sample candidate,national_post_office_sample_candidate,food_service,osm:node:13376720654,Nana Musubi,,,FedEx Office,HI,,21.2793586,-157.8282712,Geofabrik OpenStreetMap GeoPackage extract,2026-08-14T20:21:03Z,open,ODbL; attribution and share-alike required,packet_ready,geofabrik_named_food_service
national-post-office-hi-fedex-office-d898801937,FedEx Office post-office-centered national sample candidate,national_post_office_sample_candidate,food_service,osm:node:11060928259,Naniwa-ya Ramen,,,FedEx Office,HI,,21.2903702,-157.8441322,Geofabrik OpenStreetMap GeoPackage extract,2026-08-14T20:21:03Z,open,ODbL; attribution and share-alike required,packet_ready,geofabrik_named_food_service
national-post-office-hi-fedex-office-d898801937,FedEx Office post-office-centered national sample candidate,national_post_office_sample_candidate,food_service,osm:node:5221464372,Naty's Kitchen,,,FedEx Office,HI,,21.3126400,-157.8627535,Geofabrik OpenStreetMap GeoPackage extract,2026-08-14T20:21:03Z,open,ODbL; attribution and share-alike required,packet_ready,geofabrik_named_food_service
national-post-office-hi-fedex-office-d898801937,FedEx Office post-office-centered national sample candidate,national_post_office_sample_candidate,food_service,osm:way:1419881892,Neko Koneko Cafe,,,FedEx Office,HI,,21.3228121,-157.8587890,Geofabrik OpenStreetMap GeoPackage extract,2026-08-14T20:21:03Z,open,ODbL; attribution and share-alike required,packet_ready,geofabrik_named_food_service
national-post-office-hi-fedex-office-d898801937,FedEx Office post-office-centered national sample candidate,national_post_office_sample_candidate,food_service,osm:node:4946412521,New Kamana Kitchen 2,,,FedEx Office,HI,,21.2818131,-157.8143303,Geofabrik OpenStreetMap GeoPackage extract,2026-08-14T20:21:03Z,open,ODbL; attribution and share-alike required,packet_ready,geofabrik_named_food_service
national-post-office-hi-fedex-office-d898801937,FedEx Office post-office-centered national sample candidate,national_post_office_sample_candidate,food_service,osm:node:4897024253,Nice Day Chinese Seafood Restaurant,,,FedEx Office,HI,,21.3199298,-157.8614468,Geofabrik OpenStreetMap GeoPackage extract,2026-08-14T20:21:03Z,open,ODbL; attribution and share-alike required,packet_ready,geofabrik_named_food_service
national-post-office-hi-fedex-office-d898801937,FedEx Office post-office-centered national sample candidate,national_post_office_sample_candidate,food_service,osm:node:6440762390,Nice To Meet You Tea House,,,FedEx Office,HI,,21.3188023,-157.8754055,Geofabrik OpenStreetMap GeoPackage extract,2026-08-14T20:21:03Z,open,ODbL; attribution and share-alike required,packet_ready,geofabrik_named_food_service
national-post-office-hi-fedex-office-d898801937,FedEx Office post-office-centered national sample candidate,national_post_office_sample_candidate,food_service,osm:node:4769313724,Nico’s Pier 38,,,FedEx Office,HI,,21.3175754,-157.8775063,Geofabrik OpenStreetMap GeoPackage extract,2026-08-14T20:21:03Z,open,ODbL; attribution and share-alike required,packet_ready,geofabrik_named_food_service
national-post-office-hi-fedex-office-d898801937,FedEx Office post-office-centered national sample candidate,national_post_office_sample_candidate,food_service,osm:node:9824082317,Noi Thai Cuisine,,,FedEx Office,HI,,21.2779061,-157.8279480,Geofabrik OpenStreetMap GeoPackage extract,2026-08-14T20:21:03Z,open,ODbL; attribution and share-alike required,packet_ready,geofabrik_named_food_service
national-post-office-hi-fedex-office-d898801937,FedEx Office post-office-centered national sample candidate,national_post_office_sample_candidate,food_service,osm:node:9852139240,Nordstrom EBar Artisan Coffee,,,FedEx Office,HI,,21.2923033,-157.8464572,Geofabrik OpenStreetMap GeoPackage extract,2026-08-14T20:21:03Z,open,ODbL; attribution and share-alike required,packet_ready,geofabrik_named_food_service
national-post-office-hi-fedex-office-d898801937,FedEx Office post-office-centered national sample candidate,national_post_office_sample_candidate,food_service,osm:node:13723847291,Nori,,,FedEx Office,HI,,21.2797202,-157.8269234,Geofabrik OpenStreetMap GeoPackage extract,2026-08-14T20:21:03Z,open,ODbL; attribution and share-alike required,packet_ready,geofabrik_named_food_service
national-post-office-hi-fedex-office-d898801937,FedEx Office post-office-centered national sample candidate,national_post_office_sample_candidate,food_service,osm:node:14023935434,Nori Bar,,,FedEx Office,HI,,21.2953539,-157.8539472,Geofabrik OpenStreetMap GeoPackage extract,2026-08-14T20:21:03Z,open,ODbL; attribution and share-alike required,packet_ready,geofabrik_named_food_service
national-post-office-hi-fedex-office-d898801937,FedEx Office post-office-centered national sample candidate,national_post_office_sample_candidate,food_service,osm:node:9871181469,Obento Rinka,,,FedEx Office,HI,,21.3005867,-157.8408099,Geofabrik OpenStreetMap GeoPackage extract,2026-08-14T20:21:03Z,open,ODbL; attribution and share-alike required,packet_ready,geofabrik_named_food_service
national-post-office-hi-fedex-office-d898801937,FedEx Office post-office-centered national sample candidate,national_post_office_sample_candidate,food_service,osm:node:13414777517,Ochos Latin Vibes,,,FedEx Office,HI,,21.2853967,-157.8132993,Geofabrik OpenStreetMap GeoPackage extract,2026-08-14T20:21:03Z,open,ODbL; attribution and share-alike required,packet_ready,geofabrik_named_food_service
national-post-office-hi-fedex-office-d898801937,FedEx Office post-office-centered national sample candidate,national_post_office_sample_candidate,food_service,osm:node:12369314425,Olay's Thai Lao Cuisine,,,FedEx Office,HI,,21.3120242,-157.8625832,Geofabrik OpenStreetMap GeoPackage extract,2026-08-14T20:21:03Z,open,ODbL; attribution and share-alike required,packet_ready,geofabrik_named_food_service
national-post-office-hi-fedex-office-d898801937,FedEx Office post-office-centered national sample candidate,national_post_office_sample_candidate,food_service,osm:node:9284303457,Olive Garden,,,FedEx Office,HI,,21.2903052,-157.8424131,Geofabrik OpenStreetMap GeoPackage extract,2026-08-14T20:21:03Z,open,ODbL; attribution and share-alike required,packet_ready,geofabrik_named_food_service
national-post-office-hi-fedex-office-d898801937,FedEx Office post-office-centered national sample candidate,national_post_office_sample_candidate,food_service,osm:node:11115660171,On On,,,FedEx Office,HI,,21.2843477,-157.8133765,Geofabrik OpenStreetMap GeoPackage extract,2026-08-14T20:21:03Z,open,ODbL; attribution and share-alike required,packet_ready,geofabrik_named_food_service
national-post-office-hi-fedex-office-d898801937,FedEx Office post-office-centered national sample candidate,national_post_office_sample_candidate,food_service,osm:node:5039085627,Ono Seafood,,,FedEx Office,HI,,21.2810326,-157.8138530,Geofabrik OpenStreetMap GeoPackage extract,2026-08-14T20:21:03Z,open,ODbL; attribution and share-alike required,packet_ready,geofabrik_named_food_service
national-post-office-hi-fedex-office-d898801937,FedEx Office post-office-centered national sample candidate,national_post_office_sample_candidate,food_service,osm:node:10174735276,Orange Julius,,,FedEx Office,HI,,21.2820846,-157.8386922,Geofabrik OpenStreetMap GeoPackage extract,2026-08-14T20:21:03Z,open,ODbL; attribution and share-alike required,packet_ready,geofabrik_named_food_service
national-post-office-hi-fedex-office-d898801937,FedEx Office post-office-centered national sample candidate,national_post_office_sample_candidate,food_service,osm:node:3769864809,Orchids,,,FedEx Office,HI,,21.2776709,-157.8324456,Geofabrik OpenStreetMap GeoPackage extract,2026-08-14T20:21:03Z,open,ODbL; attribution and share-alike required,packet_ready,geofabrik_named_food_service
national-post-office-hi-fedex-office-d898801937,FedEx Office post-office-centered national sample candidate,national_post_office_sample_candidate,food_service,osm:node:5219680424,Osoyami Bar & Grill,,,FedEx Office,HI,,21.2948282,-157.8320770,Geofabrik OpenStreetMap GeoPackage extract,2026-08-14T20:21:03Z,open,ODbL; attribution and share-alike required,packet_ready,geofabrik_named_food_service
national-post-office-hi-fedex-office-d898801937,FedEx Office post-office-centered national sample candidate,national_post_office_sample_candidate,food_service,osm:node:11123760109,Overlord Chicken,,,FedEx Office,HI,,21.2801784,-157.8141896,Geofabrik OpenStreetMap GeoPackage extract,2026-08-14T20:21:03Z,open,ODbL; attribution and share-alike required,packet_ready,geofabrik_named_food_service
national-post-office-hi-fedex-office-d898801937,FedEx Office post-office-centered national sample candidate,national_post_office_sample_candidate,food_service,osm:node:7677967068,O’Kims,,,FedEx Office,HI,,21.3103080,-157.8629853,Geofabrik OpenStreetMap GeoPackage extract,2026-08-14T20:21:03Z,open,ODbL; attribution and share-alike required,packet_ready,geofabrik_named_food_service
national-post-office-hi-fedex-office-d898801937,FedEx Office post-office-centered national sample candidate,national_post_office_sample_candidate,food_service,osm:node:2671349380,P.F. Chang's,,,FedEx Office,HI,,21.2796247,-157.8300563,Geofabrik OpenStreetMap GeoPackage extract,2026-08-14T20:21:03Z,open,ODbL; attribution and share-alike required,packet_ready,geofabrik_named_food_service
national-post-office-hi-fedex-office-d898801937,FedEx Office post-office-centered national sample candidate,national_post_office_sample_candidate,food_service,osm:node:9336006582,PHO Vietnam,,,FedEx Office,HI,,21.3118790,-157.8624902,Geofabrik OpenStreetMap GeoPackage extract,2026-08-14T20:21:03Z,open,ODbL; attribution and share-alike required,packet_ready,geofabrik_named_food_service
national-post-office-hi-fedex-office-d898801937,FedEx Office post-office-centered national sample candidate,national_post_office_sample_candidate,food_service,osm:way:1356512601,Pae Thai (Closed),,,FedEx Office,HI,,21.2995112,-157.8426319,Geofabrik OpenStreetMap GeoPackage extract,2026-08-14T20:21:03Z,open,ODbL; attribution and share-alike required,packet_ready,geofabrik_named_food_service
national-post-office-hi-fedex-office-d898801937,FedEx Office post-office-centered national sample candidate,national_post_office_sample_candidate,food_service,osm:node:11062418714,Pagoda Floating Restaurant,,,FedEx Office,HI,,21.2951453,-157.8399636,Geofabrik OpenStreetMap GeoPackage extract,2026-08-14T20:21:03Z,open,ODbL; attribution and share-alike required,packet_ready,geofabrik_named_food_service
national-post-office-hi-fedex-office-d898801937,FedEx Office post-office-centered national sample candidate,national_post_office_sample_candidate,food_service,osm:way:1117563510,Paia Fish Market Waikiki,,,FedEx Office,HI,,21.2794789,-157.8264620,Geofabrik OpenStreetMap GeoPackage extract,2026-08-14T20:21:03Z,open,ODbL; attribution and share-alike required,packet_ready,geofabrik_named_food_service
national-post-office-hi-fedex-office-d898801937,FedEx Office post-office-centered national sample candidate,national_post_office_sample_candidate,food_service,osm:node:7536592820,Pancakes & Waffles,,,FedEx Office,HI,,21.3215352,-157.8757399,Geofabrik OpenStreetMap GeoPackage extract,2026-08-14T20:21:03Z,open,ODbL; attribution and share-alike required,packet_ready,geofabrik_named_food_service
national-post-office-hi-fedex-office-d898801937,FedEx Office post-office-centered national sample candidate,national_post_office_sample_candidate,food_service,osm:node:11060928271,Panda Express,,,FedEx Office,HI,,21.2906576,-157.8441944,Geofabrik OpenStreetMap GeoPackage extract,2026-08-14T20:21:03Z,open,ODbL; attribution and share-alike required,packet_ready,geofabrik_named_food_service
national-post-office-hi-fedex-office-d898801937,FedEx Office post-office-centered national sample candidate,national_post_office_sample_candidate,food_service,osm:node:1409278625,Panda Express,,,FedEx Office,HI,,21.2939376,-157.8534194,Geofabrik OpenStreetMap GeoPackage extract,2026-08-14T20:21:03Z,open,ODbL; attribution and share-alike required,packet_ready,geofabrik_named_food_service
national-post-office-hi-fedex-office-d898801937,FedEx Office post-office-centered national sample candidate,national_post_office_sample_candidate,food_service,osm:node:3846248286,Panda Express,,,FedEx Office,HI,,21.3009518,-157.8156510,Geofabrik OpenStreetMap GeoPackage extract,2026-08-14T20:21:03Z,open,ODbL; attribution and share-alike required,packet_ready,geofabrik_named_food_service
national-post-office-hi-fedex-office-d898801937,FedEx Office post-office-centered national sample candidate,national_post_office_sample_candidate,food_service,osm:way:1545655965,Panda Express,,,FedEx Office,HI,,21.2972509,-157.8377091,Geofabrik OpenStreetMap GeoPackage extract,2026-08-14T20:21:03Z,open,ODbL; attribution and share-alike required,packet_ready,geofabrik_named_food_service
national-post-office-hi-fedex-office-d898801937,FedEx Office post-office-centered national sample candidate,national_post_office_sample_candidate,food_service,osm:way:817932571,Panda Express,,,FedEx Office,HI,,21.2840064,-157.8139293,Geofabrik OpenStreetMap GeoPackage extract,2026-08-14T20:21:03Z,open,ODbL; attribution and share-alike required,packet_ready,geofabrik_named_food_service
national-post-office-hi-fedex-office-d898801937,FedEx Office post-office-centered national sample candidate,national_post_office_sample_candidate,food_service,osm:node:6131963625,Panya,,,FedEx Office,HI,,21.2927395,-157.8502074,Geofabrik OpenStreetMap GeoPackage extract,2026-08-14T20:21:03Z,open,ODbL; attribution and share-alike required,packet_ready,geofabrik_named_food_service
national-post-office-hi-fedex-office-d898801937,FedEx Office post-office-centered national sample candidate,national_post_office_sample_candidate,food_service,osm:node:2933632406,Papa John's,,,FedEx Office,HI,,21.2917232,-157.8387208,Geofabrik OpenStreetMap GeoPackage extract,2026-08-14T20:21:03Z,open,ODbL; attribution and share-alike required,packet_ready,geofabrik_named_food_service
national-post-office-hi-fedex-office-d898801937,FedEx Office post-office-centered national sample candidate,national_post_office_sample_candidate,food_service,osm:node:3740804337,Papa John's,,,FedEx Office,HI,,21.2787730,-157.8136640,Geofabrik OpenStreetMap GeoPackage extract,2026-08-14T20:21:03Z,open,ODbL; attribution and share-alike required,packet_ready,geofabrik_named_food_service
national-post-office-hi-fedex-office-d898801937,FedEx Office post-office-centered national sample candidate,national_post_office_sample_candidate,food_service,osm:node:9288999798,Papa John's,,,FedEx Office,HI,,21.3139215,-157.8577842,Geofabrik OpenStreetMap GeoPackage extract,2026-08-14T20:21:03Z,open,ODbL; attribution and share-alike required,packet_ready,geofabrik_named_food_service
national-post-office-hi-fedex-office-d898801937,FedEx Office post-office-centered national sample candidate,national_post_office_sample_candidate,food_service,osm:node:11679076521,Patrick's Roadhouse Five O,,,FedEx Office,HI,,21.3060252,-157.8658909,Geofabrik OpenStreetMap GeoPackage extract,2026-08-14T20:21:03Z,open,ODbL; attribution and share-alike required,packet_ready,geofabrik_named_food_service
national-post-office-hi-fedex-office-d898801937,FedEx Office post-office-centered national sample candidate,national_post_office_sample_candidate,food_service,osm:node:961005861,Peace Cafe,,,FedEx Office,HI,,21.2936647,-157.8271625,Geofabrik OpenStreetMap GeoPackage extract,2026-08-14T20:21:03Z,open,ODbL; attribution and share-alike required,packet_ready,geofabrik_named_food_service
national-post-office-hi-fedex-office-d898801937,FedEx Office post-office-centered national sample candidate,national_post_office_sample_candidate,food_service,osm:node:13366312508,Penny's Waikiki Malasadas,,,FedEx Office,HI,,21.2786546,-157.8293559,Geofabrik OpenStreetMap GeoPackage extract,2026-08-14T20:21:03Z,open,ODbL; attribution and share-alike required,packet_ready,geofabrik_named_food_service
national-post-office-hi-fedex-office-d898801937,FedEx Office post-office-centered national sample candidate,national_post_office_sample_candidate,food_service,osm:node:4868842443,Peppa's Korean BBQ,,,FedEx Office,HI,,21.3055794,-157.8383542,Geofabrik OpenStreetMap GeoPackage extract,2026-08-14T20:21:03Z,open,ODbL; attribution and share-alike required,packet_ready,geofabrik_named_food_service
national-post-office-hi-fedex-office-d898801937,FedEx Office post-office-centered national sample candidate,national_post_office_sample_candidate,food_service,osm:node:5106737921,Pho Bistro,,,FedEx Office,HI,,21.2931823,-157.8365400,Geofabrik OpenStreetMap GeoPackage extract,2026-08-14T20:21:03Z,open,ODbL; attribution and share-alike required,packet_ready,geofabrik_named_food_service
national-post-office-hi-fedex-office-d898801937,FedEx Office post-office-centered national sample candidate,national_post_office_sample_candidate,food_service,osm:node:11123760111,Pho K&A,,,FedEx Office,HI,,21.2813218,-157.8143152,Geofabrik OpenStreetMap GeoPackage extract,2026-08-14T20:21:03Z,open,ODbL; attribution and share-alike required,packet_ready,geofabrik_named_food_service
national-post-office-hi-fedex-office-d898801937,FedEx Office post-office-centered national sample candidate,national_post_office_sample_candidate,food_service,osm:node:11126832355,Pho Kapahulu,,,FedEx Office,HI,,21.2821276,-157.8142281,Geofabrik OpenStreetMap GeoPackage extract,2026-08-14T20:21:03Z,open,ODbL; attribution and share-alike required,packet_ready,geofabrik_named_food_service
national-post-office-hi-fedex-office-d898801937,FedEx Office post-office-centered national sample candidate,national_post_office_sample_candidate,food_service,osm:node:4199088290,Pho Minh Thu,,,FedEx Office,HI,,21.2867038,-157.8341065,Geofabrik OpenStreetMap GeoPackage extract,2026-08-14T20:21:03Z,open,ODbL; attribution and share-alike required,packet_ready,geofabrik_named_food_service
national-post-office-hi-fedex-office-d898801937,FedEx Office post-office-centered national sample candidate,national_post_office_sample_candidate,food_service,osm:node:5875360796,Pho Nina,,,FedEx Office,HI,,21.2903984,-157.8197362,Geofabrik OpenStreetMap GeoPackage extract,2026-08-14T20:21:03Z,open,ODbL; attribution and share-alike required,packet_ready,geofabrik_named_food_service
national-post-office-hi-fedex-office-d898801937,FedEx Office post-office-centered national sample candidate,national_post_office_sample_candidate,food_service,osm:node:7644672201,Pho Saigon,,,FedEx Office,HI,,21.2926714,-157.8410720,Geofabrik OpenStreetMap GeoPackage extract,2026-08-14T20:21:03Z,open,ODbL; attribution and share-alike required,packet_ready,geofabrik_named_food_service
national-post-office-hi-fedex-office-d898801937,FedEx Office post-office-centered national sample candidate,national_post_office_sample_candidate,food_service,osm:node:5750448421,Pho To-Chau,,,FedEx Office,HI,,21.3134417,-157.8638320,Geofabrik OpenStreetMap GeoPackage extract,2026-08-14T20:21:03Z,open,ODbL; attribution and share-alike required,packet_ready,geofabrik_named_food_service
national-post-office-hi-fedex-office-d898801937,FedEx Office post-office-centered national sample candidate,national_post_office_sample_candidate,food_service,osm:node:10189306220,Piccola Onda,,,FedEx Office,HI,,21.2744639,-157.8240228,Geofabrik OpenStreetMap GeoPackage extract,2026-08-14T20:21:03Z,open,ODbL; attribution and share-alike required,packet_ready,geofabrik_named_food_service
national-post-office-hi-fedex-office-d898801937,FedEx Office post-office-centered national sample candidate,national_post_office_sample_candidate,food_service,osm:node:9371148096,Pieology Pizzeria,,,FedEx Office,HI,,21.2911791,-157.8213172,Geofabrik OpenStreetMap GeoPackage extract,2026-08-14T20:21:03Z,open,ODbL; attribution and share-alike required,packet_ready,geofabrik_named_food_service
national-post-office-hi-fedex-office-d898801937,FedEx Office post-office-centered national sample candidate,national_post_office_sample_candidate,food_service,osm:node:1611234264,Pier 9 by Sam Choy,,,FedEx Office,HI,,21.3063947,-157.8661438,Geofabrik OpenStreetMap GeoPackage extract,2026-08-14T20:21:03Z,open,ODbL; attribution and share-alike required,packet_ready,geofabrik_named_food_service
national-post-office-hi-fedex-office-d898801937,FedEx Office post-office-centered national sample candidate,national_post_office_sample_candidate,food_service,osm:node:5750466223,Piggy Smalls,,,FedEx Office,HI,,21.2931582,-157.8527023,Geofabrik OpenStreetMap GeoPackage extract,2026-08-14T20:21:03Z,open,ODbL; attribution and share-alike required,packet_ready,geofabrik_named_food_service
national-post-office-hi-fedex-office-d898801937,FedEx Office post-office-centered national sample candidate,national_post_office_sample_candidate,food_service,osm:node:5274537221,Pioneer Saloon,,,FedEx Office,HI,,21.2691801,-157.8136977,Geofabrik OpenStreetMap GeoPackage extract,2026-08-14T20:21:03Z,open,ODbL; attribution and share-alike required,packet_ready,geofabrik_named_food_service
national-post-office-hi-fedex-office-d898801937,FedEx Office post-office-centered national sample candidate,national_post_office_sample_candidate,food_service,osm:node:13327395581,Pit Stop Hawaii Tacos Burgers & Sliders,,,FedEx Office,HI,,21.2771509,-157.8241537,Geofabrik OpenStreetMap GeoPackage extract,2026-08-14T20:21:03Z,open,ODbL; attribution and share-alike required,packet_ready,geofabrik_named_food_service
national-post-office-hi-fedex-office-d898801937,FedEx Office post-office-centered national sample candidate,national_post_office_sample_candidate,food_service,osm:node:7638717555,Pita Pit,,,FedEx Office,HI,,21.2835293,-157.8140207,Geofabrik OpenStreetMap GeoPackage extract,2026-08-14T20:21:03Z,open,ODbL; attribution and share-alike required,packet_ready,geofabrik_named_food_service
national-post-office-hi-fedex-office-d898801937,FedEx Office post-office-centered national sample candidate,national_post_office_sample_candidate,food_service,osm:node:11110367411,Pizza Hut,,,FedEx Office,HI,,21.2814150,-157.8143544,Geofabrik OpenStreetMap GeoPackage extract,2026-08-14T20:21:03Z,open,ODbL; attribution and share-alike required,packet_ready,geofabrik_named_food_service
national-post-office-hi-fedex-office-d898801937,FedEx Office post-office-centered national sample candidate,national_post_office_sample_candidate,food_service,osm:node:8412253975,Pizza Hut,,,FedEx Office,HI,,21.3354556,-157.8681272,Geofabrik OpenStreetMap GeoPackage extract,2026-08-14T20:21:03Z,open,ODbL; attribution and share-alike required,packet_ready,geofabrik_named_food_service
national-post-office-hi-fedex-office-d898801937,FedEx Office post-office-centered national sample candidate,national_post_office_sample_candidate,food_service,osm:node:9579791650,Pizza Hut,,,FedEx Office,HI,,21.2997939,-157.8400172,Geofabrik OpenStreetMap GeoPackage extract,2026-08-14T20:21:03Z,open,ODbL; attribution and share-alike required,packet_ready,geofabrik_named_food_service
national-post-office-hi-fedex-office-d898801937,FedEx Office post-office-centered national sample candidate,national_post_office_sample_candidate,food_service,osm:way:1357574513,Pizza Hut,,,FedEx Office,HI,,21.2937591,-157.8263353,Geofabrik OpenStreetMap GeoPackage extract,2026-08-14T20:21:03Z,open,ODbL; attribution and share-alike required,packet_ready,geofabrik_named_food_service
national-post-office-hi-fedex-office-d898801937,FedEx Office post-office-centered national sample candidate,national_post_office_sample_candidate,food_service,osm:way:256450378,Pizza Hut,,,FedEx Office,HI,,21.3241958,-157.8577338,Geofabrik OpenStreetMap GeoPackage extract,2026-08-14T20:21:03Z,open,ODbL; attribution and share-alike required,packet_ready,geofabrik_named_food_service
national-post-office-hi-fedex-office-d898801937,FedEx Office post-office-centered national sample candidate,national_post_office_sample_candidate,food_service,osm:node:4868845674,Pizza Hut Delivery,,,FedEx Office,HI,,21.3055696,-157.8387470,Geofabrik OpenStreetMap GeoPackage extract,2026-08-14T20:21:03Z,open,ODbL; attribution and share-alike required,packet_ready,geofabrik_named_food_service
national-post-office-hi-fedex-office-d898801937,FedEx Office post-office-centered national sample candidate,national_post_office_sample_candidate,food_service,osm:node:11160215205,Pizza Mamo,,,FedEx Office,HI,,21.3113095,-157.8620937,Geofabrik OpenStreetMap GeoPackage extract,2026-08-14T20:21:03Z,open,ODbL; attribution and share-alike required,packet_ready,geofabrik_named_food_service
national-post-office-hi-fedex-office-d898801937,FedEx Office post-office-centered national sample candidate,national_post_office_sample_candidate,food_service,osm:node:9319582033,Pizza Mamo,,,FedEx Office,HI,,21.3113375,-157.8621138,Geofabrik OpenStreetMap GeoPackage extract,2026-08-14T20:21:03Z,open,ODbL; attribution and share-alike required,packet_ready,geofabrik_named_food_service
national-post-office-hi-fedex-office-d898801937,FedEx Office post-office-centered national sample candidate,national_post_office_sample_candidate,food_service,osm:node:13179673548,Podmore,,,FedEx Office,HI,,21.3073958,-157.8613014,Geofabrik OpenStreetMap GeoPackage extract,2026-08-14T20:21:03Z,open,ODbL; attribution and share-alike required,packet_ready,geofabrik_named_food_service
national-post-office-hi-fedex-office-d898801937,FedEx Office post-office-centered national sample candidate,national_post_office_sample_candidate,food_service,osm:node:11060928261,Poi Bowl,,,FedEx Office,HI,,21.2906385,-157.8438956,Geofabrik OpenStreetMap GeoPackage extract,2026-08-14T20:21:03Z,open,ODbL; attribution and share-alike required,packet_ready,geofabrik_named_food_service
national-post-office-hi-fedex-office-d898801937,FedEx Office post-office-centered national sample candidate,national_post_office_sample_candidate,food_service,osm:node:11060928282,Poke & Box,,,FedEx Office,HI,,21.2903047,-157.8440912,Geofabrik OpenStreetMap GeoPackage extract,2026-08-14T20:21:03Z,open,ODbL; attribution and share-alike required,packet_ready,geofabrik_named_food_service
national-post-office-hi-fedex-office-d898801937,FedEx Office post-office-centered national sample candidate,national_post_office_sample_candidate,food_service,osm:node:4338096897,Poke Stop,,,FedEx Office,HI,,21.2760266,-157.8144981,Geofabrik OpenStreetMap GeoPackage extract,2026-08-14T20:21:03Z,open,ODbL; attribution and share-alike required,packet_ready,geofabrik_named_food_service
national-post-office-hi-fedex-office-d898801937,FedEx Office post-office-centered national sample candidate,national_post_office_sample_candidate,food_service,osm:node:10208335795,Pool Snack Bar,,,FedEx Office,HI,,21.2806880,-157.8359733,Geofabrik OpenStreetMap GeoPackage extract,2026-08-14T20:21:03Z,open,ODbL; attribution and share-alike required,packet_ready,geofabrik_named_food_service
national-post-office-hi-fedex-office-d898801937,FedEx Office post-office-centered national sample candidate,national_post_office_sample_candidate,food_service,osm:way:817793218,Popeyes,,,FedEx Office,HI,,21.2796468,-157.8138096,Geofabrik OpenStreetMap GeoPackage extract,2026-08-14T20:21:03Z,open,ODbL; attribution and share-alike required,packet_ready,geofabrik_named_food_service
national-post-office-hi-fedex-office-d898801937,FedEx Office post-office-centered national sample candidate,national_post_office_sample_candidate,food_service,osm:node:7035102285,QQ Tea House,,,FedEx Office,HI,,21.2911342,-157.8219721,Geofabrik OpenStreetMap GeoPackage extract,2026-08-14T20:21:03Z,open,ODbL; attribution and share-alike required,packet_ready,geofabrik_named_food_service
national-post-office-hi-fedex-office-d898801937,FedEx Office post-office-centered national sample candidate,national_post_office_sample_candidate,food_service,osm:node:10189315043,Queensbreak Restaurant,,,FedEx Office,HI,,21.2739870,-157.8222094,Geofabrik OpenStreetMap GeoPackage extract,2026-08-14T20:21:03Z,open,ODbL; attribution and share-alike required,packet_ready,geofabrik_named_food_service
national-post-office-hi-fedex-office-d898801937,FedEx Office post-office-centered national sample candidate,national_post_office_sample_candidate,food_service,osm:node:10210339040,Quiora,,,FedEx Office,HI,,21.2822082,-157.8296489,Geofabrik OpenStreetMap GeoPackage extract,2026-08-14T20:21:03Z,open,ODbL; attribution and share-alike required,packet_ready,geofabrik_named_food_service
national-post-office-hi-fedex-office-d898801937,FedEx Office post-office-centered national sample candidate,national_post_office_sample_candidate,food_service,osm:node:3740804349,Rabbit Rabbit Tea,,,FedEx Office,HI,,21.2912042,-157.8203281,Geofabrik OpenStreetMap GeoPackage extract,2026-08-14T20:21:03Z,open,ODbL; attribution and share-alike required,packet_ready,geofabrik_named_food_service
national-post-office-hi-fedex-office-d898801937,FedEx Office post-office-centered national sample candidate,national_post_office_sample_candidate,food_service,osm:node:9607503007,Ragoon Kitchen,,,FedEx Office,HI,,21.3113398,-157.8613618,Geofabrik OpenStreetMap GeoPackage extract,2026-08-14T20:21:03Z,open,ODbL; attribution and share-alike required,packet_ready,geofabrik_named_food_service
national-post-office-hi-fedex-office-d898801937,FedEx Office post-office-centered national sample candidate,national_post_office_sample_candidate,food_service,osm:way:435915380,Rainbow Drive-In,,,FedEx Office,HI,,21.2759531,-157.8145758,Geofabrik OpenStreetMap GeoPackage extract,2026-08-14T20:21:03Z,open,ODbL; attribution and share-alike required,packet_ready,geofabrik_named_food_service
national-post-office-hi-fedex-office-d898801937,FedEx Office post-office-centered national sample candidate,national_post_office_sample_candidate,food_service,osm:node:10796722885,Rainbow's Drive Inn,,,FedEx Office,HI,,21.3318829,-157.8662630,Geofabrik OpenStreetMap GeoPackage extract,2026-08-14T20:21:03Z,open,ODbL; attribution and share-alike required,packet_ready,geofabrik_named_food_service
national-post-office-hi-fedex-office-d898801937,FedEx Office post-office-centered national sample candidate,national_post_office_sample_candidate,food_service,osm:node:11060928300,Raising Cane's,,,FedEx Office,HI,,21.2905796,-157.8442220,Geofabrik OpenStreetMap GeoPackage extract,2026-08-14T20:21:03Z,open,ODbL; attribution and share-alike required,packet_ready,geofabrik_named_food_service
national-post-office-hi-fedex-office-d898801937,FedEx Office post-office-centered national sample candidate,national_post_office_sample_candidate,food_service,osm:node:8015249555,Raising Cane's,,,FedEx Office,HI,,21.2915435,-157.8219890,Geofabrik OpenStreetMap GeoPackage extract,2026-08-14T20:21:03Z,open,ODbL; attribution and share-alike required,packet_ready,geofabrik_named_food_service
national-post-office-hi-fedex-office-d898801937,FedEx Office post-office-centered national sample candidate,national_post_office_sample_candidate,food_service,osm:node:5104884121,Ramen Nakamura,,,FedEx Office,HI,,21.2813021,-157.8307136,Geofabrik OpenStreetMap GeoPackage extract,2026-08-14T20:21:03Z,open,ODbL; attribution and share-alike required,packet_ready,geofabrik_named_food_service
national-post-office-hi-fedex-office-d898801937,FedEx Office post-office-centered national sample candidate,national_post_office_sample_candidate,food_service,osm:node:10762955312,Ramen Ono-ya,,,FedEx Office,HI,,21.2788056,-157.8135575,Geofabrik OpenStreetMap GeoPackage extract,2026-08-14T20:21:03Z,open,ODbL; attribution and share-alike required,packet_ready,geofabrik_named_food_service
national-post-office-hi-fedex-office-d898801937,FedEx Office post-office-centered national sample candidate,national_post_office_sample_candidate,food_service,osm:node:6618208586,Ray's Cafe,,,FedEx Office,HI,,21.3328938,-157.8789417,Geofabrik OpenStreetMap GeoPackage extract,2026-08-14T20:21:03Z,open,ODbL; attribution and share-alike required,packet_ready,geofabrik_named_food_service
national-post-office-hi-fedex-office-d898801937,FedEx Office post-office-centered national sample candidate,national_post_office_sample_candidate,food_service,osm:node:9669195398,Real K.F.C.,,,FedEx Office,HI,,21.3014988,-157.8455385,Geofabrik OpenStreetMap GeoPackage extract,2026-08-14T20:21:03Z,open,ODbL; attribution and share-alike required,packet_ready,geofabrik_named_food_service
national-post-office-hi-fedex-office-d898801937,FedEx Office post-office-centered national sample candidate,national_post_office_sample_candidate,food_service,osm:node:9335938953,Red pepper,,,FedEx Office,HI,,21.3106984,-157.8602619,Geofabrik OpenStreetMap GeoPackage extract,2026-08-14T20:21:03Z,open,ODbL; attribution and share-alike required,packet_ready,geofabrik_named_food_service
national-post-office-hi-fedex-office-d898801937,FedEx Office post-office-centered national sample candidate,national_post_office_sample_candidate,food_service,osm:way:290452446,Regal Bakery,,,FedEx Office,HI,,21.3138379,-157.8613224,Geofabrik OpenStreetMap GeoPackage extract,2026-08-14T20:21:03Z,open,ODbL; attribution and share-alike required,packet_ready,geofabrik_named_food_service
national-post-office-hi-fedex-office-d898801937,FedEx Office post-office-centered national sample candidate,national_post_office_sample_candidate,food_service,osm:node:13375134901,Ride and Grind Cafe,,,FedEx Office,HI,,21.2859739,-157.8326542,Geofabrik OpenStreetMap GeoPackage extract,2026-08-14T20:21:03Z,open,ODbL; attribution and share-alike required,packet_ready,geofabrik_named_food_service
national-post-office-hi-fedex-office-d898801937,FedEx Office post-office-centered national sample candidate,national_post_office_sample_candidate,food_service,osm:node:11104000547,Rigo Spanish Italian,,,FedEx Office,HI,,21.2838551,-157.8136225,Geofabrik OpenStreetMap GeoPackage extract,2026-08-14T20:21:03Z,open,ODbL; attribution and share-alike required,packet_ready,geofabrik_named_food_service
national-post-office-hi-fedex-office-d898801937,FedEx Office post-office-centered national sample candidate,national_post_office_sample_candidate,food_service,osm:node:13075060370,Rinka,,,FedEx Office,HI,,21.2946511,-157.8527551,Geofabrik OpenStreetMap GeoPackage extract,2026-08-14T20:21:03Z,open,ODbL; attribution and share-alike required,packet_ready,geofabrik_named_food_service
national-post-office-hi-fedex-office-d898801937,FedEx Office post-office-centered national sample candidate,national_post_office_sample_candidate,food_service,osm:node:11365255633,Romano's Macaroni Grill,,,FedEx Office,HI,,21.2910136,-157.8424988,Geofabrik OpenStreetMap GeoPackage extract,2026-08-14T20:21:03Z,open,ODbL; attribution and share-alike required,packet_ready,geofabrik_named_food_service
national-post-office-hi-fedex-office-d898801937,FedEx Office post-office-centered national sample candidate,national_post_office_sample_candidate,food_service,osm:node:10174735285,Round Table Pizza,,,FedEx Office,HI,,21.2831196,-157.8375237,Geofabrik OpenStreetMap GeoPackage extract,2026-08-14T20:21:03Z,open,ODbL; attribution and share-alike required,packet_ready,geofabrik_named_food_service
national-post-office-hi-fedex-office-d898801937,FedEx Office post-office-centered national sample candidate,national_post_office_sample_candidate,food_service,osm:node:10200931632,Royal Hawaiian Bakery,,,FedEx Office,HI,,21.2774373,-157.8289633,Geofabrik OpenStreetMap GeoPackage extract,2026-08-14T20:21:03Z,open,ODbL; attribution and share-alike required,packet_ready,geofabrik_named_food_service
national-post-office-hi-fedex-office-d898801937,FedEx Office post-office-centered national sample candidate,national_post_office_sample_candidate,food_service,osm:node:12015943440,Royal Lobster,,,FedEx Office,HI,,21.2796168,-157.8285588,Geofabrik OpenStreetMap GeoPackage extract,2026-08-14T20:21:03Z,open,ODbL; attribution and share-alike required,packet_ready,geofabrik_named_food_service
national-post-office-hi-fedex-office-d898801937,FedEx Office post-office-centered national sample candidate,national_post_office_sample_candidate,food_service,osm:node:11419995123,S7 Icy Bubble,,,FedEx Office,HI,,21.2842196,-157.8143991,Geofabrik OpenStreetMap GeoPackage extract,2026-08-14T20:21:03Z,open,ODbL; attribution and share-alike required,packet_ready,geofabrik_named_food_service
national-post-office-hi-fedex-office-d898801937,FedEx Office post-office-centered national sample candidate,national_post_office_sample_candidate,food_service,osm:node:10195531964,SHOR,,,FedEx Office,HI,,21.2759974,-157.8252964,Geofabrik OpenStreetMap GeoPackage extract,2026-08-14T20:21:03Z,open,ODbL; attribution and share-alike required,packet_ready,geofabrik_named_food_service
national-post-office-hi-fedex-office-d898801937,FedEx Office post-office-centered national sample candidate,national_post_office_sample_candidate,food_service,osm:node:10189306240,SWELL Restaurant and Pool Bar,,,FedEx Office,HI,,21.2747842,-157.8233174,Geofabrik OpenStreetMap GeoPackage extract,2026-08-14T20:21:03Z,open,ODbL; attribution and share-alike required,packet_ready,geofabrik_named_food_service
national-post-office-hi-fedex-office-d898801937,FedEx Office post-office-centered national sample candidate,national_post_office_sample_candidate,food_service,osm:node:10195531965,SWIM Restaurant and Bar,,,FedEx Office,HI,,21.2762590,-157.8255207,Geofabrik OpenStreetMap GeoPackage extract,2026-08-14T20:21:03Z,open,ODbL; attribution and share-alike required,packet_ready,geofabrik_named_food_service
national-post-office-hi-fedex-office-d898801937,FedEx Office post-office-centered national sample candidate,national_post_office_sample_candidate,food_service,osm:node:10000682625,Saigon Grill,,,FedEx Office,HI,,21.2914284,-157.8378682,Geofabrik OpenStreetMap GeoPackage extract,2026-08-14T20:21:03Z,open,ODbL; attribution and share-alike required,packet_ready,geofabrik_named_food_service
national-post-office-hi-fedex-office-d898801937,FedEx Office post-office-centered national sample candidate,national_post_office_sample_candidate,food_service,osm:node:13375109301,Saigon Grill,,,FedEx Office,HI,,21.2862917,-157.8327884,Geofabrik OpenStreetMap GeoPackage extract,2026-08-14T20:21:03Z,open,ODbL; attribution and share-alike required,packet_ready,geofabrik_named_food_service
national-post-office-hi-fedex-office-d898801937,FedEx Office post-office-centered national sample candidate,national_post_office_sample_candidate,food_service,osm:node:4198267189,Saigon Salad,,,FedEx Office,HI,,21.2853106,-157.8380473,Geofabrik OpenStreetMap GeoPackage extract,2026-08-14T20:21:03Z,open,ODbL; attribution and share-alike required,packet_ready,geofabrik_named_food_service
national-post-office-hi-fedex-office-d898801937,FedEx Office post-office-centered national sample candidate,national_post_office_sample_candidate,food_service,osm:way:620988192,Sakura Terrace,,,FedEx Office,HI,,21.2996096,-157.8428480,Geofabrik OpenStreetMap GeoPackage extract,2026-08-14T20:21:03Z,open,ODbL; attribution and share-alike required,packet_ready,geofabrik_named_food_service
national-post-office-hi-fedex-office-d898801937,FedEx Office post-office-centered national sample candidate,national_post_office_sample_candidate,food_service,osm:node:4266849490,Sam's Delicatessen,,,FedEx Office,HI,,21.3171163,-157.8550760,Geofabrik OpenStreetMap GeoPackage extract,2026-08-14T20:21:03Z,open,ODbL; attribution and share-alike required,packet_ready,geofabrik_named_food_service
national-post-office-hi-fedex-office-d898801937,FedEx Office post-office-centered national sample candidate,national_post_office_sample_candidate,food_service,osm:node:12289370553,Sandy’s Cafe,,,FedEx Office,HI,,21.3145951,-157.8611333,Geofabrik OpenStreetMap GeoPackage extract,2026-08-14T20:21:03Z,open,ODbL; attribution and share-alike required,packet_ready,geofabrik_named_food_service
national-post-office-hi-fedex-office-d898801937,FedEx Office post-office-centered national sample candidate,national_post_office_sample_candidate,food_service,osm:node:10189315054,Sansei Seafood Restaurant & Sushi Bar,,,FedEx Office,HI,,21.2732967,-157.8230194,Geofabrik OpenStreetMap GeoPackage extract,2026-08-14T20:21:03Z,open,ODbL; attribution and share-alike required,packet_ready,geofabrik_named_food_service
national-post-office-hi-fedex-office-d898801937,FedEx Office post-office-centered national sample candidate,national_post_office_sample_candidate,food_service,osm:node:4742640224,Santouka Ramen,,,FedEx Office,HI,,21.2932864,-157.8389478,Geofabrik OpenStreetMap GeoPackage extract,2026-08-14T20:21:03Z,open,ODbL; attribution and share-alike required,packet_ready,geofabrik_named_food_service
national-post-office-hi-fedex-office-d898801937,FedEx Office post-office-centered national sample candidate,national_post_office_sample_candidate,food_service,osm:node:11241023241,Sasabune,,,FedEx Office,HI,,21.2981938,-157.8398186,Geofabrik OpenStreetMap GeoPackage extract,2026-08-14T20:21:03Z,open,ODbL; attribution and share-alike required,packet_ready,geofabrik_named_food_service
national-post-office-hi-fedex-office-d898801937,FedEx Office post-office-centered national sample candidate,national_post_office_sample_candidate,food_service,osm:node:4484930693,Sato Seafood,,,FedEx Office,HI,,21.2795976,-157.8261300,Geofabrik OpenStreetMap GeoPackage extract,2026-08-14T20:21:03Z,open,ODbL; attribution and share-alike required,packet_ready,geofabrik_named_food_service
national-post-office-hi-fedex-office-d898801937,FedEx Office post-office-centered national sample candidate,national_post_office_sample_candidate,food_service,osm:node:11060928299,Sbarro,,,FedEx Office,HI,,21.2906969,-157.8441774,Geofabrik OpenStreetMap GeoPackage extract,2026-08-14T20:21:03Z,open,ODbL; attribution and share-alike required,packet_ready,geofabrik_named_food_service
national-post-office-hi-fedex-office-d898801937,FedEx Office post-office-centered national sample candidate,national_post_office_sample_candidate,food_service,osm:node:4484927392,Seaside Bar & Grill,,,FedEx Office,HI,,21.2801722,-157.8267674,Geofabrik OpenStreetMap GeoPackage extract,2026-08-14T20:21:03Z,open,ODbL; attribution and share-alike required,packet_ready,geofabrik_named_food_service
national-post-office-hi-fedex-office-d898801937,FedEx Office post-office-centered national sample candidate,national_post_office_sample_candidate,food_service,osm:node:12289370560,Seasons,,,FedEx Office,HI,,21.3143871,-157.8614492,Geofabrik OpenStreetMap GeoPackage extract,2026-08-14T20:21:03Z,open,ODbL; attribution and share-alike required,packet_ready,geofabrik_named_food_service
national-post-office-hi-fedex-office-d898801937,FedEx Office post-office-centered national sample candidate,national_post_office_sample_candidate,food_service,osm:node:4751864045,Sekiya's Restaurant & Delicatessen,,,FedEx Office,HI,,21.2874871,-157.8152355,Geofabrik OpenStreetMap GeoPackage extract,2026-08-14T20:21:03Z,open,ODbL; attribution and share-alike required,packet_ready,geofabrik_named_food_service
national-post-office-hi-fedex-office-d898801937,FedEx Office post-office-centered national sample candidate,national_post_office_sample_candidate,food_service,osm:node:4679526801,Senia,,,FedEx Office,HI,,21.3114010,-157.8635191,Geofabrik OpenStreetMap GeoPackage extract,2026-08-14T20:21:03Z,open,ODbL; attribution and share-alike required,packet_ready,geofabrik_named_food_service
national-post-office-hi-fedex-office-d898801937,FedEx Office post-office-centered national sample candidate,national_post_office_sample_candidate,food_service,osm:node:11060928269,Senor Pepe,,,FedEx Office,HI,,21.2906522,-157.8439274,Geofabrik OpenStreetMap GeoPackage extract,2026-08-14T20:21:03Z,open,ODbL; attribution and share-alike required,packet_ready,geofabrik_named_food_service
national-post-office-hi-fedex-office-d898801937,FedEx Office post-office-centered national sample candidate,national_post_office_sample_candidate,food_service,osm:node:11374607314,Seoul Mix 2.0,,,FedEx Office,HI,,21.2907617,-157.8419215,Geofabrik OpenStreetMap GeoPackage extract,2026-08-14T20:21:03Z,open,ODbL; attribution and share-alike required,packet_ready,geofabrik_named_food_service
national-post-office-hi-fedex-office-d898801937,FedEx Office post-office-centered national sample candidate,national_post_office_sample_candidate,food_service,osm:node:11064049547,Seoul Tofu House,,,FedEx Office,HI,,21.2794244,-157.8263535,Geofabrik OpenStreetMap GeoPackage extract,2026-08-14T20:21:03Z,open,ODbL; attribution and share-alike required,packet_ready,geofabrik_named_food_service
national-post-office-hi-fedex-office-d898801937,FedEx Office post-office-centered national sample candidate,national_post_office_sample_candidate,food_service,osm:node:9369929852,Shaka Shaka,,,FedEx Office,HI,,21.2919635,-157.8215325,Geofabrik OpenStreetMap GeoPackage extract,2026-08-14T20:21:03Z,open,ODbL; attribution and share-alike required,packet_ready,geofabrik_named_food_service
national-post-office-hi-fedex-office-d898801937,FedEx Office post-office-centered national sample candidate,national_post_office_sample_candidate,food_service,osm:node:11253745014,Sharetea,,,FedEx Office,HI,,21.2908039,-157.8415932,Geofabrik OpenStreetMap GeoPackage extract,2026-08-14T20:21:03Z,open,ODbL; attribution and share-alike required,packet_ready,geofabrik_named_food_service
national-post-office-hi-fedex-office-d898801937,FedEx Office post-office-centered national sample candidate,national_post_office_sample_candidate,food_service,osm:node:9384845038,Shibuya,,,FedEx Office,HI,,21.2923100,-157.8453008,Geofabrik OpenStreetMap GeoPackage extract,2026-08-14T20:21:03Z,open,ODbL; attribution and share-alike required,packet_ready,geofabrik_named_food_service
national-post-office-hi-fedex-office-d898801937,FedEx Office post-office-centered national sample candidate,national_post_office_sample_candidate,food_service,osm:node:5750422324,Shokudo,,,FedEx Office,HI,,21.2916797,-157.8404752,Geofabrik OpenStreetMap GeoPackage extract,2026-08-14T20:21:03Z,open,ODbL; attribution and share-alike required,packet_ready,geofabrik_named_food_service
national-post-office-hi-fedex-office-d898801937,FedEx Office post-office-centered national sample candidate,national_post_office_sample_candidate,food_service,osm:node:6129985488,ShoreFyre,,,FedEx Office,HI,,21.2757880,-157.8242860,Geofabrik OpenStreetMap GeoPackage extract,2026-08-14T20:21:03Z,open,ODbL; attribution and share-alike required,packet_ready,geofabrik_named_food_service
national-post-office-hi-fedex-office-d898801937,FedEx Office post-office-centered national sample candidate,national_post_office_sample_candidate,food_service,osm:node:9824088617,Shorefyre,,,FedEx Office,HI,,21.2777763,-157.8265722,Geofabrik OpenStreetMap GeoPackage extract,2026-08-14T20:21:03Z,open,ODbL; attribution and share-alike required,packet_ready,geofabrik_named_food_service
national-post-office-hi-fedex-office-d898801937,FedEx Office post-office-centered national sample candidate,national_post_office_sample_candidate,food_service,osm:node:4571695389,Siam Square,,,FedEx Office,HI,,21.2817198,-157.8284593,Geofabrik OpenStreetMap GeoPackage extract,2026-08-14T20:21:03Z,open,ODbL; attribution and share-alike required,packet_ready,geofabrik_named_food_service
national-post-office-hi-fedex-office-d898801937,FedEx Office post-office-centered national sample candidate,national_post_office_sample_candidate,food_service,osm:node:5038269022,Side Street Inn,,,FedEx Office,HI,,21.2943239,-157.8474074,Geofabrik OpenStreetMap GeoPackage extract,2026-08-14T20:21:03Z,open,ODbL; attribution and share-alike required,packet_ready,geofabrik_named_food_service
national-post-office-hi-fedex-office-d898801937,FedEx Office post-office-centered national sample candidate,national_post_office_sample_candidate,food_service,osm:node:5156192923,Side Street Inn,,,FedEx Office,HI,,21.2788250,-157.8141710,Geofabrik OpenStreetMap GeoPackage extract,2026-08-14T20:21:03Z,open,ODbL; attribution and share-alike required,packet_ready,geofabrik_named_food_service
national-post-office-hi-fedex-office-d898801937,FedEx Office post-office-centered national sample candidate,national_post_office_sample_candidate,food_service,osm:node:4664690327,Sikdorak,,,FedEx Office,HI,,21.2943361,-157.8412510,Geofabrik OpenStreetMap GeoPackage extract,2026-08-14T20:21:03Z,open,ODbL; attribution and share-alike required,packet_ready,geofabrik_named_food_service
national-post-office-hi-fedex-office-d898801937,FedEx Office post-office-centered national sample candidate,national_post_office_sample_candidate,food_service,osm:node:7035102185,Simple Joy,,,FedEx Office,HI,,21.2999532,-157.8448872,Geofabrik OpenStreetMap GeoPackage extract,2026-08-14T20:21:03Z,open,ODbL; attribution and share-alike required,packet_ready,geofabrik_named_food_service
national-post-office-hi-fedex-office-d898801937,FedEx Office post-office-centered national sample candidate,national_post_office_sample_candidate,food_service,osm:node:4582232391,SingSing Thai Street Food,,,FedEx Office,HI,,21.3116168,-157.8629030,Geofabrik OpenStreetMap GeoPackage extract,2026-08-14T20:21:03Z,open,ODbL; attribution and share-alike required,packet_ready,geofabrik_named_food_service
national-post-office-hi-fedex-office-d898801937,FedEx Office post-office-centered national sample candidate,national_post_office_sample_candidate,food_service,osm:node:7016679885,Sip Honolulu,,,FedEx Office,HI,,21.3011575,-157.8622850,Geofabrik OpenStreetMap GeoPackage extract,2026-08-14T20:21:03Z,open,ODbL; attribution and share-alike required,packet_ready,geofabrik_named_food_service
national-post-office-hi-fedex-office-d898801937,FedEx Office post-office-centered national sample candidate,national_post_office_sample_candidate,food_service,osm:node:4339571090,Slice of Waikiki Pizza,,,FedEx Office,HI,,21.2808737,-157.8280238,Geofabrik OpenStreetMap GeoPackage extract,2026-08-14T20:21:03Z,open,ODbL; attribution and share-alike required,packet_ready,geofabrik_named_food_service
national-post-office-hi-fedex-office-d898801937,FedEx Office post-office-centered national sample candidate,national_post_office_sample_candidate,food_service,osm:node:4679526805,Smith & Kings,,,FedEx Office,HI,,21.3113317,-157.8634757,Geofabrik OpenStreetMap GeoPackage extract,2026-08-14T20:21:03Z,open,ODbL; attribution and share-alike required,packet_ready,geofabrik_named_food_service
national-post-office-hi-fedex-office-d898801937,FedEx Office post-office-centered national sample candidate,national_post_office_sample_candidate,food_service,osm:node:11060766557,So Gong Dong,,,FedEx Office,HI,,21.2958404,-157.8407014,Geofabrik OpenStreetMap GeoPackage extract,2026-08-14T20:21:03Z,open,ODbL; attribution and share-alike required,packet_ready,geofabrik_named_food_service
national-post-office-hi-fedex-office-d898801937,FedEx Office post-office-centered national sample candidate,national_post_office_sample_candidate,food_service,osm:way:302939919,Sorabol,,,FedEx Office,HI,,21.2953913,-157.8400108,Geofabrik OpenStreetMap GeoPackage extract,2026-08-14T20:21:03Z,open,ODbL; attribution and share-alike required,packet_ready,geofabrik_named_food_service
national-post-office-hi-fedex-office-d898801937,FedEx Office post-office-centered national sample candidate,national_post_office_sample_candidate,food_service,osm:node:12801568690,Spero Spera,,,FedEx Office,HI,,21.2998679,-157.8407936,Geofabrik OpenStreetMap GeoPackage extract,2026-08-14T20:21:03Z,open,ODbL; attribution and share-alike required,packet_ready,geofabrik_named_food_service
national-post-office-hi-fedex-office-d898801937,FedEx Office post-office-centered national sample candidate,national_post_office_sample_candidate,food_service,osm:node:1402858675,Stage,,,FedEx Office,HI,,21.2954064,-157.8469024,Geofabrik OpenStreetMap GeoPackage extract,2026-08-14T20:21:03Z,open,ODbL; attribution and share-alike required,packet_ready,geofabrik_named_food_service
national-post-office-hi-fedex-office-d898801937,FedEx Office post-office-centered national sample candidate,national_post_office_sample_candidate,food_service,osm:node:10174735278,Starbucks,,,FedEx Office,HI,,21.2818415,-157.8367847,Geofabrik OpenStreetMap GeoPackage extract,2026-08-14T20:21:03Z,open,ODbL; attribution and share-alike required,packet_ready,geofabrik_named_food_service
national-post-office-hi-fedex-office-d898801937,FedEx Office post-office-centered national sample candidate,national_post_office_sample_candidate,food_service,osm:node:10174735294,Starbucks,,,FedEx Office,HI,,21.2837264,-157.8361081,Geofabrik OpenStreetMap GeoPackage extract,2026-08-14T20:21:03Z,open,ODbL; attribution and share-alike required,packet_ready,geofabrik_named_food_service
national-post-office-hi-fedex-office-d898801937,FedEx Office post-office-centered national sample candidate,national_post_office_sample_candidate,food_service,osm:node:10181382242,Starbucks,,,FedEx Office,HI,,21.2731115,-157.8225296,Geofabrik OpenStreetMap GeoPackage extract,2026-08-14T20:21:03Z,open,ODbL; attribution and share-alike required,packet_ready,geofabrik_named_food_service
national-post-office-hi-fedex-office-d898801937,FedEx Office post-office-centered national sample candidate,national_post_office_sample_candidate,food_service,osm:node:10181382243,Starbucks,,,FedEx Office,HI,,21.2739264,-157.8216418,Geofabrik OpenStreetMap GeoPackage extract,2026-08-14T20:21:03Z,open,ODbL; attribution and share-alike required,packet_ready,geofabrik_named_food_service
national-post-office-hi-fedex-office-d898801937,FedEx Office post-office-centered national sample candidate,national_post_office_sample_candidate,food_service,osm:node:11253745011,Starbucks,,,FedEx Office,HI,,21.2926461,-157.8457730,Geofabrik OpenStreetMap GeoPackage extract,2026-08-14T20:21:03Z,open,ODbL; attribution and share-alike required,packet_ready,geofabrik_named_food_service
national-post-office-hi-fedex-office-d898801937,FedEx Office post-office-centered national sample candidate,national_post_office_sample_candidate,food_service,osm:node:13041840549,Starbucks,,,FedEx Office,HI,,21.2783385,-157.8253204,Geofabrik OpenStreetMap GeoPackage extract,2026-08-14T20:21:03Z,open,ODbL; attribution and share-alike required,packet_ready,geofabrik_named_food_service
national-post-office-hi-fedex-office-d898801937,FedEx Office post-office-centered national sample candidate,national_post_office_sample_candidate,food_service,osm:node:1409278620,Starbucks,,,FedEx Office,HI,,21.2938376,-157.8532043,Geofabrik OpenStreetMap GeoPackage extract,2026-08-14T20:21:03Z,open,ODbL; attribution and share-alike required,packet_ready,geofabrik_named_food_service
national-post-office-hi-fedex-office-d898801937,FedEx Office post-office-centered national sample candidate,national_post_office_sample_candidate,food_service,osm:node:1475451311,Starbucks,,,FedEx Office,HI,,21.2946628,-157.8421593,Geofabrik OpenStreetMap GeoPackage extract,2026-08-14T20:21:03Z,open,ODbL; attribution and share-alike required,packet_ready,geofabrik_named_food_service
national-post-office-hi-fedex-office-d898801937,FedEx Office post-office-centered national sample candidate,national_post_office_sample_candidate,food_service,osm:node:2972645123,Starbucks,,,FedEx Office,HI,,21.2979782,-157.8617390,Geofabrik OpenStreetMap GeoPackage extract,2026-08-14T20:21:03Z,open,ODbL; attribution and share-alike required,packet_ready,geofabrik_named_food_service
national-post-office-hi-fedex-office-d898801937,FedEx Office post-office-centered national sample candidate,national_post_office_sample_candidate,food_service,osm:node:3740804338,Starbucks,,,FedEx Office,HI,,21.2790361,-157.8138240,Geofabrik OpenStreetMap GeoPackage extract,2026-08-14T20:21:03Z,open,ODbL; attribution and share-alike required,packet_ready,geofabrik_named_food_service
national-post-office-hi-fedex-office-d898801937,FedEx Office post-office-centered national sample candidate,national_post_office_sample_candidate,food_service,osm:node:4198278890,Starbucks,,,FedEx Office,HI,,21.2919635,-157.8454318,Geofabrik OpenStreetMap GeoPackage extract,2026-08-14T20:21:03Z,open,ODbL; attribution and share-alike required,packet_ready,geofabrik_named_food_service
national-post-office-hi-fedex-office-d898801937,FedEx Office post-office-centered national sample candidate,national_post_office_sample_candidate,food_service,osm:node:4199035191,Starbucks,,,FedEx Office,HI,,21.2905992,-157.8416931,Geofabrik OpenStreetMap GeoPackage extract,2026-08-14T20:21:03Z,open,ODbL; attribution and share-alike required,packet_ready,geofabrik_named_food_service
national-post-office-hi-fedex-office-d898801937,FedEx Office post-office-centered national sample candidate,national_post_office_sample_candidate,food_service,osm:node:4257951989,Starbucks,,,FedEx Office,HI,,21.2716737,-157.8226250,Geofabrik OpenStreetMap GeoPackage extract,2026-08-14T20:21:03Z,open,ODbL; attribution and share-alike required,packet_ready,geofabrik_named_food_service
national-post-office-hi-fedex-office-d898801937,FedEx Office post-office-centered national sample candidate,national_post_office_sample_candidate,food_service,osm:node:708318947,Starbucks,,,FedEx Office,HI,,21.2795439,-157.8301670,Geofabrik OpenStreetMap GeoPackage extract,2026-08-14T20:21:03Z,open,ODbL; attribution and share-alike required,packet_ready,geofabrik_named_food_service
national-post-office-hi-fedex-office-d898801937,FedEx Office post-office-centered national sample candidate,national_post_office_sample_candidate,food_service,osm:node:708318969,Starbucks,,,FedEx Office,HI,,21.2787335,-157.8324810,Geofabrik OpenStreetMap GeoPackage extract,2026-08-14T20:21:03Z,open,ODbL; attribution and share-alike required,packet_ready,geofabrik_named_food_service
national-post-office-hi-fedex-office-d898801937,FedEx Office post-office-centered national sample candidate,national_post_office_sample_candidate,food_service,osm:node:8412253974,Starbucks,,,FedEx Office,HI,,21.3357142,-157.8681292,Geofabrik OpenStreetMap GeoPackage extract,2026-08-14T20:21:03Z,open,ODbL; attribution and share-alike required,packet_ready,geofabrik_named_food_service
national-post-office-hi-fedex-office-d898801937,FedEx Office post-office-centered national sample candidate,national_post_office_sample_candidate,food_service,osm:node:9278970194,Starbucks,,,FedEx Office,HI,,21.3161813,-157.8553431,Geofabrik OpenStreetMap GeoPackage extract,2026-08-14T20:21:03Z,open,ODbL; attribution and share-alike required,packet_ready,geofabrik_named_food_service
national-post-office-hi-fedex-office-d898801937,FedEx Office post-office-centered national sample candidate,national_post_office_sample_candidate,food_service,osm:node:9871208445,Starbucks,,,FedEx Office,HI,,21.3016719,-157.8423320,Geofabrik OpenStreetMap GeoPackage extract,2026-08-14T20:21:03Z,open,ODbL; attribution and share-alike required,packet_ready,geofabrik_named_food_service
national-post-office-hi-fedex-office-d898801937,FedEx Office post-office-centered national sample candidate,national_post_office_sample_candidate,food_service,osm:node:9918248338,Starbucks,,,FedEx Office,HI,,21.2912894,-157.8432333,Geofabrik OpenStreetMap GeoPackage extract,2026-08-14T20:21:03Z,open,ODbL; attribution and share-alike required,packet_ready,geofabrik_named_food_service
national-post-office-hi-fedex-office-d898801937,FedEx Office post-office-centered national sample candidate,national_post_office_sample_candidate,food_service,osm:node:6095675627,Starbucks Reserve,,,FedEx Office,HI,,21.2797874,-157.8269666,Geofabrik OpenStreetMap GeoPackage extract,2026-08-14T20:21:03Z,open,ODbL; attribution and share-alike required,packet_ready,geofabrik_named_food_service
national-post-office-hi-fedex-office-d898801937,FedEx Office post-office-centered national sample candidate,national_post_office_sample_candidate,food_service,osm:node:4491443190,Steak Shack,,,FedEx Office,HI,,21.2779784,-157.8335663,Geofabrik OpenStreetMap GeoPackage extract,2026-08-14T20:21:03Z,open,ODbL; attribution and share-alike required,packet_ready,geofabrik_named_food_service
national-post-office-hi-fedex-office-d898801937,FedEx Office post-office-centered national sample candidate,national_post_office_sample_candidate,food_service,osm:node:11060928293,Steak Teppei,,,FedEx Office,HI,,21.2906980,-157.8440392,Geofabrik OpenStreetMap GeoPackage extract,2026-08-14T20:21:03Z,open,ODbL; attribution and share-alike required,packet_ready,geofabrik_named_food_service
national-post-office-hi-fedex-office-d898801937,FedEx Office post-office-centered national sample candidate,national_post_office_sample_candidate,food_service,osm:node:13012012734,Streats of Aloha,,,FedEx Office,HI,,21.3238451,-157.8904162,Geofabrik OpenStreetMap GeoPackage extract,2026-08-14T20:21:03Z,open,ODbL; attribution and share-alike required,packet_ready,geofabrik_named_food_service
national-post-office-hi-fedex-office-d898801937,FedEx Office post-office-centered national sample candidate,national_post_office_sample_candidate,food_service,osm:node:10688046114,Subway,,,FedEx Office,HI,,21.3081927,-157.8601722,Geofabrik OpenStreetMap GeoPackage extract,2026-08-14T20:21:03Z,open,ODbL; attribution and share-alike required,packet_ready,geofabrik_named_food_service
national-post-office-hi-fedex-office-d898801937,FedEx Office post-office-centered national sample candidate,national_post_office_sample_candidate,food_service,osm:node:3740804350,Subway,,,FedEx Office,HI,,21.3103924,-157.8606677,Geofabrik OpenStreetMap GeoPackage extract,2026-08-14T20:21:03Z,open,ODbL; attribution and share-alike required,packet_ready,geofabrik_named_food_service
national-post-office-hi-fedex-office-d898801937,FedEx Office post-office-centered national sample candidate,national_post_office_sample_candidate,food_service,osm:node:4198265289,Subway,,,FedEx Office,HI,,21.2853106,-157.8382243,Geofabrik OpenStreetMap GeoPackage extract,2026-08-14T20:21:03Z,open,ODbL; attribution and share-alike required,packet_ready,geofabrik_named_food_service
national-post-office-hi-fedex-office-d898801937,FedEx Office post-office-centered national sample candidate,national_post_office_sample_candidate,food_service,osm:node:4496304991,Subway,,,FedEx Office,HI,,21.2863186,-157.8334828,Geofabrik OpenStreetMap GeoPackage extract,2026-08-14T20:21:03Z,open,ODbL; attribution and share-alike required,packet_ready,geofabrik_named_food_service
national-post-office-hi-fedex-office-d898801937,FedEx Office post-office-centered national sample candidate,national_post_office_sample_candidate,food_service,osm:node:4895133792,Subway,,,FedEx Office,HI,,21.3200549,-157.8615344,Geofabrik OpenStreetMap GeoPackage extract,2026-08-14T20:21:03Z,open,ODbL; attribution and share-alike required,packet_ready,geofabrik_named_food_service
national-post-office-hi-fedex-office-d898801937,FedEx Office post-office-centered national sample candidate,national_post_office_sample_candidate,food_service,osm:node:5231901461,Subway,,,FedEx Office,HI,,21.2989531,-157.8191504,Geofabrik OpenStreetMap GeoPackage extract,2026-08-14T20:21:03Z,open,ODbL; attribution and share-alike required,packet_ready,geofabrik_named_food_service
national-post-office-hi-fedex-office-d898801937,FedEx Office post-office-centered national sample candidate,national_post_office_sample_candidate,food_service,osm:node:6395685335,Subway,,,FedEx Office,HI,,21.2794266,-157.8313420,Geofabrik OpenStreetMap GeoPackage extract,2026-08-14T20:21:03Z,open,ODbL; attribution and share-alike required,packet_ready,geofabrik_named_food_service
national-post-office-hi-fedex-office-d898801937,FedEx Office post-office-centered national sample candidate,national_post_office_sample_candidate,food_service,osm:node:6395685337,Subway,,,FedEx Office,HI,,21.2779454,-157.8335037,Geofabrik OpenStreetMap GeoPackage extract,2026-08-14T20:21:03Z,open,ODbL; attribution and share-alike required,packet_ready,geofabrik_named_food_service
national-post-office-hi-fedex-office-d898801937,FedEx Office post-office-centered national sample candidate,national_post_office_sample_candidate,food_service,osm:node:7659914282,Subway,,,FedEx Office,HI,,21.3213305,-157.8736820,Geofabrik OpenStreetMap GeoPackage extract,2026-08-14T20:21:03Z,open,ODbL; attribution and share-alike required,packet_ready,geofabrik_named_food_service
national-post-office-hi-fedex-office-d898801937,FedEx Office post-office-centered national sample candidate,national_post_office_sample_candidate,food_service,osm:node:9854395933,Subway,,,FedEx Office,HI,,21.2946894,-157.8416563,Geofabrik OpenStreetMap GeoPackage extract,2026-08-14T20:21:03Z,open,ODbL; attribution and share-alike required,packet_ready,geofabrik_named_food_service
national-post-office-hi-fedex-office-d898801937,FedEx Office post-office-centered national sample candidate,national_post_office_sample_candidate,food_service,osm:way:984617196,Subway,,,FedEx Office,HI,,21.2971097,-157.8358805,Geofabrik OpenStreetMap GeoPackage extract,2026-08-14T20:21:03Z,open,ODbL; attribution and share-alike required,packet_ready,geofabrik_named_food_service
national-post-office-hi-fedex-office-d898801937,FedEx Office post-office-centered national sample candidate,national_post_office_sample_candidate,food_service,osm:node:4868842444,Subway / TCBY,,,FedEx Office,HI,,21.3055273,-157.8382501,Geofabrik OpenStreetMap GeoPackage extract,2026-08-14T20:21:03Z,open,ODbL; attribution and share-alike required,packet_ready,geofabrik_named_food_service
national-post-office-hi-fedex-office-d898801937,FedEx Office post-office-centered national sample candidate,national_post_office_sample_candidate,food_service,osm:node:4491316705,Sugoi,,,FedEx Office,HI,,21.3217554,-157.8760045,Geofabrik OpenStreetMap GeoPackage extract,2026-08-14T20:21:03Z,open,ODbL; attribution and share-alike required,packet_ready,geofabrik_named_food_service
national-post-office-hi-fedex-office-d898801937,FedEx Office post-office-centered national sample candidate,national_post_office_sample_candidate,food_service,osm:node:9884087916,Summer Frappe,,,FedEx Office,HI,,21.3126396,-157.8619574,Geofabrik OpenStreetMap GeoPackage extract,2026-08-14T20:21:03Z,open,ODbL; attribution and share-alike required,packet_ready,geofabrik_named_food_service
national-post-office-hi-fedex-office-d898801937,FedEx Office post-office-centered national sample candidate,national_post_office_sample_candidate,food_service,osm:node:3740804345,Sumo Ramen,,,FedEx Office,HI,,21.2879754,-157.8150851,Geofabrik OpenStreetMap GeoPackage extract,2026-08-14T20:21:03Z,open,ODbL; attribution and share-alike required,packet_ready,geofabrik_named_food_service
national-post-office-hi-fedex-office-d898801937,FedEx Office post-office-centered national sample candidate,national_post_office_sample_candidate,food_service,osm:node:3649846201,Sumo Ramen & Curry,,,FedEx Office,HI,,21.3358201,-157.8680435,Geofabrik OpenStreetMap GeoPackage extract,2026-08-14T20:21:03Z,open,ODbL; attribution and share-alike required,packet_ready,geofabrik_named_food_service
national-post-office-hi-fedex-office-d898801937,FedEx Office post-office-centered national sample candidate,national_post_office_sample_candidate,food_service,osm:node:4427516922,Sumo Sushi,,,FedEx Office,HI,,21.3123944,-157.8578040,Geofabrik OpenStreetMap GeoPackage extract,2026-08-14T20:21:03Z,open,ODbL; attribution and share-alike required,packet_ready,geofabrik_named_food_service
national-post-office-hi-fedex-office-d898801937,FedEx Office post-office-centered national sample candidate,national_post_office_sample_candidate,food_service,osm:way:1020406584,Sunny's,,,FedEx Office,HI,,21.2864935,-157.8345409,Geofabrik OpenStreetMap GeoPackage extract,2026-08-14T20:21:03Z,open,ODbL; attribution and share-alike required,packet_ready,geofabrik_named_food_service
national-post-office-hi-fedex-office-d898801937,FedEx Office post-office-centered national sample candidate,national_post_office_sample_candidate,food_service,osm:node:13312645889,Sunrise Shack - Kapahulu,,,FedEx Office,HI,,21.2853029,-157.8133287,Geofabrik OpenStreetMap GeoPackage extract,2026-08-14T20:21:03Z,open,ODbL; attribution and share-alike required,packet_ready,geofabrik_named_food_service
national-post-office-hi-fedex-office-d898801937,FedEx Office post-office-centered national sample candidate,national_post_office_sample_candidate,food_service,osm:node:5104847323,Sura Hawaii 姜虎東,,,FedEx Office,HI,,21.2908541,-157.8368486,Geofabrik OpenStreetMap GeoPackage extract,2026-08-14T20:21:03Z,open,ODbL; attribution and share-alike required,packet_ready,geofabrik_named_food_service
national-post-office-hi-fedex-office-d898801937,FedEx Office post-office-centered national sample candidate,national_post_office_sample_candidate,food_service,osm:node:3202626941,Sure Shot Cafe (permanently closed),,,FedEx Office,HI,,21.3054717,-157.8381414,Geofabrik OpenStreetMap GeoPackage extract,2026-08-14T20:21:03Z,open,ODbL; attribution and share-alike required,packet_ready,geofabrik_named_food_service
national-post-office-hi-fedex-office-d898801937,FedEx Office post-office-centered national sample candidate,national_post_office_sample_candidate,food_service,osm:node:10200931630,Surf Lanai,,,FedEx Office,HI,,21.2768585,-157.8286423,Geofabrik OpenStreetMap GeoPackage extract,2026-08-14T20:21:03Z,open,ODbL; attribution and share-alike required,packet_ready,geofabrik_named_food_service
national-post-office-hi-fedex-office-d898801937,FedEx Office post-office-centered national sample candidate,national_post_office_sample_candidate,food_service,osm:node:9380554329,Sushi Company,,,FedEx Office,HI,,21.2959310,-157.8295858,Geofabrik OpenStreetMap GeoPackage extract,2026-08-14T20:21:03Z,open,ODbL; attribution and share-alike required,packet_ready,geofabrik_named_food_service
national-post-office-hi-fedex-office-d898801937,FedEx Office post-office-centered national sample candidate,national_post_office_sample_candidate,food_service,osm:node:11115660149,Sushi Ginza Onodera,,,FedEx Office,HI,,21.2822312,-157.8142210,Geofabrik OpenStreetMap GeoPackage extract,2026-08-14T20:21:03Z,open,ODbL; attribution and share-alike required,packet_ready,geofabrik_named_food_service
national-post-office-hi-fedex-office-d898801937,FedEx Office post-office-centered national sample candidate,national_post_office_sample_candidate,food_service,osm:node:10796520145,Sushi Robot & Plate Lunch,,,FedEx Office,HI,,21.2932145,-157.8387650,Geofabrik OpenStreetMap GeoPackage extract,2026-08-14T20:21:03Z,open,ODbL; attribution and share-alike required,packet_ready,geofabrik_named_food_service
national-post-office-hi-fedex-office-d898801937,FedEx Office post-office-centered national sample candidate,national_post_office_sample_candidate,food_service,osm:node:10210339038,Sushi Sho,,,FedEx Office,HI,,21.2820583,-157.8299091,Geofabrik OpenStreetMap GeoPackage extract,2026-08-14T20:21:03Z,open,ODbL; attribution and share-alike required,packet_ready,geofabrik_named_food_service
national-post-office-hi-fedex-office-d898801937,FedEx Office post-office-centered national sample candidate,national_post_office_sample_candidate,food_service,osm:node:6092533586,Sushi Sho,,,FedEx Office,HI,,21.2826223,-157.8298755,Geofabrik OpenStreetMap GeoPackage extract,2026-08-14T20:21:03Z,open,ODbL; attribution and share-alike required,packet_ready,geofabrik_named_food_service
national-post-office-hi-fedex-office-d898801937,FedEx Office post-office-centered national sample candidate,national_post_office_sample_candidate,food_service,osm:node:11254053307,Sushi Spot Waikiki,,,FedEx Office,HI,,21.2755333,-157.8224429,Geofabrik OpenStreetMap GeoPackage extract,2026-08-14T20:21:03Z,open,ODbL; attribution and share-alike required,packet_ready,geofabrik_named_food_service
national-post-office-hi-fedex-office-d898801937,FedEx Office post-office-centered national sample candidate,national_post_office_sample_candidate,food_service,osm:node:9888830427,Sushi ii,,,FedEx Office,HI,,21.2942979,-157.8411596,Geofabrik OpenStreetMap GeoPackage extract,2026-08-14T20:21:03Z,open,ODbL; attribution and share-alike required,packet_ready,geofabrik_named_food_service
national-post-office-hi-fedex-office-d898801937,FedEx Office post-office-centered national sample candidate,national_post_office_sample_candidate,food_service,osm:node:4868842433,Sushiman,,,FedEx Office,HI,,21.3057333,-157.8386575,Geofabrik OpenStreetMap GeoPackage extract,2026-08-14T20:21:03Z,open,ODbL; attribution and share-alike required,packet_ready,geofabrik_named_food_service
national-post-office-hi-fedex-office-d898801937,FedEx Office post-office-centered national sample candidate,national_post_office_sample_candidate,food_service,osm:way:817962499,Sweet E's Cafe,,,FedEx Office,HI,,21.2861756,-157.8135694,Geofabrik OpenStreetMap GeoPackage extract,2026-08-14T20:21:03Z,open,ODbL; attribution and share-alike required,packet_ready,geofabrik_named_food_service
national-post-office-hi-fedex-office-d898801937,FedEx Office post-office-centered national sample candidate,national_post_office_sample_candidate,food_service,osm:node:11064049548,TEX 808,,,FedEx Office,HI,,21.2793765,-157.8262950,Geofabrik OpenStreetMap GeoPackage extract,2026-08-14T20:21:03Z,open,ODbL; attribution and share-alike required,packet_ready,geofabrik_named_food_service
national-post-office-hi-fedex-office-d898801937,FedEx Office post-office-centered national sample candidate,national_post_office_sample_candidate,food_service,osm:node:5039089521,TONKATSU TAMAFUJI KAPAHULU,,,FedEx Office,HI,,21.2750017,-157.8153438,Geofabrik OpenStreetMap GeoPackage extract,2026-08-14T20:21:03Z,open,ODbL; attribution and share-alike required,packet_ready,geofabrik_named_food_service
national-post-office-hi-fedex-office-d898801937,FedEx Office post-office-centered national sample candidate,national_post_office_sample_candidate,food_service,osm:node:3466188847,TR Fire Grill,,,FedEx Office,HI,,21.2786591,-157.8250095,Geofabrik OpenStreetMap GeoPackage extract,2026-08-14T20:21:03Z,open,ODbL; attribution and share-alike required,packet_ready,geofabrik_named_food_service
national-post-office-hi-fedex-office-d898801937,FedEx Office post-office-centered national sample candidate,national_post_office_sample_candidate,food_service,osm:node:9828508617,TRY Coffee,,,FedEx Office,HI,,21.2929235,-157.8529178,Geofabrik OpenStreetMap GeoPackage extract,2026-08-14T20:21:03Z,open,ODbL; attribution and share-alike required,packet_ready,geofabrik_named_food_service
national-post-office-hi-fedex-office-d898801937,FedEx Office post-office-centered national sample candidate,national_post_office_sample_candidate,food_service,osm:node:3740804340,Taco Bell,,,FedEx Office,HI,,21.2803531,-157.8139419,Geofabrik OpenStreetMap GeoPackage extract,2026-08-14T20:21:03Z,open,ODbL; attribution and share-alike required,packet_ready,geofabrik_named_food_service
national-post-office-hi-fedex-office-d898801937,FedEx Office post-office-centered national sample candidate,national_post_office_sample_candidate,food_service,osm:way:256684703,Taco Bell,,,FedEx Office,HI,,21.3241417,-157.8753201,Geofabrik OpenStreetMap GeoPackage extract,2026-08-14T20:21:03Z,open,ODbL; attribution and share-alike required,packet_ready,geofabrik_named_food_service
national-post-office-hi-fedex-office-d898801937,FedEx Office post-office-centered national sample candidate,national_post_office_sample_candidate,food_service,osm:way:325499237,Taco Bell,,,FedEx Office,HI,,21.3011412,-157.8427631,Geofabrik OpenStreetMap GeoPackage extract,2026-08-14T20:21:03Z,open,ODbL; attribution and share-alike required,packet_ready,geofabrik_named_food_service
national-post-office-hi-fedex-office-d898801937,FedEx Office post-office-centered national sample candidate,national_post_office_sample_candidate,food_service,osm:node:13375129102,Tacos Don Chema,,,FedEx Office,HI,,21.2861629,-157.8329776,Geofabrik OpenStreetMap GeoPackage extract,2026-08-14T20:21:03Z,open,ODbL; attribution and share-alike required,packet_ready,geofabrik_named_food_service
national-post-office-hi-fedex-office-d898801937,FedEx Office post-office-centered national sample candidate,national_post_office_sample_candidate,food_service,osm:node:12572326201,Tadka Indian Cuisine,,,FedEx Office,HI,,21.2900893,-157.8328649,Geofabrik OpenStreetMap GeoPackage extract,2026-08-14T20:21:03Z,open,ODbL; attribution and share-alike required,packet_ready,geofabrik_named_food_service
national-post-office-hi-fedex-office-d898801937,FedEx Office post-office-centered national sample candidate,national_post_office_sample_candidate,food_service,osm:node:12289370555,Tai Pan Dim Sum,,,FedEx Office,HI,,21.3145995,-157.8608238,Geofabrik OpenStreetMap GeoPackage extract,2026-08-14T20:21:03Z,open,ODbL; attribution and share-alike required,packet_ready,geofabrik_named_food_service
national-post-office-hi-fedex-office-d898801937,FedEx Office post-office-centered national sample candidate,national_post_office_sample_candidate,food_service,osm:node:7785885581,Tai Sei Ramen,,,FedEx Office,HI,,21.3048062,-157.8508672,Geofabrik OpenStreetMap GeoPackage extract,2026-08-14T20:21:03Z,open,ODbL; attribution and share-alike required,packet_ready,geofabrik_named_food_service
national-post-office-hi-fedex-office-d898801937,FedEx Office post-office-centered national sample candidate,national_post_office_sample_candidate,food_service,osm:node:10796520144,Takoyaki Yamachan,,,FedEx Office,HI,,21.2932073,-157.8387250,Geofabrik OpenStreetMap GeoPackage extract,2026-08-14T20:21:03Z,open,ODbL; attribution and share-alike required,packet_ready,geofabrik_named_food_service
national-post-office-hi-fedex-office-d898801937,FedEx Office post-office-centered national sample candidate,national_post_office_sample_candidate,food_service,osm:node:9347893463,Tanaka Ramen,,,FedEx Office,HI,,21.2918953,-157.8440804,Geofabrik OpenStreetMap GeoPackage extract,2026-08-14T20:21:03Z,open,ODbL; attribution and share-alike required,packet_ready,geofabrik_named_food_service
national-post-office-hi-fedex-office-d898801937,FedEx Office post-office-centered national sample candidate,national_post_office_sample_candidate,food_service,osm:node:2623238129,Tanaka Saimin,,,FedEx Office,HI,,21.3163549,-157.8744956,Geofabrik OpenStreetMap GeoPackage extract,2026-08-14T20:21:03Z,open,ODbL; attribution and share-alike required,packet_ready,geofabrik_named_food_service
national-post-office-hi-fedex-office-d898801937,FedEx Office post-office-centered national sample candidate,national_post_office_sample_candidate,food_service,osm:node:11253745013,Tanaka of Tokyo,,,FedEx Office,HI,,21.2906695,-157.8429449,Geofabrik OpenStreetMap GeoPackage extract,2026-08-14T20:21:03Z,open,ODbL; attribution and share-alike required,packet_ready,geofabrik_named_food_service
national-post-office-hi-fedex-office-d898801937,FedEx Office post-office-centered national sample candidate,national_post_office_sample_candidate,food_service,osm:node:5625841721,Tanaka of Tokyo,,,FedEx Office,HI,,21.2776803,-157.8249030,Geofabrik OpenStreetMap GeoPackage extract,2026-08-14T20:21:03Z,open,ODbL; attribution and share-alike required,packet_ready,geofabrik_named_food_service
national-post-office-hi-fedex-office-d898801937,FedEx Office post-office-centered national sample candidate,national_post_office_sample_candidate,food_service,osm:node:7016652485,Tane Vegan Izakaya,,,FedEx Office,HI,,21.2960824,-157.8283071,Geofabrik OpenStreetMap GeoPackage extract,2026-08-14T20:21:03Z,open,ODbL; attribution and share-alike required,packet_ready,geofabrik_named_food_service
national-post-office-hi-fedex-office-d898801937,FedEx Office post-office-centered national sample candidate,national_post_office_sample_candidate,food_service,osm:node:9382837992,Tango,,,FedEx Office,HI,,21.2928253,-157.8501756,Geofabrik OpenStreetMap GeoPackage extract,2026-08-14T20:21:03Z,open,ODbL; attribution and share-alike required,packet_ready,geofabrik_named_food_service
national-post-office-hi-fedex-office-d898801937,FedEx Office post-office-centered national sample candidate,national_post_office_sample_candidate,food_service,osm:node:6326769885,Taormina,,,FedEx Office,HI,,21.2793809,-157.8305004,Geofabrik OpenStreetMap GeoPackage extract,2026-08-14T20:21:03Z,open,ODbL; attribution and share-alike required,packet_ready,geofabrik_named_food_service
national-post-office-hi-fedex-office-d898801937,FedEx Office post-office-centered national sample candidate,national_post_office_sample_candidate,food_service,osm:node:4484930600,Tapas Restaurant & Lanai Bar,,,FedEx Office,HI,,21.2804248,-157.8267030,Geofabrik OpenStreetMap GeoPackage extract,2026-08-14T20:21:03Z,open,ODbL; attribution and share-alike required,packet_ready,geofabrik_named_food_service
national-post-office-hi-fedex-office-d898801937,FedEx Office post-office-centered national sample candidate,national_post_office_sample_candidate,food_service,osm:node:13375145303,Taste of Brasil,,,FedEx Office,HI,,21.2860818,-157.8329133,Geofabrik OpenStreetMap GeoPackage extract,2026-08-14T20:21:03Z,open,ODbL; attribution and share-alike required,packet_ready,geofabrik_named_food_service
national-post-office-hi-fedex-office-d898801937,FedEx Office post-office-centered national sample candidate,national_post_office_sample_candidate,food_service,osm:node:7477491785,Teapresso Bar,,,FedEx Office,HI,,21.2959650,-157.8409921,Geofabrik OpenStreetMap GeoPackage extract,2026-08-14T20:21:03Z,open,ODbL; attribution and share-alike required,packet_ready,geofabrik_named_food_service
national-post-office-hi-fedex-office-d898801937,FedEx Office post-office-centered national sample candidate,national_post_office_sample_candidate,food_service,osm:node:9669197539,Teapresso Bar,,,FedEx Office,HI,,21.2942144,-157.8467068,Geofabrik OpenStreetMap GeoPackage extract,2026-08-14T20:21:03Z,open,ODbL; attribution and share-alike required,packet_ready,geofabrik_named_food_service
national-post-office-hi-fedex-office-d898801937,FedEx Office post-office-centered national sample candidate,national_post_office_sample_candidate,food_service,osm:node:2933632504,Teddy's Bigger Burgers,,,FedEx Office,HI,,21.2919489,-157.8386200,Geofabrik OpenStreetMap GeoPackage extract,2026-08-14T20:21:03Z,open,ODbL; attribution and share-alike required,packet_ready,geofabrik_named_food_service
national-post-office-hi-fedex-office-d898801937,FedEx Office post-office-centered national sample candidate,national_post_office_sample_candidate,food_service,osm:node:4395614489,Teddy's Bigger Burgers,,,FedEx Office,HI,,21.2717588,-157.8218110,Geofabrik OpenStreetMap GeoPackage extract,2026-08-14T20:21:03Z,open,ODbL; attribution and share-alike required,packet_ready,geofabrik_named_food_service
national-post-office-hi-fedex-office-d898801937,FedEx Office post-office-centered national sample candidate,national_post_office_sample_candidate,food_service,osm:node:9362823941,Teddy's Bigger Burgers,,,FedEx Office,HI,,21.2946674,-157.8243337,Geofabrik OpenStreetMap GeoPackage extract,2026-08-14T20:21:03Z,open,ODbL; attribution and share-alike required,packet_ready,geofabrik_named_food_service
national-post-office-hi-fedex-office-d898801937,FedEx Office post-office-centered national sample candidate,national_post_office_sample_candidate,food_service,osm:node:9288999796,Teishoku,,,FedEx Office,HI,,21.3367591,-157.8683876,Geofabrik OpenStreetMap GeoPackage extract,2026-08-14T20:21:03Z,open,ODbL; attribution and share-alike required,packet_ready,geofabrik_named_food_service
national-post-office-hi-fedex-office-d898801937,FedEx Office post-office-centered national sample candidate,national_post_office_sample_candidate,food_service,osm:node:11374607312,Teppayaki Farmer,,,FedEx Office,HI,,21.2906934,-157.8419557,Geofabrik OpenStreetMap GeoPackage extract,2026-08-14T20:21:03Z,open,ODbL; attribution and share-alike required,packet_ready,geofabrik_named_food_service
national-post-office-hi-fedex-office-d898801937,FedEx Office post-office-centered national sample candidate,national_post_office_sample_candidate,food_service,osm:way:290792681,Terry's Place,,,FedEx Office,HI,,21.3118433,-157.8617204,Geofabrik OpenStreetMap GeoPackage extract,2026-08-14T20:21:03Z,open,ODbL; attribution and share-alike required,packet_ready,geofabrik_named_food_service
national-post-office-hi-fedex-office-d898801937,FedEx Office post-office-centered national sample candidate,national_post_office_sample_candidate,food_service,osm:node:11106581520,Thai Issan Cuisine,,,FedEx Office,HI,,21.2879663,-157.8143263,Geofabrik OpenStreetMap GeoPackage extract,2026-08-14T20:21:03Z,open,ODbL; attribution and share-alike required,packet_ready,geofabrik_named_food_service
national-post-office-hi-fedex-office-d898801937,FedEx Office post-office-centered national sample candidate,national_post_office_sample_candidate,food_service,osm:way:1357574529,Thai Issan Cuisine II,,,FedEx Office,HI,,21.2939812,-157.8258708,Geofabrik OpenStreetMap GeoPackage extract,2026-08-14T20:21:03Z,open,ODbL; attribution and share-alike required,packet_ready,geofabrik_named_food_service
national-post-office-hi-fedex-office-d898801937,FedEx Office post-office-centered national sample candidate,national_post_office_sample_candidate,food_service,osm:way:1456869819,Thai Tacos,,,FedEx Office,HI,,21.2761562,-157.8228617,Geofabrik OpenStreetMap GeoPackage extract,2026-08-14T20:21:03Z,open,ODbL; attribution and share-alike required,packet_ready,geofabrik_named_food_service
national-post-office-hi-fedex-office-d898801937,FedEx Office post-office-centered national sample candidate,national_post_office_sample_candidate,food_service,osm:node:10796520147,Thai Taste,,,FedEx Office,HI,,21.2932297,-157.8388494,Geofabrik OpenStreetMap GeoPackage extract,2026-08-14T20:21:03Z,open,ODbL; attribution and share-alike required,packet_ready,geofabrik_named_food_service
national-post-office-hi-fedex-office-d898801937,FedEx Office post-office-centered national sample candidate,national_post_office_sample_candidate,food_service,osm:node:7530633539,Thai Village,,,FedEx Office,HI,,21.3217306,-157.8760896,Geofabrik OpenStreetMap GeoPackage extract,2026-08-14T20:21:03Z,open,ODbL; attribution and share-alike required,packet_ready,geofabrik_named_food_service
national-post-office-hi-fedex-office-d898801937,FedEx Office post-office-centered national sample candidate,national_post_office_sample_candidate,food_service,osm:way:439694672,Thailand Cafe,,,FedEx Office,HI,,21.3210365,-157.8610256,Geofabrik OpenStreetMap GeoPackage extract,2026-08-14T20:21:03Z,open,ODbL; attribution and share-alike required,packet_ready,geofabrik_named_food_service
national-post-office-hi-fedex-office-d898801937,FedEx Office post-office-centered national sample candidate,national_post_office_sample_candidate,food_service,osm:node:7530633537,Thang’s French Coffee & Boba Tea,,,FedEx Office,HI,,21.3217956,-157.8758251,Geofabrik OpenStreetMap GeoPackage extract,2026-08-14T20:21:03Z,open,ODbL; attribution and share-alike required,packet_ready,geofabrik_named_food_service
national-post-office-hi-fedex-office-d898801937,FedEx Office post-office-centered national sample candidate,national_post_office_sample_candidate,food_service,osm:node:10762932058,The Alley,,,FedEx Office,HI,,21.2924235,-157.8455507,Geofabrik OpenStreetMap GeoPackage extract,2026-08-14T20:21:03Z,open,ODbL; attribution and share-alike required,packet_ready,geofabrik_named_food_service
national-post-office-hi-fedex-office-d898801937,FedEx Office post-office-centered national sample candidate,national_post_office_sample_candidate,food_service,osm:node:11147395930,The Boiling Crab,,,FedEx Office,HI,,21.2979757,-157.8610614,Geofabrik OpenStreetMap GeoPackage extract,2026-08-14T20:21:03Z,open,ODbL; attribution and share-alike required,packet_ready,geofabrik_named_food_service
national-post-office-hi-fedex-office-d898801937,FedEx Office post-office-centered national sample candidate,national_post_office_sample_candidate,food_service,osm:node:4212295415,The Cheesecake Factory,,,FedEx Office,HI,,21.2776805,-157.8275662,Geofabrik OpenStreetMap GeoPackage extract,2026-08-14T20:21:03Z,open,ODbL; attribution and share-alike required,packet_ready,geofabrik_named_food_service
national-post-office-hi-fedex-office-d898801937,FedEx Office post-office-centered national sample candidate,national_post_office_sample_candidate,food_service,osm:node:14023911398,The Coffee Bean & Tea Leaf,,,FedEx Office,HI,,21.2930598,-157.8506579,Geofabrik OpenStreetMap GeoPackage extract,2026-08-14T20:21:03Z,open,ODbL; attribution and share-alike required,packet_ready,geofabrik_named_food_service
national-post-office-hi-fedex-office-d898801937,FedEx Office post-office-centered national sample candidate,national_post_office_sample_candidate,food_service,osm:node:2933632405,The Coffee Bean & Tea Leaf,,,FedEx Office,HI,,21.2918299,-157.8386715,Geofabrik OpenStreetMap GeoPackage extract,2026-08-14T20:21:03Z,open,ODbL; attribution and share-alike required,packet_ready,geofabrik_named_food_service
national-post-office-hi-fedex-office-d898801937,FedEx Office post-office-centered national sample candidate,national_post_office_sample_candidate,food_service,osm:node:4198263792,The Coffee Bean & Tea Leaf,,,FedEx Office,HI,,21.2901826,-157.8439032,Geofabrik OpenStreetMap GeoPackage extract,2026-08-14T20:21:03Z,open,ODbL; attribution and share-alike required,packet_ready,geofabrik_named_food_service
national-post-office-hi-fedex-office-d898801937,FedEx Office post-office-centered national sample candidate,national_post_office_sample_candidate,food_service,osm:node:5875360799,The Coffee Bean & Tea Leaf,,,FedEx Office,HI,,21.2881372,-157.8140630,Geofabrik OpenStreetMap GeoPackage extract,2026-08-14T20:21:03Z,open,ODbL; attribution and share-alike required,packet_ready,geofabrik_named_food_service
national-post-office-hi-fedex-office-d898801937,FedEx Office post-office-centered national sample candidate,national_post_office_sample_candidate,food_service,osm:way:1314723510,The Dotted Line,,,FedEx Office,HI,,21.3095393,-157.8598100,Geofabrik OpenStreetMap GeoPackage extract,2026-08-14T20:21:03Z,open,ODbL; attribution and share-alike required,packet_ready,geofabrik_named_food_service
national-post-office-hi-fedex-office-d898801937,FedEx Office post-office-centered national sample candidate,national_post_office_sample_candidate,food_service,osm:node:4368514724,The Hub,,,FedEx Office,HI,,21.3213615,-157.8702793,Geofabrik OpenStreetMap GeoPackage extract,2026-08-14T20:21:03Z,open,ODbL; attribution and share-alike required,packet_ready,geofabrik_named_food_service
national-post-office-hi-fedex-office-d898801937,FedEx Office post-office-centered national sample candidate,national_post_office_sample_candidate,food_service,osm:node:6377287053,The Old Spaghetti Factory,,,FedEx Office,HI,,21.3071415,-157.8652360,Geofabrik OpenStreetMap GeoPackage extract,2026-08-14T20:21:03Z,open,ODbL; attribution and share-alike required,packet_ready,geofabrik_named_food_service
national-post-office-hi-fedex-office-d898801937,FedEx Office post-office-centered national sample candidate,national_post_office_sample_candidate,food_service,osm:node:4338096694,The Original KC Waffle Dog,,,FedEx Office,HI,,21.2760449,-157.8144271,Geofabrik OpenStreetMap GeoPackage extract,2026-08-14T20:21:03Z,open,ODbL; attribution and share-alike required,packet_ready,geofabrik_named_food_service
national-post-office-hi-fedex-office-d898801937,FedEx Office post-office-centered national sample candidate,national_post_office_sample_candidate,food_service,osm:node:4427541143,The People's Cafe,,,FedEx Office,HI,,21.3123638,-157.8575540,Geofabrik OpenStreetMap GeoPackage extract,2026-08-14T20:21:03Z,open,ODbL; attribution and share-alike required,packet_ready,geofabrik_named_food_service
national-post-office-hi-fedex-office-d898801937,FedEx Office post-office-centered national sample candidate,national_post_office_sample_candidate,food_service,osm:node:4679526812,The Pig & the Lady,,,FedEx Office,HI,,21.3114501,-157.8635590,Geofabrik OpenStreetMap GeoPackage extract,2026-08-14T20:21:03Z,open,ODbL; attribution and share-alike required,packet_ready,geofabrik_named_food_service
national-post-office-hi-fedex-office-d898801937,FedEx Office post-office-centered national sample candidate,national_post_office_sample_candidate,food_service,osm:node:13375125601,The Rice Man Hawaii,,,FedEx Office,HI,,21.2862914,-157.8328968,Geofabrik OpenStreetMap GeoPackage extract,2026-08-14T20:21:03Z,open,ODbL; attribution and share-alike required,packet_ready,geofabrik_named_food_service
national-post-office-hi-fedex-office-d898801937,FedEx Office post-office-centered national sample candidate,national_post_office_sample_candidate,food_service,osm:node:13294084690,The Sunrise Shack,,,FedEx Office,HI,,21.2772218,-157.8272927,Geofabrik OpenStreetMap GeoPackage extract,2026-08-14T20:21:03Z,open,ODbL; attribution and share-alike required,packet_ready,geofabrik_named_food_service
national-post-office-hi-fedex-office-d898801937,FedEx Office post-office-centered national sample candidate,national_post_office_sample_candidate,food_service,osm:node:13294287752,The Sunrise Shack,,,FedEx Office,HI,,21.2904132,-157.8437659,Geofabrik OpenStreetMap GeoPackage extract,2026-08-14T20:21:03Z,open,ODbL; attribution and share-alike required,packet_ready,geofabrik_named_food_service
national-post-office-hi-fedex-office-d898801937,FedEx Office post-office-centered national sample candidate,national_post_office_sample_candidate,food_service,osm:node:13294465821,The Sunrise Shack,,,FedEx Office,HI,,21.2721874,-157.8229534,Geofabrik OpenStreetMap GeoPackage extract,2026-08-14T20:21:03Z,open,ODbL; attribution and share-alike required,packet_ready,geofabrik_named_food_service
national-post-office-hi-fedex-office-d898801937,FedEx Office post-office-centered national sample candidate,national_post_office_sample_candidate,food_service,osm:node:6440844086,The Veranda at the Beachouse,,,FedEx Office,HI,,21.2764375,-157.8266130,Geofabrik OpenStreetMap GeoPackage extract,2026-08-14T20:21:03Z,open,ODbL; attribution and share-alike required,packet_ready,geofabrik_named_food_service
national-post-office-hi-fedex-office-d898801937,FedEx Office post-office-centered national sample candidate,national_post_office_sample_candidate,food_service,osm:way:448806952,The Willows,,,FedEx Office,HI,,21.2909235,-157.8241499,Geofabrik OpenStreetMap GeoPackage extract,2026-08-14T20:21:03Z,open,ODbL; attribution and share-alike required,packet_ready,geofabrik_named_food_service
national-post-office-hi-fedex-office-d898801937,FedEx Office post-office-centered national sample candidate,national_post_office_sample_candidate,food_service,osm:node:11253745012,Tiger Sugar,,,FedEx Office,HI,,21.2918714,-157.8427828,Geofabrik OpenStreetMap GeoPackage extract,2026-08-14T20:21:03Z,open,ODbL; attribution and share-alike required,packet_ready,geofabrik_named_food_service
national-post-office-hi-fedex-office-d898801937,FedEx Office post-office-centered national sample candidate,national_post_office_sample_candidate,food_service,osm:node:9288999801,Tiger Sugar,,,FedEx Office,HI,,21.3140191,-157.8579640,Geofabrik OpenStreetMap GeoPackage extract,2026-08-14T20:21:03Z,open,ODbL; attribution and share-alike required,packet_ready,geofabrik_named_food_service
national-post-office-hi-fedex-office-d898801937,FedEx Office post-office-centered national sample candidate,national_post_office_sample_candidate,food_service,osm:node:4666917790,Tiki's Grill & Bar,,,FedEx Office,HI,,21.2722354,-157.8230022,Geofabrik OpenStreetMap GeoPackage extract,2026-08-14T20:21:03Z,open,ODbL; attribution and share-alike required,packet_ready,geofabrik_named_food_service
national-post-office-hi-fedex-office-d898801937,FedEx Office post-office-centered national sample candidate,national_post_office_sample_candidate,food_service,osm:node:13419270823,Tim Ho Wan,,,FedEx Office,HI,,21.2791210,-157.8296160,Geofabrik OpenStreetMap GeoPackage extract,2026-08-14T20:21:03Z,open,ODbL; attribution and share-alike required,packet_ready,geofabrik_named_food_service
national-post-office-hi-fedex-office-d898801937,FedEx Office post-office-centered national sample candidate,national_post_office_sample_candidate,food_service,osm:node:11406868381,Tiny Pyramid,,,FedEx Office,HI,,21.3148401,-157.8693368,Geofabrik OpenStreetMap GeoPackage extract,2026-08-14T20:21:03Z,open,ODbL; attribution and share-alike required,packet_ready,geofabrik_named_food_service
national-post-office-hi-fedex-office-d898801937,FedEx Office post-office-centered national sample candidate,national_post_office_sample_candidate,food_service,osm:node:8298828100,Tommy Bahamas Restaurant and Bar,,,FedEx Office,HI,,21.2811161,-157.8307366,Geofabrik OpenStreetMap GeoPackage extract,2026-08-14T20:21:03Z,open,ODbL; attribution and share-alike required,packet_ready,geofabrik_named_food_service
national-post-office-hi-fedex-office-d898801937,FedEx Office post-office-centered national sample candidate,national_post_office_sample_candidate,food_service,osm:node:14023935435,Tonkatsu Kuro,,,FedEx Office,HI,,21.2953175,-157.8538533,Geofabrik OpenStreetMap GeoPackage extract,2026-08-14T20:21:03Z,open,ODbL; attribution and share-alike required,packet_ready,geofabrik_named_food_service
national-post-office-hi-fedex-office-d898801937,FedEx Office post-office-centered national sample candidate,national_post_office_sample_candidate,food_service,osm:node:7645438021,Top Tea + Espresso,,,FedEx Office,HI,,21.3201605,-157.8613830,Geofabrik OpenStreetMap GeoPackage extract,2026-08-14T20:21:03Z,open,ODbL; attribution and share-alike required,packet_ready,geofabrik_named_food_service
national-post-office-hi-fedex-office-d898801937,FedEx Office post-office-centered national sample candidate,national_post_office_sample_candidate,food_service,osm:node:10585938653,Topped Waikiki,,,FedEx Office,HI,,21.2799774,-157.8284434,Geofabrik OpenStreetMap GeoPackage extract,2026-08-14T20:21:03Z,open,ODbL; attribution and share-alike required,packet_ready,geofabrik_named_food_service
national-post-office-hi-fedex-office-d898801937,FedEx Office post-office-centered national sample candidate,national_post_office_sample_candidate,food_service,osm:way:1357574517,Tori Ton,,,FedEx Office,HI,,21.2935383,-157.8259282,Geofabrik OpenStreetMap GeoPackage extract,2026-08-14T20:21:03Z,open,ODbL; attribution and share-alike required,packet_ready,geofabrik_named_food_service
national-post-office-hi-fedex-office-d898801937,FedEx Office post-office-centered national sample candidate,national_post_office_sample_candidate,food_service,osm:node:4198265290,Tropical Tribe,,,FedEx Office,HI,,21.2854706,-157.8383852,Geofabrik OpenStreetMap GeoPackage extract,2026-08-14T20:21:03Z,open,ODbL; attribution and share-alike required,packet_ready,geofabrik_named_food_service
national-post-office-hi-fedex-office-d898801937,FedEx Office post-office-centered national sample candidate,national_post_office_sample_candidate,food_service,osm:node:10174735272,Tropics Bar & Grill,,,FedEx Office,HI,,21.2816457,-157.8375260,Geofabrik OpenStreetMap GeoPackage extract,2026-08-14T20:21:03Z,open,ODbL; attribution and share-alike required,packet_ready,geofabrik_named_food_service
national-post-office-hi-fedex-office-d898801937,FedEx Office post-office-centered national sample candidate,national_post_office_sample_candidate,food_service,osm:node:13375107801,Trydis,,,FedEx Office,HI,,21.2863300,-157.8328320,Geofabrik OpenStreetMap GeoPackage extract,2026-08-14T20:21:03Z,open,ODbL; attribution and share-alike required,packet_ready,geofabrik_named_food_service
national-post-office-hi-fedex-office-d898801937,FedEx Office post-office-centered national sample candidate,national_post_office_sample_candidate,food_service,osm:node:13368838401,TsuruTonTan,,,FedEx Office,HI,,21.2787210,-157.8294248,Geofabrik OpenStreetMap GeoPackage extract,2026-08-14T20:21:03Z,open,ODbL; attribution and share-alike required,packet_ready,geofabrik_named_food_service
national-post-office-hi-fedex-office-d898801937,FedEx Office post-office-centered national sample candidate,national_post_office_sample_candidate,food_service,osm:node:10195531968,Tucker & Bevvy,,,FedEx Office,HI,,21.2762048,-157.8253498,Geofabrik OpenStreetMap GeoPackage extract,2026-08-14T20:21:03Z,open,ODbL; attribution and share-alike required,packet_ready,geofabrik_named_food_service
national-post-office-hi-fedex-office-d898801937,FedEx Office post-office-centered national sample candidate,national_post_office_sample_candidate,food_service,osm:node:5369118021,Tucker & Bevvy Picnic food,,,FedEx Office,HI,,21.2715756,-157.8226652,Geofabrik OpenStreetMap GeoPackage extract,2026-08-14T20:21:03Z,open,ODbL; attribution and share-alike required,packet_ready,geofabrik_named_food_service
national-post-office-hi-fedex-office-d898801937,FedEx Office post-office-centered national sample candidate,national_post_office_sample_candidate,food_service,osm:node:9848949869,U-Choice In,,,FedEx Office,HI,,21.2933127,-157.8391279,Geofabrik OpenStreetMap GeoPackage extract,2026-08-14T20:21:03Z,open,ODbL; attribution and share-alike required,packet_ready,geofabrik_named_food_service
national-post-office-hi-fedex-office-d898801937,FedEx Office post-office-centered national sample candidate,national_post_office_sample_candidate,food_service,osm:node:5519354566,Uncle Bo's,,,FedEx Office,HI,,21.2776966,-157.8138998,Geofabrik OpenStreetMap GeoPackage extract,2026-08-14T20:21:03Z,open,ODbL; attribution and share-alike required,packet_ready,geofabrik_named_food_service
national-post-office-hi-fedex-office-d898801937,FedEx Office post-office-centered national sample candidate,national_post_office_sample_candidate,food_service,osm:node:5010476325,Up Roll Café Honolulu,,,FedEx Office,HI,,21.3006834,-157.8589895,Geofabrik OpenStreetMap GeoPackage extract,2026-08-14T20:21:03Z,open,ODbL; attribution and share-alike required,packet_ready,geofabrik_named_food_service
national-post-office-hi-fedex-office-d898801937,FedEx Office post-office-centered national sample candidate,national_post_office_sample_candidate,food_service,osm:node:7536115938,Utage Restaurant & Lounge,,,FedEx Office,HI,,21.3217096,-157.8761855,Geofabrik OpenStreetMap GeoPackage extract,2026-08-14T20:21:03Z,open,ODbL; attribution and share-alike required,packet_ready,geofabrik_named_food_service
national-post-office-hi-fedex-office-d898801937,FedEx Office post-office-centered national sample candidate,national_post_office_sample_candidate,food_service,osm:node:13375134602,Viet808,,,FedEx Office,HI,,21.2862308,-157.8327266,Geofabrik OpenStreetMap GeoPackage extract,2026-08-14T20:21:03Z,open,ODbL; attribution and share-alike required,packet_ready,geofabrik_named_food_service
national-post-office-hi-fedex-office-d898801937,FedEx Office post-office-centered national sample candidate,national_post_office_sample_candidate,food_service,osm:node:10796520146,Wagyukushi,,,FedEx Office,HI,,21.2932230,-157.8388095,Geofabrik OpenStreetMap GeoPackage extract,2026-08-14T20:21:03Z,open,ODbL; attribution and share-alike required,packet_ready,geofabrik_named_food_service
national-post-office-hi-fedex-office-d898801937,FedEx Office post-office-centered national sample candidate,national_post_office_sample_candidate,food_service,osm:node:2671349386,Waikiki Beachside Bistro,,,FedEx Office,HI,,21.2757993,-157.8258991,Geofabrik OpenStreetMap GeoPackage extract,2026-08-14T20:21:03Z,open,ODbL; attribution and share-alike required,packet_ready,geofabrik_named_food_service
national-post-office-hi-fedex-office-d898801937,FedEx Office post-office-centered national sample candidate,national_post_office_sample_candidate,food_service,osm:node:11067716182,Waikiki Gangnam Style,,,FedEx Office,HI,,21.2847949,-157.8370064,Geofabrik OpenStreetMap GeoPackage extract,2026-08-14T20:21:03Z,open,ODbL; attribution and share-alike required,packet_ready,geofabrik_named_food_service
national-post-office-hi-fedex-office-d898801937,FedEx Office post-office-centered national sample candidate,national_post_office_sample_candidate,food_service,osm:node:11818339769,Waikiki Shokudo,,,FedEx Office,HI,,21.2805377,-157.8278334,Geofabrik OpenStreetMap GeoPackage extract,2026-08-14T20:21:03Z,open,ODbL; attribution and share-alike required,packet_ready,geofabrik_named_food_service
national-post-office-hi-fedex-office-d898801937,FedEx Office post-office-centered national sample candidate,national_post_office_sample_candidate,food_service,osm:node:13375134601,Walking Tacos,,,FedEx Office,HI,,21.2862124,-157.8327714,Geofabrik OpenStreetMap GeoPackage extract,2026-08-14T20:21:03Z,open,ODbL; attribution and share-alike required,packet_ready,geofabrik_named_food_service
national-post-office-hi-fedex-office-d898801937,FedEx Office post-office-centered national sample candidate,national_post_office_sample_candidate,food_service,osm:node:4175109984,Water Drop Vegetarian House,,,FedEx Office,HI,,21.3068125,-157.8619700,Geofabrik OpenStreetMap GeoPackage extract,2026-08-14T20:21:03Z,open,ODbL; attribution and share-alike required,packet_ready,geofabrik_named_food_service
national-post-office-hi-fedex-office-d898801937,FedEx Office post-office-centered national sample candidate,national_post_office_sample_candidate,food_service,osm:way:256686995,Wendy's,,,FedEx Office,HI,,21.3363960,-157.9017035,Geofabrik OpenStreetMap GeoPackage extract,2026-08-14T20:21:03Z,open,ODbL; attribution and share-alike required,packet_ready,geofabrik_named_food_service
national-post-office-hi-fedex-office-d898801937,FedEx Office post-office-centered national sample candidate,national_post_office_sample_candidate,food_service,osm:node:14023935437,Westman Cafe,,,FedEx Office,HI,,21.2952369,-157.8545795,Geofabrik OpenStreetMap GeoPackage extract,2026-08-14T20:21:03Z,open,ODbL; attribution and share-alike required,packet_ready,geofabrik_named_food_service
national-post-office-hi-fedex-office-d898801937,FedEx Office post-office-centered national sample candidate,national_post_office_sample_candidate,food_service,osm:node:11115660160,Win Spuntino,,,FedEx Office,HI,,21.2879601,-157.8143101,Geofabrik OpenStreetMap GeoPackage extract,2026-08-14T20:21:03Z,open,ODbL; attribution and share-alike required,packet_ready,geofabrik_named_food_service
national-post-office-hi-fedex-office-d898801937,FedEx Office post-office-centered national sample candidate,national_post_office_sample_candidate,food_service,osm:node:5116932428,Wolfgang Puck Express,,,FedEx Office,HI,,21.2723464,-157.8228770,Geofabrik OpenStreetMap GeoPackage extract,2026-08-14T20:21:03Z,open,ODbL; attribution and share-alike required,packet_ready,geofabrik_named_food_service
national-post-office-hi-fedex-office-d898801937,FedEx Office post-office-centered national sample candidate,national_post_office_sample_candidate,food_service,osm:node:5804168153,Wolfgang's Steakhouse,,,FedEx Office,HI,,21.2783261,-157.8284086,Geofabrik OpenStreetMap GeoPackage extract,2026-08-14T20:21:03Z,open,ODbL; attribution and share-alike required,packet_ready,geofabrik_named_food_service
national-post-office-hi-fedex-office-d898801937,FedEx Office post-office-centered national sample candidate,national_post_office_sample_candidate,food_service,osm:node:8178109727,Won Kee Sea Food,,,FedEx Office,HI,,21.3140215,-157.8615417,Geofabrik OpenStreetMap GeoPackage extract,2026-08-14T20:21:03Z,open,ODbL; attribution and share-alike required,packet_ready,geofabrik_named_food_service
national-post-office-hi-fedex-office-d898801937,FedEx Office post-office-centered national sample candidate,national_post_office_sample_candidate,food_service,osm:node:13370765691,YA!!SUSHI,,,FedEx Office,HI,,21.2837458,-157.8320755,Geofabrik OpenStreetMap GeoPackage extract,2026-08-14T20:21:03Z,open,ODbL; attribution and share-alike required,packet_ready,geofabrik_named_food_service
national-post-office-hi-fedex-office-d898801937,FedEx Office post-office-centered national sample candidate,national_post_office_sample_candidate,food_service,osm:node:11374607782,YYK Dim Sum,,,FedEx Office,HI,,21.2906181,-157.8418854,Geofabrik OpenStreetMap GeoPackage extract,2026-08-14T20:21:03Z,open,ODbL; attribution and share-alike required,packet_ready,geofabrik_named_food_service
national-post-office-hi-fedex-office-d898801937,FedEx Office post-office-centered national sample candidate,national_post_office_sample_candidate,food_service,osm:way:488208986,Yajima-Ya,,,FedEx Office,HI,,21.2985142,-157.8410909,Geofabrik OpenStreetMap GeoPackage extract,2026-08-14T20:21:03Z,open,ODbL; attribution and share-alike required,packet_ready,geofabrik_named_food_service
national-post-office-hi-fedex-office-d898801937,FedEx Office post-office-centered national sample candidate,national_post_office_sample_candidate,food_service,osm:node:11241023240,Yaki Yaki Miwa,,,FedEx Office,HI,,21.2981446,-157.8396692,Geofabrik OpenStreetMap GeoPackage extract,2026-08-14T20:21:03Z,open,ODbL; attribution and share-alike required,packet_ready,geofabrik_named_food_service
national-post-office-hi-fedex-office-d898801937,FedEx Office post-office-centered national sample candidate,national_post_office_sample_candidate,food_service,osm:node:1739899072,Yakiniku Seoul Korean Restaurant,,,FedEx Office,HI,,21.2970979,-157.8372340,Geofabrik OpenStreetMap GeoPackage extract,2026-08-14T20:21:03Z,open,ODbL; attribution and share-alike required,packet_ready,geofabrik_named_food_service
national-post-office-hi-fedex-office-d898801937,FedEx Office post-office-centered national sample candidate,national_post_office_sample_candidate,food_service,osm:way:1198799238,Yama's Fish Market,,,FedEx Office,HI,,21.2944939,-157.8255274,Geofabrik OpenStreetMap GeoPackage extract,2026-08-14T20:21:03Z,open,ODbL; attribution and share-alike required,packet_ready,geofabrik_named_food_service
national-post-office-hi-fedex-office-d898801937,FedEx Office post-office-centered national sample candidate,national_post_office_sample_candidate,food_service,osm:way:1357138538,Yamagen Restaurant,,,FedEx Office,HI,,21.2940671,-157.8273229,Geofabrik OpenStreetMap GeoPackage extract,2026-08-14T20:21:03Z,open,ODbL; attribution and share-alike required,packet_ready,geofabrik_named_food_service
national-post-office-hi-fedex-office-d898801937,FedEx Office post-office-centered national sample candidate,national_post_office_sample_candidate,food_service,osm:node:7241119285,Yama’s Fish Market,,,FedEx Office,HI,,21.2945001,-157.8254949,Geofabrik OpenStreetMap GeoPackage extract,2026-08-14T20:21:03Z,open,ODbL; attribution and share-alike required,packet_ready,geofabrik_named_food_service
national-post-office-hi-fedex-office-d898801937,FedEx Office post-office-centered national sample candidate,national_post_office_sample_candidate,food_service,osm:node:11624420002,Yanagi Sushi,,,FedEx Office,HI,,21.3008844,-157.8540552,Geofabrik OpenStreetMap GeoPackage extract,2026-08-14T20:21:03Z,open,ODbL; attribution and share-alike required,packet_ready,geofabrik_named_food_service
national-post-office-hi-fedex-office-d898801937,FedEx Office post-office-centered national sample candidate,national_post_office_sample_candidate,food_service,osm:node:6395685329,Yard House,,,FedEx Office,HI,,21.2789570,-157.8313780,Geofabrik OpenStreetMap GeoPackage extract,2026-08-14T20:21:03Z,open,ODbL; attribution and share-alike required,packet_ready,geofabrik_named_food_service
national-post-office-hi-fedex-office-d898801937,FedEx Office post-office-centered national sample candidate,national_post_office_sample_candidate,food_service,osm:node:8178109726,Yee Hong Pavilion,,,FedEx Office,HI,,21.3135792,-157.8611500,Geofabrik OpenStreetMap GeoPackage extract,2026-08-14T20:21:03Z,open,ODbL; attribution and share-alike required,packet_ready,geofabrik_named_food_service
national-post-office-hi-fedex-office-d898801937,FedEx Office post-office-centered national sample candidate,national_post_office_sample_candidate,food_service,osm:node:9884038310,Yi Xin Cafe,,,FedEx Office,HI,,21.2881865,-157.8151847,Geofabrik OpenStreetMap GeoPackage extract,2026-08-14T20:21:03Z,open,ODbL; attribution and share-alike required,packet_ready,geofabrik_named_food_service
national-post-office-hi-fedex-office-d898801937,FedEx Office post-office-centered national sample candidate,national_post_office_sample_candidate,food_service,osm:node:10096019569,Ying's Thai Cuisine,,,FedEx Office,HI,,21.2728380,-157.8214086,Geofabrik OpenStreetMap GeoPackage extract,2026-08-14T20:21:03Z,open,ODbL; attribution and share-alike required,packet_ready,geofabrik_named_food_service
national-post-office-hi-fedex-office-d898801937,FedEx Office post-office-centered national sample candidate,national_post_office_sample_candidate,food_service,osm:node:5219154221,Yogurstory,,,FedEx Office,HI,,21.2957639,-157.8409329,Geofabrik OpenStreetMap GeoPackage extract,2026-08-14T20:21:03Z,open,ODbL; attribution and share-alike required,packet_ready,geofabrik_named_food_service
national-post-office-hi-fedex-office-d898801937,FedEx Office post-office-centered national sample candidate,national_post_office_sample_candidate,food_service,osm:node:5673790955,Yohei Sushi,,,FedEx Office,HI,,21.3212993,-157.8734330,Geofabrik OpenStreetMap GeoPackage extract,2026-08-14T20:21:03Z,open,ODbL; attribution and share-alike required,packet_ready,geofabrik_named_food_service
national-post-office-hi-fedex-office-d898801937,FedEx Office post-office-centered national sample candidate,national_post_office_sample_candidate,food_service,osm:node:11060928290,Yomie's Rice x Yogurt,,,FedEx Office,HI,,21.2903591,-157.8442124,Geofabrik OpenStreetMap GeoPackage extract,2026-08-14T20:21:03Z,open,ODbL; attribution and share-alike required,packet_ready,geofabrik_named_food_service
national-post-office-hi-fedex-office-d898801937,FedEx Office post-office-centered national sample candidate,national_post_office_sample_candidate,food_service,osm:node:13197118298,Yoshitsune,,,FedEx Office,HI,,21.2719500,-157.8222981,Geofabrik OpenStreetMap GeoPackage extract,2026-08-14T20:21:03Z,open,ODbL; attribution and share-alike required,packet_ready,geofabrik_named_food_service
national-post-office-hi-fedex-office-d898801937,FedEx Office post-office-centered national sample candidate,national_post_office_sample_candidate,food_service,osm:node:5668046017,Young's Lunchwagon,,,FedEx Office,HI,,21.3022597,-157.8425480,Geofabrik OpenStreetMap GeoPackage extract,2026-08-14T20:21:03Z,open,ODbL; attribution and share-alike required,packet_ready,geofabrik_named_food_service
national-post-office-hi-fedex-office-d898801937,FedEx Office post-office-centered national sample candidate,national_post_office_sample_candidate,food_service,osm:node:11060928256,Yummy Korean BBQ,,,FedEx Office,HI,,21.2906174,-157.8442139,Geofabrik OpenStreetMap GeoPackage extract,2026-08-14T20:21:03Z,open,ODbL; attribution and share-alike required,packet_ready,geofabrik_named_food_service
national-post-office-hi-fedex-office-d898801937,FedEx Office post-office-centered national sample candidate,national_post_office_sample_candidate,food_service,osm:node:3466188851,Yummy's Korean BBQ,,,FedEx Office,HI,,21.2796205,-157.8259207,Geofabrik OpenStreetMap GeoPackage extract,2026-08-14T20:21:03Z,open,ODbL; attribution and share-alike required,packet_ready,geofabrik_named_food_service
national-post-office-hi-fedex-office-d898801937,FedEx Office post-office-centered national sample candidate,national_post_office_sample_candidate,food_service,osm:node:9347799974,Yung Yee Kee Dim Sum,,,FedEx Office,HI,,21.2933674,-157.8436079,Geofabrik OpenStreetMap GeoPackage extract,2026-08-14T20:21:03Z,open,ODbL; attribution and share-alike required,packet_ready,geofabrik_named_food_service
national-post-office-hi-fedex-office-d898801937,FedEx Office post-office-centered national sample candidate,national_post_office_sample_candidate,food_service,osm:node:11061050675,Zagu,,,FedEx Office,HI,,21.2904856,-157.8438466,Geofabrik OpenStreetMap GeoPackage extract,2026-08-14T20:21:03Z,open,ODbL; attribution and share-alike required,packet_ready,geofabrik_named_food_service
national-post-office-hi-fedex-office-d898801937,FedEx Office post-office-centered national sample candidate,national_post_office_sample_candidate,food_service,osm:node:9740476317,Zigu,,,FedEx Office,HI,,21.2803511,-157.8268388,Geofabrik OpenStreetMap GeoPackage extract,2026-08-14T20:21:03Z,open,ODbL; attribution and share-alike required,packet_ready,geofabrik_named_food_service
national-post-office-hi-fedex-office-d898801937,FedEx Office post-office-centered national sample candidate,national_post_office_sample_candidate,food_service,osm:node:14058341618,Zippy's,,,FedEx Office,HI,,21.2958858,-157.8338194,Geofabrik OpenStreetMap GeoPackage extract,2026-08-14T20:21:03Z,open,ODbL; attribution and share-alike required,packet_ready,geofabrik_named_food_service
national-post-office-hi-fedex-office-d898801937,FedEx Office post-office-centered national sample candidate,national_post_office_sample_candidate,food_service,osm:way:1028283255,Zippy's,,,FedEx Office,HI,,21.3134290,-157.8705338,Geofabrik OpenStreetMap GeoPackage extract,2026-08-14T20:21:03Z,open,ODbL; attribution and share-alike required,packet_ready,geofabrik_named_food_service
national-post-office-hi-fedex-office-d898801937,FedEx Office post-office-centered national sample candidate,national_post_office_sample_candidate,food_service,osm:way:292490998,Zippy's,,,FedEx Office,HI,,21.3149246,-157.8587742,Geofabrik OpenStreetMap GeoPackage extract,2026-08-14T20:21:03Z,open,ODbL; attribution and share-alike required,packet_ready,geofabrik_named_food_service
national-post-office-hi-fedex-office-d898801937,FedEx Office post-office-centered national sample candidate,national_post_office_sample_candidate,food_service,osm:way:308853591,Zippy's,,,FedEx Office,HI,,21.2957296,-157.8338192,Geofabrik OpenStreetMap GeoPackage extract,2026-08-14T20:21:03Z,open,ODbL; attribution and share-alike required,packet_ready,geofabrik_named_food_service
national-post-office-hi-fedex-office-d898801937,FedEx Office post-office-centered national sample candidate,national_post_office_sample_candidate,food_service,osm:way:450295643,Zippy's,,,FedEx Office,HI,,21.3229082,-157.8739038,Geofabrik OpenStreetMap GeoPackage extract,2026-08-14T20:21:03Z,open,ODbL; attribution and share-alike required,packet_ready,geofabrik_named_food_service
national-post-office-hi-fedex-office-d898801937,FedEx Office post-office-centered national sample candidate,national_post_office_sample_candidate,food_service,osm:way:620988190,Zippy's,,,FedEx Office,HI,,21.2999210,-157.8433649,Geofabrik OpenStreetMap GeoPackage extract,2026-08-14T20:21:03Z,open,ODbL; attribution and share-alike required,packet_ready,geofabrik_named_food_service
national-post-office-hi-fedex-office-d898801937,FedEx Office post-office-centered national sample candidate,national_post_office_sample_candidate,food_service,osm:way:817793240,Zippy's,,,FedEx Office,HI,,21.2783577,-157.8136859,Geofabrik OpenStreetMap GeoPackage extract,2026-08-14T20:21:03Z,open,ODbL; attribution and share-alike required,packet_ready,geofabrik_named_food_service
national-post-office-hi-fedex-office-d898801937,FedEx Office post-office-centered national sample candidate,national_post_office_sample_candidate,food_service,osm:node:10189315055,d.k Steakhouse,,,FedEx Office,HI,,21.2731643,-157.8229322,Geofabrik OpenStreetMap GeoPackage extract,2026-08-14T20:21:03Z,open,ODbL; attribution and share-alike required,packet_ready,geofabrik_named_food_service
national-post-office-hi-fedex-office-d898801937,FedEx Office post-office-centered national sample candidate,national_post_office_sample_candidate,food_service,osm:node:13012012732,da Fresh French Coffee & Island Style Smoothie,,,FedEx Office,HI,,21.3236268,-157.8905903,Geofabrik OpenStreetMap GeoPackage extract,2026-08-14T20:21:03Z,open,ODbL; attribution and share-alike required,packet_ready,geofabrik_named_food_service
national-post-office-hi-fedex-office-d898801937,FedEx Office post-office-centered national sample candidate,national_post_office_sample_candidate,food_service,osm:node:9888711727,illy Caffè,,,FedEx Office,HI,,21.2912524,-157.8439002,Geofabrik OpenStreetMap GeoPackage extract,2026-08-14T20:21:03Z,open,ODbL; attribution and share-alike required,packet_ready,geofabrik_named_food_service
national-post-office-hi-fedex-office-d898801937,FedEx Office post-office-centered national sample candidate,national_post_office_sample_candidate,food_service,osm:node:3032198371,monkeypod kitchen,,,FedEx Office,HI,,21.2777786,-157.8331860,Geofabrik OpenStreetMap GeoPackage extract,2026-08-14T20:21:03Z,open,ODbL; attribution and share-alike required,packet_ready,geofabrik_named_food_service
national-post-office-hi-fedex-office-d898801937,FedEx Office post-office-centered national sample candidate,national_post_office_sample_candidate,food_service,osm:node:11918456570,munch’n brunch,,,FedEx Office,HI,,21.2860345,-157.8329401,Geofabrik OpenStreetMap GeoPackage extract,2026-08-14T20:21:03Z,open,ODbL; attribution and share-alike required,packet_ready,geofabrik_named_food_service
national-post-office-hi-fedex-office-d898801937,FedEx Office post-office-centered national sample candidate,national_post_office_sample_candidate,food_service,osm:node:13197118299,natuRe waikiki,,,FedEx Office,HI,,21.2803127,-157.8268004,Geofabrik OpenStreetMap GeoPackage extract,2026-08-14T20:21:03Z,open,ODbL; attribution and share-alike required,packet_ready,geofabrik_named_food_service
national-post-office-hi-fedex-office-d898801937,FedEx Office post-office-centered national sample candidate,national_post_office_sample_candidate,food_service,osm:node:13519566769,ʻŌmaʻo Man,,,FedEx Office,HI,,21.2943971,-157.8580555,Geofabrik OpenStreetMap GeoPackage extract,2026-08-14T20:21:03Z,open,ODbL; attribution and share-alike required,packet_ready,geofabrik_named_food_service
national-post-office-hi-fedex-ship-center-db01140995,FedEx Ship Center post-office-centered national sample candidate,national_post_office_sample_candidate,food_service,osm:node:9725882959,,,,FedEx Ship Center,HI,,21.3302046,-157.9199603,Geofabrik OpenStreetMap GeoPackage extract,2026-08-14T20:21:03Z,open,ODbL; attribution and share-alike required,exclude,unnamed_food_service_anchor
national-post-office-hi-fedex-ship-center-db01140995,FedEx Ship Center post-office-centered national sample candidate,national_post_office_sample_candidate,food_service,osm:node:9279077018,Ahi & Vegetable,,,FedEx Ship Center,HI,,21.3235605,-157.8740118,Geofabrik OpenStreetMap GeoPackage extract,2026-08-14T20:21:03Z,open,ODbL; attribution and share-alike required,packet_ready,geofabrik_named_food_service
national-post-office-hi-fedex-ship-center-db01140995,FedEx Ship Center post-office-centered national sample candidate,national_post_office_sample_candidate,food_service,osm:node:8952546653,Aloha K Subs,,,FedEx Ship Center,HI,,21.3351183,-157.9158801,Geofabrik OpenStreetMap GeoPackage extract,2026-08-14T20:21:03Z,open,ODbL; attribution and share-alike required,packet_ready,geofabrik_named_food_service
national-post-office-hi-fedex-ship-center-db01140995,FedEx Ship Center post-office-centered national sample candidate,national_post_office_sample_candidate,food_service,osm:node:13012012724,Best Korean Bbq,,,FedEx Ship Center,HI,,21.3231048,-157.8910217,Geofabrik OpenStreetMap GeoPackage extract,2026-08-14T20:21:03Z,open,ODbL; attribution and share-alike required,packet_ready,geofabrik_named_food_service
national-post-office-hi-fedex-ship-center-db01140995,FedEx Ship Center post-office-centered national sample candidate,national_post_office_sample_candidate,food_service,osm:node:4376751625,Big Kahuna's Pizza 'n Stuffs,,,FedEx Ship Center,HI,,21.3352342,-157.9158537,Geofabrik OpenStreetMap GeoPackage extract,2026-08-14T20:21:03Z,open,ODbL; attribution and share-alike required,packet_ready,geofabrik_named_food_service
national-post-office-hi-fedex-ship-center-db01140995,FedEx Ship Center post-office-centered national sample candidate,national_post_office_sample_candidate,food_service,osm:way:506580617,Bob's Bar-b-que,,,FedEx Ship Center,HI,,21.3237952,-157.8755273,Geofabrik OpenStreetMap GeoPackage extract,2026-08-14T20:21:03Z,open,ODbL; attribution and share-alike required,packet_ready,geofabrik_named_food_service
national-post-office-hi-fedex-ship-center-db01140995,FedEx Ship Center post-office-centered national sample candidate,national_post_office_sample_candidate,food_service,osm:node:11463899069,Burger King,,,FedEx Ship Center,HI,,21.3312061,-157.9174109,Geofabrik OpenStreetMap GeoPackage extract,2026-08-14T20:21:03Z,open,ODbL; attribution and share-alike required,packet_ready,geofabrik_named_food_service
national-post-office-hi-fedex-ship-center-db01140995,FedEx Ship Center post-office-centered national sample candidate,national_post_office_sample_candidate,food_service,osm:node:2906611002,Burger King,,,FedEx Ship Center,HI,,21.3340385,-157.9239344,Geofabrik OpenStreetMap GeoPackage extract,2026-08-14T20:21:03Z,open,ODbL; attribution and share-alike required,packet_ready,geofabrik_named_food_service
national-post-office-hi-fedex-ship-center-db01140995,FedEx Ship Center post-office-centered national sample candidate,national_post_office_sample_candidate,food_service,osm:node:7495503384,Burger King,,,FedEx Ship Center,HI,,21.3313636,-157.9197739,Geofabrik OpenStreetMap GeoPackage extract,2026-08-14T20:21:03Z,open,ODbL; attribution and share-alike required,packet_ready,geofabrik_named_food_service
national-post-office-hi-fedex-ship-center-db01140995,FedEx Ship Center post-office-centered national sample candidate,national_post_office_sample_candidate,food_service,osm:way:1307188273,Burger King,,,FedEx Ship Center,HI,,21.3424219,-157.9491974,Geofabrik OpenStreetMap GeoPackage extract,2026-08-14T20:21:03Z,open,ODbL; attribution and share-alike required,packet_ready,geofabrik_named_food_service
national-post-office-hi-fedex-ship-center-db01140995,FedEx Ship Center post-office-centered national sample candidate,national_post_office_sample_candidate,food_service,osm:way:256684706,Burger King,,,FedEx Ship Center,HI,,21.3248583,-157.8775164,Geofabrik OpenStreetMap GeoPackage extract,2026-08-14T20:21:03Z,open,ODbL; attribution and share-alike required,packet_ready,geofabrik_named_food_service
national-post-office-hi-fedex-ship-center-db01140995,FedEx Ship Center post-office-centered national sample candidate,national_post_office_sample_candidate,food_service,osm:node:7495503383,California Pizza Kitchen,,,FedEx Ship Center,HI,,21.3312894,-157.9197900,Geofabrik OpenStreetMap GeoPackage extract,2026-08-14T20:21:03Z,open,ODbL; attribution and share-alike required,packet_ready,geofabrik_named_food_service
national-post-office-hi-fedex-ship-center-db01140995,FedEx Ship Center post-office-centered national sample candidate,national_post_office_sample_candidate,food_service,osm:node:13897927401,Carls Jr,,,FedEx Ship Center,HI,,21.3282607,-157.8858826,Geofabrik OpenStreetMap GeoPackage extract,2026-08-14T20:21:03Z,open,ODbL; attribution and share-alike required,packet_ready,geofabrik_named_food_service
national-post-office-hi-fedex-ship-center-db01140995,FedEx Ship Center post-office-centered national sample candidate,national_post_office_sample_candidate,food_service,osm:node:7495503381,Chao Mein Express,,,FedEx Ship Center,HI,,21.3312209,-157.9198040,Geofabrik OpenStreetMap GeoPackage extract,2026-08-14T20:21:03Z,open,ODbL; attribution and share-alike required,packet_ready,geofabrik_named_food_service
national-post-office-hi-fedex-ship-center-db01140995,FedEx Ship Center post-office-centered national sample candidate,national_post_office_sample_candidate,food_service,osm:node:7530633538,Chef’s Ramen,,,FedEx Ship Center,HI,,21.3217740,-157.8759219,Geofabrik OpenStreetMap GeoPackage extract,2026-08-14T20:21:03Z,open,ODbL; attribution and share-alike required,packet_ready,geofabrik_named_food_service
national-post-office-hi-fedex-ship-center-db01140995,FedEx Ship Center post-office-centered national sample candidate,national_post_office_sample_candidate,food_service,osm:node:7603992327,Chuck E. Cheese,,,FedEx Ship Center,HI,,21.3221362,-157.8754980,Geofabrik OpenStreetMap GeoPackage extract,2026-08-14T20:21:03Z,open,ODbL; attribution and share-alike required,packet_ready,geofabrik_named_food_service
national-post-office-hi-fedex-ship-center-db01140995,FedEx Ship Center post-office-centered national sample candidate,national_post_office_sample_candidate,food_service,osm:node:4368514723,Cooking Fresh,,,FedEx Ship Center,HI,,21.3212465,-157.8707428,Geofabrik OpenStreetMap GeoPackage extract,2026-08-14T20:21:03Z,open,ODbL; attribution and share-alike required,packet_ready,geofabrik_named_food_service
national-post-office-hi-fedex-ship-center-db01140995,FedEx Ship Center post-office-centered national sample candidate,national_post_office_sample_candidate,food_service,osm:node:9279077020,Dairyu Ramen & Curry,,,FedEx Ship Center,HI,,21.3235004,-157.8739418,Geofabrik OpenStreetMap GeoPackage extract,2026-08-14T20:21:03Z,open,ODbL; attribution and share-alike required,packet_ready,geofabrik_named_food_service
national-post-office-hi-fedex-ship-center-db01140995,FedEx Ship Center post-office-centered national sample candidate,national_post_office_sample_candidate,food_service,osm:node:9862908789,Dunkin',,,FedEx Ship Center,HI,,21.3358775,-157.9237105,Geofabrik OpenStreetMap GeoPackage extract,2026-08-14T20:21:03Z,open,ODbL; attribution and share-alike required,packet_ready,geofabrik_named_food_service
national-post-office-hi-fedex-ship-center-db01140995,FedEx Ship Center post-office-centered national sample candidate,national_post_office_sample_candidate,food_service,osm:way:389456387,Dunkin',,,FedEx Ship Center,HI,,21.3347559,-157.9146879,Geofabrik OpenStreetMap GeoPackage extract,2026-08-14T20:21:03Z,open,ODbL; attribution and share-alike required,packet_ready,geofabrik_named_food_service
national-post-office-hi-fedex-ship-center-db01140995,FedEx Ship Center post-office-centered national sample candidate,national_post_office_sample_candidate,food_service,osm:node:8973117317,Egghead Cafe,,,FedEx Ship Center,HI,,21.3233297,-157.8742632,Geofabrik OpenStreetMap GeoPackage extract,2026-08-14T20:21:03Z,open,ODbL; attribution and share-alike required,packet_ready,geofabrik_named_food_service
national-post-office-hi-fedex-ship-center-db01140995,FedEx Ship Center post-office-centered national sample candidate,national_post_office_sample_candidate,food_service,osm:way:886660178,Ernestino Ballina Galley,,,FedEx Ship Center,HI,,21.3071410,-157.8744416,Geofabrik OpenStreetMap GeoPackage extract,2026-08-14T20:21:03Z,open,ODbL; attribution and share-alike required,packet_ready,geofabrik_named_food_service
national-post-office-hi-fedex-ship-center-db01140995,FedEx Ship Center post-office-centered national sample candidate,national_post_office_sample_candidate,food_service,osm:node:5038194124,Ethel's Grill,,,FedEx Ship Center,HI,,21.3224214,-157.8840209,Geofabrik OpenStreetMap GeoPackage extract,2026-08-14T20:21:03Z,open,ODbL; attribution and share-alike required,packet_ready,geofabrik_named_food_service
national-post-office-hi-fedex-ship-center-db01140995,FedEx Ship Center post-office-centered national sample candidate,national_post_office_sample_candidate,food_service,osm:node:8952546656,Family BBQ,,,FedEx Ship Center,HI,,21.3350196,-157.9158958,Geofabrik OpenStreetMap GeoPackage extract,2026-08-14T20:21:03Z,open,ODbL; attribution and share-alike required,packet_ready,geofabrik_named_food_service
national-post-office-hi-fedex-ship-center-db01140995,FedEx Ship Center post-office-centered national sample candidate,national_post_office_sample_candidate,food_service,osm:node:12015915219,Guieb Cafe,,,FedEx Ship Center,HI,,21.3273255,-157.8710783,Geofabrik OpenStreetMap GeoPackage extract,2026-08-14T20:21:03Z,open,ODbL; attribution and share-alike required,packet_ready,geofabrik_named_food_service
national-post-office-hi-fedex-ship-center-db01140995,FedEx Ship Center post-office-centered national sample candidate,national_post_office_sample_candidate,food_service,osm:node:7636912199,Hana Tea,,,FedEx Ship Center,HI,,21.3213272,-157.8732810,Geofabrik OpenStreetMap GeoPackage extract,2026-08-14T20:21:03Z,open,ODbL; attribution and share-alike required,packet_ready,geofabrik_named_food_service
national-post-office-hi-fedex-ship-center-db01140995,FedEx Ship Center post-office-centered national sample candidate,national_post_office_sample_candidate,food_service,osm:node:5813467654,IHOP,,,FedEx Ship Center,HI,,21.3352716,-157.9145501,Geofabrik OpenStreetMap GeoPackage extract,2026-08-14T20:21:03Z,open,ODbL; attribution and share-alike required,packet_ready,geofabrik_named_food_service
national-post-office-hi-fedex-ship-center-db01140995,FedEx Ship Center post-office-centered national sample candidate,national_post_office_sample_candidate,food_service,osm:node:12740349151,Islander Drive Inn,,,FedEx Ship Center,HI,,21.3447752,-157.9138682,Geofabrik OpenStreetMap GeoPackage extract,2026-08-14T20:21:03Z,open,ODbL; attribution and share-alike required,packet_ready,geofabrik_named_food_service
national-post-office-hi-fedex-ship-center-db01140995,FedEx Ship Center post-office-centered national sample candidate,national_post_office_sample_candidate,food_service,osm:node:11140163750,Jack in the Box,,,FedEx Ship Center,HI,,21.3450736,-157.9282386,Geofabrik OpenStreetMap GeoPackage extract,2026-08-14T20:21:03Z,open,ODbL; attribution and share-alike required,packet_ready,geofabrik_named_food_service
national-post-office-hi-fedex-ship-center-db01140995,FedEx Ship Center post-office-centered national sample candidate,national_post_office_sample_candidate,food_service,osm:way:494890791,Jack in the Box,,,FedEx Ship Center,HI,,21.3344328,-157.8806915,Geofabrik OpenStreetMap GeoPackage extract,2026-08-14T20:21:03Z,open,ODbL; attribution and share-alike required,packet_ready,geofabrik_named_food_service
national-post-office-hi-fedex-ship-center-db01140995,FedEx Ship Center post-office-centered national sample candidate,national_post_office_sample_candidate,food_service,osm:node:11140163753,Jamba,,,FedEx Ship Center,HI,,21.3445239,-157.9287204,Geofabrik OpenStreetMap GeoPackage extract,2026-08-14T20:21:03Z,open,ODbL; attribution and share-alike required,packet_ready,geofabrik_named_food_service
national-post-office-hi-fedex-ship-center-db01140995,FedEx Ship Center post-office-centered national sample candidate,national_post_office_sample_candidate,food_service,osm:node:4868689309,Jamba,,,FedEx Ship Center,HI,,21.3357902,-157.9157501,Geofabrik OpenStreetMap GeoPackage extract,2026-08-14T20:21:03Z,open,ODbL; attribution and share-alike required,packet_ready,geofabrik_named_food_service
national-post-office-hi-fedex-ship-center-db01140995,FedEx Ship Center post-office-centered national sample candidate,national_post_office_sample_candidate,food_service,osm:way:903656909,KFC,,,FedEx Ship Center,HI,,21.3313190,-157.8754152,Geofabrik OpenStreetMap GeoPackage extract,2026-08-14T20:21:03Z,open,ODbL; attribution and share-alike required,packet_ready,geofabrik_named_food_service
national-post-office-hi-fedex-ship-center-db01140995,FedEx Ship Center post-office-centered national sample candidate,national_post_office_sample_candidate,food_service,osm:node:9347762139,Kawaii Wave,,,FedEx Ship Center,HI,,21.3214747,-157.8730018,Geofabrik OpenStreetMap GeoPackage extract,2026-08-14T20:21:03Z,open,ODbL; attribution and share-alike required,packet_ready,geofabrik_named_food_service
national-post-office-hi-fedex-ship-center-db01140995,FedEx Ship Center post-office-centered national sample candidate,national_post_office_sample_candidate,food_service,osm:node:12015915218,Kikuya,,,FedEx Ship Center,HI,,21.3274769,-157.8712969,Geofabrik OpenStreetMap GeoPackage extract,2026-08-14T20:21:03Z,open,ODbL; attribution and share-alike required,packet_ready,geofabrik_named_food_service
national-post-office-hi-fedex-ship-center-db01140995,FedEx Ship Center post-office-centered national sample candidate,national_post_office_sample_candidate,food_service,osm:node:7659914271,Kokea Bento,,,FedEx Ship Center,HI,,21.3213549,-157.8732198,Geofabrik OpenStreetMap GeoPackage extract,2026-08-14T20:21:03Z,open,ODbL; attribution and share-alike required,packet_ready,geofabrik_named_food_service
national-post-office-hi-fedex-ship-center-db01140995,FedEx Ship Center post-office-centered national sample candidate,national_post_office_sample_candidate,food_service,osm:node:13012012733,L&L Hawaiian Barbecue,,,FedEx Ship Center,HI,,21.3236756,-157.8905584,Geofabrik OpenStreetMap GeoPackage extract,2026-08-14T20:21:03Z,open,ODbL; attribution and share-alike required,packet_ready,geofabrik_named_food_service
national-post-office-hi-fedex-ship-center-db01140995,FedEx Ship Center post-office-centered national sample candidate,national_post_office_sample_candidate,food_service,osm:node:1403854602,La Tour Cafe,,,FedEx Ship Center,HI,,21.3160414,-157.8741535,Geofabrik OpenStreetMap GeoPackage extract,2026-08-14T20:21:03Z,open,ODbL; attribution and share-alike required,packet_ready,geofabrik_named_food_service
national-post-office-hi-fedex-ship-center-db01140995,FedEx Ship Center post-office-centered national sample candidate,national_post_office_sample_candidate,food_service,osm:node:12973078220,Lagoon Chinese Restaurant,,,FedEx Ship Center,HI,,21.3325524,-157.9005857,Geofabrik OpenStreetMap GeoPackage extract,2026-08-14T20:21:03Z,open,ODbL; attribution and share-alike required,packet_ready,geofabrik_named_food_service
national-post-office-hi-fedex-ship-center-db01140995,FedEx Ship Center post-office-centered national sample candidate,national_post_office_sample_candidate,food_service,osm:node:2906611301,Lahaina Chicken,,,FedEx Ship Center,HI,,21.3339777,-157.9239447,Geofabrik OpenStreetMap GeoPackage extract,2026-08-14T20:21:03Z,open,ODbL; attribution and share-alike required,packet_ready,geofabrik_named_food_service
national-post-office-hi-fedex-ship-center-db01140995,FedEx Ship Center post-office-centered national sample candidate,national_post_office_sample_candidate,food_service,osm:node:9544045401,Lahaina Chicken Company,,,FedEx Ship Center,HI,,21.3302337,-157.9199538,Geofabrik OpenStreetMap GeoPackage extract,2026-08-14T20:21:03Z,open,ODbL; attribution and share-alike required,packet_ready,geofabrik_named_food_service
national-post-office-hi-fedex-ship-center-db01140995,FedEx Ship Center post-office-centered national sample candidate,national_post_office_sample_candidate,food_service,osm:node:13151377667,Le'ahi Market,,,FedEx Ship Center,HI,,21.3298820,-157.9170292,Geofabrik OpenStreetMap GeoPackage extract,2026-08-14T20:21:03Z,open,ODbL; attribution and share-alike required,packet_ready,geofabrik_named_food_service
national-post-office-hi-fedex-ship-center-db01140995,FedEx Ship Center post-office-centered national sample candidate,national_post_office_sample_candidate,food_service,osm:node:2906611501,Little Fish Poke,,,FedEx Ship Center,HI,,21.3341567,-157.9239163,Geofabrik OpenStreetMap GeoPackage extract,2026-08-14T20:21:03Z,open,ODbL; attribution and share-alike required,packet_ready,geofabrik_named_food_service
national-post-office-hi-fedex-ship-center-db01140995,FedEx Ship Center post-office-centered national sample candidate,national_post_office_sample_candidate,food_service,osm:node:13012012731,Lunch Box,,,FedEx Ship Center,HI,,21.3235840,-157.8906285,Geofabrik OpenStreetMap GeoPackage extract,2026-08-14T20:21:03Z,open,ODbL; attribution and share-alike required,packet_ready,geofabrik_named_food_service
national-post-office-hi-fedex-ship-center-db01140995,FedEx Ship Center post-office-centered national sample candidate,national_post_office_sample_candidate,food_service,osm:node:9279077022,Machete’s Mean Sandwich,,,FedEx Ship Center,HI,,21.3234315,-157.8738628,Geofabrik OpenStreetMap GeoPackage extract,2026-08-14T20:21:03Z,open,ODbL; attribution and share-alike required,packet_ready,geofabrik_named_food_service
national-post-office-hi-fedex-ship-center-db01140995,FedEx Ship Center post-office-centered national sample candidate,national_post_office_sample_candidate,food_service,osm:node:7827875635,Makai Plantation,,,FedEx Ship Center,HI,,21.3293986,-157.9236505,Geofabrik OpenStreetMap GeoPackage extract,2026-08-14T20:21:03Z,open,ODbL; attribution and share-alike required,packet_ready,geofabrik_named_food_service
national-post-office-hi-fedex-ship-center-db01140995,FedEx Ship Center post-office-centered national sample candidate,national_post_office_sample_candidate,food_service,osm:node:14016447537,Mauka Plantation,,,FedEx Ship Center,HI,,21.3362894,-157.9244814,Geofabrik OpenStreetMap GeoPackage extract,2026-08-14T20:21:03Z,open,ODbL; attribution and share-alike required,packet_ready,geofabrik_named_food_service
national-post-office-hi-fedex-ship-center-db01140995,FedEx Ship Center post-office-centered national sample candidate,national_post_office_sample_candidate,food_service,osm:way:256684704,McDonald's,,,FedEx Ship Center,HI,,21.3243088,-157.8759644,Geofabrik OpenStreetMap GeoPackage extract,2026-08-14T20:21:03Z,open,ODbL; attribution and share-alike required,packet_ready,geofabrik_named_food_service
national-post-office-hi-fedex-ship-center-db01140995,FedEx Ship Center post-office-centered national sample candidate,national_post_office_sample_candidate,food_service,osm:way:311684189,McDonald's,,,FedEx Ship Center,HI,,21.3496904,-157.9451106,Geofabrik OpenStreetMap GeoPackage extract,2026-08-14T20:21:03Z,open,ODbL; attribution and share-alike required,packet_ready,geofabrik_named_food_service
national-post-office-hi-fedex-ship-center-db01140995,FedEx Ship Center post-office-centered national sample candidate,national_post_office_sample_candidate,food_service,osm:way:645960525,McDonald's,,,FedEx Ship Center,HI,,21.3271109,-157.8860165,Geofabrik OpenStreetMap GeoPackage extract,2026-08-14T20:21:03Z,open,ODbL; attribution and share-alike required,packet_ready,geofabrik_named_food_service
national-post-office-hi-fedex-ship-center-db01140995,FedEx Ship Center post-office-centered national sample candidate,national_post_office_sample_candidate,food_service,osm:way:826317740,McDonald's,,,FedEx Ship Center,HI,,21.3458258,-157.9134776,Geofabrik OpenStreetMap GeoPackage extract,2026-08-14T20:21:03Z,open,ODbL; attribution and share-alike required,packet_ready,geofabrik_named_food_service
national-post-office-hi-fedex-ship-center-db01140995,FedEx Ship Center post-office-centered national sample candidate,national_post_office_sample_candidate,food_service,osm:way:863638084,McDonald's,,,FedEx Ship Center,HI,,21.3441108,-157.9281407,Geofabrik OpenStreetMap GeoPackage extract,2026-08-14T20:21:03Z,open,ODbL; attribution and share-alike required,packet_ready,geofabrik_named_food_service
national-post-office-hi-fedex-ship-center-db01140995,FedEx Ship Center post-office-centered national sample candidate,national_post_office_sample_candidate,food_service,osm:way:907224291,McDonald's,,,FedEx Ship Center,HI,,21.3362422,-157.9141110,Geofabrik OpenStreetMap GeoPackage extract,2026-08-14T20:21:03Z,open,ODbL; attribution and share-alike required,packet_ready,geofabrik_named_food_service
national-post-office-hi-fedex-ship-center-db01140995,FedEx Ship Center post-office-centered national sample candidate,national_post_office_sample_candidate,food_service,osm:node:6983779417,Meg's Drive Inn,,,FedEx Ship Center,HI,,21.3261988,-157.8736850,Geofabrik OpenStreetMap GeoPackage extract,2026-08-14T20:21:03Z,open,ODbL; attribution and share-alike required,packet_ready,geofabrik_named_food_service
national-post-office-hi-fedex-ship-center-db01140995,FedEx Ship Center post-office-centered national sample candidate,national_post_office_sample_candidate,food_service,osm:way:1072922765,Milkyway,,,FedEx Ship Center,HI,,21.3341955,-157.8791732,Geofabrik OpenStreetMap GeoPackage extract,2026-08-14T20:21:03Z,open,ODbL; attribution and share-alike required,packet_ready,geofabrik_named_food_service
national-post-office-hi-fedex-ship-center-db01140995,FedEx Ship Center post-office-centered national sample candidate,national_post_office_sample_candidate,food_service,osm:node:11880736398,Mitsu-Ken Okazu and Catering,,,FedEx Ship Center,HI,,21.3362251,-157.8820470,Geofabrik OpenStreetMap GeoPackage extract,2026-08-14T20:21:03Z,open,ODbL; attribution and share-alike required,packet_ready,geofabrik_named_food_service
national-post-office-hi-fedex-ship-center-db01140995,FedEx Ship Center post-office-centered national sample candidate,national_post_office_sample_candidate,food_service,osm:node:6440762390,Nice To Meet You Tea House,,,FedEx Ship Center,HI,,21.3188023,-157.8754055,Geofabrik OpenStreetMap GeoPackage extract,2026-08-14T20:21:03Z,open,ODbL; attribution and share-alike required,packet_ready,geofabrik_named_food_service
national-post-office-hi-fedex-ship-center-db01140995,FedEx Ship Center post-office-centered national sample candidate,national_post_office_sample_candidate,food_service,osm:node:4769313724,Nico’s Pier 38,,,FedEx Ship Center,HI,,21.3175754,-157.8775063,Geofabrik OpenStreetMap GeoPackage extract,2026-08-14T20:21:03Z,open,ODbL; attribution and share-alike required,packet_ready,geofabrik_named_food_service
national-post-office-hi-fedex-ship-center-db01140995,FedEx Ship Center post-office-centered national sample candidate,national_post_office_sample_candidate,food_service,osm:node:4868689307,Ninja Sushi,,,FedEx Ship Center,HI,,21.3357183,-157.9157630,Geofabrik OpenStreetMap GeoPackage extract,2026-08-14T20:21:03Z,open,ODbL; attribution and share-alike required,packet_ready,geofabrik_named_food_service
national-post-office-hi-fedex-ship-center-db01140995,FedEx Ship Center post-office-centered national sample candidate,national_post_office_sample_candidate,food_service,osm:node:9611938328,PGA Tour Grill,,,FedEx Ship Center,HI,,21.3306065,-157.9200558,Geofabrik OpenStreetMap GeoPackage extract,2026-08-14T20:21:03Z,open,ODbL; attribution and share-alike required,packet_ready,geofabrik_named_food_service
national-post-office-hi-fedex-ship-center-db01140995,FedEx Ship Center post-office-centered national sample candidate,national_post_office_sample_candidate,food_service,osm:node:4307001462,Pad Thai,,,FedEx Ship Center,HI,,21.3453044,-157.9137509,Geofabrik OpenStreetMap GeoPackage extract,2026-08-14T20:21:03Z,open,ODbL; attribution and share-alike required,packet_ready,geofabrik_named_food_service
national-post-office-hi-fedex-ship-center-db01140995,FedEx Ship Center post-office-centered national sample candidate,national_post_office_sample_candidate,food_service,osm:node:7536592820,Pancakes & Waffles,,,FedEx Ship Center,HI,,21.3215352,-157.8757399,Geofabrik OpenStreetMap GeoPackage extract,2026-08-14T20:21:03Z,open,ODbL; attribution and share-alike required,packet_ready,geofabrik_named_food_service
national-post-office-hi-fedex-ship-center-db01140995,FedEx Ship Center post-office-centered national sample candidate,national_post_office_sample_candidate,food_service,osm:node:2906611401,Panda Express,,,FedEx Ship Center,HI,,21.3340970,-157.9239235,Geofabrik OpenStreetMap GeoPackage extract,2026-08-14T20:21:03Z,open,ODbL; attribution and share-alike required,packet_ready,geofabrik_named_food_service
national-post-office-hi-fedex-ship-center-db01140995,FedEx Ship Center post-office-centered national sample candidate,national_post_office_sample_candidate,food_service,osm:node:13646780656,Papa John's,,,FedEx Ship Center,HI,,21.3453383,-157.8967597,Geofabrik OpenStreetMap GeoPackage extract,2026-08-14T20:21:03Z,open,ODbL; attribution and share-alike required,packet_ready,geofabrik_named_food_service
national-post-office-hi-fedex-ship-center-db01140995,FedEx Ship Center post-office-centered national sample candidate,national_post_office_sample_candidate,food_service,osm:node:12296160392,Patxi's Pizza,,,FedEx Ship Center,HI,,21.3505198,-157.9463825,Geofabrik OpenStreetMap GeoPackage extract,2026-08-14T20:21:03Z,open,ODbL; attribution and share-alike required,packet_ready,geofabrik_named_food_service
national-post-office-hi-fedex-ship-center-db01140995,FedEx Ship Center post-office-centered national sample candidate,national_post_office_sample_candidate,food_service,osm:node:12740349154,Pizza Hut,,,FedEx Ship Center,HI,,21.3440904,-157.9140766,Geofabrik OpenStreetMap GeoPackage extract,2026-08-14T20:21:03Z,open,ODbL; attribution and share-alike required,packet_ready,geofabrik_named_food_service
national-post-office-hi-fedex-ship-center-db01140995,FedEx Ship Center post-office-centered national sample candidate,national_post_office_sample_candidate,food_service,osm:node:9386968318,Quiznos,,,FedEx Ship Center,HI,,21.3291329,-157.9162265,Geofabrik OpenStreetMap GeoPackage extract,2026-08-14T20:21:03Z,open,ODbL; attribution and share-alike required,packet_ready,geofabrik_named_food_service
national-post-office-hi-fedex-ship-center-db01140995,FedEx Ship Center post-office-centered national sample candidate,national_post_office_sample_candidate,food_service,osm:node:6618208586,Ray's Cafe,,,FedEx Ship Center,HI,,21.3328938,-157.8789417,Geofabrik OpenStreetMap GeoPackage extract,2026-08-14T20:21:03Z,open,ODbL; attribution and share-alike required,packet_ready,geofabrik_named_food_service
national-post-office-hi-fedex-ship-center-db01140995,FedEx Ship Center post-office-centered national sample candidate,national_post_office_sample_candidate,food_service,osm:node:5799388854,Royal Kona Coffee,,,FedEx Ship Center,HI,,21.3320135,-157.9179136,Geofabrik OpenStreetMap GeoPackage extract,2026-08-14T20:21:03Z,open,ODbL; attribution and share-alike required,packet_ready,geofabrik_named_food_service
national-post-office-hi-fedex-ship-center-db01140995,FedEx Ship Center post-office-centered national sample candidate,national_post_office_sample_candidate,food_service,osm:node:9845557431,Ruby Tuesday,,,FedEx Ship Center,HI,,21.3450466,-157.9294157,Geofabrik OpenStreetMap GeoPackage extract,2026-08-14T20:21:03Z,open,ODbL; attribution and share-alike required,packet_ready,geofabrik_named_food_service
national-post-office-hi-fedex-ship-center-db01140995,FedEx Ship Center post-office-centered national sample candidate,national_post_office_sample_candidate,food_service,osm:node:12740349143,Salt Lake Chinese Restaurant,,,FedEx Ship Center,HI,,21.3451660,-157.9138233,Geofabrik OpenStreetMap GeoPackage extract,2026-08-14T20:21:03Z,open,ODbL; attribution and share-alike required,packet_ready,geofabrik_named_food_service
national-post-office-hi-fedex-ship-center-db01140995,FedEx Ship Center post-office-centered national sample candidate,national_post_office_sample_candidate,food_service,osm:node:9264556333,Sammy's Bar and Grill,,,FedEx Ship Center,HI,,21.3298925,-157.9233941,Geofabrik OpenStreetMap GeoPackage extract,2026-08-14T20:21:03Z,open,ODbL; attribution and share-alike required,packet_ready,geofabrik_named_food_service
national-post-office-hi-fedex-ship-center-db01140995,FedEx Ship Center post-office-centered national sample candidate,national_post_office_sample_candidate,food_service,osm:node:9386968319,Samurai Sushi & Bento,,,FedEx Ship Center,HI,,21.3320027,-157.9210634,Geofabrik OpenStreetMap GeoPackage extract,2026-08-14T20:21:03Z,open,ODbL; attribution and share-alike required,packet_ready,geofabrik_named_food_service
national-post-office-hi-fedex-ship-center-db01140995,FedEx Ship Center post-office-centered national sample candidate,national_post_office_sample_candidate,food_service,osm:node:4307001444,Soon's Kal Bi Drive In,,,FedEx Ship Center,HI,,21.3441074,-157.9141827,Geofabrik OpenStreetMap GeoPackage extract,2026-08-14T20:21:03Z,open,ODbL; attribution and share-alike required,packet_ready,geofabrik_named_food_service
national-post-office-hi-fedex-ship-center-db01140995,FedEx Ship Center post-office-centered national sample candidate,national_post_office_sample_candidate,food_service,osm:node:11140163752,Starbucks,,,FedEx Ship Center,HI,,21.3447529,-157.9287793,Geofabrik OpenStreetMap GeoPackage extract,2026-08-14T20:21:03Z,open,ODbL; attribution and share-alike required,packet_ready,geofabrik_named_food_service
national-post-office-hi-fedex-ship-center-db01140995,FedEx Ship Center post-office-centered national sample candidate,national_post_office_sample_candidate,food_service,osm:node:13151377678,Starbucks,,,FedEx Ship Center,HI,,21.3299482,-157.9170173,Geofabrik OpenStreetMap GeoPackage extract,2026-08-14T20:21:03Z,open,ODbL; attribution and share-alike required,packet_ready,geofabrik_named_food_service
national-post-office-hi-fedex-ship-center-db01140995,FedEx Ship Center post-office-centered national sample candidate,national_post_office_sample_candidate,food_service,osm:node:2906611001,Starbucks,,,FedEx Ship Center,HI,,21.3335537,-157.9240182,Geofabrik OpenStreetMap GeoPackage extract,2026-08-14T20:21:03Z,open,ODbL; attribution and share-alike required,packet_ready,geofabrik_named_food_service
national-post-office-hi-fedex-ship-center-db01140995,FedEx Ship Center post-office-centered national sample candidate,national_post_office_sample_candidate,food_service,osm:node:2906614701,Starbucks,,,FedEx Ship Center,HI,,21.3348796,-157.9237720,Geofabrik OpenStreetMap GeoPackage extract,2026-08-14T20:21:03Z,open,ODbL; attribution and share-alike required,packet_ready,geofabrik_named_food_service
national-post-office-hi-fedex-ship-center-db01140995,FedEx Ship Center post-office-centered national sample candidate,national_post_office_sample_candidate,food_service,osm:node:4868689308,Starbucks,,,FedEx Ship Center,HI,,21.3358582,-157.9157388,Geofabrik OpenStreetMap GeoPackage extract,2026-08-14T20:21:03Z,open,ODbL; attribution and share-alike required,packet_ready,geofabrik_named_food_service
national-post-office-hi-fedex-ship-center-db01140995,FedEx Ship Center post-office-centered national sample candidate,national_post_office_sample_candidate,food_service,osm:node:5820925353,Starbucks,,,FedEx Ship Center,HI,,21.3306017,-157.9232137,Geofabrik OpenStreetMap GeoPackage extract,2026-08-14T20:21:03Z,open,ODbL; attribution and share-alike required,packet_ready,geofabrik_named_food_service
national-post-office-hi-fedex-ship-center-db01140995,FedEx Ship Center post-office-centered national sample candidate,national_post_office_sample_candidate,food_service,osm:node:6901144318,Starbucks,,,FedEx Ship Center,HI,,21.3292212,-157.9151970,Geofabrik OpenStreetMap GeoPackage extract,2026-08-14T20:21:03Z,open,ODbL; attribution and share-alike required,packet_ready,geofabrik_named_food_service
national-post-office-hi-fedex-ship-center-db01140995,FedEx Ship Center post-office-centered national sample candidate,national_post_office_sample_candidate,food_service,osm:node:7826536966,Starbucks,,,FedEx Ship Center,HI,,21.3300362,-157.9199824,Geofabrik OpenStreetMap GeoPackage extract,2026-08-14T20:21:03Z,open,ODbL; attribution and share-alike required,packet_ready,geofabrik_named_food_service
national-post-office-hi-fedex-ship-center-db01140995,FedEx Ship Center post-office-centered national sample candidate,national_post_office_sample_candidate,food_service,osm:node:9345122235,Starbucks,,,FedEx Ship Center,HI,,21.3336465,-157.9234203,Geofabrik OpenStreetMap GeoPackage extract,2026-08-14T20:21:03Z,open,ODbL; attribution and share-alike required,packet_ready,geofabrik_named_food_service
national-post-office-hi-fedex-ship-center-db01140995,FedEx Ship Center post-office-centered national sample candidate,national_post_office_sample_candidate,food_service,osm:node:9386955014,Starbucks,,,FedEx Ship Center,HI,,21.3315701,-157.9205034,Geofabrik OpenStreetMap GeoPackage extract,2026-08-14T20:21:03Z,open,ODbL; attribution and share-alike required,packet_ready,geofabrik_named_food_service
national-post-office-hi-fedex-ship-center-db01140995,FedEx Ship Center post-office-centered national sample candidate,national_post_office_sample_candidate,food_service,osm:node:9544045391,Starbucks,,,FedEx Ship Center,HI,,21.3323642,-157.9196216,Geofabrik OpenStreetMap GeoPackage extract,2026-08-14T20:21:03Z,open,ODbL; attribution and share-alike required,packet_ready,geofabrik_named_food_service
national-post-office-hi-fedex-ship-center-db01140995,FedEx Ship Center post-office-centered national sample candidate,national_post_office_sample_candidate,food_service,osm:node:13012012734,Streats of Aloha,,,FedEx Ship Center,HI,,21.3238451,-157.8904162,Geofabrik OpenStreetMap GeoPackage extract,2026-08-14T20:21:03Z,open,ODbL; attribution and share-alike required,packet_ready,geofabrik_named_food_service
national-post-office-hi-fedex-ship-center-db01140995,FedEx Ship Center post-office-centered national sample candidate,national_post_office_sample_candidate,food_service,osm:node:12740349148,Subway,,,FedEx Ship Center,HI,,21.3448684,-157.9138542,Geofabrik OpenStreetMap GeoPackage extract,2026-08-14T20:21:03Z,open,ODbL; attribution and share-alike required,packet_ready,geofabrik_named_food_service
national-post-office-hi-fedex-ship-center-db01140995,FedEx Ship Center post-office-centered national sample candidate,national_post_office_sample_candidate,food_service,osm:node:4561055089,Subway,,,FedEx Ship Center,HI,,21.3357828,-157.9095940,Geofabrik OpenStreetMap GeoPackage extract,2026-08-14T20:21:03Z,open,ODbL; attribution and share-alike required,packet_ready,geofabrik_named_food_service
national-post-office-hi-fedex-ship-center-db01140995,FedEx Ship Center post-office-centered national sample candidate,national_post_office_sample_candidate,food_service,osm:node:7659914282,Subway,,,FedEx Ship Center,HI,,21.3213305,-157.8736820,Geofabrik OpenStreetMap GeoPackage extract,2026-08-14T20:21:03Z,open,ODbL; attribution and share-alike required,packet_ready,geofabrik_named_food_service
national-post-office-hi-fedex-ship-center-db01140995,FedEx Ship Center post-office-centered national sample candidate,national_post_office_sample_candidate,food_service,osm:node:4491316705,Sugoi,,,FedEx Ship Center,HI,,21.3217554,-157.8760045,Geofabrik OpenStreetMap GeoPackage extract,2026-08-14T20:21:03Z,open,ODbL; attribution and share-alike required,packet_ready,geofabrik_named_food_service
national-post-office-hi-fedex-ship-center-db01140995,FedEx Ship Center post-office-centered national sample candidate,national_post_office_sample_candidate,food_service,osm:node:12740349145,Sun Sun Ramen & Curry,,,FedEx Ship Center,HI,,21.3450639,-157.9138312,Geofabrik OpenStreetMap GeoPackage extract,2026-08-14T20:21:03Z,open,ODbL; attribution and share-alike required,packet_ready,geofabrik_named_food_service
national-post-office-hi-fedex-ship-center-db01140995,FedEx Ship Center post-office-centered national sample candidate,national_post_office_sample_candidate,food_service,osm:node:7041344890,Taco Bell,,,FedEx Ship Center,HI,,21.3446833,-157.9278399,Geofabrik OpenStreetMap GeoPackage extract,2026-08-14T20:21:03Z,open,ODbL; attribution and share-alike required,packet_ready,geofabrik_named_food_service
national-post-office-hi-fedex-ship-center-db01140995,FedEx Ship Center post-office-centered national sample candidate,national_post_office_sample_candidate,food_service,osm:way:256684703,Taco Bell,,,FedEx Ship Center,HI,,21.3241417,-157.8753201,Geofabrik OpenStreetMap GeoPackage extract,2026-08-14T20:21:03Z,open,ODbL; attribution and share-alike required,packet_ready,geofabrik_named_food_service
national-post-office-hi-fedex-ship-center-db01140995,FedEx Ship Center post-office-centered national sample candidate,national_post_office_sample_candidate,food_service,osm:node:4286375789,Taco Del Mar,,,FedEx Ship Center,HI,,21.3444419,-157.9286951,Geofabrik OpenStreetMap GeoPackage extract,2026-08-14T20:21:03Z,open,ODbL; attribution and share-alike required,packet_ready,geofabrik_named_food_service
national-post-office-hi-fedex-ship-center-db01140995,FedEx Ship Center post-office-centered national sample candidate,national_post_office_sample_candidate,food_service,osm:node:2623238129,Tanaka Saimin,,,FedEx Ship Center,HI,,21.3163549,-157.8744956,Geofabrik OpenStreetMap GeoPackage extract,2026-08-14T20:21:03Z,open,ODbL; attribution and share-alike required,packet_ready,geofabrik_named_food_service
national-post-office-hi-fedex-ship-center-db01140995,FedEx Ship Center post-office-centered national sample candidate,national_post_office_sample_candidate,food_service,osm:node:9845557432,Tex 808,,,FedEx Ship Center,HI,,21.3450052,-157.9290158,Geofabrik OpenStreetMap GeoPackage extract,2026-08-14T20:21:03Z,open,ODbL; attribution and share-alike required,packet_ready,geofabrik_named_food_service
national-post-office-hi-fedex-ship-center-db01140995,FedEx Ship Center post-office-centered national sample candidate,national_post_office_sample_candidate,food_service,osm:node:7530633539,Thai Village,,,FedEx Ship Center,HI,,21.3217306,-157.8760896,Geofabrik OpenStreetMap GeoPackage extract,2026-08-14T20:21:03Z,open,ODbL; attribution and share-alike required,packet_ready,geofabrik_named_food_service
national-post-office-hi-fedex-ship-center-db01140995,FedEx Ship Center post-office-centered national sample candidate,national_post_office_sample_candidate,food_service,osm:node:7530633537,Thang’s French Coffee & Boba Tea,,,FedEx Ship Center,HI,,21.3217956,-157.8758251,Geofabrik OpenStreetMap GeoPackage extract,2026-08-14T20:21:03Z,open,ODbL; attribution and share-alike required,packet_ready,geofabrik_named_food_service
national-post-office-hi-fedex-ship-center-db01140995,FedEx Ship Center post-office-centered national sample candidate,national_post_office_sample_candidate,food_service,osm:way:478918861,The Lanai at Mamala Bay,,,FedEx Ship Center,HI,,21.3174805,-157.9525191,Geofabrik OpenStreetMap GeoPackage extract,2026-08-14T20:21:03Z,open,ODbL; attribution and share-alike required,packet_ready,geofabrik_named_food_service
national-post-office-hi-fedex-ship-center-db01140995,FedEx Ship Center post-office-centered national sample candidate,national_post_office_sample_candidate,food_service,osm:node:3926255675,The Local @ HNL,,,FedEx Ship Center,HI,,21.3314011,-157.9192863,Geofabrik OpenStreetMap GeoPackage extract,2026-08-14T20:21:03Z,open,ODbL; attribution and share-alike required,packet_ready,geofabrik_named_food_service
national-post-office-hi-fedex-ship-center-db01140995,FedEx Ship Center post-office-centered national sample candidate,national_post_office_sample_candidate,food_service,osm:node:10088169837,Torn Basil Pizza,,,FedEx Ship Center,HI,,21.3342480,-157.9239818,Geofabrik OpenStreetMap GeoPackage extract,2026-08-14T20:21:03Z,open,ODbL; attribution and share-alike required,packet_ready,geofabrik_named_food_service
national-post-office-hi-fedex-ship-center-db01140995,FedEx Ship Center post-office-centered national sample candidate,national_post_office_sample_candidate,food_service,osm:node:9760551618,United Club Airport Lounge,,,FedEx Ship Center,HI,,21.3296419,-157.9169376,Geofabrik OpenStreetMap GeoPackage extract,2026-08-14T20:21:03Z,open,ODbL; attribution and share-alike required,packet_ready,geofabrik_named_food_service
national-post-office-hi-fedex-ship-center-db01140995,FedEx Ship Center post-office-centered national sample candidate,national_post_office_sample_candidate,food_service,osm:node:7536115938,Utage Restaurant & Lounge,,,FedEx Ship Center,HI,,21.3217096,-157.8761855,Geofabrik OpenStreetMap GeoPackage extract,2026-08-14T20:21:03Z,open,ODbL; attribution and share-alike required,packet_ready,geofabrik_named_food_service
national-post-office-hi-fedex-ship-center-db01140995,FedEx Ship Center post-office-centered national sample candidate,national_post_office_sample_candidate,food_service,osm:way:256686995,Wendy's,,,FedEx Ship Center,HI,,21.3363960,-157.9017035,Geofabrik OpenStreetMap GeoPackage extract,2026-08-14T20:21:03Z,open,ODbL; attribution and share-alike required,packet_ready,geofabrik_named_food_service
national-post-office-hi-fedex-ship-center-db01140995,FedEx Ship Center post-office-centered national sample candidate,national_post_office_sample_candidate,food_service,osm:node:5673790955,Yohei Sushi,,,FedEx Ship Center,HI,,21.3212993,-157.8734330,Geofabrik OpenStreetMap GeoPackage extract,2026-08-14T20:21:03Z,open,ODbL; attribution and share-alike required,packet_ready,geofabrik_named_food_service
national-post-office-hi-fedex-ship-center-db01140995,FedEx Ship Center post-office-centered national sample candidate,national_post_office_sample_candidate,food_service,osm:node:11140163754,Yummy Korean B-B-Q,,,FedEx Ship Center,HI,,21.3448151,-157.9288044,Geofabrik OpenStreetMap GeoPackage extract,2026-08-14T20:21:03Z,open,ODbL; attribution and share-alike required,packet_ready,geofabrik_named_food_service
national-post-office-hi-fedex-ship-center-db01140995,FedEx Ship Center post-office-centered national sample candidate,national_post_office_sample_candidate,food_service,osm:way:1028283255,Zippy's,,,FedEx Ship Center,HI,,21.3134290,-157.8705338,Geofabrik OpenStreetMap GeoPackage extract,2026-08-14T20:21:03Z,open,ODbL; attribution and share-alike required,packet_ready,geofabrik_named_food_service
national-post-office-hi-fedex-ship-center-db01140995,FedEx Ship Center post-office-centered national sample candidate,national_post_office_sample_candidate,food_service,osm:way:450295643,Zippy's,,,FedEx Ship Center,HI,,21.3229082,-157.8739038,Geofabrik OpenStreetMap GeoPackage extract,2026-08-14T20:21:03Z,open,ODbL; attribution and share-alike required,packet_ready,geofabrik_named_food_service
national-post-office-hi-fedex-ship-center-db01140995,FedEx Ship Center post-office-centered national sample candidate,national_post_office_sample_candidate,food_service,osm:node:13012012732,da Fresh French Coffee & Island Style Smoothie,,,FedEx Ship Center,HI,,21.3236268,-157.8905903,Geofabrik OpenStreetMap GeoPackage extract,2026-08-14T20:21:03Z,open,ODbL; attribution and share-alike required,packet_ready,geofabrik_named_food_service
national-post-office-hi-hawaii-kai-station-35e19a89d6,Hawaii Kai Station post-office-centered national sample candidate,national_post_office_sample_candidate,food_service,osm:node:7502606854,,,,Hawaii Kai Station,HI,,21.2787082,-157.7046405,Geofabrik OpenStreetMap GeoPackage extract,2026-08-14T20:21:03Z,open,ODbL; attribution and share-alike required,exclude,unnamed_food_service_anchor
national-post-office-hi-hawaii-kai-station-35e19a89d6,Hawaii Kai Station post-office-centered national sample candidate,national_post_office_sample_candidate,food_service,osm:way:1511176424,,,,Hawaii Kai Station,HI,,21.2857429,-157.7397903,Geofabrik OpenStreetMap GeoPackage extract,2026-08-14T20:21:03Z,open,ODbL; attribution and share-alike required,exclude,unnamed_food_service_anchor
national-post-office-hi-hawaii-kai-station-35e19a89d6,Hawaii Kai Station post-office-centered national sample candidate,national_post_office_sample_candidate,food_service,osm:node:10085843722,Assagio’s,,,Hawaii Kai Station,HI,,21.2783479,-157.7050611,Geofabrik OpenStreetMap GeoPackage extract,2026-08-14T20:21:03Z,open,ODbL; attribution and share-alike required,packet_ready,geofabrik_named_food_service
national-post-office-hi-hawaii-kai-station-35e19a89d6,Hawaii Kai Station post-office-centered national sample candidate,national_post_office_sample_candidate,food_service,osm:node:9975925917,Ba Le,,,Hawaii Kai Station,HI,,21.2846924,-157.7083666,Geofabrik OpenStreetMap GeoPackage extract,2026-08-14T20:21:03Z,open,ODbL; attribution and share-alike required,packet_ready,geofabrik_named_food_service
national-post-office-hi-hawaii-kai-station-35e19a89d6,Hawaii Kai Station post-office-centered national sample candidate,national_post_office_sample_candidate,food_service,osm:way:363008513,Bay Rock Cafe,,,Hawaii Kai Station,HI,,21.2733775,-157.6942962,Geofabrik OpenStreetMap GeoPackage extract,2026-08-14T20:21:03Z,open,ODbL; attribution and share-alike required,packet_ready,geofabrik_named_food_service
national-post-office-hi-hawaii-kai-station-35e19a89d6,Hawaii Kai Station post-office-centered national sample candidate,national_post_office_sample_candidate,food_service,osm:node:9920045003,Bobo Bao,,,Hawaii Kai Station,HI,,21.2847382,-157.7083889,Geofabrik OpenStreetMap GeoPackage extract,2026-08-14T20:21:03Z,open,ODbL; attribution and share-alike required,packet_ready,geofabrik_named_food_service
national-post-office-hi-hawaii-kai-station-35e19a89d6,Hawaii Kai Station post-office-centered national sample candidate,national_post_office_sample_candidate,food_service,osm:node:5160131481,Boston Pizza,,,Hawaii Kai Station,HI,,21.2941731,-157.7104620,Geofabrik OpenStreetMap GeoPackage extract,2026-08-14T20:21:03Z,open,ODbL; attribution and share-alike required,packet_ready,geofabrik_named_food_service
national-post-office-hi-hawaii-kai-station-35e19a89d6,Hawaii Kai Station post-office-centered national sample candidate,national_post_office_sample_candidate,food_service,osm:node:9345316810,Cafe Asia,,,Hawaii Kai Station,HI,,21.2824359,-157.7361165,Geofabrik OpenStreetMap GeoPackage extract,2026-08-14T20:21:03Z,open,ODbL; attribution and share-alike required,packet_ready,geofabrik_named_food_service
national-post-office-hi-hawaii-kai-station-35e19a89d6,Hawaii Kai Station post-office-centered national sample candidate,national_post_office_sample_candidate,food_service,osm:node:7530763585,Chopsticks,,,Hawaii Kai Station,HI,,21.2831010,-157.7121080,Geofabrik OpenStreetMap GeoPackage extract,2026-08-14T20:21:03Z,open,ODbL; attribution and share-alike required,packet_ready,geofabrik_named_food_service
national-post-office-hi-hawaii-kai-station-35e19a89d6,Hawaii Kai Station post-office-centered national sample candidate,national_post_office_sample_candidate,food_service,osm:node:7530915185,Domino's,,,Hawaii Kai Station,HI,,21.2830522,-157.7119690,Geofabrik OpenStreetMap GeoPackage extract,2026-08-14T20:21:03Z,open,ODbL; attribution and share-alike required,packet_ready,geofabrik_named_food_service
national-post-office-hi-hawaii-kai-station-35e19a89d6,Hawaii Kai Station post-office-centered national sample candidate,national_post_office_sample_candidate,food_service,osm:way:816335411,Food Services,,,Hawaii Kai Station,HI,,21.2850935,-157.6945387,Geofabrik OpenStreetMap GeoPackage extract,2026-08-14T20:21:03Z,open,ODbL; attribution and share-alike required,packet_ready,geofabrik_named_food_service
national-post-office-hi-hawaii-kai-station-35e19a89d6,Hawaii Kai Station post-office-centered national sample candidate,national_post_office_sample_candidate,food_service,osm:node:7654184666,Greek Marina,,,Hawaii Kai Station,HI,,21.2778452,-157.7056698,Geofabrik OpenStreetMap GeoPackage extract,2026-08-14T20:21:03Z,open,ODbL; attribution and share-alike required,packet_ready,geofabrik_named_food_service
national-post-office-hi-hawaii-kai-station-35e19a89d6,Hawaii Kai Station post-office-centered national sample candidate,national_post_office_sample_candidate,food_service,osm:node:8001486598,Gyotaku,,,Hawaii Kai Station,HI,,21.2825291,-157.7359513,Geofabrik OpenStreetMap GeoPackage extract,2026-08-14T20:21:03Z,open,ODbL; attribution and share-alike required,packet_ready,geofabrik_named_food_service
national-post-office-hi-hawaii-kai-station-35e19a89d6,Hawaii Kai Station post-office-centered national sample candidate,national_post_office_sample_candidate,food_service,osm:node:7661827915,Hana Sushi,,,Hawaii Kai Station,HI,,21.2856594,-157.7070672,Geofabrik OpenStreetMap GeoPackage extract,2026-08-14T20:21:03Z,open,ODbL; attribution and share-alike required,packet_ready,geofabrik_named_food_service
national-post-office-hi-hawaii-kai-station-35e19a89d6,Hawaii Kai Station post-office-centered national sample candidate,national_post_office_sample_candidate,food_service,osm:node:3117889130,Island Brew Coffeehouse,,,Hawaii Kai Station,HI,,21.2841217,-157.7071137,Geofabrik OpenStreetMap GeoPackage extract,2026-08-14T20:21:03Z,open,ODbL; attribution and share-alike required,packet_ready,geofabrik_named_food_service
national-post-office-hi-hawaii-kai-station-35e19a89d6,Hawaii Kai Station post-office-centered national sample candidate,national_post_office_sample_candidate,food_service,osm:way:858330701,Jack in the Box,,,Hawaii Kai Station,HI,,21.2820987,-157.7361184,Geofabrik OpenStreetMap GeoPackage extract,2026-08-14T20:21:03Z,open,ODbL; attribution and share-alike required,packet_ready,geofabrik_named_food_service
national-post-office-hi-hawaii-kai-station-35e19a89d6,Hawaii Kai Station post-office-centered national sample candidate,national_post_office_sample_candidate,food_service,osm:node:7478130785,Jamba,,,Hawaii Kai Station,HI,,21.2778029,-157.7056230,Geofabrik OpenStreetMap GeoPackage extract,2026-08-14T20:21:03Z,open,ODbL; attribution and share-alike required,packet_ready,geofabrik_named_food_service
national-post-office-hi-hawaii-kai-station-35e19a89d6,Hawaii Kai Station post-office-centered national sample candidate,national_post_office_sample_candidate,food_service,osm:node:13419096446,Kim's BBQ,,,Hawaii Kai Station,HI,,21.2782693,-157.7053031,Geofabrik OpenStreetMap GeoPackage extract,2026-08-14T20:21:03Z,open,ODbL; attribution and share-alike required,packet_ready,geofabrik_named_food_service
national-post-office-hi-hawaii-kai-station-35e19a89d6,Hawaii Kai Station post-office-centered national sample candidate,national_post_office_sample_candidate,food_service,osm:node:7530889385,Koa Pancake House,,,Hawaii Kai Station,HI,,21.2830760,-157.7120403,Geofabrik OpenStreetMap GeoPackage extract,2026-08-14T20:21:03Z,open,ODbL; attribution and share-alike required,packet_ready,geofabrik_named_food_service
national-post-office-hi-hawaii-kai-station-35e19a89d6,Hawaii Kai Station post-office-centered national sample candidate,national_post_office_sample_candidate,food_service,osm:node:9920045000,L&L Hawaiian Barbecue,,,Hawaii Kai Station,HI,,21.2846520,-157.7083502,Geofabrik OpenStreetMap GeoPackage extract,2026-08-14T20:21:03Z,open,ODbL; attribution and share-alike required,packet_ready,geofabrik_named_food_service
national-post-office-hi-hawaii-kai-station-35e19a89d6,Hawaii Kai Station post-office-centered national sample candidate,national_post_office_sample_candidate,food_service,osm:node:13302109177,Leahi Health,,,Hawaii Kai Station,HI,,21.2842799,-157.7074345,Geofabrik OpenStreetMap GeoPackage extract,2026-08-14T20:21:03Z,open,ODbL; attribution and share-alike required,packet_ready,geofabrik_named_food_service
national-post-office-hi-hawaii-kai-station-35e19a89d6,Hawaii Kai Station post-office-centered national sample candidate,national_post_office_sample_candidate,food_service,osm:node:7654139537,Loco Moco,,,Hawaii Kai Station,HI,,21.2769113,-157.7052459,Geofabrik OpenStreetMap GeoPackage extract,2026-08-14T20:21:03Z,open,ODbL; attribution and share-alike required,packet_ready,geofabrik_named_food_service
national-post-office-hi-hawaii-kai-station-35e19a89d6,Hawaii Kai Station post-office-centered national sample candidate,national_post_office_sample_candidate,food_service,osm:node:9457175241,Maile's Thai,,,Hawaii Kai Station,HI,,21.2832102,-157.7108374,Geofabrik OpenStreetMap GeoPackage extract,2026-08-14T20:21:03Z,open,ODbL; attribution and share-alike required,packet_ready,geofabrik_named_food_service
national-post-office-hi-hawaii-kai-station-35e19a89d6,Hawaii Kai Station post-office-centered national sample candidate,national_post_office_sample_candidate,food_service,osm:way:158618146,McDonald's,,,Hawaii Kai Station,HI,,21.2853182,-157.7080892,Geofabrik OpenStreetMap GeoPackage extract,2026-08-14T20:21:03Z,open,ODbL; attribution and share-alike required,packet_ready,geofabrik_named_food_service
national-post-office-hi-hawaii-kai-station-35e19a89d6,Hawaii Kai Station post-office-centered national sample candidate,national_post_office_sample_candidate,food_service,osm:node:9831761733,Moena Cafe,,,Hawaii Kai Station,HI,,21.2786220,-157.7047234,Geofabrik OpenStreetMap GeoPackage extract,2026-08-14T20:21:03Z,open,ODbL; attribution and share-alike required,packet_ready,geofabrik_named_food_service
national-post-office-hi-hawaii-kai-station-35e19a89d6,Hawaii Kai Station post-office-centered national sample candidate,national_post_office_sample_candidate,food_service,osm:node:10085892341,Māla Market,,,Hawaii Kai Station,HI,,21.2829770,-157.7106799,Geofabrik OpenStreetMap GeoPackage extract,2026-08-14T20:21:03Z,open,ODbL; attribution and share-alike required,packet_ready,geofabrik_named_food_service
national-post-office-hi-hawaii-kai-station-35e19a89d6,Hawaii Kai Station post-office-centered national sample candidate,national_post_office_sample_candidate,food_service,osm:node:7689658207,Paiea Cafe,,,Hawaii Kai Station,HI,,21.2779026,-157.7054062,Geofabrik OpenStreetMap GeoPackage extract,2026-08-14T20:21:03Z,open,ODbL; attribution and share-alike required,packet_ready,geofabrik_named_food_service
national-post-office-hi-hawaii-kai-station-35e19a89d6,Hawaii Kai Station post-office-centered national sample candidate,national_post_office_sample_candidate,food_service,osm:node:7531179401,Panda Express,,,Hawaii Kai Station,HI,,21.2830957,-157.7110932,Geofabrik OpenStreetMap GeoPackage extract,2026-08-14T20:21:03Z,open,ODbL; attribution and share-alike required,packet_ready,geofabrik_named_food_service
national-post-office-hi-hawaii-kai-station-35e19a89d6,Hawaii Kai Station post-office-centered national sample candidate,national_post_office_sample_candidate,food_service,osm:node:9345316809,Pho Time,,,Hawaii Kai Station,HI,,21.2825722,-157.7357780,Geofabrik OpenStreetMap GeoPackage extract,2026-08-14T20:21:03Z,open,ODbL; attribution and share-alike required,packet_ready,geofabrik_named_food_service
national-post-office-hi-hawaii-kai-station-35e19a89d6,Hawaii Kai Station post-office-centered national sample candidate,national_post_office_sample_candidate,food_service,osm:way:245601611,Raising Cane's,,,Hawaii Kai Station,HI,,21.2839660,-157.7115466,Geofabrik OpenStreetMap GeoPackage extract,2026-08-14T20:21:03Z,open,ODbL; attribution and share-alike required,packet_ready,geofabrik_named_food_service
national-post-office-hi-hawaii-kai-station-35e19a89d6,Hawaii Kai Station post-office-centered national sample candidate,national_post_office_sample_candidate,food_service,osm:node:7531015985,Ramen Ya,,,Hawaii Kai Station,HI,,21.2829664,-157.7117548,Geofabrik OpenStreetMap GeoPackage extract,2026-08-14T20:21:03Z,open,ODbL; attribution and share-alike required,packet_ready,geofabrik_named_food_service
national-post-office-hi-hawaii-kai-station-35e19a89d6,Hawaii Kai Station post-office-centered national sample candidate,national_post_office_sample_candidate,food_service,osm:node:7607723594,Roy's Hawaii Kai,,,Hawaii Kai Station,HI,,21.2831250,-157.7145684,Geofabrik OpenStreetMap GeoPackage extract,2026-08-14T20:21:03Z,open,ODbL; attribution and share-alike required,packet_ready,geofabrik_named_food_service
national-post-office-hi-hawaii-kai-station-35e19a89d6,Hawaii Kai Station post-office-centered national sample candidate,national_post_office_sample_candidate,food_service,osm:way:591361750,Snack Shop,,,Hawaii Kai Station,HI,,21.3139141,-157.6625392,Geofabrik OpenStreetMap GeoPackage extract,2026-08-14T20:21:03Z,open,ODbL; attribution and share-alike required,packet_ready,geofabrik_named_food_service
national-post-office-hi-hawaii-kai-station-35e19a89d6,Hawaii Kai Station post-office-centered national sample candidate,national_post_office_sample_candidate,food_service,osm:node:2910438230,Starbucks,,,Hawaii Kai Station,HI,,21.2771764,-157.7055130,Geofabrik OpenStreetMap GeoPackage extract,2026-08-14T20:21:03Z,open,ODbL; attribution and share-alike required,packet_ready,geofabrik_named_food_service
national-post-office-hi-hawaii-kai-station-35e19a89d6,Hawaii Kai Station post-office-centered national sample candidate,national_post_office_sample_candidate,food_service,osm:node:8389390203,Starbucks,,,Hawaii Kai Station,HI,,21.2831527,-157.7109602,Geofabrik OpenStreetMap GeoPackage extract,2026-08-14T20:21:03Z,open,ODbL; attribution and share-alike required,packet_ready,geofabrik_named_food_service
national-post-office-hi-hawaii-kai-station-35e19a89d6,Hawaii Kai Station post-office-centered national sample candidate,national_post_office_sample_candidate,food_service,osm:node:9374750579,Starbucks,,,Hawaii Kai Station,HI,,21.2848694,-157.7067498,Geofabrik OpenStreetMap GeoPackage extract,2026-08-14T20:21:03Z,open,ODbL; attribution and share-alike required,packet_ready,geofabrik_named_food_service
national-post-office-hi-hawaii-kai-station-35e19a89d6,Hawaii Kai Station post-office-centered national sample candidate,national_post_office_sample_candidate,food_service,osm:node:7504791437,Subway,,,Hawaii Kai Station,HI,,21.2772867,-157.7054943,Geofabrik OpenStreetMap GeoPackage extract,2026-08-14T20:21:03Z,open,ODbL; attribution and share-alike required,packet_ready,geofabrik_named_food_service
national-post-office-hi-hawaii-kai-station-35e19a89d6,Hawaii Kai Station post-office-centered national sample candidate,national_post_office_sample_candidate,food_service,osm:node:13409425532,Surf Camp,,,Hawaii Kai Station,HI,,21.2831839,-157.7353874,Geofabrik OpenStreetMap GeoPackage extract,2026-08-14T20:21:03Z,open,ODbL; attribution and share-alike required,packet_ready,geofabrik_named_food_service
national-post-office-hi-hawaii-kai-station-35e19a89d6,Hawaii Kai Station post-office-centered national sample candidate,national_post_office_sample_candidate,food_service,osm:node:2910438231,Sushiman,,,Hawaii Kai Station,HI,,21.2830153,-157.7106988,Geofabrik OpenStreetMap GeoPackage extract,2026-08-14T20:21:03Z,open,ODbL; attribution and share-alike required,packet_ready,geofabrik_named_food_service
national-post-office-hi-hawaii-kai-station-35e19a89d6,Hawaii Kai Station post-office-centered national sample candidate,national_post_office_sample_candidate,food_service,osm:node:13412928489,TEX 808,,,Hawaii Kai Station,HI,,21.2842536,-157.7068213,Geofabrik OpenStreetMap GeoPackage extract,2026-08-14T20:21:03Z,open,ODbL; attribution and share-alike required,packet_ready,geofabrik_named_food_service
national-post-office-hi-hawaii-kai-station-35e19a89d6,Hawaii Kai Station post-office-centered national sample candidate,national_post_office_sample_candidate,food_service,osm:way:144677139,Taco Bell,,,Hawaii Kai Station,HI,,21.2773574,-157.7043238,Geofabrik OpenStreetMap GeoPackage extract,2026-08-14T20:21:03Z,open,ODbL; attribution and share-alike required,packet_ready,geofabrik_named_food_service
national-post-office-hi-hawaii-kai-station-35e19a89d6,Hawaii Kai Station post-office-centered national sample candidate,national_post_office_sample_candidate,food_service,osm:node:7654139543,Teapresso Bar,,,Hawaii Kai Station,HI,,21.2769102,-157.7052477,Geofabrik OpenStreetMap GeoPackage extract,2026-08-14T20:21:03Z,open,ODbL; attribution and share-alike required,packet_ready,geofabrik_named_food_service
national-post-office-hi-hawaii-kai-station-35e19a89d6,Hawaii Kai Station post-office-centered national sample candidate,national_post_office_sample_candidate,food_service,osm:node:7478115485,Teddy's Bigger Burgers,,,Hawaii Kai Station,HI,,21.2778579,-157.7054525,Geofabrik OpenStreetMap GeoPackage extract,2026-08-14T20:21:03Z,open,ODbL; attribution and share-alike required,packet_ready,geofabrik_named_food_service
national-post-office-hi-hawaii-kai-station-35e19a89d6,Hawaii Kai Station post-office-centered national sample candidate,national_post_office_sample_candidate,food_service,osm:node:9902819803,Vons Chicken,,,Hawaii Kai Station,HI,,21.2842171,-157.7071060,Geofabrik OpenStreetMap GeoPackage extract,2026-08-14T20:21:03Z,open,ODbL; attribution and share-alike required,packet_ready,geofabrik_named_food_service
national-post-office-hi-hawaii-kai-station-35e19a89d6,Hawaii Kai Station post-office-centered national sample candidate,national_post_office_sample_candidate,food_service,osm:way:802097863,Zippy's,,,Hawaii Kai Station,HI,,21.2789387,-157.7045892,Geofabrik OpenStreetMap GeoPackage extract,2026-08-14T20:21:03Z,open,ODbL; attribution and share-alike required,packet_ready,geofabrik_named_food_service
national-post-office-hi-holualoa-792d6ec145,Holualoa post-office-centered national sample candidate,national_post_office_sample_candidate,food_service,osm:way:234730699,Banyan Tree Cafe,,,Holualoa,HI,,19.6324869,-155.9842487,Geofabrik OpenStreetMap GeoPackage extract,2026-08-14T20:21:03Z,open,ODbL; attribution and share-alike required,packet_ready,geofabrik_named_food_service
national-post-office-hi-holualoa-792d6ec145,Holualoa post-office-centered national sample candidate,national_post_office_sample_candidate,food_service,osm:way:384083838,Basik Açaí Cafe,,,Holualoa,HI,,19.6330162,-155.9897579,Geofabrik OpenStreetMap GeoPackage extract,2026-08-14T20:21:03Z,open,ODbL; attribution and share-alike required,packet_ready,geofabrik_named_food_service
national-post-office-hi-holualoa-792d6ec145,Holualoa post-office-centered national sample candidate,national_post_office_sample_candidate,food_service,osm:way:687252038,Big Island Grill,,,Holualoa,HI,,19.6400849,-155.9923275,Geofabrik OpenStreetMap GeoPackage extract,2026-08-14T20:21:03Z,open,ODbL; attribution and share-alike required,packet_ready,geofabrik_named_food_service
national-post-office-hi-holualoa-792d6ec145,Holualoa post-office-centered national sample candidate,national_post_office_sample_candidate,food_service,osm:way:687906617,Bongo Ben's Island Cafe,,,Holualoa,HI,,19.6338968,-155.9895399,Geofabrik OpenStreetMap GeoPackage extract,2026-08-14T20:21:03Z,open,ODbL; attribution and share-alike required,packet_ready,geofabrik_named_food_service
national-post-office-hi-holualoa-792d6ec145,Holualoa post-office-centered national sample candidate,national_post_office_sample_candidate,food_service,osm:node:2611680980,Da Poke Shack,,,Holualoa,HI,,19.6079228,-155.9771945,Geofabrik OpenStreetMap GeoPackage extract,2026-08-14T20:21:03Z,open,ODbL; attribution and share-alike required,packet_ready,geofabrik_named_food_service
national-post-office-hi-holualoa-792d6ec145,Holualoa post-office-centered national sample candidate,national_post_office_sample_candidate,food_service,osm:node:4865378810,Daylight Mind Cafe,,,Holualoa,HI,,19.6442201,-155.9929516,Geofabrik OpenStreetMap GeoPackage extract,2026-08-14T20:21:03Z,open,ODbL; attribution and share-alike required,packet_ready,geofabrik_named_food_service
national-post-office-hi-holualoa-792d6ec145,Holualoa post-office-centered national sample candidate,national_post_office_sample_candidate,food_service,osm:way:438942625,Denny's,,,Holualoa,HI,,19.6459309,-155.9892085,Geofabrik OpenStreetMap GeoPackage extract,2026-08-14T20:21:03Z,open,ODbL; attribution and share-alike required,packet_ready,geofabrik_named_food_service
national-post-office-hi-holualoa-792d6ec145,Holualoa post-office-centered national sample candidate,national_post_office_sample_candidate,food_service,osm:node:4326445290,Domino's,,,Holualoa,HI,,19.6473022,-155.9893114,Geofabrik OpenStreetMap GeoPackage extract,2026-08-14T20:21:03Z,open,ODbL; attribution and share-alike required,packet_ready,geofabrik_named_food_service
national-post-office-hi-holualoa-792d6ec145,Holualoa post-office-centered national sample candidate,national_post_office_sample_candidate,food_service,osm:node:9177586210,Don’s the Beachcomber Tiki Grill,,,Holualoa,HI,,19.6322309,-155.9905594,Geofabrik OpenStreetMap GeoPackage extract,2026-08-14T20:21:03Z,open,ODbL; attribution and share-alike required,packet_ready,geofabrik_named_food_service
national-post-office-hi-holualoa-792d6ec145,Holualoa post-office-centered national sample candidate,national_post_office_sample_candidate,food_service,osm:node:4322373489,Evolution Bakery & Cafe,,,Holualoa,HI,,19.6342800,-155.9890970,Geofabrik OpenStreetMap GeoPackage extract,2026-08-14T20:21:03Z,open,ODbL; attribution and share-alike required,packet_ready,geofabrik_named_food_service
national-post-office-hi-holualoa-792d6ec145,Holualoa post-office-centered national sample candidate,national_post_office_sample_candidate,food_service,osm:node:7759292120,Foster's Kitchen,,,Holualoa,HI,,19.6347619,-155.9898742,Geofabrik OpenStreetMap GeoPackage extract,2026-08-14T20:21:03Z,open,ODbL; attribution and share-alike required,packet_ready,geofabrik_named_food_service
national-post-office-hi-holualoa-792d6ec145,Holualoa post-office-centered national sample candidate,national_post_office_sample_candidate,food_service,osm:node:4322372089,Get Sum,,,Holualoa,HI,,19.6342383,-155.9890620,Geofabrik OpenStreetMap GeoPackage extract,2026-08-14T20:21:03Z,open,ODbL; attribution and share-alike required,packet_ready,geofabrik_named_food_service
national-post-office-hi-holualoa-792d6ec145,Holualoa post-office-centered national sample candidate,national_post_office_sample_candidate,food_service,osm:node:3715751989,Green Flash Coffee,,,Holualoa,HI,,19.6220908,-155.9853634,Geofabrik OpenStreetMap GeoPackage extract,2026-08-14T20:21:03Z,open,ODbL; attribution and share-alike required,packet_ready,geofabrik_named_food_service
national-post-office-hi-holualoa-792d6ec145,Holualoa post-office-centered national sample candidate,national_post_office_sample_candidate,food_service,osm:way:384065181,Habaneros Grill,,,Holualoa,HI,,19.6309104,-155.9884029,Geofabrik OpenStreetMap GeoPackage extract,2026-08-14T20:21:03Z,open,ODbL; attribution and share-alike required,packet_ready,geofabrik_named_food_service
national-post-office-hi-holualoa-792d6ec145,Holualoa post-office-centered national sample candidate,national_post_office_sample_candidate,food_service,osm:way:891389997,Herbivores,,,Holualoa,HI,,19.6398862,-155.9918311,Geofabrik OpenStreetMap GeoPackage extract,2026-08-14T20:21:03Z,open,ODbL; attribution and share-alike required,packet_ready,geofabrik_named_food_service
national-post-office-hi-holualoa-792d6ec145,Holualoa post-office-centered national sample candidate,national_post_office_sample_candidate,food_service,osm:node:4170312993,Holuakoa Gardens & Cafe,,,Holualoa,HI,,19.6209076,-155.9490290,Geofabrik OpenStreetMap GeoPackage extract,2026-08-14T20:21:03Z,open,ODbL; attribution and share-alike required,packet_ready,geofabrik_named_food_service
national-post-office-hi-holualoa-792d6ec145,Holualoa post-office-centered national sample candidate,national_post_office_sample_candidate,food_service,osm:node:4872551221,Holualoa Gardens Restuarant,,,Holualoa,HI,,19.6205883,-155.9489443,Geofabrik OpenStreetMap GeoPackage extract,2026-08-14T20:21:03Z,open,ODbL; attribution and share-alike required,packet_ready,geofabrik_named_food_service
national-post-office-hi-holualoa-792d6ec145,Holualoa post-office-centered national sample candidate,national_post_office_sample_candidate,food_service,osm:node:2086354826,Huggo's,,,Holualoa,HI,,19.6331722,-155.9899438,Geofabrik OpenStreetMap GeoPackage extract,2026-08-14T20:21:03Z,open,ODbL; attribution and share-alike required,packet_ready,geofabrik_named_food_service
national-post-office-hi-holualoa-792d6ec145,Holualoa post-office-centered national sample candidate,national_post_office_sample_candidate,food_service,osm:node:6381885187,Island Ono Loa Grill,,,Holualoa,HI,,19.6355681,-155.9899329,Geofabrik OpenStreetMap GeoPackage extract,2026-08-14T20:21:03Z,open,ODbL; attribution and share-alike required,packet_ready,geofabrik_named_food_service
national-post-office-hi-holualoa-792d6ec145,Holualoa post-office-centered national sample candidate,national_post_office_sample_candidate,food_service,osm:way:439081941,Jack in the Box,,,Holualoa,HI,,19.6413266,-155.9917750,Geofabrik OpenStreetMap GeoPackage extract,2026-08-14T20:21:03Z,open,ODbL; attribution and share-alike required,packet_ready,geofabrik_named_food_service
national-post-office-hi-holualoa-792d6ec145,Holualoa post-office-centered national sample candidate,national_post_office_sample_candidate,food_service,osm:node:4326351490,Jackie Rey's Ohana Grill,,,Holualoa,HI,,19.6268150,-155.9821750,Geofabrik OpenStreetMap GeoPackage extract,2026-08-14T20:21:03Z,open,ODbL; attribution and share-alike required,packet_ready,geofabrik_named_food_service
national-post-office-hi-holualoa-792d6ec145,Holualoa post-office-centered national sample candidate,national_post_office_sample_candidate,food_service,osm:node:11013296451,Kona Elks Hawaii Lodge #2616,,,Holualoa,HI,,19.6376817,-155.9894677,Geofabrik OpenStreetMap GeoPackage extract,2026-08-14T20:21:03Z,open,ODbL; attribution and share-alike required,packet_ready,geofabrik_named_food_service
national-post-office-hi-holualoa-792d6ec145,Holualoa post-office-centered national sample candidate,national_post_office_sample_candidate,food_service,osm:node:12187104394,Kona Haven Coffee,,,Holualoa,HI,,19.6347030,-155.9898545,Geofabrik OpenStreetMap GeoPackage extract,2026-08-14T20:21:03Z,open,ODbL; attribution and share-alike required,packet_ready,geofabrik_named_food_service
national-post-office-hi-holualoa-792d6ec145,Holualoa post-office-centered national sample candidate,national_post_office_sample_candidate,food_service,osm:node:5465899937,Kona Inn Restaurant,,,Holualoa,HI,,19.6382777,-155.9934922,Geofabrik OpenStreetMap GeoPackage extract,2026-08-14T20:21:03Z,open,ODbL; attribution and share-alike required,packet_ready,geofabrik_named_food_service
national-post-office-hi-holualoa-792d6ec145,Holualoa post-office-centered national sample candidate,national_post_office_sample_candidate,food_service,osm:node:5465899938,Kona Teang On,,,Holualoa,HI,,19.6384278,-155.9935652,Geofabrik OpenStreetMap GeoPackage extract,2026-08-14T20:21:03Z,open,ODbL; attribution and share-alike required,packet_ready,geofabrik_named_food_service
national-post-office-hi-holualoa-792d6ec145,Holualoa post-office-centered national sample candidate,national_post_office_sample_candidate,food_service,osm:way:260244440,Krua Thai Cuisine,,,Holualoa,HI,,19.6406254,-155.9919892,Geofabrik OpenStreetMap GeoPackage extract,2026-08-14T20:21:03Z,open,ODbL; attribution and share-alike required,packet_ready,geofabrik_named_food_service
national-post-office-hi-holualoa-792d6ec145,Holualoa post-office-centered national sample candidate,national_post_office_sample_candidate,food_service,osm:node:12015636615,L&L Hawaiian Barbecue,,,Holualoa,HI,,19.6443935,-155.9932308,Geofabrik OpenStreetMap GeoPackage extract,2026-08-14T20:21:03Z,open,ODbL; attribution and share-alike required,packet_ready,geofabrik_named_food_service
national-post-office-hi-holualoa-792d6ec145,Holualoa post-office-centered national sample candidate,national_post_office_sample_candidate,food_service,osm:node:5452180721,La Bourgune French Cuisine,,,Holualoa,HI,,19.6054657,-155.9628429,Geofabrik OpenStreetMap GeoPackage extract,2026-08-14T20:21:03Z,open,ODbL; attribution and share-alike required,packet_ready,geofabrik_named_food_service
national-post-office-hi-holualoa-792d6ec145,Holualoa post-office-centered national sample candidate,national_post_office_sample_candidate,food_service,osm:node:6699809385,Lava Java,,,Holualoa,HI,,19.6349626,-155.9900196,Geofabrik OpenStreetMap GeoPackage extract,2026-08-14T20:21:03Z,open,ODbL; attribution and share-alike required,packet_ready,geofabrik_named_food_service
national-post-office-hi-holualoa-792d6ec145,Holualoa post-office-centered national sample candidate,national_post_office_sample_candidate,food_service,osm:node:3929897592,Lemongrass Bistro,,,Holualoa,HI,,19.6386127,-155.9909566,Geofabrik OpenStreetMap GeoPackage extract,2026-08-14T20:21:03Z,open,ODbL; attribution and share-alike required,packet_ready,geofabrik_named_food_service
national-post-office-hi-holualoa-792d6ec145,Holualoa post-office-centered national sample candidate,national_post_office_sample_candidate,food_service,osm:node:12015636614,Loko Wraps,,,Holualoa,HI,,19.6444438,-155.9933833,Geofabrik OpenStreetMap GeoPackage extract,2026-08-14T20:21:03Z,open,ODbL; attribution and share-alike required,packet_ready,geofabrik_named_food_service
national-post-office-hi-holualoa-792d6ec145,Holualoa post-office-centered national sample candidate,national_post_office_sample_candidate,food_service,osm:node:10225093698,Magics Beach Grill,,,Holualoa,HI,,19.5948180,-155.9722857,Geofabrik OpenStreetMap GeoPackage extract,2026-08-14T20:21:03Z,open,ODbL; attribution and share-alike required,packet_ready,geofabrik_named_food_service
national-post-office-hi-holualoa-792d6ec145,Holualoa post-office-centered national sample candidate,national_post_office_sample_candidate,food_service,osm:way:234729870,Mama D's Kitchen,,,Holualoa,HI,,19.6313416,-155.9834462,Geofabrik OpenStreetMap GeoPackage extract,2026-08-14T20:21:03Z,open,ODbL; attribution and share-alike required,packet_ready,geofabrik_named_food_service
national-post-office-hi-holualoa-792d6ec145,Holualoa post-office-centered national sample candidate,national_post_office_sample_candidate,food_service,osm:node:4240184689,McDonald's,,,Holualoa,HI,,19.6396640,-155.9906471,Geofabrik OpenStreetMap GeoPackage extract,2026-08-14T20:21:03Z,open,ODbL; attribution and share-alike required,packet_ready,geofabrik_named_food_service
national-post-office-hi-holualoa-792d6ec145,Holualoa post-office-centered national sample candidate,national_post_office_sample_candidate,food_service,osm:node:6986206650,McDonald's,,,Holualoa,HI,,19.6463061,-155.9904326,Geofabrik OpenStreetMap GeoPackage extract,2026-08-14T20:21:03Z,open,ODbL; attribution and share-alike required,packet_ready,geofabrik_named_food_service
national-post-office-hi-holualoa-792d6ec145,Holualoa post-office-centered national sample candidate,national_post_office_sample_candidate,food_service,osm:way:687906618,Ocean’s Grill,,,Holualoa,HI,,19.6342563,-155.9892495,Geofabrik OpenStreetMap GeoPackage extract,2026-08-14T20:21:03Z,open,ODbL; attribution and share-alike required,packet_ready,geofabrik_named_food_service
national-post-office-hi-holualoa-792d6ec145,Holualoa post-office-centered national sample candidate,national_post_office_sample_candidate,food_service,osm:node:8175500116,Ohana Q,,,Holualoa,HI,,19.6448174,-155.9871010,Geofabrik OpenStreetMap GeoPackage extract,2026-08-14T20:21:03Z,open,ODbL; attribution and share-alike required,packet_ready,geofabrik_named_food_service
national-post-office-hi-holualoa-792d6ec145,Holualoa post-office-centered national sample candidate,national_post_office_sample_candidate,food_service,osm:node:9242074485,On the Rocks,,,Holualoa,HI,,19.6335462,-155.9899732,Geofabrik OpenStreetMap GeoPackage extract,2026-08-14T20:21:03Z,open,ODbL; attribution and share-alike required,packet_ready,geofabrik_named_food_service
national-post-office-hi-holualoa-792d6ec145,Holualoa post-office-centered national sample candidate,national_post_office_sample_candidate,food_service,osm:node:4320636391,Papa Kona,,,Holualoa,HI,,19.6363230,-155.9920000,Geofabrik OpenStreetMap GeoPackage extract,2026-08-14T20:21:03Z,open,ODbL; attribution and share-alike required,packet_ready,geofabrik_named_food_service
national-post-office-hi-holualoa-792d6ec145,Holualoa post-office-centered national sample candidate,national_post_office_sample_candidate,food_service,osm:node:13832172768,Paʻakai Poke,,,Holualoa,HI,,19.6384162,-155.9911169,Geofabrik OpenStreetMap GeoPackage extract,2026-08-14T20:21:03Z,open,ODbL; attribution and share-alike required,packet_ready,geofabrik_named_food_service
national-post-office-hi-holualoa-792d6ec145,Holualoa post-office-centered national sample candidate,national_post_office_sample_candidate,food_service,osm:node:4320511989,Starbucks,,,Holualoa,HI,,19.6461215,-155.9884128,Geofabrik OpenStreetMap GeoPackage extract,2026-08-14T20:21:03Z,open,ODbL; attribution and share-alike required,packet_ready,geofabrik_named_food_service
national-post-office-hi-holualoa-792d6ec145,Holualoa post-office-centered national sample candidate,national_post_office_sample_candidate,food_service,osm:node:8285332051,Starbucks,,,Holualoa,HI,,19.6437338,-155.9905784,Geofabrik OpenStreetMap GeoPackage extract,2026-08-14T20:21:03Z,open,ODbL; attribution and share-alike required,packet_ready,geofabrik_named_food_service
national-post-office-hi-holualoa-792d6ec145,Holualoa post-office-centered national sample candidate,national_post_office_sample_candidate,food_service,osm:way:439081945,Starbucks,,,Holualoa,HI,,19.6408266,-155.9923213,Geofabrik OpenStreetMap GeoPackage extract,2026-08-14T20:21:03Z,open,ODbL; attribution and share-alike required,packet_ready,geofabrik_named_food_service
national-post-office-hi-holualoa-792d6ec145,Holualoa post-office-centered national sample candidate,national_post_office_sample_candidate,food_service,osm:node:4320517089,Subway,,,Holualoa,HI,,19.6473563,-155.9894253,Geofabrik OpenStreetMap GeoPackage extract,2026-08-14T20:21:03Z,open,ODbL; attribution and share-alike required,packet_ready,geofabrik_named_food_service
national-post-office-hi-holualoa-792d6ec145,Holualoa post-office-centered national sample candidate,national_post_office_sample_candidate,food_service,osm:node:4328840089,Subway,,,Holualoa,HI,,19.6352980,-155.9901702,Geofabrik OpenStreetMap GeoPackage extract,2026-08-14T20:21:03Z,open,ODbL; attribution and share-alike required,packet_ready,geofabrik_named_food_service
national-post-office-hi-holualoa-792d6ec145,Holualoa post-office-centered national sample candidate,national_post_office_sample_candidate,food_service,osm:node:8253284574,Swirl Tea,,,Holualoa,HI,,19.6442599,-155.9930414,Geofabrik OpenStreetMap GeoPackage extract,2026-08-14T20:21:03Z,open,ODbL; attribution and share-alike required,packet_ready,geofabrik_named_food_service
national-post-office-hi-holualoa-792d6ec145,Holualoa post-office-centered national sample candidate,national_post_office_sample_candidate,food_service,osm:node:12180750474,Tea-licious Cafe,,,Holualoa,HI,,19.6271514,-155.9840933,Geofabrik OpenStreetMap GeoPackage extract,2026-08-14T20:21:03Z,open,ODbL; attribution and share-alike required,packet_ready,geofabrik_named_food_service
national-post-office-hi-holualoa-792d6ec145,Holualoa post-office-centered national sample candidate,national_post_office_sample_candidate,food_service,osm:node:4299335189,Thai Rin Restaurant,,,Holualoa,HI,,19.6351487,-155.9900960,Geofabrik OpenStreetMap GeoPackage extract,2026-08-14T20:21:03Z,open,ODbL; attribution and share-alike required,packet_ready,geofabrik_named_food_service
national-post-office-hi-holualoa-792d6ec145,Holualoa post-office-centered national sample candidate,national_post_office_sample_candidate,food_service,osm:node:8285332085,The Cafe on Henry Street,,,Holualoa,HI,,19.6438496,-155.9905123,Geofabrik OpenStreetMap GeoPackage extract,2026-08-14T20:21:03Z,open,ODbL; attribution and share-alike required,packet_ready,geofabrik_named_food_service
national-post-office-hi-holualoa-792d6ec145,Holualoa post-office-centered national sample candidate,national_post_office_sample_candidate,food_service,osm:node:4321514691,The Temple,,,Holualoa,HI,,19.6354377,-155.9902630,Geofabrik OpenStreetMap GeoPackage extract,2026-08-14T20:21:03Z,open,ODbL; attribution and share-alike required,packet_ready,geofabrik_named_food_service
national-post-office-hi-holualoa-792d6ec145,Holualoa post-office-centered national sample candidate,national_post_office_sample_candidate,food_service,osm:node:5464039726,Umekes Aliʻi Plaza,,,Holualoa,HI,,19.6384456,-155.9911420,Geofabrik OpenStreetMap GeoPackage extract,2026-08-14T20:21:03Z,open,ODbL; attribution and share-alike required,packet_ready,geofabrik_named_food_service
national-post-office-hi-holualoa-792d6ec145,Holualoa post-office-centered national sample candidate,national_post_office_sample_candidate,food_service,osm:way:1138256110,kai,,,Holualoa,HI,,19.6362172,-155.9916008,Geofabrik OpenStreetMap GeoPackage extract,2026-08-14T20:21:03Z,open,ODbL; attribution and share-alike required,packet_ready,geofabrik_named_food_service
national-post-office-hi-honaunau-fdd6693c98,Honaunau post-office-centered national sample candidate,national_post_office_sample_candidate,food_service,osm:node:12877727346,,,,Honaunau,HI,,19.4150837,-155.8807578,Geofabrik OpenStreetMap GeoPackage extract,2026-08-14T20:21:03Z,open,ODbL; attribution and share-alike required,exclude,unnamed_food_service_anchor
national-post-office-hi-honaunau-fdd6693c98,Honaunau post-office-centered national sample candidate,national_post_office_sample_candidate,food_service,osm:node:5984214170,Big Jake's Island BBQ,,,Honaunau,HI,,19.4464095,-155.8797036,Geofabrik OpenStreetMap GeoPackage extract,2026-08-14T20:21:03Z,open,ODbL; attribution and share-alike required,packet_ready,geofabrik_named_food_service
national-post-office-hi-honaunau-fdd6693c98,Honaunau post-office-centered national sample candidate,national_post_office_sample_candidate,food_service,osm:node:5452970522,Keokis Fish & Chips,,,Honaunau,HI,,19.4466329,-155.8803431,Geofabrik OpenStreetMap GeoPackage extract,2026-08-14T20:21:03Z,open,ODbL; attribution and share-alike required,packet_ready,geofabrik_named_food_service
national-post-office-hi-honaunau-fdd6693c98,Honaunau post-office-centered national sample candidate,national_post_office_sample_candidate,food_service,osm:node:5231901823,Mahina Mele Farm,,,Honaunau,HI,,19.3877856,-155.8749664,Geofabrik OpenStreetMap GeoPackage extract,2026-08-14T20:21:03Z,open,ODbL; attribution and share-alike required,packet_ready,geofabrik_named_food_service
national-post-office-hi-honaunau-fdd6693c98,Honaunau post-office-centered national sample candidate,national_post_office_sample_candidate,food_service,osm:node:5272740022,Menehune Coffee,,,Honaunau,HI,,19.4413707,-155.8799592,Geofabrik OpenStreetMap GeoPackage extract,2026-08-14T20:21:03Z,open,ODbL; attribution and share-alike required,packet_ready,geofabrik_named_food_service
national-post-office-hi-honomu-13b4cb3d6c,Honomu post-office-centered national sample candidate,national_post_office_sample_candidate,food_service,osm:node:4526792690,Hilo Shark's Coffee,,,Honomu,HI,,19.8694656,-155.1133680,Geofabrik OpenStreetMap GeoPackage extract,2026-08-14T20:21:03Z,open,ODbL; attribution and share-alike required,packet_ready,geofabrik_named_food_service
national-post-office-hi-honomu-13b4cb3d6c,Honomu post-office-centered national sample candidate,national_post_office_sample_candidate,food_service,osm:node:8272462900,It's Our Specialty,,,Honomu,HI,,19.8703825,-155.1142170,Geofabrik OpenStreetMap GeoPackage extract,2026-08-14T20:21:03Z,open,ODbL; attribution and share-alike required,packet_ready,geofabrik_named_food_service
national-post-office-hi-honomu-13b4cb3d6c,Honomu post-office-centered national sample candidate,national_post_office_sample_candidate,food_service,osm:node:6579196140,Strato's,,,Honomu,HI,,19.8704016,-155.1141804,Geofabrik OpenStreetMap GeoPackage extract,2026-08-14T20:21:03Z,open,ODbL; attribution and share-alike required,packet_ready,geofabrik_named_food_service
