target_id,target_label,anchor_field,facility_type,facility_id,facility_name,operator,street_address,city,state,postal_code,latitude,longitude,source,source_date,license_status,rights_status,review_status,review_reason
national-post-office-tx-astrodome-4e10ef4349,Astrodome post-office-centered national sample candidate,national_post_office_sample_candidate,food_service,osm:way:1088270151,,,,Astrodome,TX,,29.7148448,-95.4165342,Geofabrik OpenStreetMap GeoPackage extract,2026-08-16T03:29:35Z,open,ODbL; attribution and share-alike required,exclude,unnamed_food_service_anchor
national-post-office-tx-astrodome-4e10ef4349,Astrodome post-office-centered national sample candidate,national_post_office_sample_candidate,food_service,osm:way:480227519,,,,Astrodome,TX,,29.7164744,-95.4152564,Geofabrik OpenStreetMap GeoPackage extract,2026-08-16T03:29:35Z,open,ODbL; attribution and share-alike required,exclude,unnamed_food_service_anchor
national-post-office-tx-astrodome-4e10ef4349,Astrodome post-office-centered national sample candidate,national_post_office_sample_candidate,food_service,osm:node:2824454495,100% Taquito,,,Astrodome,TX,,29.7287308,-95.4309947,Geofabrik OpenStreetMap GeoPackage extract,2026-08-16T03:29:35Z,open,ODbL; attribution and share-alike required,packet_ready,geofabrik_named_food_service
national-post-office-tx-astrodome-4e10ef4349,Astrodome post-office-centered national sample candidate,national_post_office_sample_candidate,food_service,osm:node:10050018053,168 Szechuan,,,Astrodome,TX,,29.6665904,-95.4628279,Geofabrik OpenStreetMap GeoPackage extract,2026-08-16T03:29:35Z,open,ODbL; attribution and share-alike required,packet_ready,geofabrik_named_food_service
national-post-office-tx-astrodome-4e10ef4349,Astrodome post-office-centered national sample candidate,national_post_office_sample_candidate,food_service,osm:node:9955906045,Abu Omar,,,Astrodome,TX,,29.6916027,-95.3900074,Geofabrik OpenStreetMap GeoPackage extract,2026-08-16T03:29:35Z,open,ODbL; attribution and share-alike required,packet_ready,geofabrik_named_food_service
national-post-office-tx-astrodome-4e10ef4349,Astrodome post-office-centered national sample candidate,national_post_office_sample_candidate,food_service,osm:node:5604621752,Akashi Asian Sushi Cuisine & Wine Bar,,,Astrodome,TX,,29.6915785,-95.4131297,Geofabrik OpenStreetMap GeoPackage extract,2026-08-16T03:29:35Z,open,ODbL; attribution and share-alike required,packet_ready,geofabrik_named_food_service
national-post-office-tx-astrodome-4e10ef4349,Astrodome post-office-centered national sample candidate,national_post_office_sample_candidate,food_service,osm:node:6204461382,Albert and Hazel Herzstein Trading Post,,,Astrodome,TX,,29.7116711,-95.3919725,Geofabrik OpenStreetMap GeoPackage extract,2026-08-16T03:29:35Z,open,ODbL; attribution and share-alike required,packet_ready,geofabrik_named_food_service
national-post-office-tx-astrodome-4e10ef4349,Astrodome post-office-centered national sample candidate,national_post_office_sample_candidate,food_service,osm:node:8398624593,Ambassador Cafe,,,Astrodome,TX,,29.7178549,-95.4018637,Geofabrik OpenStreetMap GeoPackage extract,2026-08-16T03:29:35Z,open,ODbL; attribution and share-alike required,packet_ready,geofabrik_named_food_service
national-post-office-tx-astrodome-4e10ef4349,Astrodome post-office-centered national sample candidate,national_post_office_sample_candidate,food_service,osm:node:4432731829,Angelo'z,,,Astrodome,TX,,29.6915956,-95.4120932,Geofabrik OpenStreetMap GeoPackage extract,2026-08-16T03:29:35Z,open,ODbL; attribution and share-alike required,packet_ready,geofabrik_named_food_service
national-post-office-tx-astrodome-4e10ef4349,Astrodome post-office-centered national sample candidate,national_post_office_sample_candidate,food_service,osm:node:12351762507,Antonio's Grill,,,Astrodome,TX,,29.6930735,-95.4143108,Geofabrik OpenStreetMap GeoPackage extract,2026-08-16T03:29:35Z,open,ODbL; attribution and share-alike required,packet_ready,geofabrik_named_food_service
national-post-office-tx-astrodome-4e10ef4349,Astrodome post-office-centered national sample candidate,national_post_office_sample_candidate,food_service,osm:node:12044710846,Arby's,,,Astrodome,TX,,29.6767746,-95.4266443,Geofabrik OpenStreetMap GeoPackage extract,2026-08-16T03:29:35Z,open,ODbL; attribution and share-alike required,packet_ready,geofabrik_named_food_service
national-post-office-tx-astrodome-4e10ef4349,Astrodome post-office-centered national sample candidate,national_post_office_sample_candidate,food_service,osm:node:5604621755,Asahi Sushi,,,Astrodome,TX,,29.6886936,-95.4131519,Geofabrik OpenStreetMap GeoPackage extract,2026-08-16T03:29:35Z,open,ODbL; attribution and share-alike required,packet_ready,geofabrik_named_food_service
national-post-office-tx-astrodome-4e10ef4349,Astrodome post-office-centered national sample candidate,national_post_office_sample_candidate,food_service,osm:node:11875087741,Azuma Sushi And Robata Bar,,,Astrodome,TX,,29.7214175,-95.4189113,Geofabrik OpenStreetMap GeoPackage extract,2026-08-16T03:29:35Z,open,ODbL; attribution and share-alike required,packet_ready,geofabrik_named_food_service
national-post-office-tx-astrodome-4e10ef4349,Astrodome post-office-centered national sample candidate,national_post_office_sample_candidate,food_service,osm:node:5914634368,Bacco Wine and Spirits,,,Astrodome,TX,,29.7275770,-95.4209152,Geofabrik OpenStreetMap GeoPackage extract,2026-08-16T03:29:35Z,open,ODbL; attribution and share-alike required,packet_ready,geofabrik_named_food_service
national-post-office-tx-astrodome-4e10ef4349,Astrodome post-office-centered national sample candidate,national_post_office_sample_candidate,food_service,osm:node:12532200622,Barnaby’s Cafe,,,Astrodome,TX,,29.7217089,-95.3825315,Geofabrik OpenStreetMap GeoPackage extract,2026-08-16T03:29:35Z,open,ODbL; attribution and share-alike required,packet_ready,geofabrik_named_food_service
national-post-office-tx-astrodome-4e10ef4349,Astrodome post-office-centered national sample candidate,national_post_office_sample_candidate,food_service,osm:node:2051347987,Becks Prime,,,Astrodome,TX,,29.6888694,-95.4619612,Geofabrik OpenStreetMap GeoPackage extract,2026-08-16T03:29:35Z,open,ODbL; attribution and share-alike required,packet_ready,geofabrik_named_food_service
national-post-office-tx-astrodome-4e10ef4349,Astrodome post-office-centered national sample candidate,national_post_office_sample_candidate,food_service,osm:node:4711368241,Berripop Frozen Yogurt,,,Astrodome,TX,,29.6887698,-95.4621051,Geofabrik OpenStreetMap GeoPackage extract,2026-08-16T03:29:35Z,open,ODbL; attribution and share-alike required,packet_ready,geofabrik_named_food_service
national-post-office-tx-astrodome-4e10ef4349,Astrodome post-office-centered national sample candidate,national_post_office_sample_candidate,food_service,osm:way:755685938,Betsy’s,,,Astrodome,TX,,29.7064089,-95.4510903,Geofabrik OpenStreetMap GeoPackage extract,2026-08-16T03:29:35Z,open,ODbL; attribution and share-alike required,packet_ready,geofabrik_named_food_service
national-post-office-tx-astrodome-4e10ef4349,Astrodome post-office-centered national sample candidate,national_post_office_sample_candidate,food_service,osm:node:12490664501,Bitty & Beau's,,,Astrodome,TX,,29.7172561,-95.4145783,Geofabrik OpenStreetMap GeoPackage extract,2026-08-16T03:29:35Z,open,ODbL; attribution and share-alike required,packet_ready,geofabrik_named_food_service
national-post-office-tx-astrodome-4e10ef4349,Astrodome post-office-centered national sample candidate,national_post_office_sample_candidate,food_service,osm:node:8474060317,Black Walnut Cafe,,,Astrodome,TX,,29.7156942,-95.4152921,Geofabrik OpenStreetMap GeoPackage extract,2026-08-16T03:29:35Z,open,ODbL; attribution and share-alike required,packet_ready,geofabrik_named_food_service
national-post-office-tx-astrodome-4e10ef4349,Astrodome post-office-centered national sample candidate,national_post_office_sample_candidate,food_service,osm:node:13592545233,Blossom Reserve,,,Astrodome,TX,,29.6995148,-95.3995379,Geofabrik OpenStreetMap GeoPackage extract,2026-08-16T03:29:35Z,open,ODbL; attribution and share-alike required,packet_ready,geofabrik_named_food_service
national-post-office-tx-astrodome-4e10ef4349,Astrodome post-office-centered national sample candidate,national_post_office_sample_candidate,food_service,osm:node:3655084792,Bodegas Taco Shop,,,Astrodome,TX,,29.7236671,-95.3877275,Geofabrik OpenStreetMap GeoPackage extract,2026-08-16T03:29:35Z,open,ODbL; attribution and share-alike required,packet_ready,geofabrik_named_food_service
national-post-office-tx-astrodome-4e10ef4349,Astrodome post-office-centered national sample candidate,national_post_office_sample_candidate,food_service,osm:way:1385704089,Boston Market,,,Astrodome,TX,,29.6895621,-95.4576878,Geofabrik OpenStreetMap GeoPackage extract,2026-08-16T03:29:35Z,open,ODbL; attribution and share-alike required,packet_ready,geofabrik_named_food_service
national-post-office-tx-astrodome-4e10ef4349,Astrodome post-office-centered national sample candidate,national_post_office_sample_candidate,food_service,osm:node:2356039077,Boudreaux Cajun Restaurant,,,Astrodome,TX,,29.7230100,-95.4594300,Geofabrik OpenStreetMap GeoPackage extract,2026-08-16T03:29:35Z,open,ODbL; attribution and share-alike required,packet_ready,geofabrik_named_food_service
national-post-office-tx-astrodome-4e10ef4349,Astrodome post-office-centered national sample candidate,national_post_office_sample_candidate,food_service,osm:node:1975617300,Burger King,,,Astrodome,TX,,29.7065501,-95.4059359,Geofabrik OpenStreetMap GeoPackage extract,2026-08-16T03:29:35Z,open,ODbL; attribution and share-alike required,packet_ready,geofabrik_named_food_service
national-post-office-tx-astrodome-4e10ef4349,Astrodome post-office-centered national sample candidate,national_post_office_sample_candidate,food_service,osm:node:2678649771,Burger King,,,Astrodome,TX,,29.6799394,-95.4023379,Geofabrik OpenStreetMap GeoPackage extract,2026-08-16T03:29:35Z,open,ODbL; attribution and share-alike required,packet_ready,geofabrik_named_food_service
national-post-office-tx-astrodome-4e10ef4349,Astrodome post-office-centered national sample candidate,national_post_office_sample_candidate,food_service,osm:way:902282346,Burger King,,,Astrodome,TX,,29.7024720,-95.3761654,Geofabrik OpenStreetMap GeoPackage extract,2026-08-16T03:29:35Z,open,ODbL; attribution and share-alike required,packet_ready,geofabrik_named_food_service
national-post-office-tx-astrodome-4e10ef4349,Astrodome post-office-centered national sample candidate,national_post_office_sample_candidate,food_service,osm:way:910345535,Burger King,,,Astrodome,TX,,29.7266918,-95.4183036,Geofabrik OpenStreetMap GeoPackage extract,2026-08-16T03:29:35Z,open,ODbL; attribution and share-alike required,packet_ready,geofabrik_named_food_service
national-post-office-tx-astrodome-4e10ef4349,Astrodome post-office-centered national sample candidate,national_post_office_sample_candidate,food_service,osm:node:10307659701,Cafe Leonelli,,,Astrodome,TX,,29.7263099,-95.3899138,Geofabrik OpenStreetMap GeoPackage extract,2026-08-16T03:29:35Z,open,ODbL; attribution and share-alike required,packet_ready,geofabrik_named_food_service
national-post-office-tx-astrodome-4e10ef4349,Astrodome post-office-centered national sample candidate,national_post_office_sample_candidate,food_service,osm:node:2345863635,Café Express,,,Astrodome,TX,,29.6856330,-95.4605600,Geofabrik OpenStreetMap GeoPackage extract,2026-08-16T03:29:35Z,open,ODbL; attribution and share-alike required,packet_ready,geofabrik_named_food_service
national-post-office-tx-astrodome-4e10ef4349,Astrodome post-office-centered national sample candidate,national_post_office_sample_candidate,food_service,osm:node:13699189687,Calliope's,,,Astrodome,TX,,29.6855854,-95.4221549,Geofabrik OpenStreetMap GeoPackage extract,2026-08-16T03:29:35Z,open,ODbL; attribution and share-alike required,packet_ready,geofabrik_named_food_service
national-post-office-tx-astrodome-4e10ef4349,Astrodome post-office-centered national sample candidate,national_post_office_sample_candidate,food_service,osm:way:586637987,Captain Benny's Seafood,,,Astrodome,TX,,29.6907728,-95.4177528,Geofabrik OpenStreetMap GeoPackage extract,2026-08-16T03:29:35Z,open,ODbL; attribution and share-alike required,packet_ready,geofabrik_named_food_service
national-post-office-tx-astrodome-4e10ef4349,Astrodome post-office-centered national sample candidate,national_post_office_sample_candidate,food_service,osm:way:218802093,Catfish Station,,,Astrodome,TX,,29.6905842,-95.4137147,Geofabrik OpenStreetMap GeoPackage extract,2026-08-16T03:29:35Z,open,ODbL; attribution and share-alike required,packet_ready,geofabrik_named_food_service
national-post-office-tx-astrodome-4e10ef4349,Astrodome post-office-centered national sample candidate,national_post_office_sample_candidate,food_service,osm:node:12136020201,Cavo Coffee,,,Astrodome,TX,,29.7252542,-95.4194939,Geofabrik OpenStreetMap GeoPackage extract,2026-08-16T03:29:35Z,open,ODbL; attribution and share-alike required,packet_ready,geofabrik_named_food_service
national-post-office-tx-astrodome-4e10ef4349,Astrodome post-office-centered national sample candidate,national_post_office_sample_candidate,food_service,osm:node:2936765501,Chacho's Grill,,,Astrodome,TX,,29.6784590,-95.4219680,Geofabrik OpenStreetMap GeoPackage extract,2026-08-16T03:29:35Z,open,ODbL; attribution and share-alike required,packet_ready,geofabrik_named_food_service
national-post-office-tx-astrodome-4e10ef4349,Astrodome post-office-centered national sample candidate,national_post_office_sample_candidate,food_service,osm:node:12410033637,Charleys Philly Steaks,,,Astrodome,TX,,29.6812792,-95.4254381,Geofabrik OpenStreetMap GeoPackage extract,2026-08-16T03:29:35Z,open,ODbL; attribution and share-alike required,packet_ready,geofabrik_named_food_service
national-post-office-tx-astrodome-4e10ef4349,Astrodome post-office-centered national sample candidate,national_post_office_sample_candidate,food_service,osm:node:2408157642,Cherry de Pön,,,Astrodome,TX,,29.7054930,-95.4405250,Geofabrik OpenStreetMap GeoPackage extract,2026-08-16T03:29:35Z,open,ODbL; attribution and share-alike required,packet_ready,geofabrik_named_food_service
national-post-office-tx-astrodome-4e10ef4349,Astrodome post-office-centered national sample candidate,national_post_office_sample_candidate,food_service,osm:node:12044710840,Chick-fil-A,,,Astrodome,TX,,29.7078462,-95.4016041,Geofabrik OpenStreetMap GeoPackage extract,2026-08-16T03:29:35Z,open,ODbL; attribution and share-alike required,packet_ready,geofabrik_named_food_service
national-post-office-tx-astrodome-4e10ef4349,Astrodome post-office-centered national sample candidate,national_post_office_sample_candidate,food_service,osm:node:12044710843,Chick-fil-A,,,Astrodome,TX,,29.7095188,-95.3977498,Geofabrik OpenStreetMap GeoPackage extract,2026-08-16T03:29:35Z,open,ODbL; attribution and share-alike required,packet_ready,geofabrik_named_food_service
national-post-office-tx-astrodome-4e10ef4349,Astrodome post-office-centered national sample candidate,national_post_office_sample_candidate,food_service,osm:node:12044710844,Chick-fil-A,,,Astrodome,TX,,29.7078463,-95.3973126,Geofabrik OpenStreetMap GeoPackage extract,2026-08-16T03:29:35Z,open,ODbL; attribution and share-alike required,packet_ready,geofabrik_named_food_service
national-post-office-tx-astrodome-4e10ef4349,Astrodome post-office-centered national sample candidate,national_post_office_sample_candidate,food_service,osm:node:12584413058,Chick-fil-A,,,Astrodome,TX,,29.7136297,-95.3981240,Geofabrik OpenStreetMap GeoPackage extract,2026-08-16T03:29:35Z,open,ODbL; attribution and share-alike required,packet_ready,geofabrik_named_food_service
national-post-office-tx-astrodome-4e10ef4349,Astrodome post-office-centered national sample candidate,national_post_office_sample_candidate,food_service,osm:way:1090349536,Chick-fil-A,,,Astrodome,TX,,29.6743893,-95.4593067,Geofabrik OpenStreetMap GeoPackage extract,2026-08-16T03:29:35Z,open,ODbL; attribution and share-alike required,packet_ready,geofabrik_named_food_service
national-post-office-tx-astrodome-4e10ef4349,Astrodome post-office-centered national sample candidate,national_post_office_sample_candidate,food_service,osm:way:1267544040,Chick-fil-A,,,Astrodome,TX,,29.6944068,-95.4151715,Geofabrik OpenStreetMap GeoPackage extract,2026-08-16T03:29:35Z,open,ODbL; attribution and share-alike required,packet_ready,geofabrik_named_food_service
national-post-office-tx-astrodome-4e10ef4349,Astrodome post-office-centered national sample candidate,national_post_office_sample_candidate,food_service,osm:way:933100337,Chick-fil-A,,,Astrodome,TX,,29.7055943,-95.4253155,Geofabrik OpenStreetMap GeoPackage extract,2026-08-16T03:29:35Z,open,ODbL; attribution and share-alike required,packet_ready,geofabrik_named_food_service
national-post-office-tx-astrodome-4e10ef4349,Astrodome post-office-centered national sample candidate,national_post_office_sample_candidate,food_service,osm:node:3021516553,China Stix,,,Astrodome,TX,,29.7049514,-95.4265689,Geofabrik OpenStreetMap GeoPackage extract,2026-08-16T03:29:35Z,open,ODbL; attribution and share-alike required,packet_ready,geofabrik_named_food_service
national-post-office-tx-astrodome-4e10ef4349,Astrodome post-office-centered national sample candidate,national_post_office_sample_candidate,food_service,osm:node:11875087746,Chipotle,,,Astrodome,TX,,29.7219719,-95.4189166,Geofabrik OpenStreetMap GeoPackage extract,2026-08-16T03:29:35Z,open,ODbL; attribution and share-alike required,packet_ready,geofabrik_named_food_service
national-post-office-tx-astrodome-4e10ef4349,Astrodome post-office-centered national sample candidate,national_post_office_sample_candidate,food_service,osm:node:1975476304,Chipotle,,,Astrodome,TX,,29.7097296,-95.4011622,Geofabrik OpenStreetMap GeoPackage extract,2026-08-16T03:29:35Z,open,ODbL; attribution and share-alike required,packet_ready,geofabrik_named_food_service
national-post-office-tx-astrodome-4e10ef4349,Astrodome post-office-centered national sample candidate,national_post_office_sample_candidate,food_service,osm:node:5604621758,Chipotle,,,Astrodome,TX,,29.6910715,-95.4157213,Geofabrik OpenStreetMap GeoPackage extract,2026-08-16T03:29:35Z,open,ODbL; attribution and share-alike required,packet_ready,geofabrik_named_food_service
national-post-office-tx-astrodome-4e10ef4349,Astrodome post-office-centered national sample candidate,national_post_office_sample_candidate,food_service,osm:way:1531517920,Chipotle,,,Astrodome,TX,,29.6852857,-95.4580351,Geofabrik OpenStreetMap GeoPackage extract,2026-08-16T03:29:35Z,open,ODbL; attribution and share-alike required,packet_ready,geofabrik_named_food_service
national-post-office-tx-astrodome-4e10ef4349,Astrodome post-office-centered national sample candidate,national_post_office_sample_candidate,food_service,osm:node:2627550027,Chuck E. Cheese's,,,Astrodome,TX,,29.7218950,-95.4405870,Geofabrik OpenStreetMap GeoPackage extract,2026-08-16T03:29:35Z,open,ODbL; attribution and share-alike required,packet_ready,geofabrik_named_food_service
national-post-office-tx-astrodome-4e10ef4349,Astrodome post-office-centered national sample candidate,national_post_office_sample_candidate,food_service,osm:way:1018156334,Church's Chicken,,,Astrodome,TX,,29.7010756,-95.3766742,Geofabrik OpenStreetMap GeoPackage extract,2026-08-16T03:29:35Z,open,ODbL; attribution and share-alike required,packet_ready,geofabrik_named_food_service
national-post-office-tx-astrodome-4e10ef4349,Astrodome post-office-centered national sample candidate,national_post_office_sample_candidate,food_service,osm:node:1975485013,Citadel BBQ,,,Astrodome,TX,,29.7100977,-95.4017536,Geofabrik OpenStreetMap GeoPackage extract,2026-08-16T03:29:35Z,open,ODbL; attribution and share-alike required,packet_ready,geofabrik_named_food_service
national-post-office-tx-astrodome-4e10ef4349,Astrodome post-office-centered national sample candidate,national_post_office_sample_candidate,food_service,osm:way:1028133996,Cleburne Cafeteria,,,Astrodome,TX,,29.7256553,-95.4325858,Geofabrik OpenStreetMap GeoPackage extract,2026-08-16T03:29:35Z,open,ODbL; attribution and share-alike required,packet_ready,geofabrik_named_food_service
national-post-office-tx-astrodome-4e10ef4349,Astrodome post-office-centered national sample candidate,national_post_office_sample_candidate,food_service,osm:node:1975476309,Cliff's Grill,,,Astrodome,TX,,29.7099195,-95.4018918,Geofabrik OpenStreetMap GeoPackage extract,2026-08-16T03:29:35Z,open,ODbL; attribution and share-alike required,packet_ready,geofabrik_named_food_service
national-post-office-tx-astrodome-4e10ef4349,Astrodome post-office-centered national sample candidate,national_post_office_sample_candidate,food_service,osm:node:6358676309,"CoCo Crêpes, Waffles & Coffee",,,Astrodome,TX,,29.7148259,-95.4144119,Geofabrik OpenStreetMap GeoPackage extract,2026-08-16T03:29:35Z,open,ODbL; attribution and share-alike required,packet_ready,geofabrik_named_food_service
national-post-office-tx-astrodome-4e10ef4349,Astrodome post-office-centered national sample candidate,national_post_office_sample_candidate,food_service,osm:node:13079215418,CoffeeTrend,,,Astrodome,TX,,29.6898161,-95.4429483,Geofabrik OpenStreetMap GeoPackage extract,2026-08-16T03:29:35Z,open,ODbL; attribution and share-alike required,packet_ready,geofabrik_named_food_service
national-post-office-tx-astrodome-4e10ef4349,Astrodome post-office-centered national sample candidate,national_post_office_sample_candidate,food_service,osm:way:839723082,Cooking Girl,,,Astrodome,TX,,29.7064892,-95.4151807,Geofabrik OpenStreetMap GeoPackage extract,2026-08-16T03:29:35Z,open,ODbL; attribution and share-alike required,packet_ready,geofabrik_named_food_service
national-post-office-tx-astrodome-4e10ef4349,Astrodome post-office-centered national sample candidate,national_post_office_sample_candidate,food_service,osm:node:11875087745,Crave Cupcakes,,,Astrodome,TX,,29.7221722,-95.4189193,Geofabrik OpenStreetMap GeoPackage extract,2026-08-16T03:29:35Z,open,ODbL; attribution and share-alike required,packet_ready,geofabrik_named_food_service
national-post-office-tx-astrodome-4e10ef4349,Astrodome post-office-centered national sample candidate,national_post_office_sample_candidate,food_service,osm:way:1518177,Cypress Circle Cafe,,,Astrodome,TX,,29.7136626,-95.3918056,Geofabrik OpenStreetMap GeoPackage extract,2026-08-16T03:29:35Z,open,ODbL; attribution and share-alike required,packet_ready,geofabrik_named_food_service
national-post-office-tx-astrodome-4e10ef4349,Astrodome post-office-centered national sample candidate,national_post_office_sample_candidate,food_service,osm:node:12299492139,Dak & Bop,,,Astrodome,TX,,29.7216501,-95.3824228,Geofabrik OpenStreetMap GeoPackage extract,2026-08-16T03:29:35Z,open,ODbL; attribution and share-alike required,packet_ready,geofabrik_named_food_service
national-post-office-tx-astrodome-4e10ef4349,Astrodome post-office-centered national sample candidate,national_post_office_sample_candidate,food_service,osm:node:13699189681,Dawn Donuts,,,Astrodome,TX,,29.6859023,-95.4219471,Geofabrik OpenStreetMap GeoPackage extract,2026-08-16T03:29:35Z,open,ODbL; attribution and share-alike required,packet_ready,geofabrik_named_food_service
national-post-office-tx-astrodome-4e10ef4349,Astrodome post-office-centered national sample candidate,national_post_office_sample_candidate,food_service,osm:way:426516572,Denny's,,,Astrodome,TX,,29.7212542,-95.3762510,Geofabrik OpenStreetMap GeoPackage extract,2026-08-16T03:29:35Z,open,ODbL; attribution and share-alike required,packet_ready,geofabrik_named_food_service
national-post-office-tx-astrodome-4e10ef4349,Astrodome post-office-centered national sample candidate,national_post_office_sample_candidate,food_service,osm:way:439452781,Denny's,,,Astrodome,TX,,29.6785133,-95.4291134,Geofabrik OpenStreetMap GeoPackage extract,2026-08-16T03:29:35Z,open,ODbL; attribution and share-alike required,packet_ready,geofabrik_named_food_service
national-post-office-tx-astrodome-4e10ef4349,Astrodome post-office-centered national sample candidate,national_post_office_sample_candidate,food_service,osm:node:4227206589,Dimassi's Mediterranean Buffet,,,Astrodome,TX,,29.6891682,-95.4129677,Geofabrik OpenStreetMap GeoPackage extract,2026-08-16T03:29:35Z,open,ODbL; attribution and share-alike required,packet_ready,geofabrik_named_food_service
national-post-office-tx-astrodome-4e10ef4349,Astrodome post-office-centered national sample candidate,national_post_office_sample_candidate,food_service,osm:node:12044710845,Domino's,,,Astrodome,TX,,29.6832316,-95.4395038,Geofabrik OpenStreetMap GeoPackage extract,2026-08-16T03:29:35Z,open,ODbL; attribution and share-alike required,packet_ready,geofabrik_named_food_service
national-post-office-tx-astrodome-4e10ef4349,Astrodome post-office-centered national sample candidate,national_post_office_sample_candidate,food_service,osm:node:12044710850,Domino's,,,Astrodome,TX,,29.7207298,-95.4182070,Geofabrik OpenStreetMap GeoPackage extract,2026-08-16T03:29:35Z,open,ODbL; attribution and share-alike required,packet_ready,geofabrik_named_food_service
national-post-office-tx-astrodome-4e10ef4349,Astrodome post-office-centered national sample candidate,national_post_office_sample_candidate,food_service,osm:node:9955906034,Domino's,,,Astrodome,TX,,29.6883783,-95.3911198,Geofabrik OpenStreetMap GeoPackage extract,2026-08-16T03:29:35Z,open,ODbL; attribution and share-alike required,packet_ready,geofabrik_named_food_service
national-post-office-tx-astrodome-4e10ef4349,Astrodome post-office-centered national sample candidate,national_post_office_sample_candidate,food_service,osm:way:530006447,Don Pepe,,,Astrodome,TX,,29.6738785,-95.4402137,Geofabrik OpenStreetMap GeoPackage extract,2026-08-16T03:29:35Z,open,ODbL; attribution and share-alike required,packet_ready,geofabrik_named_food_service
national-post-office-tx-astrodome-4e10ef4349,Astrodome post-office-centered national sample candidate,national_post_office_sample_candidate,food_service,osm:way:384000572,Doña Leti's,,,Astrodome,TX,,29.6684703,-95.4619886,Geofabrik OpenStreetMap GeoPackage extract,2026-08-16T03:29:35Z,open,ODbL; attribution and share-alike required,packet_ready,geofabrik_named_food_service
national-post-office-tx-astrodome-4e10ef4349,Astrodome post-office-centered national sample candidate,national_post_office_sample_candidate,food_service,osm:node:12044710847,Dunkin',,,Astrodome,TX,,29.6814759,-95.4230841,Geofabrik OpenStreetMap GeoPackage extract,2026-08-16T03:29:35Z,open,ODbL; attribution and share-alike required,packet_ready,geofabrik_named_food_service
national-post-office-tx-astrodome-4e10ef4349,Astrodome post-office-centered national sample candidate,national_post_office_sample_candidate,food_service,osm:node:12044710842,Einstein Bros. Bagels,,,Astrodome,TX,,29.7099079,-95.3997225,Geofabrik OpenStreetMap GeoPackage extract,2026-08-16T03:29:35Z,open,ODbL; attribution and share-alike required,packet_ready,geofabrik_named_food_service
national-post-office-tx-astrodome-4e10ef4349,Astrodome post-office-centered national sample candidate,national_post_office_sample_candidate,food_service,osm:way:1011593490,Einstein Bros. Bagels,,,Astrodome,TX,,29.7251836,-95.4189051,Geofabrik OpenStreetMap GeoPackage extract,2026-08-16T03:29:35Z,open,ODbL; attribution and share-alike required,packet_ready,geofabrik_named_food_service
national-post-office-tx-astrodome-4e10ef4349,Astrodome post-office-centered national sample candidate,national_post_office_sample_candidate,food_service,osm:way:1088270152,El Meson,,,Astrodome,TX,,29.7147799,-95.4162504,Geofabrik OpenStreetMap GeoPackage extract,2026-08-16T03:29:35Z,open,ODbL; attribution and share-alike required,packet_ready,geofabrik_named_food_service
national-post-office-tx-astrodome-4e10ef4349,Astrodome post-office-centered national sample candidate,national_post_office_sample_candidate,food_service,osm:way:119430796,El Tiempo Cantina,,,Astrodome,TX,,29.6786447,-95.4144294,Geofabrik OpenStreetMap GeoPackage extract,2026-08-16T03:29:35Z,open,ODbL; attribution and share-alike required,packet_ready,geofabrik_named_food_service
national-post-office-tx-astrodome-4e10ef4349,Astrodome post-office-centered national sample candidate,national_post_office_sample_candidate,food_service,osm:node:4299317975,Elements Grill,,,Astrodome,TX,,29.7219141,-95.3898569,Geofabrik OpenStreetMap GeoPackage extract,2026-08-16T03:29:35Z,open,ODbL; attribution and share-alike required,packet_ready,geofabrik_named_food_service
national-post-office-tx-astrodome-4e10ef4349,Astrodome post-office-centered national sample candidate,national_post_office_sample_candidate,food_service,osm:node:13703875103,Ella Coffee,,,Astrodome,TX,,29.7232593,-95.4157710,Geofabrik OpenStreetMap GeoPackage extract,2026-08-16T03:29:35Z,open,ODbL; attribution and share-alike required,packet_ready,geofabrik_named_food_service
national-post-office-tx-astrodome-4e10ef4349,Astrodome post-office-centered national sample candidate,national_post_office_sample_candidate,food_service,osm:node:12661694311,Ella Coffee at M&Co,,,Astrodome,TX,,29.7150485,-95.4333479,Geofabrik OpenStreetMap GeoPackage extract,2026-08-16T03:29:35Z,open,ODbL; attribution and share-alike required,packet_ready,geofabrik_named_food_service
national-post-office-tx-astrodome-4e10ef4349,Astrodome post-office-centered national sample candidate,national_post_office_sample_candidate,food_service,osm:node:2345832882,Escalante's Mexican Grille,,,Astrodome,TX,,29.6888580,-95.4598900,Geofabrik OpenStreetMap GeoPackage extract,2026-08-16T03:29:35Z,open,ODbL; attribution and share-alike required,packet_ready,geofabrik_named_food_service
national-post-office-tx-astrodome-4e10ef4349,Astrodome post-office-centered national sample candidate,national_post_office_sample_candidate,food_service,osm:node:2346537983,Fajita Pete's,,,Astrodome,TX,,29.7068680,-95.4408350,Geofabrik OpenStreetMap GeoPackage extract,2026-08-16T03:29:35Z,open,ODbL; attribution and share-alike required,packet_ready,geofabrik_named_food_service
national-post-office-tx-astrodome-4e10ef4349,Astrodome post-office-centered national sample candidate,national_post_office_sample_candidate,food_service,osm:node:8692726018,Fia's Pizzeria,,,Astrodome,TX,,29.7238695,-95.3876716,Geofabrik OpenStreetMap GeoPackage extract,2026-08-16T03:29:35Z,open,ODbL; attribution and share-alike required,packet_ready,geofabrik_named_food_service
national-post-office-tx-astrodome-4e10ef4349,Astrodome post-office-centered national sample candidate,national_post_office_sample_candidate,food_service,osm:way:229324076,Firehouse Subs,,,Astrodome,TX,,29.7064432,-95.4404959,Geofabrik OpenStreetMap GeoPackage extract,2026-08-16T03:29:35Z,open,ODbL; attribution and share-alike required,packet_ready,geofabrik_named_food_service
national-post-office-tx-astrodome-4e10ef4349,Astrodome post-office-centered national sample candidate,national_post_office_sample_candidate,food_service,osm:node:5604621760,Five Guys,,,Astrodome,TX,,29.6909547,-95.4159163,Geofabrik OpenStreetMap GeoPackage extract,2026-08-16T03:29:35Z,open,ODbL; attribution and share-alike required,packet_ready,geofabrik_named_food_service
national-post-office-tx-astrodome-4e10ef4349,Astrodome post-office-centered national sample candidate,national_post_office_sample_candidate,food_service,osm:node:2413715286,Freds Italian,,,Astrodome,TX,,29.7070780,-95.4122620,Geofabrik OpenStreetMap GeoPackage extract,2026-08-16T03:29:35Z,open,ODbL; attribution and share-alike required,packet_ready,geofabrik_named_food_service
national-post-office-tx-astrodome-4e10ef4349,Astrodome post-office-centered national sample candidate,national_post_office_sample_candidate,food_service,osm:way:329393472,Fuddruckers,,,Astrodome,TX,,29.7282207,-95.4398799,Geofabrik OpenStreetMap GeoPackage extract,2026-08-16T03:29:35Z,open,ODbL; attribution and share-alike required,packet_ready,geofabrik_named_food_service
national-post-office-tx-astrodome-4e10ef4349,Astrodome post-office-centered national sample candidate,national_post_office_sample_candidate,food_service,osm:node:5604621746,Glazed the Doughnut Cafe,,,Astrodome,TX,,29.6935165,-95.4115360,Geofabrik OpenStreetMap GeoPackage extract,2026-08-16T03:29:35Z,open,ODbL; attribution and share-alike required,packet_ready,geofabrik_named_food_service
national-post-office-tx-astrodome-4e10ef4349,Astrodome post-office-centered national sample candidate,national_post_office_sample_candidate,food_service,osm:node:1975476318,Go Fish,,,Astrodome,TX,,29.7098624,-95.4013459,Geofabrik OpenStreetMap GeoPackage extract,2026-08-16T03:29:35Z,open,ODbL; attribution and share-alike required,packet_ready,geofabrik_named_food_service
national-post-office-tx-astrodome-4e10ef4349,Astrodome post-office-centered national sample candidate,national_post_office_sample_candidate,food_service,osm:way:910345536,Goode Company Barbeque,,,Astrodome,TX,,29.7269768,-95.4182424,Geofabrik OpenStreetMap GeoPackage extract,2026-08-16T03:29:35Z,open,ODbL; attribution and share-alike required,packet_ready,geofabrik_named_food_service
national-post-office-tx-astrodome-4e10ef4349,Astrodome post-office-centered national sample candidate,national_post_office_sample_candidate,food_service,osm:way:754478075,Goode Company Seafood,,,Astrodome,TX,,29.7283051,-95.4202603,Geofabrik OpenStreetMap GeoPackage extract,2026-08-16T03:29:35Z,open,ODbL; attribution and share-alike required,packet_ready,geofabrik_named_food_service
national-post-office-tx-astrodome-4e10ef4349,Astrodome post-office-centered national sample candidate,national_post_office_sample_candidate,food_service,osm:way:754478076,Goode Company Taqueria,,,Astrodome,TX,,29.7282871,-95.4189641,Geofabrik OpenStreetMap GeoPackage extract,2026-08-16T03:29:35Z,open,ODbL; attribution and share-alike required,packet_ready,geofabrik_named_food_service
national-post-office-tx-astrodome-4e10ef4349,Astrodome post-office-centered national sample candidate,national_post_office_sample_candidate,food_service,osm:node:12136203603,Grinder's Coffee Bar,,,Astrodome,TX,,29.7234191,-95.4187899,Geofabrik OpenStreetMap GeoPackage extract,2026-08-16T03:29:35Z,open,ODbL; attribution and share-alike required,packet_ready,geofabrik_named_food_service
national-post-office-tx-astrodome-4e10ef4349,Astrodome post-office-centered national sample candidate,national_post_office_sample_candidate,food_service,osm:node:13539476183,Gyro King,,,Astrodome,TX,,29.6981148,-95.3876292,Geofabrik OpenStreetMap GeoPackage extract,2026-08-16T03:29:35Z,open,ODbL; attribution and share-alike required,packet_ready,geofabrik_named_food_service
national-post-office-tx-astrodome-4e10ef4349,Astrodome post-office-centered national sample candidate,national_post_office_sample_candidate,food_service,osm:node:8398624578,Holland Private Dining Room,,,Astrodome,TX,,29.7177945,-95.4021187,Geofabrik OpenStreetMap GeoPackage extract,2026-08-16T03:29:35Z,open,ODbL; attribution and share-alike required,packet_ready,geofabrik_named_food_service
national-post-office-tx-astrodome-4e10ef4349,Astrodome post-office-centered national sample candidate,national_post_office_sample_candidate,food_service,osm:node:10130154237,HopDoddy,,,Astrodome,TX,,29.7162069,-95.4152792,Geofabrik OpenStreetMap GeoPackage extract,2026-08-16T03:29:35Z,open,ODbL; attribution and share-alike required,packet_ready,geofabrik_named_food_service
national-post-office-tx-astrodome-4e10ef4349,Astrodome post-office-centered national sample candidate,national_post_office_sample_candidate,food_service,osm:way:1120006833,Hu's Garden,,,Astrodome,TX,,29.6737659,-95.4588584,Geofabrik OpenStreetMap GeoPackage extract,2026-08-16T03:29:35Z,open,ODbL; attribution and share-alike required,packet_ready,geofabrik_named_food_service
national-post-office-tx-astrodome-4e10ef4349,Astrodome post-office-centered national sample candidate,national_post_office_sample_candidate,food_service,osm:way:972063115,Hungry's,,,Astrodome,TX,,29.7177547,-95.4133920,Geofabrik OpenStreetMap GeoPackage extract,2026-08-16T03:29:35Z,open,ODbL; attribution and share-alike required,packet_ready,geofabrik_named_food_service
national-post-office-tx-astrodome-4e10ef4349,Astrodome post-office-centered national sample candidate,national_post_office_sample_candidate,food_service,osm:way:196677185,IHOP,,,Astrodome,TX,,29.6885345,-95.4580641,Geofabrik OpenStreetMap GeoPackage extract,2026-08-16T03:29:35Z,open,ODbL; attribution and share-alike required,packet_ready,geofabrik_named_food_service
national-post-office-tx-astrodome-4e10ef4349,Astrodome post-office-centered national sample candidate,national_post_office_sample_candidate,food_service,osm:node:9023396977,Island Grill,,,Astrodome,TX,,29.7170590,-95.4142255,Geofabrik OpenStreetMap GeoPackage extract,2026-08-16T03:29:35Z,open,ODbL; attribution and share-alike required,packet_ready,geofabrik_named_food_service
national-post-office-tx-astrodome-4e10ef4349,Astrodome post-office-centered national sample candidate,national_post_office_sample_candidate,food_service,osm:way:1088264194,Istanbul Grill,,,Astrodome,TX,,29.7156164,-95.4146389,Geofabrik OpenStreetMap GeoPackage extract,2026-08-16T03:29:35Z,open,ODbL; attribution and share-alike required,packet_ready,geofabrik_named_food_service
national-post-office-tx-astrodome-4e10ef4349,Astrodome post-office-centered national sample candidate,national_post_office_sample_candidate,food_service,osm:node:2346596702,JJ Garden Restaurant,,,Astrodome,TX,,29.6894830,-95.4572980,Geofabrik OpenStreetMap GeoPackage extract,2026-08-16T03:29:35Z,open,ODbL; attribution and share-alike required,packet_ready,geofabrik_named_food_service
national-post-office-tx-astrodome-4e10ef4349,Astrodome post-office-centered national sample candidate,national_post_office_sample_candidate,food_service,osm:way:218950884,Jack in the Box,,,Astrodome,TX,,29.6904370,-95.4168863,Geofabrik OpenStreetMap GeoPackage extract,2026-08-16T03:29:35Z,open,ODbL; attribution and share-alike required,packet_ready,geofabrik_named_food_service
national-post-office-tx-astrodome-4e10ef4349,Astrodome post-office-centered national sample candidate,national_post_office_sample_candidate,food_service,osm:way:229885223,Jack in the Box,,,Astrodome,TX,,29.6710203,-95.4628191,Geofabrik OpenStreetMap GeoPackage extract,2026-08-16T03:29:35Z,open,ODbL; attribution and share-alike required,packet_ready,geofabrik_named_food_service
national-post-office-tx-astrodome-4e10ef4349,Astrodome post-office-centered national sample candidate,national_post_office_sample_candidate,food_service,osm:way:429789647,Jack's Cafe,,,Astrodome,TX,,29.7154781,-95.3909055,Geofabrik OpenStreetMap GeoPackage extract,2026-08-16T03:29:35Z,open,ODbL; attribution and share-alike required,packet_ready,geofabrik_named_food_service
national-post-office-tx-astrodome-4e10ef4349,Astrodome post-office-centered national sample candidate,national_post_office_sample_candidate,food_service,osm:way:194534067,James Coney Island,,,Astrodome,TX,,29.6870028,-95.4597569,Geofabrik OpenStreetMap GeoPackage extract,2026-08-16T03:29:35Z,open,ODbL; attribution and share-alike required,packet_ready,geofabrik_named_food_service
national-post-office-tx-astrodome-4e10ef4349,Astrodome post-office-centered national sample candidate,national_post_office_sample_candidate,food_service,osm:node:12647046501,Japanese Ramen Gachi,,,Astrodome,TX,,29.7069519,-95.4121704,Geofabrik OpenStreetMap GeoPackage extract,2026-08-16T03:29:35Z,open,ODbL; attribution and share-alike required,packet_ready,geofabrik_named_food_service
national-post-office-tx-astrodome-4e10ef4349,Astrodome post-office-centered national sample candidate,national_post_office_sample_candidate,food_service,osm:way:396537794,Jerry Built,,,Astrodome,TX,,29.7057472,-95.4313538,Geofabrik OpenStreetMap GeoPackage extract,2026-08-16T03:29:35Z,open,ODbL; attribution and share-alike required,packet_ready,geofabrik_named_food_service
national-post-office-tx-astrodome-4e10ef4349,Astrodome post-office-centered national sample candidate,national_post_office_sample_candidate,food_service,osm:node:12044710849,Jimmy John's,,,Astrodome,TX,,29.7057905,-95.4149616,Geofabrik OpenStreetMap GeoPackage extract,2026-08-16T03:29:35Z,open,ODbL; attribution and share-alike required,packet_ready,geofabrik_named_food_service
national-post-office-tx-astrodome-4e10ef4349,Astrodome post-office-centered national sample candidate,national_post_office_sample_candidate,food_service,osm:node:12044710851,Jimmy John's,,,Astrodome,TX,,29.7287838,-95.4299286,Geofabrik OpenStreetMap GeoPackage extract,2026-08-16T03:29:35Z,open,ODbL; attribution and share-alike required,packet_ready,geofabrik_named_food_service
national-post-office-tx-astrodome-4e10ef4349,Astrodome post-office-centered national sample candidate,national_post_office_sample_candidate,food_service,osm:node:12351762504,Jollibee,,,Astrodome,TX,,29.6934827,-95.4146275,Geofabrik OpenStreetMap GeoPackage extract,2026-08-16T03:29:35Z,open,ODbL; attribution and share-alike required,packet_ready,geofabrik_named_food_service
national-post-office-tx-astrodome-4e10ef4349,Astrodome post-office-centered national sample candidate,national_post_office_sample_candidate,food_service,osm:node:1975485015,JuiceLand,,,Astrodome,TX,,29.7099975,-95.4015712,Geofabrik OpenStreetMap GeoPackage extract,2026-08-16T03:29:35Z,open,ODbL; attribution and share-alike required,packet_ready,geofabrik_named_food_service
national-post-office-tx-astrodome-4e10ef4349,Astrodome post-office-centered national sample candidate,national_post_office_sample_candidate,food_service,osm:way:1073735268,KFC,,,Astrodome,TX,,29.6816477,-95.4250513,Geofabrik OpenStreetMap GeoPackage extract,2026-08-16T03:29:35Z,open,ODbL; attribution and share-alike required,packet_ready,geofabrik_named_food_service
national-post-office-tx-astrodome-4e10ef4349,Astrodome post-office-centered national sample candidate,national_post_office_sample_candidate,food_service,osm:node:13012381090,Koko Cafe,,,Astrodome,TX,,29.7164689,-95.3949106,Geofabrik OpenStreetMap GeoPackage extract,2026-08-16T03:29:35Z,open,ODbL; attribution and share-alike required,packet_ready,geofabrik_named_food_service
national-post-office-tx-astrodome-4e10ef4349,Astrodome post-office-centered national sample candidate,national_post_office_sample_candidate,food_service,osm:node:5604621743,Kolache Factory,,,Astrodome,TX,,29.6946254,-95.4135412,Geofabrik OpenStreetMap GeoPackage extract,2026-08-16T03:29:35Z,open,ODbL; attribution and share-alike required,packet_ready,geofabrik_named_food_service
national-post-office-tx-astrodome-4e10ef4349,Astrodome post-office-centered national sample candidate,national_post_office_sample_candidate,food_service,osm:way:384000566,Kolache Factory,,,Astrodome,TX,,29.6669259,-95.4627035,Geofabrik OpenStreetMap GeoPackage extract,2026-08-16T03:29:35Z,open,ODbL; attribution and share-alike required,packet_ready,geofabrik_named_food_service
national-post-office-tx-astrodome-4e10ef4349,Astrodome post-office-centered national sample candidate,national_post_office_sample_candidate,food_service,osm:node:6781727980,La Fresca Pizza,,,Astrodome,TX,,29.7075910,-95.4180438,Geofabrik OpenStreetMap GeoPackage extract,2026-08-16T03:29:35Z,open,ODbL; attribution and share-alike required,packet_ready,geofabrik_named_food_service
national-post-office-tx-astrodome-4e10ef4349,Astrodome post-office-centered national sample candidate,national_post_office_sample_candidate,food_service,osm:node:2349341848,La Madeline,,,Astrodome,TX,,29.6887987,-95.4601726,Geofabrik OpenStreetMap GeoPackage extract,2026-08-16T03:29:35Z,open,ODbL; attribution and share-alike required,packet_ready,geofabrik_named_food_service
national-post-office-tx-astrodome-4e10ef4349,Astrodome post-office-centered national sample candidate,national_post_office_sample_candidate,food_service,osm:node:13079215419,La Tazza Specialty Coffee,,,Astrodome,TX,,29.6926465,-95.4393486,Geofabrik OpenStreetMap GeoPackage extract,2026-08-16T03:29:35Z,open,ODbL; attribution and share-alike required,packet_ready,geofabrik_named_food_service
national-post-office-tx-astrodome-4e10ef4349,Astrodome post-office-centered national sample candidate,national_post_office_sample_candidate,food_service,osm:node:10307659700,Le Jardinier,,,Astrodome,TX,,29.7265498,-95.3900365,Geofabrik OpenStreetMap GeoPackage extract,2026-08-16T03:29:35Z,open,ODbL; attribution and share-alike required,packet_ready,geofabrik_named_food_service
national-post-office-tx-astrodome-4e10ef4349,Astrodome post-office-centered national sample candidate,national_post_office_sample_candidate,food_service,osm:node:9890954447,Liberty Taco,,,Astrodome,TX,,29.6933944,-95.4120866,Geofabrik OpenStreetMap GeoPackage extract,2026-08-16T03:29:35Z,open,ODbL; attribution and share-alike required,packet_ready,geofabrik_named_food_service
national-post-office-tx-astrodome-4e10ef4349,Astrodome post-office-centered national sample candidate,national_post_office_sample_candidate,food_service,osm:node:8666012094,Little Kitchen HTX,,,Astrodome,TX,,29.7179111,-95.4008680,Geofabrik OpenStreetMap GeoPackage extract,2026-08-16T03:29:35Z,open,ODbL; attribution and share-alike required,packet_ready,geofabrik_named_food_service
national-post-office-tx-astrodome-4e10ef4349,Astrodome post-office-centered national sample candidate,national_post_office_sample_candidate,food_service,osm:node:13912495264,Little Matt's,,,Astrodome,TX,,29.7159394,-95.4336278,Geofabrik OpenStreetMap GeoPackage extract,2026-08-16T03:29:35Z,open,ODbL; attribution and share-alike required,packet_ready,geofabrik_named_food_service
national-post-office-tx-astrodome-4e10ef4349,Astrodome post-office-centered national sample candidate,national_post_office_sample_candidate,food_service,osm:node:3531902320,Local Foods,,,Astrodome,TX,,29.7194905,-95.4165267,Geofabrik OpenStreetMap GeoPackage extract,2026-08-16T03:29:35Z,open,ODbL; attribution and share-alike required,packet_ready,geofabrik_named_food_service
national-post-office-tx-astrodome-4e10ef4349,Astrodome post-office-centered national sample candidate,national_post_office_sample_candidate,food_service,osm:way:528128571,Luby's,,,Astrodome,TX,,29.6752011,-95.4590273,Geofabrik OpenStreetMap GeoPackage extract,2026-08-16T03:29:35Z,open,ODbL; attribution and share-alike required,packet_ready,geofabrik_named_food_service
national-post-office-tx-astrodome-4e10ef4349,Astrodome post-office-centered national sample candidate,national_post_office_sample_candidate,food_service,osm:way:318087523,Luby's Cafeteria,,,Astrodome,TX,,29.6960018,-95.4014450,Geofabrik OpenStreetMap GeoPackage extract,2026-08-16T03:29:35Z,open,ODbL; attribution and share-alike required,packet_ready,geofabrik_named_food_service
national-post-office-tx-astrodome-4e10ef4349,Astrodome post-office-centered national sample candidate,national_post_office_sample_candidate,food_service,osm:node:2346520996,Luigi's Pizzeria,,,Astrodome,TX,,29.7155270,-95.4518420,Geofabrik OpenStreetMap GeoPackage extract,2026-08-16T03:29:35Z,open,ODbL; attribution and share-alike required,packet_ready,geofabrik_named_food_service
national-post-office-tx-astrodome-4e10ef4349,Astrodome post-office-centered national sample candidate,national_post_office_sample_candidate,food_service,osm:node:12044710841,MOD Pizza,,,Astrodome,TX,,29.7095198,-95.4016465,Geofabrik OpenStreetMap GeoPackage extract,2026-08-16T03:29:35Z,open,ODbL; attribution and share-alike required,packet_ready,geofabrik_named_food_service
national-post-office-tx-astrodome-4e10ef4349,Astrodome post-office-centered national sample candidate,national_post_office_sample_candidate,food_service,osm:node:12410033639,Marco's Pizza,,,Astrodome,TX,,29.6811790,-95.4255239,Geofabrik OpenStreetMap GeoPackage extract,2026-08-16T03:29:35Z,open,ODbL; attribution and share-alike required,packet_ready,geofabrik_named_food_service
national-post-office-tx-astrodome-4e10ef4349,Astrodome post-office-centered national sample candidate,national_post_office_sample_candidate,food_service,osm:node:12351762506,Max's Restaurant,,,Astrodome,TX,,29.6931788,-95.4143135,Geofabrik OpenStreetMap GeoPackage extract,2026-08-16T03:29:35Z,open,ODbL; attribution and share-alike required,packet_ready,geofabrik_named_food_service
national-post-office-tx-astrodome-4e10ef4349,Astrodome post-office-centered national sample candidate,national_post_office_sample_candidate,food_service,osm:node:11840435980,McDonald's,,,Astrodome,TX,,29.6784605,-95.4260128,Geofabrik OpenStreetMap GeoPackage extract,2026-08-16T03:29:35Z,open,ODbL; attribution and share-alike required,packet_ready,geofabrik_named_food_service
national-post-office-tx-astrodome-4e10ef4349,Astrodome post-office-centered national sample candidate,national_post_office_sample_candidate,food_service,osm:node:12290749307,McDonald's,,,Astrodome,TX,,29.7279191,-95.4189591,Geofabrik OpenStreetMap GeoPackage extract,2026-08-16T03:29:35Z,open,ODbL; attribution and share-alike required,packet_ready,geofabrik_named_food_service
national-post-office-tx-astrodome-4e10ef4349,Astrodome post-office-centered national sample candidate,national_post_office_sample_candidate,food_service,osm:node:9063305474,McDonald's,,,Astrodome,TX,,29.7080992,-95.4007673,Geofabrik OpenStreetMap GeoPackage extract,2026-08-16T03:29:35Z,open,ODbL; attribution and share-alike required,packet_ready,geofabrik_named_food_service
national-post-office-tx-astrodome-4e10ef4349,Astrodome post-office-centered national sample candidate,national_post_office_sample_candidate,food_service,osm:way:196677186,McDonald's,,,Astrodome,TX,,29.6888634,-95.4581482,Geofabrik OpenStreetMap GeoPackage extract,2026-08-16T03:29:35Z,open,ODbL; attribution and share-alike required,packet_ready,geofabrik_named_food_service
national-post-office-tx-astrodome-4e10ef4349,Astrodome post-office-centered national sample candidate,national_post_office_sample_candidate,food_service,osm:way:255758330,McDonald's,,,Astrodome,TX,,29.6783450,-95.4026646,Geofabrik OpenStreetMap GeoPackage extract,2026-08-16T03:29:35Z,open,ODbL; attribution and share-alike required,packet_ready,geofabrik_named_food_service
national-post-office-tx-astrodome-4e10ef4349,Astrodome post-office-centered national sample candidate,national_post_office_sample_candidate,food_service,osm:way:526153446,McDonald's,,,Astrodome,TX,,29.6699710,-95.4614695,Geofabrik OpenStreetMap GeoPackage extract,2026-08-16T03:29:35Z,open,ODbL; attribution and share-alike required,packet_ready,geofabrik_named_food_service
national-post-office-tx-astrodome-4e10ef4349,Astrodome post-office-centered national sample candidate,national_post_office_sample_candidate,food_service,osm:way:731142667,McDonald's,,,Astrodome,TX,,29.7055990,-95.4116157,Geofabrik OpenStreetMap GeoPackage extract,2026-08-16T03:29:35Z,open,ODbL; attribution and share-alike required,packet_ready,geofabrik_named_food_service
national-post-office-tx-astrodome-4e10ef4349,Astrodome post-office-centered national sample candidate,national_post_office_sample_candidate,food_service,osm:node:10130154236,Mendocino Farms,,,Astrodome,TX,,29.7161035,-95.4152848,Geofabrik OpenStreetMap GeoPackage extract,2026-08-16T03:29:35Z,open,ODbL; attribution and share-alike required,packet_ready,geofabrik_named_food_service
national-post-office-tx-astrodome-4e10ef4349,Astrodome post-office-centered national sample candidate,national_post_office_sample_candidate,food_service,osm:node:13699189664,Morningside Thai Restaurant,,,Astrodome,TX,,29.6959947,-95.4161699,Geofabrik OpenStreetMap GeoPackage extract,2026-08-16T03:29:35Z,open,ODbL; attribution and share-alike required,packet_ready,geofabrik_named_food_service
national-post-office-tx-astrodome-4e10ef4349,Astrodome post-office-centered national sample candidate,national_post_office_sample_candidate,food_service,osm:way:218802094,Olive Garden,,,Astrodome,TX,,29.6916147,-95.4149288,Geofabrik OpenStreetMap GeoPackage extract,2026-08-16T03:29:35Z,open,ODbL; attribution and share-alike required,packet_ready,geofabrik_named_food_service
national-post-office-tx-astrodome-4e10ef4349,Astrodome post-office-centered national sample candidate,national_post_office_sample_candidate,food_service,osm:node:6362516845,Osaka Sushi,,,Astrodome,TX,,29.7054824,-95.4407856,Geofabrik OpenStreetMap GeoPackage extract,2026-08-16T03:29:35Z,open,ODbL; attribution and share-alike required,packet_ready,geofabrik_named_food_service
national-post-office-tx-astrodome-4e10ef4349,Astrodome post-office-centered national sample candidate,national_post_office_sample_candidate,food_service,osm:node:2069777127,Panda Express,,,Astrodome,TX,,29.6867060,-95.4580160,Geofabrik OpenStreetMap GeoPackage extract,2026-08-16T03:29:35Z,open,ODbL; attribution and share-alike required,packet_ready,geofabrik_named_food_service
national-post-office-tx-astrodome-4e10ef4349,Astrodome post-office-centered national sample candidate,national_post_office_sample_candidate,food_service,osm:node:5604621761,Panda Express,,,Astrodome,TX,,29.6908764,-95.4160373,Geofabrik OpenStreetMap GeoPackage extract,2026-08-16T03:29:35Z,open,ODbL; attribution and share-alike required,packet_ready,geofabrik_named_food_service
national-post-office-tx-astrodome-4e10ef4349,Astrodome post-office-centered national sample candidate,national_post_office_sample_candidate,food_service,osm:way:329054602,Panda Garden,,,Astrodome,TX,,29.7228243,-95.4423786,Geofabrik OpenStreetMap GeoPackage extract,2026-08-16T03:29:35Z,open,ODbL; attribution and share-alike required,packet_ready,geofabrik_named_food_service
national-post-office-tx-astrodome-4e10ef4349,Astrodome post-office-centered national sample candidate,national_post_office_sample_candidate,food_service,osm:node:2842992101,Panera Bread,,,Astrodome,TX,,29.7048550,-95.4268260,Geofabrik OpenStreetMap GeoPackage extract,2026-08-16T03:29:35Z,open,ODbL; attribution and share-alike required,packet_ready,geofabrik_named_food_service
national-post-office-tx-astrodome-4e10ef4349,Astrodome post-office-centered national sample candidate,national_post_office_sample_candidate,food_service,osm:node:5604621772,Papa John's,,,Astrodome,TX,,29.6927984,-95.4163056,Geofabrik OpenStreetMap GeoPackage extract,2026-08-16T03:29:35Z,open,ODbL; attribution and share-alike required,packet_ready,geofabrik_named_food_service
national-post-office-tx-astrodome-4e10ef4349,Astrodome post-office-centered national sample candidate,national_post_office_sample_candidate,food_service,osm:way:1073735243,Pappadeaux Seafood Kitchen,,,Astrodome,TX,,29.6767788,-95.4165446,Geofabrik OpenStreetMap GeoPackage extract,2026-08-16T03:29:35Z,open,ODbL; attribution and share-alike required,packet_ready,geofabrik_named_food_service
national-post-office-tx-astrodome-4e10ef4349,Astrodome post-office-centered national sample candidate,national_post_office_sample_candidate,food_service,osm:way:218950888,Pappas Bar-B-Q,,,Astrodome,TX,,29.6900565,-95.4171452,Geofabrik OpenStreetMap GeoPackage extract,2026-08-16T03:29:35Z,open,ODbL; attribution and share-alike required,packet_ready,geofabrik_named_food_service
national-post-office-tx-astrodome-4e10ef4349,Astrodome post-office-centered national sample candidate,national_post_office_sample_candidate,food_service,osm:way:1328697458,Pappasito's Cantina,,,Astrodome,TX,,29.6767840,-95.4156119,Geofabrik OpenStreetMap GeoPackage extract,2026-08-16T03:29:35Z,open,ODbL; attribution and share-alike required,packet_ready,geofabrik_named_food_service
national-post-office-tx-astrodome-4e10ef4349,Astrodome post-office-centered national sample candidate,national_post_office_sample_candidate,food_service,osm:node:5604621769,Pepperoni's,,,Astrodome,TX,,29.6916722,-95.4171263,Geofabrik OpenStreetMap GeoPackage extract,2026-08-16T03:29:35Z,open,ODbL; attribution and share-alike required,packet_ready,geofabrik_named_food_service
national-post-office-tx-astrodome-4e10ef4349,Astrodome post-office-centered national sample candidate,national_post_office_sample_candidate,food_service,osm:node:10107277344,Periodic Table,,,Astrodome,TX,,29.7222544,-95.3901149,Geofabrik OpenStreetMap GeoPackage extract,2026-08-16T03:29:35Z,open,ODbL; attribution and share-alike required,packet_ready,geofabrik_named_food_service
national-post-office-tx-astrodome-4e10ef4349,Astrodome post-office-centered national sample candidate,national_post_office_sample_candidate,food_service,osm:node:9150440783,Pink's Pizza,,,Astrodome,TX,,29.7257742,-95.4218195,Geofabrik OpenStreetMap GeoPackage extract,2026-08-16T03:29:35Z,open,ODbL; attribution and share-alike required,packet_ready,geofabrik_named_food_service
national-post-office-tx-astrodome-4e10ef4349,Astrodome post-office-centered national sample candidate,national_post_office_sample_candidate,food_service,osm:node:1975617303,Pizza Hut,,,Astrodome,TX,,29.7065646,-95.4053495,Geofabrik OpenStreetMap GeoPackage extract,2026-08-16T03:29:35Z,open,ODbL; attribution and share-alike required,packet_ready,geofabrik_named_food_service
national-post-office-tx-astrodome-4e10ef4349,Astrodome post-office-centered national sample candidate,national_post_office_sample_candidate,food_service,osm:node:2353755211,Pizza Hut,,,Astrodome,TX,,29.7054410,-95.4408920,Geofabrik OpenStreetMap GeoPackage extract,2026-08-16T03:29:35Z,open,ODbL; attribution and share-alike required,packet_ready,geofabrik_named_food_service
national-post-office-tx-astrodome-4e10ef4349,Astrodome post-office-centered national sample candidate,national_post_office_sample_candidate,food_service,osm:node:5604621750,Pizza Hut,,,Astrodome,TX,,29.6919034,-95.4122297,Geofabrik OpenStreetMap GeoPackage extract,2026-08-16T03:29:35Z,open,ODbL; attribution and share-alike required,packet_ready,geofabrik_named_food_service
national-post-office-tx-astrodome-4e10ef4349,Astrodome post-office-centered national sample candidate,national_post_office_sample_candidate,food_service,osm:way:1119487387,Plucker's,,,Astrodome,TX,,29.6862594,-95.4579984,Geofabrik OpenStreetMap GeoPackage extract,2026-08-16T03:29:35Z,open,ODbL; attribution and share-alike required,packet_ready,geofabrik_named_food_service
national-post-office-tx-astrodome-4e10ef4349,Astrodome post-office-centered national sample candidate,national_post_office_sample_candidate,food_service,osm:node:13584913358,Plum Skybar and Lounge,,,Astrodome,TX,,29.6993958,-95.3995276,Geofabrik OpenStreetMap GeoPackage extract,2026-08-16T03:29:35Z,open,ODbL; attribution and share-alike required,packet_ready,geofabrik_named_food_service
national-post-office-tx-astrodome-4e10ef4349,Astrodome post-office-centered national sample candidate,national_post_office_sample_candidate,food_service,osm:node:8362885201,Poké in the bowl,,,Astrodome,TX,,29.7097482,-95.4020412,Geofabrik OpenStreetMap GeoPackage extract,2026-08-16T03:29:35Z,open,ODbL; attribution and share-alike required,packet_ready,geofabrik_named_food_service
national-post-office-tx-astrodome-4e10ef4349,Astrodome post-office-centered national sample candidate,national_post_office_sample_candidate,food_service,osm:node:12044710848,Popeyes,,,Astrodome,TX,,29.6862576,-95.4213729,Geofabrik OpenStreetMap GeoPackage extract,2026-08-16T03:29:35Z,open,ODbL; attribution and share-alike required,packet_ready,geofabrik_named_food_service
national-post-office-tx-astrodome-4e10ef4349,Astrodome post-office-centered national sample candidate,national_post_office_sample_candidate,food_service,osm:node:5604621768,Quiznos,,,Astrodome,TX,,29.6917789,-95.4170388,Geofabrik OpenStreetMap GeoPackage extract,2026-08-16T03:29:35Z,open,ODbL; attribution and share-alike required,packet_ready,geofabrik_named_food_service
national-post-office-tx-astrodome-4e10ef4349,Astrodome post-office-centered national sample candidate,national_post_office_sample_candidate,food_service,osm:way:1073734514,Raising Cane's,,,Astrodome,TX,,29.6814228,-95.4254290,Geofabrik OpenStreetMap GeoPackage extract,2026-08-16T03:29:35Z,open,ODbL; attribution and share-alike required,packet_ready,geofabrik_named_food_service
national-post-office-tx-astrodome-4e10ef4349,Astrodome post-office-centered national sample candidate,national_post_office_sample_candidate,food_service,osm:node:13070337589,Reggae Hut,,,Astrodome,TX,,29.7265514,-95.3776957,Geofabrik OpenStreetMap GeoPackage extract,2026-08-16T03:29:35Z,open,ODbL; attribution and share-alike required,packet_ready,geofabrik_named_food_service
national-post-office-tx-astrodome-4e10ef4349,Astrodome post-office-centered national sample candidate,national_post_office_sample_candidate,food_service,osm:node:8398624573,Rice Coffeehouse,,,Astrodome,TX,,29.7179736,-95.4023034,Geofabrik OpenStreetMap GeoPackage extract,2026-08-16T03:29:35Z,open,ODbL; attribution and share-alike required,packet_ready,geofabrik_named_food_service
national-post-office-tx-astrodome-4e10ef4349,Astrodome post-office-centered national sample candidate,national_post_office_sample_candidate,food_service,osm:way:378141723,Ruchi's Mexican Grill Taqueria,,,Astrodome,TX,,29.6784716,-95.4286328,Geofabrik OpenStreetMap GeoPackage extract,2026-08-16T03:29:35Z,open,ODbL; attribution and share-alike required,packet_ready,geofabrik_named_food_service
national-post-office-tx-astrodome-4e10ef4349,Astrodome post-office-centered national sample candidate,national_post_office_sample_candidate,food_service,osm:node:5604621753,Russo's New York Pizza,,,Astrodome,TX,,29.6889777,-95.4131124,Geofabrik OpenStreetMap GeoPackage extract,2026-08-16T03:29:35Z,open,ODbL; attribution and share-alike required,packet_ready,geofabrik_named_food_service
national-post-office-tx-astrodome-4e10ef4349,Astrodome post-office-centered national sample candidate,national_post_office_sample_candidate,food_service,osm:node:1975476293,Salata,,,Astrodome,TX,,29.7094513,-95.4013821,Geofabrik OpenStreetMap GeoPackage extract,2026-08-16T03:29:35Z,open,ODbL; attribution and share-alike required,packet_ready,geofabrik_named_food_service
national-post-office-tx-astrodome-4e10ef4349,Astrodome post-office-centered national sample candidate,national_post_office_sample_candidate,food_service,osm:way:194534068,Saltgrass Steak House,,,Astrodome,TX,,29.6861633,-95.4598807,Geofabrik OpenStreetMap GeoPackage extract,2026-08-16T03:29:35Z,open,ODbL; attribution and share-alike required,packet_ready,geofabrik_named_food_service
national-post-office-tx-astrodome-4e10ef4349,Astrodome post-office-centered national sample candidate,national_post_office_sample_candidate,food_service,osm:node:8398624579,Sammy's,,,Astrodome,TX,,29.7178664,-95.4019744,Geofabrik OpenStreetMap GeoPackage extract,2026-08-16T03:29:35Z,open,ODbL; attribution and share-alike required,packet_ready,geofabrik_named_food_service
national-post-office-tx-astrodome-4e10ef4349,Astrodome post-office-centered national sample candidate,national_post_office_sample_candidate,food_service,osm:node:8669103278,Sarpino's Pizzeria,,,Astrodome,TX,,29.6959594,-95.4161011,Geofabrik OpenStreetMap GeoPackage extract,2026-08-16T03:29:35Z,open,ODbL; attribution and share-alike required,packet_ready,geofabrik_named_food_service
national-post-office-tx-astrodome-4e10ef4349,Astrodome post-office-centered national sample candidate,national_post_office_sample_candidate,food_service,osm:node:2807829739,Schlotzsky's,,,Astrodome,TX,,29.6925894,-95.4164283,Geofabrik OpenStreetMap GeoPackage extract,2026-08-16T03:29:35Z,open,ODbL; attribution and share-alike required,packet_ready,geofabrik_named_food_service
national-post-office-tx-astrodome-4e10ef4349,Astrodome post-office-centered national sample candidate,national_post_office_sample_candidate,food_service,osm:node:8474060324,Shake Shack,,,Astrodome,TX,,29.7156398,-95.4180971,Geofabrik OpenStreetMap GeoPackage extract,2026-08-16T03:29:35Z,open,ODbL; attribution and share-alike required,packet_ready,geofabrik_named_food_service
national-post-office-tx-astrodome-4e10ef4349,Astrodome post-office-centered national sample candidate,national_post_office_sample_candidate,food_service,osm:way:1531517923,Shake Shack,,,Astrodome,TX,,29.6856553,-95.4582507,Geofabrik OpenStreetMap GeoPackage extract,2026-08-16T03:29:35Z,open,ODbL; attribution and share-alike required,packet_ready,geofabrik_named_food_service
national-post-office-tx-astrodome-4e10ef4349,Astrodome post-office-centered national sample candidate,national_post_office_sample_candidate,food_service,osm:node:13688692401,Shawarma Stop,,,Astrodome,TX,,29.7142353,-95.3814921,Geofabrik OpenStreetMap GeoPackage extract,2026-08-16T03:29:35Z,open,ODbL; attribution and share-alike required,packet_ready,geofabrik_named_food_service
national-post-office-tx-astrodome-4e10ef4349,Astrodome post-office-centered national sample candidate,national_post_office_sample_candidate,food_service,osm:way:1018156335,Shipley Do-Nuts,,,Astrodome,TX,,29.7013019,-95.3765227,Geofabrik OpenStreetMap GeoPackage extract,2026-08-16T03:29:35Z,open,ODbL; attribution and share-alike required,packet_ready,geofabrik_named_food_service
national-post-office-tx-astrodome-4e10ef4349,Astrodome post-office-centered national sample candidate,national_post_office_sample_candidate,food_service,osm:way:1080553977,Shipley Do-Nuts,,,Astrodome,TX,,29.6798013,-95.3940593,Geofabrik OpenStreetMap GeoPackage extract,2026-08-16T03:29:35Z,open,ODbL; attribution and share-alike required,packet_ready,geofabrik_named_food_service
national-post-office-tx-astrodome-4e10ef4349,Astrodome post-office-centered national sample candidate,national_post_office_sample_candidate,food_service,osm:way:384000567,Shipley Do-Nuts,,,Astrodome,TX,,29.6672203,-95.4626658,Geofabrik OpenStreetMap GeoPackage extract,2026-08-16T03:29:35Z,open,ODbL; attribution and share-alike required,packet_ready,geofabrik_named_food_service
national-post-office-tx-astrodome-4e10ef4349,Astrodome post-office-centered national sample candidate,national_post_office_sample_candidate,food_service,osm:node:2346517762,Shipley's Donuts,,,Astrodome,TX,,29.7155810,-95.4517130,Geofabrik OpenStreetMap GeoPackage extract,2026-08-16T03:29:35Z,open,ODbL; attribution and share-alike required,packet_ready,geofabrik_named_food_service
national-post-office-tx-astrodome-4e10ef4349,Astrodome post-office-centered national sample candidate,national_post_office_sample_candidate,food_service,osm:node:10858935011,Shiva Indian Restaurant,,,Astrodome,TX,,29.7265671,-95.4282694,Geofabrik OpenStreetMap GeoPackage extract,2026-08-16T03:29:35Z,open,ODbL; attribution and share-alike required,packet_ready,geofabrik_named_food_service
national-post-office-tx-astrodome-4e10ef4349,Astrodome post-office-centered national sample candidate,national_post_office_sample_candidate,food_service,osm:node:8474060325,Sixty Vines,,,Astrodome,TX,,29.7153337,-95.4175833,Geofabrik OpenStreetMap GeoPackage extract,2026-08-16T03:29:35Z,open,ODbL; attribution and share-alike required,packet_ready,geofabrik_named_food_service
national-post-office-tx-astrodome-4e10ef4349,Astrodome post-office-centered national sample candidate,national_post_office_sample_candidate,food_service,osm:node:2627568674,Skeeter's,,,Astrodome,TX,,29.7221910,-95.4409760,Geofabrik OpenStreetMap GeoPackage extract,2026-08-16T03:29:35Z,open,ODbL; attribution and share-alike required,packet_ready,geofabrik_named_food_service
national-post-office-tx-astrodome-4e10ef4349,Astrodome post-office-centered national sample candidate,national_post_office_sample_candidate,food_service,osm:node:5604621742,Smashburger,,,Astrodome,TX,,29.6945865,-95.4134730,Geofabrik OpenStreetMap GeoPackage extract,2026-08-16T03:29:35Z,open,ODbL; attribution and share-alike required,packet_ready,geofabrik_named_food_service
national-post-office-tx-astrodome-4e10ef4349,Astrodome post-office-centered national sample candidate,national_post_office_sample_candidate,food_service,osm:node:2333859003,Smoothie King,,,Astrodome,TX,,29.6879330,-95.4598030,Geofabrik OpenStreetMap GeoPackage extract,2026-08-16T03:29:35Z,open,ODbL; attribution and share-alike required,packet_ready,geofabrik_named_food_service
national-post-office-tx-astrodome-4e10ef4349,Astrodome post-office-centered national sample candidate,national_post_office_sample_candidate,food_service,osm:way:1078951501,Smoothie King,,,Astrodome,TX,,29.6932134,-95.4136542,Geofabrik OpenStreetMap GeoPackage extract,2026-08-16T03:29:35Z,open,ODbL; attribution and share-alike required,packet_ready,geofabrik_named_food_service
national-post-office-tx-astrodome-4e10ef4349,Astrodome post-office-centered national sample candidate,national_post_office_sample_candidate,food_service,osm:node:2408160688,Snooze - An A.M. Eatery,,,Astrodome,TX,,29.7058190,-95.4266760,Geofabrik OpenStreetMap GeoPackage extract,2026-08-16T03:29:35Z,open,ODbL; attribution and share-alike required,packet_ready,geofabrik_named_food_service
national-post-office-tx-astrodome-4e10ef4349,Astrodome post-office-centered national sample candidate,national_post_office_sample_candidate,food_service,osm:way:255737661,Sonic,,,Astrodome,TX,,29.6911950,-95.4175678,Geofabrik OpenStreetMap GeoPackage extract,2026-08-16T03:29:35Z,open,ODbL; attribution and share-alike required,packet_ready,geofabrik_named_food_service
national-post-office-tx-astrodome-4e10ef4349,Astrodome post-office-centered national sample candidate,national_post_office_sample_candidate,food_service,osm:way:567925865,Spanish Village,,,Astrodome,TX,,29.7272271,-95.3775339,Geofabrik OpenStreetMap GeoPackage extract,2026-08-16T03:29:35Z,open,ODbL; attribution and share-alike required,packet_ready,geofabrik_named_food_service
national-post-office-tx-astrodome-4e10ef4349,Astrodome post-office-centered national sample candidate,national_post_office_sample_candidate,food_service,osm:node:12400784903,Sprinkles Houston Rice Village,,,Astrodome,TX,,29.7157000,-95.4175764,Geofabrik OpenStreetMap GeoPackage extract,2026-08-16T03:29:35Z,open,ODbL; attribution and share-alike required,packet_ready,geofabrik_named_food_service
national-post-office-tx-astrodome-4e10ef4349,Astrodome post-office-centered national sample candidate,national_post_office_sample_candidate,food_service,osm:node:10858959005,Starbucks,,,Astrodome,TX,,29.7274521,-95.4308073,Geofabrik OpenStreetMap GeoPackage extract,2026-08-16T03:29:35Z,open,ODbL; attribution and share-alike required,packet_ready,geofabrik_named_food_service
national-post-office-tx-astrodome-4e10ef4349,Astrodome post-office-centered national sample candidate,national_post_office_sample_candidate,food_service,osm:node:1975476340,Starbucks,,,Astrodome,TX,,29.7096388,-95.4012266,Geofabrik OpenStreetMap GeoPackage extract,2026-08-16T03:29:35Z,open,ODbL; attribution and share-alike required,packet_ready,geofabrik_named_food_service
national-post-office-tx-astrodome-4e10ef4349,Astrodome post-office-centered national sample candidate,national_post_office_sample_candidate,food_service,osm:node:2051347349,Starbucks,,,Astrodome,TX,,29.6888717,-95.4621141,Geofabrik OpenStreetMap GeoPackage extract,2026-08-16T03:29:35Z,open,ODbL; attribution and share-alike required,packet_ready,geofabrik_named_food_service
national-post-office-tx-astrodome-4e10ef4349,Astrodome post-office-centered national sample candidate,national_post_office_sample_candidate,food_service,osm:node:2405569053,Starbucks,,,Astrodome,TX,,29.7281940,-95.4276170,Geofabrik OpenStreetMap GeoPackage extract,2026-08-16T03:29:35Z,open,ODbL; attribution and share-alike required,packet_ready,geofabrik_named_food_service
national-post-office-tx-astrodome-4e10ef4349,Astrodome post-office-centered national sample candidate,national_post_office_sample_candidate,food_service,osm:node:2408157598,Starbucks,,,Astrodome,TX,,29.7054600,-95.4403670,Geofabrik OpenStreetMap GeoPackage extract,2026-08-16T03:29:35Z,open,ODbL; attribution and share-alike required,packet_ready,geofabrik_named_food_service
national-post-office-tx-astrodome-4e10ef4349,Astrodome post-office-centered national sample candidate,national_post_office_sample_candidate,food_service,osm:node:4317541824,Starbucks,,,Astrodome,TX,,29.7156999,-95.4173876,Geofabrik OpenStreetMap GeoPackage extract,2026-08-16T03:29:35Z,open,ODbL; attribution and share-alike required,packet_ready,geofabrik_named_food_service
national-post-office-tx-astrodome-4e10ef4349,Astrodome post-office-centered national sample candidate,national_post_office_sample_candidate,food_service,osm:node:5604621733,Starbucks,,,Astrodome,TX,,29.6959048,-95.4151656,Geofabrik OpenStreetMap GeoPackage extract,2026-08-16T03:29:35Z,open,ODbL; attribution and share-alike required,packet_ready,geofabrik_named_food_service
national-post-office-tx-astrodome-4e10ef4349,Astrodome post-office-centered national sample candidate,national_post_office_sample_candidate,food_service,osm:node:5604621795,Starbucks,,,Astrodome,TX,,29.6929428,-95.4185697,Geofabrik OpenStreetMap GeoPackage extract,2026-08-16T03:29:35Z,open,ODbL; attribution and share-alike required,packet_ready,geofabrik_named_food_service
national-post-office-tx-astrodome-4e10ef4349,Astrodome post-office-centered national sample candidate,national_post_office_sample_candidate,food_service,osm:node:6496768936,Starbucks,,,Astrodome,TX,,29.7048865,-95.4249877,Geofabrik OpenStreetMap GeoPackage extract,2026-08-16T03:29:35Z,open,ODbL; attribution and share-alike required,packet_ready,geofabrik_named_food_service
national-post-office-tx-astrodome-4e10ef4349,Astrodome post-office-centered national sample candidate,national_post_office_sample_candidate,food_service,osm:way:450347190,Starbucks,,,Astrodome,TX,,29.6826871,-95.4578862,Geofabrik OpenStreetMap GeoPackage extract,2026-08-16T03:29:35Z,open,ODbL; attribution and share-alike required,packet_ready,geofabrik_named_food_service
national-post-office-tx-astrodome-4e10ef4349,Astrodome post-office-centered national sample candidate,national_post_office_sample_candidate,food_service,osm:way:586637991,Starbucks,,,Astrodome,TX,,29.6797489,-95.4265327,Geofabrik OpenStreetMap GeoPackage extract,2026-08-16T03:29:35Z,open,ODbL; attribution and share-alike required,packet_ready,geofabrik_named_food_service
national-post-office-tx-astrodome-4e10ef4349,Astrodome post-office-centered national sample candidate,national_post_office_sample_candidate,food_service,osm:node:13452572100,Subway,,,Astrodome,TX,,29.6798901,-95.4244166,Geofabrik OpenStreetMap GeoPackage extract,2026-08-16T03:29:35Z,open,ODbL; attribution and share-alike required,packet_ready,geofabrik_named_food_service
national-post-office-tx-astrodome-4e10ef4349,Astrodome post-office-centered national sample candidate,national_post_office_sample_candidate,food_service,osm:node:1406368138,Subway,,,Astrodome,TX,,29.7211902,-95.4425282,Geofabrik OpenStreetMap GeoPackage extract,2026-08-16T03:29:35Z,open,ODbL; attribution and share-alike required,packet_ready,geofabrik_named_food_service
national-post-office-tx-astrodome-4e10ef4349,Astrodome post-office-centered national sample candidate,national_post_office_sample_candidate,food_service,osm:node:2346513261,Subway,,,Astrodome,TX,,29.7229890,-95.4587150,Geofabrik OpenStreetMap GeoPackage extract,2026-08-16T03:29:35Z,open,ODbL; attribution and share-alike required,packet_ready,geofabrik_named_food_service
national-post-office-tx-astrodome-4e10ef4349,Astrodome post-office-centered national sample candidate,national_post_office_sample_candidate,food_service,osm:node:2346595277,Subway,,,Astrodome,TX,,29.6894830,-95.4571800,Geofabrik OpenStreetMap GeoPackage extract,2026-08-16T03:29:35Z,open,ODbL; attribution and share-alike required,packet_ready,geofabrik_named_food_service
national-post-office-tx-astrodome-4e10ef4349,Astrodome post-office-centered national sample candidate,national_post_office_sample_candidate,food_service,osm:node:2822851736,Subway,,,Astrodome,TX,,29.7268744,-95.4296540,Geofabrik OpenStreetMap GeoPackage extract,2026-08-16T03:29:35Z,open,ODbL; attribution and share-alike required,packet_ready,geofabrik_named_food_service
national-post-office-tx-astrodome-4e10ef4349,Astrodome post-office-centered national sample candidate,national_post_office_sample_candidate,food_service,osm:node:5604621754,Subway,,,Astrodome,TX,,29.6888394,-95.4131556,Geofabrik OpenStreetMap GeoPackage extract,2026-08-16T03:29:35Z,open,ODbL; attribution and share-alike required,packet_ready,geofabrik_named_food_service
national-post-office-tx-astrodome-4e10ef4349,Astrodome post-office-centered national sample candidate,national_post_office_sample_candidate,food_service,osm:way:1431078110,Sunday Press,,,Astrodome,TX,,29.7172400,-95.3898396,Geofabrik OpenStreetMap GeoPackage extract,2026-08-16T03:29:35Z,open,ODbL; attribution and share-alike required,packet_ready,geofabrik_named_food_service
national-post-office-tx-astrodome-4e10ef4349,Astrodome post-office-centered national sample candidate,national_post_office_sample_candidate,food_service,osm:way:1021741160,Super La Mexicana,,,Astrodome,TX,,29.6729943,-95.4403272,Geofabrik OpenStreetMap GeoPackage extract,2026-08-16T03:29:35Z,open,ODbL; attribution and share-alike required,packet_ready,geofabrik_named_food_service
national-post-office-tx-astrodome-4e10ef4349,Astrodome post-office-centered national sample candidate,national_post_office_sample_candidate,food_service,osm:node:8474060326,Sweetgreen,,,Astrodome,TX,,29.7156942,-95.4174958,Geofabrik OpenStreetMap GeoPackage extract,2026-08-16T03:29:35Z,open,ODbL; attribution and share-alike required,packet_ready,geofabrik_named_food_service
national-post-office-tx-astrodome-4e10ef4349,Astrodome post-office-centered national sample candidate,national_post_office_sample_candidate,food_service,osm:way:372527963,Taco Bell,,,Astrodome,TX,,29.6768304,-95.4269697,Geofabrik OpenStreetMap GeoPackage extract,2026-08-16T03:29:35Z,open,ODbL; attribution and share-alike required,packet_ready,geofabrik_named_food_service
national-post-office-tx-astrodome-4e10ef4349,Astrodome post-office-centered national sample candidate,national_post_office_sample_candidate,food_service,osm:way:426609123,Taco Bell,,,Astrodome,TX,,29.7058436,-95.4113036,Geofabrik OpenStreetMap GeoPackage extract,2026-08-16T03:29:35Z,open,ODbL; attribution and share-alike required,packet_ready,geofabrik_named_food_service
national-post-office-tx-astrodome-4e10ef4349,Astrodome post-office-centered national sample candidate,national_post_office_sample_candidate,food_service,osm:node:1975611378,Taco Cabana,,,Astrodome,TX,,29.6924672,-95.4154831,Geofabrik OpenStreetMap GeoPackage extract,2026-08-16T03:29:35Z,open,ODbL; attribution and share-alike required,packet_ready,geofabrik_named_food_service
national-post-office-tx-astrodome-4e10ef4349,Astrodome post-office-centered national sample candidate,national_post_office_sample_candidate,food_service,osm:way:396536315,Taco Cabana,,,Astrodome,TX,,29.6702442,-95.4625353,Geofabrik OpenStreetMap GeoPackage extract,2026-08-16T03:29:35Z,open,ODbL; attribution and share-alike required,packet_ready,geofabrik_named_food_service
national-post-office-tx-astrodome-4e10ef4349,Astrodome post-office-centered national sample candidate,national_post_office_sample_candidate,food_service,osm:way:1090394168,Tacos “El Zeba’s”,,,Astrodome,TX,,29.6685950,-95.4629855,Geofabrik OpenStreetMap GeoPackage extract,2026-08-16T03:29:35Z,open,ODbL; attribution and share-alike required,packet_ready,geofabrik_named_food_service
national-post-office-tx-astrodome-4e10ef4349,Astrodome post-office-centered national sample candidate,national_post_office_sample_candidate,food_service,osm:way:1089804118,Tapster's Grill,,,Astrodome,TX,,29.6896268,-95.4520043,Geofabrik OpenStreetMap GeoPackage extract,2026-08-16T03:29:35Z,open,ODbL; attribution and share-alike required,packet_ready,geofabrik_named_food_service
national-post-office-tx-astrodome-4e10ef4349,Astrodome post-office-centered national sample candidate,national_post_office_sample_candidate,food_service,osm:node:8474235841,Teahouse Tapioca and Tea,,,Astrodome,TX,,29.7176605,-95.4175619,Geofabrik OpenStreetMap GeoPackage extract,2026-08-16T03:29:35Z,open,ODbL; attribution and share-alike required,packet_ready,geofabrik_named_food_service
national-post-office-tx-astrodome-4e10ef4349,Astrodome post-office-centered national sample candidate,national_post_office_sample_candidate,food_service,osm:node:1975444287,Texas Medical Center Commons,,,Astrodome,TX,,29.7095374,-95.3977045,Geofabrik OpenStreetMap GeoPackage extract,2026-08-16T03:29:35Z,open,ODbL; attribution and share-alike required,packet_ready,geofabrik_named_food_service
national-post-office-tx-astrodome-4e10ef4349,Astrodome post-office-centered national sample candidate,national_post_office_sample_candidate,food_service,osm:node:2824454496,Thai Bistro,,,Astrodome,TX,,29.7287541,-95.4305012,Geofabrik OpenStreetMap GeoPackage extract,2026-08-16T03:29:35Z,open,ODbL; attribution and share-alike required,packet_ready,geofabrik_named_food_service
national-post-office-tx-astrodome-4e10ef4349,Astrodome post-office-centered national sample candidate,national_post_office_sample_candidate,food_service,osm:node:3531902321,Thai Spice,,,Astrodome,TX,,29.7196547,-95.4165770,Geofabrik OpenStreetMap GeoPackage extract,2026-08-16T03:29:35Z,open,ODbL; attribution and share-alike required,packet_ready,geofabrik_named_food_service
national-post-office-tx-astrodome-4e10ef4349,Astrodome post-office-centered national sample candidate,national_post_office_sample_candidate,food_service,osm:node:1406368159,The Buffalo Grille,,,Astrodome,TX,,29.7210491,-95.4427831,Geofabrik OpenStreetMap GeoPackage extract,2026-08-16T03:29:35Z,open,ODbL; attribution and share-alike required,packet_ready,geofabrik_named_food_service
national-post-office-tx-astrodome-4e10ef4349,Astrodome post-office-centered national sample candidate,national_post_office_sample_candidate,food_service,osm:way:227382462,The Catch,,,Astrodome,TX,,29.6728480,-95.4602812,Geofabrik OpenStreetMap GeoPackage extract,2026-08-16T03:29:35Z,open,ODbL; attribution and share-alike required,packet_ready,geofabrik_named_food_service
national-post-office-tx-astrodome-4e10ef4349,Astrodome post-office-centered national sample candidate,national_post_office_sample_candidate,food_service,osm:node:13163003170,The Gyro Guys,,,Astrodome,TX,,29.6934851,-95.4116513,Geofabrik OpenStreetMap GeoPackage extract,2026-08-16T03:29:35Z,open,ODbL; attribution and share-alike required,packet_ready,geofabrik_named_food_service
national-post-office-tx-astrodome-4e10ef4349,Astrodome post-office-centered national sample candidate,national_post_office_sample_candidate,food_service,osm:node:1975476337,The Halal Guys,,,Astrodome,TX,,29.7098205,-95.4019776,Geofabrik OpenStreetMap GeoPackage extract,2026-08-16T03:29:35Z,open,ODbL; attribution and share-alike required,packet_ready,geofabrik_named_food_service
national-post-office-tx-astrodome-4e10ef4349,Astrodome post-office-centered national sample candidate,national_post_office_sample_candidate,food_service,osm:node:9890954446,The Teahouse,,,Astrodome,TX,,29.6917716,-95.4131553,Geofabrik OpenStreetMap GeoPackage extract,2026-08-16T03:29:35Z,open,ODbL; attribution and share-alike required,packet_ready,geofabrik_named_food_service
national-post-office-tx-astrodome-4e10ef4349,Astrodome post-office-centered national sample candidate,national_post_office_sample_candidate,food_service,osm:node:8502880000,Tiger Noodle House,,,Astrodome,TX,,29.7175696,-95.4160281,Geofabrik OpenStreetMap GeoPackage extract,2026-08-16T03:29:35Z,open,ODbL; attribution and share-alike required,packet_ready,geofabrik_named_food_service
national-post-office-tx-astrodome-4e10ef4349,Astrodome post-office-centered national sample candidate,national_post_office_sample_candidate,food_service,osm:node:3662137314,Torchy's Tacos,,,Astrodome,TX,,29.7169295,-95.4151375,Geofabrik OpenStreetMap GeoPackage extract,2026-08-16T03:29:35Z,open,ODbL; attribution and share-alike required,packet_ready,geofabrik_named_food_service
national-post-office-tx-astrodome-4e10ef4349,Astrodome post-office-centered national sample candidate,national_post_office_sample_candidate,food_service,osm:node:6204461289,Twiga Café,,,Astrodome,TX,,29.7123409,-95.3925345,Geofabrik OpenStreetMap GeoPackage extract,2026-08-16T03:29:35Z,open,ODbL; attribution and share-alike required,packet_ready,geofabrik_named_food_service
national-post-office-tx-astrodome-4e10ef4349,Astrodome post-office-centered national sample candidate,national_post_office_sample_candidate,food_service,osm:node:9023399798,Velvet Taco,,,Astrodome,TX,,29.7173059,-95.4177848,Geofabrik OpenStreetMap GeoPackage extract,2026-08-16T03:29:35Z,open,ODbL; attribution and share-alike required,packet_ready,geofabrik_named_food_service
national-post-office-tx-astrodome-4e10ef4349,Astrodome post-office-centered national sample candidate,national_post_office_sample_candidate,food_service,osm:node:5604621751,Viet's Express,,,Astrodome,TX,,29.6916570,-95.4121204,Geofabrik OpenStreetMap GeoPackage extract,2026-08-16T03:29:35Z,open,ODbL; attribution and share-alike required,packet_ready,geofabrik_named_food_service
national-post-office-tx-astrodome-4e10ef4349,Astrodome post-office-centered national sample candidate,national_post_office_sample_candidate,food_service,osm:way:1102930816,Watershed,,,Astrodome,TX,,29.6721011,-95.4601351,Geofabrik OpenStreetMap GeoPackage extract,2026-08-16T03:29:35Z,open,ODbL; attribution and share-alike required,packet_ready,geofabrik_named_food_service
national-post-office-tx-astrodome-4e10ef4349,Astrodome post-office-centered national sample candidate,national_post_office_sample_candidate,food_service,osm:way:1007506052,Wendy's,,,Astrodome,TX,,29.7277128,-95.4182545,Geofabrik OpenStreetMap GeoPackage extract,2026-08-16T03:29:35Z,open,ODbL; attribution and share-alike required,packet_ready,geofabrik_named_food_service
national-post-office-tx-astrodome-4e10ef4349,Astrodome post-office-centered national sample candidate,national_post_office_sample_candidate,food_service,osm:way:1073734711,Wendy's,,,Astrodome,TX,,29.6820238,-95.4247812,Geofabrik OpenStreetMap GeoPackage extract,2026-08-16T03:29:35Z,open,ODbL; attribution and share-alike required,packet_ready,geofabrik_named_food_service
national-post-office-tx-astrodome-4e10ef4349,Astrodome post-office-centered national sample candidate,national_post_office_sample_candidate,food_service,osm:way:1081595900,Wendy's,,,Astrodome,TX,,29.7150331,-95.4540164,Geofabrik OpenStreetMap GeoPackage extract,2026-08-16T03:29:35Z,open,ODbL; attribution and share-alike required,packet_ready,geofabrik_named_food_service
national-post-office-tx-astrodome-4e10ef4349,Astrodome post-office-centered national sample candidate,national_post_office_sample_candidate,food_service,osm:way:198245373,Whataburger,,,Astrodome,TX,,29.7284380,-95.4368256,Geofabrik OpenStreetMap GeoPackage extract,2026-08-16T03:29:35Z,open,ODbL; attribution and share-alike required,packet_ready,geofabrik_named_food_service
national-post-office-tx-astrodome-4e10ef4349,Astrodome post-office-centered national sample candidate,national_post_office_sample_candidate,food_service,osm:way:264534241,Whataburger,,,Astrodome,TX,,29.7059140,-95.4123093,Geofabrik OpenStreetMap GeoPackage extract,2026-08-16T03:29:35Z,open,ODbL; attribution and share-alike required,packet_ready,geofabrik_named_food_service
national-post-office-tx-astrodome-4e10ef4349,Astrodome post-office-centered national sample candidate,national_post_office_sample_candidate,food_service,osm:way:372527331,Whataburger,,,Astrodome,TX,,29.6767228,-95.4275914,Geofabrik OpenStreetMap GeoPackage extract,2026-08-16T03:29:35Z,open,ODbL; attribution and share-alike required,packet_ready,geofabrik_named_food_service
national-post-office-tx-astrodome-4e10ef4349,Astrodome post-office-centered national sample candidate,national_post_office_sample_candidate,food_service,osm:way:396536314,Whataburger,,,Astrodome,TX,,29.6690972,-95.4630271,Geofabrik OpenStreetMap GeoPackage extract,2026-08-16T03:29:35Z,open,ODbL; attribution and share-alike required,packet_ready,geofabrik_named_food_service
national-post-office-tx-astrodome-4e10ef4349,Astrodome post-office-centered national sample candidate,national_post_office_sample_candidate,food_service,osm:node:8398624592,Willy's Pub,,,Astrodome,TX,,29.7178922,-95.4018772,Geofabrik OpenStreetMap GeoPackage extract,2026-08-16T03:29:35Z,open,ODbL; attribution and share-alike required,packet_ready,geofabrik_named_food_service
national-post-office-tx-astrodome-4e10ef4349,Astrodome post-office-centered national sample candidate,national_post_office_sample_candidate,food_service,osm:node:8057492618,WingStreet,,,Astrodome,TX,,29.7065506,-95.4053208,Geofabrik OpenStreetMap GeoPackage extract,2026-08-16T03:29:35Z,open,ODbL; attribution and share-alike required,packet_ready,geofabrik_named_food_service
national-post-office-tx-astrodome-4e10ef4349,Astrodome post-office-centered national sample candidate,national_post_office_sample_candidate,food_service,osm:node:10092568613,Wingstop,,,Astrodome,TX,,29.6720698,-95.4604869,Geofabrik OpenStreetMap GeoPackage extract,2026-08-16T03:29:35Z,open,ODbL; attribution and share-alike required,packet_ready,geofabrik_named_food_service
national-post-office-tx-astrodome-4e10ef4349,Astrodome post-office-centered national sample candidate,national_post_office_sample_candidate,food_service,osm:node:5604621773,Wingstop,,,Astrodome,TX,,29.6929281,-95.4162192,Geofabrik OpenStreetMap GeoPackage extract,2026-08-16T03:29:35Z,open,ODbL; attribution and share-alike required,packet_ready,geofabrik_named_food_service
national-post-office-tx-astrodome-4e10ef4349,Astrodome post-office-centered national sample candidate,national_post_office_sample_candidate,food_service,osm:node:2333741765,Yoshi,,,Astrodome,TX,,29.7064320,-95.4420790,Geofabrik OpenStreetMap GeoPackage extract,2026-08-16T03:29:35Z,open,ODbL; attribution and share-alike required,packet_ready,geofabrik_named_food_service
national-post-office-tx-astrodome-4e10ef4349,Astrodome post-office-centered national sample candidate,national_post_office_sample_candidate,food_service,osm:node:1406368108,Z Pizza,,,Astrodome,TX,,29.7212834,-95.4423565,Geofabrik OpenStreetMap GeoPackage extract,2026-08-16T03:29:35Z,open,ODbL; attribution and share-alike required,packet_ready,geofabrik_named_food_service
national-post-office-tx-astrodome-4e10ef4349,Astrodome post-office-centered national sample candidate,national_post_office_sample_candidate,food_service,osm:node:12542672803,Zalat Pizza,,,Astrodome,TX,,29.7058657,-95.4132546,Geofabrik OpenStreetMap GeoPackage extract,2026-08-16T03:29:35Z,open,ODbL; attribution and share-alike required,packet_ready,geofabrik_named_food_service
national-post-office-tx-brady-78c2feb851,Brady post-office-centered national sample candidate,national_post_office_sample_candidate,food_service,osm:node:11374317658,Mac's Bar-B-Q,,,Brady,TX,,31.1185342,-99.3353882,Geofabrik OpenStreetMap GeoPackage extract,2026-08-16T03:29:35Z,open,ODbL; attribution and share-alike required,packet_ready,geofabrik_named_food_service
national-post-office-tx-brady-78c2feb851,Brady post-office-centered national sample candidate,national_post_office_sample_candidate,food_service,osm:node:5694447114,McDonald's,,,Brady,TX,,31.1128183,-99.3358161,Geofabrik OpenStreetMap GeoPackage extract,2026-08-16T03:29:35Z,open,ODbL; attribution and share-alike required,packet_ready,geofabrik_named_food_service
national-post-office-tx-dallas-lake-highlands-station-ddaa42f713,Dallas Lake Highlands Station post-office-centered national sample candidate,national_post_office_sample_candidate,food_service,osm:way:468043092,,,,Dallas Lake Highlands Station,TX,,32.8637590,-96.6835817,Geofabrik OpenStreetMap GeoPackage extract,2026-08-16T03:29:35Z,open,ODbL; attribution and share-alike required,exclude,unnamed_food_service_anchor
national-post-office-tx-dallas-lake-highlands-station-ddaa42f713,Dallas Lake Highlands Station post-office-centered national sample candidate,national_post_office_sample_candidate,food_service,osm:way:468095631,,,,Dallas Lake Highlands Station,TX,,32.8854660,-96.7018773,Geofabrik OpenStreetMap GeoPackage extract,2026-08-16T03:29:35Z,open,ODbL; attribution and share-alike required,exclude,unnamed_food_service_anchor
national-post-office-tx-dallas-lake-highlands-station-ddaa42f713,Dallas Lake Highlands Station post-office-centered national sample candidate,national_post_office_sample_candidate,food_service,osm:way:468095647,,,,Dallas Lake Highlands Station,TX,,32.8843118,-96.7013313,Geofabrik OpenStreetMap GeoPackage extract,2026-08-16T03:29:35Z,open,ODbL; attribution and share-alike required,exclude,unnamed_food_service_anchor
national-post-office-tx-dallas-lake-highlands-station-ddaa42f713,Dallas Lake Highlands Station post-office-centered national sample candidate,national_post_office_sample_candidate,food_service,osm:way:468104241,,,,Dallas Lake Highlands Station,TX,,32.9015288,-96.7155640,Geofabrik OpenStreetMap GeoPackage extract,2026-08-16T03:29:35Z,open,ODbL; attribution and share-alike required,exclude,unnamed_food_service_anchor
national-post-office-tx-dallas-lake-highlands-station-ddaa42f713,Dallas Lake Highlands Station post-office-centered national sample candidate,national_post_office_sample_candidate,food_service,osm:way:468104474,,,,Dallas Lake Highlands Station,TX,,32.8999268,-96.7186932,Geofabrik OpenStreetMap GeoPackage extract,2026-08-16T03:29:35Z,open,ODbL; attribution and share-alike required,exclude,unnamed_food_service_anchor
national-post-office-tx-dallas-lake-highlands-station-ddaa42f713,Dallas Lake Highlands Station post-office-centered national sample candidate,national_post_office_sample_candidate,food_service,osm:way:468104842,,,,Dallas Lake Highlands Station,TX,,32.8951040,-96.7182178,Geofabrik OpenStreetMap GeoPackage extract,2026-08-16T03:29:35Z,open,ODbL; attribution and share-alike required,exclude,unnamed_food_service_anchor
national-post-office-tx-dallas-lake-highlands-station-ddaa42f713,Dallas Lake Highlands Station post-office-centered national sample candidate,national_post_office_sample_candidate,food_service,osm:way:468118238,,,,Dallas Lake Highlands Station,TX,,32.9162792,-96.7448438,Geofabrik OpenStreetMap GeoPackage extract,2026-08-16T03:29:35Z,open,ODbL; attribution and share-alike required,exclude,unnamed_food_service_anchor
national-post-office-tx-dallas-lake-highlands-station-ddaa42f713,Dallas Lake Highlands Station post-office-centered national sample candidate,national_post_office_sample_candidate,food_service,osm:way:468419544,,,,Dallas Lake Highlands Station,TX,,32.8658709,-96.7418954,Geofabrik OpenStreetMap GeoPackage extract,2026-08-16T03:29:35Z,open,ODbL; attribution and share-alike required,exclude,unnamed_food_service_anchor
national-post-office-tx-dallas-lake-highlands-station-ddaa42f713,Dallas Lake Highlands Station post-office-centered national sample candidate,national_post_office_sample_candidate,food_service,osm:way:652067773,7 Cafe Sports Bar,,,Dallas Lake Highlands Station,TX,,32.9170811,-96.7026673,Geofabrik OpenStreetMap GeoPackage extract,2026-08-16T03:29:35Z,open,ODbL; attribution and share-alike required,packet_ready,geofabrik_named_food_service
national-post-office-tx-dallas-lake-highlands-station-ddaa42f713,Dallas Lake Highlands Station post-office-centered national sample candidate,national_post_office_sample_candidate,food_service,osm:way:561122021,Big Mama's Chicken and Waffles,,,Dallas Lake Highlands Station,TX,,32.9092677,-96.7173864,Geofabrik OpenStreetMap GeoPackage extract,2026-08-16T03:29:35Z,open,ODbL; attribution and share-alike required,packet_ready,geofabrik_named_food_service
national-post-office-tx-dallas-lake-highlands-station-ddaa42f713,Dallas Lake Highlands Station post-office-centered national sample candidate,national_post_office_sample_candidate,food_service,osm:node:10834414587,Bistro B,,,Dallas Lake Highlands Station,TX,,32.9218075,-96.7197261,Geofabrik OpenStreetMap GeoPackage extract,2026-08-16T03:29:35Z,open,ODbL; attribution and share-alike required,packet_ready,geofabrik_named_food_service
national-post-office-tx-dallas-lake-highlands-station-ddaa42f713,Dallas Lake Highlands Station post-office-centered national sample candidate,national_post_office_sample_candidate,food_service,osm:way:468043065,Bombones,,,Dallas Lake Highlands Station,TX,,32.8646592,-96.6752026,Geofabrik OpenStreetMap GeoPackage extract,2026-08-16T03:29:35Z,open,ODbL; attribution and share-alike required,packet_ready,geofabrik_named_food_service
national-post-office-tx-dallas-lake-highlands-station-ddaa42f713,Dallas Lake Highlands Station post-office-centered national sample candidate,national_post_office_sample_candidate,food_service,osm:way:468118496,Braum's,,,Dallas Lake Highlands Station,TX,,32.9079667,-96.7479500,Geofabrik OpenStreetMap GeoPackage extract,2026-08-16T03:29:35Z,open,ODbL; attribution and share-alike required,packet_ready,geofabrik_named_food_service
national-post-office-tx-dallas-lake-highlands-station-ddaa42f713,Dallas Lake Highlands Station post-office-centered national sample candidate,national_post_office_sample_candidate,food_service,osm:way:468043099,Burger King,,,Dallas Lake Highlands Station,TX,,32.8637147,-96.6827502,Geofabrik OpenStreetMap GeoPackage extract,2026-08-16T03:29:35Z,open,ODbL; attribution and share-alike required,packet_ready,geofabrik_named_food_service
national-post-office-tx-dallas-lake-highlands-station-ddaa42f713,Dallas Lake Highlands Station post-office-centered national sample candidate,national_post_office_sample_candidate,food_service,osm:way:468419486,Burger King,,,Dallas Lake Highlands Station,TX,,32.8665842,-96.7437623,Geofabrik OpenStreetMap GeoPackage extract,2026-08-16T03:29:35Z,open,ODbL; attribution and share-alike required,packet_ready,geofabrik_named_food_service
national-post-office-tx-dallas-lake-highlands-station-ddaa42f713,Dallas Lake Highlands Station post-office-centered national sample candidate,national_post_office_sample_candidate,food_service,osm:way:652092209,Burger King,,,Dallas Lake Highlands Station,TX,,32.9176265,-96.6998483,Geofabrik OpenStreetMap GeoPackage extract,2026-08-16T03:29:35Z,open,ODbL; attribution and share-alike required,packet_ready,geofabrik_named_food_service
national-post-office-tx-dallas-lake-highlands-station-ddaa42f713,Dallas Lake Highlands Station post-office-centered national sample candidate,national_post_office_sample_candidate,food_service,osm:node:7906824356,Cane Rosso,,,Dallas Lake Highlands Station,TX,,32.8769872,-96.7336000,Geofabrik OpenStreetMap GeoPackage extract,2026-08-16T03:29:35Z,open,ODbL; attribution and share-alike required,packet_ready,geofabrik_named_food_service
national-post-office-tx-dallas-lake-highlands-station-ddaa42f713,Dallas Lake Highlands Station post-office-centered national sample candidate,national_post_office_sample_candidate,food_service,osm:node:7906695873,Cedar & Vine,,,Dallas Lake Highlands Station,TX,,32.8782226,-96.7183851,Geofabrik OpenStreetMap GeoPackage extract,2026-08-16T03:29:35Z,open,ODbL; attribution and share-alike required,packet_ready,geofabrik_named_food_service
national-post-office-tx-dallas-lake-highlands-station-ddaa42f713,Dallas Lake Highlands Station post-office-centered national sample candidate,national_post_office_sample_candidate,food_service,osm:node:11981748309,Chick-fil-A,,,Dallas Lake Highlands Station,TX,,32.8647842,-96.6771251,Geofabrik OpenStreetMap GeoPackage extract,2026-08-16T03:29:35Z,open,ODbL; attribution and share-alike required,packet_ready,geofabrik_named_food_service
national-post-office-tx-dallas-lake-highlands-station-ddaa42f713,Dallas Lake Highlands Station post-office-centered national sample candidate,national_post_office_sample_candidate,food_service,osm:way:323654266,Chick-fil-A,,,Dallas Lake Highlands Station,TX,,32.9112071,-96.7369145,Geofabrik OpenStreetMap GeoPackage extract,2026-08-16T03:29:35Z,open,ODbL; attribution and share-alike required,packet_ready,geofabrik_named_food_service
national-post-office-tx-dallas-lake-highlands-station-ddaa42f713,Dallas Lake Highlands Station post-office-centered national sample candidate,national_post_office_sample_candidate,food_service,osm:way:468095485,Chubby's,,,Dallas Lake Highlands Station,TX,,32.8646099,-96.6844394,Geofabrik OpenStreetMap GeoPackage extract,2026-08-16T03:29:35Z,open,ODbL; attribution and share-alike required,packet_ready,geofabrik_named_food_service
national-post-office-tx-dallas-lake-highlands-station-ddaa42f713,Dallas Lake Highlands Station post-office-centered national sample candidate,national_post_office_sample_candidate,food_service,osm:way:468118430,Church's Chicken,,,Dallas Lake Highlands Station,TX,,32.9095261,-96.7365020,Geofabrik OpenStreetMap GeoPackage extract,2026-08-16T03:29:35Z,open,ODbL; attribution and share-alike required,packet_ready,geofabrik_named_food_service
national-post-office-tx-dallas-lake-highlands-station-ddaa42f713,Dallas Lake Highlands Station post-office-centered national sample candidate,national_post_office_sample_candidate,food_service,osm:way:645334771,Church's Chicken,,,Dallas Lake Highlands Station,TX,,32.9160121,-96.6664853,Geofabrik OpenStreetMap GeoPackage extract,2026-08-16T03:29:35Z,open,ODbL; attribution and share-alike required,packet_ready,geofabrik_named_food_service
national-post-office-tx-dallas-lake-highlands-station-ddaa42f713,Dallas Lake Highlands Station post-office-centered national sample candidate,national_post_office_sample_candidate,food_service,osm:way:468419749,DQ Grill & Chill,,,Dallas Lake Highlands Station,TX,,32.8624760,-96.7482091,Geofabrik OpenStreetMap GeoPackage extract,2026-08-16T03:29:35Z,open,ODbL; attribution and share-alike required,packet_ready,geofabrik_named_food_service
national-post-office-tx-dallas-lake-highlands-station-ddaa42f713,Dallas Lake Highlands Station post-office-centered national sample candidate,national_post_office_sample_candidate,food_service,osm:node:3487760454,Dallas Diner,,,Dallas Lake Highlands Station,TX,,32.8645763,-96.7032060,Geofabrik OpenStreetMap GeoPackage extract,2026-08-16T03:29:35Z,open,ODbL; attribution and share-alike required,packet_ready,geofabrik_named_food_service
national-post-office-tx-dallas-lake-highlands-station-ddaa42f713,Dallas Lake Highlands Station post-office-centered national sample candidate,national_post_office_sample_candidate,food_service,osm:node:5829380297,Dante's Pizza & Pasta Italian Eatery,,,Dallas Lake Highlands Station,TX,,32.9131606,-96.7460935,Geofabrik OpenStreetMap GeoPackage extract,2026-08-16T03:29:35Z,open,ODbL; attribution and share-alike required,packet_ready,geofabrik_named_food_service
national-post-office-tx-dallas-lake-highlands-station-ddaa42f713,Dallas Lake Highlands Station post-office-centered national sample candidate,national_post_office_sample_candidate,food_service,osm:way:641614795,Denny's,,,Dallas Lake Highlands Station,TX,,32.8648526,-96.6609148,Geofabrik OpenStreetMap GeoPackage extract,2026-08-16T03:29:35Z,open,ODbL; attribution and share-alike required,packet_ready,geofabrik_named_food_service
national-post-office-tx-dallas-lake-highlands-station-ddaa42f713,Dallas Lake Highlands Station post-office-centered national sample candidate,national_post_office_sample_candidate,food_service,osm:node:13264030787,Desta Ethiopian Restaurant,,,Dallas Lake Highlands Station,TX,,32.9124894,-96.7463318,Geofabrik OpenStreetMap GeoPackage extract,2026-08-16T03:29:35Z,open,ODbL; attribution and share-alike required,packet_ready,geofabrik_named_food_service
national-post-office-tx-dallas-lake-highlands-station-ddaa42f713,Dallas Lake Highlands Station post-office-centered national sample candidate,national_post_office_sample_candidate,food_service,osm:node:7906888287,Domino's,,,Dallas Lake Highlands Station,TX,,32.8785974,-96.7188491,Geofabrik OpenStreetMap GeoPackage extract,2026-08-16T03:29:35Z,open,ODbL; attribution and share-alike required,packet_ready,geofabrik_named_food_service
national-post-office-tx-dallas-lake-highlands-station-ddaa42f713,Dallas Lake Highlands Station post-office-centered national sample candidate,national_post_office_sample_candidate,food_service,osm:node:10767545437,Donut Palace,,,Dallas Lake Highlands Station,TX,,32.8785747,-96.6997396,Geofabrik OpenStreetMap GeoPackage extract,2026-08-16T03:29:35Z,open,ODbL; attribution and share-alike required,packet_ready,geofabrik_named_food_service
national-post-office-tx-dallas-lake-highlands-station-ddaa42f713,Dallas Lake Highlands Station post-office-centered national sample candidate,national_post_office_sample_candidate,food_service,osm:node:11970961285,Dunkin',,,Dallas Lake Highlands Station,TX,,32.8954465,-96.6822084,Geofabrik OpenStreetMap GeoPackage extract,2026-08-16T03:29:35Z,open,ODbL; attribution and share-alike required,packet_ready,geofabrik_named_food_service
national-post-office-tx-dallas-lake-highlands-station-ddaa42f713,Dallas Lake Highlands Station post-office-centered national sample candidate,national_post_office_sample_candidate,food_service,osm:node:13302094102,Eddies Euromart,,,Dallas Lake Highlands Station,TX,,32.8645230,-96.6684190,Geofabrik OpenStreetMap GeoPackage extract,2026-08-16T03:29:35Z,open,ODbL; attribution and share-alike required,packet_ready,geofabrik_named_food_service
national-post-office-tx-dallas-lake-highlands-station-ddaa42f713,Dallas Lake Highlands Station post-office-centered national sample candidate,national_post_office_sample_candidate,food_service,osm:way:468095533,Egg Roll Yeh's,,,Dallas Lake Highlands Station,TX,,32.8639183,-96.7029856,Geofabrik OpenStreetMap GeoPackage extract,2026-08-16T03:29:35Z,open,ODbL; attribution and share-alike required,packet_ready,geofabrik_named_food_service
national-post-office-tx-dallas-lake-highlands-station-ddaa42f713,Dallas Lake Highlands Station post-office-centered national sample candidate,national_post_office_sample_candidate,food_service,osm:way:736911356,El Pollo Loco,,,Dallas Lake Highlands Station,TX,,32.9096336,-96.7349445,Geofabrik OpenStreetMap GeoPackage extract,2026-08-16T03:29:35Z,open,ODbL; attribution and share-alike required,packet_ready,geofabrik_named_food_service
national-post-office-tx-dallas-lake-highlands-station-ddaa42f713,Dallas Lake Highlands Station post-office-centered national sample candidate,national_post_office_sample_candidate,food_service,osm:way:468095662,FireXBox Sushi and Hibachi,,,Dallas Lake Highlands Station,TX,,32.8836422,-96.6999891,Geofabrik OpenStreetMap GeoPackage extract,2026-08-16T03:29:35Z,open,ODbL; attribution and share-alike required,packet_ready,geofabrik_named_food_service
national-post-office-tx-dallas-lake-highlands-station-ddaa42f713,Dallas Lake Highlands Station post-office-centered national sample candidate,national_post_office_sample_candidate,food_service,osm:node:7907086034,Fireside Pies,,,Dallas Lake Highlands Station,TX,,32.8659350,-96.7430141,Geofabrik OpenStreetMap GeoPackage extract,2026-08-16T03:29:35Z,open,ODbL; attribution and share-alike required,packet_ready,geofabrik_named_food_service
national-post-office-tx-dallas-lake-highlands-station-ddaa42f713,Dallas Lake Highlands Station post-office-centered national sample candidate,national_post_office_sample_candidate,food_service,osm:node:7906820330,First Watch,,,Dallas Lake Highlands Station,TX,,32.8779724,-96.7336672,Geofabrik OpenStreetMap GeoPackage extract,2026-08-16T03:29:35Z,open,ODbL; attribution and share-alike required,packet_ready,geofabrik_named_food_service
national-post-office-tx-dallas-lake-highlands-station-ddaa42f713,Dallas Lake Highlands Station post-office-centered national sample candidate,national_post_office_sample_candidate,food_service,osm:node:7906797037,Fish City Grill,,,Dallas Lake Highlands Station,TX,,32.8772514,-96.7335993,Geofabrik OpenStreetMap GeoPackage extract,2026-08-16T03:29:35Z,open,ODbL; attribution and share-alike required,packet_ready,geofabrik_named_food_service
national-post-office-tx-dallas-lake-highlands-station-ddaa42f713,Dallas Lake Highlands Station post-office-centered national sample candidate,national_post_office_sample_candidate,food_service,osm:node:13991006707,Ghost Pizza,,,Dallas Lake Highlands Station,TX,,32.8649922,-96.7023159,Geofabrik OpenStreetMap GeoPackage extract,2026-08-16T03:29:35Z,open,ODbL; attribution and share-alike required,packet_ready,geofabrik_named_food_service
national-post-office-tx-dallas-lake-highlands-station-ddaa42f713,Dallas Lake Highlands Station post-office-centered national sample candidate,national_post_office_sample_candidate,food_service,osm:way:1157826287,Golden Chick,,,Dallas Lake Highlands Station,TX,,32.8646264,-96.6777252,Geofabrik OpenStreetMap GeoPackage extract,2026-08-16T03:29:35Z,open,ODbL; attribution and share-alike required,packet_ready,geofabrik_named_food_service
national-post-office-tx-dallas-lake-highlands-station-ddaa42f713,Dallas Lake Highlands Station post-office-centered national sample candidate,national_post_office_sample_candidate,food_service,osm:way:468097561,Golden Chick,,,Dallas Lake Highlands Station,TX,,32.9104873,-96.7009812,Geofabrik OpenStreetMap GeoPackage extract,2026-08-16T03:29:35Z,open,ODbL; attribution and share-alike required,packet_ready,geofabrik_named_food_service
national-post-office-tx-dallas-lake-highlands-station-ddaa42f713,Dallas Lake Highlands Station post-office-centered national sample candidate,national_post_office_sample_candidate,food_service,osm:node:13990767456,Gorditas La Mina,,,Dallas Lake Highlands Station,TX,,32.8948661,-96.7390366,Geofabrik OpenStreetMap GeoPackage extract,2026-08-16T03:29:35Z,open,ODbL; attribution and share-alike required,packet_ready,geofabrik_named_food_service
national-post-office-tx-dallas-lake-highlands-station-ddaa42f713,Dallas Lake Highlands Station post-office-centered national sample candidate,national_post_office_sample_candidate,food_service,osm:node:7907147742,Great American Cookies,,,Dallas Lake Highlands Station,TX,,32.8785973,-96.7158851,Geofabrik OpenStreetMap GeoPackage extract,2026-08-16T03:29:35Z,open,ODbL; attribution and share-alike required,packet_ready,geofabrik_named_food_service
national-post-office-tx-dallas-lake-highlands-station-ddaa42f713,Dallas Lake Highlands Station post-office-centered national sample candidate,national_post_office_sample_candidate,food_service,osm:node:8491930114,Haute Sweets Patisserie,,,Dallas Lake Highlands Station,TX,,32.8638654,-96.7094886,Geofabrik OpenStreetMap GeoPackage extract,2026-08-16T03:29:35Z,open,ODbL; attribution and share-alike required,packet_ready,geofabrik_named_food_service
national-post-office-tx-dallas-lake-highlands-station-ddaa42f713,Dallas Lake Highlands Station post-office-centered national sample candidate,national_post_office_sample_candidate,food_service,osm:node:13870915222,Henderson Chicken,,,Dallas Lake Highlands Station,TX,,32.8926503,-96.7405752,Geofabrik OpenStreetMap GeoPackage extract,2026-08-16T03:29:35Z,open,ODbL; attribution and share-alike required,packet_ready,geofabrik_named_food_service
national-post-office-tx-dallas-lake-highlands-station-ddaa42f713,Dallas Lake Highlands Station post-office-centered national sample candidate,national_post_office_sample_candidate,food_service,osm:node:7906669376,JJ's Cafe,,,Dallas Lake Highlands Station,TX,,32.8648291,-96.7088878,Geofabrik OpenStreetMap GeoPackage extract,2026-08-16T03:29:35Z,open,ODbL; attribution and share-alike required,packet_ready,geofabrik_named_food_service
national-post-office-tx-dallas-lake-highlands-station-ddaa42f713,Dallas Lake Highlands Station post-office-centered national sample candidate,national_post_office_sample_candidate,food_service,osm:way:468097577,Jack in the Box,,,Dallas Lake Highlands Station,TX,,32.9087235,-96.7073530,Geofabrik OpenStreetMap GeoPackage extract,2026-08-16T03:29:35Z,open,ODbL; attribution and share-alike required,packet_ready,geofabrik_named_food_service
national-post-office-tx-dallas-lake-highlands-station-ddaa42f713,Dallas Lake Highlands Station post-office-centered national sample candidate,national_post_office_sample_candidate,food_service,osm:node:7907100663,Jake's Hamburgers,,,Dallas Lake Highlands Station,TX,,32.8658890,-96.7419418,Geofabrik OpenStreetMap GeoPackage extract,2026-08-16T03:29:35Z,open,ODbL; attribution and share-alike required,packet_ready,geofabrik_named_food_service
national-post-office-tx-dallas-lake-highlands-station-ddaa42f713,Dallas Lake Highlands Station post-office-centered national sample candidate,national_post_office_sample_candidate,food_service,osm:node:7638418795,Jersey Mike's Subs,,,Dallas Lake Highlands Station,TX,,32.8774616,-96.7336061,Geofabrik OpenStreetMap GeoPackage extract,2026-08-16T03:29:35Z,open,ODbL; attribution and share-alike required,packet_ready,geofabrik_named_food_service
national-post-office-tx-dallas-lake-highlands-station-ddaa42f713,Dallas Lake Highlands Station post-office-centered national sample candidate,national_post_office_sample_candidate,food_service,osm:way:468110392,KFC,,,Dallas Lake Highlands Station,TX,,32.9094350,-96.7340977,Geofabrik OpenStreetMap GeoPackage extract,2026-08-16T03:29:35Z,open,ODbL; attribution and share-alike required,packet_ready,geofabrik_named_food_service
national-post-office-tx-dallas-lake-highlands-station-ddaa42f713,Dallas Lake Highlands Station post-office-centered national sample candidate,national_post_office_sample_candidate,food_service,osm:node:3506085808,Keller's Drive-In,,,Dallas Lake Highlands Station,TX,,32.8566409,-96.7474075,Geofabrik OpenStreetMap GeoPackage extract,2026-08-16T03:29:35Z,open,ODbL; attribution and share-alike required,packet_ready,geofabrik_named_food_service
national-post-office-tx-dallas-lake-highlands-station-ddaa42f713,Dallas Lake Highlands Station post-office-centered national sample candidate,national_post_office_sample_candidate,food_service,osm:node:12175957966,La Salsa Verde,,,Dallas Lake Highlands Station,TX,,32.8768043,-96.6622809,Geofabrik OpenStreetMap GeoPackage extract,2026-08-16T03:29:35Z,open,ODbL; attribution and share-alike required,packet_ready,geofabrik_named_food_service
national-post-office-tx-dallas-lake-highlands-station-ddaa42f713,Dallas Lake Highlands Station post-office-centered national sample candidate,national_post_office_sample_candidate,food_service,osm:node:11829371650,Lake Highlands Cafe,,,Dallas Lake Highlands Station,TX,,32.8671658,-96.7436095,Geofabrik OpenStreetMap GeoPackage extract,2026-08-16T03:29:35Z,open,ODbL; attribution and share-alike required,packet_ready,geofabrik_named_food_service
national-post-office-tx-dallas-lake-highlands-station-ddaa42f713,Dallas Lake Highlands Station post-office-centered national sample candidate,national_post_office_sample_candidate,food_service,osm:node:7907154857,Lake Highlands Donuts,,,Dallas Lake Highlands Station,TX,,32.8781936,-96.7185845,Geofabrik OpenStreetMap GeoPackage extract,2026-08-16T03:29:35Z,open,ODbL; attribution and share-alike required,packet_ready,geofabrik_named_food_service
national-post-office-tx-dallas-lake-highlands-station-ddaa42f713,Dallas Lake Highlands Station post-office-centered national sample candidate,national_post_office_sample_candidate,food_service,osm:node:11829371646,Little Caesars,,,Dallas Lake Highlands Station,TX,,32.8672968,-96.7435607,Geofabrik OpenStreetMap GeoPackage extract,2026-08-16T03:29:35Z,open,ODbL; attribution and share-alike required,packet_ready,geofabrik_named_food_service
national-post-office-tx-dallas-lake-highlands-station-ddaa42f713,Dallas Lake Highlands Station post-office-centered national sample candidate,national_post_office_sample_candidate,food_service,osm:way:468118424,Long John Silver's,,,Dallas Lake Highlands Station,TX,,32.9095776,-96.7359641,Geofabrik OpenStreetMap GeoPackage extract,2026-08-16T03:29:35Z,open,ODbL; attribution and share-alike required,packet_ready,geofabrik_named_food_service
national-post-office-tx-dallas-lake-highlands-station-ddaa42f713,Dallas Lake Highlands Station post-office-centered national sample candidate,national_post_office_sample_candidate,food_service,osm:node:13719903078,Los Altos del Jalisco #4,,,Dallas Lake Highlands Station,TX,,32.8576911,-96.7475711,Geofabrik OpenStreetMap GeoPackage extract,2026-08-16T03:29:35Z,open,ODbL; attribution and share-alike required,packet_ready,geofabrik_named_food_service
national-post-office-tx-dallas-lake-highlands-station-ddaa42f713,Dallas Lake Highlands Station post-office-centered national sample candidate,national_post_office_sample_candidate,food_service,osm:node:11829371651,MJ's Chicken & Rice,,,Dallas Lake Highlands Station,TX,,32.8672445,-96.7435857,Geofabrik OpenStreetMap GeoPackage extract,2026-08-16T03:29:35Z,open,ODbL; attribution and share-alike required,packet_ready,geofabrik_named_food_service
national-post-office-tx-dallas-lake-highlands-station-ddaa42f713,Dallas Lake Highlands Station post-office-centered national sample candidate,national_post_office_sample_candidate,food_service,osm:way:468419712,Mariano's Hacienda,,,Dallas Lake Highlands Station,TX,,32.8634563,-96.7461830,Geofabrik OpenStreetMap GeoPackage extract,2026-08-16T03:29:35Z,open,ODbL; attribution and share-alike required,packet_ready,geofabrik_named_food_service
national-post-office-tx-dallas-lake-highlands-station-ddaa42f713,Dallas Lake Highlands Station post-office-centered national sample candidate,national_post_office_sample_candidate,food_service,osm:node:9062347378,Mario Bros Tacos,,,Dallas Lake Highlands Station,TX,,32.8940671,-96.7390547,Geofabrik OpenStreetMap GeoPackage extract,2026-08-16T03:29:35Z,open,ODbL; attribution and share-alike required,packet_ready,geofabrik_named_food_service
national-post-office-tx-dallas-lake-highlands-station-ddaa42f713,Dallas Lake Highlands Station post-office-centered national sample candidate,national_post_office_sample_candidate,food_service,osm:node:7907173197,McDonald's,,,Dallas Lake Highlands Station,TX,,32.8958046,-96.7221786,Geofabrik OpenStreetMap GeoPackage extract,2026-08-16T03:29:35Z,open,ODbL; attribution and share-alike required,packet_ready,geofabrik_named_food_service
national-post-office-tx-dallas-lake-highlands-station-ddaa42f713,Dallas Lake Highlands Station post-office-centered national sample candidate,national_post_office_sample_candidate,food_service,osm:way:468095497,McDonald's,,,Dallas Lake Highlands Station,TX,,32.8646132,-96.7009951,Geofabrik OpenStreetMap GeoPackage extract,2026-08-16T03:29:35Z,open,ODbL; attribution and share-alike required,packet_ready,geofabrik_named_food_service
national-post-office-tx-dallas-lake-highlands-station-ddaa42f713,Dallas Lake Highlands Station post-office-centered national sample candidate,national_post_office_sample_candidate,food_service,osm:way:468097585,McDonald's,,,Dallas Lake Highlands Station,TX,,32.9083053,-96.7010638,Geofabrik OpenStreetMap GeoPackage extract,2026-08-16T03:29:35Z,open,ODbL; attribution and share-alike required,packet_ready,geofabrik_named_food_service
national-post-office-tx-dallas-lake-highlands-station-ddaa42f713,Dallas Lake Highlands Station post-office-centered national sample candidate,national_post_office_sample_candidate,food_service,osm:way:468110364,McDonald's,,,Dallas Lake Highlands Station,TX,,32.9100877,-96.7350315,Geofabrik OpenStreetMap GeoPackage extract,2026-08-16T03:29:35Z,open,ODbL; attribution and share-alike required,packet_ready,geofabrik_named_food_service
national-post-office-tx-dallas-lake-highlands-station-ddaa42f713,Dallas Lake Highlands Station post-office-centered national sample candidate,national_post_office_sample_candidate,food_service,osm:way:468418900,McDonald's,,,Dallas Lake Highlands Station,TX,,32.8574852,-96.7482568,Geofabrik OpenStreetMap GeoPackage extract,2026-08-16T03:29:35Z,open,ODbL; attribution and share-alike required,packet_ready,geofabrik_named_food_service
national-post-office-tx-dallas-lake-highlands-station-ddaa42f713,Dallas Lake Highlands Station post-office-centered national sample candidate,national_post_office_sample_candidate,food_service,osm:way:587020657,McDonald's,,,Dallas Lake Highlands Station,TX,,32.8771130,-96.6620355,Geofabrik OpenStreetMap GeoPackage extract,2026-08-16T03:29:35Z,open,ODbL; attribution and share-alike required,packet_ready,geofabrik_named_food_service
national-post-office-tx-dallas-lake-highlands-station-ddaa42f713,Dallas Lake Highlands Station post-office-centered national sample candidate,national_post_office_sample_candidate,food_service,osm:node:7906891306,Mi Cocina,,,Dallas Lake Highlands Station,TX,,32.8802210,-96.7353940,Geofabrik OpenStreetMap GeoPackage extract,2026-08-16T03:29:35Z,open,ODbL; attribution and share-alike required,packet_ready,geofabrik_named_food_service
national-post-office-tx-dallas-lake-highlands-station-ddaa42f713,Dallas Lake Highlands Station post-office-centered national sample candidate,national_post_office_sample_candidate,food_service,osm:node:13339650630,Mi Gordito,,,Dallas Lake Highlands Station,TX,,32.9176497,-96.7007217,Geofabrik OpenStreetMap GeoPackage extract,2026-08-16T03:29:35Z,open,ODbL; attribution and share-alike required,packet_ready,geofabrik_named_food_service
national-post-office-tx-dallas-lake-highlands-station-ddaa42f713,Dallas Lake Highlands Station post-office-centered national sample candidate,national_post_office_sample_candidate,food_service,osm:node:13013951322,Mijas Taqueria,,,Dallas Lake Highlands Station,TX,,32.8950718,-96.7231246,Geofabrik OpenStreetMap GeoPackage extract,2026-08-16T03:29:35Z,open,ODbL; attribution and share-alike required,packet_ready,geofabrik_named_food_service
national-post-office-tx-dallas-lake-highlands-station-ddaa42f713,Dallas Lake Highlands Station post-office-centered national sample candidate,national_post_office_sample_candidate,food_service,osm:node:7907152657,Moon Wok,,,Dallas Lake Highlands Station,TX,,32.8955766,-96.7214330,Geofabrik OpenStreetMap GeoPackage extract,2026-08-16T03:29:35Z,open,ODbL; attribution and share-alike required,packet_ready,geofabrik_named_food_service
national-post-office-tx-dallas-lake-highlands-station-ddaa42f713,Dallas Lake Highlands Station post-office-centered national sample candidate,national_post_office_sample_candidate,food_service,osm:node:13870915221,Morning Donuts,,,Dallas Lake Highlands Station,TX,,32.8927036,-96.7405464,Geofabrik OpenStreetMap GeoPackage extract,2026-08-16T03:29:35Z,open,ODbL; attribution and share-alike required,packet_ready,geofabrik_named_food_service
national-post-office-tx-dallas-lake-highlands-station-ddaa42f713,Dallas Lake Highlands Station post-office-centered national sample candidate,national_post_office_sample_candidate,food_service,osm:way:652067771,My Canh,,,Dallas Lake Highlands Station,TX,,32.9169360,-96.7010300,Geofabrik OpenStreetMap GeoPackage extract,2026-08-16T03:29:35Z,open,ODbL; attribution and share-alike required,packet_ready,geofabrik_named_food_service
national-post-office-tx-dallas-lake-highlands-station-ddaa42f713,Dallas Lake Highlands Station post-office-centered national sample candidate,national_post_office_sample_candidate,food_service,osm:node:8491970096,MyDonut,,,Dallas Lake Highlands Station,TX,,32.8638686,-96.7099401,Geofabrik OpenStreetMap GeoPackage extract,2026-08-16T03:29:35Z,open,ODbL; attribution and share-alike required,packet_ready,geofabrik_named_food_service
national-post-office-tx-dallas-lake-highlands-station-ddaa42f713,Dallas Lake Highlands Station post-office-centered national sample candidate,national_post_office_sample_candidate,food_service,osm:node:8491949788,ONE90 Smoked Meats,,,Dallas Lake Highlands Station,TX,,32.8638658,-96.7093558,Geofabrik OpenStreetMap GeoPackage extract,2026-08-16T03:29:35Z,open,ODbL; attribution and share-alike required,packet_ready,geofabrik_named_food_service
national-post-office-tx-dallas-lake-highlands-station-ddaa42f713,Dallas Lake Highlands Station post-office-centered national sample candidate,national_post_office_sample_candidate,food_service,osm:way:468118228,Olive Garden,,,Dallas Lake Highlands Station,TX,,32.9167022,-96.7452079,Geofabrik OpenStreetMap GeoPackage extract,2026-08-16T03:29:35Z,open,ODbL; attribution and share-alike required,packet_ready,geofabrik_named_food_service
national-post-office-tx-dallas-lake-highlands-station-ddaa42f713,Dallas Lake Highlands Station post-office-centered national sample candidate,national_post_office_sample_candidate,food_service,osm:way:468118207,Outback Steakhouse,,,Dallas Lake Highlands Station,TX,,32.9174641,-96.7463981,Geofabrik OpenStreetMap GeoPackage extract,2026-08-16T03:29:35Z,open,ODbL; attribution and share-alike required,packet_ready,geofabrik_named_food_service
national-post-office-tx-dallas-lake-highlands-station-ddaa42f713,Dallas Lake Highlands Station post-office-centered national sample candidate,national_post_office_sample_candidate,food_service,osm:node:13375211071,Panda Express,,,Dallas Lake Highlands Station,TX,,32.9171237,-96.7413068,Geofabrik OpenStreetMap GeoPackage extract,2026-08-16T03:29:35Z,open,ODbL; attribution and share-alike required,packet_ready,geofabrik_named_food_service
national-post-office-tx-dallas-lake-highlands-station-ddaa42f713,Dallas Lake Highlands Station post-office-centered national sample candidate,national_post_office_sample_candidate,food_service,osm:node:8737584688,Papa John's,,,Dallas Lake Highlands Station,TX,,32.8946197,-96.7390435,Geofabrik OpenStreetMap GeoPackage extract,2026-08-16T03:29:35Z,open,ODbL; attribution and share-alike required,packet_ready,geofabrik_named_food_service
national-post-office-tx-dallas-lake-highlands-station-ddaa42f713,Dallas Lake Highlands Station post-office-centered national sample candidate,national_post_office_sample_candidate,food_service,osm:way:1105138253,Pho Ca Dao Noodle & Grill,,,Dallas Lake Highlands Station,TX,,32.9170016,-96.7014342,Geofabrik OpenStreetMap GeoPackage extract,2026-08-16T03:29:35Z,open,ODbL; attribution and share-alike required,packet_ready,geofabrik_named_food_service
national-post-office-tx-dallas-lake-highlands-station-ddaa42f713,Dallas Lake Highlands Station post-office-centered national sample candidate,national_post_office_sample_candidate,food_service,osm:node:13870915227,Pizza Hut,,,Dallas Lake Highlands Station,TX,,32.8924457,-96.7406727,Geofabrik OpenStreetMap GeoPackage extract,2026-08-16T03:29:35Z,open,ODbL; attribution and share-alike required,packet_ready,geofabrik_named_food_service
national-post-office-tx-dallas-lake-highlands-station-ddaa42f713,Dallas Lake Highlands Station post-office-centered national sample candidate,national_post_office_sample_candidate,food_service,osm:way:468095548,Pizza Hut Delivery,,,Dallas Lake Highlands Station,TX,,32.8638111,-96.7103468,Geofabrik OpenStreetMap GeoPackage extract,2026-08-16T03:29:35Z,open,ODbL; attribution and share-alike required,packet_ready,geofabrik_named_food_service
national-post-office-tx-dallas-lake-highlands-station-ddaa42f713,Dallas Lake Highlands Station post-office-centered national sample candidate,national_post_office_sample_candidate,food_service,osm:way:1515229452,Pollo Regio,,,Dallas Lake Highlands Station,TX,,32.9169134,-96.7007342,Geofabrik OpenStreetMap GeoPackage extract,2026-08-16T03:29:35Z,open,ODbL; attribution and share-alike required,packet_ready,geofabrik_named_food_service
national-post-office-tx-dallas-lake-highlands-station-ddaa42f713,Dallas Lake Highlands Station post-office-centered national sample candidate,national_post_office_sample_candidate,food_service,osm:way:468118359,Pollo Regio,,,Dallas Lake Highlands Station,TX,,32.9130040,-96.7358947,Geofabrik OpenStreetMap GeoPackage extract,2026-08-16T03:29:35Z,open,ODbL; attribution and share-alike required,packet_ready,geofabrik_named_food_service
national-post-office-tx-dallas-lake-highlands-station-ddaa42f713,Dallas Lake Highlands Station post-office-centered national sample candidate,national_post_office_sample_candidate,food_service,osm:node:11981748308,Popeyes,,,Dallas Lake Highlands Station,TX,,32.8637240,-96.6835630,Geofabrik OpenStreetMap GeoPackage extract,2026-08-16T03:29:35Z,open,ODbL; attribution and share-alike required,packet_ready,geofabrik_named_food_service
national-post-office-tx-dallas-lake-highlands-station-ddaa42f713,Dallas Lake Highlands Station post-office-centered national sample candidate,national_post_office_sample_candidate,food_service,osm:way:844119116,Popeyes,,,Dallas Lake Highlands Station,TX,,32.9162040,-96.7007131,Geofabrik OpenStreetMap GeoPackage extract,2026-08-16T03:29:35Z,open,ODbL; attribution and share-alike required,packet_ready,geofabrik_named_food_service
national-post-office-tx-dallas-lake-highlands-station-ddaa42f713,Dallas Lake Highlands Station post-office-centered national sample candidate,national_post_office_sample_candidate,food_service,osm:node:10858378559,Primo Brother's Pizza,,,Dallas Lake Highlands Station,TX,,32.9077831,-96.7369105,Geofabrik OpenStreetMap GeoPackage extract,2026-08-16T03:29:35Z,open,ODbL; attribution and share-alike required,packet_ready,geofabrik_named_food_service
national-post-office-tx-dallas-lake-highlands-station-ddaa42f713,Dallas Lake Highlands Station post-office-centered national sample candidate,national_post_office_sample_candidate,food_service,osm:node:7906896589,RM 12:20,,,Dallas Lake Highlands Station,TX,,32.8773712,-96.7171563,Geofabrik OpenStreetMap GeoPackage extract,2026-08-16T03:29:35Z,open,ODbL; attribution and share-alike required,packet_ready,geofabrik_named_food_service
national-post-office-tx-dallas-lake-highlands-station-ddaa42f713,Dallas Lake Highlands Station post-office-centered national sample candidate,national_post_office_sample_candidate,food_service,osm:way:468118215,Red Lobster,,,Dallas Lake Highlands Station,TX,,32.9170862,-96.7457808,Geofabrik OpenStreetMap GeoPackage extract,2026-08-16T03:29:35Z,open,ODbL; attribution and share-alike required,packet_ready,geofabrik_named_food_service
national-post-office-tx-dallas-lake-highlands-station-ddaa42f713,Dallas Lake Highlands Station post-office-centered national sample candidate,national_post_office_sample_candidate,food_service,osm:node:7906848758,Resdient Taqueria,,,Dallas Lake Highlands Station,TX,,32.8783760,-96.7188410,Geofabrik OpenStreetMap GeoPackage extract,2026-08-16T03:29:35Z,open,ODbL; attribution and share-alike required,packet_ready,geofabrik_named_food_service
national-post-office-tx-dallas-lake-highlands-station-ddaa42f713,Dallas Lake Highlands Station post-office-centered national sample candidate,national_post_office_sample_candidate,food_service,osm:node:10767545435,Rockyano's Pizza,,,Dallas Lake Highlands Station,TX,,32.8783133,-96.7010162,Geofabrik OpenStreetMap GeoPackage extract,2026-08-16T03:29:35Z,open,ODbL; attribution and share-alike required,packet_ready,geofabrik_named_food_service
national-post-office-tx-dallas-lake-highlands-station-ddaa42f713,Dallas Lake Highlands Station post-office-centered national sample candidate,national_post_office_sample_candidate,food_service,osm:node:7906776628,Shady's Burgers & Brewhaha,,,Dallas Lake Highlands Station,TX,,32.8782022,-96.7188426,Geofabrik OpenStreetMap GeoPackage extract,2026-08-16T03:29:35Z,open,ODbL; attribution and share-alike required,packet_ready,geofabrik_named_food_service
national-post-office-tx-dallas-lake-highlands-station-ddaa42f713,Dallas Lake Highlands Station post-office-centered national sample candidate,national_post_office_sample_candidate,food_service,osm:node:7906900610,SoCo Coffee House & Bistro,,,Dallas Lake Highlands Station,TX,,32.8781832,-96.7166454,Geofabrik OpenStreetMap GeoPackage extract,2026-08-16T03:29:35Z,open,ODbL; attribution and share-alike required,packet_ready,geofabrik_named_food_service
national-post-office-tx-dallas-lake-highlands-station-ddaa42f713,Dallas Lake Highlands Station post-office-centered national sample candidate,national_post_office_sample_candidate,food_service,osm:node:8737584689,Sonic,,,Dallas Lake Highlands Station,TX,,32.8949381,-96.7182037,Geofabrik OpenStreetMap GeoPackage extract,2026-08-16T03:29:35Z,open,ODbL; attribution and share-alike required,packet_ready,geofabrik_named_food_service
national-post-office-tx-dallas-lake-highlands-station-ddaa42f713,Dallas Lake Highlands Station post-office-centered national sample candidate,national_post_office_sample_candidate,food_service,osm:way:468043071,Sonic,,,Dallas Lake Highlands Station,TX,,32.8644812,-96.6747359,Geofabrik OpenStreetMap GeoPackage extract,2026-08-16T03:29:35Z,open,ODbL; attribution and share-alike required,packet_ready,geofabrik_named_food_service
national-post-office-tx-dallas-lake-highlands-station-ddaa42f713,Dallas Lake Highlands Station post-office-centered national sample candidate,national_post_office_sample_candidate,food_service,osm:way:468095909,Sonic,,,Dallas Lake Highlands Station,TX,,32.8777498,-96.7009003,Geofabrik OpenStreetMap GeoPackage extract,2026-08-16T03:29:35Z,open,ODbL; attribution and share-alike required,packet_ready,geofabrik_named_food_service
national-post-office-tx-dallas-lake-highlands-station-ddaa42f713,Dallas Lake Highlands Station post-office-centered national sample candidate,national_post_office_sample_candidate,food_service,osm:way:468104875,Sonic,,,Dallas Lake Highlands Station,TX,,32.8949061,-96.7182054,Geofabrik OpenStreetMap GeoPackage extract,2026-08-16T03:29:35Z,open,ODbL; attribution and share-alike required,packet_ready,geofabrik_named_food_service
national-post-office-tx-dallas-lake-highlands-station-ddaa42f713,Dallas Lake Highlands Station post-office-centered national sample candidate,national_post_office_sample_candidate,food_service,osm:node:10767513786,Squishies Bubble Tea,,,Dallas Lake Highlands Station,TX,,32.8786034,-96.7156770,Geofabrik OpenStreetMap GeoPackage extract,2026-08-16T03:29:35Z,open,ODbL; attribution and share-alike required,packet_ready,geofabrik_named_food_service
national-post-office-tx-dallas-lake-highlands-station-ddaa42f713,Dallas Lake Highlands Station post-office-centered national sample candidate,national_post_office_sample_candidate,food_service,osm:node:11862700096,Starbucks,,,Dallas Lake Highlands Station,TX,,32.8654594,-96.7450896,Geofabrik OpenStreetMap GeoPackage extract,2026-08-16T03:29:35Z,open,ODbL; attribution and share-alike required,packet_ready,geofabrik_named_food_service
national-post-office-tx-dallas-lake-highlands-station-ddaa42f713,Dallas Lake Highlands Station post-office-centered national sample candidate,national_post_office_sample_candidate,food_service,osm:node:1583508997,Starbucks,,,Dallas Lake Highlands Station,TX,,32.8951292,-96.7394230,Geofabrik OpenStreetMap GeoPackage extract,2026-08-16T03:29:35Z,open,ODbL; attribution and share-alike required,packet_ready,geofabrik_named_food_service
national-post-office-tx-dallas-lake-highlands-station-ddaa42f713,Dallas Lake Highlands Station post-office-centered national sample candidate,national_post_office_sample_candidate,food_service,osm:node:7638418792,Starbucks,,,Dallas Lake Highlands Station,TX,,32.8775315,-96.7344505,Geofabrik OpenStreetMap GeoPackage extract,2026-08-16T03:29:35Z,open,ODbL; attribution and share-alike required,packet_ready,geofabrik_named_food_service
national-post-office-tx-dallas-lake-highlands-station-ddaa42f713,Dallas Lake Highlands Station post-office-centered national sample candidate,national_post_office_sample_candidate,food_service,osm:way:468095520,Starbucks,,,Dallas Lake Highlands Station,TX,,32.8646678,-96.7111522,Geofabrik OpenStreetMap GeoPackage extract,2026-08-16T03:29:35Z,open,ODbL; attribution and share-alike required,packet_ready,geofabrik_named_food_service
national-post-office-tx-dallas-lake-highlands-station-ddaa42f713,Dallas Lake Highlands Station post-office-centered national sample candidate,national_post_office_sample_candidate,food_service,osm:way:641614790,Starbucks,,,Dallas Lake Highlands Station,TX,,32.8644450,-96.6602818,Geofabrik OpenStreetMap GeoPackage extract,2026-08-16T03:29:35Z,open,ODbL; attribution and share-alike required,packet_ready,geofabrik_named_food_service
national-post-office-tx-dallas-lake-highlands-station-ddaa42f713,Dallas Lake Highlands Station post-office-centered national sample candidate,national_post_office_sample_candidate,food_service,osm:node:13990767455,Subway,,,Dallas Lake Highlands Station,TX,,32.8945420,-96.7390457,Geofabrik OpenStreetMap GeoPackage extract,2026-08-16T03:29:35Z,open,ODbL; attribution and share-alike required,packet_ready,geofabrik_named_food_service
national-post-office-tx-dallas-lake-highlands-station-ddaa42f713,Dallas Lake Highlands Station post-office-centered national sample candidate,national_post_office_sample_candidate,food_service,osm:node:3304298304,Subway,,,Dallas Lake Highlands Station,TX,,32.9085629,-96.7350754,Geofabrik OpenStreetMap GeoPackage extract,2026-08-16T03:29:35Z,open,ODbL; attribution and share-alike required,packet_ready,geofabrik_named_food_service
national-post-office-tx-dallas-lake-highlands-station-ddaa42f713,Dallas Lake Highlands Station post-office-centered national sample candidate,national_post_office_sample_candidate,food_service,osm:node:5844877969,Subway,,,Dallas Lake Highlands Station,TX,,32.9234538,-96.7360014,Geofabrik OpenStreetMap GeoPackage extract,2026-08-16T03:29:35Z,open,ODbL; attribution and share-alike required,packet_ready,geofabrik_named_food_service
national-post-office-tx-dallas-lake-highlands-station-ddaa42f713,Dallas Lake Highlands Station post-office-centered national sample candidate,national_post_office_sample_candidate,food_service,osm:node:7906895260,Subway,,,Dallas Lake Highlands Station,TX,,32.8785960,-96.7160277,Geofabrik OpenStreetMap GeoPackage extract,2026-08-16T03:29:35Z,open,ODbL; attribution and share-alike required,packet_ready,geofabrik_named_food_service
national-post-office-tx-dallas-lake-highlands-station-ddaa42f713,Dallas Lake Highlands Station post-office-centered national sample candidate,national_post_office_sample_candidate,food_service,osm:way:468095839,Taco Bell,,,Dallas Lake Highlands Station,TX,,32.8785593,-96.7166716,Geofabrik OpenStreetMap GeoPackage extract,2026-08-16T03:29:35Z,open,ODbL; attribution and share-alike required,packet_ready,geofabrik_named_food_service
national-post-office-tx-dallas-lake-highlands-station-ddaa42f713,Dallas Lake Highlands Station post-office-centered national sample candidate,national_post_office_sample_candidate,food_service,osm:way:468118418,Taco Bell,,,Dallas Lake Highlands Station,TX,,32.9100687,-96.7359851,Geofabrik OpenStreetMap GeoPackage extract,2026-08-16T03:29:35Z,open,ODbL; attribution and share-alike required,packet_ready,geofabrik_named_food_service
national-post-office-tx-dallas-lake-highlands-station-ddaa42f713,Dallas Lake Highlands Station post-office-centered national sample candidate,national_post_office_sample_candidate,food_service,osm:way:823902927,Taco Bell,,,Dallas Lake Highlands Station,TX,,32.9081042,-96.7000141,Geofabrik OpenStreetMap GeoPackage extract,2026-08-16T03:29:35Z,open,ODbL; attribution and share-alike required,packet_ready,geofabrik_named_food_service
national-post-office-tx-dallas-lake-highlands-station-ddaa42f713,Dallas Lake Highlands Station post-office-centered national sample candidate,national_post_office_sample_candidate,food_service,osm:way:468043069,Taco Cabana,,,Dallas Lake Highlands Station,TX,,32.8645315,-96.6664102,Geofabrik OpenStreetMap GeoPackage extract,2026-08-16T03:29:35Z,open,ODbL; attribution and share-alike required,packet_ready,geofabrik_named_food_service
national-post-office-tx-dallas-lake-highlands-station-ddaa42f713,Dallas Lake Highlands Station post-office-centered national sample candidate,national_post_office_sample_candidate,food_service,osm:way:468097576,Taco Cabana,,,Dallas Lake Highlands Station,TX,,32.9086468,-96.7010724,Geofabrik OpenStreetMap GeoPackage extract,2026-08-16T03:29:35Z,open,ODbL; attribution and share-alike required,packet_ready,geofabrik_named_food_service
national-post-office-tx-dallas-lake-highlands-station-ddaa42f713,Dallas Lake Highlands Station post-office-centered national sample candidate,national_post_office_sample_candidate,food_service,osm:node:7906900486,Taco Joint,,,Dallas Lake Highlands Station,TX,,32.8773902,-96.7168216,Geofabrik OpenStreetMap GeoPackage extract,2026-08-16T03:29:35Z,open,ODbL; attribution and share-alike required,packet_ready,geofabrik_named_food_service
national-post-office-tx-dallas-lake-highlands-station-ddaa42f713,Dallas Lake Highlands Station post-office-centered national sample candidate,national_post_office_sample_candidate,food_service,osm:node:13719903076,Tacos El Gringo,,,Dallas Lake Highlands Station,TX,,32.8577419,-96.7480263,Geofabrik OpenStreetMap GeoPackage extract,2026-08-16T03:29:35Z,open,ODbL; attribution and share-alike required,packet_ready,geofabrik_named_food_service
national-post-office-tx-dallas-lake-highlands-station-ddaa42f713,Dallas Lake Highlands Station post-office-centered national sample candidate,national_post_office_sample_candidate,food_service,osm:way:468418933,Taqueria Martínez,,,Dallas Lake Highlands Station,TX,,32.8664401,-96.7406875,Geofabrik OpenStreetMap GeoPackage extract,2026-08-16T03:29:35Z,open,ODbL; attribution and share-alike required,packet_ready,geofabrik_named_food_service
national-post-office-tx-dallas-lake-highlands-station-ddaa42f713,Dallas Lake Highlands Station post-office-centered national sample candidate,national_post_office_sample_candidate,food_service,osm:node:13869967095,The Hen House,,,Dallas Lake Highlands Station,TX,,32.8958044,-96.7210512,Geofabrik OpenStreetMap GeoPackage extract,2026-08-16T03:29:35Z,open,ODbL; attribution and share-alike required,packet_ready,geofabrik_named_food_service
national-post-office-tx-dallas-lake-highlands-station-ddaa42f713,Dallas Lake Highlands Station post-office-centered national sample candidate,national_post_office_sample_candidate,food_service,osm:node:7906743527,Tony's Pizza & Pasta,,,Dallas Lake Highlands Station,TX,,32.8646328,-96.7094733,Geofabrik OpenStreetMap GeoPackage extract,2026-08-16T03:29:35Z,open,ODbL; attribution and share-alike required,packet_ready,geofabrik_named_food_service
national-post-office-tx-dallas-lake-highlands-station-ddaa42f713,Dallas Lake Highlands Station post-office-centered national sample candidate,national_post_office_sample_candidate,food_service,osm:node:10767545436,Tukta Thai,,,Dallas Lake Highlands Station,TX,,32.8784258,-96.7010277,Geofabrik OpenStreetMap GeoPackage extract,2026-08-16T03:29:35Z,open,ODbL; attribution and share-alike required,packet_ready,geofabrik_named_food_service
national-post-office-tx-dallas-lake-highlands-station-ddaa42f713,Dallas Lake Highlands Station post-office-centered national sample candidate,national_post_office_sample_candidate,food_service,osm:node:7907124656,Vetted Well,,,Dallas Lake Highlands Station,TX,,32.8672464,-96.7411280,Geofabrik OpenStreetMap GeoPackage extract,2026-08-16T03:29:35Z,open,ODbL; attribution and share-alike required,packet_ready,geofabrik_named_food_service
national-post-office-tx-dallas-lake-highlands-station-ddaa42f713,Dallas Lake Highlands Station post-office-centered national sample candidate,national_post_office_sample_candidate,food_service,osm:way:498406735,Waffle House,,,Dallas Lake Highlands Station,TX,,32.8782319,-96.6834812,Geofabrik OpenStreetMap GeoPackage extract,2026-08-16T03:29:35Z,open,ODbL; attribution and share-alike required,packet_ready,geofabrik_named_food_service
national-post-office-tx-dallas-lake-highlands-station-ddaa42f713,Dallas Lake Highlands Station post-office-centered national sample candidate,national_post_office_sample_candidate,food_service,osm:node:13544821330,Waters Edge Winery and Bistro,,,Dallas Lake Highlands Station,TX,,32.8662759,-96.7426758,Geofabrik OpenStreetMap GeoPackage extract,2026-08-16T03:29:35Z,open,ODbL; attribution and share-alike required,packet_ready,geofabrik_named_food_service
national-post-office-tx-dallas-lake-highlands-station-ddaa42f713,Dallas Lake Highlands Station post-office-centered national sample candidate,national_post_office_sample_candidate,food_service,osm:way:468095849,Wendy's,,,Dallas Lake Highlands Station,TX,,32.8786117,-96.7174052,Geofabrik OpenStreetMap GeoPackage extract,2026-08-16T03:29:35Z,open,ODbL; attribution and share-alike required,packet_ready,geofabrik_named_food_service
national-post-office-tx-dallas-lake-highlands-station-ddaa42f713,Dallas Lake Highlands Station post-office-centered national sample candidate,national_post_office_sample_candidate,food_service,osm:way:263305734,Whataburger,,,Dallas Lake Highlands Station,TX,,32.9108165,-96.7363884,Geofabrik OpenStreetMap GeoPackage extract,2026-08-16T03:29:35Z,open,ODbL; attribution and share-alike required,packet_ready,geofabrik_named_food_service
national-post-office-tx-dallas-lake-highlands-station-ddaa42f713,Dallas Lake Highlands Station post-office-centered national sample candidate,national_post_office_sample_candidate,food_service,osm:way:263386083,Whataburger,,,Dallas Lake Highlands Station,TX,,32.9086532,-96.6998067,Geofabrik OpenStreetMap GeoPackage extract,2026-08-16T03:29:35Z,open,ODbL; attribution and share-alike required,packet_ready,geofabrik_named_food_service
national-post-office-tx-dallas-lake-highlands-station-ddaa42f713,Dallas Lake Highlands Station post-office-centered national sample candidate,national_post_office_sample_candidate,food_service,osm:way:263432448,Whataburger,,,Dallas Lake Highlands Station,TX,,32.8646081,-96.6781837,Geofabrik OpenStreetMap GeoPackage extract,2026-08-16T03:29:35Z,open,ODbL; attribution and share-alike required,packet_ready,geofabrik_named_food_service
national-post-office-tx-dallas-lake-highlands-station-ddaa42f713,Dallas Lake Highlands Station post-office-centered national sample candidate,national_post_office_sample_candidate,food_service,osm:way:468095503,White Rock Coffee,,,Dallas Lake Highlands Station,TX,,32.8645683,-96.7123084,Geofabrik OpenStreetMap GeoPackage extract,2026-08-16T03:29:35Z,open,ODbL; attribution and share-alike required,packet_ready,geofabrik_named_food_service
national-post-office-tx-dallas-lake-highlands-station-ddaa42f713,Dallas Lake Highlands Station post-office-centered national sample candidate,national_post_office_sample_candidate,food_service,osm:node:7907112614,Wingstop,,,Dallas Lake Highlands Station,TX,,32.8671387,-96.7410070,Geofabrik OpenStreetMap GeoPackage extract,2026-08-16T03:29:35Z,open,ODbL; attribution and share-alike required,packet_ready,geofabrik_named_food_service
national-post-office-tx-dallas-lake-highlands-station-ddaa42f713,Dallas Lake Highlands Station post-office-centered national sample candidate,national_post_office_sample_candidate,food_service,osm:node:10702610338,Yely,,,Dallas Lake Highlands Station,TX,,32.8671037,-96.7410766,Geofabrik OpenStreetMap GeoPackage extract,2026-08-16T03:29:35Z,open,ODbL; attribution and share-alike required,packet_ready,geofabrik_named_food_service
national-post-office-tx-dallas-lake-highlands-station-ddaa42f713,Dallas Lake Highlands Station post-office-centered national sample candidate,national_post_office_sample_candidate,food_service,osm:node:13869967087,Zato,,,Dallas Lake Highlands Station,TX,,32.8968239,-96.7202832,Geofabrik OpenStreetMap GeoPackage extract,2026-08-16T03:29:35Z,open,ODbL; attribution and share-alike required,packet_ready,geofabrik_named_food_service
national-post-office-tx-dallas-lake-highlands-station-ddaa42f713,Dallas Lake Highlands Station post-office-centered national sample candidate,national_post_office_sample_candidate,food_service,osm:node:10767545440,ZiZi Ramen & Sushi,,,Dallas Lake Highlands Station,TX,,32.8795634,-96.7015553,Geofabrik OpenStreetMap GeoPackage extract,2026-08-16T03:29:35Z,open,ODbL; attribution and share-alike required,packet_ready,geofabrik_named_food_service
national-post-office-tx-el-campo-6f0d5231c3,El Campo post-office-centered national sample candidate,national_post_office_sample_candidate,food_service,osm:way:1235141611,Domino's,,,El Campo,TX,,29.1960104,-96.2697005,Geofabrik OpenStreetMap GeoPackage extract,2026-08-16T03:29:35Z,open,ODbL; attribution and share-alike required,packet_ready,geofabrik_named_food_service
national-post-office-tx-el-campo-6f0d5231c3,El Campo post-office-centered national sample candidate,national_post_office_sample_candidate,food_service,osm:node:12103747338,McDonald's,,,El Campo,TX,,29.2067969,-96.2775149,Geofabrik OpenStreetMap GeoPackage extract,2026-08-16T03:29:35Z,open,ODbL; attribution and share-alike required,packet_ready,geofabrik_named_food_service
national-post-office-tx-el-campo-6f0d5231c3,El Campo post-office-centered national sample candidate,national_post_office_sample_candidate,food_service,osm:way:263590694,Whataburger,,,El Campo,TX,,29.2037117,-96.2760194,Geofabrik OpenStreetMap GeoPackage extract,2026-08-16T03:29:35Z,open,ODbL; attribution and share-alike required,packet_ready,geofabrik_named_food_service
national-post-office-tx-eustace-aa3e3793d7,Eustace post-office-centered national sample candidate,national_post_office_sample_candidate,food_service,osm:way:849390165,Hernandez Mexican Restaurant,,,Eustace,TX,,32.3015740,-96.0067183,Geofabrik OpenStreetMap GeoPackage extract,2026-08-16T03:29:35Z,open,ODbL; attribution and share-alike required,packet_ready,geofabrik_named_food_service
national-post-office-tx-eustace-aa3e3793d7,Eustace post-office-centered national sample candidate,national_post_office_sample_candidate,food_service,osm:node:7083359682,Sonic,,,Eustace,TX,,32.3094341,-96.0101659,Geofabrik OpenStreetMap GeoPackage extract,2026-08-16T03:29:35Z,open,ODbL; attribution and share-alike required,packet_ready,geofabrik_named_food_service
national-post-office-tx-postal-service-2c5fb90ddb,Postal Service post-office-centered national sample candidate,national_post_office_sample_candidate,food_service,osm:node:11830472409,,,,Postal Service,TX,,31.1183297,-97.6975230,Geofabrik OpenStreetMap GeoPackage extract,2026-08-16T03:29:35Z,open,ODbL; attribution and share-alike required,exclude,unnamed_food_service_anchor
national-post-office-tx-postal-service-2c5fb90ddb,Postal Service post-office-centered national sample candidate,national_post_office_sample_candidate,food_service,osm:way:848554585,,,,Postal Service,TX,,31.1106666,-97.7488541,Geofabrik OpenStreetMap GeoPackage extract,2026-08-16T03:29:35Z,open,ODbL; attribution and share-alike required,exclude,unnamed_food_service_anchor
national-post-office-tx-postal-service-2c5fb90ddb,Postal Service post-office-centered national sample candidate,national_post_office_sample_candidate,food_service,osm:node:12631150601,Black Bear Diner,,,Postal Service,TX,,31.0736671,-97.6774787,Geofabrik OpenStreetMap GeoPackage extract,2026-08-16T03:29:35Z,open,ODbL; attribution and share-alike required,packet_ready,geofabrik_named_food_service
national-post-office-tx-postal-service-2c5fb90ddb,Postal Service post-office-centered national sample candidate,national_post_office_sample_candidate,food_service,osm:way:727962488,Brick & Forge Tap Room,,,Postal Service,TX,,31.0865992,-97.7085232,Geofabrik OpenStreetMap GeoPackage extract,2026-08-16T03:29:35Z,open,ODbL; attribution and share-alike required,packet_ready,geofabrik_named_food_service
national-post-office-tx-postal-service-2c5fb90ddb,Postal Service post-office-centered national sample candidate,national_post_office_sample_candidate,food_service,osm:node:12809597402,Bubba's,,,Postal Service,TX,,31.0838052,-97.7026314,Geofabrik OpenStreetMap GeoPackage extract,2026-08-16T03:29:35Z,open,ODbL; attribution and share-alike required,packet_ready,geofabrik_named_food_service
national-post-office-tx-postal-service-2c5fb90ddb,Postal Service post-office-centered national sample candidate,national_post_office_sample_candidate,food_service,osm:way:727963772,Buffalo Wild Wings,,,Postal Service,TX,,31.0884849,-97.7124408,Geofabrik OpenStreetMap GeoPackage extract,2026-08-16T03:29:35Z,open,ODbL; attribution and share-alike required,packet_ready,geofabrik_named_food_service
national-post-office-tx-postal-service-2c5fb90ddb,Postal Service post-office-centered national sample candidate,national_post_office_sample_candidate,food_service,osm:way:311486766,Bush's Chicken,,,Postal Service,TX,,31.1168466,-97.6982512,Geofabrik OpenStreetMap GeoPackage extract,2026-08-16T03:29:35Z,open,ODbL; attribution and share-alike required,packet_ready,geofabrik_named_food_service
national-post-office-tx-postal-service-2c5fb90ddb,Postal Service post-office-centered national sample candidate,national_post_office_sample_candidate,food_service,osm:way:315562336,C&D Cups,,,Postal Service,TX,,31.1124845,-97.7452362,Geofabrik OpenStreetMap GeoPackage extract,2026-08-16T03:29:35Z,open,ODbL; attribution and share-alike required,packet_ready,geofabrik_named_food_service
national-post-office-tx-postal-service-2c5fb90ddb,Postal Service post-office-centered national sample candidate,national_post_office_sample_candidate,food_service,osm:node:3216886299,Chau's Cafe,,,Postal Service,TX,,31.1133792,-97.7443692,Geofabrik OpenStreetMap GeoPackage extract,2026-08-16T03:29:35Z,open,ODbL; attribution and share-alike required,packet_ready,geofabrik_named_food_service
national-post-office-tx-postal-service-2c5fb90ddb,Postal Service post-office-centered national sample candidate,national_post_office_sample_candidate,food_service,osm:way:324501502,Chick-fil-A,,,Postal Service,TX,,31.0928021,-97.7290472,Geofabrik OpenStreetMap GeoPackage extract,2026-08-16T03:29:35Z,open,ODbL; attribution and share-alike required,packet_ready,geofabrik_named_food_service
national-post-office-tx-postal-service-2c5fb90ddb,Postal Service post-office-centered national sample candidate,national_post_office_sample_candidate,food_service,osm:way:727963773,Chili's,,,Postal Service,TX,,31.0880687,-97.7116190,Geofabrik OpenStreetMap GeoPackage extract,2026-08-16T03:29:35Z,open,ODbL; attribution and share-alike required,packet_ready,geofabrik_named_food_service
national-post-office-tx-postal-service-2c5fb90ddb,Postal Service post-office-centered national sample candidate,national_post_office_sample_candidate,food_service,osm:node:13993702013,Choice Barbecue Restaurant,,,Postal Service,TX,,31.1067744,-97.7112531,Geofabrik OpenStreetMap GeoPackage extract,2026-08-16T03:29:35Z,open,ODbL; attribution and share-alike required,packet_ready,geofabrik_named_food_service
national-post-office-tx-postal-service-2c5fb90ddb,Postal Service post-office-centered national sample candidate,national_post_office_sample_candidate,food_service,osm:way:750489258,Chuck E. Cheese,,,Postal Service,TX,,31.0896971,-97.7147139,Geofabrik OpenStreetMap GeoPackage extract,2026-08-16T03:29:35Z,open,ODbL; attribution and share-alike required,packet_ready,geofabrik_named_food_service
national-post-office-tx-postal-service-2c5fb90ddb,Postal Service post-office-centered national sample candidate,national_post_office_sample_candidate,food_service,osm:node:13993702014,Church's Chicken,,,Postal Service,TX,,31.1064162,-97.7105668,Geofabrik OpenStreetMap GeoPackage extract,2026-08-16T03:29:35Z,open,ODbL; attribution and share-alike required,packet_ready,geofabrik_named_food_service
national-post-office-tx-postal-service-2c5fb90ddb,Postal Service post-office-centered national sample candidate,national_post_office_sample_candidate,food_service,osm:way:315559857,Cici's Pizza,,,Postal Service,TX,,31.1130209,-97.7454453,Geofabrik OpenStreetMap GeoPackage extract,2026-08-16T03:29:35Z,open,ODbL; attribution and share-alike required,packet_ready,geofabrik_named_food_service
national-post-office-tx-postal-service-2c5fb90ddb,Postal Service post-office-centered national sample candidate,national_post_office_sample_candidate,food_service,osm:way:848560693,DQ Grill & Chill,,,Postal Service,TX,,31.1052714,-97.7485506,Geofabrik OpenStreetMap GeoPackage extract,2026-08-16T03:29:35Z,open,ODbL; attribution and share-alike required,packet_ready,geofabrik_named_food_service
national-post-office-tx-postal-service-2c5fb90ddb,Postal Service post-office-centered national sample candidate,national_post_office_sample_candidate,food_service,osm:way:315562339,Denny's,,,Postal Service,TX,,31.1100313,-97.7466672,Geofabrik OpenStreetMap GeoPackage extract,2026-08-16T03:29:35Z,open,ODbL; attribution and share-alike required,packet_ready,geofabrik_named_food_service
national-post-office-tx-postal-service-2c5fb90ddb,Postal Service post-office-centered national sample candidate,national_post_office_sample_candidate,food_service,osm:way:311486770,Domino's,,,Postal Service,TX,,31.0952173,-97.6893800,Geofabrik OpenStreetMap GeoPackage extract,2026-08-16T03:29:35Z,open,ODbL; attribution and share-alike required,packet_ready,geofabrik_named_food_service
national-post-office-tx-postal-service-2c5fb90ddb,Postal Service post-office-centered national sample candidate,national_post_office_sample_candidate,food_service,osm:way:316619584,Domino's,,,Postal Service,TX,,31.0996377,-97.7508777,Geofabrik OpenStreetMap GeoPackage extract,2026-08-16T03:29:35Z,open,ODbL; attribution and share-alike required,packet_ready,geofabrik_named_food_service
national-post-office-tx-postal-service-2c5fb90ddb,Postal Service post-office-centered national sample candidate,national_post_office_sample_candidate,food_service,osm:node:6747350969,Freebirds,,,Postal Service,TX,,31.0909287,-97.7350792,Geofabrik OpenStreetMap GeoPackage extract,2026-08-16T03:29:35Z,open,ODbL; attribution and share-alike required,packet_ready,geofabrik_named_food_service
national-post-office-tx-postal-service-2c5fb90ddb,Postal Service post-office-centered national sample candidate,national_post_office_sample_candidate,food_service,osm:node:3216886304,G&B Pool Hall,,,Postal Service,TX,,31.1111705,-97.7450608,Geofabrik OpenStreetMap GeoPackage extract,2026-08-16T03:29:35Z,open,ODbL; attribution and share-alike required,packet_ready,geofabrik_named_food_service
national-post-office-tx-postal-service-2c5fb90ddb,Postal Service post-office-centered national sample candidate,national_post_office_sample_candidate,food_service,osm:node:13341595484,GSpot Grill,,,Postal Service,TX,,31.1111384,-97.7450771,Geofabrik OpenStreetMap GeoPackage extract,2026-08-16T03:29:35Z,open,ODbL; attribution and share-alike required,packet_ready,geofabrik_named_food_service
national-post-office-tx-postal-service-2c5fb90ddb,Postal Service post-office-centered national sample candidate,national_post_office_sample_candidate,food_service,osm:node:13140704201,Galaxy Bar & Grill,,,Postal Service,TX,,31.1176849,-97.7315728,Geofabrik OpenStreetMap GeoPackage extract,2026-08-16T03:29:35Z,open,ODbL; attribution and share-alike required,packet_ready,geofabrik_named_food_service
national-post-office-tx-postal-service-2c5fb90ddb,Postal Service post-office-centered national sample candidate,national_post_office_sample_candidate,food_service,osm:node:13993702021,Halys Latin Food,,,Postal Service,TX,,31.1045402,-97.7039462,Geofabrik OpenStreetMap GeoPackage extract,2026-08-16T03:29:35Z,open,ODbL; attribution and share-alike required,packet_ready,geofabrik_named_food_service
national-post-office-tx-postal-service-2c5fb90ddb,Postal Service post-office-centered national sample candidate,national_post_office_sample_candidate,food_service,osm:node:12036500591,Hook & Reel Cajun Seafood & Bar,,,Postal Service,TX,,31.0936639,-97.7249434,Geofabrik OpenStreetMap GeoPackage extract,2026-08-16T03:29:35Z,open,ODbL; attribution and share-alike required,packet_ready,geofabrik_named_food_service
national-post-office-tx-postal-service-2c5fb90ddb,Postal Service post-office-centered national sample candidate,national_post_office_sample_candidate,food_service,osm:node:3216852038,Hu-Nan,,,Postal Service,TX,,31.1132441,-97.7482403,Geofabrik OpenStreetMap GeoPackage extract,2026-08-16T03:29:35Z,open,ODbL; attribution and share-alike required,packet_ready,geofabrik_named_food_service
national-post-office-tx-postal-service-2c5fb90ddb,Postal Service post-office-centered national sample candidate,national_post_office_sample_candidate,food_service,osm:way:848560692,IHOP,,,Postal Service,TX,,31.1061377,-97.7455394,Geofabrik OpenStreetMap GeoPackage extract,2026-08-16T03:29:35Z,open,ODbL; attribution and share-alike required,packet_ready,geofabrik_named_food_service
national-post-office-tx-postal-service-2c5fb90ddb,Postal Service post-office-centered national sample candidate,national_post_office_sample_candidate,food_service,osm:way:658049314,In-N-Out Burger,,,Postal Service,TX,,31.0903118,-97.7214335,Geofabrik OpenStreetMap GeoPackage extract,2026-08-16T03:29:35Z,open,ODbL; attribution and share-alike required,packet_ready,geofabrik_named_food_service
national-post-office-tx-postal-service-2c5fb90ddb,Postal Service post-office-centered national sample candidate,national_post_office_sample_candidate,food_service,osm:way:311486772,Jack in the Box,,,Postal Service,TX,,31.1047020,-97.7051407,Geofabrik OpenStreetMap GeoPackage extract,2026-08-16T03:29:35Z,open,ODbL; attribution and share-alike required,packet_ready,geofabrik_named_food_service
national-post-office-tx-postal-service-2c5fb90ddb,Postal Service post-office-centered national sample candidate,national_post_office_sample_candidate,food_service,osm:way:759746721,Jack in the Box,,,Postal Service,TX,,31.0935475,-97.7317092,Geofabrik OpenStreetMap GeoPackage extract,2026-08-16T03:29:35Z,open,ODbL; attribution and share-alike required,packet_ready,geofabrik_named_food_service
national-post-office-tx-postal-service-2c5fb90ddb,Postal Service post-office-centered national sample candidate,national_post_office_sample_candidate,food_service,osm:node:12700319743,Jimmy's Egg,,,Postal Service,TX,,31.0805357,-97.7607331,Geofabrik OpenStreetMap GeoPackage extract,2026-08-16T03:29:35Z,open,ODbL; attribution and share-alike required,packet_ready,geofabrik_named_food_service
national-post-office-tx-postal-service-2c5fb90ddb,Postal Service post-office-centered national sample candidate,national_post_office_sample_candidate,food_service,osm:node:3171498617,K's Oriental Food to Go,,,Postal Service,TX,,31.1032969,-97.7044276,Geofabrik OpenStreetMap GeoPackage extract,2026-08-16T03:29:35Z,open,ODbL; attribution and share-alike required,packet_ready,geofabrik_named_food_service
national-post-office-tx-postal-service-2c5fb90ddb,Postal Service post-office-centered national sample candidate,national_post_office_sample_candidate,food_service,osm:way:400353624,KFC,,,Postal Service,TX,,31.1092096,-97.7161032,Geofabrik OpenStreetMap GeoPackage extract,2026-08-16T03:29:35Z,open,ODbL; attribution and share-alike required,packet_ready,geofabrik_named_food_service
national-post-office-tx-postal-service-2c5fb90ddb,Postal Service post-office-centered national sample candidate,national_post_office_sample_candidate,food_service,osm:node:12036471536,KPOT Korean BBQ & Hot Pot,,,Postal Service,TX,,31.0941649,-97.7266383,Geofabrik OpenStreetMap GeoPackage extract,2026-08-16T03:29:35Z,open,ODbL; attribution and share-alike required,packet_ready,geofabrik_named_food_service
national-post-office-tx-postal-service-2c5fb90ddb,Postal Service post-office-centered national sample candidate,national_post_office_sample_candidate,food_service,osm:way:976499772,King Noodle and Bar,,,Postal Service,TX,,31.0939595,-97.7337905,Geofabrik OpenStreetMap GeoPackage extract,2026-08-16T03:29:35Z,open,ODbL; attribution and share-alike required,packet_ready,geofabrik_named_food_service
national-post-office-tx-postal-service-2c5fb90ddb,Postal Service post-office-centered national sample candidate,national_post_office_sample_candidate,food_service,osm:node:13798357452,Koko Cafe,,,Postal Service,TX,,31.1127376,-97.7309480,Geofabrik OpenStreetMap GeoPackage extract,2026-08-16T03:29:35Z,open,ODbL; attribution and share-alike required,packet_ready,geofabrik_named_food_service
national-post-office-tx-postal-service-2c5fb90ddb,Postal Service post-office-centered national sample candidate,national_post_office_sample_candidate,food_service,osm:node:11830472422,Little Caesars,,,Postal Service,TX,,31.1177180,-97.6944921,Geofabrik OpenStreetMap GeoPackage extract,2026-08-16T03:29:35Z,open,ODbL; attribution and share-alike required,packet_ready,geofabrik_named_food_service
national-post-office-tx-postal-service-2c5fb90ddb,Postal Service post-office-centered national sample candidate,national_post_office_sample_candidate,food_service,osm:way:848570380,Long John Silver's,,,Postal Service,TX,,31.1041633,-97.7491272,Geofabrik OpenStreetMap GeoPackage extract,2026-08-16T03:29:35Z,open,ODbL; attribution and share-alike required,packet_ready,geofabrik_named_food_service
national-post-office-tx-postal-service-2c5fb90ddb,Postal Service post-office-centered national sample candidate,national_post_office_sample_candidate,food_service,osm:way:315562342,Los Cabos Mexican Grill,,,Postal Service,TX,,31.1061943,-97.7491448,Geofabrik OpenStreetMap GeoPackage extract,2026-08-16T03:29:35Z,open,ODbL; attribution and share-alike required,packet_ready,geofabrik_named_food_service
national-post-office-tx-postal-service-2c5fb90ddb,Postal Service post-office-centered national sample candidate,national_post_office_sample_candidate,food_service,osm:node:9036513319,MasFajitas,,,Postal Service,TX,,31.0910295,-97.7231447,Geofabrik OpenStreetMap GeoPackage extract,2026-08-16T03:29:35Z,open,ODbL; attribution and share-alike required,packet_ready,geofabrik_named_food_service
national-post-office-tx-postal-service-2c5fb90ddb,Postal Service post-office-centered national sample candidate,national_post_office_sample_candidate,food_service,osm:node:9036513318,McAlister's Deli,,,Postal Service,TX,,31.0911400,-97.7232816,Geofabrik OpenStreetMap GeoPackage extract,2026-08-16T03:29:35Z,open,ODbL; attribution and share-alike required,packet_ready,geofabrik_named_food_service
national-post-office-tx-postal-service-2c5fb90ddb,Postal Service post-office-centered national sample candidate,national_post_office_sample_candidate,food_service,osm:way:148107793,McDonald's,,,Postal Service,TX,,31.0793587,-97.6995925,Geofabrik OpenStreetMap GeoPackage extract,2026-08-16T03:29:35Z,open,ODbL; attribution and share-alike required,packet_ready,geofabrik_named_food_service
national-post-office-tx-postal-service-2c5fb90ddb,Postal Service post-office-centered national sample candidate,national_post_office_sample_candidate,food_service,osm:way:400353625,McDonald's,,,Postal Service,TX,,31.1086769,-97.7150928,Geofabrik OpenStreetMap GeoPackage extract,2026-08-16T03:29:35Z,open,ODbL; attribution and share-alike required,packet_ready,geofabrik_named_food_service
national-post-office-tx-postal-service-2c5fb90ddb,Postal Service post-office-centered national sample candidate,national_post_office_sample_candidate,food_service,osm:way:848544789,McDonald's,,,Postal Service,TX,,31.0783541,-97.7570653,Geofabrik OpenStreetMap GeoPackage extract,2026-08-16T03:29:35Z,open,ODbL; attribution and share-alike required,packet_ready,geofabrik_named_food_service
national-post-office-tx-postal-service-2c5fb90ddb,Postal Service post-office-centered national sample candidate,national_post_office_sample_candidate,food_service,osm:way:848554584,McDonald's,,,Postal Service,TX,,31.1103617,-97.7481463,Geofabrik OpenStreetMap GeoPackage extract,2026-08-16T03:29:35Z,open,ODbL; attribution and share-alike required,packet_ready,geofabrik_named_food_service
national-post-office-tx-postal-service-2c5fb90ddb,Postal Service post-office-centered national sample candidate,national_post_office_sample_candidate,food_service,osm:way:727962487,Olive Garden,,,Postal Service,TX,,31.0869271,-97.7093613,Geofabrik OpenStreetMap GeoPackage extract,2026-08-16T03:29:35Z,open,ODbL; attribution and share-alike required,packet_ready,geofabrik_named_food_service
national-post-office-tx-postal-service-2c5fb90ddb,Postal Service post-office-centered national sample candidate,national_post_office_sample_candidate,food_service,osm:way:750489256,Outback Steakhouse,,,Postal Service,TX,,31.0877022,-97.7107060,Geofabrik OpenStreetMap GeoPackage extract,2026-08-16T03:29:35Z,open,ODbL; attribution and share-alike required,packet_ready,geofabrik_named_food_service
national-post-office-tx-postal-service-2c5fb90ddb,Postal Service post-office-centered national sample candidate,national_post_office_sample_candidate,food_service,osm:way:315562355,Popeyes,,,Postal Service,TX,,31.1094250,-97.7463476,Geofabrik OpenStreetMap GeoPackage extract,2026-08-16T03:29:35Z,open,ODbL; attribution and share-alike required,packet_ready,geofabrik_named_food_service
national-post-office-tx-postal-service-2c5fb90ddb,Postal Service post-office-centered national sample candidate,national_post_office_sample_candidate,food_service,osm:way:315559852,Raising Cane's,,,Postal Service,TX,,31.1107525,-97.7473691,Geofabrik OpenStreetMap GeoPackage extract,2026-08-16T03:29:35Z,open,ODbL; attribution and share-alike required,packet_ready,geofabrik_named_food_service
national-post-office-tx-postal-service-2c5fb90ddb,Postal Service post-office-centered national sample candidate,national_post_office_sample_candidate,food_service,osm:way:759746898,Red Lobster,,,Postal Service,TX,,31.0954549,-97.7313583,Geofabrik OpenStreetMap GeoPackage extract,2026-08-16T03:29:35Z,open,ODbL; attribution and share-alike required,packet_ready,geofabrik_named_food_service
national-post-office-tx-postal-service-2c5fb90ddb,Postal Service post-office-centered national sample candidate,national_post_office_sample_candidate,food_service,osm:way:847308403,Rudy's Country Store and Bar-B-Q,,,Postal Service,TX,,31.0765727,-97.6860693,Geofabrik OpenStreetMap GeoPackage extract,2026-08-16T03:29:35Z,open,ODbL; attribution and share-alike required,packet_ready,geofabrik_named_food_service
national-post-office-tx-postal-service-2c5fb90ddb,Postal Service post-office-centered national sample candidate,national_post_office_sample_candidate,food_service,osm:node:2810297469,Schlotzsky's,,,Postal Service,TX,,31.1061885,-97.7483394,Geofabrik OpenStreetMap GeoPackage extract,2026-08-16T03:29:35Z,open,ODbL; attribution and share-alike required,packet_ready,geofabrik_named_food_service
national-post-office-tx-postal-service-2c5fb90ddb,Postal Service post-office-centered national sample candidate,national_post_office_sample_candidate,food_service,osm:node:13016598756,Sonic,,,Postal Service,TX,,31.0747890,-97.6873143,Geofabrik OpenStreetMap GeoPackage extract,2026-08-16T03:29:35Z,open,ODbL; attribution and share-alike required,packet_ready,geofabrik_named_food_service
national-post-office-tx-postal-service-2c5fb90ddb,Postal Service post-office-centered national sample candidate,national_post_office_sample_candidate,food_service,osm:node:3216852041,Starbucks,,,Postal Service,TX,,31.1112333,-97.7472325,Geofabrik OpenStreetMap GeoPackage extract,2026-08-16T03:29:35Z,open,ODbL; attribution and share-alike required,packet_ready,geofabrik_named_food_service
national-post-office-tx-postal-service-2c5fb90ddb,Postal Service post-office-centered national sample candidate,national_post_office_sample_candidate,food_service,osm:node:11830472424,Subway,,,Postal Service,TX,,31.1175820,-97.6945528,Geofabrik OpenStreetMap GeoPackage extract,2026-08-16T03:29:35Z,open,ODbL; attribution and share-alike required,packet_ready,geofabrik_named_food_service
national-post-office-tx-postal-service-2c5fb90ddb,Postal Service post-office-centered national sample candidate,national_post_office_sample_candidate,food_service,osm:way:750489257,TGI Friday's,,,Postal Service,TX,,31.0871973,-97.7098990,Geofabrik OpenStreetMap GeoPackage extract,2026-08-16T03:29:35Z,open,ODbL; attribution and share-alike required,packet_ready,geofabrik_named_food_service
national-post-office-tx-postal-service-2c5fb90ddb,Postal Service post-office-centered national sample candidate,national_post_office_sample_candidate,food_service,osm:way:1243983145,Taco Bell,,,Postal Service,TX,,31.0788017,-97.7630560,Geofabrik OpenStreetMap GeoPackage extract,2026-08-16T03:29:35Z,open,ODbL; attribution and share-alike required,packet_ready,geofabrik_named_food_service
national-post-office-tx-postal-service-2c5fb90ddb,Postal Service post-office-centered national sample candidate,national_post_office_sample_candidate,food_service,osm:way:848560694,Taco Bell,,,Postal Service,TX,,31.1047476,-97.7497528,Geofabrik OpenStreetMap GeoPackage extract,2026-08-16T03:29:35Z,open,ODbL; attribution and share-alike required,packet_ready,geofabrik_named_food_service
national-post-office-tx-postal-service-2c5fb90ddb,Postal Service post-office-centered national sample candidate,national_post_office_sample_candidate,food_service,osm:node:13993702002,Taqueria Mexico,,,Postal Service,TX,,31.1099729,-97.7158220,Geofabrik OpenStreetMap GeoPackage extract,2026-08-16T03:29:35Z,open,ODbL; attribution and share-alike required,packet_ready,geofabrik_named_food_service
national-post-office-tx-postal-service-2c5fb90ddb,Postal Service post-office-centered national sample candidate,national_post_office_sample_candidate,food_service,osm:node:13591583054,Texas Krab House - Food Truck,,,Postal Service,TX,,31.0701905,-97.7265797,Geofabrik OpenStreetMap GeoPackage extract,2026-08-16T03:29:35Z,open,ODbL; attribution and share-alike required,packet_ready,geofabrik_named_food_service
national-post-office-tx-postal-service-2c5fb90ddb,Postal Service post-office-centered national sample candidate,national_post_office_sample_candidate,food_service,osm:way:750497135,Texas Roadhouse,,,Postal Service,TX,,31.0830569,-97.7013424,Geofabrik OpenStreetMap GeoPackage extract,2026-08-16T03:29:35Z,open,ODbL; attribution and share-alike required,packet_ready,geofabrik_named_food_service
national-post-office-tx-postal-service-2c5fb90ddb,Postal Service post-office-centered national sample candidate,national_post_office_sample_candidate,food_service,osm:node:3216886310,Tham Rab Thai,,,Postal Service,TX,,31.1113917,-97.7457920,Geofabrik OpenStreetMap GeoPackage extract,2026-08-16T03:29:35Z,open,ODbL; attribution and share-alike required,packet_ready,geofabrik_named_food_service
national-post-office-tx-postal-service-2c5fb90ddb,Postal Service post-office-centered national sample candidate,national_post_office_sample_candidate,food_service,osm:node:3561528193,Twin Peaks,,,Postal Service,TX,,31.0740220,-97.6772870,Geofabrik OpenStreetMap GeoPackage extract,2026-08-16T03:29:35Z,open,ODbL; attribution and share-alike required,packet_ready,geofabrik_named_food_service
national-post-office-tx-postal-service-2c5fb90ddb,Postal Service post-office-centered national sample candidate,national_post_office_sample_candidate,food_service,osm:way:315562348,Wendy's,,,Postal Service,TX,,31.1073026,-97.7487471,Geofabrik OpenStreetMap GeoPackage extract,2026-08-16T03:29:35Z,open,ODbL; attribution and share-alike required,packet_ready,geofabrik_named_food_service
national-post-office-tx-postal-service-2c5fb90ddb,Postal Service post-office-centered national sample candidate,national_post_office_sample_candidate,food_service,osm:way:658049359,Wendy's,,,Postal Service,TX,,31.0902396,-97.7210382,Geofabrik OpenStreetMap GeoPackage extract,2026-08-16T03:29:35Z,open,ODbL; attribution and share-alike required,packet_ready,geofabrik_named_food_service
national-post-office-tx-postal-service-2c5fb90ddb,Postal Service post-office-centered national sample candidate,national_post_office_sample_candidate,food_service,osm:way:264835671,Whataburger,,,Postal Service,TX,,31.0912950,-97.7340432,Geofabrik OpenStreetMap GeoPackage extract,2026-08-16T03:29:35Z,open,ODbL; attribution and share-alike required,packet_ready,geofabrik_named_food_service
national-post-office-tx-postal-service-2c5fb90ddb,Postal Service post-office-centered national sample candidate,national_post_office_sample_candidate,food_service,osm:way:400348969,Wok On Fire Chinese,,,Postal Service,TX,,31.1101889,-97.7181683,Geofabrik OpenStreetMap GeoPackage extract,2026-08-16T03:29:35Z,open,ODbL; attribution and share-alike required,packet_ready,geofabrik_named_food_service
national-post-office-tx-postal-service-2c5fb90ddb,Postal Service post-office-centered national sample candidate,national_post_office_sample_candidate,food_service,osm:way:723287532,Yank Sing,,,Postal Service,TX,,31.0936562,-97.7239042,Geofabrik OpenStreetMap GeoPackage extract,2026-08-16T03:29:35Z,open,ODbL; attribution and share-alike required,packet_ready,geofabrik_named_food_service
national-post-office-tx-sam-houston-5869764f51,SAM HOUSTON post-office-centered national sample candidate,national_post_office_sample_candidate,food_service,osm:node:11829199629,,,,SAM HOUSTON,TX,,29.7360446,-95.3465222,Geofabrik OpenStreetMap GeoPackage extract,2026-08-16T03:29:35Z,open,ODbL; attribution and share-alike required,exclude,unnamed_food_service_anchor
national-post-office-tx-sam-houston-5869764f51,SAM HOUSTON post-office-centered national sample candidate,national_post_office_sample_candidate,food_service,osm:node:12176046138,,,,SAM HOUSTON,TX,,29.7448475,-95.3437295,Geofabrik OpenStreetMap GeoPackage extract,2026-08-16T03:29:35Z,open,ODbL; attribution and share-alike required,exclude,unnamed_food_service_anchor
national-post-office-tx-sam-houston-5869764f51,SAM HOUSTON post-office-centered national sample candidate,national_post_office_sample_candidate,food_service,osm:node:3643322414,,,,SAM HOUSTON,TX,,29.7533682,-95.3641501,Geofabrik OpenStreetMap GeoPackage extract,2026-08-16T03:29:35Z,open,ODbL; attribution and share-alike required,exclude,unnamed_food_service_anchor
national-post-office-tx-sam-houston-5869764f51,SAM HOUSTON post-office-centered national sample candidate,national_post_office_sample_candidate,food_service,osm:node:3643330829,,,,SAM HOUSTON,TX,,29.7535126,-95.3640965,Geofabrik OpenStreetMap GeoPackage extract,2026-08-16T03:29:35Z,open,ODbL; attribution and share-alike required,exclude,unnamed_food_service_anchor
national-post-office-tx-sam-houston-5869764f51,SAM HOUSTON post-office-centered national sample candidate,national_post_office_sample_candidate,food_service,osm:way:1022704360,,,,SAM HOUSTON,TX,,29.7817177,-95.3927828,Geofabrik OpenStreetMap GeoPackage extract,2026-08-16T03:29:35Z,open,ODbL; attribution and share-alike required,exclude,unnamed_food_service_anchor
national-post-office-tx-sam-houston-5869764f51,SAM HOUSTON post-office-centered national sample candidate,national_post_office_sample_candidate,food_service,osm:way:1253423784,,,,SAM HOUSTON,TX,,29.7909506,-95.3880195,Geofabrik OpenStreetMap GeoPackage extract,2026-08-16T03:29:35Z,open,ODbL; attribution and share-alike required,exclude,unnamed_food_service_anchor
national-post-office-tx-sam-houston-5869764f51,SAM HOUSTON post-office-centered national sample candidate,national_post_office_sample_candidate,food_service,osm:way:264250107,,,,SAM HOUSTON,TX,,29.7757184,-95.3819088,Geofabrik OpenStreetMap GeoPackage extract,2026-08-16T03:29:35Z,open,ODbL; attribution and share-alike required,exclude,unnamed_food_service_anchor
national-post-office-tx-sam-houston-5869764f51,SAM HOUSTON post-office-centered national sample candidate,national_post_office_sample_candidate,food_service,osm:way:569118645,,,,SAM HOUSTON,TX,,29.7453072,-95.3812999,Geofabrik OpenStreetMap GeoPackage extract,2026-08-16T03:29:35Z,open,ODbL; attribution and share-alike required,exclude,unnamed_food_service_anchor
national-post-office-tx-sam-houston-5869764f51,SAM HOUSTON post-office-centered national sample candidate,national_post_office_sample_candidate,food_service,osm:way:674007980,1891 American Eatery and Bar,,,SAM HOUSTON,TX,,29.7905388,-95.3897537,Geofabrik OpenStreetMap GeoPackage extract,2026-08-16T03:29:35Z,open,ODbL; attribution and share-alike required,packet_ready,geofabrik_named_food_service
national-post-office-tx-sam-houston-5869764f51,SAM HOUSTON post-office-centered national sample candidate,national_post_office_sample_candidate,food_service,osm:node:3797613673,"AHH, Coffee!",,,SAM HOUSTON,TX,,29.7527083,-95.3549529,Geofabrik OpenStreetMap GeoPackage extract,2026-08-16T03:29:35Z,open,ODbL; attribution and share-alike required,packet_ready,geofabrik_named_food_service
national-post-office-tx-sam-houston-5869764f51,SAM HOUSTON post-office-centered national sample candidate,national_post_office_sample_candidate,food_service,osm:node:10993241305,Abasolo #2 Restaurant,,,SAM HOUSTON,TX,,29.7761058,-95.3609277,Geofabrik OpenStreetMap GeoPackage extract,2026-08-16T03:29:35Z,open,ODbL; attribution and share-alike required,packet_ready,geofabrik_named_food_service
national-post-office-tx-sam-houston-5869764f51,SAM HOUSTON post-office-centered national sample candidate,national_post_office_sample_candidate,food_service,osm:node:12911498304,Abdallah's Lebaese Cafe,,,SAM HOUSTON,TX,,29.7742711,-95.3879101,Geofabrik OpenStreetMap GeoPackage extract,2026-08-16T03:29:35Z,open,ODbL; attribution and share-alike required,packet_ready,geofabrik_named_food_service
national-post-office-tx-sam-houston-5869764f51,SAM HOUSTON post-office-centered national sample candidate,national_post_office_sample_candidate,food_service,osm:node:11043094780,Abu Omar Halal,,,SAM HOUSTON,TX,,29.7600821,-95.3622068,Geofabrik OpenStreetMap GeoPackage extract,2026-08-16T03:29:35Z,open,ODbL; attribution and share-alike required,packet_ready,geofabrik_named_food_service
national-post-office-tx-sam-houston-5869764f51,SAM HOUSTON post-office-centered national sample candidate,national_post_office_sample_candidate,food_service,osm:node:8890021844,Active Passion,,,SAM HOUSTON,TX,,29.7809865,-95.3811845,Geofabrik OpenStreetMap GeoPackage extract,2026-08-16T03:29:35Z,open,ODbL; attribution and share-alike required,packet_ready,geofabrik_named_food_service
national-post-office-tx-sam-houston-5869764f51,SAM HOUSTON post-office-centered national sample candidate,national_post_office_sample_candidate,food_service,osm:way:661996147,Agora,,,SAM HOUSTON,TX,,29.7429385,-95.4025922,Geofabrik OpenStreetMap GeoPackage extract,2026-08-16T03:29:35Z,open,ODbL; attribution and share-alike required,packet_ready,geofabrik_named_food_service
national-post-office-tx-sam-houston-5869764f51,SAM HOUSTON post-office-centered national sample candidate,national_post_office_sample_candidate,food_service,osm:node:10082755780,Aiko,,,SAM HOUSTON,TX,,29.7679696,-95.3775437,Geofabrik OpenStreetMap GeoPackage extract,2026-08-16T03:29:35Z,open,ODbL; attribution and share-alike required,packet_ready,geofabrik_named_food_service
national-post-office-tx-sam-houston-5869764f51,SAM HOUSTON post-office-centered national sample candidate,national_post_office_sample_candidate,food_service,osm:way:405213081,Aladdin Mediterranean cuisine,,,SAM HOUSTON,TX,,29.7448552,-95.3910704,Geofabrik OpenStreetMap GeoPackage extract,2026-08-16T03:29:35Z,open,ODbL; attribution and share-alike required,packet_ready,geofabrik_named_food_service
national-post-office-tx-sam-houston-5869764f51,SAM HOUSTON post-office-centered national sample candidate,national_post_office_sample_candidate,food_service,osm:node:11162382144,Albi,,,SAM HOUSTON,TX,,29.7527118,-95.4061913,Geofabrik OpenStreetMap GeoPackage extract,2026-08-16T03:29:35Z,open,ODbL; attribution and share-alike required,packet_ready,geofabrik_named_food_service
national-post-office-tx-sam-houston-5869764f51,SAM HOUSTON post-office-centered national sample candidate,national_post_office_sample_candidate,food_service,osm:way:1098732050,Antidote Coffee,,,SAM HOUSTON,TX,,29.7849215,-95.3880971,Geofabrik OpenStreetMap GeoPackage extract,2026-08-16T03:29:35Z,open,ODbL; attribution and share-alike required,packet_ready,geofabrik_named_food_service
national-post-office-tx-sam-houston-5869764f51,SAM HOUSTON post-office-centered national sample candidate,national_post_office_sample_candidate,food_service,osm:way:378413467,Antojitos Salvadorenos,,,SAM HOUSTON,TX,,29.7330276,-95.3279671,Geofabrik OpenStreetMap GeoPackage extract,2026-08-16T03:29:35Z,open,ODbL; attribution and share-alike required,packet_ready,geofabrik_named_food_service
national-post-office-tx-sam-houston-5869764f51,SAM HOUSTON post-office-centered national sample candidate,national_post_office_sample_candidate,food_service,osm:node:6868668791,Açai Brasil,,,SAM HOUSTON,TX,,29.7746451,-95.3981368,Geofabrik OpenStreetMap GeoPackage extract,2026-08-16T03:29:35Z,open,ODbL; attribution and share-alike required,packet_ready,geofabrik_named_food_service
national-post-office-tx-sam-houston-5869764f51,SAM HOUSTON post-office-centered national sample candidate,national_post_office_sample_candidate,food_service,osm:node:13810901956,Açaí Brasil,,,SAM HOUSTON,TX,,29.7628743,-95.3760131,Geofabrik OpenStreetMap GeoPackage extract,2026-08-16T03:29:35Z,open,ODbL; attribution and share-alike required,packet_ready,geofabrik_named_food_service
national-post-office-tx-sam-houston-5869764f51,SAM HOUSTON post-office-centered national sample candidate,national_post_office_sample_candidate,food_service,osm:node:4849814823,B&B Butchers,,,SAM HOUSTON,TX,,29.7678620,-95.3764426,Geofabrik OpenStreetMap GeoPackage extract,2026-08-16T03:29:35Z,open,ODbL; attribution and share-alike required,packet_ready,geofabrik_named_food_service
national-post-office-tx-sam-houston-5869764f51,SAM HOUSTON post-office-centered national sample candidate,national_post_office_sample_candidate,food_service,osm:way:438716021,B.B. Lemon,,,SAM HOUSTON,TX,,29.7674480,-95.3760973,Geofabrik OpenStreetMap GeoPackage extract,2026-08-16T03:29:35Z,open,ODbL; attribution and share-alike required,packet_ready,geofabrik_named_food_service
national-post-office-tx-sam-houston-5869764f51,SAM HOUSTON post-office-centered national sample candidate,national_post_office_sample_candidate,food_service,osm:node:5759410007,BB's Tex-Orleans,,,SAM HOUSTON,TX,,29.7441986,-95.3885032,Geofabrik OpenStreetMap GeoPackage extract,2026-08-16T03:29:35Z,open,ODbL; attribution and share-alike required,packet_ready,geofabrik_named_food_service
national-post-office-tx-sam-houston-5869764f51,SAM HOUSTON post-office-centered national sample candidate,national_post_office_sample_candidate,food_service,osm:way:1053426429,BB's Tex-Orleans,,,SAM HOUSTON,TX,,29.7813072,-95.3880012,Geofabrik OpenStreetMap GeoPackage extract,2026-08-16T03:29:35Z,open,ODbL; attribution and share-alike required,packet_ready,geofabrik_named_food_service
national-post-office-tx-sam-houston-5869764f51,SAM HOUSTON post-office-centered national sample candidate,national_post_office_sample_candidate,food_service,osm:way:1341599318,BCN Taste & Traditions,,,SAM HOUSTON,TX,,29.7348969,-95.3901235,Geofabrik OpenStreetMap GeoPackage extract,2026-08-16T03:29:35Z,open,ODbL; attribution and share-alike required,packet_ready,geofabrik_named_food_service
national-post-office-tx-sam-houston-5869764f51,SAM HOUSTON post-office-centered national sample candidate,national_post_office_sample_candidate,food_service,osm:node:5194175427,Baby Barnaby's Cafe,,,SAM HOUSTON,TX,,29.7482751,-95.3882641,Geofabrik OpenStreetMap GeoPackage extract,2026-08-16T03:29:35Z,open,ODbL; attribution and share-alike required,packet_ready,geofabrik_named_food_service
national-post-office-tx-sam-houston-5869764f51,SAM HOUSTON post-office-centered national sample candidate,national_post_office_sample_candidate,food_service,osm:way:401093523,Bambolino's Italian Kitchen,,,SAM HOUSTON,TX,,29.7425791,-95.3987105,Geofabrik OpenStreetMap GeoPackage extract,2026-08-16T03:29:35Z,open,ODbL; attribution and share-alike required,packet_ready,geofabrik_named_food_service
national-post-office-tx-sam-houston-5869764f51,SAM HOUSTON post-office-centered national sample candidate,national_post_office_sample_candidate,food_service,osm:node:5189157915,Barbacana,,,SAM HOUSTON,TX,,29.7635630,-95.3608003,Geofabrik OpenStreetMap GeoPackage extract,2026-08-16T03:29:35Z,open,ODbL; attribution and share-alike required,packet_ready,geofabrik_named_food_service
national-post-office-tx-sam-houston-5869764f51,SAM HOUSTON post-office-centered national sample candidate,national_post_office_sample_candidate,food_service,osm:node:2700185353,Barnaby's Cafe,,,SAM HOUSTON,TX,,29.7633189,-95.3622116,Geofabrik OpenStreetMap GeoPackage extract,2026-08-16T03:29:35Z,open,ODbL; attribution and share-alike required,packet_ready,geofabrik_named_food_service
national-post-office-tx-sam-houston-5869764f51,SAM HOUSTON post-office-centered national sample candidate,national_post_office_sample_candidate,food_service,osm:node:5194187227,Barnaby's Cafe,,,SAM HOUSTON,TX,,29.7482657,-95.3884224,Geofabrik OpenStreetMap GeoPackage extract,2026-08-16T03:29:35Z,open,ODbL; attribution and share-alike required,packet_ready,geofabrik_named_food_service
national-post-office-tx-sam-houston-5869764f51,SAM HOUSTON post-office-centered national sample candidate,national_post_office_sample_candidate,food_service,osm:node:5194400463,Barnaby's Cafe,,,SAM HOUSTON,TX,,29.7818237,-95.3890885,Geofabrik OpenStreetMap GeoPackage extract,2026-08-16T03:29:35Z,open,ODbL; attribution and share-alike required,packet_ready,geofabrik_named_food_service
national-post-office-tx-sam-houston-5869764f51,SAM HOUSTON post-office-centered national sample candidate,national_post_office_sample_candidate,food_service,osm:node:9413691418,Barnaby's Cafe,,,SAM HOUSTON,TX,,29.7733811,-95.3979327,Geofabrik OpenStreetMap GeoPackage extract,2026-08-16T03:29:35Z,open,ODbL; attribution and share-alike required,packet_ready,geofabrik_named_food_service
national-post-office-tx-sam-houston-5869764f51,SAM HOUSTON post-office-centered national sample candidate,national_post_office_sample_candidate,food_service,osm:way:834380531,Barnaby's Cafe,,,SAM HOUSTON,TX,,29.7536983,-95.3871881,Geofabrik OpenStreetMap GeoPackage extract,2026-08-16T03:29:35Z,open,ODbL; attribution and share-alike required,packet_ready,geofabrik_named_food_service
national-post-office-tx-sam-houston-5869764f51,SAM HOUSTON post-office-centered national sample candidate,national_post_office_sample_candidate,food_service,osm:way:341444500,Bellagreen,,,SAM HOUSTON,TX,,29.7905939,-95.3880581,Geofabrik OpenStreetMap GeoPackage extract,2026-08-16T03:29:35Z,open,ODbL; attribution and share-alike required,packet_ready,geofabrik_named_food_service
national-post-office-tx-sam-houston-5869764f51,SAM HOUSTON post-office-centered national sample candidate,national_post_office_sample_candidate,food_service,osm:node:9509504135,Big City Wings,,,SAM HOUSTON,TX,,29.7577408,-95.3475999,Geofabrik OpenStreetMap GeoPackage extract,2026-08-16T03:29:35Z,open,ODbL; attribution and share-alike required,packet_ready,geofabrik_named_food_service
national-post-office-tx-sam-houston-5869764f51,SAM HOUSTON post-office-centered national sample candidate,national_post_office_sample_candidate,food_service,osm:node:10575649943,Bird Haus Hot Chicken,,,SAM HOUSTON,TX,,29.7604022,-95.3618045,Geofabrik OpenStreetMap GeoPackage extract,2026-08-16T03:29:35Z,open,ODbL; attribution and share-alike required,packet_ready,geofabrik_named_food_service
national-post-office-tx-sam-houston-5869764f51,SAM HOUSTON post-office-centered national sample candidate,national_post_office_sample_candidate,food_service,osm:node:919353392,Birraporetti's,,,SAM HOUSTON,TX,,29.7622468,-95.3648360,Geofabrik OpenStreetMap GeoPackage extract,2026-08-16T03:29:35Z,open,ODbL; attribution and share-alike required,packet_ready,geofabrik_named_food_service
national-post-office-tx-sam-houston-5869764f51,SAM HOUSTON post-office-centered national sample candidate,national_post_office_sample_candidate,food_service,osm:node:10575649944,Birria Los Primos,,,SAM HOUSTON,TX,,29.7603787,-95.3617660,Geofabrik OpenStreetMap GeoPackage extract,2026-08-16T03:29:35Z,open,ODbL; attribution and share-alike required,packet_ready,geofabrik_named_food_service
national-post-office-tx-sam-houston-5869764f51,SAM HOUSTON post-office-centered national sample candidate,national_post_office_sample_candidate,food_service,osm:way:1384494553,Black Hole Coffee House,,,SAM HOUSTON,TX,,29.7325129,-95.3950083,Geofabrik OpenStreetMap GeoPackage extract,2026-08-16T03:29:35Z,open,ODbL; attribution and share-alike required,packet_ready,geofabrik_named_food_service
national-post-office-tx-sam-houston-5869764f51,SAM HOUSTON post-office-centered national sample candidate,national_post_office_sample_candidate,food_service,osm:way:428097006,Blacksmith,,,SAM HOUSTON,TX,,29.7448328,-95.3925126,Geofabrik OpenStreetMap GeoPackage extract,2026-08-16T03:29:35Z,open,ODbL; attribution and share-alike required,packet_ready,geofabrik_named_food_service
national-post-office-tx-sam-houston-5869764f51,SAM HOUSTON post-office-centered national sample candidate,national_post_office_sample_candidate,food_service,osm:node:13634975601,Blodgett Fish Market,,,SAM HOUSTON,TX,,29.7239626,-95.3703119,Geofabrik OpenStreetMap GeoPackage extract,2026-08-16T03:29:35Z,open,ODbL; attribution and share-alike required,packet_ready,geofabrik_named_food_service
national-post-office-tx-sam-houston-5869764f51,SAM HOUSTON post-office-centered national sample candidate,national_post_office_sample_candidate,food_service,osm:node:10560187084,Blue Tile Coffee,,,SAM HOUSTON,TX,,29.7682028,-95.3966542,Geofabrik OpenStreetMap GeoPackage extract,2026-08-16T03:29:35Z,open,ODbL; attribution and share-alike required,packet_ready,geofabrik_named_food_service
national-post-office-tx-sam-houston-5869764f51,SAM HOUSTON post-office-centered national sample candidate,national_post_office_sample_candidate,food_service,osm:way:364404153,Bobbie Q's Rib Shack,,,SAM HOUSTON,TX,,29.7235087,-95.3513048,Geofabrik OpenStreetMap GeoPackage extract,2026-08-16T03:29:35Z,open,ODbL; attribution and share-alike required,packet_ready,geofabrik_named_food_service
national-post-office-tx-sam-houston-5869764f51,SAM HOUSTON post-office-centered national sample candidate,national_post_office_sample_candidate,food_service,osm:node:3655084792,Bodegas Taco Shop,,,SAM HOUSTON,TX,,29.7236671,-95.3877275,Geofabrik OpenStreetMap GeoPackage extract,2026-08-16T03:29:35Z,open,ODbL; attribution and share-alike required,packet_ready,geofabrik_named_food_service
national-post-office-tx-sam-houston-5869764f51,SAM HOUSTON post-office-centered national sample candidate,national_post_office_sample_candidate,food_service,osm:node:9848172018,Bouray’s PHO,,,SAM HOUSTON,TX,,29.7558874,-95.3702153,Geofabrik OpenStreetMap GeoPackage extract,2026-08-16T03:29:35Z,open,ODbL; attribution and share-alike required,packet_ready,geofabrik_named_food_service
national-post-office-tx-sam-houston-5869764f51,SAM HOUSTON post-office-centered national sample candidate,national_post_office_sample_candidate,food_service,osm:way:358944134,Bowl,,,SAM HOUSTON,TX,,29.7342909,-95.3873771,Geofabrik OpenStreetMap GeoPackage extract,2026-08-16T03:29:35Z,open,ODbL; attribution and share-alike required,packet_ready,geofabrik_named_food_service
national-post-office-tx-sam-houston-5869764f51,SAM HOUSTON post-office-centered national sample candidate,national_post_office_sample_candidate,food_service,osm:node:1568651894,Brasa's Steakhouse,,,SAM HOUSTON,TX,,29.7589071,-95.3629581,Geofabrik OpenStreetMap GeoPackage extract,2026-08-16T03:29:35Z,open,ODbL; attribution and share-alike required,packet_ready,geofabrik_named_food_service
national-post-office-tx-sam-houston-5869764f51,SAM HOUSTON post-office-centered national sample candidate,national_post_office_sample_candidate,food_service,osm:way:984715469,Brasil,,,SAM HOUSTON,TX,,29.7425790,-95.4022565,Geofabrik OpenStreetMap GeoPackage extract,2026-08-16T03:29:35Z,open,ODbL; attribution and share-alike required,packet_ready,geofabrik_named_food_service
national-post-office-tx-sam-houston-5869764f51,SAM HOUSTON post-office-centered national sample candidate,national_post_office_sample_candidate,food_service,osm:node:9138639398,Brass Tacks,,,SAM HOUSTON,TX,,29.7514393,-95.3493986,Geofabrik OpenStreetMap GeoPackage extract,2026-08-16T03:29:35Z,open,ODbL; attribution and share-alike required,packet_ready,geofabrik_named_food_service
national-post-office-tx-sam-houston-5869764f51,SAM HOUSTON post-office-centered national sample candidate,national_post_office_sample_candidate,food_service,osm:way:358976885,Breakfast Klub,,,SAM HOUSTON,TX,,29.7384622,-95.3804513,Geofabrik OpenStreetMap GeoPackage extract,2026-08-16T03:29:35Z,open,ODbL; attribution and share-alike required,packet_ready,geofabrik_named_food_service
national-post-office-tx-sam-houston-5869764f51,SAM HOUSTON post-office-centered national sample candidate,national_post_office_sample_candidate,food_service,osm:way:425648047,Brennan's,,,SAM HOUSTON,TX,,29.7429893,-95.3815322,Geofabrik OpenStreetMap GeoPackage extract,2026-08-16T03:29:35Z,open,ODbL; attribution and share-alike required,packet_ready,geofabrik_named_food_service
national-post-office-tx-sam-houston-5869764f51,SAM HOUSTON post-office-centered national sample candidate,national_post_office_sample_candidate,food_service,osm:way:375640121,Brothers Taco House,,,SAM HOUSTON,TX,,29.7451646,-95.3568680,Geofabrik OpenStreetMap GeoPackage extract,2026-08-16T03:29:35Z,open,ODbL; attribution and share-alike required,packet_ready,geofabrik_named_food_service
national-post-office-tx-sam-houston-5869764f51,SAM HOUSTON post-office-centered national sample candidate,national_post_office_sample_candidate,food_service,osm:node:4040988394,Buffalo Wild Wings,,,SAM HOUSTON,TX,,29.7695605,-95.4002708,Geofabrik OpenStreetMap GeoPackage extract,2026-08-16T03:29:35Z,open,ODbL; attribution and share-alike required,packet_ready,geofabrik_named_food_service
national-post-office-tx-sam-houston-5869764f51,SAM HOUSTON post-office-centered national sample candidate,national_post_office_sample_candidate,food_service,osm:node:10575649941,Bunslut,,,SAM HOUSTON,TX,,29.7603923,-95.3617094,Geofabrik OpenStreetMap GeoPackage extract,2026-08-16T03:29:35Z,open,ODbL; attribution and share-alike required,packet_ready,geofabrik_named_food_service
national-post-office-tx-sam-houston-5869764f51,SAM HOUSTON post-office-centered national sample candidate,national_post_office_sample_candidate,food_service,osm:node:9854586912,Burger King,,,SAM HOUSTON,TX,,29.7341927,-95.3485588,Geofabrik OpenStreetMap GeoPackage extract,2026-08-16T03:29:35Z,open,ODbL; attribution and share-alike required,packet_ready,geofabrik_named_food_service
national-post-office-tx-sam-houston-5869764f51,SAM HOUSTON post-office-centered national sample candidate,national_post_office_sample_candidate,food_service,osm:way:440139667,Burger Vibe,,,SAM HOUSTON,TX,,29.7699472,-95.3983118,Geofabrik OpenStreetMap GeoPackage extract,2026-08-16T03:29:35Z,open,ODbL; attribution and share-alike required,packet_ready,geofabrik_named_food_service
national-post-office-tx-sam-houston-5869764f51,SAM HOUSTON post-office-centered national sample candidate,national_post_office_sample_candidate,food_service,osm:node:10064648725,CAVA,,,SAM HOUSTON,TX,,29.7703263,-95.4012809,Geofabrik OpenStreetMap GeoPackage extract,2026-08-16T03:29:35Z,open,ODbL; attribution and share-alike required,packet_ready,geofabrik_named_food_service
national-post-office-tx-sam-houston-5869764f51,SAM HOUSTON post-office-centered national sample candidate,national_post_office_sample_candidate,food_service,osm:node:5263007753,Cafe 4212,,,SAM HOUSTON,TX,,29.7310827,-95.3761710,Geofabrik OpenStreetMap GeoPackage extract,2026-08-16T03:29:35Z,open,ODbL; attribution and share-alike required,packet_ready,geofabrik_named_food_service
national-post-office-tx-sam-houston-5869764f51,SAM HOUSTON post-office-centered national sample candidate,national_post_office_sample_candidate,food_service,osm:node:10208499922,Cafe Brussels,,,SAM HOUSTON,TX,,29.7735633,-95.3722189,Geofabrik OpenStreetMap GeoPackage extract,2026-08-16T03:29:35Z,open,ODbL; attribution and share-alike required,packet_ready,geofabrik_named_food_service
national-post-office-tx-sam-houston-5869764f51,SAM HOUSTON post-office-centered national sample candidate,national_post_office_sample_candidate,food_service,osm:node:1075963819,Cafe Express,,,SAM HOUSTON,TX,,29.7534482,-95.3995168,Geofabrik OpenStreetMap GeoPackage extract,2026-08-16T03:29:35Z,open,ODbL; attribution and share-alike required,packet_ready,geofabrik_named_food_service
national-post-office-tx-sam-houston-5869764f51,SAM HOUSTON post-office-centered national sample candidate,national_post_office_sample_candidate,food_service,osm:node:6038505105,Cafe Ginger,,,SAM HOUSTON,TX,,29.7542945,-95.4020514,Geofabrik OpenStreetMap GeoPackage extract,2026-08-16T03:29:35Z,open,ODbL; attribution and share-alike required,packet_ready,geofabrik_named_food_service
national-post-office-tx-sam-houston-5869764f51,SAM HOUSTON post-office-centered national sample candidate,national_post_office_sample_candidate,food_service,osm:way:690885267,Cafe Layal Midtown,,,SAM HOUSTON,TX,,29.7529349,-95.3779809,Geofabrik OpenStreetMap GeoPackage extract,2026-08-16T03:29:35Z,open,ODbL; attribution and share-alike required,packet_ready,geofabrik_named_food_service
national-post-office-tx-sam-houston-5869764f51,SAM HOUSTON post-office-centered national sample candidate,national_post_office_sample_candidate,food_service,osm:node:10307659701,Cafe Leonelli,,,SAM HOUSTON,TX,,29.7263099,-95.3899138,Geofabrik OpenStreetMap GeoPackage extract,2026-08-16T03:29:35Z,open,ODbL; attribution and share-alike required,packet_ready,geofabrik_named_food_service
national-post-office-tx-sam-houston-5869764f51,SAM HOUSTON post-office-centered national sample candidate,national_post_office_sample_candidate,food_service,osm:way:1016423936,Caffvino,,,SAM HOUSTON,TX,,29.7901252,-95.3972621,Geofabrik OpenStreetMap GeoPackage extract,2026-08-16T03:29:35Z,open,ODbL; attribution and share-alike required,packet_ready,geofabrik_named_food_service
national-post-office-tx-sam-houston-5869764f51,SAM HOUSTON post-office-centered national sample candidate,national_post_office_sample_candidate,food_service,osm:node:3335411570,Cali Sandwich & Pho,,,SAM HOUSTON,TX,,29.7436386,-95.3771975,Geofabrik OpenStreetMap GeoPackage extract,2026-08-16T03:29:35Z,open,ODbL; attribution and share-alike required,packet_ready,geofabrik_named_food_service
national-post-office-tx-sam-houston-5869764f51,SAM HOUSTON post-office-centered national sample candidate,national_post_office_sample_candidate,food_service,osm:way:1277928553,Campesino Coffee House,,,SAM HOUSTON,TX,,29.7459937,-95.3942108,Geofabrik OpenStreetMap GeoPackage extract,2026-08-16T03:29:35Z,open,ODbL; attribution and share-alike required,packet_ready,geofabrik_named_food_service
national-post-office-tx-sam-houston-5869764f51,SAM HOUSTON post-office-centered national sample candidate,national_post_office_sample_candidate,food_service,osm:node:11458360069,Canary Coffee House,,,SAM HOUSTON,TX,,29.7513068,-95.3917117,Geofabrik OpenStreetMap GeoPackage extract,2026-08-16T03:29:35Z,open,ODbL; attribution and share-alike required,packet_ready,geofabrik_named_food_service
national-post-office-tx-sam-houston-5869764f51,SAM HOUSTON post-office-centered national sample candidate,national_post_office_sample_candidate,food_service,osm:node:12299496234,Candente,,,SAM HOUSTON,TX,,29.7342391,-95.3929100,Geofabrik OpenStreetMap GeoPackage extract,2026-08-16T03:29:35Z,open,ODbL; attribution and share-alike required,packet_ready,geofabrik_named_food_service
national-post-office-tx-sam-houston-5869764f51,SAM HOUSTON post-office-centered national sample candidate,national_post_office_sample_candidate,food_service,osm:way:690722903,Cantina Barba,,,SAM HOUSTON,TX,,29.7908525,-95.3734259,Geofabrik OpenStreetMap GeoPackage extract,2026-08-16T03:29:35Z,open,ODbL; attribution and share-alike required,packet_ready,geofabrik_named_food_service
national-post-office-tx-sam-houston-5869764f51,SAM HOUSTON post-office-centered national sample candidate,national_post_office_sample_candidate,food_service,osm:way:1278042814,Cariño Coffee,,,SAM HOUSTON,TX,,29.7863939,-95.3719654,Geofabrik OpenStreetMap GeoPackage extract,2026-08-16T03:29:35Z,open,ODbL; attribution and share-alike required,packet_ready,geofabrik_named_food_service
national-post-office-tx-sam-houston-5869764f51,SAM HOUSTON post-office-centered national sample candidate,national_post_office_sample_candidate,food_service,osm:node:11382334469,Casa Bakery & Restaurant,,,SAM HOUSTON,TX,,29.7771486,-95.3581633,Geofabrik OpenStreetMap GeoPackage extract,2026-08-16T03:29:35Z,open,ODbL; attribution and share-alike required,packet_ready,geofabrik_named_food_service
national-post-office-tx-sam-houston-5869764f51,SAM HOUSTON post-office-centered national sample candidate,national_post_office_sample_candidate,food_service,osm:node:5744444930,Catalina Coffee,,,SAM HOUSTON,TX,,29.7679924,-95.3806538,Geofabrik OpenStreetMap GeoPackage extract,2026-08-16T03:29:35Z,open,ODbL; attribution and share-alike required,packet_ready,geofabrik_named_food_service
national-post-office-tx-sam-houston-5869764f51,SAM HOUSTON post-office-centered national sample candidate,national_post_office_sample_candidate,food_service,osm:way:1088864951,Champ Burger,,,SAM HOUSTON,TX,,29.7497913,-95.3404497,Geofabrik OpenStreetMap GeoPackage extract,2026-08-16T03:29:35Z,open,ODbL; attribution and share-alike required,packet_ready,geofabrik_named_food_service
national-post-office-tx-sam-houston-5869764f51,SAM HOUSTON post-office-centered national sample candidate,national_post_office_sample_candidate,food_service,osm:way:358944132,Chapultepec Lupita,,,SAM HOUSTON,TX,,29.7342853,-95.3893732,Geofabrik OpenStreetMap GeoPackage extract,2026-08-16T03:29:35Z,open,ODbL; attribution and share-alike required,packet_ready,geofabrik_named_food_service
national-post-office-tx-sam-houston-5869764f51,SAM HOUSTON post-office-centered national sample candidate,national_post_office_sample_candidate,food_service,osm:node:4040988397,Chatter's Cafe & Bistro,,,SAM HOUSTON,TX,,29.7681635,-95.3975505,Geofabrik OpenStreetMap GeoPackage extract,2026-08-16T03:29:35Z,open,ODbL; attribution and share-alike required,packet_ready,geofabrik_named_food_service
national-post-office-tx-sam-houston-5869764f51,SAM HOUSTON post-office-centered national sample candidate,national_post_office_sample_candidate,food_service,osm:node:11203993992,Cheba Hut,,,SAM HOUSTON,TX,,29.7712212,-95.3804229,Geofabrik OpenStreetMap GeoPackage extract,2026-08-16T03:29:35Z,open,ODbL; attribution and share-alike required,packet_ready,geofabrik_named_food_service
national-post-office-tx-sam-houston-5869764f51,SAM HOUSTON post-office-centered national sample candidate,national_post_office_sample_candidate,food_service,osm:node:13751666326,Chick-fil-A,,,SAM HOUSTON,TX,,29.7701552,-95.3992242,Geofabrik OpenStreetMap GeoPackage extract,2026-08-16T03:29:35Z,open,ODbL; attribution and share-alike required,packet_ready,geofabrik_named_food_service
national-post-office-tx-sam-houston-5869764f51,SAM HOUSTON post-office-centered national sample candidate,national_post_office_sample_candidate,food_service,osm:node:3307608956,Chick-fil-A,,,SAM HOUSTON,TX,,29.7552172,-95.3627949,Geofabrik OpenStreetMap GeoPackage extract,2026-08-16T03:29:35Z,open,ODbL; attribution and share-alike required,packet_ready,geofabrik_named_food_service
national-post-office-tx-sam-houston-5869764f51,SAM HOUSTON post-office-centered national sample candidate,national_post_office_sample_candidate,food_service,osm:node:4859917421,Chick-fil-A,,,SAM HOUSTON,TX,,29.7574462,-95.3703285,Geofabrik OpenStreetMap GeoPackage extract,2026-08-16T03:29:35Z,open,ODbL; attribution and share-alike required,packet_ready,geofabrik_named_food_service
national-post-office-tx-sam-houston-5869764f51,SAM HOUSTON post-office-centered national sample candidate,national_post_office_sample_candidate,food_service,osm:way:324144940,Chick-fil-A,,,SAM HOUSTON,TX,,29.7748112,-95.3810230,Geofabrik OpenStreetMap GeoPackage extract,2026-08-16T03:29:35Z,open,ODbL; attribution and share-alike required,packet_ready,geofabrik_named_food_service
national-post-office-tx-sam-houston-5869764f51,SAM HOUSTON post-office-centered national sample candidate,national_post_office_sample_candidate,food_service,osm:way:264250106,Chili's,,,SAM HOUSTON,TX,,29.7762914,-95.3834359,Geofabrik OpenStreetMap GeoPackage extract,2026-08-16T03:29:35Z,open,ODbL; attribution and share-alike required,packet_ready,geofabrik_named_food_service
national-post-office-tx-sam-houston-5869764f51,SAM HOUSTON post-office-centered national sample candidate,national_post_office_sample_candidate,food_service,osm:way:55374751,China Garden Restaurant,,,SAM HOUSTON,TX,,29.7490833,-95.3632467,Geofabrik OpenStreetMap GeoPackage extract,2026-08-16T03:29:35Z,open,ODbL; attribution and share-alike required,packet_ready,geofabrik_named_food_service
national-post-office-tx-sam-houston-5869764f51,SAM HOUSTON post-office-centered national sample candidate,national_post_office_sample_candidate,food_service,osm:node:2700283377,Chipotle,,,SAM HOUSTON,TX,,29.7603293,-95.3625190,Geofabrik OpenStreetMap GeoPackage extract,2026-08-16T03:29:35Z,open,ODbL; attribution and share-alike required,packet_ready,geofabrik_named_food_service
national-post-office-tx-sam-houston-5869764f51,SAM HOUSTON post-office-centered national sample candidate,national_post_office_sample_candidate,food_service,osm:node:3136604732,Chipotle,,,SAM HOUSTON,TX,,29.7746436,-95.3979396,Geofabrik OpenStreetMap GeoPackage extract,2026-08-16T03:29:35Z,open,ODbL; attribution and share-alike required,packet_ready,geofabrik_named_food_service
national-post-office-tx-sam-houston-5869764f51,SAM HOUSTON post-office-centered national sample candidate,national_post_office_sample_candidate,food_service,osm:node:3335371393,Chipotle,,,SAM HOUSTON,TX,,29.7463167,-95.3762346,Geofabrik OpenStreetMap GeoPackage extract,2026-08-16T03:29:35Z,open,ODbL; attribution and share-alike required,packet_ready,geofabrik_named_food_service
national-post-office-tx-sam-houston-5869764f51,SAM HOUSTON post-office-centered national sample candidate,national_post_office_sample_candidate,food_service,osm:node:3818254202,Chocolate Wasted Ice Cream,,,SAM HOUSTON,TX,,29.7345428,-95.3309446,Geofabrik OpenStreetMap GeoPackage extract,2026-08-16T03:29:35Z,open,ODbL; attribution and share-alike required,packet_ready,geofabrik_named_food_service
national-post-office-tx-sam-houston-5869764f51,SAM HOUSTON post-office-centered national sample candidate,national_post_office_sample_candidate,food_service,osm:node:2699335822,Christian’s Tailgate,,,SAM HOUSTON,TX,,29.7819270,-95.3896764,Geofabrik OpenStreetMap GeoPackage extract,2026-08-16T03:29:35Z,open,ODbL; attribution and share-alike required,packet_ready,geofabrik_named_food_service
national-post-office-tx-sam-houston-5869764f51,SAM HOUSTON post-office-centered national sample candidate,national_post_office_sample_candidate,food_service,osm:way:902286343,Christy's,,,SAM HOUSTON,TX,,29.7529996,-95.3924412,Geofabrik OpenStreetMap GeoPackage extract,2026-08-16T03:29:35Z,open,ODbL; attribution and share-alike required,packet_ready,geofabrik_named_food_service
national-post-office-tx-sam-houston-5869764f51,SAM HOUSTON post-office-centered national sample candidate,national_post_office_sample_candidate,food_service,osm:node:9854595677,Church's Chicken,,,SAM HOUSTON,TX,,29.7365997,-95.3475080,Geofabrik OpenStreetMap GeoPackage extract,2026-08-16T03:29:35Z,open,ODbL; attribution and share-alike required,packet_ready,geofabrik_named_food_service
national-post-office-tx-sam-houston-5869764f51,SAM HOUSTON post-office-centered national sample candidate,national_post_office_sample_candidate,food_service,osm:node:7919739133,Cinnabon,,,SAM HOUSTON,TX,,29.7703192,-95.3982702,Geofabrik OpenStreetMap GeoPackage extract,2026-08-16T03:29:35Z,open,ODbL; attribution and share-alike required,packet_ready,geofabrik_named_food_service
national-post-office-tx-sam-houston-5869764f51,SAM HOUSTON post-office-centered national sample candidate,national_post_office_sample_candidate,food_service,osm:node:11265524858,Citadel BBQ,,,SAM HOUSTON,TX,,29.7566244,-95.3674383,Geofabrik OpenStreetMap GeoPackage extract,2026-08-16T03:29:35Z,open,ODbL; attribution and share-alike required,packet_ready,geofabrik_named_food_service
national-post-office-tx-sam-houston-5869764f51,SAM HOUSTON post-office-centered national sample candidate,national_post_office_sample_candidate,food_service,osm:way:724447080,Cloud 10 Creamery,,,SAM HOUSTON,TX,,29.7837613,-95.3980169,Geofabrik OpenStreetMap GeoPackage extract,2026-08-16T03:29:35Z,open,ODbL; attribution and share-alike required,packet_ready,geofabrik_named_food_service
national-post-office-tx-sam-houston-5869764f51,SAM HOUSTON post-office-centered national sample candidate,national_post_office_sample_candidate,food_service,osm:node:10555514839,CoCo Crepes & Coffee,,,SAM HOUSTON,TX,,29.7522625,-95.3777828,Geofabrik OpenStreetMap GeoPackage extract,2026-08-16T03:29:35Z,open,ODbL; attribution and share-alike required,packet_ready,geofabrik_named_food_service
national-post-office-tx-sam-houston-5869764f51,SAM HOUSTON post-office-centered national sample candidate,national_post_office_sample_candidate,food_service,osm:node:10208329560,Coastline Pizzeria,,,SAM HOUSTON,TX,,29.7736098,-95.3722215,Geofabrik OpenStreetMap GeoPackage extract,2026-08-16T03:29:35Z,open,ODbL; attribution and share-alike required,packet_ready,geofabrik_named_food_service
national-post-office-tx-sam-houston-5869764f51,SAM HOUSTON post-office-centered national sample candidate,national_post_office_sample_candidate,food_service,osm:way:1022704295,Coltivare Pizza & Garden,,,SAM HOUSTON,TX,,29.7816890,-95.3938454,Geofabrik OpenStreetMap GeoPackage extract,2026-08-16T03:29:35Z,open,ODbL; attribution and share-alike required,packet_ready,geofabrik_named_food_service
national-post-office-tx-sam-houston-5869764f51,SAM HOUSTON post-office-centered national sample candidate,national_post_office_sample_candidate,food_service,osm:way:401094928,Common Bond,,,SAM HOUSTON,TX,,29.7429824,-95.4023113,Geofabrik OpenStreetMap GeoPackage extract,2026-08-16T03:29:35Z,open,ODbL; attribution and share-alike required,packet_ready,geofabrik_named_food_service
national-post-office-tx-sam-houston-5869764f51,SAM HOUSTON post-office-centered national sample candidate,national_post_office_sample_candidate,food_service,osm:node:12299462772,Common Grounds Uncommon Coffee,,,SAM HOUSTON,TX,,29.7548241,-95.3609114,Geofabrik OpenStreetMap GeoPackage extract,2026-08-16T03:29:35Z,open,ODbL; attribution and share-alike required,packet_ready,geofabrik_named_food_service
national-post-office-tx-sam-houston-5869764f51,SAM HOUSTON post-office-centered national sample candidate,national_post_office_sample_candidate,food_service,osm:node:4170360163,Conservatory,,,SAM HOUSTON,TX,,29.7603630,-95.3615432,Geofabrik OpenStreetMap GeoPackage extract,2026-08-16T03:29:35Z,open,ODbL; attribution and share-alike required,packet_ready,geofabrik_named_food_service
national-post-office-tx-sam-houston-5869764f51,SAM HOUSTON post-office-centered national sample candidate,national_post_office_sample_candidate,food_service,osm:node:11304353667,Coral Sword,,,SAM HOUSTON,TX,,29.7307101,-95.3273899,Geofabrik OpenStreetMap GeoPackage extract,2026-08-16T03:29:35Z,open,ODbL; attribution and share-alike required,packet_ready,geofabrik_named_food_service
national-post-office-tx-sam-houston-5869764f51,SAM HOUSTON post-office-centered national sample candidate,national_post_office_sample_candidate,food_service,osm:node:13070406454,Corner Bakery,,,SAM HOUSTON,TX,,29.7569524,-95.3652551,Geofabrik OpenStreetMap GeoPackage extract,2026-08-16T03:29:35Z,open,ODbL; attribution and share-alike required,packet_ready,geofabrik_named_food_service
national-post-office-tx-sam-houston-5869764f51,SAM HOUSTON post-office-centered national sample candidate,national_post_office_sample_candidate,food_service,osm:node:3267516553,Corner Bakery,,,SAM HOUSTON,TX,,29.7728090,-95.3989858,Geofabrik OpenStreetMap GeoPackage extract,2026-08-16T03:29:35Z,open,ODbL; attribution and share-alike required,packet_ready,geofabrik_named_food_service
national-post-office-tx-sam-houston-5869764f51,SAM HOUSTON post-office-centered national sample candidate,national_post_office_sample_candidate,food_service,osm:way:364548322,Cream Burger,,,SAM HOUSTON,TX,,29.7282320,-95.3505005,Geofabrik OpenStreetMap GeoPackage extract,2026-08-16T03:29:35Z,open,ODbL; attribution and share-alike required,packet_ready,geofabrik_named_food_service
national-post-office-tx-sam-houston-5869764f51,SAM HOUSTON post-office-centered national sample candidate,national_post_office_sample_candidate,food_service,osm:way:902288030,Da Marco,,,SAM HOUSTON,TX,,29.7430873,-95.3978493,Geofabrik OpenStreetMap GeoPackage extract,2026-08-16T03:29:35Z,open,ODbL; attribution and share-alike required,packet_ready,geofabrik_named_food_service
national-post-office-tx-sam-houston-5869764f51,SAM HOUSTON post-office-centered national sample candidate,national_post_office_sample_candidate,food_service,osm:node:13238084705,Dish Society,,,SAM HOUSTON,TX,,29.7904979,-95.3987269,Geofabrik OpenStreetMap GeoPackage extract,2026-08-16T03:29:35Z,open,ODbL; attribution and share-alike required,packet_ready,geofabrik_named_food_service
national-post-office-tx-sam-houston-5869764f51,SAM HOUSTON post-office-centered national sample candidate,national_post_office_sample_candidate,food_service,osm:way:375640124,District 7 Grill,,,SAM HOUSTON,TX,,29.7470080,-95.3580385,Geofabrik OpenStreetMap GeoPackage extract,2026-08-16T03:29:35Z,open,ODbL; attribution and share-alike required,packet_ready,geofabrik_named_food_service
national-post-office-tx-sam-houston-5869764f51,SAM HOUSTON post-office-centered national sample candidate,national_post_office_sample_candidate,food_service,osm:way:569097160,District 7 Grill,,,SAM HOUSTON,TX,,29.7521134,-95.3748623,Geofabrik OpenStreetMap GeoPackage extract,2026-08-16T03:29:35Z,open,ODbL; attribution and share-alike required,packet_ready,geofabrik_named_food_service
national-post-office-tx-sam-houston-5869764f51,SAM HOUSTON post-office-centered national sample candidate,national_post_office_sample_candidate,food_service,osm:node:10087851688,Domino's,,,SAM HOUSTON,TX,,29.7572329,-95.3650506,Geofabrik OpenStreetMap GeoPackage extract,2026-08-16T03:29:35Z,open,ODbL; attribution and share-alike required,packet_ready,geofabrik_named_food_service
national-post-office-tx-sam-houston-5869764f51,SAM HOUSTON post-office-centered national sample candidate,national_post_office_sample_candidate,food_service,osm:node:12044710837,Domino's,,,SAM HOUSTON,TX,,29.7257041,-95.3505470,Geofabrik OpenStreetMap GeoPackage extract,2026-08-16T03:29:35Z,open,ODbL; attribution and share-alike required,packet_ready,geofabrik_named_food_service
national-post-office-tx-sam-houston-5869764f51,SAM HOUSTON post-office-centered national sample candidate,national_post_office_sample_candidate,food_service,osm:node:12044710866,Domino's,,,SAM HOUSTON,TX,,29.7528468,-95.3991241,Geofabrik OpenStreetMap GeoPackage extract,2026-08-16T03:29:35Z,open,ODbL; attribution and share-alike required,packet_ready,geofabrik_named_food_service
national-post-office-tx-sam-houston-5869764f51,SAM HOUSTON post-office-centered national sample candidate,national_post_office_sample_candidate,food_service,osm:node:12044710867,Domino's,,,SAM HOUSTON,TX,,29.7449912,-95.3826658,Geofabrik OpenStreetMap GeoPackage extract,2026-08-16T03:29:35Z,open,ODbL; attribution and share-alike required,packet_ready,geofabrik_named_food_service
national-post-office-tx-sam-houston-5869764f51,SAM HOUSTON post-office-centered national sample candidate,national_post_office_sample_candidate,food_service,osm:node:9230670367,Domino's,,,SAM HOUSTON,TX,,29.7871295,-95.3724176,Geofabrik OpenStreetMap GeoPackage extract,2026-08-16T03:29:35Z,open,ODbL; attribution and share-alike required,packet_ready,geofabrik_named_food_service
national-post-office-tx-sam-houston-5869764f51,SAM HOUSTON post-office-centered national sample candidate,national_post_office_sample_candidate,food_service,osm:node:5625146591,Donna Maria,,,SAM HOUSTON,TX,,29.7578881,-95.3432259,Geofabrik OpenStreetMap GeoPackage extract,2026-08-16T03:29:35Z,open,ODbL; attribution and share-alike required,packet_ready,geofabrik_named_food_service
national-post-office-tx-sam-houston-5869764f51,SAM HOUSTON post-office-centered national sample candidate,national_post_office_sample_candidate,food_service,osm:node:12912735601,Drake's Hollywood,,,SAM HOUSTON,TX,,29.7449029,-95.3929260,Geofabrik OpenStreetMap GeoPackage extract,2026-08-16T03:29:35Z,open,ODbL; attribution and share-alike required,packet_ready,geofabrik_named_food_service
national-post-office-tx-sam-houston-5869764f51,SAM HOUSTON post-office-centered national sample candidate,national_post_office_sample_candidate,food_service,osm:node:11296484983,Dripped Birria,,,SAM HOUSTON,TX,,29.7484284,-95.3783271,Geofabrik OpenStreetMap GeoPackage extract,2026-08-16T03:29:35Z,open,ODbL; attribution and share-alike required,packet_ready,geofabrik_named_food_service
national-post-office-tx-sam-houston-5869764f51,SAM HOUSTON post-office-centered national sample candidate,national_post_office_sample_candidate,food_service,osm:way:1087738445,Ducky’s,,,SAM HOUSTON,TX,,29.7445636,-95.4049604,Geofabrik OpenStreetMap GeoPackage extract,2026-08-16T03:29:35Z,open,ODbL; attribution and share-alike required,packet_ready,geofabrik_named_food_service
national-post-office-tx-sam-houston-5869764f51,SAM HOUSTON post-office-centered national sample candidate,national_post_office_sample_candidate,food_service,osm:node:13332950656,EZ Backyard Bar B Q,,,SAM HOUSTON,TX,,29.7372171,-95.3402594,Geofabrik OpenStreetMap GeoPackage extract,2026-08-16T03:29:35Z,open,ODbL; attribution and share-alike required,packet_ready,geofabrik_named_food_service
national-post-office-tx-sam-houston-5869764f51,SAM HOUSTON post-office-centered national sample candidate,national_post_office_sample_candidate,food_service,osm:node:13515792461,Eden Plant Co,,,SAM HOUSTON,TX,,29.7697980,-95.3567452,Geofabrik OpenStreetMap GeoPackage extract,2026-08-16T03:29:35Z,open,ODbL; attribution and share-alike required,packet_ready,geofabrik_named_food_service
national-post-office-tx-sam-houston-5869764f51,SAM HOUSTON post-office-centered national sample candidate,national_post_office_sample_candidate,food_service,osm:node:12595594702,Eden Plant Co.,,,SAM HOUSTON,TX,,29.7653928,-95.3661463,Geofabrik OpenStreetMap GeoPackage extract,2026-08-16T03:29:35Z,open,ODbL; attribution and share-alike required,packet_ready,geofabrik_named_food_service
national-post-office-tx-sam-houston-5869764f51,SAM HOUSTON post-office-centered national sample candidate,national_post_office_sample_candidate,food_service,osm:node:12044710836,Einstein Bros. Bagels,,,SAM HOUSTON,TX,,29.7227774,-95.3460583,Geofabrik OpenStreetMap GeoPackage extract,2026-08-16T03:29:35Z,open,ODbL; attribution and share-alike required,packet_ready,geofabrik_named_food_service
national-post-office-tx-sam-houston-5869764f51,SAM HOUSTON post-office-centered national sample candidate,national_post_office_sample_candidate,food_service,osm:node:12044717569,Einstein Bros. Bagels,,,SAM HOUSTON,TX,,29.7570970,-95.3694440,Geofabrik OpenStreetMap GeoPackage extract,2026-08-16T03:29:35Z,open,ODbL; attribution and share-alike required,packet_ready,geofabrik_named_food_service
national-post-office-tx-sam-houston-5869764f51,SAM HOUSTON post-office-centered national sample candidate,national_post_office_sample_candidate,food_service,osm:node:11237614803,El Gato Coffee House,,,SAM HOUSTON,TX,,29.7904762,-95.3767655,Geofabrik OpenStreetMap GeoPackage extract,2026-08-16T03:29:35Z,open,ODbL; attribution and share-alike required,packet_ready,geofabrik_named_food_service
national-post-office-tx-sam-houston-5869764f51,SAM HOUSTON post-office-centered national sample candidate,national_post_office_sample_candidate,food_service,osm:node:3687498736,El Greco Greek,,,SAM HOUSTON,TX,,29.7272674,-95.3209052,Geofabrik OpenStreetMap GeoPackage extract,2026-08-16T03:29:35Z,open,ODbL; attribution and share-alike required,packet_ready,geofabrik_named_food_service
national-post-office-tx-sam-houston-5869764f51,SAM HOUSTON post-office-centered national sample candidate,national_post_office_sample_candidate,food_service,osm:way:1088303210,El Pueblito Patio,,,SAM HOUSTON,TX,,29.7342101,-95.3985434,Geofabrik OpenStreetMap GeoPackage extract,2026-08-16T03:29:35Z,open,ODbL; attribution and share-alike required,packet_ready,geofabrik_named_food_service
national-post-office-tx-sam-houston-5869764f51,SAM HOUSTON post-office-centered national sample candidate,national_post_office_sample_candidate,food_service,osm:node:1036110479,El Tiempo Cantina,,,SAM HOUSTON,TX,,29.7447370,-95.3856310,Geofabrik OpenStreetMap GeoPackage extract,2026-08-16T03:29:35Z,open,ODbL; attribution and share-alike required,packet_ready,geofabrik_named_food_service
national-post-office-tx-sam-houston-5869764f51,SAM HOUSTON post-office-centered national sample candidate,national_post_office_sample_candidate,food_service,osm:way:299091931,El Tiempo Cantina,,,SAM HOUSTON,TX,,29.7562569,-95.3416175,Geofabrik OpenStreetMap GeoPackage extract,2026-08-16T03:29:35Z,open,ODbL; attribution and share-alike required,packet_ready,geofabrik_named_food_service
national-post-office-tx-sam-houston-5869764f51,SAM HOUSTON post-office-centered national sample candidate,national_post_office_sample_candidate,food_service,osm:node:12463956789,Emma Jane,,,SAM HOUSTON,TX,,29.7555722,-95.3954026,Geofabrik OpenStreetMap GeoPackage extract,2026-08-16T03:29:35Z,open,ODbL; attribution and share-alike required,packet_ready,geofabrik_named_food_service
national-post-office-tx-sam-houston-5869764f51,SAM HOUSTON post-office-centered national sample candidate,national_post_office_sample_candidate,food_service,osm:way:984715461,Empire Cafe,,,SAM HOUSTON,TX,,29.7429632,-95.4035517,Geofabrik OpenStreetMap GeoPackage extract,2026-08-16T03:29:35Z,open,ODbL; attribution and share-alike required,packet_ready,geofabrik_named_food_service
national-post-office-tx-sam-houston-5869764f51,SAM HOUSTON post-office-centered national sample candidate,national_post_office_sample_candidate,food_service,osm:node:6152276341,Fabian's Latin Flavors,,,SAM HOUSTON,TX,,29.7620509,-95.3607080,Geofabrik OpenStreetMap GeoPackage extract,2026-08-16T03:29:35Z,open,ODbL; attribution and share-alike required,packet_ready,geofabrik_named_food_service
national-post-office-tx-sam-houston-5869764f51,SAM HOUSTON post-office-centered national sample candidate,national_post_office_sample_candidate,food_service,osm:node:13016958639,Fainmous BBQ,,,SAM HOUSTON,TX,,29.7708078,-95.3863641,Geofabrik OpenStreetMap GeoPackage extract,2026-08-16T03:29:35Z,open,ODbL; attribution and share-alike required,packet_ready,geofabrik_named_food_service
national-post-office-tx-sam-houston-5869764f51,SAM HOUSTON post-office-centered national sample candidate,national_post_office_sample_candidate,food_service,osm:node:8692726018,Fia's Pizzeria,,,SAM HOUSTON,TX,,29.7238695,-95.3876716,Geofabrik OpenStreetMap GeoPackage extract,2026-08-16T03:29:35Z,open,ODbL; attribution and share-alike required,packet_ready,geofabrik_named_food_service
national-post-office-tx-sam-houston-5869764f51,SAM HOUSTON post-office-centered national sample candidate,national_post_office_sample_candidate,food_service,osm:way:364703967,Fiesta Loma Linda,,,SAM HOUSTON,TX,,29.7228543,-95.3227341,Geofabrik OpenStreetMap GeoPackage extract,2026-08-16T03:29:35Z,open,ODbL; attribution and share-alike required,packet_ready,geofabrik_named_food_service
national-post-office-tx-sam-houston-5869764f51,SAM HOUSTON post-office-centered national sample candidate,national_post_office_sample_candidate,food_service,osm:node:6315050465,Fifth Vessel,,,SAM HOUSTON,TX,,29.7637063,-95.3598509,Geofabrik OpenStreetMap GeoPackage extract,2026-08-16T03:29:35Z,open,ODbL; attribution and share-alike required,packet_ready,geofabrik_named_food_service
national-post-office-tx-sam-houston-5869764f51,SAM HOUSTON post-office-centered national sample candidate,national_post_office_sample_candidate,food_service,osm:node:10575595540,Figata,,,SAM HOUSTON,TX,,29.7603510,-95.3616750,Geofabrik OpenStreetMap GeoPackage extract,2026-08-16T03:29:35Z,open,ODbL; attribution and share-alike required,packet_ready,geofabrik_named_food_service
national-post-office-tx-sam-houston-5869764f51,SAM HOUSTON post-office-centered national sample candidate,national_post_office_sample_candidate,food_service,osm:node:13040315107,First Watch,,,SAM HOUSTON,TX,,29.7748647,-95.3882359,Geofabrik OpenStreetMap GeoPackage extract,2026-08-16T03:29:35Z,open,ODbL; attribution and share-alike required,packet_ready,geofabrik_named_food_service
national-post-office-tx-sam-houston-5869764f51,SAM HOUSTON post-office-centered national sample candidate,national_post_office_sample_candidate,food_service,osm:node:4040988393,Five Guys,,,SAM HOUSTON,TX,,29.7695948,-95.4007275,Geofabrik OpenStreetMap GeoPackage extract,2026-08-16T03:29:35Z,open,ODbL; attribution and share-alike required,packet_ready,geofabrik_named_food_service
national-post-office-tx-sam-houston-5869764f51,SAM HOUSTON post-office-centered national sample candidate,national_post_office_sample_candidate,food_service,osm:node:5703182723,Fix Coffeebar,,,SAM HOUSTON,TX,,29.7442673,-95.3866269,Geofabrik OpenStreetMap GeoPackage extract,2026-08-16T03:29:35Z,open,ODbL; attribution and share-alike required,packet_ready,geofabrik_named_food_service
national-post-office-tx-sam-houston-5869764f51,SAM HOUSTON post-office-centered national sample candidate,national_post_office_sample_candidate,food_service,osm:node:13273608087,Flakey's Pizza,,,SAM HOUSTON,TX,,29.7414637,-95.3422742,Geofabrik OpenStreetMap GeoPackage extract,2026-08-16T03:29:35Z,open,ODbL; attribution and share-alike required,packet_ready,geofabrik_named_food_service
national-post-office-tx-sam-houston-5869764f51,SAM HOUSTON post-office-centered national sample candidate,national_post_office_sample_candidate,food_service,osm:way:392186382,Flora,,,SAM HOUSTON,TX,,29.7610802,-95.4019548,Geofabrik OpenStreetMap GeoPackage extract,2026-08-16T03:29:35Z,open,ODbL; attribution and share-alike required,packet_ready,geofabrik_named_food_service
national-post-office-tx-sam-houston-5869764f51,SAM HOUSTON post-office-centered national sample candidate,national_post_office_sample_candidate,food_service,osm:node:2700275156,Frank's Pizza,,,SAM HOUSTON,TX,,29.7613726,-95.3625415,Geofabrik OpenStreetMap GeoPackage extract,2026-08-16T03:29:35Z,open,ODbL; attribution and share-alike required,packet_ready,geofabrik_named_food_service
national-post-office-tx-sam-houston-5869764f51,SAM HOUSTON post-office-centered national sample candidate,national_post_office_sample_candidate,food_service,osm:node:3649225881,Freebirds,,,SAM HOUSTON,TX,,29.7754620,-95.3826895,Geofabrik OpenStreetMap GeoPackage extract,2026-08-16T03:29:35Z,open,ODbL; attribution and share-alike required,packet_ready,geofabrik_named_food_service
national-post-office-tx-sam-houston-5869764f51,SAM HOUSTON post-office-centered national sample candidate,national_post_office_sample_candidate,food_service,osm:node:4859917422,Fresh Healthy Cafe,,,SAM HOUSTON,TX,,29.7574496,-95.3702770,Geofabrik OpenStreetMap GeoPackage extract,2026-08-16T03:29:35Z,open,ODbL; attribution and share-alike required,packet_ready,geofabrik_named_food_service
national-post-office-tx-sam-houston-5869764f51,SAM HOUSTON post-office-centered national sample candidate,national_post_office_sample_candidate,food_service,osm:node:9609134650,Fukuoka Sushi Bar & Grill,,,SAM HOUSTON,TX,,29.7450517,-95.3775139,Geofabrik OpenStreetMap GeoPackage extract,2026-08-16T03:29:35Z,open,ODbL; attribution and share-alike required,packet_ready,geofabrik_named_food_service
national-post-office-tx-sam-houston-5869764f51,SAM HOUSTON post-office-centered national sample candidate,national_post_office_sample_candidate,food_service,osm:node:1009805803,Gen Korean BBQ House,,,SAM HOUSTON,TX,,29.7430613,-95.3796154,Geofabrik OpenStreetMap GeoPackage extract,2026-08-16T03:29:35Z,open,ODbL; attribution and share-alike required,packet_ready,geofabrik_named_food_service
national-post-office-tx-sam-houston-5869764f51,SAM HOUSTON post-office-centered national sample candidate,national_post_office_sample_candidate,food_service,osm:node:3489972593,Gotham Pizza,,,SAM HOUSTON,TX,,29.7495249,-95.3751133,Geofabrik OpenStreetMap GeoPackage extract,2026-08-16T03:29:35Z,open,ODbL; attribution and share-alike required,packet_ready,geofabrik_named_food_service
national-post-office-tx-sam-houston-5869764f51,SAM HOUSTON post-office-centered national sample candidate,national_post_office_sample_candidate,food_service,osm:node:7155215533,Great American Cookies,,,SAM HOUSTON,TX,,29.7755246,-95.3826904,Geofabrik OpenStreetMap GeoPackage extract,2026-08-16T03:29:35Z,open,ODbL; attribution and share-alike required,packet_ready,geofabrik_named_food_service
national-post-office-tx-sam-houston-5869764f51,SAM HOUSTON post-office-centered national sample candidate,national_post_office_sample_candidate,food_service,osm:node:7161644386,Guadalajara Del Centro,,,SAM HOUSTON,TX,,29.7541530,-95.3644211,Geofabrik OpenStreetMap GeoPackage extract,2026-08-16T03:29:35Z,open,ODbL; attribution and share-alike required,packet_ready,geofabrik_named_food_service
national-post-office-tx-sam-houston-5869764f51,SAM HOUSTON post-office-centered national sample candidate,national_post_office_sample_candidate,food_service,osm:way:438715743,Gus's World Famous Fried Chicken,,,SAM HOUSTON,TX,,29.7675281,-95.3765371,Geofabrik OpenStreetMap GeoPackage extract,2026-08-16T03:29:35Z,open,ODbL; attribution and share-alike required,packet_ready,geofabrik_named_food_service
national-post-office-tx-sam-houston-5869764f51,SAM HOUSTON post-office-centered national sample candidate,national_post_office_sample_candidate,food_service,osm:way:555490837,Gypsy Poet,,,SAM HOUSTON,TX,,29.7441609,-95.3703570,Geofabrik OpenStreetMap GeoPackage extract,2026-08-16T03:29:35Z,open,ODbL; attribution and share-alike required,packet_ready,geofabrik_named_food_service
national-post-office-tx-sam-houston-5869764f51,SAM HOUSTON post-office-centered national sample candidate,national_post_office_sample_candidate,food_service,osm:node:10744271001,Gyu-Kaku,,,SAM HOUSTON,TX,,29.7506279,-95.3753083,Geofabrik OpenStreetMap GeoPackage extract,2026-08-16T03:29:35Z,open,ODbL; attribution and share-alike required,packet_ready,geofabrik_named_food_service
national-post-office-tx-sam-houston-5869764f51,SAM HOUSTON post-office-centered national sample candidate,national_post_office_sample_candidate,food_service,osm:node:600491809,Hard Rock Cafe,,,SAM HOUSTON,TX,,29.7626286,-95.3672993,Geofabrik OpenStreetMap GeoPackage extract,2026-08-16T03:29:35Z,open,ODbL; attribution and share-alike required,packet_ready,geofabrik_named_food_service
national-post-office-tx-sam-houston-5869764f51,SAM HOUSTON post-office-centered national sample candidate,national_post_office_sample_candidate,food_service,osm:way:428095793,Harry's,,,SAM HOUSTON,TX,,29.7464333,-95.3812979,Geofabrik OpenStreetMap GeoPackage extract,2026-08-16T03:29:35Z,open,ODbL; attribution and share-alike required,packet_ready,geofabrik_named_food_service
national-post-office-tx-sam-houston-5869764f51,SAM HOUSTON post-office-centered national sample candidate,national_post_office_sample_candidate,food_service,osm:node:3633298407,Hearsay Gastro Lounge,,,SAM HOUSTON,TX,,29.7630107,-95.3616013,Geofabrik OpenStreetMap GeoPackage extract,2026-08-16T03:29:35Z,open,ODbL; attribution and share-alike required,packet_ready,geofabrik_named_food_service
national-post-office-tx-sam-houston-5869764f51,SAM HOUSTON post-office-centered national sample candidate,national_post_office_sample_candidate,food_service,osm:node:6311232940,Helen in the Heights,,,SAM HOUSTON,TX,,29.7914185,-95.3881314,Geofabrik OpenStreetMap GeoPackage extract,2026-08-16T03:29:35Z,open,ODbL; attribution and share-alike required,packet_ready,geofabrik_named_food_service
national-post-office-tx-sam-houston-5869764f51,SAM HOUSTON post-office-centered national sample candidate,national_post_office_sample_candidate,food_service,osm:way:438715998,Henderson & Kane,,,SAM HOUSTON,TX,,29.7659958,-95.3795568,Geofabrik OpenStreetMap GeoPackage extract,2026-08-16T03:29:35Z,open,ODbL; attribution and share-alike required,packet_ready,geofabrik_named_food_service
national-post-office-tx-sam-houston-5869764f51,SAM HOUSTON post-office-centered national sample candidate,national_post_office_sample_candidate,food_service,osm:way:358977405,Home Slice Pizza,,,SAM HOUSTON,TX,,29.7386341,-95.3803043,Geofabrik OpenStreetMap GeoPackage extract,2026-08-16T03:29:35Z,open,ODbL; attribution and share-alike required,packet_ready,geofabrik_named_food_service
national-post-office-tx-sam-houston-5869764f51,SAM HOUSTON post-office-centered national sample candidate,national_post_office_sample_candidate,food_service,osm:node:13849967179,Hot Potato 1.2.3. Express | Wing Xscape,,,SAM HOUSTON,TX,,29.7227233,-95.3704397,Geofabrik OpenStreetMap GeoPackage extract,2026-08-16T03:29:35Z,open,ODbL; attribution and share-alike required,packet_ready,geofabrik_named_food_service
national-post-office-tx-sam-houston-5869764f51,SAM HOUSTON post-office-centered national sample candidate,national_post_office_sample_candidate,food_service,osm:node:5154912061,House of Blues Houston,,,SAM HOUSTON,TX,,29.7538517,-95.3639653,Geofabrik OpenStreetMap GeoPackage extract,2026-08-16T03:29:35Z,open,ODbL; attribution and share-alike required,packet_ready,geofabrik_named_food_service
national-post-office-tx-sam-houston-5869764f51,SAM HOUSTON post-office-centered national sample candidate,national_post_office_sample_candidate,food_service,osm:way:677125169,Houston This Is It Soul Food,,,SAM HOUSTON,TX,,29.7230497,-95.3696541,Geofabrik OpenStreetMap GeoPackage extract,2026-08-16T03:29:35Z,open,ODbL; attribution and share-alike required,packet_ready,geofabrik_named_food_service
national-post-office-tx-sam-houston-5869764f51,SAM HOUSTON post-office-centered national sample candidate,national_post_office_sample_candidate,food_service,osm:way:375979837,Houston food park,,,SAM HOUSTON,TX,,29.7509216,-95.3651770,Geofabrik OpenStreetMap GeoPackage extract,2026-08-16T03:29:35Z,open,ODbL; attribution and share-alike required,packet_ready,geofabrik_named_food_service
national-post-office-tx-sam-houston-5869764f51,SAM HOUSTON post-office-centered national sample candidate,national_post_office_sample_candidate,food_service,osm:way:991212718,Hugo's,,,SAM HOUSTON,TX,,29.7429953,-95.3997004,Geofabrik OpenStreetMap GeoPackage extract,2026-08-16T03:29:35Z,open,ODbL; attribution and share-alike required,packet_ready,geofabrik_named_food_service
national-post-office-tx-sam-houston-5869764f51,SAM HOUSTON post-office-centered national sample candidate,national_post_office_sample_candidate,food_service,osm:node:3009789353,Hungry Like The Wolf,,,SAM HOUSTON,TX,,29.7671866,-95.3917245,Geofabrik OpenStreetMap GeoPackage extract,2026-08-16T03:29:35Z,open,ODbL; attribution and share-alike required,packet_ready,geofabrik_named_food_service
national-post-office-tx-sam-houston-5869764f51,SAM HOUSTON post-office-centered national sample candidate,national_post_office_sample_candidate,food_service,osm:node:7170690186,Huynh Restaurant,,,SAM HOUSTON,TX,,29.7516364,-95.3556902,Geofabrik OpenStreetMap GeoPackage extract,2026-08-16T03:29:35Z,open,ODbL; attribution and share-alike required,packet_ready,geofabrik_named_food_service
national-post-office-tx-sam-houston-5869764f51,SAM HOUSTON post-office-centered national sample candidate,national_post_office_sample_candidate,food_service,osm:node:5757196350,Irma's Southwest Grill,,,SAM HOUSTON,TX,,29.7578208,-95.3594124,Geofabrik OpenStreetMap GeoPackage extract,2026-08-16T03:29:35Z,open,ODbL; attribution and share-alike required,packet_ready,geofabrik_named_food_service
national-post-office-tx-sam-houston-5869764f51,SAM HOUSTON post-office-centered national sample candidate,national_post_office_sample_candidate,food_service,osm:node:13724611001,Isa Matcha,,,SAM HOUSTON,TX,,29.7388616,-95.3989474,Geofabrik OpenStreetMap GeoPackage extract,2026-08-16T03:29:35Z,open,ODbL; attribution and share-alike required,packet_ready,geofabrik_named_food_service
national-post-office-tx-sam-houston-5869764f51,SAM HOUSTON post-office-centered national sample candidate,national_post_office_sample_candidate,food_service,osm:way:1031880446,J Bar M Barbecue,,,SAM HOUSTON,TX,,29.7462348,-95.3577085,Geofabrik OpenStreetMap GeoPackage extract,2026-08-16T03:29:35Z,open,ODbL; attribution and share-alike required,packet_ready,geofabrik_named_food_service
national-post-office-tx-sam-houston-5869764f51,SAM HOUSTON post-office-centered national sample candidate,national_post_office_sample_candidate,food_service,osm:node:6496768935,JINYA Ramen Bar,,,SAM HOUSTON,TX,,29.7427460,-95.3798071,Geofabrik OpenStreetMap GeoPackage extract,2026-08-16T03:29:35Z,open,ODbL; attribution and share-alike required,packet_ready,geofabrik_named_food_service
national-post-office-tx-sam-houston-5869764f51,SAM HOUSTON post-office-centered national sample candidate,national_post_office_sample_candidate,food_service,osm:node:12044710819,Jack in the Box,,,SAM HOUSTON,TX,,29.7555872,-95.3353707,Geofabrik OpenStreetMap GeoPackage extract,2026-08-16T03:29:35Z,open,ODbL; attribution and share-alike required,packet_ready,geofabrik_named_food_service
national-post-office-tx-sam-houston-5869764f51,SAM HOUSTON post-office-centered national sample candidate,national_post_office_sample_candidate,food_service,osm:way:1022649487,Jack in the Box,,,SAM HOUSTON,TX,,29.7577717,-95.3985625,Geofabrik OpenStreetMap GeoPackage extract,2026-08-16T03:29:35Z,open,ODbL; attribution and share-alike required,packet_ready,geofabrik_named_food_service
national-post-office-tx-sam-houston-5869764f51,SAM HOUSTON post-office-centered national sample candidate,national_post_office_sample_candidate,food_service,osm:way:353018490,Jack in the Box,,,SAM HOUSTON,TX,,29.7332901,-95.3820260,Geofabrik OpenStreetMap GeoPackage extract,2026-08-16T03:29:35Z,open,ODbL; attribution and share-alike required,packet_ready,geofabrik_named_food_service
national-post-office-tx-sam-houston-5869764f51,SAM HOUSTON post-office-centered national sample candidate,national_post_office_sample_candidate,food_service,osm:way:378413473,Jack in the Box,,,SAM HOUSTON,TX,,29.7345147,-95.3292872,Geofabrik OpenStreetMap GeoPackage extract,2026-08-16T03:29:35Z,open,ODbL; attribution and share-alike required,packet_ready,geofabrik_named_food_service
national-post-office-tx-sam-houston-5869764f51,SAM HOUSTON post-office-centered national sample candidate,national_post_office_sample_candidate,food_service,osm:node:3637695799,Jason's Deli,,,SAM HOUSTON,TX,,29.7575190,-95.3654597,Geofabrik OpenStreetMap GeoPackage extract,2026-08-16T03:29:35Z,open,ODbL; attribution and share-alike required,packet_ready,geofabrik_named_food_service
national-post-office-tx-sam-houston-5869764f51,SAM HOUSTON post-office-centered national sample candidate,national_post_office_sample_candidate,food_service,osm:node:12503282723,Jersey Mike's Subs,,,SAM HOUSTON,TX,,29.7718961,-95.3988623,Geofabrik OpenStreetMap GeoPackage extract,2026-08-16T03:29:35Z,open,ODbL; attribution and share-alike required,packet_ready,geofabrik_named_food_service
national-post-office-tx-sam-houston-5869764f51,SAM HOUSTON post-office-centered national sample candidate,national_post_office_sample_candidate,food_service,osm:node:12044710868,Jimmy John's,,,SAM HOUSTON,TX,,29.7485904,-95.3784073,Geofabrik OpenStreetMap GeoPackage extract,2026-08-16T03:29:35Z,open,ODbL; attribution and share-alike required,packet_ready,geofabrik_named_food_service
national-post-office-tx-sam-houston-5869764f51,SAM HOUSTON post-office-centered national sample candidate,national_post_office_sample_candidate,food_service,osm:node:13699163504,Jimmy John's,,,SAM HOUSTON,TX,,29.7574595,-95.3702188,Geofabrik OpenStreetMap GeoPackage extract,2026-08-16T03:29:35Z,open,ODbL; attribution and share-alike required,packet_ready,geofabrik_named_food_service
national-post-office-tx-sam-houston-5869764f51,SAM HOUSTON post-office-centered national sample candidate,national_post_office_sample_candidate,food_service,osm:node:3343934545,Jimmy John's,,,SAM HOUSTON,TX,,29.7734798,-95.3982548,Geofabrik OpenStreetMap GeoPackage extract,2026-08-16T03:29:35Z,open,ODbL; attribution and share-alike required,packet_ready,geofabrik_named_food_service
national-post-office-tx-sam-houston-5869764f51,SAM HOUSTON post-office-centered national sample candidate,national_post_office_sample_candidate,food_service,osm:node:3637668219,Jimmy John's,,,SAM HOUSTON,TX,,29.7580149,-95.3643278,Geofabrik OpenStreetMap GeoPackage extract,2026-08-16T03:29:35Z,open,ODbL; attribution and share-alike required,packet_ready,geofabrik_named_food_service
national-post-office-tx-sam-houston-5869764f51,SAM HOUSTON post-office-centered national sample candidate,national_post_office_sample_candidate,food_service,osm:node:3679718626,Jimmy John's,,,SAM HOUSTON,TX,,29.7227273,-95.3371652,Geofabrik OpenStreetMap GeoPackage extract,2026-08-16T03:29:35Z,open,ODbL; attribution and share-alike required,packet_ready,geofabrik_named_food_service
national-post-office-tx-sam-houston-5869764f51,SAM HOUSTON post-office-centered national sample candidate,national_post_office_sample_candidate,food_service,osm:way:378253052,John's Broiler Burger,,,SAM HOUSTON,TX,,29.7345165,-95.3299131,Geofabrik OpenStreetMap GeoPackage extract,2026-08-16T03:29:35Z,open,ODbL; attribution and share-alike required,packet_ready,geofabrik_named_food_service
national-post-office-tx-sam-houston-5869764f51,SAM HOUSTON post-office-centered national sample candidate,national_post_office_sample_candidate,food_service,osm:node:8227803554,JuiceLand,,,SAM HOUSTON,TX,,29.7817434,-95.3922518,Geofabrik OpenStreetMap GeoPackage extract,2026-08-16T03:29:35Z,open,ODbL; attribution and share-alike required,packet_ready,geofabrik_named_food_service
national-post-office-tx-sam-houston-5869764f51,SAM HOUSTON post-office-centered national sample candidate,national_post_office_sample_candidate,food_service,osm:node:12044710864,KFC,,,SAM HOUSTON,TX,,29.7757074,-95.3819699,Geofabrik OpenStreetMap GeoPackage extract,2026-08-16T03:29:35Z,open,ODbL; attribution and share-alike required,packet_ready,geofabrik_named_food_service
national-post-office-tx-sam-houston-5869764f51,SAM HOUSTON post-office-centered national sample candidate,national_post_office_sample_candidate,food_service,osm:node:13830941848,Kanau Sushi & Izakaya,,,SAM HOUSTON,TX,,29.7436251,-95.3744870,Geofabrik OpenStreetMap GeoPackage extract,2026-08-16T03:29:35Z,open,ODbL; attribution and share-alike required,packet_ready,geofabrik_named_food_service
national-post-office-tx-sam-houston-5869764f51,SAM HOUSTON post-office-centered national sample candidate,national_post_office_sample_candidate,food_service,osm:node:11464500822,Katami,,,SAM HOUSTON,TX,,29.7572631,-95.3950421,Geofabrik OpenStreetMap GeoPackage extract,2026-08-16T03:29:35Z,open,ODbL; attribution and share-alike required,packet_ready,geofabrik_named_food_service
national-post-office-tx-sam-houston-5869764f51,SAM HOUSTON post-office-centered national sample candidate,national_post_office_sample_candidate,food_service,osm:way:428095801,Katz's,,,SAM HOUSTON,TX,,29.7447849,-95.3895072,Geofabrik OpenStreetMap GeoPackage extract,2026-08-16T03:29:35Z,open,ODbL; attribution and share-alike required,packet_ready,geofabrik_named_food_service
national-post-office-tx-sam-houston-5869764f51,SAM HOUSTON post-office-centered national sample candidate,national_post_office_sample_candidate,food_service,osm:node:12863797779,Kefita Coffee,,,SAM HOUSTON,TX,,29.7433146,-95.3696973,Geofabrik OpenStreetMap GeoPackage extract,2026-08-16T03:29:35Z,open,ODbL; attribution and share-alike required,packet_ready,geofabrik_named_food_service
national-post-office-tx-sam-houston-5869764f51,SAM HOUSTON post-office-centered national sample candidate,national_post_office_sample_candidate,food_service,osm:node:10742475964,Kendra's Cook'n,,,SAM HOUSTON,TX,,29.7524657,-95.3779704,Geofabrik OpenStreetMap GeoPackage extract,2026-08-16T03:29:35Z,open,ODbL; attribution and share-alike required,packet_ready,geofabrik_named_food_service
national-post-office-tx-sam-houston-5869764f51,SAM HOUSTON post-office-centered national sample candidate,national_post_office_sample_candidate,food_service,osm:way:835916190,Khung Khai Thai,,,SAM HOUSTON,TX,,29.7557788,-95.3918736,Geofabrik OpenStreetMap GeoPackage extract,2026-08-16T03:29:35Z,open,ODbL; attribution and share-alike required,packet_ready,geofabrik_named_food_service
national-post-office-tx-sam-houston-5869764f51,SAM HOUSTON post-office-centered national sample candidate,national_post_office_sample_candidate,food_service,osm:way:395450423,Killen's,,,SAM HOUSTON,TX,,29.7706538,-95.3976904,Geofabrik OpenStreetMap GeoPackage extract,2026-08-16T03:29:35Z,open,ODbL; attribution and share-alike required,packet_ready,geofabrik_named_food_service
national-post-office-tx-sam-houston-5869764f51,SAM HOUSTON post-office-centered national sample candidate,national_post_office_sample_candidate,food_service,osm:node:6779588153,Killer Burger,,,SAM HOUSTON,TX,,29.7742699,-95.3828309,Geofabrik OpenStreetMap GeoPackage extract,2026-08-16T03:29:35Z,open,ODbL; attribution and share-alike required,packet_ready,geofabrik_named_food_service
national-post-office-tx-sam-houston-5869764f51,SAM HOUSTON post-office-centered national sample candidate,national_post_office_sample_candidate,food_service,osm:way:375640128,Kim Son,,,SAM HOUSTON,TX,,29.7458352,-95.3602830,Geofabrik OpenStreetMap GeoPackage extract,2026-08-16T03:29:35Z,open,ODbL; attribution and share-alike required,packet_ready,geofabrik_named_food_service
national-post-office-tx-sam-houston-5869764f51,SAM HOUSTON post-office-centered national sample candidate,national_post_office_sample_candidate,food_service,osm:node:7044888084,Kiss,,,SAM HOUSTON,TX,,29.7701525,-95.3809243,Geofabrik OpenStreetMap GeoPackage extract,2026-08-16T03:29:35Z,open,ODbL; attribution and share-alike required,packet_ready,geofabrik_named_food_service
national-post-office-tx-sam-houston-5869764f51,SAM HOUSTON post-office-centered national sample candidate,national_post_office_sample_candidate,food_service,osm:node:7161644485,Kulture,,,SAM HOUSTON,TX,,29.7544398,-95.3565967,Geofabrik OpenStreetMap GeoPackage extract,2026-08-16T03:29:35Z,open,ODbL; attribution and share-alike required,packet_ready,geofabrik_named_food_service
national-post-office-tx-sam-houston-5869764f51,SAM HOUSTON post-office-centered national sample candidate,national_post_office_sample_candidate,food_service,osm:way:1096441717,Kung Fu Tea,,,SAM HOUSTON,TX,,29.7441573,-95.3928782,Geofabrik OpenStreetMap GeoPackage extract,2026-08-16T03:29:35Z,open,ODbL; attribution and share-alike required,packet_ready,geofabrik_named_food_service
national-post-office-tx-sam-houston-5869764f51,SAM HOUSTON post-office-centered national sample candidate,national_post_office_sample_candidate,food_service,osm:node:10684698242,Kura Sushi,,,SAM HOUSTON,TX,,29.7396837,-95.3788841,Geofabrik OpenStreetMap GeoPackage extract,2026-08-16T03:29:35Z,open,ODbL; attribution and share-alike required,packet_ready,geofabrik_named_food_service
national-post-office-tx-sam-houston-5869764f51,SAM HOUSTON post-office-centered national sample candidate,national_post_office_sample_candidate,food_service,osm:node:11535140730,La Calle,,,SAM HOUSTON,TX,,29.7518766,-95.3763204,Geofabrik OpenStreetMap GeoPackage extract,2026-08-16T03:29:35Z,open,ODbL; attribution and share-alike required,packet_ready,geofabrik_named_food_service
national-post-office-tx-sam-houston-5869764f51,SAM HOUSTON post-office-centered national sample candidate,national_post_office_sample_candidate,food_service,osm:node:5189167892,La Calle Tacos,,,SAM HOUSTON,TX,,29.7634792,-95.3606743,Geofabrik OpenStreetMap GeoPackage extract,2026-08-16T03:29:35Z,open,ODbL; attribution and share-alike required,packet_ready,geofabrik_named_food_service
national-post-office-tx-sam-houston-5869764f51,SAM HOUSTON post-office-centered national sample candidate,national_post_office_sample_candidate,food_service,osm:node:11464500821,La Griglia,,,SAM HOUSTON,TX,,29.7572102,-95.3954116,Geofabrik OpenStreetMap GeoPackage extract,2026-08-16T03:29:35Z,open,ODbL; attribution and share-alike required,packet_ready,geofabrik_named_food_service
national-post-office-tx-sam-houston-5869764f51,SAM HOUSTON post-office-centered national sample candidate,national_post_office_sample_candidate,food_service,osm:way:1087738428,La Guadalupana,,,SAM HOUSTON,TX,,29.7468574,-95.4019249,Geofabrik OpenStreetMap GeoPackage extract,2026-08-16T03:29:35Z,open,ODbL; attribution and share-alike required,packet_ready,geofabrik_named_food_service
national-post-office-tx-sam-houston-5869764f51,SAM HOUSTON post-office-centered national sample candidate,national_post_office_sample_candidate,food_service,osm:node:3649225880,La Madeleine,,,SAM HOUSTON,TX,,29.7764377,-95.3824414,Geofabrik OpenStreetMap GeoPackage extract,2026-08-16T03:29:35Z,open,ODbL; attribution and share-alike required,packet_ready,geofabrik_named_food_service
national-post-office-tx-sam-houston-5869764f51,SAM HOUSTON post-office-centered national sample candidate,national_post_office_sample_candidate,food_service,osm:way:428095779,La Mexicana,,,SAM HOUSTON,TX,,29.7483729,-95.3916270,Geofabrik OpenStreetMap GeoPackage extract,2026-08-16T03:29:35Z,open,ODbL; attribution and share-alike required,packet_ready,geofabrik_named_food_service
national-post-office-tx-sam-houston-5869764f51,SAM HOUSTON post-office-centered national sample candidate,national_post_office_sample_candidate,food_service,osm:node:10566811308,La Sicilia,,,SAM HOUSTON,TX,,29.7442106,-95.3880975,Geofabrik OpenStreetMap GeoPackage extract,2026-08-16T03:29:35Z,open,ODbL; attribution and share-alike required,packet_ready,geofabrik_named_food_service
national-post-office-tx-sam-houston-5869764f51,SAM HOUSTON post-office-centered national sample candidate,national_post_office_sample_candidate,food_service,osm:node:5218721621,La Tapatia,,,SAM HOUSTON,TX,,29.7339952,-95.4041551,Geofabrik OpenStreetMap GeoPackage extract,2026-08-16T03:29:35Z,open,ODbL; attribution and share-alike required,packet_ready,geofabrik_named_food_service
national-post-office-tx-sam-houston-5869764f51,SAM HOUSTON post-office-centered national sample candidate,national_post_office_sample_candidate,food_service,osm:way:674007080,La Villa,,,SAM HOUSTON,TX,,29.7338892,-95.3908399,Geofabrik OpenStreetMap GeoPackage extract,2026-08-16T03:29:35Z,open,ODbL; attribution and share-alike required,packet_ready,geofabrik_named_food_service
national-post-office-tx-sam-houston-5869764f51,SAM HOUSTON post-office-centered national sample candidate,national_post_office_sample_candidate,food_service,osm:node:10598865781,Lao Sze Chuan,,,SAM HOUSTON,TX,,29.7419044,-95.3909165,Geofabrik OpenStreetMap GeoPackage extract,2026-08-16T03:29:35Z,open,ODbL; attribution and share-alike required,packet_ready,geofabrik_named_food_service
national-post-office-tx-sam-houston-5869764f51,SAM HOUSTON post-office-centered national sample candidate,national_post_office_sample_candidate,food_service,osm:node:4040987276,Laredo Taqueria,,,SAM HOUSTON,TX,,29.7700789,-95.4050434,Geofabrik OpenStreetMap GeoPackage extract,2026-08-16T03:29:35Z,open,ODbL; attribution and share-alike required,packet_ready,geofabrik_named_food_service
national-post-office-tx-sam-houston-5869764f51,SAM HOUSTON post-office-centered national sample candidate,national_post_office_sample_candidate,food_service,osm:node:13198176663,Las Perras Cafe,,,SAM HOUSTON,TX,,29.7483085,-95.3407725,Geofabrik OpenStreetMap GeoPackage extract,2026-08-16T03:29:35Z,open,ODbL; attribution and share-alike required,packet_ready,geofabrik_named_food_service
national-post-office-tx-sam-houston-5869764f51,SAM HOUSTON post-office-centered national sample candidate,national_post_office_sample_candidate,food_service,osm:way:979457822,Last Concert Cafe,,,SAM HOUSTON,TX,,29.7683229,-95.3532172,Geofabrik OpenStreetMap GeoPackage extract,2026-08-16T03:29:35Z,open,ODbL; attribution and share-alike required,packet_ready,geofabrik_named_food_service
national-post-office-tx-sam-houston-5869764f51,SAM HOUSTON post-office-centered national sample candidate,national_post_office_sample_candidate,food_service,osm:way:441372776,Laurenzo's,,,SAM HOUSTON,TX,,29.7706295,-95.4056777,Geofabrik OpenStreetMap GeoPackage extract,2026-08-16T03:29:35Z,open,ODbL; attribution and share-alike required,packet_ready,geofabrik_named_food_service
national-post-office-tx-sam-houston-5869764f51,SAM HOUSTON post-office-centered national sample candidate,national_post_office_sample_candidate,food_service,osm:node:10307659700,Le Jardinier,,,SAM HOUSTON,TX,,29.7265498,-95.3900365,Geofabrik OpenStreetMap GeoPackage extract,2026-08-16T03:29:35Z,open,ODbL; attribution and share-alike required,packet_ready,geofabrik_named_food_service
national-post-office-tx-sam-houston-5869764f51,SAM HOUSTON post-office-centered national sample candidate,national_post_office_sample_candidate,food_service,osm:way:375640119,Leeland House,,,SAM HOUSTON,TX,,29.7465460,-95.3582325,Geofabrik OpenStreetMap GeoPackage extract,2026-08-16T03:29:35Z,open,ODbL; attribution and share-alike required,packet_ready,geofabrik_named_food_service
national-post-office-tx-sam-houston-5869764f51,SAM HOUSTON post-office-centered national sample candidate,national_post_office_sample_candidate,food_service,osm:node:13277839873,Liberty Grill,,,SAM HOUSTON,TX,,29.7518493,-95.3735476,Geofabrik OpenStreetMap GeoPackage extract,2026-08-16T03:29:35Z,open,ODbL; attribution and share-alike required,packet_ready,geofabrik_named_food_service
national-post-office-tx-sam-houston-5869764f51,SAM HOUSTON post-office-centered national sample candidate,national_post_office_sample_candidate,food_service,osm:way:364448029,Lions Den Kitchen,,,SAM HOUSTON,TX,,29.7243100,-95.3510141,Geofabrik OpenStreetMap GeoPackage extract,2026-08-16T03:29:35Z,open,ODbL; attribution and share-alike required,packet_ready,geofabrik_named_food_service
national-post-office-tx-sam-houston-5869764f51,SAM HOUSTON post-office-centered national sample candidate,national_post_office_sample_candidate,food_service,osm:node:3511266694,Little Caesars,,,SAM HOUSTON,TX,,29.7857813,-95.3616309,Geofabrik OpenStreetMap GeoPackage extract,2026-08-16T03:29:35Z,open,ODbL; attribution and share-alike required,packet_ready,geofabrik_named_food_service
national-post-office-tx-sam-houston-5869764f51,SAM HOUSTON post-office-centered national sample candidate,national_post_office_sample_candidate,food_service,osm:node:11043094781,Little New Orleans,,,SAM HOUSTON,TX,,29.7601535,-95.3621461,Geofabrik OpenStreetMap GeoPackage extract,2026-08-16T03:29:35Z,open,ODbL; attribution and share-alike required,packet_ready,geofabrik_named_food_service
national-post-office-tx-sam-houston-5869764f51,SAM HOUSTON post-office-centered national sample candidate,national_post_office_sample_candidate,food_service,osm:node:9800488522,Local Foods,,,SAM HOUSTON,TX,,29.7836351,-95.3986181,Geofabrik OpenStreetMap GeoPackage extract,2026-08-16T03:29:35Z,open,ODbL; attribution and share-alike required,packet_ready,geofabrik_named_food_service
national-post-office-tx-sam-houston-5869764f51,SAM HOUSTON post-office-centered national sample candidate,national_post_office_sample_candidate,food_service,osm:node:7044905587,Local Pho Vietnamese Noodle,,,SAM HOUSTON,TX,,29.7701475,-95.3814885,Geofabrik OpenStreetMap GeoPackage extract,2026-08-16T03:29:35Z,open,ODbL; attribution and share-alike required,packet_ready,geofabrik_named_food_service
national-post-office-tx-sam-houston-5869764f51,SAM HOUSTON post-office-centered national sample candidate,national_post_office_sample_candidate,food_service,osm:node:11043121675,Lone Star Taco,,,SAM HOUSTON,TX,,29.7600179,-95.3622477,Geofabrik OpenStreetMap GeoPackage extract,2026-08-16T03:29:35Z,open,ODbL; attribution and share-alike required,packet_ready,geofabrik_named_food_service
national-post-office-tx-sam-houston-5869764f51,SAM HOUSTON post-office-centered national sample candidate,national_post_office_sample_candidate,food_service,osm:way:378413475,Los Charros,,,SAM HOUSTON,TX,,29.7335314,-95.3291748,Geofabrik OpenStreetMap GeoPackage extract,2026-08-16T03:29:35Z,open,ODbL; attribution and share-alike required,packet_ready,geofabrik_named_food_service
national-post-office-tx-sam-houston-5869764f51,SAM HOUSTON post-office-centered national sample candidate,national_post_office_sample_candidate,food_service,osm:way:673944884,Luby's,,,SAM HOUSTON,TX,,29.7543465,-95.3988978,Geofabrik OpenStreetMap GeoPackage extract,2026-08-16T03:29:35Z,open,ODbL; attribution and share-alike required,packet_ready,geofabrik_named_food_service
national-post-office-tx-sam-houston-5869764f51,SAM HOUSTON post-office-centered national sample candidate,national_post_office_sample_candidate,food_service,osm:node:9609348500,Luce Coffee Roasters,,,SAM HOUSTON,TX,,29.7685382,-95.3840160,Geofabrik OpenStreetMap GeoPackage extract,2026-08-16T03:29:35Z,open,ODbL; attribution and share-alike required,packet_ready,geofabrik_named_food_service
national-post-office-tx-sam-houston-5869764f51,SAM HOUSTON post-office-centered national sample candidate,national_post_office_sample_candidate,food_service,osm:node:6845115919,Luchi & Joeys - Underground Downtown,,,SAM HOUSTON,TX,,29.7578061,-95.3648998,Geofabrik OpenStreetMap GeoPackage extract,2026-08-16T03:29:35Z,open,ODbL; attribution and share-alike required,packet_ready,geofabrik_named_food_service
national-post-office-tx-sam-houston-5869764f51,SAM HOUSTON post-office-centered national sample candidate,national_post_office_sample_candidate,food_service,osm:way:567584992,Luigi's Pizzeria,,,SAM HOUSTON,TX,,29.7353984,-95.3746698,Geofabrik OpenStreetMap GeoPackage extract,2026-08-16T03:29:35Z,open,ODbL; attribution and share-alike required,packet_ready,geofabrik_named_food_service
national-post-office-tx-sam-houston-5869764f51,SAM HOUSTON post-office-centered national sample candidate,national_post_office_sample_candidate,food_service,osm:node:9718451087,Luna Pizzeria,,,SAM HOUSTON,TX,,29.7725199,-95.3989765,Geofabrik OpenStreetMap GeoPackage extract,2026-08-16T03:29:35Z,open,ODbL; attribution and share-alike required,packet_ready,geofabrik_named_food_service
national-post-office-tx-sam-houston-5869764f51,SAM HOUSTON post-office-centered national sample candidate,national_post_office_sample_candidate,food_service,osm:node:10575649942,Luv'em Leches,,,SAM HOUSTON,TX,,29.7603730,-95.3616479,Geofabrik OpenStreetMap GeoPackage extract,2026-08-16T03:29:35Z,open,ODbL; attribution and share-alike required,packet_ready,geofabrik_named_food_service
national-post-office-tx-sam-houston-5869764f51,SAM HOUSTON post-office-centered national sample candidate,national_post_office_sample_candidate,food_service,osm:node:11102893010,Lúa Viet Kitchen,,,SAM HOUSTON,TX,,29.7388879,-95.3987664,Geofabrik OpenStreetMap GeoPackage extract,2026-08-16T03:29:35Z,open,ODbL; attribution and share-alike required,packet_ready,geofabrik_named_food_service
national-post-office-tx-sam-houston-5869764f51,SAM HOUSTON post-office-centered national sample candidate,national_post_office_sample_candidate,food_service,osm:node:6779714720,MOD Pizza,,,SAM HOUSTON,TX,,29.7749406,-95.3827314,Geofabrik OpenStreetMap GeoPackage extract,2026-08-16T03:29:35Z,open,ODbL; attribution and share-alike required,packet_ready,geofabrik_named_food_service
national-post-office-tx-sam-houston-5869764f51,SAM HOUSTON post-office-centered national sample candidate,national_post_office_sample_candidate,food_service,osm:node:6879700338,Mademoiselle Louise,,,SAM HOUSTON,TX,,29.7509775,-95.3693589,Geofabrik OpenStreetMap GeoPackage extract,2026-08-16T03:29:35Z,open,ODbL; attribution and share-alike required,packet_ready,geofabrik_named_food_service
national-post-office-tx-sam-houston-5869764f51,SAM HOUSTON post-office-centered national sample candidate,national_post_office_sample_candidate,food_service,osm:node:10059374589,Maderas - Kitchen & Cantina,,,SAM HOUSTON,TX,,29.7449845,-95.3823374,Geofabrik OpenStreetMap GeoPackage extract,2026-08-16T03:29:35Z,open,ODbL; attribution and share-alike required,packet_ready,geofabrik_named_food_service
national-post-office-tx-sam-houston-5869764f51,SAM HOUSTON post-office-centered national sample candidate,national_post_office_sample_candidate,food_service,osm:node:10598865780,Main Bird Hot Chicken,,,SAM HOUSTON,TX,,29.7421284,-95.3905749,Geofabrik OpenStreetMap GeoPackage extract,2026-08-16T03:29:35Z,open,ODbL; attribution and share-alike required,packet_ready,geofabrik_named_food_service
national-post-office-tx-sam-houston-5869764f51,SAM HOUSTON post-office-centered national sample candidate,national_post_office_sample_candidate,food_service,osm:node:6313383105,Maison Pucha Bistro,,,SAM HOUSTON,TX,,29.7892640,-95.3881148,Geofabrik OpenStreetMap GeoPackage extract,2026-08-16T03:29:35Z,open,ODbL; attribution and share-alike required,packet_ready,geofabrik_named_food_service
national-post-office-tx-sam-houston-5869764f51,SAM HOUSTON post-office-centered national sample candidate,national_post_office_sample_candidate,food_service,osm:node:14021161701,Mala Sichuan Bistro,,,SAM HOUSTON,TX,,29.7441196,-95.3931275,Geofabrik OpenStreetMap GeoPackage extract,2026-08-16T03:29:35Z,open,ODbL; attribution and share-alike required,packet_ready,geofabrik_named_food_service
national-post-office-tx-sam-houston-5869764f51,SAM HOUSTON post-office-centered national sample candidate,national_post_office_sample_candidate,food_service,osm:way:375578543,Mandola's Deli,,,SAM HOUSTON,TX,,29.7375387,-95.3394611,Geofabrik OpenStreetMap GeoPackage extract,2026-08-16T03:29:35Z,open,ODbL; attribution and share-alike required,packet_ready,geofabrik_named_food_service
national-post-office-tx-sam-houston-5869764f51,SAM HOUSTON post-office-centered national sample candidate,national_post_office_sample_candidate,food_service,osm:way:1053426717,Mapojeong,,,SAM HOUSTON,TX,,29.7819334,-95.3874221,Geofabrik OpenStreetMap GeoPackage extract,2026-08-16T03:29:35Z,open,ODbL; attribution and share-alike required,packet_ready,geofabrik_named_food_service
national-post-office-tx-sam-houston-5869764f51,SAM HOUSTON post-office-centered national sample candidate,national_post_office_sample_candidate,food_service,osm:node:12463956791,Marco's Pizza,,,SAM HOUSTON,TX,,29.7564826,-95.3977415,Geofabrik OpenStreetMap GeoPackage extract,2026-08-16T03:29:35Z,open,ODbL; attribution and share-alike required,packet_ready,geofabrik_named_food_service
national-post-office-tx-sam-houston-5869764f51,SAM HOUSTON post-office-centered national sample candidate,national_post_office_sample_candidate,food_service,osm:way:438175228,Maven,,,SAM HOUSTON,TX,,29.7720530,-95.3779757,Geofabrik OpenStreetMap GeoPackage extract,2026-08-16T03:29:35Z,open,ODbL; attribution and share-alike required,packet_ready,geofabrik_named_food_service
national-post-office-tx-sam-houston-5869764f51,SAM HOUSTON post-office-centered national sample candidate,national_post_office_sample_candidate,food_service,osm:node:13905883246,McCormick & Schmick's,,,SAM HOUSTON,TX,,29.7547087,-95.3652474,Geofabrik OpenStreetMap GeoPackage extract,2026-08-16T03:29:35Z,open,ODbL; attribution and share-alike required,packet_ready,geofabrik_named_food_service
national-post-office-tx-sam-houston-5869764f51,SAM HOUSTON post-office-centered national sample candidate,national_post_office_sample_candidate,food_service,osm:node:8986247014,McDonald's,,,SAM HOUSTON,TX,,29.7514285,-95.3227955,Geofabrik OpenStreetMap GeoPackage extract,2026-08-16T03:29:35Z,open,ODbL; attribution and share-alike required,packet_ready,geofabrik_named_food_service
national-post-office-tx-sam-houston-5869764f51,SAM HOUSTON post-office-centered national sample candidate,national_post_office_sample_candidate,food_service,osm:way:1096078645,McDonald's,,,SAM HOUSTON,TX,,29.7749874,-95.3171735,Geofabrik OpenStreetMap GeoPackage extract,2026-08-16T03:29:35Z,open,ODbL; attribution and share-alike required,packet_ready,geofabrik_named_food_service
national-post-office-tx-sam-houston-5869764f51,SAM HOUSTON post-office-centered national sample candidate,national_post_office_sample_candidate,food_service,osm:way:364021612,McDonald's,,,SAM HOUSTON,TX,,29.7280203,-95.3451385,Geofabrik OpenStreetMap GeoPackage extract,2026-08-16T03:29:35Z,open,ODbL; attribution and share-alike required,packet_ready,geofabrik_named_food_service
national-post-office-tx-sam-houston-5869764f51,SAM HOUSTON post-office-centered national sample candidate,national_post_office_sample_candidate,food_service,osm:way:428095824,McDonald's,,,SAM HOUSTON,TX,,29.7441979,-95.3949516,Geofabrik OpenStreetMap GeoPackage extract,2026-08-16T03:29:35Z,open,ODbL; attribution and share-alike required,packet_ready,geofabrik_named_food_service
national-post-office-tx-sam-houston-5869764f51,SAM HOUSTON post-office-centered national sample candidate,national_post_office_sample_candidate,food_service,osm:way:430192946,McDonald's,,,SAM HOUSTON,TX,,29.7850473,-95.3612526,Geofabrik OpenStreetMap GeoPackage extract,2026-08-16T03:29:35Z,open,ODbL; attribution and share-alike required,packet_ready,geofabrik_named_food_service
national-post-office-tx-sam-houston-5869764f51,SAM HOUSTON post-office-centered national sample candidate,national_post_office_sample_candidate,food_service,osm:way:672138200,McDonald's,,,SAM HOUSTON,TX,,29.7750115,-95.3896590,Geofabrik OpenStreetMap GeoPackage extract,2026-08-16T03:29:35Z,open,ODbL; attribution and share-alike required,packet_ready,geofabrik_named_food_service
national-post-office-tx-sam-houston-5869764f51,SAM HOUSTON post-office-centered national sample candidate,national_post_office_sample_candidate,food_service,osm:way:690722913,McDonald's,,,SAM HOUSTON,TX,,29.7899731,-95.3725156,Geofabrik OpenStreetMap GeoPackage extract,2026-08-16T03:29:35Z,open,ODbL; attribution and share-alike required,packet_ready,geofabrik_named_food_service
national-post-office-tx-sam-houston-5869764f51,SAM HOUSTON post-office-centered national sample candidate,national_post_office_sample_candidate,food_service,osm:way:1022704254,Melange Creperie,,,SAM HOUSTON,TX,,29.7837564,-95.3982154,Geofabrik OpenStreetMap GeoPackage extract,2026-08-16T03:29:35Z,open,ODbL; attribution and share-alike required,packet_ready,geofabrik_named_food_service
national-post-office-tx-sam-houston-5869764f51,SAM HOUSTON post-office-centered national sample candidate,national_post_office_sample_candidate,food_service,osm:node:9902549472,Mendocino Farms,,,SAM HOUSTON,TX,,29.7596110,-95.3625127,Geofabrik OpenStreetMap GeoPackage extract,2026-08-16T03:29:35Z,open,ODbL; attribution and share-alike required,packet_ready,geofabrik_named_food_service
national-post-office-tx-sam-houston-5869764f51,SAM HOUSTON post-office-centered national sample candidate,national_post_office_sample_candidate,food_service,osm:way:358944136,Mercantile,,,SAM HOUSTON,TX,,29.7425599,-95.3886670,Geofabrik OpenStreetMap GeoPackage extract,2026-08-16T03:29:35Z,open,ODbL; attribution and share-alike required,packet_ready,geofabrik_named_food_service
national-post-office-tx-sam-houston-5869764f51,SAM HOUSTON post-office-centered national sample candidate,national_post_office_sample_candidate,food_service,osm:way:589069209,Merida Mexican Restaurant,,,SAM HOUSTON,TX,,29.7582890,-95.3437058,Geofabrik OpenStreetMap GeoPackage extract,2026-08-16T03:29:35Z,open,ODbL; attribution and share-alike required,packet_ready,geofabrik_named_food_service
national-post-office-tx-sam-houston-5869764f51,SAM HOUSTON post-office-centered national sample candidate,national_post_office_sample_candidate,food_service,osm:way:834379834,Midtown Bar and Grill,,,SAM HOUSTON,TX,,29.7531965,-95.3871883,Geofabrik OpenStreetMap GeoPackage extract,2026-08-16T03:29:35Z,open,ODbL; attribution and share-alike required,packet_ready,geofabrik_named_food_service
national-post-office-tx-sam-houston-5869764f51,SAM HOUSTON post-office-centered national sample candidate,national_post_office_sample_candidate,food_service,osm:node:6311475162,Mint Thai Kitchen,,,SAM HOUSTON,TX,,29.7601628,-95.3985633,Geofabrik OpenStreetMap GeoPackage extract,2026-08-16T03:29:35Z,open,ODbL; attribution and share-alike required,packet_ready,geofabrik_named_food_service
national-post-office-tx-sam-houston-5869764f51,SAM HOUSTON post-office-centered national sample candidate,national_post_office_sample_candidate,food_service,osm:node:10742475965,Minuti Coffee,,,SAM HOUSTON,TX,,29.7525150,-95.3781153,Geofabrik OpenStreetMap GeoPackage extract,2026-08-16T03:29:35Z,open,ODbL; attribution and share-alike required,packet_ready,geofabrik_named_food_service
national-post-office-tx-sam-houston-5869764f51,SAM HOUSTON post-office-centered national sample candidate,national_post_office_sample_candidate,food_service,osm:node:3633343230,Moon Tower Inn,,,SAM HOUSTON,TX,,29.7543105,-95.3409715,Geofabrik OpenStreetMap GeoPackage extract,2026-08-16T03:29:35Z,open,ODbL; attribution and share-alike required,packet_ready,geofabrik_named_food_service
national-post-office-tx-sam-houston-5869764f51,SAM HOUSTON post-office-centered national sample candidate,national_post_office_sample_candidate,food_service,osm:node:12961069184,My Fir Foods,,,SAM HOUSTON,TX,,29.7752456,-95.3904608,Geofabrik OpenStreetMap GeoPackage extract,2026-08-16T03:29:35Z,open,ODbL; attribution and share-alike required,packet_ready,geofabrik_named_food_service
national-post-office-tx-sam-houston-5869764f51,SAM HOUSTON post-office-centered national sample candidate,national_post_office_sample_candidate,food_service,osm:way:364448030,Navy Seafood,,,SAM HOUSTON,TX,,29.7246035,-95.3508891,Geofabrik OpenStreetMap GeoPackage extract,2026-08-16T03:29:35Z,open,ODbL; attribution and share-alike required,packet_ready,geofabrik_named_food_service
national-post-office-tx-sam-houston-5869764f51,SAM HOUSTON post-office-centered national sample candidate,national_post_office_sample_candidate,food_service,osm:way:375100372,Navy Seafood,,,SAM HOUSTON,TX,,29.7340153,-95.3649289,Geofabrik OpenStreetMap GeoPackage extract,2026-08-16T03:29:35Z,open,ODbL; attribution and share-alike required,packet_ready,geofabrik_named_food_service
national-post-office-tx-sam-houston-5869764f51,SAM HOUSTON post-office-centered national sample candidate,national_post_office_sample_candidate,food_service,osm:way:1430042727,Neighbors,,,SAM HOUSTON,TX,,29.7483482,-95.3409977,Geofabrik OpenStreetMap GeoPackage extract,2026-08-16T03:29:35Z,open,ODbL; attribution and share-alike required,packet_ready,geofabrik_named_food_service
national-post-office-tx-sam-houston-5869764f51,SAM HOUSTON post-office-centered national sample candidate,national_post_office_sample_candidate,food_service,osm:node:12300033767,New Heights Coffee Roasters,,,SAM HOUSTON,TX,,29.7864805,-95.3881274,Geofabrik OpenStreetMap GeoPackage extract,2026-08-16T03:29:35Z,open,ODbL; attribution and share-alike required,packet_ready,geofabrik_named_food_service
national-post-office-tx-sam-houston-5869764f51,SAM HOUSTON post-office-centered national sample candidate,national_post_office_sample_candidate,food_service,osm:way:1096436519,Nidda Thai Cuisine,,,SAM HOUSTON,TX,,29.7446467,-95.3942379,Geofabrik OpenStreetMap GeoPackage extract,2026-08-16T03:29:35Z,open,ODbL; attribution and share-alike required,packet_ready,geofabrik_named_food_service
national-post-office-tx-sam-houston-5869764f51,SAM HOUSTON post-office-centered national sample candidate,national_post_office_sample_candidate,food_service,osm:way:545313442,Niko Niko's,,,SAM HOUSTON,TX,,29.7465234,-95.3921763,Geofabrik OpenStreetMap GeoPackage extract,2026-08-16T03:29:35Z,open,ODbL; attribution and share-alike required,packet_ready,geofabrik_named_food_service
national-post-office-tx-sam-houston-5869764f51,SAM HOUSTON post-office-centered national sample candidate,national_post_office_sample_candidate,food_service,osm:way:589069629,Ninfa’s on Navigation,,,SAM HOUSTON,TX,,29.7569015,-95.3425684,Geofabrik OpenStreetMap GeoPackage extract,2026-08-16T03:29:35Z,open,ODbL; attribution and share-alike required,packet_ready,geofabrik_named_food_service
national-post-office-tx-sam-houston-5869764f51,SAM HOUSTON post-office-centered national sample candidate,national_post_office_sample_candidate,food_service,osm:way:1010650040,Ninja Ramen,,,SAM HOUSTON,TX,,29.7700846,-95.4038723,Geofabrik OpenStreetMap GeoPackage extract,2026-08-16T03:29:35Z,open,ODbL; attribution and share-alike required,packet_ready,geofabrik_named_food_service
national-post-office-tx-sam-houston-5869764f51,SAM HOUSTON post-office-centered national sample candidate,national_post_office_sample_candidate,food_service,osm:way:425632224,Nonno's Family Pizza Tavern,,,SAM HOUSTON,TX,,29.7340142,-95.4002017,Geofabrik OpenStreetMap GeoPackage extract,2026-08-16T03:29:35Z,open,ODbL; attribution and share-alike required,packet_ready,geofabrik_named_food_service
national-post-office-tx-sam-houston-5869764f51,SAM HOUSTON post-office-centered national sample candidate,national_post_office_sample_candidate,food_service,osm:node:12503282727,Noon Mediterranean,,,SAM HOUSTON,TX,,29.7723787,-95.3989127,Geofabrik OpenStreetMap GeoPackage extract,2026-08-16T03:29:35Z,open,ODbL; attribution and share-alike required,packet_ready,geofabrik_named_food_service
national-post-office-tx-sam-houston-5869764f51,SAM HOUSTON post-office-centered national sample candidate,national_post_office_sample_candidate,food_service,osm:way:485985892,Nua Thai Restaurant,,,SAM HOUSTON,TX,,29.7506730,-95.3742715,Geofabrik OpenStreetMap GeoPackage extract,2026-08-16T03:29:35Z,open,ODbL; attribution and share-alike required,packet_ready,geofabrik_named_food_service
national-post-office-tx-sam-houston-5869764f51,SAM HOUSTON post-office-centered national sample candidate,national_post_office_sample_candidate,food_service,osm:way:378413476,Oak Leaf Smokehouse,,,SAM HOUSTON,TX,,29.7331382,-95.3287115,Geofabrik OpenStreetMap GeoPackage extract,2026-08-16T03:29:35Z,open,ODbL; attribution and share-alike required,packet_ready,geofabrik_named_food_service
national-post-office-tx-sam-houston-5869764f51,SAM HOUSTON post-office-centered national sample candidate,national_post_office_sample_candidate,food_service,osm:node:9596009615,One Dim Sum,,,SAM HOUSTON,TX,,29.7506296,-95.3758707,Geofabrik OpenStreetMap GeoPackage extract,2026-08-16T03:29:35Z,open,ODbL; attribution and share-alike required,packet_ready,geofabrik_named_food_service
national-post-office-tx-sam-houston-5869764f51,SAM HOUSTON post-office-centered national sample candidate,national_post_office_sample_candidate,food_service,osm:way:781555421,Onion Creek,,,SAM HOUSTON,TX,,29.7818156,-95.3910413,Geofabrik OpenStreetMap GeoPackage extract,2026-08-16T03:29:35Z,open,ODbL; attribution and share-alike required,packet_ready,geofabrik_named_food_service
national-post-office-tx-sam-houston-5869764f51,SAM HOUSTON post-office-centered national sample candidate,national_post_office_sample_candidate,food_service,osm:node:3529370601,Oporto Fooding House,,,SAM HOUSTON,TX,,29.7531325,-95.3801960,Geofabrik OpenStreetMap GeoPackage extract,2026-08-16T03:29:35Z,open,ODbL; attribution and share-alike required,packet_ready,geofabrik_named_food_service
national-post-office-tx-sam-houston-5869764f51,SAM HOUSTON post-office-centered national sample candidate,national_post_office_sample_candidate,food_service,osm:node:4859816222,Otto's,,,SAM HOUSTON,TX,,29.7574413,-95.3704044,Geofabrik OpenStreetMap GeoPackage extract,2026-08-16T03:29:35Z,open,ODbL; attribution and share-alike required,packet_ready,geofabrik_named_food_service
national-post-office-tx-sam-houston-5869764f51,SAM HOUSTON post-office-centered national sample candidate,national_post_office_sample_candidate,food_service,osm:node:7847895154,Otto's,,,SAM HOUSTON,TX,,29.7548035,-95.3622373,Geofabrik OpenStreetMap GeoPackage extract,2026-08-16T03:29:35Z,open,ODbL; attribution and share-alike required,packet_ready,geofabrik_named_food_service
national-post-office-tx-sam-houston-5869764f51,SAM HOUSTON post-office-centered national sample candidate,national_post_office_sample_candidate,food_service,osm:node:11570060918,Oui Banh Mi,,,SAM HOUSTON,TX,,29.7341655,-95.3997200,Geofabrik OpenStreetMap GeoPackage extract,2026-08-16T03:29:35Z,open,ODbL; attribution and share-alike required,packet_ready,geofabrik_named_food_service
national-post-office-tx-sam-houston-5869764f51,SAM HOUSTON post-office-centered national sample candidate,national_post_office_sample_candidate,food_service,osm:node:5759329784,Pad Thai,,,SAM HOUSTON,TX,,29.7624780,-95.3641990,Geofabrik OpenStreetMap GeoPackage extract,2026-08-16T03:29:35Z,open,ODbL; attribution and share-alike required,packet_ready,geofabrik_named_food_service
national-post-office-tx-sam-houston-5869764f51,SAM HOUSTON post-office-centered national sample candidate,national_post_office_sample_candidate,food_service,osm:way:438074839,Panda Express,,,SAM HOUSTON,TX,,29.7748546,-95.3818921,Geofabrik OpenStreetMap GeoPackage extract,2026-08-16T03:29:35Z,open,ODbL; attribution and share-alike required,packet_ready,geofabrik_named_food_service
national-post-office-tx-sam-houston-5869764f51,SAM HOUSTON post-office-centered national sample candidate,national_post_office_sample_candidate,food_service,osm:node:12044710865,Panera Bread,,,SAM HOUSTON,TX,,29.7529434,-95.4014238,Geofabrik OpenStreetMap GeoPackage extract,2026-08-16T03:29:35Z,open,ODbL; attribution and share-alike required,packet_ready,geofabrik_named_food_service
national-post-office-tx-sam-houston-5869764f51,SAM HOUSTON post-office-centered national sample candidate,national_post_office_sample_candidate,food_service,osm:node:10566816714,Pappa Geno's,,,SAM HOUSTON,TX,,29.7442050,-95.3882852,Geofabrik OpenStreetMap GeoPackage extract,2026-08-16T03:29:35Z,open,ODbL; attribution and share-alike required,packet_ready,geofabrik_named_food_service
national-post-office-tx-sam-houston-5869764f51,SAM HOUSTON post-office-centered national sample candidate,national_post_office_sample_candidate,food_service,osm:node:10935336271,Pappadeaux Seafood Kitchen,,,SAM HOUSTON,TX,,29.7505489,-95.3592042,Geofabrik OpenStreetMap GeoPackage extract,2026-08-16T03:29:35Z,open,ODbL; attribution and share-alike required,packet_ready,geofabrik_named_food_service
national-post-office-tx-sam-houston-5869764f51,SAM HOUSTON post-office-centered national sample candidate,national_post_office_sample_candidate,food_service,osm:node:4857798721,Pappas BBQ,,,SAM HOUSTON,TX,,29.7581914,-95.3692405,Geofabrik OpenStreetMap GeoPackage extract,2026-08-16T03:29:35Z,open,ODbL; attribution and share-alike required,packet_ready,geofabrik_named_food_service
national-post-office-tx-sam-houston-5869764f51,SAM HOUSTON post-office-centered national sample candidate,national_post_office_sample_candidate,food_service,osm:way:375965525,Pappas BBQ,,,SAM HOUSTON,TX,,29.7485742,-95.3685202,Geofabrik OpenStreetMap GeoPackage extract,2026-08-16T03:29:35Z,open,ODbL; attribution and share-alike required,packet_ready,geofabrik_named_food_service
national-post-office-tx-sam-houston-5869764f51,SAM HOUSTON post-office-centered national sample candidate,national_post_office_sample_candidate,food_service,osm:node:4859877721,Pappas Bros. Steakhouse,,,SAM HOUSTON,TX,,29.7555390,-95.3631481,Geofabrik OpenStreetMap GeoPackage extract,2026-08-16T03:29:35Z,open,ODbL; attribution and share-alike required,packet_ready,geofabrik_named_food_service
national-post-office-tx-sam-houston-5869764f51,SAM HOUSTON post-office-centered national sample candidate,national_post_office_sample_candidate,food_service,osm:node:13742754593,Parlor Doughtnuts,,,SAM HOUSTON,TX,,29.7799287,-95.3984117,Geofabrik OpenStreetMap GeoPackage extract,2026-08-16T03:29:35Z,open,ODbL; attribution and share-alike required,packet_ready,geofabrik_named_food_service
national-post-office-tx-sam-houston-5869764f51,SAM HOUSTON post-office-centered national sample candidate,national_post_office_sample_candidate,food_service,osm:way:1409278333,Paulie's,,,SAM HOUSTON,TX,,29.7428866,-95.4061302,Geofabrik OpenStreetMap GeoPackage extract,2026-08-16T03:29:35Z,open,ODbL; attribution and share-alike required,packet_ready,geofabrik_named_food_service
national-post-office-tx-sam-houston-5869764f51,SAM HOUSTON post-office-centered national sample candidate,national_post_office_sample_candidate,food_service,osm:node:12463956788,Pavón Coffee Den,,,SAM HOUSTON,TX,,29.7556397,-95.3950029,Geofabrik OpenStreetMap GeoPackage extract,2026-08-16T03:29:35Z,open,ODbL; attribution and share-alike required,packet_ready,geofabrik_named_food_service
national-post-office-tx-sam-houston-5869764f51,SAM HOUSTON post-office-centered national sample candidate,national_post_office_sample_candidate,food_service,osm:node:10568369405,Pepe's Taqueria,,,SAM HOUSTON,TX,,29.7815717,-95.3594187,Geofabrik OpenStreetMap GeoPackage extract,2026-08-16T03:29:35Z,open,ODbL; attribution and share-alike required,packet_ready,geofabrik_named_food_service
national-post-office-tx-sam-houston-5869764f51,SAM HOUSTON post-office-centered national sample candidate,national_post_office_sample_candidate,food_service,osm:node:11731213065,Pepper Twins River Oaks,,,SAM HOUSTON,TX,,29.7526923,-95.4034017,Geofabrik OpenStreetMap GeoPackage extract,2026-08-16T03:29:35Z,open,ODbL; attribution and share-alike required,packet_ready,geofabrik_named_food_service
national-post-office-tx-sam-houston-5869764f51,SAM HOUSTON post-office-centered national sample candidate,national_post_office_sample_candidate,food_service,osm:node:10065879796,Pepperoni's,,,SAM HOUSTON,TX,,29.7452839,-95.3917350,Geofabrik OpenStreetMap GeoPackage extract,2026-08-16T03:29:35Z,open,ODbL; attribution and share-alike required,packet_ready,geofabrik_named_food_service
national-post-office-tx-sam-houston-5869764f51,SAM HOUSTON post-office-centered national sample candidate,national_post_office_sample_candidate,food_service,osm:node:3746593297,Perbacco,,,SAM HOUSTON,TX,,29.7601901,-95.3651729,Geofabrik OpenStreetMap GeoPackage extract,2026-08-16T03:29:35Z,open,ODbL; attribution and share-alike required,packet_ready,geofabrik_named_food_service
national-post-office-tx-sam-houston-5869764f51,SAM HOUSTON post-office-centered national sample candidate,national_post_office_sample_candidate,food_service,osm:node:7089701312,Perk Coffee Shop,,,SAM HOUSTON,TX,,29.7535592,-95.3652924,Geofabrik OpenStreetMap GeoPackage extract,2026-08-16T03:29:35Z,open,ODbL; attribution and share-alike required,packet_ready,geofabrik_named_food_service
national-post-office-tx-sam-houston-5869764f51,SAM HOUSTON post-office-centered national sample candidate,national_post_office_sample_candidate,food_service,osm:node:5759425353,Phil & Derek's Restaurant & Jazz Lounge,,,SAM HOUSTON,TX,,29.7443186,-95.3654024,Geofabrik OpenStreetMap GeoPackage extract,2026-08-16T03:29:35Z,open,ODbL; attribution and share-alike required,packet_ready,geofabrik_named_food_service
national-post-office-tx-sam-houston-5869764f51,SAM HOUSTON post-office-centered national sample candidate,national_post_office_sample_candidate,food_service,osm:node:9609134649,Pho Saigom,,,SAM HOUSTON,TX,,29.7451159,-95.3775770,Geofabrik OpenStreetMap GeoPackage extract,2026-08-16T03:29:35Z,open,ODbL; attribution and share-alike required,packet_ready,geofabrik_named_food_service
national-post-office-tx-sam-houston-5869764f51,SAM HOUSTON post-office-centered national sample candidate,national_post_office_sample_candidate,food_service,osm:way:839464535,Piggy's Kitchen & Bar,,,SAM HOUSTON,TX,,29.7580226,-95.4020254,Geofabrik OpenStreetMap GeoPackage extract,2026-08-16T03:29:35Z,open,ODbL; attribution and share-alike required,packet_ready,geofabrik_named_food_service
national-post-office-tx-sam-houston-5869764f51,SAM HOUSTON post-office-centered national sample candidate,national_post_office_sample_candidate,food_service,osm:node:8451861252,Pinballz Pizzeria,,,SAM HOUSTON,TX,,29.7578391,-95.3470413,Geofabrik OpenStreetMap GeoPackage extract,2026-08-16T03:29:35Z,open,ODbL; attribution and share-alike required,packet_ready,geofabrik_named_food_service
national-post-office-tx-sam-houston-5869764f51,SAM HOUSTON post-office-centered national sample candidate,national_post_office_sample_candidate,food_service,osm:node:3679718628,Pink's Pizza,,,SAM HOUSTON,TX,,29.7226439,-95.3372000,Geofabrik OpenStreetMap GeoPackage extract,2026-08-16T03:29:35Z,open,ODbL; attribution and share-alike required,packet_ready,geofabrik_named_food_service
national-post-office-tx-sam-houston-5869764f51,SAM HOUSTON post-office-centered national sample candidate,national_post_office_sample_candidate,food_service,osm:node:9736154662,Pink's Pizza,,,SAM HOUSTON,TX,,29.7535955,-95.3892958,Geofabrik OpenStreetMap GeoPackage extract,2026-08-16T03:29:35Z,open,ODbL; attribution and share-alike required,packet_ready,geofabrik_named_food_service
national-post-office-tx-sam-houston-5869764f51,SAM HOUSTON post-office-centered national sample candidate,national_post_office_sample_candidate,food_service,osm:node:1009805811,Piola,,,SAM HOUSTON,TX,,29.7427972,-95.3797685,Geofabrik OpenStreetMap GeoPackage extract,2026-08-16T03:29:35Z,open,ODbL; attribution and share-alike required,packet_ready,geofabrik_named_food_service
national-post-office-tx-sam-houston-5869764f51,SAM HOUSTON post-office-centered national sample candidate,national_post_office_sample_candidate,food_service,osm:node:12542603459,Pizaro's Pizza Napoletana,,,SAM HOUSTON,TX,,29.7535635,-95.3919524,Geofabrik OpenStreetMap GeoPackage extract,2026-08-16T03:29:35Z,open,ODbL; attribution and share-alike required,packet_ready,geofabrik_named_food_service
national-post-office-tx-sam-houston-5869764f51,SAM HOUSTON post-office-centered national sample candidate,national_post_office_sample_candidate,food_service,osm:node:9758539429,Pizza Birra Vino,,,SAM HOUSTON,TX,,29.7600110,-95.3985652,Geofabrik OpenStreetMap GeoPackage extract,2026-08-16T03:29:35Z,open,ODbL; attribution and share-alike required,packet_ready,geofabrik_named_food_service
national-post-office-tx-sam-houston-5869764f51,SAM HOUSTON post-office-centered national sample candidate,national_post_office_sample_candidate,food_service,osm:node:3797613681,Pizza Hut,,,SAM HOUSTON,TX,,29.7518735,-95.3554905,Geofabrik OpenStreetMap GeoPackage extract,2026-08-16T03:29:35Z,open,ODbL; attribution and share-alike required,packet_ready,geofabrik_named_food_service
national-post-office-tx-sam-houston-5869764f51,SAM HOUSTON post-office-centered national sample candidate,national_post_office_sample_candidate,food_service,osm:node:7903617625,Pizza Hut,,,SAM HOUSTON,TX,,29.7773548,-95.3968942,Geofabrik OpenStreetMap GeoPackage extract,2026-08-16T03:29:35Z,open,ODbL; attribution and share-alike required,packet_ready,geofabrik_named_food_service
national-post-office-tx-sam-houston-5869764f51,SAM HOUSTON post-office-centered national sample candidate,national_post_office_sample_candidate,food_service,osm:way:428095831,Pizza Hut,,,SAM HOUSTON,TX,,29.7437795,-95.3945601,Geofabrik OpenStreetMap GeoPackage extract,2026-08-16T03:29:35Z,open,ODbL; attribution and share-alike required,packet_ready,geofabrik_named_food_service
national-post-office-tx-sam-houston-5869764f51,SAM HOUSTON post-office-centered national sample candidate,national_post_office_sample_candidate,food_service,osm:node:10598865778,Pizza Love,,,SAM HOUSTON,TX,,29.7420679,-95.3905746,Geofabrik OpenStreetMap GeoPackage extract,2026-08-16T03:29:35Z,open,ODbL; attribution and share-alike required,packet_ready,geofabrik_named_food_service
national-post-office-tx-sam-houston-5869764f51,SAM HOUSTON post-office-centered national sample candidate,national_post_office_sample_candidate,food_service,osm:node:6868668792,Pokeworks,,,SAM HOUSTON,TX,,29.7746457,-95.3982130,Geofabrik OpenStreetMap GeoPackage extract,2026-08-16T03:29:35Z,open,ODbL; attribution and share-alike required,packet_ready,geofabrik_named_food_service
national-post-office-tx-sam-houston-5869764f51,SAM HOUSTON post-office-centered national sample candidate,national_post_office_sample_candidate,food_service,osm:node:4582232543,Poké Fresh,,,SAM HOUSTON,TX,,29.7581010,-95.3701370,Geofabrik OpenStreetMap GeoPackage extract,2026-08-16T03:29:35Z,open,ODbL; attribution and share-alike required,packet_ready,geofabrik_named_food_service
national-post-office-tx-sam-houston-5869764f51,SAM HOUSTON post-office-centered national sample candidate,national_post_office_sample_candidate,food_service,osm:node:10566816713,Poké in the Bowl,,,SAM HOUSTON,TX,,29.7442081,-95.3881812,Geofabrik OpenStreetMap GeoPackage extract,2026-08-16T03:29:35Z,open,ODbL; attribution and share-alike required,packet_ready,geofabrik_named_food_service
national-post-office-tx-sam-houston-5869764f51,SAM HOUSTON post-office-centered national sample candidate,national_post_office_sample_candidate,food_service,osm:way:1074366182,Popeyes,,,SAM HOUSTON,TX,,29.7336857,-95.3485345,Geofabrik OpenStreetMap GeoPackage extract,2026-08-16T03:29:35Z,open,ODbL; attribution and share-alike required,packet_ready,geofabrik_named_food_service
national-post-office-tx-sam-houston-5869764f51,SAM HOUSTON post-office-centered national sample candidate,national_post_office_sample_candidate,food_service,osm:way:1025022981,Poppa Burger,,,SAM HOUSTON,TX,,29.7741591,-95.3604462,Geofabrik OpenStreetMap GeoPackage extract,2026-08-16T03:29:35Z,open,ODbL; attribution and share-alike required,packet_ready,geofabrik_named_food_service
national-post-office-tx-sam-houston-5869764f51,SAM HOUSTON post-office-centered national sample candidate,national_post_office_sample_candidate,food_service,osm:node:10164209432,Postino,,,SAM HOUSTON,TX,,29.7830770,-95.3985745,Geofabrik OpenStreetMap GeoPackage extract,2026-08-16T03:29:35Z,open,ODbL; attribution and share-alike required,packet_ready,geofabrik_named_food_service
national-post-office-tx-sam-houston-5869764f51,SAM HOUSTON post-office-centered national sample candidate,national_post_office_sample_candidate,food_service,osm:way:428095772,Postino Montrose,,,SAM HOUSTON,TX,,29.7465245,-95.3902969,Geofabrik OpenStreetMap GeoPackage extract,2026-08-16T03:29:35Z,open,ODbL; attribution and share-alike required,packet_ready,geofabrik_named_food_service
national-post-office-tx-sam-houston-5869764f51,SAM HOUSTON post-office-centered national sample candidate,national_post_office_sample_candidate,food_service,osm:node:3335371397,Potbelly,,,SAM HOUSTON,TX,,29.7465193,-95.3766423,Geofabrik OpenStreetMap GeoPackage extract,2026-08-16T03:29:35Z,open,ODbL; attribution and share-alike required,packet_ready,geofabrik_named_food_service
national-post-office-tx-sam-houston-5869764f51,SAM HOUSTON post-office-centered national sample candidate,national_post_office_sample_candidate,food_service,osm:node:13070350135,Press Waffle Co.,,,SAM HOUSTON,TX,,29.7631385,-95.3647591,Geofabrik OpenStreetMap GeoPackage extract,2026-08-16T03:29:35Z,open,ODbL; attribution and share-alike required,packet_ready,geofabrik_named_food_service
national-post-office-tx-sam-houston-5869764f51,SAM HOUSTON post-office-centered national sample candidate,national_post_office_sample_candidate,food_service,osm:node:9800488525,Pressed,,,SAM HOUSTON,TX,,29.7841149,-95.3986628,Geofabrik OpenStreetMap GeoPackage extract,2026-08-16T03:29:35Z,open,ODbL; attribution and share-alike required,packet_ready,geofabrik_named_food_service
national-post-office-tx-sam-houston-5869764f51,SAM HOUSTON post-office-centered national sample candidate,national_post_office_sample_candidate,food_service,osm:node:10782261802,PrimoHoagies,,,SAM HOUSTON,TX,,29.7697345,-95.4012695,Geofabrik OpenStreetMap GeoPackage extract,2026-08-16T03:29:35Z,open,ODbL; attribution and share-alike required,packet_ready,geofabrik_named_food_service
national-post-office-tx-sam-houston-5869764f51,SAM HOUSTON post-office-centered national sample candidate,national_post_office_sample_candidate,food_service,osm:way:685990610,Ramen Tatsu-Ya,,,SAM HOUSTON,TX,,29.7432799,-95.3983017,Geofabrik OpenStreetMap GeoPackage extract,2026-08-16T03:29:35Z,open,ODbL; attribution and share-alike required,packet_ready,geofabrik_named_food_service
national-post-office-tx-sam-houston-5869764f51,SAM HOUSTON post-office-centered national sample candidate,national_post_office_sample_candidate,food_service,osm:way:1010649748,Rare,,,SAM HOUSTON,TX,,29.7697859,-95.4024294,Geofabrik OpenStreetMap GeoPackage extract,2026-08-16T03:29:35Z,open,ODbL; attribution and share-alike required,packet_ready,geofabrik_named_food_service
national-post-office-tx-sam-houston-5869764f51,SAM HOUSTON post-office-centered national sample candidate,national_post_office_sample_candidate,food_service,osm:node:13070337589,Reggae Hut,,,SAM HOUSTON,TX,,29.7265514,-95.3776957,Geofabrik OpenStreetMap GeoPackage extract,2026-08-16T03:29:35Z,open,ODbL; attribution and share-alike required,packet_ready,geofabrik_named_food_service
national-post-office-tx-sam-houston-5869764f51,SAM HOUSTON post-office-centered national sample candidate,national_post_office_sample_candidate,food_service,osm:way:902288266,Riva's,,,SAM HOUSTON,TX,,29.7460594,-95.3925584,Geofabrik OpenStreetMap GeoPackage extract,2026-08-16T03:29:35Z,open,ODbL; attribution and share-alike required,packet_ready,geofabrik_named_food_service
national-post-office-tx-sam-houston-5869764f51,SAM HOUSTON post-office-centered national sample candidate,national_post_office_sample_candidate,food_service,osm:way:781375274,Rivas Coffee,,,SAM HOUSTON,TX,,29.7874996,-95.3880078,Geofabrik OpenStreetMap GeoPackage extract,2026-08-16T03:29:35Z,open,ODbL; attribution and share-alike required,packet_ready,geofabrik_named_food_service
national-post-office-tx-sam-houston-5869764f51,SAM HOUSTON post-office-centered national sample candidate,national_post_office_sample_candidate,food_service,osm:node:5757159960,Rodeo Goat,,,SAM HOUSTON,TX,,29.7499200,-95.3563440,Geofabrik OpenStreetMap GeoPackage extract,2026-08-16T03:29:35Z,open,ODbL; attribution and share-alike required,packet_ready,geofabrik_named_food_service
national-post-office-tx-sam-houston-5869764f51,SAM HOUSTON post-office-centered national sample candidate,national_post_office_sample_candidate,food_service,osm:node:12911498302,Roll-em-Up Taquitos,,,SAM HOUSTON,TX,,29.7746515,-95.3879414,Geofabrik OpenStreetMap GeoPackage extract,2026-08-16T03:29:35Z,open,ODbL; attribution and share-alike required,packet_ready,geofabrik_named_food_service
national-post-office-tx-sam-houston-5869764f51,SAM HOUSTON post-office-centered national sample candidate,national_post_office_sample_candidate,food_service,osm:node:12164208678,Roma Norte,,,SAM HOUSTON,TX,,29.7713851,-95.3824326,Geofabrik OpenStreetMap GeoPackage extract,2026-08-16T03:29:35Z,open,ODbL; attribution and share-alike required,packet_ready,geofabrik_named_food_service
national-post-office-tx-sam-houston-5869764f51,SAM HOUSTON post-office-centered national sample candidate,national_post_office_sample_candidate,food_service,osm:node:6152292124,Roma's Pizza,,,SAM HOUSTON,TX,,29.7622816,-95.3604831,Geofabrik OpenStreetMap GeoPackage extract,2026-08-16T03:29:35Z,open,ODbL; attribution and share-alike required,packet_ready,geofabrik_named_food_service
national-post-office-tx-sam-houston-5869764f51,SAM HOUSTON post-office-centered national sample candidate,national_post_office_sample_candidate,food_service,osm:node:8870719126,Russo's New York Pizzeria,,,SAM HOUSTON,TX,,29.7813334,-95.3893840,Geofabrik OpenStreetMap GeoPackage extract,2026-08-16T03:29:35Z,open,ODbL; attribution and share-alike required,packet_ready,geofabrik_named_food_service
national-post-office-tx-sam-houston-5869764f51,SAM HOUSTON post-office-centered national sample candidate,national_post_office_sample_candidate,food_service,osm:node:9413674216,Salata,,,SAM HOUSTON,TX,,29.7735742,-95.3979472,Geofabrik OpenStreetMap GeoPackage extract,2026-08-16T03:29:35Z,open,ODbL; attribution and share-alike required,packet_ready,geofabrik_named_food_service
national-post-office-tx-sam-houston-5869764f51,SAM HOUSTON post-office-centered national sample candidate,national_post_office_sample_candidate,food_service,osm:node:10935336272,Saltgrass Steak House,,,SAM HOUSTON,TX,,29.7536618,-95.3570282,Geofabrik OpenStreetMap GeoPackage extract,2026-08-16T03:29:35Z,open,ODbL; attribution and share-alike required,packet_ready,geofabrik_named_food_service
national-post-office-tx-sam-houston-5869764f51,SAM HOUSTON post-office-centered national sample candidate,national_post_office_sample_candidate,food_service,osm:node:9616227838,Sam's Cafe,,,SAM HOUSTON,TX,,29.7675909,-95.3916780,Geofabrik OpenStreetMap GeoPackage extract,2026-08-16T03:29:35Z,open,ODbL; attribution and share-alike required,packet_ready,geofabrik_named_food_service
national-post-office-tx-sam-houston-5869764f51,SAM HOUSTON post-office-centered national sample candidate,national_post_office_sample_candidate,food_service,osm:node:3633482901,Sambuca,,,SAM HOUSTON,TX,,29.7605400,-95.3631907,Geofabrik OpenStreetMap GeoPackage extract,2026-08-16T03:29:35Z,open,ODbL; attribution and share-alike required,packet_ready,geofabrik_named_food_service
national-post-office-tx-sam-houston-5869764f51,SAM HOUSTON post-office-centered national sample candidate,national_post_office_sample_candidate,food_service,osm:node:3633283346,Sapporo Sushi & Bar,,,SAM HOUSTON,TX,,29.7632214,-95.3620814,Geofabrik OpenStreetMap GeoPackage extract,2026-08-16T03:29:35Z,open,ODbL; attribution and share-alike required,packet_ready,geofabrik_named_food_service
national-post-office-tx-sam-houston-5869764f51,SAM HOUSTON post-office-centered national sample candidate,national_post_office_sample_candidate,food_service,osm:node:5499190974,Schlotzsky's,,,SAM HOUSTON,TX,,29.7584729,-95.3653197,Geofabrik OpenStreetMap GeoPackage extract,2026-08-16T03:29:35Z,open,ODbL; attribution and share-alike required,packet_ready,geofabrik_named_food_service
national-post-office-tx-sam-houston-5869764f51,SAM HOUSTON post-office-centered national sample candidate,national_post_office_sample_candidate,food_service,osm:node:7919739134,Schlotzsky's,,,SAM HOUSTON,TX,,29.7703273,-95.3983399,Geofabrik OpenStreetMap GeoPackage extract,2026-08-16T03:29:35Z,open,ODbL; attribution and share-alike required,packet_ready,geofabrik_named_food_service
national-post-office-tx-sam-houston-5869764f51,SAM HOUSTON post-office-centered national sample candidate,national_post_office_sample_candidate,food_service,osm:way:375296749,Seaside Lounge,,,SAM HOUSTON,TX,,29.7580119,-95.3756624,Geofabrik OpenStreetMap GeoPackage extract,2026-08-16T03:29:35Z,open,ODbL; attribution and share-alike required,packet_ready,geofabrik_named_food_service
national-post-office-tx-sam-houston-5869764f51,SAM HOUSTON post-office-centered national sample candidate,national_post_office_sample_candidate,food_service,osm:node:9902045468,Shake Shack,,,SAM HOUSTON,TX,,29.7591815,-95.3635376,Geofabrik OpenStreetMap GeoPackage extract,2026-08-16T03:29:35Z,open,ODbL; attribution and share-alike required,packet_ready,geofabrik_named_food_service
national-post-office-tx-sam-houston-5869764f51,SAM HOUSTON post-office-centered national sample candidate,national_post_office_sample_candidate,food_service,osm:node:1567411162,Shokku Ramen,,,SAM HOUSTON,TX,,29.7887188,-95.3880842,Geofabrik OpenStreetMap GeoPackage extract,2026-08-16T03:29:35Z,open,ODbL; attribution and share-alike required,packet_ready,geofabrik_named_food_service
national-post-office-tx-sam-houston-5869764f51,SAM HOUSTON post-office-centered national sample candidate,national_post_office_sample_candidate,food_service,osm:node:4040879530,Simply Phở,,,SAM HOUSTON,TX,,29.7438610,-95.3776454,Geofabrik OpenStreetMap GeoPackage extract,2026-08-16T03:29:35Z,open,ODbL; attribution and share-alike required,packet_ready,geofabrik_named_food_service
national-post-office-tx-sam-houston-5869764f51,SAM HOUSTON post-office-centered national sample candidate,national_post_office_sample_candidate,food_service,osm:node:3637431631,Siphon Coffee,,,SAM HOUSTON,TX,,29.7383874,-95.3882991,Geofabrik OpenStreetMap GeoPackage extract,2026-08-16T03:29:35Z,open,ODbL; attribution and share-alike required,packet_ready,geofabrik_named_food_service
national-post-office-tx-sam-houston-5869764f51,SAM HOUSTON post-office-centered national sample candidate,national_post_office_sample_candidate,food_service,osm:node:9609206049,Siu Lap City,,,SAM HOUSTON,TX,,29.7452409,-95.3775674,Geofabrik OpenStreetMap GeoPackage extract,2026-08-16T03:29:35Z,open,ODbL; attribution and share-alike required,packet_ready,geofabrik_named_food_service
national-post-office-tx-sam-houston-5869764f51,SAM HOUSTON post-office-centered national sample candidate,national_post_office_sample_candidate,food_service,osm:node:6879700341,Slowdrip TX,,,SAM HOUSTON,TX,,29.7519015,-95.3679437,Geofabrik OpenStreetMap GeoPackage extract,2026-08-16T03:29:35Z,open,ODbL; attribution and share-alike required,packet_ready,geofabrik_named_food_service
national-post-office-tx-sam-houston-5869764f51,SAM HOUSTON post-office-centered national sample candidate,national_post_office_sample_candidate,food_service,osm:node:7653560486,Smashburger,,,SAM HOUSTON,TX,,29.7732111,-95.3982518,Geofabrik OpenStreetMap GeoPackage extract,2026-08-16T03:29:35Z,open,ODbL; attribution and share-alike required,packet_ready,geofabrik_named_food_service
national-post-office-tx-sam-houston-5869764f51,SAM HOUSTON post-office-centered national sample candidate,national_post_office_sample_candidate,food_service,osm:node:7155215530,Smoothie King,,,SAM HOUSTON,TX,,29.7757751,-95.3826939,Geofabrik OpenStreetMap GeoPackage extract,2026-08-16T03:29:35Z,open,ODbL; attribution and share-alike required,packet_ready,geofabrik_named_food_service
national-post-office-tx-sam-houston-5869764f51,SAM HOUSTON post-office-centered national sample candidate,national_post_office_sample_candidate,food_service,osm:way:428095814,Smoothie King,,,SAM HOUSTON,TX,,29.7444593,-95.3909586,Geofabrik OpenStreetMap GeoPackage extract,2026-08-16T03:29:35Z,open,ODbL; attribution and share-alike required,packet_ready,geofabrik_named_food_service
national-post-office-tx-sam-houston-5869764f51,SAM HOUSTON post-office-centered national sample candidate,national_post_office_sample_candidate,food_service,osm:way:428097005,"Snooze, an A.M. Eatery",,,SAM HOUSTON,TX,,29.7439194,-95.3909633,Geofabrik OpenStreetMap GeoPackage extract,2026-08-16T03:29:35Z,open,ODbL; attribution and share-alike required,packet_ready,geofabrik_named_food_service
national-post-office-tx-sam-houston-5869764f51,SAM HOUSTON post-office-centered national sample candidate,national_post_office_sample_candidate,food_service,osm:node:5757175836,Solecita,,,SAM HOUSTON,TX,,29.7614380,-95.3624825,Geofabrik OpenStreetMap GeoPackage extract,2026-08-16T03:29:35Z,open,ODbL; attribution and share-alike required,packet_ready,geofabrik_named_food_service
national-post-office-tx-sam-houston-5869764f51,SAM HOUSTON post-office-centered national sample candidate,national_post_office_sample_candidate,food_service,osm:way:673920507,Someburger,,,SAM HOUSTON,TX,,29.7909917,-95.3880954,Geofabrik OpenStreetMap GeoPackage extract,2026-08-16T03:29:35Z,open,ODbL; attribution and share-alike required,packet_ready,geofabrik_named_food_service
national-post-office-tx-sam-houston-5869764f51,SAM HOUSTON post-office-centered national sample candidate,national_post_office_sample_candidate,food_service,osm:way:438333023,Sonic,,,SAM HOUSTON,TX,,29.7690288,-95.3874088,Geofabrik OpenStreetMap GeoPackage extract,2026-08-16T03:29:35Z,open,ODbL; attribution and share-alike required,packet_ready,geofabrik_named_food_service
national-post-office-tx-sam-houston-5869764f51,SAM HOUSTON post-office-centered national sample candidate,national_post_office_sample_candidate,food_service,osm:node:5703182724,Sorrento Ristorante,,,SAM HOUSTON,TX,,29.7442487,-95.3870534,Geofabrik OpenStreetMap GeoPackage extract,2026-08-16T03:29:35Z,open,ODbL; attribution and share-alike required,packet_ready,geofabrik_named_food_service
national-post-office-tx-sam-houston-5869764f51,SAM HOUSTON post-office-centered national sample candidate,national_post_office_sample_candidate,food_service,osm:node:4074332967,SouthSide Espresso,,,SAM HOUSTON,TX,,29.7449924,-95.3907000,Geofabrik OpenStreetMap GeoPackage extract,2026-08-16T03:29:35Z,open,ODbL; attribution and share-alike required,packet_ready,geofabrik_named_food_service
national-post-office-tx-sam-houston-5869764f51,SAM HOUSTON post-office-centered national sample candidate,national_post_office_sample_candidate,food_service,osm:way:567925865,Spanish Village,,,SAM HOUSTON,TX,,29.7272271,-95.3775339,Geofabrik OpenStreetMap GeoPackage extract,2026-08-16T03:29:35Z,open,ODbL; attribution and share-alike required,packet_ready,geofabrik_named_food_service
national-post-office-tx-sam-houston-5869764f51,SAM HOUSTON post-office-centered national sample candidate,national_post_office_sample_candidate,food_service,osm:node:8066935497,Sparkles Burger,,,SAM HOUSTON,TX,,29.7266721,-95.3714477,Geofabrik OpenStreetMap GeoPackage extract,2026-08-16T03:29:35Z,open,ODbL; attribution and share-alike required,packet_ready,geofabrik_named_food_service
national-post-office-tx-sam-houston-5869764f51,SAM HOUSTON post-office-centered national sample candidate,national_post_office_sample_candidate,food_service,osm:node:10187202315,Spicy Girl,,,SAM HOUSTON,TX,,29.7389279,-95.3801327,Geofabrik OpenStreetMap GeoPackage extract,2026-08-16T03:29:35Z,open,ODbL; attribution and share-alike required,packet_ready,geofabrik_named_food_service
national-post-office-tx-sam-houston-5869764f51,SAM HOUSTON post-office-centered national sample candidate,national_post_office_sample_candidate,food_service,osm:node:5191074290,Stanton's City Bites,,,SAM HOUSTON,TX,,29.7709364,-95.3721326,Geofabrik OpenStreetMap GeoPackage extract,2026-08-16T03:29:35Z,open,ODbL; attribution and share-alike required,packet_ready,geofabrik_named_food_service
national-post-office-tx-sam-houston-5869764f51,SAM HOUSTON post-office-centered national sample candidate,national_post_office_sample_candidate,food_service,osm:node:4040988398,Star Pizza #2,,,SAM HOUSTON,TX,,29.7700613,-95.3962089,Geofabrik OpenStreetMap GeoPackage extract,2026-08-16T03:29:35Z,open,ODbL; attribution and share-alike required,packet_ready,geofabrik_named_food_service
national-post-office-tx-sam-houston-5869764f51,SAM HOUSTON post-office-centered national sample candidate,national_post_office_sample_candidate,food_service,osm:node:10933108966,Starbucks,,,SAM HOUSTON,TX,,29.7508067,-95.3586479,Geofabrik OpenStreetMap GeoPackage extract,2026-08-16T03:29:35Z,open,ODbL; attribution and share-alike required,packet_ready,geofabrik_named_food_service
national-post-office-tx-sam-houston-5869764f51,SAM HOUSTON post-office-centered national sample candidate,national_post_office_sample_candidate,food_service,osm:node:11223332239,Starbucks,,,SAM HOUSTON,TX,,29.7447001,-95.3806504,Geofabrik OpenStreetMap GeoPackage extract,2026-08-16T03:29:35Z,open,ODbL; attribution and share-alike required,packet_ready,geofabrik_named_food_service
national-post-office-tx-sam-houston-5869764f51,SAM HOUSTON post-office-centered national sample candidate,national_post_office_sample_candidate,food_service,osm:node:11574858057,Starbucks,,,SAM HOUSTON,TX,,29.7585614,-95.3634418,Geofabrik OpenStreetMap GeoPackage extract,2026-08-16T03:29:35Z,open,ODbL; attribution and share-alike required,packet_ready,geofabrik_named_food_service
national-post-office-tx-sam-houston-5869764f51,SAM HOUSTON post-office-centered national sample candidate,national_post_office_sample_candidate,food_service,osm:node:12510925497,Starbucks,,,SAM HOUSTON,TX,,29.7911075,-95.3865980,Geofabrik OpenStreetMap GeoPackage extract,2026-08-16T03:29:35Z,open,ODbL; attribution and share-alike required,packet_ready,geofabrik_named_food_service
national-post-office-tx-sam-houston-5869764f51,SAM HOUSTON post-office-centered national sample candidate,national_post_office_sample_candidate,food_service,osm:node:12542603461,Starbucks,,,SAM HOUSTON,TX,,29.7752596,-95.3906218,Geofabrik OpenStreetMap GeoPackage extract,2026-08-16T03:29:35Z,open,ODbL; attribution and share-alike required,packet_ready,geofabrik_named_food_service
national-post-office-tx-sam-houston-5869764f51,SAM HOUSTON post-office-centered national sample candidate,national_post_office_sample_candidate,food_service,osm:node:3136604734,Starbucks,,,SAM HOUSTON,TX,,29.7747678,-95.3983383,Geofabrik OpenStreetMap GeoPackage extract,2026-08-16T03:29:35Z,open,ODbL; attribution and share-alike required,packet_ready,geofabrik_named_food_service
national-post-office-tx-sam-houston-5869764f51,SAM HOUSTON post-office-centered national sample candidate,national_post_office_sample_candidate,food_service,osm:node:3335371394,Starbucks,,,SAM HOUSTON,TX,,29.7465706,-95.3767282,Geofabrik OpenStreetMap GeoPackage extract,2026-08-16T03:29:35Z,open,ODbL; attribution and share-alike required,packet_ready,geofabrik_named_food_service
national-post-office-tx-sam-houston-5869764f51,SAM HOUSTON post-office-centered national sample candidate,national_post_office_sample_candidate,food_service,osm:node:3335384117,Starbucks,,,SAM HOUSTON,TX,,29.7488130,-95.3745347,Geofabrik OpenStreetMap GeoPackage extract,2026-08-16T03:29:35Z,open,ODbL; attribution and share-alike required,packet_ready,geofabrik_named_food_service
national-post-office-tx-sam-houston-5869764f51,SAM HOUSTON post-office-centered national sample candidate,national_post_office_sample_candidate,food_service,osm:node:3529370900,Starbucks,,,SAM HOUSTON,TX,,29.7505266,-95.3746958,Geofabrik OpenStreetMap GeoPackage extract,2026-08-16T03:29:35Z,open,ODbL; attribution and share-alike required,packet_ready,geofabrik_named_food_service
national-post-office-tx-sam-houston-5869764f51,SAM HOUSTON post-office-centered national sample candidate,national_post_office_sample_candidate,food_service,osm:node:4322377711,Starbucks,,,SAM HOUSTON,TX,,29.7515798,-95.3601287,Geofabrik OpenStreetMap GeoPackage extract,2026-08-16T03:29:35Z,open,ODbL; attribution and share-alike required,packet_ready,geofabrik_named_food_service
national-post-office-tx-sam-houston-5869764f51,SAM HOUSTON post-office-centered national sample candidate,national_post_office_sample_candidate,food_service,osm:node:4446394698,Starbucks,,,SAM HOUSTON,TX,,29.7556333,-95.3667303,Geofabrik OpenStreetMap GeoPackage extract,2026-08-16T03:29:35Z,open,ODbL; attribution and share-alike required,packet_ready,geofabrik_named_food_service
national-post-office-tx-sam-houston-5869764f51,SAM HOUSTON post-office-centered national sample candidate,national_post_office_sample_candidate,food_service,osm:node:7154907620,Starbucks,,,SAM HOUSTON,TX,,29.7744169,-95.3850808,Geofabrik OpenStreetMap GeoPackage extract,2026-08-16T03:29:35Z,open,ODbL; attribution and share-alike required,packet_ready,geofabrik_named_food_service
national-post-office-tx-sam-houston-5869764f51,SAM HOUSTON post-office-centered national sample candidate,national_post_office_sample_candidate,food_service,osm:node:8113756206,Starbucks,,,SAM HOUSTON,TX,,29.7734436,-95.3895584,Geofabrik OpenStreetMap GeoPackage extract,2026-08-16T03:29:35Z,open,ODbL; attribution and share-alike required,packet_ready,geofabrik_named_food_service
national-post-office-tx-sam-houston-5869764f51,SAM HOUSTON post-office-centered national sample candidate,national_post_office_sample_candidate,food_service,osm:way:1096451360,Starbucks,,,SAM HOUSTON,TX,,29.7422202,-95.3905545,Geofabrik OpenStreetMap GeoPackage extract,2026-08-16T03:29:35Z,open,ODbL; attribution and share-alike required,packet_ready,geofabrik_named_food_service
national-post-office-tx-sam-houston-5869764f51,SAM HOUSTON post-office-centered national sample candidate,national_post_office_sample_candidate,food_service,osm:way:839477298,Starbucks,,,SAM HOUSTON,TX,,29.7339902,-95.4049564,Geofabrik OpenStreetMap GeoPackage extract,2026-08-16T03:29:35Z,open,ODbL; attribution and share-alike required,packet_ready,geofabrik_named_food_service
national-post-office-tx-sam-houston-5869764f51,SAM HOUSTON post-office-centered national sample candidate,national_post_office_sample_candidate,food_service,osm:node:13737980402,Station 8 Coffe,,,SAM HOUSTON,TX,,29.7613666,-95.3643192,Geofabrik OpenStreetMap GeoPackage extract,2026-08-16T03:29:35Z,open,ODbL; attribution and share-alike required,packet_ready,geofabrik_named_food_service
national-post-office-tx-sam-houston-5869764f51,SAM HOUSTON post-office-centered national sample candidate,national_post_office_sample_candidate,food_service,osm:way:317813750,Stuff'd Wings,,,SAM HOUSTON,TX,,29.7343290,-95.3842899,Geofabrik OpenStreetMap GeoPackage extract,2026-08-16T03:29:35Z,open,ODbL; attribution and share-alike required,packet_ready,geofabrik_named_food_service
national-post-office-tx-sam-houston-5869764f51,SAM HOUSTON post-office-centered national sample candidate,national_post_office_sample_candidate,food_service,osm:node:10731739647,Subway,,,SAM HOUSTON,TX,,29.7496595,-95.3778763,Geofabrik OpenStreetMap GeoPackage extract,2026-08-16T03:29:35Z,open,ODbL; attribution and share-alike required,packet_ready,geofabrik_named_food_service
national-post-office-tx-sam-houston-5869764f51,SAM HOUSTON post-office-centered national sample candidate,national_post_office_sample_candidate,food_service,osm:node:2648298368,Subway,,,SAM HOUSTON,TX,,29.7466355,-95.3598421,Geofabrik OpenStreetMap GeoPackage extract,2026-08-16T03:29:35Z,open,ODbL; attribution and share-alike required,packet_ready,geofabrik_named_food_service
national-post-office-tx-sam-houston-5869764f51,SAM HOUSTON post-office-centered national sample candidate,national_post_office_sample_candidate,food_service,osm:node:3684468271,Subway,,,SAM HOUSTON,TX,,29.7225299,-95.3519286,Geofabrik OpenStreetMap GeoPackage extract,2026-08-16T03:29:35Z,open,ODbL; attribution and share-alike required,packet_ready,geofabrik_named_food_service
national-post-office-tx-sam-houston-5869764f51,SAM HOUSTON post-office-centered national sample candidate,national_post_office_sample_candidate,food_service,osm:node:7903617626,Subway,,,SAM HOUSTON,TX,,29.7773979,-95.3969881,Geofabrik OpenStreetMap GeoPackage extract,2026-08-16T03:29:35Z,open,ODbL; attribution and share-alike required,packet_ready,geofabrik_named_food_service
national-post-office-tx-sam-houston-5869764f51,SAM HOUSTON post-office-centered national sample candidate,national_post_office_sample_candidate,food_service,osm:node:9758539427,Subway,,,SAM HOUSTON,TX,,29.7602846,-95.3985678,Geofabrik OpenStreetMap GeoPackage extract,2026-08-16T03:29:35Z,open,ODbL; attribution and share-alike required,packet_ready,geofabrik_named_food_service
national-post-office-tx-sam-houston-5869764f51,SAM HOUSTON post-office-centered national sample candidate,national_post_office_sample_candidate,food_service,osm:node:9902524107,Subway,,,SAM HOUSTON,TX,,29.7300447,-95.3832818,Geofabrik OpenStreetMap GeoPackage extract,2026-08-16T03:29:35Z,open,ODbL; attribution and share-alike required,packet_ready,geofabrik_named_food_service
national-post-office-tx-sam-houston-5869764f51,SAM HOUSTON post-office-centered national sample candidate,national_post_office_sample_candidate,food_service,osm:way:690722911,Subway,,,SAM HOUSTON,TX,,29.7915740,-95.3745821,Geofabrik OpenStreetMap GeoPackage extract,2026-08-16T03:29:35Z,open,ODbL; attribution and share-alike required,packet_ready,geofabrik_named_food_service
national-post-office-tx-sam-houston-5869764f51,SAM HOUSTON post-office-centered national sample candidate,national_post_office_sample_candidate,food_service,osm:node:3633249753,Table 7 Bistro,,,SAM HOUSTON,TX,,29.7581757,-95.3630325,Geofabrik OpenStreetMap GeoPackage extract,2026-08-16T03:29:35Z,open,ODbL; attribution and share-alike required,packet_ready,geofabrik_named_food_service
national-post-office-tx-sam-houston-5869764f51,SAM HOUSTON post-office-centered national sample candidate,national_post_office_sample_candidate,food_service,osm:node:12092525524,Taco Bell,,,SAM HOUSTON,TX,,29.7757054,-95.3818899,Geofabrik OpenStreetMap GeoPackage extract,2026-08-16T03:29:35Z,open,ODbL; attribution and share-alike required,packet_ready,geofabrik_named_food_service
national-post-office-tx-sam-houston-5869764f51,SAM HOUSTON post-office-centered national sample candidate,national_post_office_sample_candidate,food_service,osm:way:364600985,Taco Bell,,,SAM HOUSTON,TX,,29.7261002,-95.3503908,Geofabrik OpenStreetMap GeoPackage extract,2026-08-16T03:29:35Z,open,ODbL; attribution and share-alike required,packet_ready,geofabrik_named_food_service
national-post-office-tx-sam-houston-5869764f51,SAM HOUSTON post-office-centered national sample candidate,national_post_office_sample_candidate,food_service,osm:way:439260674,Taco Cabana,,,SAM HOUSTON,TX,,29.7734458,-95.3990796,Geofabrik OpenStreetMap GeoPackage extract,2026-08-16T03:29:35Z,open,ODbL; attribution and share-alike required,packet_ready,geofabrik_named_food_service
national-post-office-tx-sam-houston-5869764f51,SAM HOUSTON post-office-centered national sample candidate,national_post_office_sample_candidate,food_service,osm:node:5150153163,Tacodeli,,,SAM HOUSTON,TX,,29.7679646,-95.3773873,Geofabrik OpenStreetMap GeoPackage extract,2026-08-16T03:29:35Z,open,ODbL; attribution and share-alike required,packet_ready,geofabrik_named_food_service
national-post-office-tx-sam-houston-5869764f51,SAM HOUSTON post-office-centered national sample candidate,national_post_office_sample_candidate,food_service,osm:node:2392226676,Tacos A Go Go,,,SAM HOUSTON,TX,,29.7818775,-95.3900259,Geofabrik OpenStreetMap GeoPackage extract,2026-08-16T03:29:35Z,open,ODbL; attribution and share-alike required,packet_ready,geofabrik_named_food_service
national-post-office-tx-sam-houston-5869764f51,SAM HOUSTON post-office-centered national sample candidate,national_post_office_sample_candidate,food_service,osm:node:3638003782,Tacos a Go-Go,,,SAM HOUSTON,TX,,29.7383718,-95.3798552,Geofabrik OpenStreetMap GeoPackage extract,2026-08-16T03:29:35Z,open,ODbL; attribution and share-alike required,packet_ready,geofabrik_named_food_service
national-post-office-tx-sam-houston-5869764f51,SAM HOUSTON post-office-centered national sample candidate,national_post_office_sample_candidate,food_service,osm:way:1031902450,Taqueria Abasolo,,,SAM HOUSTON,TX,,29.7778637,-95.3574544,Geofabrik OpenStreetMap GeoPackage extract,2026-08-16T03:29:35Z,open,ODbL; attribution and share-alike required,packet_ready,geofabrik_named_food_service
national-post-office-tx-sam-houston-5869764f51,SAM HOUSTON post-office-centered national sample candidate,national_post_office_sample_candidate,food_service,osm:node:11592956872,Taqueria El Novillo,,,SAM HOUSTON,TX,,29.7764515,-95.3611691,Geofabrik OpenStreetMap GeoPackage extract,2026-08-16T03:29:35Z,open,ODbL; attribution and share-alike required,packet_ready,geofabrik_named_food_service
national-post-office-tx-sam-houston-5869764f51,SAM HOUSTON post-office-centered national sample candidate,national_post_office_sample_candidate,food_service,osm:node:10040765895,Taqueria El Palomo,,,SAM HOUSTON,TX,,29.7444461,-95.3862311,Geofabrik OpenStreetMap GeoPackage extract,2026-08-16T03:29:35Z,open,ODbL; attribution and share-alike required,packet_ready,geofabrik_named_food_service
national-post-office-tx-sam-houston-5869764f51,SAM HOUSTON post-office-centered national sample candidate,national_post_office_sample_candidate,food_service,osm:node:5654070247,Taqueria El Zocalo,,,SAM HOUSTON,TX,,29.7678707,-95.3355116,Geofabrik OpenStreetMap GeoPackage extract,2026-08-16T03:29:35Z,open,ODbL; attribution and share-alike required,packet_ready,geofabrik_named_food_service
national-post-office-tx-sam-houston-5869764f51,SAM HOUSTON post-office-centered national sample candidate,national_post_office_sample_candidate,food_service,osm:way:364703980,Taqueria Monterrey Chiquito,,,SAM HOUSTON,TX,,29.7249540,-95.3236710,Geofabrik OpenStreetMap GeoPackage extract,2026-08-16T03:29:35Z,open,ODbL; attribution and share-alike required,packet_ready,geofabrik_named_food_service
national-post-office-tx-sam-houston-5869764f51,SAM HOUSTON post-office-centered national sample candidate,national_post_office_sample_candidate,food_service,osm:node:4849819921,Taste Kitchen + Bar,,,SAM HOUSTON,TX,,29.7609600,-95.3619869,Geofabrik OpenStreetMap GeoPackage extract,2026-08-16T03:29:35Z,open,ODbL; attribution and share-alike required,packet_ready,geofabrik_named_food_service
national-post-office-tx-sam-houston-5869764f51,SAM HOUSTON post-office-centered national sample candidate,national_post_office_sample_candidate,food_service,osm:way:902286156,Tex Chick,,,SAM HOUSTON,TX,,29.7482895,-95.3893223,Geofabrik OpenStreetMap GeoPackage extract,2026-08-16T03:29:35Z,open,ODbL; attribution and share-alike required,packet_ready,geofabrik_named_food_service
national-post-office-tx-sam-houston-5869764f51,SAM HOUSTON post-office-centered national sample candidate,national_post_office_sample_candidate,food_service,osm:way:1300364776,Texas Coney Island #2,,,SAM HOUSTON,TX,,29.7598475,-95.3598930,Geofabrik OpenStreetMap GeoPackage extract,2026-08-16T03:29:35Z,open,ODbL; attribution and share-alike required,packet_ready,geofabrik_named_food_service
national-post-office-tx-sam-houston-5869764f51,SAM HOUSTON post-office-centered national sample candidate,national_post_office_sample_candidate,food_service,osm:node:3633298150,The Big Casino Bar,,,SAM HOUSTON,TX,,29.7624484,-95.3613586,Geofabrik OpenStreetMap GeoPackage extract,2026-08-16T03:29:35Z,open,ODbL; attribution and share-alike required,packet_ready,geofabrik_named_food_service
national-post-office-tx-sam-houston-5869764f51,SAM HOUSTON post-office-centered national sample candidate,national_post_office_sample_candidate,food_service,osm:way:428095818,The Burger Joint,,,SAM HOUSTON,TX,,29.7453867,-95.3911245,Geofabrik OpenStreetMap GeoPackage extract,2026-08-16T03:29:35Z,open,ODbL; attribution and share-alike required,packet_ready,geofabrik_named_food_service
national-post-office-tx-sam-houston-5869764f51,SAM HOUSTON post-office-centered national sample candidate,national_post_office_sample_candidate,food_service,osm:node:3789917426,The Cajun Shop,,,SAM HOUSTON,TX,,29.7447607,-95.3598940,Geofabrik OpenStreetMap GeoPackage extract,2026-08-16T03:29:35Z,open,ODbL; attribution and share-alike required,packet_ready,geofabrik_named_food_service
national-post-office-tx-sam-houston-5869764f51,SAM HOUSTON post-office-centered national sample candidate,national_post_office_sample_candidate,food_service,osm:node:9711569280,The Cookshack,,,SAM HOUSTON,TX,,29.7697177,-95.4011909,Geofabrik OpenStreetMap GeoPackage extract,2026-08-16T03:29:35Z,open,ODbL; attribution and share-alike required,packet_ready,geofabrik_named_food_service
national-post-office-tx-sam-houston-5869764f51,SAM HOUSTON post-office-centered national sample candidate,national_post_office_sample_candidate,food_service,osm:node:6066505046,The District,,,SAM HOUSTON,TX,,29.7599178,-95.3628330,Geofabrik OpenStreetMap GeoPackage extract,2026-08-16T03:29:35Z,open,ODbL; attribution and share-alike required,packet_ready,geofabrik_named_food_service
national-post-office-tx-sam-houston-5869764f51,SAM HOUSTON post-office-centered national sample candidate,national_post_office_sample_candidate,food_service,osm:way:375100377,The Doshi House,,,SAM HOUSTON,TX,,29.7326242,-95.3663171,Geofabrik OpenStreetMap GeoPackage extract,2026-08-16T03:29:35Z,open,ODbL; attribution and share-alike required,packet_ready,geofabrik_named_food_service
national-post-office-tx-sam-houston-5869764f51,SAM HOUSTON post-office-centered national sample candidate,national_post_office_sample_candidate,food_service,osm:node:10742509185,The Fish,,,SAM HOUSTON,TX,,29.7523902,-95.3772061,Geofabrik OpenStreetMap GeoPackage extract,2026-08-16T03:29:35Z,open,ODbL; attribution and share-alike required,packet_ready,geofabrik_named_food_service
national-post-office-tx-sam-houston-5869764f51,SAM HOUSTON post-office-centered national sample candidate,national_post_office_sample_candidate,food_service,osm:way:128570111,The Grove,,,SAM HOUSTON,TX,,29.7525903,-95.3602049,Geofabrik OpenStreetMap GeoPackage extract,2026-08-16T03:29:35Z,open,ODbL; attribution and share-alike required,packet_ready,geofabrik_named_food_service
national-post-office-tx-sam-houston-5869764f51,SAM HOUSTON post-office-centered national sample candidate,national_post_office_sample_candidate,food_service,osm:node:12175623859,The Kennedy Houston,,,SAM HOUSTON,TX,,29.7574326,-95.3999421,Geofabrik OpenStreetMap GeoPackage extract,2026-08-16T03:29:35Z,open,ODbL; attribution and share-alike required,packet_ready,geofabrik_named_food_service
national-post-office-tx-sam-houston-5869764f51,SAM HOUSTON post-office-centered national sample candidate,national_post_office_sample_candidate,food_service,osm:way:260786291,The Lake House,,,SAM HOUSTON,TX,,29.7535155,-95.3596594,Geofabrik OpenStreetMap GeoPackage extract,2026-08-16T03:29:35Z,open,ODbL; attribution and share-alike required,packet_ready,geofabrik_named_food_service
national-post-office-tx-sam-houston-5869764f51,SAM HOUSTON post-office-centered national sample candidate,national_post_office_sample_candidate,food_service,osm:node:10580571210,The Monk's Kitchen,,,SAM HOUSTON,TX,,29.7716210,-95.3967694,Geofabrik OpenStreetMap GeoPackage extract,2026-08-16T03:29:35Z,open,ODbL; attribution and share-alike required,packet_ready,geofabrik_named_food_service
national-post-office-tx-sam-houston-5869764f51,SAM HOUSTON post-office-centered national sample candidate,national_post_office_sample_candidate,food_service,osm:node:3679718633,The Nook Cafe,,,SAM HOUSTON,TX,,29.7225331,-95.3372392,Geofabrik OpenStreetMap GeoPackage extract,2026-08-16T03:29:35Z,open,ODbL; attribution and share-alike required,packet_ready,geofabrik_named_food_service
national-post-office-tx-sam-houston-5869764f51,SAM HOUSTON post-office-centered national sample candidate,national_post_office_sample_candidate,food_service,osm:node:4849819922,The Pass & Provisions,,,SAM HOUSTON,TX,,29.7587752,-95.3856423,Geofabrik OpenStreetMap GeoPackage extract,2026-08-16T03:29:35Z,open,ODbL; attribution and share-alike required,packet_ready,geofabrik_named_food_service
national-post-office-tx-sam-houston-5869764f51,SAM HOUSTON post-office-centered national sample candidate,national_post_office_sample_candidate,food_service,osm:way:1088303020,The Pit Room,,,SAM HOUSTON,TX,,29.7341989,-95.3941314,Geofabrik OpenStreetMap GeoPackage extract,2026-08-16T03:29:35Z,open,ODbL; attribution and share-alike required,packet_ready,geofabrik_named_food_service
national-post-office-tx-sam-houston-5869764f51,SAM HOUSTON post-office-centered national sample candidate,national_post_office_sample_candidate,food_service,osm:way:746052615,The Raven Tower,,,SAM HOUSTON,TX,,29.7855618,-95.3680888,Geofabrik OpenStreetMap GeoPackage extract,2026-08-16T03:29:35Z,open,ODbL; attribution and share-alike required,packet_ready,geofabrik_named_food_service
national-post-office-tx-sam-houston-5869764f51,SAM HOUSTON post-office-centered national sample candidate,national_post_office_sample_candidate,food_service,osm:node:5792984859,The Studewood Cantine,,,SAM HOUSTON,TX,,29.7915632,-95.3881333,Geofabrik OpenStreetMap GeoPackage extract,2026-08-16T03:29:35Z,open,ODbL; attribution and share-alike required,packet_ready,geofabrik_named_food_service
national-post-office-tx-sam-houston-5869764f51,SAM HOUSTON post-office-centered national sample candidate,national_post_office_sample_candidate,food_service,osm:node:12014895269,The Sunrise House,,,SAM HOUSTON,TX,,29.7389254,-95.4058948,Geofabrik OpenStreetMap GeoPackage extract,2026-08-16T03:29:35Z,open,ODbL; attribution and share-alike required,packet_ready,geofabrik_named_food_service
national-post-office-tx-sam-houston-5869764f51,SAM HOUSTON post-office-centered national sample candidate,national_post_office_sample_candidate,food_service,osm:way:425632226,The Toasted Coconut,,,SAM HOUSTON,TX,,29.7340925,-95.4002882,Geofabrik OpenStreetMap GeoPackage extract,2026-08-16T03:29:35Z,open,ODbL; attribution and share-alike required,packet_ready,geofabrik_named_food_service
national-post-office-tx-sam-houston-5869764f51,SAM HOUSTON post-office-centered national sample candidate,national_post_office_sample_candidate,food_service,osm:way:485985882,Thien An Sandwiches,,,SAM HOUSTON,TX,,29.7437054,-95.3725216,Geofabrik OpenStreetMap GeoPackage extract,2026-08-16T03:29:35Z,open,ODbL; attribution and share-alike required,packet_ready,geofabrik_named_food_service
national-post-office-tx-sam-houston-5869764f51,SAM HOUSTON post-office-centered national sample candidate,national_post_office_sample_candidate,food_service,osm:way:1380165685,Think Tacos,,,SAM HOUSTON,TX,,29.7406656,-95.3744082,Geofabrik OpenStreetMap GeoPackage extract,2026-08-16T03:29:35Z,open,ODbL; attribution and share-alike required,packet_ready,geofabrik_named_food_service
national-post-office-tx-sam-houston-5869764f51,SAM HOUSTON post-office-centered national sample candidate,national_post_office_sample_candidate,food_service,osm:way:1384492846,Think Tacos,,,SAM HOUSTON,TX,,29.7325605,-95.3948086,Geofabrik OpenStreetMap GeoPackage extract,2026-08-16T03:29:35Z,open,ODbL; attribution and share-alike required,packet_ready,geofabrik_named_food_service
national-post-office-tx-sam-houston-5869764f51,SAM HOUSTON post-office-centered national sample candidate,national_post_office_sample_candidate,food_service,osm:way:438170589,Toros Htx Coffee,,,SAM HOUSTON,TX,,29.7733427,-95.3807382,Geofabrik OpenStreetMap GeoPackage extract,2026-08-16T03:29:35Z,open,ODbL; attribution and share-alike required,packet_ready,geofabrik_named_food_service
national-post-office-tx-sam-houston-5869764f51,SAM HOUSTON post-office-centered national sample candidate,national_post_office_sample_candidate,food_service,osm:node:13050938938,Tout Suite,,,SAM HOUSTON,TX,,29.7522390,-95.3668371,Geofabrik OpenStreetMap GeoPackage extract,2026-08-16T03:29:35Z,open,ODbL; attribution and share-alike required,packet_ready,geofabrik_named_food_service
national-post-office-tx-sam-houston-5869764f51,SAM HOUSTON post-office-centered national sample candidate,national_post_office_sample_candidate,food_service,osm:node:6351362485,Tout Suite,,,SAM HOUSTON,TX,,29.7586456,-95.3506867,Geofabrik OpenStreetMap GeoPackage extract,2026-08-16T03:29:35Z,open,ODbL; attribution and share-alike required,packet_ready,geofabrik_named_food_service
national-post-office-tx-sam-houston-5869764f51,SAM HOUSTON post-office-centered national sample candidate,national_post_office_sample_candidate,food_service,osm:node:9616227835,Tropical Smoothie Cafe,,,SAM HOUSTON,TX,,29.7678081,-95.3916440,Geofabrik OpenStreetMap GeoPackage extract,2026-08-16T03:29:35Z,open,ODbL; attribution and share-alike required,packet_ready,geofabrik_named_food_service
national-post-office-tx-sam-houston-5869764f51,SAM HOUSTON post-office-centered national sample candidate,national_post_office_sample_candidate,food_service,osm:way:442515083,Truth Barbecue,,,SAM HOUSTON,TX,,29.7691554,-95.3976854,Geofabrik OpenStreetMap GeoPackage extract,2026-08-16T03:29:35Z,open,ODbL; attribution and share-alike required,packet_ready,geofabrik_named_food_service
national-post-office-tx-sam-houston-5869764f51,SAM HOUSTON post-office-centered national sample candidate,national_post_office_sample_candidate,food_service,osm:way:438351519,Tumble 22,,,SAM HOUSTON,TX,,29.7679019,-95.3726796,Geofabrik OpenStreetMap GeoPackage extract,2026-08-16T03:29:35Z,open,ODbL; attribution and share-alike required,packet_ready,geofabrik_named_food_service
national-post-office-tx-sam-houston-5869764f51,SAM HOUSTON post-office-centered national sample candidate,national_post_office_sample_candidate,food_service,osm:way:405213082,Uchi,,,SAM HOUSTON,TX,,29.7449627,-95.3907595,Geofabrik OpenStreetMap GeoPackage extract,2026-08-16T03:29:35Z,open,ODbL; attribution and share-alike required,packet_ready,geofabrik_named_food_service
national-post-office-tx-sam-houston-5869764f51,SAM HOUSTON post-office-centered national sample candidate,national_post_office_sample_candidate,food_service,osm:node:11759272385,Urban Bird Hot Chicken,,,SAM HOUSTON,TX,,29.7701386,-95.3821113,Geofabrik OpenStreetMap GeoPackage extract,2026-08-16T03:29:35Z,open,ODbL; attribution and share-alike required,packet_ready,geofabrik_named_food_service
national-post-office-tx-sam-houston-5869764f51,SAM HOUSTON post-office-centered national sample candidate,national_post_office_sample_candidate,food_service,osm:node:4040988399,Urban Eats,,,SAM HOUSTON,TX,,29.7695952,-95.3947860,Geofabrik OpenStreetMap GeoPackage extract,2026-08-16T03:29:35Z,open,ODbL; attribution and share-alike required,packet_ready,geofabrik_named_food_service
national-post-office-tx-sam-houston-5869764f51,SAM HOUSTON post-office-centered national sample candidate,national_post_office_sample_candidate,food_service,osm:node:14023392713,Velvet Taco,,,SAM HOUSTON,TX,,29.7444338,-95.3906013,Geofabrik OpenStreetMap GeoPackage extract,2026-08-16T03:29:35Z,open,ODbL; attribution and share-alike required,packet_ready,geofabrik_named_food_service
national-post-office-tx-sam-houston-5869764f51,SAM HOUSTON post-office-centered national sample candidate,national_post_office_sample_candidate,food_service,osm:node:12463956781,Verde Garden,,,SAM HOUSTON,TX,,29.7568962,-95.3952175,Geofabrik OpenStreetMap GeoPackage extract,2026-08-16T03:29:35Z,open,ODbL; attribution and share-alike required,packet_ready,geofabrik_named_food_service
national-post-office-tx-sam-houston-5869764f51,SAM HOUSTON post-office-centered national sample candidate,national_post_office_sample_candidate,food_service,osm:node:7161644385,Vic & Anthony's Steakhouse,,,SAM HOUSTON,TX,,29.7570664,-95.3582067,Geofabrik OpenStreetMap GeoPackage extract,2026-08-16T03:29:35Z,open,ODbL; attribution and share-alike required,packet_ready,geofabrik_named_food_service
national-post-office-tx-sam-houston-5869764f51,SAM HOUSTON post-office-centered national sample candidate,national_post_office_sample_candidate,food_service,osm:node:8605205217,Vinny's,,,SAM HOUSTON,TX,,29.7494771,-95.3565940,Geofabrik OpenStreetMap GeoPackage extract,2026-08-16T03:29:35Z,open,ODbL; attribution and share-alike required,packet_ready,geofabrik_named_food_service
national-post-office-tx-sam-houston-5869764f51,SAM HOUSTON post-office-centered national sample candidate,national_post_office_sample_candidate,food_service,osm:node:3797613684,Vitingho Restaurant,,,SAM HOUSTON,TX,,29.7520609,-95.3556728,Geofabrik OpenStreetMap GeoPackage extract,2026-08-16T03:29:35Z,open,ODbL; attribution and share-alike required,packet_ready,geofabrik_named_food_service
national-post-office-tx-sam-houston-5869764f51,SAM HOUSTON post-office-centered national sample candidate,national_post_office_sample_candidate,food_service,osm:node:13751666327,Voodoo Doughnut,,,SAM HOUSTON,TX,,29.7693538,-95.3983544,Geofabrik OpenStreetMap GeoPackage extract,2026-08-16T03:29:35Z,open,ODbL; attribution and share-alike required,packet_ready,geofabrik_named_food_service
national-post-office-tx-sam-houston-5869764f51,SAM HOUSTON post-office-centered national sample candidate,national_post_office_sample_candidate,food_service,osm:way:428095827,Voodoo Doughnut,,,SAM HOUSTON,TX,,29.7447495,-95.3938785,Geofabrik OpenStreetMap GeoPackage extract,2026-08-16T03:29:35Z,open,ODbL; attribution and share-alike required,packet_ready,geofabrik_named_food_service
national-post-office-tx-sam-houston-5869764f51,SAM HOUSTON post-office-centered national sample candidate,national_post_office_sample_candidate,food_service,osm:node:11102893008,Waffle Bus,,,SAM HOUSTON,TX,,29.7388850,-95.3990970,Geofabrik OpenStreetMap GeoPackage extract,2026-08-16T03:29:35Z,open,ODbL; attribution and share-alike required,packet_ready,geofabrik_named_food_service
national-post-office-tx-sam-houston-5869764f51,SAM HOUSTON post-office-centered national sample candidate,national_post_office_sample_candidate,food_service,osm:node:12299494411,Wanna Bao,,,SAM HOUSTON,TX,,29.7477061,-95.3802166,Geofabrik OpenStreetMap GeoPackage extract,2026-08-16T03:29:35Z,open,ODbL; attribution and share-alike required,packet_ready,geofabrik_named_food_service
national-post-office-tx-sam-houston-5869764f51,SAM HOUSTON post-office-centered national sample candidate,national_post_office_sample_candidate,food_service,osm:node:3853779480,Whataburger,,,SAM HOUSTON,TX,,29.7566945,-95.3655339,Geofabrik OpenStreetMap GeoPackage extract,2026-08-16T03:29:35Z,open,ODbL; attribution and share-alike required,packet_ready,geofabrik_named_food_service
national-post-office-tx-sam-houston-5869764f51,SAM HOUSTON post-office-centered national sample candidate,national_post_office_sample_candidate,food_service,osm:way:264540797,Whataburger,,,SAM HOUSTON,TX,,29.7913288,-95.3732289,Geofabrik OpenStreetMap GeoPackage extract,2026-08-16T03:29:35Z,open,ODbL; attribution and share-alike required,packet_ready,geofabrik_named_food_service
national-post-office-tx-sam-houston-5869764f51,SAM HOUSTON post-office-centered national sample candidate,national_post_office_sample_candidate,food_service,osm:node:6505259401,Wingstop,,,SAM HOUSTON,TX,,29.7735693,-95.3982558,Geofabrik OpenStreetMap GeoPackage extract,2026-08-16T03:29:35Z,open,ODbL; attribution and share-alike required,packet_ready,geofabrik_named_food_service
national-post-office-tx-sam-houston-5869764f51,SAM HOUSTON post-office-centered national sample candidate,national_post_office_sample_candidate,food_service,osm:node:3638003786,Winnie's,,,SAM HOUSTON,TX,,29.7388028,-95.3795223,Geofabrik OpenStreetMap GeoPackage extract,2026-08-16T03:29:35Z,open,ODbL; attribution and share-alike required,packet_ready,geofabrik_named_food_service
national-post-office-tx-sam-houston-5869764f51,SAM HOUSTON post-office-centered national sample candidate,national_post_office_sample_candidate,food_service,osm:node:6868668793,Wise Street Eats,,,SAM HOUSTON,TX,,29.7746441,-95.3979976,Geofabrik OpenStreetMap GeoPackage extract,2026-08-16T03:29:35Z,open,ODbL; attribution and share-alike required,packet_ready,geofabrik_named_food_service
national-post-office-tx-sam-houston-5869764f51,SAM HOUSTON post-office-centered national sample candidate,national_post_office_sample_candidate,food_service,osm:node:10575649945,Wokker Underground,,,SAM HOUSTON,TX,,29.7603581,-95.3617267,Geofabrik OpenStreetMap GeoPackage extract,2026-08-16T03:29:35Z,open,ODbL; attribution and share-alike required,packet_ready,geofabrik_named_food_service
national-post-office-tx-sam-houston-5869764f51,SAM HOUSTON post-office-centered national sample candidate,national_post_office_sample_candidate,food_service,osm:node:13040315106,World of Sourdough,,,SAM HOUSTON,TX,,29.7748583,-95.3884200,Geofabrik OpenStreetMap GeoPackage extract,2026-08-16T03:29:35Z,open,ODbL; attribution and share-alike required,packet_ready,geofabrik_named_food_service
national-post-office-tx-sam-houston-5869764f51,SAM HOUSTON post-office-centered national sample candidate,national_post_office_sample_candidate,food_service,osm:way:438715650,Xin Chao,,,SAM HOUSTON,TX,,29.7671512,-95.3822756,Geofabrik OpenStreetMap GeoPackage extract,2026-08-16T03:29:35Z,open,ODbL; attribution and share-alike required,packet_ready,geofabrik_named_food_service
national-post-office-tx-sam-houston-5869764f51,SAM HOUSTON post-office-centered national sample candidate,national_post_office_sample_candidate,food_service,osm:node:5455251504,Xochi,,,SAM HOUSTON,TX,,29.7546350,-95.3588200,Geofabrik OpenStreetMap GeoPackage extract,2026-08-16T03:29:35Z,open,ODbL; attribution and share-alike required,packet_ready,geofabrik_named_food_service
national-post-office-tx-sam-houston-5869764f51,SAM HOUSTON post-office-centered national sample candidate,national_post_office_sample_candidate,food_service,osm:node:6879700340,Your Pie,,,SAM HOUSTON,TX,,29.7522240,-95.3684415,Geofabrik OpenStreetMap GeoPackage extract,2026-08-16T03:29:35Z,open,ODbL; attribution and share-alike required,packet_ready,geofabrik_named_food_service
national-post-office-tx-sam-houston-5869764f51,SAM HOUSTON post-office-centered national sample candidate,national_post_office_sample_candidate,food_service,osm:node:10744271000,Zalat Pizza,,,SAM HOUSTON,TX,,29.7507561,-95.3755006,Geofabrik OpenStreetMap GeoPackage extract,2026-08-16T03:29:35Z,open,ODbL; attribution and share-alike required,packet_ready,geofabrik_named_food_service
national-post-office-tx-sam-houston-5869764f51,SAM HOUSTON post-office-centered national sample candidate,national_post_office_sample_candidate,food_service,osm:node:11265527884,Zero's Sandwich Shop,,,SAM HOUSTON,TX,,29.7579705,-95.3698604,Geofabrik OpenStreetMap GeoPackage extract,2026-08-16T03:29:35Z,open,ODbL; attribution and share-alike required,packet_ready,geofabrik_named_food_service
national-post-office-tx-sam-houston-5869764f51,SAM HOUSTON post-office-centered national sample candidate,national_post_office_sample_candidate,food_service,osm:node:5263006709,green seed vegan,,,SAM HOUSTON,TX,,29.7304001,-95.3764556,Geofabrik OpenStreetMap GeoPackage extract,2026-08-16T03:29:35Z,open,ODbL; attribution and share-alike required,packet_ready,geofabrik_named_food_service
national-post-office-tx-sam-houston-5869764f51,SAM HOUSTON post-office-centered national sample candidate,national_post_office_sample_candidate,food_service,osm:node:11759272384,vacant,,,SAM HOUSTON,TX,,29.7701401,-95.3819386,Geofabrik OpenStreetMap GeoPackage extract,2026-08-16T03:29:35Z,open,ODbL; attribution and share-alike required,packet_ready,geofabrik_named_food_service
national-post-office-tx-sam-houston-5869764f51,SAM HOUSTON post-office-centered national sample candidate,national_post_office_sample_candidate,food_service,osm:node:13016958643,vacant,,,SAM HOUSTON,TX,,29.7708056,-95.3859688,Geofabrik OpenStreetMap GeoPackage extract,2026-08-16T03:29:35Z,open,ODbL; attribution and share-alike required,packet_ready,geofabrik_named_food_service
national-post-office-tx-sharon-s-hallmark-6709796b0d,Sharon's/Hallmark post-office-centered national sample candidate,national_post_office_sample_candidate,food_service,osm:node:13766824687,,,,Sharon's/Hallmark,TX,,31.7641657,-106.3007335,Geofabrik OpenStreetMap GeoPackage extract,2026-08-16T03:29:35Z,open,ODbL; attribution and share-alike required,exclude,unnamed_food_service_anchor
national-post-office-tx-sharon-s-hallmark-6709796b0d,Sharon's/Hallmark post-office-centered national sample candidate,national_post_office_sample_candidate,food_service,osm:node:13766824688,,,,Sharon's/Hallmark,TX,,31.7642344,-106.3011997,Geofabrik OpenStreetMap GeoPackage extract,2026-08-16T03:29:35Z,open,ODbL; attribution and share-alike required,exclude,unnamed_food_service_anchor
national-post-office-tx-sharon-s-hallmark-6709796b0d,Sharon's/Hallmark post-office-centered national sample candidate,national_post_office_sample_candidate,food_service,osm:node:13766824902,,,,Sharon's/Hallmark,TX,,31.7546573,-106.3207895,Geofabrik OpenStreetMap GeoPackage extract,2026-08-16T03:29:35Z,open,ODbL; attribution and share-alike required,exclude,unnamed_food_service_anchor
national-post-office-tx-sharon-s-hallmark-6709796b0d,Sharon's/Hallmark post-office-centered national sample candidate,national_post_office_sample_candidate,food_service,osm:node:13766825527,,,,Sharon's/Hallmark,TX,,31.7356583,-106.2927995,Geofabrik OpenStreetMap GeoPackage extract,2026-08-16T03:29:35Z,open,ODbL; attribution and share-alike required,exclude,unnamed_food_service_anchor
national-post-office-tx-sharon-s-hallmark-6709796b0d,Sharon's/Hallmark post-office-centered national sample candidate,national_post_office_sample_candidate,food_service,osm:way:1112426715,,,,Sharon's/Hallmark,TX,,31.7681965,-106.2989879,Geofabrik OpenStreetMap GeoPackage extract,2026-08-16T03:29:35Z,open,ODbL; attribution and share-alike required,exclude,unnamed_food_service_anchor
national-post-office-tx-sharon-s-hallmark-6709796b0d,Sharon's/Hallmark post-office-centered national sample candidate,national_post_office_sample_candidate,food_service,osm:way:1112589854,,,,Sharon's/Hallmark,TX,,31.7677649,-106.2862035,Geofabrik OpenStreetMap GeoPackage extract,2026-08-16T03:29:35Z,open,ODbL; attribution and share-alike required,exclude,unnamed_food_service_anchor
national-post-office-tx-sharon-s-hallmark-6709796b0d,Sharon's/Hallmark post-office-centered national sample candidate,national_post_office_sample_candidate,food_service,osm:way:1504463328,,,,Sharon's/Hallmark,TX,,31.7537284,-106.3173566,Geofabrik OpenStreetMap GeoPackage extract,2026-08-16T03:29:35Z,open,ODbL; attribution and share-alike required,exclude,unnamed_food_service_anchor
national-post-office-tx-sharon-s-hallmark-6709796b0d,Sharon's/Hallmark post-office-centered national sample candidate,national_post_office_sample_candidate,food_service,osm:way:1545140638,,,,Sharon's/Hallmark,TX,,31.7854072,-106.3226783,Geofabrik OpenStreetMap GeoPackage extract,2026-08-16T03:29:35Z,open,ODbL; attribution and share-alike required,exclude,unnamed_food_service_anchor
national-post-office-tx-sharon-s-hallmark-6709796b0d,Sharon's/Hallmark post-office-centered national sample candidate,national_post_office_sample_candidate,food_service,osm:way:693347640,,,,Sharon's/Hallmark,TX,,31.7967697,-106.3317787,Geofabrik OpenStreetMap GeoPackage extract,2026-08-16T03:29:35Z,open,ODbL; attribution and share-alike required,exclude,unnamed_food_service_anchor
national-post-office-tx-sharon-s-hallmark-6709796b0d,Sharon's/Hallmark post-office-centered national sample candidate,national_post_office_sample_candidate,food_service,osm:way:547800872,Applebee's,,,Sharon's/Hallmark,TX,,31.7714247,-106.3042045,Geofabrik OpenStreetMap GeoPackage extract,2026-08-16T03:29:35Z,open,ODbL; attribution and share-alike required,packet_ready,geofabrik_named_food_service
national-post-office-tx-sharon-s-hallmark-6709796b0d,Sharon's/Hallmark post-office-centered national sample candidate,national_post_office_sample_candidate,food_service,osm:way:749099775,Applebee's,,,Sharon's/Hallmark,TX,,31.7521877,-106.3464580,Geofabrik OpenStreetMap GeoPackage extract,2026-08-16T03:29:35Z,open,ODbL; attribution and share-alike required,packet_ready,geofabrik_named_food_service
national-post-office-tx-sharon-s-hallmark-6709796b0d,Sharon's/Hallmark post-office-centered national sample candidate,national_post_office_sample_candidate,food_service,osm:way:667318049,Arby's,,,Sharon's/Hallmark,TX,,31.7685620,-106.3199076,Geofabrik OpenStreetMap GeoPackage extract,2026-08-16T03:29:35Z,open,ODbL; attribution and share-alike required,packet_ready,geofabrik_named_food_service
national-post-office-tx-sharon-s-hallmark-6709796b0d,Sharon's/Hallmark post-office-centered national sample candidate,national_post_office_sample_candidate,food_service,osm:way:1133246272,Barbacoa El Azul,,,Sharon's/Hallmark,TX,,31.7828657,-106.3017982,Geofabrik OpenStreetMap GeoPackage extract,2026-08-16T03:29:35Z,open,ODbL; attribution and share-alike required,packet_ready,geofabrik_named_food_service
national-post-office-tx-sharon-s-hallmark-6709796b0d,Sharon's/Hallmark post-office-centered national sample candidate,national_post_office_sample_candidate,food_service,osm:way:1112431999,Basil Garden,,,Sharon's/Hallmark,TX,,31.7699428,-106.3011204,Geofabrik OpenStreetMap GeoPackage extract,2026-08-16T03:29:35Z,open,ODbL; attribution and share-alike required,packet_ready,geofabrik_named_food_service
national-post-office-tx-sharon-s-hallmark-6709796b0d,Sharon's/Hallmark post-office-centered national sample candidate,national_post_office_sample_candidate,food_service,osm:node:13810925061,Birria Bros,,,Sharon's/Hallmark,TX,,31.7450796,-106.3055111,Geofabrik OpenStreetMap GeoPackage extract,2026-08-16T03:29:35Z,open,ODbL; attribution and share-alike required,packet_ready,geofabrik_named_food_service
national-post-office-tx-sharon-s-hallmark-6709796b0d,Sharon's/Hallmark post-office-centered national sample candidate,national_post_office_sample_candidate,food_service,osm:way:1112431996,Birria Culiacan,,,Sharon's/Hallmark,TX,,31.7698930,-106.3009142,Geofabrik OpenStreetMap GeoPackage extract,2026-08-16T03:29:35Z,open,ODbL; attribution and share-alike required,packet_ready,geofabrik_named_food_service
national-post-office-tx-sharon-s-hallmark-6709796b0d,Sharon's/Hallmark post-office-centered national sample candidate,national_post_office_sample_candidate,food_service,osm:way:1112426722,Boba Express,,,Sharon's/Hallmark,TX,,31.7681912,-106.2997026,Geofabrik OpenStreetMap GeoPackage extract,2026-08-16T03:29:35Z,open,ODbL; attribution and share-alike required,packet_ready,geofabrik_named_food_service
national-post-office-tx-sharon-s-hallmark-6709796b0d,Sharon's/Hallmark post-office-centered national sample candidate,national_post_office_sample_candidate,food_service,osm:way:667344278,Bonnie's Cafe,,,Sharon's/Hallmark,TX,,31.7677641,-106.2859824,Geofabrik OpenStreetMap GeoPackage extract,2026-08-16T03:29:35Z,open,ODbL; attribution and share-alike required,packet_ready,geofabrik_named_food_service
national-post-office-tx-sharon-s-hallmark-6709796b0d,Sharon's/Hallmark post-office-centered national sample candidate,national_post_office_sample_candidate,food_service,osm:way:1112439084,"Boss Tenders, Dogs & Custard",,,Sharon's/Hallmark,TX,,31.7670625,-106.3183279,Geofabrik OpenStreetMap GeoPackage extract,2026-08-16T03:29:35Z,open,ODbL; attribution and share-alike required,packet_ready,geofabrik_named_food_service
national-post-office-tx-sharon-s-hallmark-6709796b0d,Sharon's/Hallmark post-office-centered national sample candidate,national_post_office_sample_candidate,food_service,osm:way:1133401049,Buffalo Wild Wings,,,Sharon's/Hallmark,TX,,31.7547295,-106.3476302,Geofabrik OpenStreetMap GeoPackage extract,2026-08-16T03:29:35Z,open,ODbL; attribution and share-alike required,packet_ready,geofabrik_named_food_service
national-post-office-tx-sharon-s-hallmark-6709796b0d,Sharon's/Hallmark post-office-centered national sample candidate,national_post_office_sample_candidate,food_service,osm:node:9725755004,Burger King,,,Sharon's/Hallmark,TX,,31.7517495,-106.3023460,Geofabrik OpenStreetMap GeoPackage extract,2026-08-16T03:29:35Z,open,ODbL; attribution and share-alike required,packet_ready,geofabrik_named_food_service
national-post-office-tx-sharon-s-hallmark-6709796b0d,Sharon's/Hallmark post-office-centered national sample candidate,national_post_office_sample_candidate,food_service,osm:way:268483289,Burger King,,,Sharon's/Hallmark,TX,,31.7665300,-106.3185414,Geofabrik OpenStreetMap GeoPackage extract,2026-08-16T03:29:35Z,open,ODbL; attribution and share-alike required,packet_ready,geofabrik_named_food_service
national-post-office-tx-sharon-s-hallmark-6709796b0d,Sharon's/Hallmark post-office-centered national sample candidate,national_post_office_sample_candidate,food_service,osm:way:305986971,Burger King,,,Sharon's/Hallmark,TX,,31.7542858,-106.3444537,Geofabrik OpenStreetMap GeoPackage extract,2026-08-16T03:29:35Z,open,ODbL; attribution and share-alike required,packet_ready,geofabrik_named_food_service
national-post-office-tx-sharon-s-hallmark-6709796b0d,Sharon's/Hallmark post-office-centered national sample candidate,national_post_office_sample_candidate,food_service,osm:way:749099774,Cabo Joe's,,,Sharon's/Hallmark,TX,,31.7527676,-106.3472084,Geofabrik OpenStreetMap GeoPackage extract,2026-08-16T03:29:35Z,open,ODbL; attribution and share-alike required,packet_ready,geofabrik_named_food_service
national-post-office-tx-sharon-s-hallmark-6709796b0d,Sharon's/Hallmark post-office-centered national sample candidate,national_post_office_sample_candidate,food_service,osm:way:171326378,Carl's Jr.,,,Sharon's/Hallmark,TX,,31.7374528,-106.2917538,Geofabrik OpenStreetMap GeoPackage extract,2026-08-16T03:29:35Z,open,ODbL; attribution and share-alike required,packet_ready,geofabrik_named_food_service
national-post-office-tx-sharon-s-hallmark-6709796b0d,Sharon's/Hallmark post-office-centered national sample candidate,national_post_office_sample_candidate,food_service,osm:way:338049154,Carl's Jr.,,,Sharon's/Hallmark,TX,,31.7684997,-106.3186273,Geofabrik OpenStreetMap GeoPackage extract,2026-08-16T03:29:35Z,open,ODbL; attribution and share-alike required,packet_ready,geofabrik_named_food_service
national-post-office-tx-sharon-s-hallmark-6709796b0d,Sharon's/Hallmark post-office-centered national sample candidate,national_post_office_sample_candidate,food_service,osm:way:693347642,Carl's Jr.,,,Sharon's/Hallmark,TX,,31.7977542,-106.3307821,Geofabrik OpenStreetMap GeoPackage extract,2026-08-16T03:29:35Z,open,ODbL; attribution and share-alike required,packet_ready,geofabrik_named_food_service
national-post-office-tx-sharon-s-hallmark-6709796b0d,Sharon's/Hallmark post-office-centered national sample candidate,national_post_office_sample_candidate,food_service,osm:way:801828138,Carl's Jr.,,,Sharon's/Hallmark,TX,,31.7606951,-106.3544498,Geofabrik OpenStreetMap GeoPackage extract,2026-08-16T03:29:35Z,open,ODbL; attribution and share-alike required,packet_ready,geofabrik_named_food_service
national-post-office-tx-sharon-s-hallmark-6709796b0d,Sharon's/Hallmark post-office-centered national sample candidate,national_post_office_sample_candidate,food_service,osm:way:1112818203,Carlos and Mickey's,,,Sharon's/Hallmark,TX,,31.7615312,-106.2727504,Geofabrik OpenStreetMap GeoPackage extract,2026-08-16T03:29:35Z,open,ODbL; attribution and share-alike required,packet_ready,geofabrik_named_food_service
national-post-office-tx-sharon-s-hallmark-6709796b0d,Sharon's/Hallmark post-office-centered national sample candidate,national_post_office_sample_candidate,food_service,osm:way:171326386,Carnitas Queretaro,,,Sharon's/Hallmark,TX,,31.7365774,-106.2935386,Geofabrik OpenStreetMap GeoPackage extract,2026-08-16T03:29:35Z,open,ODbL; attribution and share-alike required,packet_ready,geofabrik_named_food_service
national-post-office-tx-sharon-s-hallmark-6709796b0d,Sharon's/Hallmark post-office-centered national sample candidate,national_post_office_sample_candidate,food_service,osm:way:1112426713,Chico's Tacos,,,Sharon's/Hallmark,TX,,31.7686534,-106.2980578,Geofabrik OpenStreetMap GeoPackage extract,2026-08-16T03:29:35Z,open,ODbL; attribution and share-alike required,packet_ready,geofabrik_named_food_service
national-post-office-tx-sharon-s-hallmark-6709796b0d,Sharon's/Hallmark post-office-centered national sample candidate,national_post_office_sample_candidate,food_service,osm:way:1247500157,Chili's,,,Sharon's/Hallmark,TX,,31.7529852,-106.3183397,Geofabrik OpenStreetMap GeoPackage extract,2026-08-16T03:29:35Z,open,ODbL; attribution and share-alike required,packet_ready,geofabrik_named_food_service
national-post-office-tx-sharon-s-hallmark-6709796b0d,Sharon's/Hallmark post-office-centered national sample candidate,national_post_office_sample_candidate,food_service,osm:node:9181310175,Chuck E. Cheese,,,Sharon's/Hallmark,TX,,31.7613612,-106.3575058,Geofabrik OpenStreetMap GeoPackage extract,2026-08-16T03:29:35Z,open,ODbL; attribution and share-alike required,packet_ready,geofabrik_named_food_service
national-post-office-tx-sharon-s-hallmark-6709796b0d,Sharon's/Hallmark post-office-centered national sample candidate,national_post_office_sample_candidate,food_service,osm:way:1112589873,Crazy Dave's Pizza,,,Sharon's/Hallmark,TX,,31.7666610,-106.3014511,Geofabrik OpenStreetMap GeoPackage extract,2026-08-16T03:29:35Z,open,ODbL; attribution and share-alike required,packet_ready,geofabrik_named_food_service
national-post-office-tx-sharon-s-hallmark-6709796b0d,Sharon's/Hallmark post-office-centered national sample candidate,national_post_office_sample_candidate,food_service,osm:way:749099744,Cuñado's Restaurant,,,Sharon's/Hallmark,TX,,31.7478263,-106.3392531,Geofabrik OpenStreetMap GeoPackage extract,2026-08-16T03:29:35Z,open,ODbL; attribution and share-alike required,packet_ready,geofabrik_named_food_service
national-post-office-tx-sharon-s-hallmark-6709796b0d,Sharon's/Hallmark post-office-centered national sample candidate,national_post_office_sample_candidate,food_service,osm:way:994053271,DQ Grill & Chill,,,Sharon's/Hallmark,TX,,31.7963117,-106.3500403,Geofabrik OpenStreetMap GeoPackage extract,2026-08-16T03:29:35Z,open,ODbL; attribution and share-alike required,packet_ready,geofabrik_named_food_service
national-post-office-tx-sharon-s-hallmark-6709796b0d,Sharon's/Hallmark post-office-centered national sample candidate,national_post_office_sample_candidate,food_service,osm:node:7993876339,Del Paso Mexican Restaurant,,,Sharon's/Hallmark,TX,,31.7854608,-106.3235778,Geofabrik OpenStreetMap GeoPackage extract,2026-08-16T03:29:35Z,open,ODbL; attribution and share-alike required,packet_ready,geofabrik_named_food_service
national-post-office-tx-sharon-s-hallmark-6709796b0d,Sharon's/Hallmark post-office-centered national sample candidate,national_post_office_sample_candidate,food_service,osm:way:1112431998,Delicious Mexican Eatery,,,Sharon's/Hallmark,TX,,31.7699427,-106.3010513,Geofabrik OpenStreetMap GeoPackage extract,2026-08-16T03:29:35Z,open,ODbL; attribution and share-alike required,packet_ready,geofabrik_named_food_service
national-post-office-tx-sharon-s-hallmark-6709796b0d,Sharon's/Hallmark post-office-centered national sample candidate,national_post_office_sample_candidate,food_service,osm:way:547800863,Denny's,,,Sharon's/Hallmark,TX,,31.7697528,-106.3026501,Geofabrik OpenStreetMap GeoPackage extract,2026-08-16T03:29:35Z,open,ODbL; attribution and share-alike required,packet_ready,geofabrik_named_food_service
national-post-office-tx-sharon-s-hallmark-6709796b0d,Sharon's/Hallmark post-office-centered national sample candidate,national_post_office_sample_candidate,food_service,osm:way:734910474,Denny's,,,Sharon's/Hallmark,TX,,31.7458412,-106.3328862,Geofabrik OpenStreetMap GeoPackage extract,2026-08-16T03:29:35Z,open,ODbL; attribution and share-alike required,packet_ready,geofabrik_named_food_service
national-post-office-tx-sharon-s-hallmark-6709796b0d,Sharon's/Hallmark post-office-centered national sample candidate,national_post_office_sample_candidate,food_service,osm:node:13074857101,Desert Oak BBQ,,,Sharon's/Hallmark,TX,,31.7369044,-106.3205688,Geofabrik OpenStreetMap GeoPackage extract,2026-08-16T03:29:35Z,open,ODbL; attribution and share-alike required,packet_ready,geofabrik_named_food_service
national-post-office-tx-sharon-s-hallmark-6709796b0d,Sharon's/Hallmark post-office-centered national sample candidate,national_post_office_sample_candidate,food_service,osm:way:1013619122,Domino's,,,Sharon's/Hallmark,TX,,31.7719619,-106.3485766,Geofabrik OpenStreetMap GeoPackage extract,2026-08-16T03:29:35Z,open,ODbL; attribution and share-alike required,packet_ready,geofabrik_named_food_service
national-post-office-tx-sharon-s-hallmark-6709796b0d,Sharon's/Hallmark post-office-centered national sample candidate,national_post_office_sample_candidate,food_service,osm:way:547800869,Domino's,,,Sharon's/Hallmark,TX,,31.7688186,-106.3040361,Geofabrik OpenStreetMap GeoPackage extract,2026-08-16T03:29:35Z,open,ODbL; attribution and share-alike required,packet_ready,geofabrik_named_food_service
national-post-office-tx-sharon-s-hallmark-6709796b0d,Sharon's/Hallmark post-office-centered national sample candidate,national_post_office_sample_candidate,food_service,osm:node:13927228728,Don Taco,,,Sharon's/Hallmark,TX,,31.7630341,-106.3026851,Geofabrik OpenStreetMap GeoPackage extract,2026-08-16T03:29:35Z,open,ODbL; attribution and share-alike required,packet_ready,geofabrik_named_food_service
national-post-office-tx-sharon-s-hallmark-6709796b0d,Sharon's/Hallmark post-office-centered national sample candidate,national_post_office_sample_candidate,food_service,osm:way:305986973,Dunkin',,,Sharon's/Hallmark,TX,,31.7538946,-106.3450874,Geofabrik OpenStreetMap GeoPackage extract,2026-08-16T03:29:35Z,open,ODbL; attribution and share-alike required,packet_ready,geofabrik_named_food_service
national-post-office-tx-sharon-s-hallmark-6709796b0d,Sharon's/Hallmark post-office-centered national sample candidate,national_post_office_sample_candidate,food_service,osm:way:1112589850,Dutch Bros. Coffee,,,Sharon's/Hallmark,TX,,31.7598045,-106.3545596,Geofabrik OpenStreetMap GeoPackage extract,2026-08-16T03:29:35Z,open,ODbL; attribution and share-alike required,packet_ready,geofabrik_named_food_service
national-post-office-tx-sharon-s-hallmark-6709796b0d,Sharon's/Hallmark post-office-centered national sample candidate,national_post_office_sample_candidate,food_service,osm:way:1276699538,Dutch Bros. Coffee,,,Sharon's/Hallmark,TX,,31.7697828,-106.3030218,Geofabrik OpenStreetMap GeoPackage extract,2026-08-16T03:29:35Z,open,ODbL; attribution and share-alike required,packet_ready,geofabrik_named_food_service
national-post-office-tx-sharon-s-hallmark-6709796b0d,Sharon's/Hallmark post-office-centered national sample candidate,national_post_office_sample_candidate,food_service,osm:way:1133246273,El Amachado,,,Sharon's/Hallmark,TX,,31.7828650,-106.3018837,Geofabrik OpenStreetMap GeoPackage extract,2026-08-16T03:29:35Z,open,ODbL; attribution and share-alike required,packet_ready,geofabrik_named_food_service
national-post-office-tx-sharon-s-hallmark-6709796b0d,Sharon's/Hallmark post-office-centered national sample candidate,national_post_office_sample_candidate,food_service,osm:node:13309296525,El Barril,,,Sharon's/Hallmark,TX,,31.7497611,-106.3013881,Geofabrik OpenStreetMap GeoPackage extract,2026-08-16T03:29:35Z,open,ODbL; attribution and share-alike required,packet_ready,geofabrik_named_food_service
national-post-office-tx-sharon-s-hallmark-6709796b0d,Sharon's/Hallmark post-office-centered national sample candidate,national_post_office_sample_candidate,food_service,osm:node:10245862258,El Cometa,,,Sharon's/Hallmark,TX,,31.7822182,-106.2856239,Geofabrik OpenStreetMap GeoPackage extract,2026-08-16T03:29:35Z,open,ODbL; attribution and share-alike required,packet_ready,geofabrik_named_food_service
national-post-office-tx-sharon-s-hallmark-6709796b0d,Sharon's/Hallmark post-office-centered national sample candidate,national_post_office_sample_candidate,food_service,osm:way:735005555,El Paso Street Tacos,,,Sharon's/Hallmark,TX,,31.7414740,-106.2883318,Geofabrik OpenStreetMap GeoPackage extract,2026-08-16T03:29:35Z,open,ODbL; attribution and share-alike required,packet_ready,geofabrik_named_food_service
national-post-office-tx-sharon-s-hallmark-6709796b0d,Sharon's/Hallmark post-office-centered national sample candidate,national_post_office_sample_candidate,food_service,osm:way:1112426723,El Paso Tamales,,,Sharon's/Hallmark,TX,,31.7679152,-106.2997189,Geofabrik OpenStreetMap GeoPackage extract,2026-08-16T03:29:35Z,open,ODbL; attribution and share-alike required,packet_ready,geofabrik_named_food_service
national-post-office-tx-sharon-s-hallmark-6709796b0d,Sharon's/Hallmark post-office-centered national sample candidate,national_post_office_sample_candidate,food_service,osm:way:171326384,El Portal Del CIRO's Mexican & Seafood,,,Sharon's/Hallmark,TX,,31.7358290,-106.2941141,Geofabrik OpenStreetMap GeoPackage extract,2026-08-16T03:29:35Z,open,ODbL; attribution and share-alike required,packet_ready,geofabrik_named_food_service
national-post-office-tx-sharon-s-hallmark-6709796b0d,Sharon's/Hallmark post-office-centered national sample candidate,national_post_office_sample_candidate,food_service,osm:way:1112819856,El Sazon De Mi Abuela,,,Sharon's/Hallmark,TX,,31.7664640,-106.2860201,Geofabrik OpenStreetMap GeoPackage extract,2026-08-16T03:29:35Z,open,ODbL; attribution and share-alike required,packet_ready,geofabrik_named_food_service
national-post-office-tx-sharon-s-hallmark-6709796b0d,Sharon's/Hallmark post-office-centered national sample candidate,national_post_office_sample_candidate,food_service,osm:way:1112426724,Elotes Y Mas,,,Sharon's/Hallmark,TX,,31.7680149,-106.2996836,Geofabrik OpenStreetMap GeoPackage extract,2026-08-16T03:29:35Z,open,ODbL; attribution and share-alike required,packet_ready,geofabrik_named_food_service
national-post-office-tx-sharon-s-hallmark-6709796b0d,Sharon's/Hallmark post-office-centered national sample candidate,national_post_office_sample_candidate,food_service,osm:way:171326387,Ernie's Cafe,,,Sharon's/Hallmark,TX,,31.7390207,-106.2904556,Geofabrik OpenStreetMap GeoPackage extract,2026-08-16T03:29:35Z,open,ODbL; attribution and share-alike required,packet_ready,geofabrik_named_food_service
national-post-office-tx-sharon-s-hallmark-6709796b0d,Sharon's/Hallmark post-office-centered national sample candidate,national_post_office_sample_candidate,food_service,osm:way:1112439090,Fishmart,,,Sharon's/Hallmark,TX,,31.7698345,-106.3185227,Geofabrik OpenStreetMap GeoPackage extract,2026-08-16T03:29:35Z,open,ODbL; attribution and share-alike required,packet_ready,geofabrik_named_food_service
national-post-office-tx-sharon-s-hallmark-6709796b0d,Sharon's/Hallmark post-office-centered national sample candidate,national_post_office_sample_candidate,food_service,osm:way:1013620244,Flores Meat Market & Restaurant,,,Sharon's/Hallmark,TX,,31.7540296,-106.2767230,Geofabrik OpenStreetMap GeoPackage extract,2026-08-16T03:29:35Z,open,ODbL; attribution and share-alike required,packet_ready,geofabrik_named_food_service
national-post-office-tx-sharon-s-hallmark-6709796b0d,Sharon's/Hallmark post-office-centered national sample candidate,national_post_office_sample_candidate,food_service,osm:way:994032087,Frisco Burger,,,Sharon's/Hallmark,TX,,31.7858362,-106.3355798,Geofabrik OpenStreetMap GeoPackage extract,2026-08-16T03:29:35Z,open,ODbL; attribution and share-alike required,packet_ready,geofabrik_named_food_service
national-post-office-tx-sharon-s-hallmark-6709796b0d,Sharon's/Hallmark post-office-centered national sample candidate,national_post_office_sample_candidate,food_service,osm:node:13300532423,Game Vault,,,Sharon's/Hallmark,TX,,31.7548356,-106.3415158,Geofabrik OpenStreetMap GeoPackage extract,2026-08-16T03:29:35Z,open,ODbL; attribution and share-alike required,packet_ready,geofabrik_named_food_service
national-post-office-tx-sharon-s-hallmark-6709796b0d,Sharon's/Hallmark post-office-centered national sample candidate,national_post_office_sample_candidate,food_service,osm:way:1374305355,Global Coffee,,,Sharon's/Hallmark,TX,,31.7729472,-106.3571001,Geofabrik OpenStreetMap GeoPackage extract,2026-08-16T03:29:35Z,open,ODbL; attribution and share-alike required,packet_ready,geofabrik_named_food_service
national-post-office-tx-sharon-s-hallmark-6709796b0d,Sharon's/Hallmark post-office-centered national sample candidate,national_post_office_sample_candidate,food_service,osm:node:13766824217,Global Coffee Roasters,,,Sharon's/Hallmark,TX,,31.7392462,-106.2916764,Geofabrik OpenStreetMap GeoPackage extract,2026-08-16T03:29:35Z,open,ODbL; attribution and share-alike required,packet_ready,geofabrik_named_food_service
national-post-office-tx-sharon-s-hallmark-6709796b0d,Sharon's/Hallmark post-office-centered national sample candidate,national_post_office_sample_candidate,food_service,osm:way:667275845,Golden Corral,,,Sharon's/Hallmark,TX,,31.7500791,-106.3182033,Geofabrik OpenStreetMap GeoPackage extract,2026-08-16T03:29:35Z,open,ODbL; attribution and share-alike required,packet_ready,geofabrik_named_food_service
national-post-office-tx-sharon-s-hallmark-6709796b0d,Sharon's/Hallmark post-office-centered national sample candidate,national_post_office_sample_candidate,food_service,osm:way:1112577215,Grand China Buffet,,,Sharon's/Hallmark,TX,,31.7658689,-106.3620479,Geofabrik OpenStreetMap GeoPackage extract,2026-08-16T03:29:35Z,open,ODbL; attribution and share-alike required,packet_ready,geofabrik_named_food_service
national-post-office-tx-sharon-s-hallmark-6709796b0d,Sharon's/Hallmark post-office-centered national sample candidate,national_post_office_sample_candidate,food_service,osm:way:727498729,Great American Steakburger,,,Sharon's/Hallmark,TX,,31.7739656,-106.3393819,Geofabrik OpenStreetMap GeoPackage extract,2026-08-16T03:29:35Z,open,ODbL; attribution and share-alike required,packet_ready,geofabrik_named_food_service
national-post-office-tx-sharon-s-hallmark-6709796b0d,Sharon's/Hallmark post-office-centered national sample candidate,national_post_office_sample_candidate,food_service,osm:node:10304437491,Hamburger House,,,Sharon's/Hallmark,TX,,31.7423216,-106.3577228,Geofabrik OpenStreetMap GeoPackage extract,2026-08-16T03:29:35Z,open,ODbL; attribution and share-alike required,packet_ready,geofabrik_named_food_service
national-post-office-tx-sharon-s-hallmark-6709796b0d,Sharon's/Hallmark post-office-centered national sample candidate,national_post_office_sample_candidate,food_service,osm:way:305986956,Hayashi Hibachi,,,Sharon's/Hallmark,TX,,31.7538152,-106.3459007,Geofabrik OpenStreetMap GeoPackage extract,2026-08-16T03:29:35Z,open,ODbL; attribution and share-alike required,packet_ready,geofabrik_named_food_service
national-post-office-tx-sharon-s-hallmark-6709796b0d,Sharon's/Hallmark post-office-centered national sample candidate,national_post_office_sample_candidate,food_service,osm:way:667275836,Jack in the Box,,,Sharon's/Hallmark,TX,,31.7485363,-106.3182664,Geofabrik OpenStreetMap GeoPackage extract,2026-08-16T03:29:35Z,open,ODbL; attribution and share-alike required,packet_ready,geofabrik_named_food_service
national-post-office-tx-sharon-s-hallmark-6709796b0d,Sharon's/Hallmark post-office-centered national sample candidate,national_post_office_sample_candidate,food_service,osm:way:801828139,Jack in the Box,,,Sharon's/Hallmark,TX,,31.7605615,-106.3556559,Geofabrik OpenStreetMap GeoPackage extract,2026-08-16T03:29:35Z,open,ODbL; attribution and share-alike required,packet_ready,geofabrik_named_food_service
national-post-office-tx-sharon-s-hallmark-6709796b0d,Sharon's/Hallmark post-office-centered national sample candidate,national_post_office_sample_candidate,food_service,osm:way:749099743,Julio's Mexican Food,,,Sharon's/Hallmark,TX,,31.7469657,-106.3379834,Geofabrik OpenStreetMap GeoPackage extract,2026-08-16T03:29:35Z,open,ODbL; attribution and share-alike required,packet_ready,geofabrik_named_food_service
national-post-office-tx-sharon-s-hallmark-6709796b0d,Sharon's/Hallmark post-office-centered national sample candidate,national_post_office_sample_candidate,food_service,osm:way:547800861,KFC,,,Sharon's/Hallmark,TX,,31.7689039,-106.3011006,Geofabrik OpenStreetMap GeoPackage extract,2026-08-16T03:29:35Z,open,ODbL; attribution and share-alike required,packet_ready,geofabrik_named_food_service
national-post-office-tx-sharon-s-hallmark-6709796b0d,Sharon's/Hallmark post-office-centered national sample candidate,national_post_office_sample_candidate,food_service,osm:node:10245862273,Kee's Teriyaki & Sushi,,,Sharon's/Hallmark,TX,,31.7669011,-106.2864493,Geofabrik OpenStreetMap GeoPackage extract,2026-08-16T03:29:35Z,open,ODbL; attribution and share-alike required,packet_ready,geofabrik_named_food_service
national-post-office-tx-sharon-s-hallmark-6709796b0d,Sharon's/Hallmark post-office-centered national sample candidate,national_post_office_sample_candidate,food_service,osm:way:1013620241,Kee's Teriyaki & Sushi,,,Sharon's/Hallmark,TX,,31.7668807,-106.2864276,Geofabrik OpenStreetMap GeoPackage extract,2026-08-16T03:29:35Z,open,ODbL; attribution and share-alike required,packet_ready,geofabrik_named_food_service
national-post-office-tx-sharon-s-hallmark-6709796b0d,Sharon's/Hallmark post-office-centered national sample candidate,national_post_office_sample_candidate,food_service,osm:node:4794566623,King Crab,,,Sharon's/Hallmark,TX,,31.7495542,-106.2800631,Geofabrik OpenStreetMap GeoPackage extract,2026-08-16T03:29:35Z,open,ODbL; attribution and share-alike required,packet_ready,geofabrik_named_food_service
national-post-office-tx-sharon-s-hallmark-6709796b0d,Sharon's/Hallmark post-office-centered national sample candidate,national_post_office_sample_candidate,food_service,osm:way:1112431990,Kung Fu Noodle,,,Sharon's/Hallmark,TX,,31.7699256,-106.3005196,Geofabrik OpenStreetMap GeoPackage extract,2026-08-16T03:29:35Z,open,ODbL; attribution and share-alike required,packet_ready,geofabrik_named_food_service
national-post-office-tx-sharon-s-hallmark-6709796b0d,Sharon's/Hallmark post-office-centered national sample candidate,national_post_office_sample_candidate,food_service,osm:way:1112426714,La Catedral,,,Sharon's/Hallmark,TX,,31.7680196,-106.2985629,Geofabrik OpenStreetMap GeoPackage extract,2026-08-16T03:29:35Z,open,ODbL; attribution and share-alike required,packet_ready,geofabrik_named_food_service
national-post-office-tx-sharon-s-hallmark-6709796b0d,Sharon's/Hallmark post-office-centered national sample candidate,national_post_office_sample_candidate,food_service,osm:way:1435994197,La Tacqueria,,,Sharon's/Hallmark,TX,,31.7416593,-106.3023377,Geofabrik OpenStreetMap GeoPackage extract,2026-08-16T03:29:35Z,open,ODbL; attribution and share-alike required,packet_ready,geofabrik_named_food_service
national-post-office-tx-sharon-s-hallmark-6709796b0d,Sharon's/Hallmark post-office-centered national sample candidate,national_post_office_sample_candidate,food_service,osm:way:1112589848,Lemon Beaters,,,Sharon's/Hallmark,TX,,31.7588402,-106.3541004,Geofabrik OpenStreetMap GeoPackage extract,2026-08-16T03:29:35Z,open,ODbL; attribution and share-alike required,packet_ready,geofabrik_named_food_service
national-post-office-tx-sharon-s-hallmark-6709796b0d,Sharon's/Hallmark post-office-centered national sample candidate,national_post_office_sample_candidate,food_service,osm:way:749099732,Lin's Grand Buffet,,,Sharon's/Hallmark,TX,,31.7503809,-106.3436105,Geofabrik OpenStreetMap GeoPackage extract,2026-08-16T03:29:35Z,open,ODbL; attribution and share-alike required,packet_ready,geofabrik_named_food_service
national-post-office-tx-sharon-s-hallmark-6709796b0d,Sharon's/Hallmark post-office-centered national sample candidate,national_post_office_sample_candidate,food_service,osm:node:10245862267,Little Caesars,,,Sharon's/Hallmark,TX,,31.7834210,-106.2846724,Geofabrik OpenStreetMap GeoPackage extract,2026-08-16T03:29:35Z,open,ODbL; attribution and share-alike required,packet_ready,geofabrik_named_food_service
national-post-office-tx-sharon-s-hallmark-6709796b0d,Sharon's/Hallmark post-office-centered national sample candidate,national_post_office_sample_candidate,food_service,osm:way:1112439082,Little Caesars,,,Sharon's/Hallmark,TX,,31.7668671,-106.3183705,Geofabrik OpenStreetMap GeoPackage extract,2026-08-16T03:29:35Z,open,ODbL; attribution and share-alike required,packet_ready,geofabrik_named_food_service
national-post-office-tx-sharon-s-hallmark-6709796b0d,Sharon's/Hallmark post-office-centered national sample candidate,national_post_office_sample_candidate,food_service,osm:way:1112817002,Little Caesars,,,Sharon's/Hallmark,TX,,31.7603437,-106.2730968,Geofabrik OpenStreetMap GeoPackage extract,2026-08-16T03:29:35Z,open,ODbL; attribution and share-alike required,packet_ready,geofabrik_named_food_service
national-post-office-tx-sharon-s-hallmark-6709796b0d,Sharon's/Hallmark post-office-centered national sample candidate,national_post_office_sample_candidate,food_service,osm:node:9725755003,McDonald's,,,Sharon's/Hallmark,TX,,31.7511837,-106.3013869,Geofabrik OpenStreetMap GeoPackage extract,2026-08-16T03:29:35Z,open,ODbL; attribution and share-alike required,packet_ready,geofabrik_named_food_service
national-post-office-tx-sharon-s-hallmark-6709796b0d,Sharon's/Hallmark post-office-centered national sample candidate,national_post_office_sample_candidate,food_service,osm:way:173386110,McDonald's,,,Sharon's/Hallmark,TX,,31.7530411,-106.3443951,Geofabrik OpenStreetMap GeoPackage extract,2026-08-16T03:29:35Z,open,ODbL; attribution and share-alike required,packet_ready,geofabrik_named_food_service
national-post-office-tx-sharon-s-hallmark-6709796b0d,Sharon's/Hallmark post-office-centered national sample candidate,national_post_office_sample_candidate,food_service,osm:way:263646434,McDonald's,,,Sharon's/Hallmark,TX,,31.7635355,-106.3194770,Geofabrik OpenStreetMap GeoPackage extract,2026-08-16T03:29:35Z,open,ODbL; attribution and share-alike required,packet_ready,geofabrik_named_food_service
national-post-office-tx-sharon-s-hallmark-6709796b0d,Sharon's/Hallmark post-office-centered national sample candidate,national_post_office_sample_candidate,food_service,osm:way:667318062,McDonald's,,,Sharon's/Hallmark,TX,,31.7680394,-106.3196570,Geofabrik OpenStreetMap GeoPackage extract,2026-08-16T03:29:35Z,open,ODbL; attribution and share-alike required,packet_ready,geofabrik_named_food_service
national-post-office-tx-sharon-s-hallmark-6709796b0d,Sharon's/Hallmark post-office-centered national sample candidate,national_post_office_sample_candidate,food_service,osm:way:693394125,McDonald's,,,Sharon's/Hallmark,TX,,31.8012535,-106.3028079,Geofabrik OpenStreetMap GeoPackage extract,2026-08-16T03:29:35Z,open,ODbL; attribution and share-alike required,packet_ready,geofabrik_named_food_service
national-post-office-tx-sharon-s-hallmark-6709796b0d,Sharon's/Hallmark post-office-centered national sample candidate,national_post_office_sample_candidate,food_service,osm:way:1112815352,Mekong Thai,,,Sharon's/Hallmark,TX,,31.7560428,-106.2728799,Geofabrik OpenStreetMap GeoPackage extract,2026-08-16T03:29:35Z,open,ODbL; attribution and share-alike required,packet_ready,geofabrik_named_food_service
national-post-office-tx-sharon-s-hallmark-6709796b0d,Sharon's/Hallmark post-office-centered national sample candidate,national_post_office_sample_candidate,food_service,osm:way:1112589868,Mi Pueblito Cafe,,,Sharon's/Hallmark,TX,,31.7659575,-106.2981201,Geofabrik OpenStreetMap GeoPackage extract,2026-08-16T03:29:35Z,open,ODbL; attribution and share-alike required,packet_ready,geofabrik_named_food_service
national-post-office-tx-sharon-s-hallmark-6709796b0d,Sharon's/Hallmark post-office-centered national sample candidate,national_post_office_sample_candidate,food_service,osm:way:547800868,Morra Mia,,,Sharon's/Hallmark,TX,,31.7688018,-106.3047455,Geofabrik OpenStreetMap GeoPackage extract,2026-08-16T03:29:35Z,open,ODbL; attribution and share-alike required,packet_ready,geofabrik_named_food_service
national-post-office-tx-sharon-s-hallmark-6709796b0d,Sharon's/Hallmark post-office-centered national sample candidate,national_post_office_sample_candidate,food_service,osm:way:734910527,Panda Express,,,Sharon's/Hallmark,TX,,31.7469780,-106.3186698,Geofabrik OpenStreetMap GeoPackage extract,2026-08-16T03:29:35Z,open,ODbL; attribution and share-alike required,packet_ready,geofabrik_named_food_service
national-post-office-tx-sharon-s-hallmark-6709796b0d,Sharon's/Hallmark post-office-centered national sample candidate,national_post_office_sample_candidate,food_service,osm:way:1013619125,Papa Eric's,,,Sharon's/Hallmark,TX,,31.7699764,-106.3484980,Geofabrik OpenStreetMap GeoPackage extract,2026-08-16T03:29:35Z,open,ODbL; attribution and share-alike required,packet_ready,geofabrik_named_food_service
national-post-office-tx-sharon-s-hallmark-6709796b0d,Sharon's/Hallmark post-office-centered national sample candidate,national_post_office_sample_candidate,food_service,osm:way:1112426718,Papa John's,,,Sharon's/Hallmark,TX,,31.7684039,-106.2996177,Geofabrik OpenStreetMap GeoPackage extract,2026-08-16T03:29:35Z,open,ODbL; attribution and share-alike required,packet_ready,geofabrik_named_food_service
national-post-office-tx-sharon-s-hallmark-6709796b0d,Sharon's/Hallmark post-office-centered national sample candidate,national_post_office_sample_candidate,food_service,osm:way:1112439077,Peter Piper Pizza,,,Sharon's/Hallmark,TX,,31.7674852,-106.3174618,Geofabrik OpenStreetMap GeoPackage extract,2026-08-16T03:29:35Z,open,ODbL; attribution and share-alike required,packet_ready,geofabrik_named_food_service
national-post-office-tx-sharon-s-hallmark-6709796b0d,Sharon's/Hallmark post-office-centered national sample candidate,national_post_office_sample_candidate,food_service,osm:way:735005416,Peter Piper Pizza,,,Sharon's/Hallmark,TX,,31.7557658,-106.2730680,Geofabrik OpenStreetMap GeoPackage extract,2026-08-16T03:29:35Z,open,ODbL; attribution and share-alike required,packet_ready,geofabrik_named_food_service
national-post-office-tx-sharon-s-hallmark-6709796b0d,Sharon's/Hallmark post-office-centered national sample candidate,national_post_office_sample_candidate,food_service,osm:way:1112426719,Pho So i,,,Sharon's/Hallmark,TX,,31.7685005,-106.2996940,Geofabrik OpenStreetMap GeoPackage extract,2026-08-16T03:29:35Z,open,ODbL; attribution and share-alike required,packet_ready,geofabrik_named_food_service
national-post-office-tx-sharon-s-hallmark-6709796b0d,Sharon's/Hallmark post-office-centered national sample candidate,national_post_office_sample_candidate,food_service,osm:way:1112589871,Pizza Hut,,,Sharon's/Hallmark,TX,,31.7651418,-106.3015820,Geofabrik OpenStreetMap GeoPackage extract,2026-08-16T03:29:35Z,open,ODbL; attribution and share-alike required,packet_ready,geofabrik_named_food_service
national-post-office-tx-sharon-s-hallmark-6709796b0d,Sharon's/Hallmark post-office-centered national sample candidate,national_post_office_sample_candidate,food_service,osm:way:305986988,Pizza Hut,,,Sharon's/Hallmark,TX,,31.7525596,-106.3468321,Geofabrik OpenStreetMap GeoPackage extract,2026-08-16T03:29:35Z,open,ODbL; attribution and share-alike required,packet_ready,geofabrik_named_food_service
national-post-office-tx-sharon-s-hallmark-6709796b0d,Sharon's/Hallmark post-office-centered national sample candidate,national_post_office_sample_candidate,food_service,osm:way:693347637,Pizza Hut,,,Sharon's/Hallmark,TX,,31.7968371,-106.3328369,Geofabrik OpenStreetMap GeoPackage extract,2026-08-16T03:29:35Z,open,ODbL; attribution and share-alike required,packet_ready,geofabrik_named_food_service
national-post-office-tx-sharon-s-hallmark-6709796b0d,Sharon's/Hallmark post-office-centered national sample candidate,national_post_office_sample_candidate,food_service,osm:way:735005547,Pizza Hut,,,Sharon's/Hallmark,TX,,31.7435826,-106.2874506,Geofabrik OpenStreetMap GeoPackage extract,2026-08-16T03:29:35Z,open,ODbL; attribution and share-alike required,packet_ready,geofabrik_named_food_service
national-post-office-tx-sharon-s-hallmark-6709796b0d,Sharon's/Hallmark post-office-centered national sample candidate,national_post_office_sample_candidate,food_service,osm:way:1013619120,Popeyes,,,Sharon's/Hallmark,TX,,31.7717366,-106.3380199,Geofabrik OpenStreetMap GeoPackage extract,2026-08-16T03:29:35Z,open,ODbL; attribution and share-alike required,packet_ready,geofabrik_named_food_service
national-post-office-tx-sharon-s-hallmark-6709796b0d,Sharon's/Hallmark post-office-centered national sample candidate,national_post_office_sample_candidate,food_service,osm:way:734910548,Popeyes,,,Sharon's/Hallmark,TX,,31.7472829,-106.3184540,Geofabrik OpenStreetMap GeoPackage extract,2026-08-16T03:29:35Z,open,ODbL; attribution and share-alike required,packet_ready,geofabrik_named_food_service
national-post-office-tx-sharon-s-hallmark-6709796b0d,Sharon's/Hallmark post-office-centered national sample candidate,national_post_office_sample_candidate,food_service,osm:node:13305434187,Pupusona Pellicano,,,Sharon's/Hallmark,TX,,31.7451666,-106.3055153,Geofabrik OpenStreetMap GeoPackage extract,2026-08-16T03:29:35Z,open,ODbL; attribution and share-alike required,packet_ready,geofabrik_named_food_service
national-post-office-tx-sharon-s-hallmark-6709796b0d,Sharon's/Hallmark post-office-centered national sample candidate,national_post_office_sample_candidate,food_service,osm:way:1013620822,Red Wasabi,,,Sharon's/Hallmark,TX,,31.7499769,-106.2800177,Geofabrik OpenStreetMap GeoPackage extract,2026-08-16T03:29:35Z,open,ODbL; attribution and share-alike required,packet_ready,geofabrik_named_food_service
national-post-office-tx-sharon-s-hallmark-6709796b0d,Sharon's/Hallmark post-office-centered national sample candidate,national_post_office_sample_candidate,food_service,osm:way:749099733,Rudy's Country Store and Bar-B-Q,,,Sharon's/Hallmark,TX,,31.7504049,-106.3441482,Geofabrik OpenStreetMap GeoPackage extract,2026-08-16T03:29:35Z,open,ODbL; attribution and share-alike required,packet_ready,geofabrik_named_food_service
national-post-office-tx-sharon-s-hallmark-6709796b0d,Sharon's/Hallmark post-office-centered national sample candidate,national_post_office_sample_candidate,food_service,osm:node:2738214008,Schlotzsky's,,,Sharon's/Hallmark,TX,,31.7670686,-106.3184290,Geofabrik OpenStreetMap GeoPackage extract,2026-08-16T03:29:35Z,open,ODbL; attribution and share-alike required,packet_ready,geofabrik_named_food_service
national-post-office-tx-sharon-s-hallmark-6709796b0d,Sharon's/Hallmark post-office-centered national sample candidate,national_post_office_sample_candidate,food_service,osm:way:729127148,Sonic,,,Sharon's/Hallmark,TX,,31.7647884,-106.3214234,Geofabrik OpenStreetMap GeoPackage extract,2026-08-16T03:29:35Z,open,ODbL; attribution and share-alike required,packet_ready,geofabrik_named_food_service
national-post-office-tx-sharon-s-hallmark-6709796b0d,Sharon's/Hallmark post-office-centered national sample candidate,national_post_office_sample_candidate,food_service,osm:way:1112596832,Southern Comfort,,,Sharon's/Hallmark,TX,,31.7714392,-106.3301757,Geofabrik OpenStreetMap GeoPackage extract,2026-08-16T03:29:35Z,open,ODbL; attribution and share-alike required,packet_ready,geofabrik_named_food_service
national-post-office-tx-sharon-s-hallmark-6709796b0d,Sharon's/Hallmark post-office-centered national sample candidate,national_post_office_sample_candidate,food_service,osm:way:1112431976,Starbucks,,,Sharon's/Hallmark,TX,,31.7676121,-106.3018510,Geofabrik OpenStreetMap GeoPackage extract,2026-08-16T03:29:35Z,open,ODbL; attribution and share-alike required,packet_ready,geofabrik_named_food_service
national-post-office-tx-sharon-s-hallmark-6709796b0d,Sharon's/Hallmark post-office-centered national sample candidate,national_post_office_sample_candidate,food_service,osm:way:1177933092,Starbucks,,,Sharon's/Hallmark,TX,,31.7745301,-106.3393839,Geofabrik OpenStreetMap GeoPackage extract,2026-08-16T03:29:35Z,open,ODbL; attribution and share-alike required,packet_ready,geofabrik_named_food_service
national-post-office-tx-sharon-s-hallmark-6709796b0d,Sharon's/Hallmark post-office-centered national sample candidate,national_post_office_sample_candidate,food_service,osm:way:1504463286,Starbucks,,,Sharon's/Hallmark,TX,,31.7680782,-106.3040093,Geofabrik OpenStreetMap GeoPackage extract,2026-08-16T03:29:35Z,open,ODbL; attribution and share-alike required,packet_ready,geofabrik_named_food_service
national-post-office-tx-sharon-s-hallmark-6709796b0d,Sharon's/Hallmark post-office-centered national sample candidate,national_post_office_sample_candidate,food_service,osm:way:667318061,Starbucks,,,Sharon's/Hallmark,TX,,31.7677605,-106.3194422,Geofabrik OpenStreetMap GeoPackage extract,2026-08-16T03:29:35Z,open,ODbL; attribution and share-alike required,packet_ready,geofabrik_named_food_service
national-post-office-tx-sharon-s-hallmark-6709796b0d,Sharon's/Hallmark post-office-centered national sample candidate,national_post_office_sample_candidate,food_service,osm:way:1112439087,Subway,,,Sharon's/Hallmark,TX,,31.7695610,-106.3185687,Geofabrik OpenStreetMap GeoPackage extract,2026-08-16T03:29:35Z,open,ODbL; attribution and share-alike required,packet_ready,geofabrik_named_food_service
national-post-office-tx-sharon-s-hallmark-6709796b0d,Sharon's/Hallmark post-office-centered national sample candidate,national_post_office_sample_candidate,food_service,osm:way:727498747,Subway,,,Sharon's/Hallmark,TX,,31.7701438,-106.3186106,Geofabrik OpenStreetMap GeoPackage extract,2026-08-16T03:29:35Z,open,ODbL; attribution and share-alike required,packet_ready,geofabrik_named_food_service
national-post-office-tx-sharon-s-hallmark-6709796b0d,Sharon's/Hallmark post-office-centered national sample candidate,national_post_office_sample_candidate,food_service,osm:way:463599006,Taco Bell,,,Sharon's/Hallmark,TX,,31.7523940,-106.3183476,Geofabrik OpenStreetMap GeoPackage extract,2026-08-16T03:29:35Z,open,ODbL; attribution and share-alike required,packet_ready,geofabrik_named_food_service
national-post-office-tx-sharon-s-hallmark-6709796b0d,Sharon's/Hallmark post-office-centered national sample candidate,national_post_office_sample_candidate,food_service,osm:way:1504463205,Tacos Don Cuco,,,Sharon's/Hallmark,TX,,31.7387913,-106.2906763,Geofabrik OpenStreetMap GeoPackage extract,2026-08-16T03:29:35Z,open,ODbL; attribution and share-alike required,packet_ready,geofabrik_named_food_service
national-post-office-tx-sharon-s-hallmark-6709796b0d,Sharon's/Hallmark post-office-centered national sample candidate,national_post_office_sample_candidate,food_service,osm:way:171326392,Tacotote,,,Sharon's/Hallmark,TX,,31.7369796,-106.2932125,Geofabrik OpenStreetMap GeoPackage extract,2026-08-16T03:29:35Z,open,ODbL; attribution and share-alike required,packet_ready,geofabrik_named_food_service
national-post-office-tx-sharon-s-hallmark-6709796b0d,Sharon's/Hallmark post-office-centered national sample candidate,national_post_office_sample_candidate,food_service,osm:way:727498833,Texas Roadhouse,,,Sharon's/Hallmark,TX,,31.7512681,-106.3414969,Geofabrik OpenStreetMap GeoPackage extract,2026-08-16T03:29:35Z,open,ODbL; attribution and share-alike required,packet_ready,geofabrik_named_food_service
national-post-office-tx-sharon-s-hallmark-6709796b0d,Sharon's/Hallmark post-office-centered national sample candidate,national_post_office_sample_candidate,food_service,osm:way:1013619126,The Sandwich Shop,,,Sharon's/Hallmark,TX,,31.7700543,-106.3479742,Geofabrik OpenStreetMap GeoPackage extract,2026-08-16T03:29:35Z,open,ODbL; attribution and share-alike required,packet_ready,geofabrik_named_food_service
national-post-office-tx-sharon-s-hallmark-6709796b0d,Sharon's/Hallmark post-office-centered national sample candidate,national_post_office_sample_candidate,food_service,osm:way:1112439085,Tortas Nico,,,Sharon's/Hallmark,TX,,31.7668027,-106.3183667,Geofabrik OpenStreetMap GeoPackage extract,2026-08-16T03:29:35Z,open,ODbL; attribution and share-alike required,packet_ready,geofabrik_named_food_service
national-post-office-tx-sharon-s-hallmark-6709796b0d,Sharon's/Hallmark post-office-centered national sample candidate,national_post_office_sample_candidate,food_service,osm:way:1112818201,Tortilleria,,,Sharon's/Hallmark,TX,,31.7606030,-106.2735575,Geofabrik OpenStreetMap GeoPackage extract,2026-08-16T03:29:35Z,open,ODbL; attribution and share-alike required,packet_ready,geofabrik_named_food_service
national-post-office-tx-sharon-s-hallmark-6709796b0d,Sharon's/Hallmark post-office-centered national sample candidate,national_post_office_sample_candidate,food_service,osm:node:13766824757,Tropical Smoothie Cafe,,,Sharon's/Hallmark,TX,,31.7391766,-106.2914763,Geofabrik OpenStreetMap GeoPackage extract,2026-08-16T03:29:35Z,open,ODbL; attribution and share-alike required,packet_ready,geofabrik_named_food_service
national-post-office-tx-sharon-s-hallmark-6709796b0d,Sharon's/Hallmark post-office-centered national sample candidate,national_post_office_sample_candidate,food_service,osm:way:1319919209,Tropical Smoothie Cafe,,,Sharon's/Hallmark,TX,,31.7683821,-106.3040825,Geofabrik OpenStreetMap GeoPackage extract,2026-08-16T03:29:35Z,open,ODbL; attribution and share-alike required,packet_ready,geofabrik_named_food_service
national-post-office-tx-sharon-s-hallmark-6709796b0d,Sharon's/Hallmark post-office-centered national sample candidate,national_post_office_sample_candidate,food_service,osm:way:1013623671,Urban Gyros,,,Sharon's/Hallmark,TX,,31.7424453,-106.2872989,Geofabrik OpenStreetMap GeoPackage extract,2026-08-16T03:29:35Z,open,ODbL; attribution and share-alike required,packet_ready,geofabrik_named_food_service
national-post-office-tx-sharon-s-hallmark-6709796b0d,Sharon's/Hallmark post-office-centered national sample candidate,national_post_office_sample_candidate,food_service,osm:way:1435994192,Wendy's,,,Sharon's/Hallmark,TX,,31.7449396,-106.3024025,Geofabrik OpenStreetMap GeoPackage extract,2026-08-16T03:29:35Z,open,ODbL; attribution and share-alike required,packet_ready,geofabrik_named_food_service
national-post-office-tx-sharon-s-hallmark-6709796b0d,Sharon's/Hallmark post-office-centered national sample candidate,national_post_office_sample_candidate,food_service,osm:way:305986969,Wendy's,,,Sharon's/Hallmark,TX,,31.7548734,-106.3429240,Geofabrik OpenStreetMap GeoPackage extract,2026-08-16T03:29:35Z,open,ODbL; attribution and share-alike required,packet_ready,geofabrik_named_food_service
national-post-office-tx-sharon-s-hallmark-6709796b0d,Sharon's/Hallmark post-office-centered national sample candidate,national_post_office_sample_candidate,food_service,osm:way:263591382,Whataburger,,,Sharon's/Hallmark,TX,,31.7558592,-106.3419596,Geofabrik OpenStreetMap GeoPackage extract,2026-08-16T03:29:35Z,open,ODbL; attribution and share-alike required,packet_ready,geofabrik_named_food_service
national-post-office-tx-sharon-s-hallmark-6709796b0d,Sharon's/Hallmark post-office-centered national sample candidate,national_post_office_sample_candidate,food_service,osm:way:263643909,Whataburger,,,Sharon's/Hallmark,TX,,31.7940089,-106.3590177,Geofabrik OpenStreetMap GeoPackage extract,2026-08-16T03:29:35Z,open,ODbL; attribution and share-alike required,packet_ready,geofabrik_named_food_service
national-post-office-tx-sharon-s-hallmark-6709796b0d,Sharon's/Hallmark post-office-centered national sample candidate,national_post_office_sample_candidate,food_service,osm:way:263683960,Whataburger,,,Sharon's/Hallmark,TX,,31.7450568,-106.3320240,Geofabrik OpenStreetMap GeoPackage extract,2026-08-16T03:29:35Z,open,ODbL; attribution and share-alike required,packet_ready,geofabrik_named_food_service
national-post-office-tx-sharon-s-hallmark-6709796b0d,Sharon's/Hallmark post-office-centered national sample candidate,national_post_office_sample_candidate,food_service,osm:way:1112818196,Wicked Pho,,,Sharon's/Hallmark,TX,,31.7609834,-106.2734939,Geofabrik OpenStreetMap GeoPackage extract,2026-08-16T03:29:35Z,open,ODbL; attribution and share-alike required,packet_ready,geofabrik_named_food_service
national-post-office-tx-sharon-s-hallmark-6709796b0d,Sharon's/Hallmark post-office-centered national sample candidate,national_post_office_sample_candidate,food_service,osm:node:10751796305,Wienerschnitzel,,,Sharon's/Hallmark,TX,,31.7564408,-106.3415920,Geofabrik OpenStreetMap GeoPackage extract,2026-08-16T03:29:35Z,open,ODbL; attribution and share-alike required,packet_ready,geofabrik_named_food_service
national-post-office-tx-sharon-s-hallmark-6709796b0d,Sharon's/Hallmark post-office-centered national sample candidate,national_post_office_sample_candidate,food_service,osm:way:667318064,Wienerschnitzel,,,Sharon's/Hallmark,TX,,31.7685118,-106.3195840,Geofabrik OpenStreetMap GeoPackage extract,2026-08-16T03:29:35Z,open,ODbL; attribution and share-alike required,packet_ready,geofabrik_named_food_service
national-post-office-tx-sharon-s-hallmark-6709796b0d,Sharon's/Hallmark post-office-centered national sample candidate,national_post_office_sample_candidate,food_service,osm:way:1112439083,Wing It! Wings and Things,,,Sharon's/Hallmark,TX,,31.7669716,-106.3183597,Geofabrik OpenStreetMap GeoPackage extract,2026-08-16T03:29:35Z,open,ODbL; attribution and share-alike required,packet_ready,geofabrik_named_food_service
national-post-office-tx-sharon-s-hallmark-6709796b0d,Sharon's/Hallmark post-office-centered national sample candidate,national_post_office_sample_candidate,food_service,osm:way:1276699536,Wing Kings,,,Sharon's/Hallmark,TX,,31.7672545,-106.2972873,Geofabrik OpenStreetMap GeoPackage extract,2026-08-16T03:29:35Z,open,ODbL; attribution and share-alike required,packet_ready,geofabrik_named_food_service
national-post-office-tx-sharon-s-hallmark-6709796b0d,Sharon's/Hallmark post-office-centered national sample candidate,national_post_office_sample_candidate,food_service,osm:way:1374305358,Wing Kings,,,Sharon's/Hallmark,TX,,31.7722716,-106.3562239,Geofabrik OpenStreetMap GeoPackage extract,2026-08-16T03:29:35Z,open,ODbL; attribution and share-alike required,packet_ready,geofabrik_named_food_service
national-post-office-tx-sharon-s-hallmark-6709796b0d,Sharon's/Hallmark post-office-centered national sample candidate,national_post_office_sample_candidate,food_service,osm:node:4540655666,Xtreme Pizza & Wings,,,Sharon's/Hallmark,TX,,31.7567900,-106.3414303,Geofabrik OpenStreetMap GeoPackage extract,2026-08-16T03:29:35Z,open,ODbL; attribution and share-alike required,packet_ready,geofabrik_named_food_service
national-post-office-tx-sharon-s-hallmark-6709796b0d,Sharon's/Hallmark post-office-centered national sample candidate,national_post_office_sample_candidate,food_service,osm:way:1112819857,Xtreme Pizza & Wings,,,Sharon's/Hallmark,TX,,31.7664249,-106.2861002,Geofabrik OpenStreetMap GeoPackage extract,2026-08-16T03:29:35Z,open,ODbL; attribution and share-alike required,packet_ready,geofabrik_named_food_service
national-post-office-tx-vidor-56f6f66a69,Vidor post-office-centered national sample candidate,national_post_office_sample_candidate,food_service,osm:way:1057019758,Burger King,,,Vidor,TX,,30.1304137,-94.0157988,Geofabrik OpenStreetMap GeoPackage extract,2026-08-16T03:29:35Z,open,ODbL; attribution and share-alike required,packet_ready,geofabrik_named_food_service
national-post-office-tx-vidor-56f6f66a69,Vidor post-office-centered national sample candidate,national_post_office_sample_candidate,food_service,osm:way:1086970012,DQ Grill & Chill,,,Vidor,TX,,30.1328984,-94.0154093,Geofabrik OpenStreetMap GeoPackage extract,2026-08-16T03:29:35Z,open,ODbL; attribution and share-alike required,packet_ready,geofabrik_named_food_service
national-post-office-tx-vidor-56f6f66a69,Vidor post-office-centered national sample candidate,national_post_office_sample_candidate,food_service,osm:way:1086970007,Domino's,,,Vidor,TX,,30.1352416,-94.0156440,Geofabrik OpenStreetMap GeoPackage extract,2026-08-16T03:29:35Z,open,ODbL; attribution and share-alike required,packet_ready,geofabrik_named_food_service
national-post-office-tx-vidor-56f6f66a69,Vidor post-office-centered national sample candidate,national_post_office_sample_candidate,food_service,osm:node:13250967220,Dunkin',,,Vidor,TX,,30.1302607,-94.0147586,Geofabrik OpenStreetMap GeoPackage extract,2026-08-16T03:29:35Z,open,ODbL; attribution and share-alike required,packet_ready,geofabrik_named_food_service
national-post-office-tx-vidor-56f6f66a69,Vidor post-office-centered national sample candidate,national_post_office_sample_candidate,food_service,osm:way:1086968048,Jack in the Box,,,Vidor,TX,,30.1434020,-94.0166152,Geofabrik OpenStreetMap GeoPackage extract,2026-08-16T03:29:35Z,open,ODbL; attribution and share-alike required,packet_ready,geofabrik_named_food_service
national-post-office-tx-vidor-56f6f66a69,Vidor post-office-centered national sample candidate,national_post_office_sample_candidate,food_service,osm:node:11253551765,Little Caesars,,,Vidor,TX,,30.1345257,-94.0151887,Geofabrik OpenStreetMap GeoPackage extract,2026-08-16T03:29:35Z,open,ODbL; attribution and share-alike required,packet_ready,geofabrik_named_food_service
national-post-office-tx-vidor-56f6f66a69,Vidor post-office-centered national sample candidate,national_post_office_sample_candidate,food_service,osm:way:1086972226,McDonald's,,,Vidor,TX,,30.1322924,-94.0162728,Geofabrik OpenStreetMap GeoPackage extract,2026-08-16T03:29:35Z,open,ODbL; attribution and share-alike required,packet_ready,geofabrik_named_food_service
national-post-office-tx-vidor-56f6f66a69,Vidor post-office-centered national sample candidate,national_post_office_sample_candidate,food_service,osm:node:11724823189,Pizza Hut,,,Vidor,TX,,30.1300671,-94.0155990,Geofabrik OpenStreetMap GeoPackage extract,2026-08-16T03:29:35Z,open,ODbL; attribution and share-alike required,packet_ready,geofabrik_named_food_service
national-post-office-tx-vidor-56f6f66a69,Vidor post-office-centered national sample candidate,national_post_office_sample_candidate,food_service,osm:way:1086970446,Popeyes,,,Vidor,TX,,30.1343094,-94.0158834,Geofabrik OpenStreetMap GeoPackage extract,2026-08-16T03:29:35Z,open,ODbL; attribution and share-alike required,packet_ready,geofabrik_named_food_service
national-post-office-tx-vidor-56f6f66a69,Vidor post-office-centered national sample candidate,national_post_office_sample_candidate,food_service,osm:way:1086971228,Sonic,,,Vidor,TX,,30.1277929,-94.0137626,Geofabrik OpenStreetMap GeoPackage extract,2026-08-16T03:29:35Z,open,ODbL; attribution and share-alike required,packet_ready,geofabrik_named_food_service
national-post-office-tx-vidor-56f6f66a69,Vidor post-office-centered national sample candidate,national_post_office_sample_candidate,food_service,osm:way:1086971823,Subway,,,Vidor,TX,,30.1275964,-94.0136170,Geofabrik OpenStreetMap GeoPackage extract,2026-08-16T03:29:35Z,open,ODbL; attribution and share-alike required,packet_ready,geofabrik_named_food_service
national-post-office-tx-vidor-56f6f66a69,Vidor post-office-centered national sample candidate,national_post_office_sample_candidate,food_service,osm:way:1261870911,Subway,,,Vidor,TX,,30.1462030,-94.0173513,Geofabrik OpenStreetMap GeoPackage extract,2026-08-16T03:29:35Z,open,ODbL; attribution and share-alike required,packet_ready,geofabrik_named_food_service
national-post-office-tx-vidor-56f6f66a69,Vidor post-office-centered national sample candidate,national_post_office_sample_candidate,food_service,osm:way:1057020208,Taco Bell,,,Vidor,TX,,30.1287221,-94.0150157,Geofabrik OpenStreetMap GeoPackage extract,2026-08-16T03:29:35Z,open,ODbL; attribution and share-alike required,packet_ready,geofabrik_named_food_service
national-post-office-tx-vidor-56f6f66a69,Vidor post-office-centered national sample candidate,national_post_office_sample_candidate,food_service,osm:way:1086971883,Waffle House,,,Vidor,TX,,30.1326942,-94.0155422,Geofabrik OpenStreetMap GeoPackage extract,2026-08-16T03:29:35Z,open,ODbL; attribution and share-alike required,packet_ready,geofabrik_named_food_service
national-post-office-tx-vidor-56f6f66a69,Vidor post-office-centered national sample candidate,national_post_office_sample_candidate,food_service,osm:way:845564355,Whataburger,,,Vidor,TX,,30.1300700,-94.0147803,Geofabrik OpenStreetMap GeoPackage extract,2026-08-16T03:29:35Z,open,ODbL; attribution and share-alike required,packet_ready,geofabrik_named_food_service
