target_id,target_label,anchor_field,facility_type,facility_id,facility_name,operator,street_address,city,state,postal_code,latitude,longitude,source,source_date,license_status,rights_status,review_status,review_reason
national-post-office-wy-airport-fcb22eb890,Airport post-office-centered national sample candidate,national_post_office_sample_candidate,food_service,osm:node:3786956476,,,,Airport,WY,,41.1382071,-104.7892447,Geofabrik OpenStreetMap GeoPackage extract,2026-08-15T20:21:20Z,open,ODbL; attribution and share-alike required,exclude,unnamed_food_service_anchor
national-post-office-wy-airport-fcb22eb890,Airport post-office-centered national sample candidate,national_post_office_sample_candidate,food_service,osm:way:906008068,,,,Airport,WY,,41.1340882,-104.8141272,Geofabrik OpenStreetMap GeoPackage extract,2026-08-15T20:21:20Z,open,ODbL; attribution and share-alike required,exclude,unnamed_food_service_anchor
national-post-office-wy-airport-fcb22eb890,Airport post-office-centered national sample candidate,national_post_office_sample_candidate,food_service,osm:node:5631267928,Accomplice Beer Company,,,Airport,WY,,41.1320132,-104.8139937,Geofabrik OpenStreetMap GeoPackage extract,2026-08-15T20:21:20Z,open,ODbL; attribution and share-alike required,packet_ready,geofabrik_named_food_service
national-post-office-wy-airport-fcb22eb890,Airport post-office-centered national sample candidate,national_post_office_sample_candidate,food_service,osm:way:232402250,Applebee's,,,Airport,WY,,41.1598186,-104.8068774,Geofabrik OpenStreetMap GeoPackage extract,2026-08-15T20:21:20Z,open,ODbL; attribution and share-alike required,packet_ready,geofabrik_named_food_service
national-post-office-wy-airport-fcb22eb890,Airport post-office-centered national sample candidate,national_post_office_sample_candidate,food_service,osm:way:317610304,Arby's,,,Airport,WY,,41.1344212,-104.8116190,Geofabrik OpenStreetMap GeoPackage extract,2026-08-15T20:21:20Z,open,ODbL; attribution and share-alike required,packet_ready,geofabrik_named_food_service
national-post-office-wy-airport-fcb22eb890,Airport post-office-centered national sample candidate,national_post_office_sample_candidate,food_service,osm:way:537172422,Arby's,,,Airport,WY,,41.1680674,-104.8292327,Geofabrik OpenStreetMap GeoPackage extract,2026-08-15T20:21:20Z,open,ODbL; attribution and share-alike required,packet_ready,geofabrik_named_food_service
national-post-office-wy-airport-fcb22eb890,Airport post-office-centered national sample candidate,national_post_office_sample_candidate,food_service,osm:node:14074811197,Barrett Creek Coffee,,,Airport,WY,,41.1317405,-104.8145888,Geofabrik OpenStreetMap GeoPackage extract,2026-08-15T20:21:20Z,open,ODbL; attribution and share-alike required,packet_ready,geofabrik_named_food_service
national-post-office-wy-airport-fcb22eb890,Airport post-office-centered national sample candidate,national_post_office_sample_candidate,food_service,osm:node:5631267933,Bejo Sushi/Asian,,,Airport,WY,,41.1340038,-104.8152913,Geofabrik OpenStreetMap GeoPackage extract,2026-08-15T20:21:20Z,open,ODbL; attribution and share-alike required,packet_ready,geofabrik_named_food_service
national-post-office-wy-airport-fcb22eb890,Airport post-office-centered national sample candidate,national_post_office_sample_candidate,food_service,osm:way:589705552,Bella Fuoco Wood-Fired Pizza,,,Airport,WY,,41.1386932,-104.8160932,Geofabrik OpenStreetMap GeoPackage extract,2026-08-15T20:21:20Z,open,ODbL; attribution and share-alike required,packet_ready,geofabrik_named_food_service
national-post-office-wy-airport-fcb22eb890,Airport post-office-centered national sample candidate,national_post_office_sample_candidate,food_service,osm:node:5662622687,Blackjack Pizza,,,Airport,WY,,41.1365061,-104.8045700,Geofabrik OpenStreetMap GeoPackage extract,2026-08-15T20:21:20Z,open,ODbL; attribution and share-alike required,packet_ready,geofabrik_named_food_service
national-post-office-wy-airport-fcb22eb890,Airport post-office-centered national sample candidate,national_post_office_sample_candidate,food_service,osm:way:258768038,Buffalo Wild Wings,,,Airport,WY,,41.1636688,-104.8003246,Geofabrik OpenStreetMap GeoPackage extract,2026-08-15T20:21:20Z,open,ODbL; attribution and share-alike required,packet_ready,geofabrik_named_food_service
national-post-office-wy-airport-fcb22eb890,Airport post-office-centered national sample candidate,national_post_office_sample_candidate,food_service,osm:way:317610306,Carl's Jr.,,,Airport,WY,,41.1340930,-104.8127820,Geofabrik OpenStreetMap GeoPackage extract,2026-08-15T20:21:20Z,open,ODbL; attribution and share-alike required,packet_ready,geofabrik_named_food_service
national-post-office-wy-airport-fcb22eb890,Airport post-office-centered national sample candidate,national_post_office_sample_candidate,food_service,osm:way:755468959,Central Cafe,,,Airport,WY,,41.1519822,-104.8228633,Geofabrik OpenStreetMap GeoPackage extract,2026-08-15T20:21:20Z,open,ODbL; attribution and share-alike required,packet_ready,geofabrik_named_food_service
national-post-office-wy-airport-fcb22eb890,Airport post-office-centered national sample candidate,national_post_office_sample_candidate,food_service,osm:way:511653829,Chick-fil-A,,,Airport,WY,,41.1596180,-104.7792396,Geofabrik OpenStreetMap GeoPackage extract,2026-08-15T20:21:20Z,open,ODbL; attribution and share-alike required,packet_ready,geofabrik_named_food_service
national-post-office-wy-airport-fcb22eb890,Airport post-office-centered national sample candidate,national_post_office_sample_candidate,food_service,osm:way:236932047,Chili's,,,Airport,WY,,41.1607939,-104.8082970,Geofabrik OpenStreetMap GeoPackage extract,2026-08-15T20:21:20Z,open,ODbL; attribution and share-alike required,packet_ready,geofabrik_named_food_service
national-post-office-wy-airport-fcb22eb890,Airport post-office-centered national sample candidate,national_post_office_sample_candidate,food_service,osm:node:2407529400,China Buffet,,,Airport,WY,,41.1611415,-104.7927210,Geofabrik OpenStreetMap GeoPackage extract,2026-08-15T20:21:20Z,open,ODbL; attribution and share-alike required,packet_ready,geofabrik_named_food_service
national-post-office-wy-airport-fcb22eb890,Airport post-office-centered national sample candidate,national_post_office_sample_candidate,food_service,osm:way:86296758,Chipotle,,,Airport,WY,,41.1606999,-104.8056966,Geofabrik OpenStreetMap GeoPackage extract,2026-08-15T20:21:20Z,open,ODbL; attribution and share-alike required,packet_ready,geofabrik_named_food_service
national-post-office-wy-airport-fcb22eb890,Airport post-office-centered national sample candidate,national_post_office_sample_candidate,food_service,osm:way:1242672020,Clean Eatz,,,Airport,WY,,41.1442786,-104.7894913,Geofabrik OpenStreetMap GeoPackage extract,2026-08-15T20:21:20Z,open,ODbL; attribution and share-alike required,packet_ready,geofabrik_named_food_service
national-post-office-wy-airport-fcb22eb890,Airport post-office-centered national sample candidate,national_post_office_sample_candidate,food_service,osm:node:5631267926,Coffee Depot,,,Airport,WY,,41.1306278,-104.8185181,Geofabrik OpenStreetMap GeoPackage extract,2026-08-15T20:21:20Z,open,ODbL; attribution and share-alike required,packet_ready,geofabrik_named_food_service
national-post-office-wy-airport-fcb22eb890,Airport post-office-centered national sample candidate,national_post_office_sample_candidate,food_service,osm:node:11911077031,Culver's,,,Airport,WY,,41.1380290,-104.7905073,Geofabrik OpenStreetMap GeoPackage extract,2026-08-15T20:21:20Z,open,ODbL; attribution and share-alike required,packet_ready,geofabrik_named_food_service
national-post-office-wy-airport-fcb22eb890,Airport post-office-centered national sample candidate,national_post_office_sample_candidate,food_service,osm:way:900013272,Culver's,,,Airport,WY,,41.1588541,-104.8098410,Geofabrik OpenStreetMap GeoPackage extract,2026-08-15T20:21:20Z,open,ODbL; attribution and share-alike required,packet_ready,geofabrik_named_food_service
national-post-office-wy-airport-fcb22eb890,Airport post-office-centered national sample candidate,national_post_office_sample_candidate,food_service,osm:way:727284979,DQ Grill & Chill,,,Airport,WY,,41.1462487,-104.8075909,Geofabrik OpenStreetMap GeoPackage extract,2026-08-15T20:21:20Z,open,ODbL; attribution and share-alike required,packet_ready,geofabrik_named_food_service
national-post-office-wy-airport-fcb22eb890,Airport post-office-centered national sample candidate,national_post_office_sample_candidate,food_service,osm:node:11110811827,Delectable Donuts,,,Airport,WY,,41.1381011,-104.7856262,Geofabrik OpenStreetMap GeoPackage extract,2026-08-15T20:21:20Z,open,ODbL; attribution and share-alike required,packet_ready,geofabrik_named_food_service
national-post-office-wy-airport-fcb22eb890,Airport post-office-centered national sample candidate,national_post_office_sample_candidate,food_service,osm:way:1085921055,Dickey's Barbecue Pit,,,Airport,WY,,41.1617737,-104.8060883,Geofabrik OpenStreetMap GeoPackage extract,2026-08-15T20:21:20Z,open,ODbL; attribution and share-alike required,packet_ready,geofabrik_named_food_service
national-post-office-wy-airport-fcb22eb890,Airport post-office-centered national sample candidate,national_post_office_sample_candidate,food_service,osm:node:11911077030,Domino's,,,Airport,WY,,41.1458147,-104.8162675,Geofabrik OpenStreetMap GeoPackage extract,2026-08-15T20:21:20Z,open,ODbL; attribution and share-alike required,packet_ready,geofabrik_named_food_service
national-post-office-wy-airport-fcb22eb890,Airport post-office-centered national sample candidate,national_post_office_sample_candidate,food_service,osm:way:878463691,Domino's,,,Airport,WY,,41.1692815,-104.8291353,Geofabrik OpenStreetMap GeoPackage extract,2026-08-15T20:21:20Z,open,ODbL; attribution and share-alike required,packet_ready,geofabrik_named_food_service
national-post-office-wy-airport-fcb22eb890,Airport post-office-centered national sample candidate,national_post_office_sample_candidate,food_service,osm:node:3787098298,Down Home Diner,,,Airport,WY,,41.1231750,-104.8425287,Geofabrik OpenStreetMap GeoPackage extract,2026-08-15T20:21:20Z,open,ODbL; attribution and share-alike required,packet_ready,geofabrik_named_food_service
national-post-office-wy-airport-fcb22eb890,Airport post-office-centered national sample candidate,national_post_office_sample_candidate,food_service,osm:node:11911077028,Dunkin',,,Airport,WY,,41.1444265,-104.8592540,Geofabrik OpenStreetMap GeoPackage extract,2026-08-15T20:21:20Z,open,ODbL; attribution and share-alike required,packet_ready,geofabrik_named_food_service
national-post-office-wy-airport-fcb22eb890,Airport post-office-centered national sample candidate,national_post_office_sample_candidate,food_service,osm:way:237059920,Epic Egg,,,Airport,WY,,41.1386008,-104.8209304,Geofabrik OpenStreetMap GeoPackage extract,2026-08-15T20:21:20Z,open,ODbL; attribution and share-alike required,packet_ready,geofabrik_named_food_service
national-post-office-wy-airport-fcb22eb890,Airport post-office-centered national sample candidate,national_post_office_sample_candidate,food_service,osm:way:750212600,Espi's Restaurant,,,Airport,WY,,41.1463806,-104.8317766,Geofabrik OpenStreetMap GeoPackage extract,2026-08-15T20:21:20Z,open,ODbL; attribution and share-alike required,packet_ready,geofabrik_named_food_service
national-post-office-wy-airport-fcb22eb890,Airport post-office-centered national sample candidate,national_post_office_sample_candidate,food_service,osm:way:1085921050,Five Guys,,,Airport,WY,,41.1618063,-104.8059316,Geofabrik OpenStreetMap GeoPackage extract,2026-08-15T20:21:20Z,open,ODbL; attribution and share-alike required,packet_ready,geofabrik_named_food_service
national-post-office-wy-airport-fcb22eb890,Airport post-office-centered national sample candidate,national_post_office_sample_candidate,food_service,osm:node:13318674427,Freddy's,,,Airport,WY,,41.1648384,-104.8030815,Geofabrik OpenStreetMap GeoPackage extract,2026-08-15T20:21:20Z,open,ODbL; attribution and share-alike required,packet_ready,geofabrik_named_food_service
national-post-office-wy-airport-fcb22eb890,Airport post-office-centered national sample candidate,national_post_office_sample_candidate,food_service,osm:way:258701959,Guadalajara,,,Airport,WY,,41.1598586,-104.7983464,Geofabrik OpenStreetMap GeoPackage extract,2026-08-15T20:21:20Z,open,ODbL; attribution and share-alike required,packet_ready,geofabrik_named_food_service
national-post-office-wy-airport-fcb22eb890,Airport post-office-centered national sample candidate,national_post_office_sample_candidate,food_service,osm:way:317610308,Hacienda Guadalajara,,,Airport,WY,,41.1340810,-104.8109529,Geofabrik OpenStreetMap GeoPackage extract,2026-08-15T20:21:20Z,open,ODbL; attribution and share-alike required,packet_ready,geofabrik_named_food_service
national-post-office-wy-airport-fcb22eb890,Airport post-office-centered national sample candidate,national_post_office_sample_candidate,food_service,osm:node:11110811826,Hi Sushi,,,Airport,WY,,41.1381021,-104.7857282,Geofabrik OpenStreetMap GeoPackage extract,2026-08-15T20:21:20Z,open,ODbL; attribution and share-alike required,packet_ready,geofabrik_named_food_service
national-post-office-wy-airport-fcb22eb890,Airport post-office-centered national sample candidate,national_post_office_sample_candidate,food_service,osm:node:13090706259,Hokkaido Ramen,,,Airport,WY,,41.1342757,-104.8164880,Geofabrik OpenStreetMap GeoPackage extract,2026-08-15T20:21:20Z,open,ODbL; attribution and share-alike required,packet_ready,geofabrik_named_food_service
national-post-office-wy-airport-fcb22eb890,Airport post-office-centered national sample candidate,national_post_office_sample_candidate,food_service,osm:way:1085921070,Honolulu Poke & Ramen,,,Airport,WY,,41.1625250,-104.8047807,Geofabrik OpenStreetMap GeoPackage extract,2026-08-15T20:21:20Z,open,ODbL; attribution and share-alike required,packet_ready,geofabrik_named_food_service
national-post-office-wy-airport-fcb22eb890,Airport post-office-centered national sample candidate,national_post_office_sample_candidate,food_service,osm:way:236518170,Jacksons All American Sports Grill,,,Airport,WY,,41.1731247,-104.8094250,Geofabrik OpenStreetMap GeoPackage extract,2026-08-15T20:21:20Z,open,ODbL; attribution and share-alike required,packet_ready,geofabrik_named_food_service
national-post-office-wy-airport-fcb22eb890,Airport post-office-centered national sample candidate,national_post_office_sample_candidate,food_service,osm:node:13318674428,Jersey Mike's Subs,,,Airport,WY,,41.1647990,-104.8029258,Geofabrik OpenStreetMap GeoPackage extract,2026-08-15T20:21:20Z,open,ODbL; attribution and share-alike required,packet_ready,geofabrik_named_food_service
national-post-office-wy-airport-fcb22eb890,Airport post-office-centered national sample candidate,national_post_office_sample_candidate,food_service,osm:node:13326624963,"Juicy's Burgers, Dogs, and More",,,Airport,WY,,41.1582028,-104.7769333,Geofabrik OpenStreetMap GeoPackage extract,2026-08-15T20:21:20Z,open,ODbL; attribution and share-alike required,packet_ready,geofabrik_named_food_service
national-post-office-wy-airport-fcb22eb890,Airport post-office-centered national sample candidate,national_post_office_sample_candidate,food_service,osm:node:3786956480,KFC,,,Airport,WY,,41.1388211,-104.7879707,Geofabrik OpenStreetMap GeoPackage extract,2026-08-15T20:21:20Z,open,ODbL; attribution and share-alike required,packet_ready,geofabrik_named_food_service
national-post-office-wy-airport-fcb22eb890,Airport post-office-centered national sample candidate,national_post_office_sample_candidate,food_service,osm:way:909888189,Korean House Restaraunt,,,Airport,WY,,41.1456358,-104.8311555,Geofabrik OpenStreetMap GeoPackage extract,2026-08-15T20:21:20Z,open,ODbL; attribution and share-alike required,packet_ready,geofabrik_named_food_service
national-post-office-wy-airport-fcb22eb890,Airport post-office-centered national sample candidate,national_post_office_sample_candidate,food_service,osm:node:5631336717,L'Osteria Mondello's,,,Airport,WY,,41.1587246,-104.8051048,Geofabrik OpenStreetMap GeoPackage extract,2026-08-15T20:21:20Z,open,ODbL; attribution and share-alike required,packet_ready,geofabrik_named_food_service
national-post-office-wy-airport-fcb22eb890,Airport post-office-centered national sample candidate,national_post_office_sample_candidate,food_service,osm:node:5631301397,Little Caesars,,,Airport,WY,,41.1598558,-104.7999240,Geofabrik OpenStreetMap GeoPackage extract,2026-08-15T20:21:20Z,open,ODbL; attribution and share-alike required,packet_ready,geofabrik_named_food_service
national-post-office-wy-airport-fcb22eb890,Airport post-office-centered national sample candidate,national_post_office_sample_candidate,food_service,osm:node:3786956521,McDonald's,,,Airport,WY,,41.1381444,-104.7860905,Geofabrik OpenStreetMap GeoPackage extract,2026-08-15T20:21:20Z,open,ODbL; attribution and share-alike required,packet_ready,geofabrik_named_food_service
national-post-office-wy-airport-fcb22eb890,Airport post-office-centered national sample candidate,national_post_office_sample_candidate,food_service,osm:way:878463704,McDonald's,,,Airport,WY,,41.1716864,-104.8292022,Geofabrik OpenStreetMap GeoPackage extract,2026-08-15T20:21:20Z,open,ODbL; attribution and share-alike required,packet_ready,geofabrik_named_food_service
national-post-office-wy-airport-fcb22eb890,Airport post-office-centered national sample candidate,national_post_office_sample_candidate,food_service,osm:way:899666767,Mongolian Grill,,,Airport,WY,,41.1585332,-104.8018696,Geofabrik OpenStreetMap GeoPackage extract,2026-08-15T20:21:20Z,open,ODbL; attribution and share-alike required,packet_ready,geofabrik_named_food_service
national-post-office-wy-airport-fcb22eb890,Airport post-office-centered national sample candidate,national_post_office_sample_candidate,food_service,osm:way:755465553,Nathaly’s Tacos y Papusas,,,Airport,WY,,41.1528517,-104.8229163,Geofabrik OpenStreetMap GeoPackage extract,2026-08-15T20:21:20Z,open,ODbL; attribution and share-alike required,packet_ready,geofabrik_named_food_service
national-post-office-wy-airport-fcb22eb890,Airport post-office-centered national sample candidate,national_post_office_sample_candidate,food_service,osm:way:1085921052,Nay&Jays,,,Airport,WY,,41.1620075,-104.8060707,Geofabrik OpenStreetMap GeoPackage extract,2026-08-15T20:21:20Z,open,ODbL; attribution and share-alike required,packet_ready,geofabrik_named_food_service
national-post-office-wy-airport-fcb22eb890,Airport post-office-centered national sample candidate,national_post_office_sample_candidate,food_service,osm:way:86296759,Olive Garden,,,Airport,WY,,41.1606473,-104.8051431,Geofabrik OpenStreetMap GeoPackage extract,2026-08-15T20:21:20Z,open,ODbL; attribution and share-alike required,packet_ready,geofabrik_named_food_service
national-post-office-wy-airport-fcb22eb890,Airport post-office-centered national sample candidate,national_post_office_sample_candidate,food_service,osm:way:90283288,Outback Steakhouse,,,Airport,WY,,41.1222121,-104.8460139,Geofabrik OpenStreetMap GeoPackage extract,2026-08-15T20:21:20Z,open,ODbL; attribution and share-alike required,packet_ready,geofabrik_named_food_service
national-post-office-wy-airport-fcb22eb890,Airport post-office-centered national sample candidate,national_post_office_sample_candidate,food_service,osm:way:349365386,Panda Express,,,Airport,WY,,41.1611221,-104.7903830,Geofabrik OpenStreetMap GeoPackage extract,2026-08-15T20:21:20Z,open,ODbL; attribution and share-alike required,packet_ready,geofabrik_named_food_service
national-post-office-wy-airport-fcb22eb890,Airport post-office-centered national sample candidate,national_post_office_sample_candidate,food_service,osm:node:8309751831,Panera Bread,,,Airport,WY,,41.1605306,-104.7811458,Geofabrik OpenStreetMap GeoPackage extract,2026-08-15T20:21:20Z,open,ODbL; attribution and share-alike required,packet_ready,geofabrik_named_food_service
national-post-office-wy-airport-fcb22eb890,Airport post-office-centered national sample candidate,national_post_office_sample_candidate,food_service,osm:node:2407525235,Papa John's,,,Airport,WY,,41.1614210,-104.7927000,Geofabrik OpenStreetMap GeoPackage extract,2026-08-15T20:21:20Z,open,ODbL; attribution and share-alike required,packet_ready,geofabrik_named_food_service
national-post-office-wy-airport-fcb22eb890,Airport post-office-centered national sample candidate,national_post_office_sample_candidate,food_service,osm:node:5631267929,Paramount Café,,,Airport,WY,,41.1330834,-104.8153160,Geofabrik OpenStreetMap GeoPackage extract,2026-08-15T20:21:20Z,open,ODbL; attribution and share-alike required,packet_ready,geofabrik_named_food_service
national-post-office-wy-airport-fcb22eb890,Airport post-office-centered national sample candidate,national_post_office_sample_candidate,food_service,osm:node:5631267934,Paris West,,,Airport,WY,,41.1349473,-104.8148120,Geofabrik OpenStreetMap GeoPackage extract,2026-08-15T20:21:20Z,open,ODbL; attribution and share-alike required,packet_ready,geofabrik_named_food_service
national-post-office-wy-airport-fcb22eb890,Airport post-office-centered national sample candidate,national_post_office_sample_candidate,food_service,osm:way:232400981,Penny's Diner,,,Airport,WY,,41.1590797,-104.8027252,Geofabrik OpenStreetMap GeoPackage extract,2026-08-15T20:21:20Z,open,ODbL; attribution and share-alike required,packet_ready,geofabrik_named_food_service
national-post-office-wy-airport-fcb22eb890,Airport post-office-centered national sample candidate,national_post_office_sample_candidate,food_service,osm:way:258701956,Perkins,,,Airport,WY,,41.1608080,-104.7991525,Geofabrik OpenStreetMap GeoPackage extract,2026-08-15T20:21:20Z,open,ODbL; attribution and share-alike required,packet_ready,geofabrik_named_food_service
national-post-office-wy-airport-fcb22eb890,Airport post-office-centered national sample candidate,national_post_office_sample_candidate,food_service,osm:way:878463693,Pizza Hut,,,Airport,WY,,41.1684161,-104.8291241,Geofabrik OpenStreetMap GeoPackage extract,2026-08-15T20:21:20Z,open,ODbL; attribution and share-alike required,packet_ready,geofabrik_named_food_service
national-post-office-wy-airport-fcb22eb890,Airport post-office-centered national sample candidate,national_post_office_sample_candidate,food_service,osm:node:2407529543,Qdoba,,,Airport,WY,,41.1609784,-104.7927130,Geofabrik OpenStreetMap GeoPackage extract,2026-08-15T20:21:20Z,open,ODbL; attribution and share-alike required,packet_ready,geofabrik_named_food_service
national-post-office-wy-airport-fcb22eb890,Airport post-office-centered national sample candidate,national_post_office_sample_candidate,food_service,osm:way:236513679,Red Lobster,,,Airport,WY,,41.1598514,-104.7945674,Geofabrik OpenStreetMap GeoPackage extract,2026-08-15T20:21:20Z,open,ODbL; attribution and share-alike required,packet_ready,geofabrik_named_food_service
national-post-office-wy-airport-fcb22eb890,Airport post-office-centered national sample candidate,national_post_office_sample_candidate,food_service,osm:way:1085921077,Renzio's Greek Food,,,Airport,WY,,41.1624629,-104.8047692,Geofabrik OpenStreetMap GeoPackage extract,2026-08-15T20:21:20Z,open,ODbL; attribution and share-alike required,packet_ready,geofabrik_named_food_service
national-post-office-wy-airport-fcb22eb890,Airport post-office-centered national sample candidate,national_post_office_sample_candidate,food_service,osm:way:317610198,Rodolfo's Mexican,,,Airport,WY,,41.1359350,-104.8059681,Geofabrik OpenStreetMap GeoPackage extract,2026-08-15T20:21:20Z,open,ODbL; attribution and share-alike required,packet_ready,geofabrik_named_food_service
national-post-office-wy-airport-fcb22eb890,Airport post-office-centered national sample candidate,national_post_office_sample_candidate,food_service,osm:way:589708205,Rolando's Mexican Grill,,,Airport,WY,,41.1598513,-104.7962517,Geofabrik OpenStreetMap GeoPackage extract,2026-08-15T20:21:20Z,open,ODbL; attribution and share-alike required,packet_ready,geofabrik_named_food_service
national-post-office-wy-airport-fcb22eb890,Airport post-office-centered national sample candidate,national_post_office_sample_candidate,food_service,osm:way:906015921,Rubyjuice Fruit & Smoothies,,,Airport,WY,,41.1340882,-104.8141272,Geofabrik OpenStreetMap GeoPackage extract,2026-08-15T20:21:20Z,open,ODbL; attribution and share-alike required,packet_ready,geofabrik_named_food_service
national-post-office-wy-airport-fcb22eb890,Airport post-office-centered national sample candidate,national_post_office_sample_candidate,food_service,osm:way:906008065,Sanford's Grub & Pub,,,Airport,WY,,41.1340555,-104.8139425,Geofabrik OpenStreetMap GeoPackage extract,2026-08-15T20:21:20Z,open,ODbL; attribution and share-alike required,packet_ready,geofabrik_named_food_service
national-post-office-wy-airport-fcb22eb890,Airport post-office-centered national sample candidate,national_post_office_sample_candidate,food_service,osm:node:1002689649,Sonic,,,Airport,WY,,41.1605311,-104.7775705,Geofabrik OpenStreetMap GeoPackage extract,2026-08-15T20:21:20Z,open,ODbL; attribution and share-alike required,packet_ready,geofabrik_named_food_service
national-post-office-wy-airport-fcb22eb890,Airport post-office-centered national sample candidate,national_post_office_sample_candidate,food_service,osm:node:13312883103,Starbucks,,,Airport,WY,,41.1618149,-104.7996560,Geofabrik OpenStreetMap GeoPackage extract,2026-08-15T20:21:20Z,open,ODbL; attribution and share-alike required,packet_ready,geofabrik_named_food_service
national-post-office-wy-airport-fcb22eb890,Airport post-office-centered national sample candidate,national_post_office_sample_candidate,food_service,osm:node:8172444826,Starbucks,,,Airport,WY,,41.1739173,-104.8291206,Geofabrik OpenStreetMap GeoPackage extract,2026-08-15T20:21:20Z,open,ODbL; attribution and share-alike required,packet_ready,geofabrik_named_food_service
national-post-office-wy-airport-fcb22eb890,Airport post-office-centered national sample candidate,national_post_office_sample_candidate,food_service,osm:node:9070848677,Starbucks,,,Airport,WY,,41.1727300,-104.8297653,Geofabrik OpenStreetMap GeoPackage extract,2026-08-15T20:21:20Z,open,ODbL; attribution and share-alike required,packet_ready,geofabrik_named_food_service
national-post-office-wy-airport-fcb22eb890,Airport post-office-centered national sample candidate,national_post_office_sample_candidate,food_service,osm:way:305313222,Starbucks,,,Airport,WY,,41.1380137,-104.8170002,Geofabrik OpenStreetMap GeoPackage extract,2026-08-15T20:21:20Z,open,ODbL; attribution and share-alike required,packet_ready,geofabrik_named_food_service
national-post-office-wy-airport-fcb22eb890,Airport post-office-centered national sample candidate,national_post_office_sample_candidate,food_service,osm:way:878473820,Starbucks,,,Airport,WY,,41.1604343,-104.7792240,Geofabrik OpenStreetMap GeoPackage extract,2026-08-15T20:21:20Z,open,ODbL; attribution and share-alike required,packet_ready,geofabrik_named_food_service
national-post-office-wy-airport-fcb22eb890,Airport post-office-centered national sample candidate,national_post_office_sample_candidate,food_service,osm:node:12205321196,Subway,,,Airport,WY,,41.1381559,-104.7899278,Geofabrik OpenStreetMap GeoPackage extract,2026-08-15T20:21:20Z,open,ODbL; attribution and share-alike required,packet_ready,geofabrik_named_food_service
national-post-office-wy-airport-fcb22eb890,Airport post-office-centered national sample candidate,national_post_office_sample_candidate,food_service,osm:way:549890650,Subway,,,Airport,WY,,41.1599330,-104.7967156,Geofabrik OpenStreetMap GeoPackage extract,2026-08-15T20:21:20Z,open,ODbL; attribution and share-alike required,packet_ready,geofabrik_named_food_service
national-post-office-wy-airport-fcb22eb890,Airport post-office-centered national sample candidate,national_post_office_sample_candidate,food_service,osm:way:878463703,Subway,,,Airport,WY,,41.1710126,-104.8298738,Geofabrik OpenStreetMap GeoPackage extract,2026-08-15T20:21:20Z,open,ODbL; attribution and share-alike required,packet_ready,geofabrik_named_food_service
national-post-office-wy-airport-fcb22eb890,Airport post-office-centered national sample candidate,national_post_office_sample_candidate,food_service,osm:way:1085921073,TCBY Pretzel Maker,,,Airport,WY,,41.1623465,-104.8046871,Geofabrik OpenStreetMap GeoPackage extract,2026-08-15T20:21:20Z,open,ODbL; attribution and share-alike required,packet_ready,geofabrik_named_food_service
national-post-office-wy-airport-fcb22eb890,Airport post-office-centered national sample candidate,national_post_office_sample_candidate,food_service,osm:way:237817017,Taco Bell,,,Airport,WY,,41.1598353,-104.7989970,Geofabrik OpenStreetMap GeoPackage extract,2026-08-15T20:21:20Z,open,ODbL; attribution and share-alike required,packet_ready,geofabrik_named_food_service
national-post-office-wy-airport-fcb22eb890,Airport post-office-centered national sample candidate,national_post_office_sample_candidate,food_service,osm:way:237817221,Taco Bell,,,Airport,WY,,41.1388321,-104.7872488,Geofabrik OpenStreetMap GeoPackage extract,2026-08-15T20:21:20Z,open,ODbL; attribution and share-alike required,packet_ready,geofabrik_named_food_service
national-post-office-wy-airport-fcb22eb890,Airport post-office-centered national sample candidate,national_post_office_sample_candidate,food_service,osm:way:240742391,Taco John's,,,Airport,WY,,41.1382824,-104.8205990,Geofabrik OpenStreetMap GeoPackage extract,2026-08-15T20:21:20Z,open,ODbL; attribution and share-alike required,packet_ready,geofabrik_named_food_service
national-post-office-wy-airport-fcb22eb890,Airport post-office-centered national sample candidate,national_post_office_sample_candidate,food_service,osm:way:878463694,Taco John's,,,Airport,WY,,41.1692929,-104.8282004,Geofabrik OpenStreetMap GeoPackage extract,2026-08-15T20:21:20Z,open,ODbL; attribution and share-alike required,packet_ready,geofabrik_named_food_service
national-post-office-wy-airport-fcb22eb890,Airport post-office-centered national sample candidate,national_post_office_sample_candidate,food_service,osm:node:8359570102,Tacqueria Mexicana Mi Tierra,,,Airport,WY,,41.1643524,-104.8228200,Geofabrik OpenStreetMap GeoPackage extract,2026-08-15T20:21:20Z,open,ODbL; attribution and share-alike required,packet_ready,geofabrik_named_food_service
national-post-office-wy-airport-fcb22eb890,Airport post-office-centered national sample candidate,national_post_office_sample_candidate,food_service,osm:way:236513355,Texas Roadhouse,,,Airport,WY,,41.1582603,-104.7942124,Geofabrik OpenStreetMap GeoPackage extract,2026-08-15T20:21:20Z,open,ODbL; attribution and share-alike required,packet_ready,geofabrik_named_food_service
national-post-office-wy-airport-fcb22eb890,Airport post-office-centered national sample candidate,national_post_office_sample_candidate,food_service,osm:way:237066164,"The Albany Restaurant, Bar and Liquor Mart",,,Airport,WY,,41.1319389,-104.8152040,Geofabrik OpenStreetMap GeoPackage extract,2026-08-15T20:21:20Z,open,ODbL; attribution and share-alike required,packet_ready,geofabrik_named_food_service
national-post-office-wy-airport-fcb22eb890,Airport post-office-centered national sample candidate,national_post_office_sample_candidate,food_service,osm:node:5631267930,The Cheyenne Cup,,,Airport,WY,,41.1327338,-104.8164983,Geofabrik OpenStreetMap GeoPackage extract,2026-08-15T20:21:20Z,open,ODbL; attribution and share-alike required,packet_ready,geofabrik_named_food_service
national-post-office-wy-airport-fcb22eb890,Airport post-office-centered national sample candidate,national_post_office_sample_candidate,food_service,osm:way:547973928,The Metropolitan Downtown,,,Airport,WY,,41.1335412,-104.8169874,Geofabrik OpenStreetMap GeoPackage extract,2026-08-15T20:21:20Z,open,ODbL; attribution and share-alike required,packet_ready,geofabrik_named_food_service
national-post-office-wy-airport-fcb22eb890,Airport post-office-centered national sample candidate,national_post_office_sample_candidate,food_service,osm:node:13311305022,The Office Bar and Grill,,,Airport,WY,,41.1469435,-104.8022761,Geofabrik OpenStreetMap GeoPackage extract,2026-08-15T20:21:20Z,open,ODbL; attribution and share-alike required,packet_ready,geofabrik_named_food_service
national-post-office-wy-airport-fcb22eb890,Airport post-office-centered national sample candidate,national_post_office_sample_candidate,food_service,osm:way:239944453,Tres Amigos,,,Airport,WY,,41.1209476,-104.8473035,Geofabrik OpenStreetMap GeoPackage extract,2026-08-15T20:21:20Z,open,ODbL; attribution and share-alike required,packet_ready,geofabrik_named_food_service
national-post-office-wy-airport-fcb22eb890,Airport post-office-centered national sample candidate,national_post_office_sample_candidate,food_service,osm:node:13312839792,Tres Amigos (Dell Range),,,Airport,WY,,41.1607865,-104.7973388,Geofabrik OpenStreetMap GeoPackage extract,2026-08-15T20:21:20Z,open,ODbL; attribution and share-alike required,packet_ready,geofabrik_named_food_service
national-post-office-wy-airport-fcb22eb890,Airport post-office-centered national sample candidate,national_post_office_sample_candidate,food_service,osm:node:5631267932,Two Doors Down,,,Airport,WY,,41.1344797,-104.8140016,Geofabrik OpenStreetMap GeoPackage extract,2026-08-15T20:21:20Z,open,ODbL; attribution and share-alike required,packet_ready,geofabrik_named_food_service
national-post-office-wy-airport-fcb22eb890,Airport post-office-centered national sample candidate,national_post_office_sample_candidate,food_service,osm:way:317610200,Village Inn,,,Airport,WY,,41.1345012,-104.8097982,Geofabrik OpenStreetMap GeoPackage extract,2026-08-15T20:21:20Z,open,ODbL; attribution and share-alike required,packet_ready,geofabrik_named_food_service
national-post-office-wy-airport-fcb22eb890,Airport post-office-centered national sample candidate,national_post_office_sample_candidate,food_service,osm:node:5631301385,Wasabi's,,,Airport,WY,,41.1611789,-104.7896732,Geofabrik OpenStreetMap GeoPackage extract,2026-08-15T20:21:20Z,open,ODbL; attribution and share-alike required,packet_ready,geofabrik_named_food_service
national-post-office-wy-airport-fcb22eb890,Airport post-office-centered national sample candidate,national_post_office_sample_candidate,food_service,osm:way:236512751,Wendy's,,,Airport,WY,,41.1606878,-104.7964111,Geofabrik OpenStreetMap GeoPackage extract,2026-08-15T20:21:20Z,open,ODbL; attribution and share-alike required,packet_ready,geofabrik_named_food_service
national-post-office-wy-airport-fcb22eb890,Airport post-office-centered national sample candidate,national_post_office_sample_candidate,food_service,osm:way:237818433,Wendy's,,,Airport,WY,,41.1387628,-104.7866333,Geofabrik OpenStreetMap GeoPackage extract,2026-08-15T20:21:20Z,open,ODbL; attribution and share-alike required,packet_ready,geofabrik_named_food_service
national-post-office-wy-airport-fcb22eb890,Airport post-office-centered national sample candidate,national_post_office_sample_candidate,food_service,osm:node:13307587553,Ziggi's Coffee,,,Airport,WY,,41.1674291,-104.8281043,Geofabrik OpenStreetMap GeoPackage extract,2026-08-15T20:21:20Z,open,ODbL; attribution and share-alike required,packet_ready,geofabrik_named_food_service
national-post-office-wy-airport-fcb22eb890,Airport post-office-centered national sample candidate,national_post_office_sample_candidate,food_service,osm:node:13329518120,Ziggi's Coffee,,,Airport,WY,,41.1693203,-104.8292353,Geofabrik OpenStreetMap GeoPackage extract,2026-08-15T20:21:20Z,open,ODbL; attribution and share-alike required,packet_ready,geofabrik_named_food_service
national-post-office-wy-alpine-bd2d53e915,Alpine post-office-centered national sample candidate,national_post_office_sample_candidate,food_service,osm:node:2295984011,,,,Alpine,WY,,43.1736929,-111.0175145,Geofabrik OpenStreetMap GeoPackage extract,2026-08-15T20:21:20Z,open,ODbL; attribution and share-alike required,exclude,unnamed_food_service_anchor
national-post-office-wy-alpine-bd2d53e915,Alpine post-office-centered national sample candidate,national_post_office_sample_candidate,food_service,osm:node:12051794001,Bull Moose,,,Alpine,WY,,43.1624623,-111.0187636,Geofabrik OpenStreetMap GeoPackage extract,2026-08-15T20:21:20Z,open,ODbL; attribution and share-alike required,packet_ready,geofabrik_named_food_service
national-post-office-wy-alpine-bd2d53e915,Alpine post-office-centered national sample candidate,national_post_office_sample_candidate,food_service,osm:node:2295983991,Cheeseburger Factory,,,Alpine,WY,,43.1622871,-111.0220165,Geofabrik OpenStreetMap GeoPackage extract,2026-08-15T20:21:20Z,open,ODbL; attribution and share-alike required,packet_ready,geofabrik_named_food_service
national-post-office-wy-alpine-bd2d53e915,Alpine post-office-centered national sample candidate,national_post_office_sample_candidate,food_service,osm:node:6556576320,Driftwood Pizzeria,,,Alpine,WY,,43.1618708,-111.0232025,Geofabrik OpenStreetMap GeoPackage extract,2026-08-15T20:21:20Z,open,ODbL; attribution and share-alike required,packet_ready,geofabrik_named_food_service
national-post-office-wy-alpine-bd2d53e915,Alpine post-office-centered national sample candidate,national_post_office_sample_candidate,food_service,osm:node:2295984013,Flying Saddle,,,Alpine,WY,,43.1737232,-111.0079210,Geofabrik OpenStreetMap GeoPackage extract,2026-08-15T20:21:20Z,open,ODbL; attribution and share-alike required,packet_ready,geofabrik_named_food_service
national-post-office-wy-alpine-bd2d53e915,Alpine post-office-centered national sample candidate,national_post_office_sample_candidate,food_service,osm:node:8946341692,La Cabaña Del Tequila,,,Alpine,WY,,43.1644743,-111.0178844,Geofabrik OpenStreetMap GeoPackage extract,2026-08-15T20:21:20Z,open,ODbL; attribution and share-alike required,packet_ready,geofabrik_named_food_service
national-post-office-wy-alpine-bd2d53e915,Alpine post-office-centered national sample candidate,national_post_office_sample_candidate,food_service,osm:node:8946341653,Rivers Coffee Hours,,,Alpine,WY,,43.1650389,-111.0177925,Geofabrik OpenStreetMap GeoPackage extract,2026-08-15T20:21:20Z,open,ODbL; attribution and share-alike required,packet_ready,geofabrik_named_food_service
national-post-office-wy-alpine-bd2d53e915,Alpine post-office-centered national sample candidate,national_post_office_sample_candidate,food_service,osm:node:2295984006,Subway,,,Alpine,WY,,43.1703233,-111.0174110,Geofabrik OpenStreetMap GeoPackage extract,2026-08-15T20:21:20Z,open,ODbL; attribution and share-alike required,packet_ready,geofabrik_named_food_service
national-post-office-wy-alpine-bd2d53e915,Alpine post-office-centered national sample candidate,national_post_office_sample_candidate,food_service,osm:node:8944756306,Taco Bus,,,Alpine,WY,,43.1637793,-111.0184955,Geofabrik OpenStreetMap GeoPackage extract,2026-08-15T20:21:20Z,open,ODbL; attribution and share-alike required,packet_ready,geofabrik_named_food_service
national-post-office-wy-alpine-bd2d53e915,Alpine post-office-centered national sample candidate,national_post_office_sample_candidate,food_service,osm:node:2295983989,Yankee Doodle's Cafe,,,Alpine,WY,,43.1651942,-111.0177673,Geofabrik OpenStreetMap GeoPackage extract,2026-08-15T20:21:20Z,open,ODbL; attribution and share-alike required,packet_ready,geofabrik_named_food_service
national-post-office-wy-big-horn-809ef111f7,Big Horn post-office-centered national sample candidate,national_post_office_sample_candidate,food_service,osm:node:4154684809,Big Horn Mercantile,,,Big Horn,WY,,44.6806629,-106.9918603,Geofabrik OpenStreetMap GeoPackage extract,2026-08-15T20:21:20Z,open,ODbL; attribution and share-alike required,packet_ready,geofabrik_named_food_service
national-post-office-wy-big-horn-809ef111f7,Big Horn post-office-centered national sample candidate,national_post_office_sample_candidate,food_service,osm:node:9429191570,Just LeDoux It Saloon,,,Big Horn,WY,,44.6810693,-106.9919714,Geofabrik OpenStreetMap GeoPackage extract,2026-08-15T20:21:20Z,open,ODbL; attribution and share-alike required,packet_ready,geofabrik_named_food_service
national-post-office-wy-boulder-wy-b9fd25d928,"Boulder, WY post-office-centered national sample candidate",national_post_office_sample_candidate,food_service,osm:node:3517290473,,,,"Boulder, WY",WY,,42.7467131,-109.7207246,Geofabrik OpenStreetMap GeoPackage extract,2026-08-15T20:21:20Z,open,ODbL; attribution and share-alike required,exclude,unnamed_food_service_anchor
national-post-office-wy-buffalo-main-46c786b9c1,Buffalo Main post-office-centered national sample candidate,national_post_office_sample_candidate,food_service,osm:node:6218174383,Clear Creek Cantina,,,Buffalo Main,WY,,44.3466042,-106.6989126,Geofabrik OpenStreetMap GeoPackage extract,2026-08-15T20:21:20Z,open,ODbL; attribution and share-alike required,packet_ready,geofabrik_named_food_service
national-post-office-wy-buffalo-main-46c786b9c1,Buffalo Main post-office-centered national sample candidate,national_post_office_sample_candidate,food_service,osm:node:11911077020,Domino's,,,Buffalo Main,WY,,44.3535611,-106.6950895,Geofabrik OpenStreetMap GeoPackage extract,2026-08-15T20:21:20Z,open,ODbL; attribution and share-alike required,packet_ready,geofabrik_named_food_service
national-post-office-wy-buffalo-main-46c786b9c1,Buffalo Main post-office-centered national sample candidate,national_post_office_sample_candidate,food_service,osm:node:10778916683,Duffy's Bluff,,,Buffalo Main,WY,,44.3513753,-106.6882842,Geofabrik OpenStreetMap GeoPackage extract,2026-08-15T20:21:20Z,open,ODbL; attribution and share-alike required,packet_ready,geofabrik_named_food_service
national-post-office-wy-buffalo-main-46c786b9c1,Buffalo Main post-office-centered national sample candidate,national_post_office_sample_candidate,food_service,osm:way:1158328577,Hardee's,,,Buffalo Main,WY,,44.3544304,-106.6943396,Geofabrik OpenStreetMap GeoPackage extract,2026-08-15T20:21:20Z,open,ODbL; attribution and share-alike required,packet_ready,geofabrik_named_food_service
national-post-office-wy-buffalo-main-46c786b9c1,Buffalo Main post-office-centered national sample candidate,national_post_office_sample_candidate,food_service,osm:node:4262297891,Main Street Diner,,,Buffalo Main,WY,,44.3477323,-106.6987475,Geofabrik OpenStreetMap GeoPackage extract,2026-08-15T20:21:20Z,open,ODbL; attribution and share-alike required,packet_ready,geofabrik_named_food_service
national-post-office-wy-buffalo-main-46c786b9c1,Buffalo Main post-office-centered national sample candidate,national_post_office_sample_candidate,food_service,osm:way:400851621,McDonald's,,,Buffalo Main,WY,,44.3545521,-106.6919714,Geofabrik OpenStreetMap GeoPackage extract,2026-08-15T20:21:20Z,open,ODbL; attribution and share-alike required,packet_ready,geofabrik_named_food_service
national-post-office-wy-buffalo-main-46c786b9c1,Buffalo Main post-office-centered national sample candidate,national_post_office_sample_candidate,food_service,osm:way:688189753,Pizza Hut,,,Buffalo Main,WY,,44.3543952,-106.6938105,Geofabrik OpenStreetMap GeoPackage extract,2026-08-15T20:21:20Z,open,ODbL; attribution and share-alike required,packet_ready,geofabrik_named_food_service
national-post-office-wy-buffalo-main-46c786b9c1,Buffalo Main post-office-centered national sample candidate,national_post_office_sample_candidate,food_service,osm:node:10772189880,Subway,,,Buffalo Main,WY,,44.3543428,-106.6935002,Geofabrik OpenStreetMap GeoPackage extract,2026-08-15T20:21:20Z,open,ODbL; attribution and share-alike required,packet_ready,geofabrik_named_food_service
national-post-office-wy-buffalo-main-46c786b9c1,Buffalo Main post-office-centered national sample candidate,national_post_office_sample_candidate,food_service,osm:way:1159083324,The Bozeman Trail Steakhouse,,,Buffalo Main,WY,,44.3537872,-106.6881889,Geofabrik OpenStreetMap GeoPackage extract,2026-08-15T20:21:20Z,open,ODbL; attribution and share-alike required,packet_ready,geofabrik_named_food_service
national-post-office-wy-capitol-station-6ac1770321,Capitol Station post-office-centered national sample candidate,national_post_office_sample_candidate,food_service,osm:node:3786956476,,,,Capitol Station,WY,,41.1382071,-104.7892447,Geofabrik OpenStreetMap GeoPackage extract,2026-08-15T20:21:20Z,open,ODbL; attribution and share-alike required,exclude,unnamed_food_service_anchor
national-post-office-wy-capitol-station-6ac1770321,Capitol Station post-office-centered national sample candidate,national_post_office_sample_candidate,food_service,osm:way:906008068,,,,Capitol Station,WY,,41.1340882,-104.8141272,Geofabrik OpenStreetMap GeoPackage extract,2026-08-15T20:21:20Z,open,ODbL; attribution and share-alike required,exclude,unnamed_food_service_anchor
national-post-office-wy-capitol-station-6ac1770321,Capitol Station post-office-centered national sample candidate,national_post_office_sample_candidate,food_service,osm:node:5631267928,Accomplice Beer Company,,,Capitol Station,WY,,41.1320132,-104.8139937,Geofabrik OpenStreetMap GeoPackage extract,2026-08-15T20:21:20Z,open,ODbL; attribution and share-alike required,packet_ready,geofabrik_named_food_service
national-post-office-wy-capitol-station-6ac1770321,Capitol Station post-office-centered national sample candidate,national_post_office_sample_candidate,food_service,osm:way:232402250,Applebee's,,,Capitol Station,WY,,41.1598186,-104.8068774,Geofabrik OpenStreetMap GeoPackage extract,2026-08-15T20:21:20Z,open,ODbL; attribution and share-alike required,packet_ready,geofabrik_named_food_service
national-post-office-wy-capitol-station-6ac1770321,Capitol Station post-office-centered national sample candidate,national_post_office_sample_candidate,food_service,osm:way:317610304,Arby's,,,Capitol Station,WY,,41.1344212,-104.8116190,Geofabrik OpenStreetMap GeoPackage extract,2026-08-15T20:21:20Z,open,ODbL; attribution and share-alike required,packet_ready,geofabrik_named_food_service
national-post-office-wy-capitol-station-6ac1770321,Capitol Station post-office-centered national sample candidate,national_post_office_sample_candidate,food_service,osm:way:537172422,Arby's,,,Capitol Station,WY,,41.1680674,-104.8292327,Geofabrik OpenStreetMap GeoPackage extract,2026-08-15T20:21:20Z,open,ODbL; attribution and share-alike required,packet_ready,geofabrik_named_food_service
national-post-office-wy-capitol-station-6ac1770321,Capitol Station post-office-centered national sample candidate,national_post_office_sample_candidate,food_service,osm:node:14074811197,Barrett Creek Coffee,,,Capitol Station,WY,,41.1317405,-104.8145888,Geofabrik OpenStreetMap GeoPackage extract,2026-08-15T20:21:20Z,open,ODbL; attribution and share-alike required,packet_ready,geofabrik_named_food_service
national-post-office-wy-capitol-station-6ac1770321,Capitol Station post-office-centered national sample candidate,national_post_office_sample_candidate,food_service,osm:node:5631267933,Bejo Sushi/Asian,,,Capitol Station,WY,,41.1340038,-104.8152913,Geofabrik OpenStreetMap GeoPackage extract,2026-08-15T20:21:20Z,open,ODbL; attribution and share-alike required,packet_ready,geofabrik_named_food_service
national-post-office-wy-capitol-station-6ac1770321,Capitol Station post-office-centered national sample candidate,national_post_office_sample_candidate,food_service,osm:way:589705552,Bella Fuoco Wood-Fired Pizza,,,Capitol Station,WY,,41.1386932,-104.8160932,Geofabrik OpenStreetMap GeoPackage extract,2026-08-15T20:21:20Z,open,ODbL; attribution and share-alike required,packet_ready,geofabrik_named_food_service
national-post-office-wy-capitol-station-6ac1770321,Capitol Station post-office-centered national sample candidate,national_post_office_sample_candidate,food_service,osm:node:5662622687,Blackjack Pizza,,,Capitol Station,WY,,41.1365061,-104.8045700,Geofabrik OpenStreetMap GeoPackage extract,2026-08-15T20:21:20Z,open,ODbL; attribution and share-alike required,packet_ready,geofabrik_named_food_service
national-post-office-wy-capitol-station-6ac1770321,Capitol Station post-office-centered national sample candidate,national_post_office_sample_candidate,food_service,osm:way:258768038,Buffalo Wild Wings,,,Capitol Station,WY,,41.1636688,-104.8003246,Geofabrik OpenStreetMap GeoPackage extract,2026-08-15T20:21:20Z,open,ODbL; attribution and share-alike required,packet_ready,geofabrik_named_food_service
national-post-office-wy-capitol-station-6ac1770321,Capitol Station post-office-centered national sample candidate,national_post_office_sample_candidate,food_service,osm:way:317310701,Burger King,,,Capitol Station,WY,,41.1182561,-104.8038699,Geofabrik OpenStreetMap GeoPackage extract,2026-08-15T20:21:20Z,open,ODbL; attribution and share-alike required,packet_ready,geofabrik_named_food_service
national-post-office-wy-capitol-station-6ac1770321,Capitol Station post-office-centered national sample candidate,national_post_office_sample_candidate,food_service,osm:node:2441016995,Cafe Deli,,,Capitol Station,WY,,41.1042067,-104.7783180,Geofabrik OpenStreetMap GeoPackage extract,2026-08-15T20:21:20Z,open,ODbL; attribution and share-alike required,packet_ready,geofabrik_named_food_service
national-post-office-wy-capitol-station-6ac1770321,Capitol Station post-office-centered national sample candidate,national_post_office_sample_candidate,food_service,osm:way:317610306,Carl's Jr.,,,Capitol Station,WY,,41.1340930,-104.8127820,Geofabrik OpenStreetMap GeoPackage extract,2026-08-15T20:21:20Z,open,ODbL; attribution and share-alike required,packet_ready,geofabrik_named_food_service
national-post-office-wy-capitol-station-6ac1770321,Capitol Station post-office-centered national sample candidate,national_post_office_sample_candidate,food_service,osm:way:755468959,Central Cafe,,,Capitol Station,WY,,41.1519822,-104.8228633,Geofabrik OpenStreetMap GeoPackage extract,2026-08-15T20:21:20Z,open,ODbL; attribution and share-alike required,packet_ready,geofabrik_named_food_service
national-post-office-wy-capitol-station-6ac1770321,Capitol Station post-office-centered national sample candidate,national_post_office_sample_candidate,food_service,osm:way:511653829,Chick-fil-A,,,Capitol Station,WY,,41.1596180,-104.7792396,Geofabrik OpenStreetMap GeoPackage extract,2026-08-15T20:21:20Z,open,ODbL; attribution and share-alike required,packet_ready,geofabrik_named_food_service
national-post-office-wy-capitol-station-6ac1770321,Capitol Station post-office-centered national sample candidate,national_post_office_sample_candidate,food_service,osm:way:236932047,Chili's,,,Capitol Station,WY,,41.1607939,-104.8082970,Geofabrik OpenStreetMap GeoPackage extract,2026-08-15T20:21:20Z,open,ODbL; attribution and share-alike required,packet_ready,geofabrik_named_food_service
national-post-office-wy-capitol-station-6ac1770321,Capitol Station post-office-centered national sample candidate,national_post_office_sample_candidate,food_service,osm:node:2407529400,China Buffet,,,Capitol Station,WY,,41.1611415,-104.7927210,Geofabrik OpenStreetMap GeoPackage extract,2026-08-15T20:21:20Z,open,ODbL; attribution and share-alike required,packet_ready,geofabrik_named_food_service
national-post-office-wy-capitol-station-6ac1770321,Capitol Station post-office-centered national sample candidate,national_post_office_sample_candidate,food_service,osm:way:86296758,Chipotle,,,Capitol Station,WY,,41.1606999,-104.8056966,Geofabrik OpenStreetMap GeoPackage extract,2026-08-15T20:21:20Z,open,ODbL; attribution and share-alike required,packet_ready,geofabrik_named_food_service
national-post-office-wy-capitol-station-6ac1770321,Capitol Station post-office-centered national sample candidate,national_post_office_sample_candidate,food_service,osm:way:1242672020,Clean Eatz,,,Capitol Station,WY,,41.1442786,-104.7894913,Geofabrik OpenStreetMap GeoPackage extract,2026-08-15T20:21:20Z,open,ODbL; attribution and share-alike required,packet_ready,geofabrik_named_food_service
national-post-office-wy-capitol-station-6ac1770321,Capitol Station post-office-centered national sample candidate,national_post_office_sample_candidate,food_service,osm:node:5631267926,Coffee Depot,,,Capitol Station,WY,,41.1306278,-104.8185181,Geofabrik OpenStreetMap GeoPackage extract,2026-08-15T20:21:20Z,open,ODbL; attribution and share-alike required,packet_ready,geofabrik_named_food_service
national-post-office-wy-capitol-station-6ac1770321,Capitol Station post-office-centered national sample candidate,national_post_office_sample_candidate,food_service,osm:node:11911077031,Culver's,,,Capitol Station,WY,,41.1380290,-104.7905073,Geofabrik OpenStreetMap GeoPackage extract,2026-08-15T20:21:20Z,open,ODbL; attribution and share-alike required,packet_ready,geofabrik_named_food_service
national-post-office-wy-capitol-station-6ac1770321,Capitol Station post-office-centered national sample candidate,national_post_office_sample_candidate,food_service,osm:way:900013272,Culver's,,,Capitol Station,WY,,41.1588541,-104.8098410,Geofabrik OpenStreetMap GeoPackage extract,2026-08-15T20:21:20Z,open,ODbL; attribution and share-alike required,packet_ready,geofabrik_named_food_service
national-post-office-wy-capitol-station-6ac1770321,Capitol Station post-office-centered national sample candidate,national_post_office_sample_candidate,food_service,osm:way:727284979,DQ Grill & Chill,,,Capitol Station,WY,,41.1462487,-104.8075909,Geofabrik OpenStreetMap GeoPackage extract,2026-08-15T20:21:20Z,open,ODbL; attribution and share-alike required,packet_ready,geofabrik_named_food_service
national-post-office-wy-capitol-station-6ac1770321,Capitol Station post-office-centered national sample candidate,national_post_office_sample_candidate,food_service,osm:node:11110811827,Delectable Donuts,,,Capitol Station,WY,,41.1381011,-104.7856262,Geofabrik OpenStreetMap GeoPackage extract,2026-08-15T20:21:20Z,open,ODbL; attribution and share-alike required,packet_ready,geofabrik_named_food_service
national-post-office-wy-capitol-station-6ac1770321,Capitol Station post-office-centered national sample candidate,national_post_office_sample_candidate,food_service,osm:way:915686926,Destination Taiwan,,,Capitol Station,WY,,41.1603446,-104.7758033,Geofabrik OpenStreetMap GeoPackage extract,2026-08-15T20:21:20Z,open,ODbL; attribution and share-alike required,packet_ready,geofabrik_named_food_service
national-post-office-wy-capitol-station-6ac1770321,Capitol Station post-office-centered national sample candidate,national_post_office_sample_candidate,food_service,osm:way:1085921055,Dickey's Barbecue Pit,,,Capitol Station,WY,,41.1617737,-104.8060883,Geofabrik OpenStreetMap GeoPackage extract,2026-08-15T20:21:20Z,open,ODbL; attribution and share-alike required,packet_ready,geofabrik_named_food_service
national-post-office-wy-capitol-station-6ac1770321,Capitol Station post-office-centered national sample candidate,national_post_office_sample_candidate,food_service,osm:node:11911077025,Domino's,,,Capitol Station,WY,,41.1092788,-104.8001491,Geofabrik OpenStreetMap GeoPackage extract,2026-08-15T20:21:20Z,open,ODbL; attribution and share-alike required,packet_ready,geofabrik_named_food_service
national-post-office-wy-capitol-station-6ac1770321,Capitol Station post-office-centered national sample candidate,national_post_office_sample_candidate,food_service,osm:node:11911077030,Domino's,,,Capitol Station,WY,,41.1458147,-104.8162675,Geofabrik OpenStreetMap GeoPackage extract,2026-08-15T20:21:20Z,open,ODbL; attribution and share-alike required,packet_ready,geofabrik_named_food_service
national-post-office-wy-capitol-station-6ac1770321,Capitol Station post-office-centered national sample candidate,national_post_office_sample_candidate,food_service,osm:way:878463691,Domino's,,,Capitol Station,WY,,41.1692815,-104.8291353,Geofabrik OpenStreetMap GeoPackage extract,2026-08-15T20:21:20Z,open,ODbL; attribution and share-alike required,packet_ready,geofabrik_named_food_service
national-post-office-wy-capitol-station-6ac1770321,Capitol Station post-office-centered national sample candidate,national_post_office_sample_candidate,food_service,osm:node:3787098298,Down Home Diner,,,Capitol Station,WY,,41.1231750,-104.8425287,Geofabrik OpenStreetMap GeoPackage extract,2026-08-15T20:21:20Z,open,ODbL; attribution and share-alike required,packet_ready,geofabrik_named_food_service
national-post-office-wy-capitol-station-6ac1770321,Capitol Station post-office-centered national sample candidate,national_post_office_sample_candidate,food_service,osm:node:11911077028,Dunkin',,,Capitol Station,WY,,41.1444265,-104.8592540,Geofabrik OpenStreetMap GeoPackage extract,2026-08-15T20:21:20Z,open,ODbL; attribution and share-alike required,packet_ready,geofabrik_named_food_service
national-post-office-wy-capitol-station-6ac1770321,Capitol Station post-office-centered national sample candidate,national_post_office_sample_candidate,food_service,osm:way:237059920,Epic Egg,,,Capitol Station,WY,,41.1386008,-104.8209304,Geofabrik OpenStreetMap GeoPackage extract,2026-08-15T20:21:20Z,open,ODbL; attribution and share-alike required,packet_ready,geofabrik_named_food_service
national-post-office-wy-capitol-station-6ac1770321,Capitol Station post-office-centered national sample candidate,national_post_office_sample_candidate,food_service,osm:way:750212600,Espi's Restaurant,,,Capitol Station,WY,,41.1463806,-104.8317766,Geofabrik OpenStreetMap GeoPackage extract,2026-08-15T20:21:20Z,open,ODbL; attribution and share-alike required,packet_ready,geofabrik_named_food_service
national-post-office-wy-capitol-station-6ac1770321,Capitol Station post-office-centered national sample candidate,national_post_office_sample_candidate,food_service,osm:way:1085921050,Five Guys,,,Capitol Station,WY,,41.1618063,-104.8059316,Geofabrik OpenStreetMap GeoPackage extract,2026-08-15T20:21:20Z,open,ODbL; attribution and share-alike required,packet_ready,geofabrik_named_food_service
national-post-office-wy-capitol-station-6ac1770321,Capitol Station post-office-centered national sample candidate,national_post_office_sample_candidate,food_service,osm:node:13318674427,Freddy's,,,Capitol Station,WY,,41.1648384,-104.8030815,Geofabrik OpenStreetMap GeoPackage extract,2026-08-15T20:21:20Z,open,ODbL; attribution and share-alike required,packet_ready,geofabrik_named_food_service
national-post-office-wy-capitol-station-6ac1770321,Capitol Station post-office-centered national sample candidate,national_post_office_sample_candidate,food_service,osm:way:258701959,Guadalajara,,,Capitol Station,WY,,41.1598586,-104.7983464,Geofabrik OpenStreetMap GeoPackage extract,2026-08-15T20:21:20Z,open,ODbL; attribution and share-alike required,packet_ready,geofabrik_named_food_service
national-post-office-wy-capitol-station-6ac1770321,Capitol Station post-office-centered national sample candidate,national_post_office_sample_candidate,food_service,osm:way:317610308,Hacienda Guadalajara,,,Capitol Station,WY,,41.1340810,-104.8109529,Geofabrik OpenStreetMap GeoPackage extract,2026-08-15T20:21:20Z,open,ODbL; attribution and share-alike required,packet_ready,geofabrik_named_food_service
national-post-office-wy-capitol-station-6ac1770321,Capitol Station post-office-centered national sample candidate,national_post_office_sample_candidate,food_service,osm:node:11110811826,Hi Sushi,,,Capitol Station,WY,,41.1381021,-104.7857282,Geofabrik OpenStreetMap GeoPackage extract,2026-08-15T20:21:20Z,open,ODbL; attribution and share-alike required,packet_ready,geofabrik_named_food_service
national-post-office-wy-capitol-station-6ac1770321,Capitol Station post-office-centered national sample candidate,national_post_office_sample_candidate,food_service,osm:node:13090706259,Hokkaido Ramen,,,Capitol Station,WY,,41.1342757,-104.8164880,Geofabrik OpenStreetMap GeoPackage extract,2026-08-15T20:21:20Z,open,ODbL; attribution and share-alike required,packet_ready,geofabrik_named_food_service
national-post-office-wy-capitol-station-6ac1770321,Capitol Station post-office-centered national sample candidate,national_post_office_sample_candidate,food_service,osm:way:1085921070,Honolulu Poke & Ramen,,,Capitol Station,WY,,41.1625250,-104.8047807,Geofabrik OpenStreetMap GeoPackage extract,2026-08-15T20:21:20Z,open,ODbL; attribution and share-alike required,packet_ready,geofabrik_named_food_service
national-post-office-wy-capitol-station-6ac1770321,Capitol Station post-office-centered national sample candidate,national_post_office_sample_candidate,food_service,osm:node:13318674428,Jersey Mike's Subs,,,Capitol Station,WY,,41.1647990,-104.8029258,Geofabrik OpenStreetMap GeoPackage extract,2026-08-15T20:21:20Z,open,ODbL; attribution and share-alike required,packet_ready,geofabrik_named_food_service
national-post-office-wy-capitol-station-6ac1770321,Capitol Station post-office-centered national sample candidate,national_post_office_sample_candidate,food_service,osm:node:13326624963,"Juicy's Burgers, Dogs, and More",,,Capitol Station,WY,,41.1582028,-104.7769333,Geofabrik OpenStreetMap GeoPackage extract,2026-08-15T20:21:20Z,open,ODbL; attribution and share-alike required,packet_ready,geofabrik_named_food_service
national-post-office-wy-capitol-station-6ac1770321,Capitol Station post-office-centered national sample candidate,national_post_office_sample_candidate,food_service,osm:node:3786956480,KFC,,,Capitol Station,WY,,41.1388211,-104.7879707,Geofabrik OpenStreetMap GeoPackage extract,2026-08-15T20:21:20Z,open,ODbL; attribution and share-alike required,packet_ready,geofabrik_named_food_service
national-post-office-wy-capitol-station-6ac1770321,Capitol Station post-office-centered national sample candidate,national_post_office_sample_candidate,food_service,osm:way:909888189,Korean House Restaraunt,,,Capitol Station,WY,,41.1456358,-104.8311555,Geofabrik OpenStreetMap GeoPackage extract,2026-08-15T20:21:20Z,open,ODbL; attribution and share-alike required,packet_ready,geofabrik_named_food_service
national-post-office-wy-capitol-station-6ac1770321,Capitol Station post-office-centered national sample candidate,national_post_office_sample_candidate,food_service,osm:node:5631336717,L'Osteria Mondello's,,,Capitol Station,WY,,41.1587246,-104.8051048,Geofabrik OpenStreetMap GeoPackage extract,2026-08-15T20:21:20Z,open,ODbL; attribution and share-alike required,packet_ready,geofabrik_named_food_service
national-post-office-wy-capitol-station-6ac1770321,Capitol Station post-office-centered national sample candidate,national_post_office_sample_candidate,food_service,osm:node:5631301397,Little Caesars,,,Capitol Station,WY,,41.1598558,-104.7999240,Geofabrik OpenStreetMap GeoPackage extract,2026-08-15T20:21:20Z,open,ODbL; attribution and share-alike required,packet_ready,geofabrik_named_food_service
national-post-office-wy-capitol-station-6ac1770321,Capitol Station post-office-centered national sample candidate,national_post_office_sample_candidate,food_service,osm:node:11911077026,McDonald's,,,Capitol Station,WY,,41.1136468,-104.8024075,Geofabrik OpenStreetMap GeoPackage extract,2026-08-15T20:21:20Z,open,ODbL; attribution and share-alike required,packet_ready,geofabrik_named_food_service
national-post-office-wy-capitol-station-6ac1770321,Capitol Station post-office-centered national sample candidate,national_post_office_sample_candidate,food_service,osm:node:3786956521,McDonald's,,,Capitol Station,WY,,41.1381444,-104.7860905,Geofabrik OpenStreetMap GeoPackage extract,2026-08-15T20:21:20Z,open,ODbL; attribution and share-alike required,packet_ready,geofabrik_named_food_service
national-post-office-wy-capitol-station-6ac1770321,Capitol Station post-office-centered national sample candidate,national_post_office_sample_candidate,food_service,osm:way:878463704,McDonald's,,,Capitol Station,WY,,41.1716864,-104.8292022,Geofabrik OpenStreetMap GeoPackage extract,2026-08-15T20:21:20Z,open,ODbL; attribution and share-alike required,packet_ready,geofabrik_named_food_service
national-post-office-wy-capitol-station-6ac1770321,Capitol Station post-office-centered national sample candidate,national_post_office_sample_candidate,food_service,osm:way:899666767,Mongolian Grill,,,Capitol Station,WY,,41.1585332,-104.8018696,Geofabrik OpenStreetMap GeoPackage extract,2026-08-15T20:21:20Z,open,ODbL; attribution and share-alike required,packet_ready,geofabrik_named_food_service
national-post-office-wy-capitol-station-6ac1770321,Capitol Station post-office-centered national sample candidate,national_post_office_sample_candidate,food_service,osm:way:755465553,Nathaly’s Tacos y Papusas,,,Capitol Station,WY,,41.1528517,-104.8229163,Geofabrik OpenStreetMap GeoPackage extract,2026-08-15T20:21:20Z,open,ODbL; attribution and share-alike required,packet_ready,geofabrik_named_food_service
national-post-office-wy-capitol-station-6ac1770321,Capitol Station post-office-centered national sample candidate,national_post_office_sample_candidate,food_service,osm:way:1085921052,Nay&Jays,,,Capitol Station,WY,,41.1620075,-104.8060707,Geofabrik OpenStreetMap GeoPackage extract,2026-08-15T20:21:20Z,open,ODbL; attribution and share-alike required,packet_ready,geofabrik_named_food_service
national-post-office-wy-capitol-station-6ac1770321,Capitol Station post-office-centered national sample candidate,national_post_office_sample_candidate,food_service,osm:way:86296759,Olive Garden,,,Capitol Station,WY,,41.1606473,-104.8051431,Geofabrik OpenStreetMap GeoPackage extract,2026-08-15T20:21:20Z,open,ODbL; attribution and share-alike required,packet_ready,geofabrik_named_food_service
national-post-office-wy-capitol-station-6ac1770321,Capitol Station post-office-centered national sample candidate,national_post_office_sample_candidate,food_service,osm:way:90283288,Outback Steakhouse,,,Capitol Station,WY,,41.1222121,-104.8460139,Geofabrik OpenStreetMap GeoPackage extract,2026-08-15T20:21:20Z,open,ODbL; attribution and share-alike required,packet_ready,geofabrik_named_food_service
national-post-office-wy-capitol-station-6ac1770321,Capitol Station post-office-centered national sample candidate,national_post_office_sample_candidate,food_service,osm:way:349365386,Panda Express,,,Capitol Station,WY,,41.1611221,-104.7903830,Geofabrik OpenStreetMap GeoPackage extract,2026-08-15T20:21:20Z,open,ODbL; attribution and share-alike required,packet_ready,geofabrik_named_food_service
national-post-office-wy-capitol-station-6ac1770321,Capitol Station post-office-centered national sample candidate,national_post_office_sample_candidate,food_service,osm:node:8309751831,Panera Bread,,,Capitol Station,WY,,41.1605306,-104.7811458,Geofabrik OpenStreetMap GeoPackage extract,2026-08-15T20:21:20Z,open,ODbL; attribution and share-alike required,packet_ready,geofabrik_named_food_service
national-post-office-wy-capitol-station-6ac1770321,Capitol Station post-office-centered national sample candidate,national_post_office_sample_candidate,food_service,osm:node:2407525235,Papa John's,,,Capitol Station,WY,,41.1614210,-104.7927000,Geofabrik OpenStreetMap GeoPackage extract,2026-08-15T20:21:20Z,open,ODbL; attribution and share-alike required,packet_ready,geofabrik_named_food_service
national-post-office-wy-capitol-station-6ac1770321,Capitol Station post-office-centered national sample candidate,national_post_office_sample_candidate,food_service,osm:node:5631267929,Paramount Café,,,Capitol Station,WY,,41.1330834,-104.8153160,Geofabrik OpenStreetMap GeoPackage extract,2026-08-15T20:21:20Z,open,ODbL; attribution and share-alike required,packet_ready,geofabrik_named_food_service
national-post-office-wy-capitol-station-6ac1770321,Capitol Station post-office-centered national sample candidate,national_post_office_sample_candidate,food_service,osm:node:5631267934,Paris West,,,Capitol Station,WY,,41.1349473,-104.8148120,Geofabrik OpenStreetMap GeoPackage extract,2026-08-15T20:21:20Z,open,ODbL; attribution and share-alike required,packet_ready,geofabrik_named_food_service
national-post-office-wy-capitol-station-6ac1770321,Capitol Station post-office-centered national sample candidate,national_post_office_sample_candidate,food_service,osm:way:232400981,Penny's Diner,,,Capitol Station,WY,,41.1590797,-104.8027252,Geofabrik OpenStreetMap GeoPackage extract,2026-08-15T20:21:20Z,open,ODbL; attribution and share-alike required,packet_ready,geofabrik_named_food_service
national-post-office-wy-capitol-station-6ac1770321,Capitol Station post-office-centered national sample candidate,national_post_office_sample_candidate,food_service,osm:way:258701956,Perkins,,,Capitol Station,WY,,41.1608080,-104.7991525,Geofabrik OpenStreetMap GeoPackage extract,2026-08-15T20:21:20Z,open,ODbL; attribution and share-alike required,packet_ready,geofabrik_named_food_service
national-post-office-wy-capitol-station-6ac1770321,Capitol Station post-office-centered national sample candidate,national_post_office_sample_candidate,food_service,osm:node:3509506041,Pizza Hut,,,Capitol Station,WY,,41.1057434,-104.8014080,Geofabrik OpenStreetMap GeoPackage extract,2026-08-15T20:21:20Z,open,ODbL; attribution and share-alike required,packet_ready,geofabrik_named_food_service
national-post-office-wy-capitol-station-6ac1770321,Capitol Station post-office-centered national sample candidate,national_post_office_sample_candidate,food_service,osm:way:878463693,Pizza Hut,,,Capitol Station,WY,,41.1684161,-104.8291241,Geofabrik OpenStreetMap GeoPackage extract,2026-08-15T20:21:20Z,open,ODbL; attribution and share-alike required,packet_ready,geofabrik_named_food_service
national-post-office-wy-capitol-station-6ac1770321,Capitol Station post-office-centered national sample candidate,national_post_office_sample_candidate,food_service,osm:node:2407529543,Qdoba,,,Capitol Station,WY,,41.1609784,-104.7927130,Geofabrik OpenStreetMap GeoPackage extract,2026-08-15T20:21:20Z,open,ODbL; attribution and share-alike required,packet_ready,geofabrik_named_food_service
national-post-office-wy-capitol-station-6ac1770321,Capitol Station post-office-centered national sample candidate,national_post_office_sample_candidate,food_service,osm:way:236513679,Red Lobster,,,Capitol Station,WY,,41.1598514,-104.7945674,Geofabrik OpenStreetMap GeoPackage extract,2026-08-15T20:21:20Z,open,ODbL; attribution and share-alike required,packet_ready,geofabrik_named_food_service
national-post-office-wy-capitol-station-6ac1770321,Capitol Station post-office-centered national sample candidate,national_post_office_sample_candidate,food_service,osm:way:1085921077,Renzio's Greek Food,,,Capitol Station,WY,,41.1624629,-104.8047692,Geofabrik OpenStreetMap GeoPackage extract,2026-08-15T20:21:20Z,open,ODbL; attribution and share-alike required,packet_ready,geofabrik_named_food_service
national-post-office-wy-capitol-station-6ac1770321,Capitol Station post-office-centered national sample candidate,national_post_office_sample_candidate,food_service,osm:way:317610198,Rodolfo's Mexican,,,Capitol Station,WY,,41.1359350,-104.8059681,Geofabrik OpenStreetMap GeoPackage extract,2026-08-15T20:21:20Z,open,ODbL; attribution and share-alike required,packet_ready,geofabrik_named_food_service
national-post-office-wy-capitol-station-6ac1770321,Capitol Station post-office-centered national sample candidate,national_post_office_sample_candidate,food_service,osm:way:589708205,Rolando's Mexican Grill,,,Capitol Station,WY,,41.1598513,-104.7962517,Geofabrik OpenStreetMap GeoPackage extract,2026-08-15T20:21:20Z,open,ODbL; attribution and share-alike required,packet_ready,geofabrik_named_food_service
national-post-office-wy-capitol-station-6ac1770321,Capitol Station post-office-centered national sample candidate,national_post_office_sample_candidate,food_service,osm:way:906015921,Rubyjuice Fruit & Smoothies,,,Capitol Station,WY,,41.1340882,-104.8141272,Geofabrik OpenStreetMap GeoPackage extract,2026-08-15T20:21:20Z,open,ODbL; attribution and share-alike required,packet_ready,geofabrik_named_food_service
national-post-office-wy-capitol-station-6ac1770321,Capitol Station post-office-centered national sample candidate,national_post_office_sample_candidate,food_service,osm:way:906008065,Sanford's Grub & Pub,,,Capitol Station,WY,,41.1340555,-104.8139425,Geofabrik OpenStreetMap GeoPackage extract,2026-08-15T20:21:20Z,open,ODbL; attribution and share-alike required,packet_ready,geofabrik_named_food_service
national-post-office-wy-capitol-station-6ac1770321,Capitol Station post-office-centered national sample candidate,national_post_office_sample_candidate,food_service,osm:node:1002689649,Sonic,,,Capitol Station,WY,,41.1605311,-104.7775705,Geofabrik OpenStreetMap GeoPackage extract,2026-08-15T20:21:20Z,open,ODbL; attribution and share-alike required,packet_ready,geofabrik_named_food_service
national-post-office-wy-capitol-station-6ac1770321,Capitol Station post-office-centered national sample candidate,national_post_office_sample_candidate,food_service,osm:way:1102381144,Sonic,,,Capitol Station,WY,,41.1161957,-104.8024061,Geofabrik OpenStreetMap GeoPackage extract,2026-08-15T20:21:20Z,open,ODbL; attribution and share-alike required,packet_ready,geofabrik_named_food_service
national-post-office-wy-capitol-station-6ac1770321,Capitol Station post-office-centered national sample candidate,national_post_office_sample_candidate,food_service,osm:node:13312883103,Starbucks,,,Capitol Station,WY,,41.1618149,-104.7996560,Geofabrik OpenStreetMap GeoPackage extract,2026-08-15T20:21:20Z,open,ODbL; attribution and share-alike required,packet_ready,geofabrik_named_food_service
national-post-office-wy-capitol-station-6ac1770321,Capitol Station post-office-centered national sample candidate,national_post_office_sample_candidate,food_service,osm:way:305313222,Starbucks,,,Capitol Station,WY,,41.1380137,-104.8170002,Geofabrik OpenStreetMap GeoPackage extract,2026-08-15T20:21:20Z,open,ODbL; attribution and share-alike required,packet_ready,geofabrik_named_food_service
national-post-office-wy-capitol-station-6ac1770321,Capitol Station post-office-centered national sample candidate,national_post_office_sample_candidate,food_service,osm:way:878473820,Starbucks,,,Capitol Station,WY,,41.1604343,-104.7792240,Geofabrik OpenStreetMap GeoPackage extract,2026-08-15T20:21:20Z,open,ODbL; attribution and share-alike required,packet_ready,geofabrik_named_food_service
national-post-office-wy-capitol-station-6ac1770321,Capitol Station post-office-centered national sample candidate,national_post_office_sample_candidate,food_service,osm:node:12205321196,Subway,,,Capitol Station,WY,,41.1381559,-104.7899278,Geofabrik OpenStreetMap GeoPackage extract,2026-08-15T20:21:20Z,open,ODbL; attribution and share-alike required,packet_ready,geofabrik_named_food_service
national-post-office-wy-capitol-station-6ac1770321,Capitol Station post-office-centered national sample candidate,national_post_office_sample_candidate,food_service,osm:way:317310700,Subway,,,Capitol Station,WY,,41.1177915,-104.8049322,Geofabrik OpenStreetMap GeoPackage extract,2026-08-15T20:21:20Z,open,ODbL; attribution and share-alike required,packet_ready,geofabrik_named_food_service
national-post-office-wy-capitol-station-6ac1770321,Capitol Station post-office-centered national sample candidate,national_post_office_sample_candidate,food_service,osm:way:549890650,Subway,,,Capitol Station,WY,,41.1599330,-104.7967156,Geofabrik OpenStreetMap GeoPackage extract,2026-08-15T20:21:20Z,open,ODbL; attribution and share-alike required,packet_ready,geofabrik_named_food_service
national-post-office-wy-capitol-station-6ac1770321,Capitol Station post-office-centered national sample candidate,national_post_office_sample_candidate,food_service,osm:way:878463703,Subway,,,Capitol Station,WY,,41.1710126,-104.8298738,Geofabrik OpenStreetMap GeoPackage extract,2026-08-15T20:21:20Z,open,ODbL; attribution and share-alike required,packet_ready,geofabrik_named_food_service
national-post-office-wy-capitol-station-6ac1770321,Capitol Station post-office-centered national sample candidate,national_post_office_sample_candidate,food_service,osm:way:1085921073,TCBY Pretzel Maker,,,Capitol Station,WY,,41.1623465,-104.8046871,Geofabrik OpenStreetMap GeoPackage extract,2026-08-15T20:21:20Z,open,ODbL; attribution and share-alike required,packet_ready,geofabrik_named_food_service
national-post-office-wy-capitol-station-6ac1770321,Capitol Station post-office-centered national sample candidate,national_post_office_sample_candidate,food_service,osm:way:237817017,Taco Bell,,,Capitol Station,WY,,41.1598353,-104.7989970,Geofabrik OpenStreetMap GeoPackage extract,2026-08-15T20:21:20Z,open,ODbL; attribution and share-alike required,packet_ready,geofabrik_named_food_service
national-post-office-wy-capitol-station-6ac1770321,Capitol Station post-office-centered national sample candidate,national_post_office_sample_candidate,food_service,osm:way:237817221,Taco Bell,,,Capitol Station,WY,,41.1388321,-104.7872488,Geofabrik OpenStreetMap GeoPackage extract,2026-08-15T20:21:20Z,open,ODbL; attribution and share-alike required,packet_ready,geofabrik_named_food_service
national-post-office-wy-capitol-station-6ac1770321,Capitol Station post-office-centered national sample candidate,national_post_office_sample_candidate,food_service,osm:node:955302136,Taco John's,,,Capitol Station,WY,,41.1165676,-104.8027795,Geofabrik OpenStreetMap GeoPackage extract,2026-08-15T20:21:20Z,open,ODbL; attribution and share-alike required,packet_ready,geofabrik_named_food_service
national-post-office-wy-capitol-station-6ac1770321,Capitol Station post-office-centered national sample candidate,national_post_office_sample_candidate,food_service,osm:way:240742391,Taco John's,,,Capitol Station,WY,,41.1382824,-104.8205990,Geofabrik OpenStreetMap GeoPackage extract,2026-08-15T20:21:20Z,open,ODbL; attribution and share-alike required,packet_ready,geofabrik_named_food_service
national-post-office-wy-capitol-station-6ac1770321,Capitol Station post-office-centered national sample candidate,national_post_office_sample_candidate,food_service,osm:way:878463694,Taco John's,,,Capitol Station,WY,,41.1692929,-104.8282004,Geofabrik OpenStreetMap GeoPackage extract,2026-08-15T20:21:20Z,open,ODbL; attribution and share-alike required,packet_ready,geofabrik_named_food_service
national-post-office-wy-capitol-station-6ac1770321,Capitol Station post-office-centered national sample candidate,national_post_office_sample_candidate,food_service,osm:node:8359570102,Tacqueria Mexicana Mi Tierra,,,Capitol Station,WY,,41.1643524,-104.8228200,Geofabrik OpenStreetMap GeoPackage extract,2026-08-15T20:21:20Z,open,ODbL; attribution and share-alike required,packet_ready,geofabrik_named_food_service
national-post-office-wy-capitol-station-6ac1770321,Capitol Station post-office-centered national sample candidate,national_post_office_sample_candidate,food_service,osm:node:2441016796,Talon's Table,,,Capitol Station,WY,,41.1042835,-104.7781674,Geofabrik OpenStreetMap GeoPackage extract,2026-08-15T20:21:20Z,open,ODbL; attribution and share-alike required,packet_ready,geofabrik_named_food_service
national-post-office-wy-capitol-station-6ac1770321,Capitol Station post-office-centered national sample candidate,national_post_office_sample_candidate,food_service,osm:way:236513355,Texas Roadhouse,,,Capitol Station,WY,,41.1582603,-104.7942124,Geofabrik OpenStreetMap GeoPackage extract,2026-08-15T20:21:20Z,open,ODbL; attribution and share-alike required,packet_ready,geofabrik_named_food_service
national-post-office-wy-capitol-station-6ac1770321,Capitol Station post-office-centered national sample candidate,national_post_office_sample_candidate,food_service,osm:way:237066164,"The Albany Restaurant, Bar and Liquor Mart",,,Capitol Station,WY,,41.1319389,-104.8152040,Geofabrik OpenStreetMap GeoPackage extract,2026-08-15T20:21:20Z,open,ODbL; attribution and share-alike required,packet_ready,geofabrik_named_food_service
national-post-office-wy-capitol-station-6ac1770321,Capitol Station post-office-centered national sample candidate,national_post_office_sample_candidate,food_service,osm:node:5631267930,The Cheyenne Cup,,,Capitol Station,WY,,41.1327338,-104.8164983,Geofabrik OpenStreetMap GeoPackage extract,2026-08-15T20:21:20Z,open,ODbL; attribution and share-alike required,packet_ready,geofabrik_named_food_service
national-post-office-wy-capitol-station-6ac1770321,Capitol Station post-office-centered national sample candidate,national_post_office_sample_candidate,food_service,osm:way:547973928,The Metropolitan Downtown,,,Capitol Station,WY,,41.1335412,-104.8169874,Geofabrik OpenStreetMap GeoPackage extract,2026-08-15T20:21:20Z,open,ODbL; attribution and share-alike required,packet_ready,geofabrik_named_food_service
national-post-office-wy-capitol-station-6ac1770321,Capitol Station post-office-centered national sample candidate,national_post_office_sample_candidate,food_service,osm:node:13311305022,The Office Bar and Grill,,,Capitol Station,WY,,41.1469435,-104.8022761,Geofabrik OpenStreetMap GeoPackage extract,2026-08-15T20:21:20Z,open,ODbL; attribution and share-alike required,packet_ready,geofabrik_named_food_service
national-post-office-wy-capitol-station-6ac1770321,Capitol Station post-office-centered national sample candidate,national_post_office_sample_candidate,food_service,osm:way:239944453,Tres Amigos,,,Capitol Station,WY,,41.1209476,-104.8473035,Geofabrik OpenStreetMap GeoPackage extract,2026-08-15T20:21:20Z,open,ODbL; attribution and share-alike required,packet_ready,geofabrik_named_food_service
national-post-office-wy-capitol-station-6ac1770321,Capitol Station post-office-centered national sample candidate,national_post_office_sample_candidate,food_service,osm:node:13312839792,Tres Amigos (Dell Range),,,Capitol Station,WY,,41.1607865,-104.7973388,Geofabrik OpenStreetMap GeoPackage extract,2026-08-15T20:21:20Z,open,ODbL; attribution and share-alike required,packet_ready,geofabrik_named_food_service
national-post-office-wy-capitol-station-6ac1770321,Capitol Station post-office-centered national sample candidate,national_post_office_sample_candidate,food_service,osm:node:5631267932,Two Doors Down,,,Capitol Station,WY,,41.1344797,-104.8140016,Geofabrik OpenStreetMap GeoPackage extract,2026-08-15T20:21:20Z,open,ODbL; attribution and share-alike required,packet_ready,geofabrik_named_food_service
national-post-office-wy-capitol-station-6ac1770321,Capitol Station post-office-centered national sample candidate,national_post_office_sample_candidate,food_service,osm:way:317610200,Village Inn,,,Capitol Station,WY,,41.1345012,-104.8097982,Geofabrik OpenStreetMap GeoPackage extract,2026-08-15T20:21:20Z,open,ODbL; attribution and share-alike required,packet_ready,geofabrik_named_food_service
national-post-office-wy-capitol-station-6ac1770321,Capitol Station post-office-centered national sample candidate,national_post_office_sample_candidate,food_service,osm:node:5631301385,Wasabi's,,,Capitol Station,WY,,41.1611789,-104.7896732,Geofabrik OpenStreetMap GeoPackage extract,2026-08-15T20:21:20Z,open,ODbL; attribution and share-alike required,packet_ready,geofabrik_named_food_service
national-post-office-wy-capitol-station-6ac1770321,Capitol Station post-office-centered national sample candidate,national_post_office_sample_candidate,food_service,osm:way:236512751,Wendy's,,,Capitol Station,WY,,41.1606878,-104.7964111,Geofabrik OpenStreetMap GeoPackage extract,2026-08-15T20:21:20Z,open,ODbL; attribution and share-alike required,packet_ready,geofabrik_named_food_service
national-post-office-wy-capitol-station-6ac1770321,Capitol Station post-office-centered national sample candidate,national_post_office_sample_candidate,food_service,osm:way:237818433,Wendy's,,,Capitol Station,WY,,41.1387628,-104.7866333,Geofabrik OpenStreetMap GeoPackage extract,2026-08-15T20:21:20Z,open,ODbL; attribution and share-alike required,packet_ready,geofabrik_named_food_service
national-post-office-wy-capitol-station-6ac1770321,Capitol Station post-office-centered national sample candidate,national_post_office_sample_candidate,food_service,osm:node:13307587553,Ziggi's Coffee,,,Capitol Station,WY,,41.1674291,-104.8281043,Geofabrik OpenStreetMap GeoPackage extract,2026-08-15T20:21:20Z,open,ODbL; attribution and share-alike required,packet_ready,geofabrik_named_food_service
national-post-office-wy-capitol-station-6ac1770321,Capitol Station post-office-centered national sample candidate,national_post_office_sample_candidate,food_service,osm:node:13329518120,Ziggi's Coffee,,,Capitol Station,WY,,41.1693203,-104.8292353,Geofabrik OpenStreetMap GeoPackage extract,2026-08-15T20:21:20Z,open,ODbL; attribution and share-alike required,packet_ready,geofabrik_named_food_service
national-post-office-wy-casper-2e4affc90a,Casper post-office-centered national sample candidate,national_post_office_sample_candidate,food_service,osm:way:732734739,Arby's,,,Casper,WY,,42.8512056,-106.2715164,Geofabrik OpenStreetMap GeoPackage extract,2026-08-15T20:21:20Z,open,ODbL; attribution and share-alike required,packet_ready,geofabrik_named_food_service
national-post-office-wy-casper-2e4affc90a,Casper post-office-centered national sample candidate,national_post_office_sample_candidate,food_service,osm:node:2707715747,Burger King,,,Casper,WY,,42.8508216,-106.2700180,Geofabrik OpenStreetMap GeoPackage extract,2026-08-15T20:21:20Z,open,ODbL; attribution and share-alike required,packet_ready,geofabrik_named_food_service
national-post-office-wy-casper-2e4affc90a,Casper post-office-centered national sample candidate,national_post_office_sample_candidate,food_service,osm:way:1464946764,DQ Grill & Chill,,,Casper,WY,,42.8485263,-106.2758806,Geofabrik OpenStreetMap GeoPackage extract,2026-08-15T20:21:20Z,open,ODbL; attribution and share-alike required,packet_ready,geofabrik_named_food_service
national-post-office-wy-casper-2e4affc90a,Casper post-office-centered national sample candidate,national_post_office_sample_candidate,food_service,osm:way:1075463763,Denny's,,,Casper,WY,,42.8530445,-106.2742088,Geofabrik OpenStreetMap GeoPackage extract,2026-08-15T20:21:20Z,open,ODbL; attribution and share-alike required,packet_ready,geofabrik_named_food_service
national-post-office-wy-casper-2e4affc90a,Casper post-office-centered national sample candidate,national_post_office_sample_candidate,food_service,osm:node:11911077035,Domino's,,,Casper,WY,,42.8328513,-106.2718517,Geofabrik OpenStreetMap GeoPackage extract,2026-08-15T20:21:20Z,open,ODbL; attribution and share-alike required,packet_ready,geofabrik_named_food_service
national-post-office-wy-casper-2e4affc90a,Casper post-office-centered national sample candidate,national_post_office_sample_candidate,food_service,osm:node:11911077036,Domino's,,,Casper,WY,,42.8499342,-106.3147005,Geofabrik OpenStreetMap GeoPackage extract,2026-08-15T20:21:20Z,open,ODbL; attribution and share-alike required,packet_ready,geofabrik_named_food_service
national-post-office-wy-casper-2e4affc90a,Casper post-office-centered national sample candidate,national_post_office_sample_candidate,food_service,osm:way:317891725,El Burro Loco,,,Casper,WY,,42.8544132,-106.2944694,Geofabrik OpenStreetMap GeoPackage extract,2026-08-15T20:21:20Z,open,ODbL; attribution and share-alike required,packet_ready,geofabrik_named_food_service
national-post-office-wy-casper-2e4affc90a,Casper post-office-centered national sample candidate,national_post_office_sample_candidate,food_service,osm:node:5187722913,Firehouse Pizza Wood Fired,,,Casper,WY,,42.8458104,-106.2522608,Geofabrik OpenStreetMap GeoPackage extract,2026-08-15T20:21:20Z,open,ODbL; attribution and share-alike required,packet_ready,geofabrik_named_food_service
national-post-office-wy-casper-2e4affc90a,Casper post-office-centered national sample candidate,national_post_office_sample_candidate,food_service,osm:node:11911077034,Five Guys,,,Casper,WY,,42.8479182,-106.2562985,Geofabrik OpenStreetMap GeoPackage extract,2026-08-15T20:21:20Z,open,ODbL; attribution and share-alike required,packet_ready,geofabrik_named_food_service
national-post-office-wy-casper-2e4affc90a,Casper post-office-centered national sample candidate,national_post_office_sample_candidate,food_service,osm:way:401635780,HQ Southern BBQ,,,Casper,WY,,42.8557958,-106.2715514,Geofabrik OpenStreetMap GeoPackage extract,2026-08-15T20:21:20Z,open,ODbL; attribution and share-alike required,packet_ready,geofabrik_named_food_service
national-post-office-wy-casper-2e4affc90a,Casper post-office-centered national sample candidate,national_post_office_sample_candidate,food_service,osm:node:11986514868,Jimmy John's,,,Casper,WY,,42.8473249,-106.2615783,Geofabrik OpenStreetMap GeoPackage extract,2026-08-15T20:21:20Z,open,ODbL; attribution and share-alike required,packet_ready,geofabrik_named_food_service
national-post-office-wy-casper-2e4affc90a,Casper post-office-centered national sample candidate,national_post_office_sample_candidate,food_service,osm:way:1464946971,KFC,,,Casper,WY,,42.8491939,-106.2742526,Geofabrik OpenStreetMap GeoPackage extract,2026-08-15T20:21:20Z,open,ODbL; attribution and share-alike required,packet_ready,geofabrik_named_food_service
national-post-office-wy-casper-2e4affc90a,Casper post-office-centered national sample candidate,national_post_office_sample_candidate,food_service,osm:node:13113326514,La Costa,,,Casper,WY,,42.8489796,-106.3036874,Geofabrik OpenStreetMap GeoPackage extract,2026-08-15T20:21:20Z,open,ODbL; attribution and share-alike required,packet_ready,geofabrik_named_food_service
national-post-office-wy-casper-2e4affc90a,Casper post-office-centered national sample candidate,national_post_office_sample_candidate,food_service,osm:way:1075463762,McDonald's,,,Casper,WY,,42.8523126,-106.2717289,Geofabrik OpenStreetMap GeoPackage extract,2026-08-15T20:21:20Z,open,ODbL; attribution and share-alike required,packet_ready,geofabrik_named_food_service
national-post-office-wy-casper-2e4affc90a,Casper post-office-centered national sample candidate,national_post_office_sample_candidate,food_service,osm:node:2707715627,Olive Garden,,,Casper,WY,,42.8480519,-106.2546672,Geofabrik OpenStreetMap GeoPackage extract,2026-08-15T20:21:20Z,open,ODbL; attribution and share-alike required,packet_ready,geofabrik_named_food_service
national-post-office-wy-casper-2e4affc90a,Casper post-office-centered national sample candidate,national_post_office_sample_candidate,food_service,osm:way:1464946800,On The Border,,,Casper,WY,,42.8509528,-106.2689701,Geofabrik OpenStreetMap GeoPackage extract,2026-08-15T20:21:20Z,open,ODbL; attribution and share-alike required,packet_ready,geofabrik_named_food_service
national-post-office-wy-casper-2e4affc90a,Casper post-office-centered national sample candidate,national_post_office_sample_candidate,food_service,osm:node:2707740708,Original Hamburger Stand,,,Casper,WY,,42.8492439,-106.2762153,Geofabrik OpenStreetMap GeoPackage extract,2026-08-15T20:21:20Z,open,ODbL; attribution and share-alike required,packet_ready,geofabrik_named_food_service
national-post-office-wy-casper-2e4affc90a,Casper post-office-centered national sample candidate,national_post_office_sample_candidate,food_service,osm:way:627288266,Outback Steakhouse,,,Casper,WY,,42.8543013,-106.2662861,Geofabrik OpenStreetMap GeoPackage extract,2026-08-15T20:21:20Z,open,ODbL; attribution and share-alike required,packet_ready,geofabrik_named_food_service
national-post-office-wy-casper-2e4affc90a,Casper post-office-centered national sample candidate,national_post_office_sample_candidate,food_service,osm:node:12602041862,Papa John's,,,Casper,WY,,42.8493855,-106.2810816,Geofabrik OpenStreetMap GeoPackage extract,2026-08-15T20:21:20Z,open,ODbL; attribution and share-alike required,packet_ready,geofabrik_named_food_service
national-post-office-wy-casper-2e4affc90a,Casper post-office-centered national sample candidate,national_post_office_sample_candidate,food_service,osm:node:12602041855,Papa Murphy's,,,Casper,WY,,42.8485406,-106.2903111,Geofabrik OpenStreetMap GeoPackage extract,2026-08-15T20:21:20Z,open,ODbL; attribution and share-alike required,packet_ready,geofabrik_named_food_service
national-post-office-wy-casper-2e4affc90a,Casper post-office-centered national sample candidate,national_post_office_sample_candidate,food_service,osm:way:292179203,Perkins,,,Casper,WY,,42.8490177,-106.2643063,Geofabrik OpenStreetMap GeoPackage extract,2026-08-15T20:21:20Z,open,ODbL; attribution and share-alike required,packet_ready,geofabrik_named_food_service
national-post-office-wy-casper-2e4affc90a,Casper post-office-centered national sample candidate,national_post_office_sample_candidate,food_service,osm:node:13931862672,Pho Saigon,,,Casper,WY,,42.8385742,-106.2982201,Geofabrik OpenStreetMap GeoPackage extract,2026-08-15T20:21:20Z,open,ODbL; attribution and share-alike required,packet_ready,geofabrik_named_food_service
national-post-office-wy-casper-2e4affc90a,Casper post-office-centered national sample candidate,national_post_office_sample_candidate,food_service,osm:node:2802240498,Pizza Ranch,,,Casper,WY,,42.8474687,-106.2587251,Geofabrik OpenStreetMap GeoPackage extract,2026-08-15T20:21:20Z,open,ODbL; attribution and share-alike required,packet_ready,geofabrik_named_food_service
national-post-office-wy-casper-2e4affc90a,Casper post-office-centered national sample candidate,national_post_office_sample_candidate,food_service,osm:node:11986514867,Qdoba,,,Casper,WY,,42.8480430,-106.2572989,Geofabrik OpenStreetMap GeoPackage extract,2026-08-15T20:21:20Z,open,ODbL; attribution and share-alike required,packet_ready,geofabrik_named_food_service
national-post-office-wy-casper-2e4affc90a,Casper post-office-centered national sample candidate,national_post_office_sample_candidate,food_service,osm:node:2707715635,Red Lobster,,,Casper,WY,,42.8482307,-106.2581147,Geofabrik OpenStreetMap GeoPackage extract,2026-08-15T20:21:20Z,open,ODbL; attribution and share-alike required,packet_ready,geofabrik_named_food_service
national-post-office-wy-casper-2e4affc90a,Casper post-office-centered national sample candidate,national_post_office_sample_candidate,food_service,osm:way:1464946839,Sanford's Grub & Pub,,,Casper,WY,,42.8512532,-106.2689287,Geofabrik OpenStreetMap GeoPackage extract,2026-08-15T20:21:20Z,open,ODbL; attribution and share-alike required,packet_ready,geofabrik_named_food_service
national-post-office-wy-casper-2e4affc90a,Casper post-office-centered national sample candidate,national_post_office_sample_candidate,food_service,osm:node:370111067,Starbucks,,,Casper,WY,,42.8486627,-106.2655992,Geofabrik OpenStreetMap GeoPackage extract,2026-08-15T20:21:20Z,open,ODbL; attribution and share-alike required,packet_ready,geofabrik_named_food_service
national-post-office-wy-casper-2e4affc90a,Casper post-office-centered national sample candidate,national_post_office_sample_candidate,food_service,osm:way:732734738,Taco Bell,,,Casper,WY,,42.8509019,-106.2716663,Geofabrik OpenStreetMap GeoPackage extract,2026-08-15T20:21:20Z,open,ODbL; attribution and share-alike required,packet_ready,geofabrik_named_food_service
national-post-office-wy-casper-2e4affc90a,Casper post-office-centered national sample candidate,national_post_office_sample_candidate,food_service,osm:way:1075463764,Texas Roadhouse,,,Casper,WY,,42.8534153,-106.2639588,Geofabrik OpenStreetMap GeoPackage extract,2026-08-15T20:21:20Z,open,ODbL; attribution and share-alike required,packet_ready,geofabrik_named_food_service
national-post-office-wy-casper-2e4affc90a,Casper post-office-centered national sample candidate,national_post_office_sample_candidate,food_service,osm:node:13422084711,The Snack Shack,,,Casper,WY,,42.8484271,-106.2904014,Geofabrik OpenStreetMap GeoPackage extract,2026-08-15T20:21:20Z,open,ODbL; attribution and share-alike required,packet_ready,geofabrik_named_food_service
national-post-office-wy-casper-2e4affc90a,Casper post-office-centered national sample candidate,national_post_office_sample_candidate,food_service,osm:way:292205290,Village Inn,,,Casper,WY,,42.8475681,-106.2710156,Geofabrik OpenStreetMap GeoPackage extract,2026-08-15T20:21:20Z,open,ODbL; attribution and share-alike required,packet_ready,geofabrik_named_food_service
national-post-office-wy-casper-2e4affc90a,Casper post-office-centered national sample candidate,national_post_office_sample_candidate,food_service,osm:way:292205289,Wendy's,,,Casper,WY,,42.8485664,-106.2712487,Geofabrik OpenStreetMap GeoPackage extract,2026-08-15T20:21:20Z,open,ODbL; attribution and share-alike required,packet_ready,geofabrik_named_food_service
national-post-office-wy-centennial-db8e2c4b6f,Centennial post-office-centered national sample candidate,national_post_office_sample_candidate,food_service,osm:way:338046767,Old Corral Hotel And Restaurant,,,Centennial,WY,,41.2966362,-106.1401909,Geofabrik OpenStreetMap GeoPackage extract,2026-08-15T20:21:20Z,open,ODbL; attribution and share-alike required,packet_ready,geofabrik_named_food_service
national-post-office-wy-centennial-db8e2c4b6f,Centennial post-office-centered national sample candidate,national_post_office_sample_candidate,food_service,osm:way:338044524,The Post,,,Centennial,WY,,41.2977762,-106.1401106,Geofabrik OpenStreetMap GeoPackage extract,2026-08-15T20:21:20Z,open,ODbL; attribution and share-alike required,packet_ready,geofabrik_named_food_service
national-post-office-wy-cheyenne-main-42bc384548,Cheyenne Main post-office-centered national sample candidate,national_post_office_sample_candidate,food_service,osm:node:3786956476,,,,Cheyenne Main,WY,,41.1382071,-104.7892447,Geofabrik OpenStreetMap GeoPackage extract,2026-08-15T20:21:20Z,open,ODbL; attribution and share-alike required,exclude,unnamed_food_service_anchor
national-post-office-wy-cheyenne-main-42bc384548,Cheyenne Main post-office-centered national sample candidate,national_post_office_sample_candidate,food_service,osm:way:906008068,,,,Cheyenne Main,WY,,41.1340882,-104.8141272,Geofabrik OpenStreetMap GeoPackage extract,2026-08-15T20:21:20Z,open,ODbL; attribution and share-alike required,exclude,unnamed_food_service_anchor
national-post-office-wy-cheyenne-main-42bc384548,Cheyenne Main post-office-centered national sample candidate,national_post_office_sample_candidate,food_service,osm:node:5631267928,Accomplice Beer Company,,,Cheyenne Main,WY,,41.1320132,-104.8139937,Geofabrik OpenStreetMap GeoPackage extract,2026-08-15T20:21:20Z,open,ODbL; attribution and share-alike required,packet_ready,geofabrik_named_food_service
national-post-office-wy-cheyenne-main-42bc384548,Cheyenne Main post-office-centered national sample candidate,national_post_office_sample_candidate,food_service,osm:way:232402250,Applebee's,,,Cheyenne Main,WY,,41.1598186,-104.8068774,Geofabrik OpenStreetMap GeoPackage extract,2026-08-15T20:21:20Z,open,ODbL; attribution and share-alike required,packet_ready,geofabrik_named_food_service
national-post-office-wy-cheyenne-main-42bc384548,Cheyenne Main post-office-centered national sample candidate,national_post_office_sample_candidate,food_service,osm:way:317610304,Arby's,,,Cheyenne Main,WY,,41.1344212,-104.8116190,Geofabrik OpenStreetMap GeoPackage extract,2026-08-15T20:21:20Z,open,ODbL; attribution and share-alike required,packet_ready,geofabrik_named_food_service
national-post-office-wy-cheyenne-main-42bc384548,Cheyenne Main post-office-centered national sample candidate,national_post_office_sample_candidate,food_service,osm:way:537172422,Arby's,,,Cheyenne Main,WY,,41.1680674,-104.8292327,Geofabrik OpenStreetMap GeoPackage extract,2026-08-15T20:21:20Z,open,ODbL; attribution and share-alike required,packet_ready,geofabrik_named_food_service
national-post-office-wy-cheyenne-main-42bc384548,Cheyenne Main post-office-centered national sample candidate,national_post_office_sample_candidate,food_service,osm:node:14074811197,Barrett Creek Coffee,,,Cheyenne Main,WY,,41.1317405,-104.8145888,Geofabrik OpenStreetMap GeoPackage extract,2026-08-15T20:21:20Z,open,ODbL; attribution and share-alike required,packet_ready,geofabrik_named_food_service
national-post-office-wy-cheyenne-main-42bc384548,Cheyenne Main post-office-centered national sample candidate,national_post_office_sample_candidate,food_service,osm:node:5631267933,Bejo Sushi/Asian,,,Cheyenne Main,WY,,41.1340038,-104.8152913,Geofabrik OpenStreetMap GeoPackage extract,2026-08-15T20:21:20Z,open,ODbL; attribution and share-alike required,packet_ready,geofabrik_named_food_service
national-post-office-wy-cheyenne-main-42bc384548,Cheyenne Main post-office-centered national sample candidate,national_post_office_sample_candidate,food_service,osm:way:589705552,Bella Fuoco Wood-Fired Pizza,,,Cheyenne Main,WY,,41.1386932,-104.8160932,Geofabrik OpenStreetMap GeoPackage extract,2026-08-15T20:21:20Z,open,ODbL; attribution and share-alike required,packet_ready,geofabrik_named_food_service
national-post-office-wy-cheyenne-main-42bc384548,Cheyenne Main post-office-centered national sample candidate,national_post_office_sample_candidate,food_service,osm:node:5662622687,Blackjack Pizza,,,Cheyenne Main,WY,,41.1365061,-104.8045700,Geofabrik OpenStreetMap GeoPackage extract,2026-08-15T20:21:20Z,open,ODbL; attribution and share-alike required,packet_ready,geofabrik_named_food_service
national-post-office-wy-cheyenne-main-42bc384548,Cheyenne Main post-office-centered national sample candidate,national_post_office_sample_candidate,food_service,osm:way:258768038,Buffalo Wild Wings,,,Cheyenne Main,WY,,41.1636688,-104.8003246,Geofabrik OpenStreetMap GeoPackage extract,2026-08-15T20:21:20Z,open,ODbL; attribution and share-alike required,packet_ready,geofabrik_named_food_service
national-post-office-wy-cheyenne-main-42bc384548,Cheyenne Main post-office-centered national sample candidate,national_post_office_sample_candidate,food_service,osm:way:317610306,Carl's Jr.,,,Cheyenne Main,WY,,41.1340930,-104.8127820,Geofabrik OpenStreetMap GeoPackage extract,2026-08-15T20:21:20Z,open,ODbL; attribution and share-alike required,packet_ready,geofabrik_named_food_service
national-post-office-wy-cheyenne-main-42bc384548,Cheyenne Main post-office-centered national sample candidate,national_post_office_sample_candidate,food_service,osm:way:755468959,Central Cafe,,,Cheyenne Main,WY,,41.1519822,-104.8228633,Geofabrik OpenStreetMap GeoPackage extract,2026-08-15T20:21:20Z,open,ODbL; attribution and share-alike required,packet_ready,geofabrik_named_food_service
national-post-office-wy-cheyenne-main-42bc384548,Cheyenne Main post-office-centered national sample candidate,national_post_office_sample_candidate,food_service,osm:way:511653829,Chick-fil-A,,,Cheyenne Main,WY,,41.1596180,-104.7792396,Geofabrik OpenStreetMap GeoPackage extract,2026-08-15T20:21:20Z,open,ODbL; attribution and share-alike required,packet_ready,geofabrik_named_food_service
national-post-office-wy-cheyenne-main-42bc384548,Cheyenne Main post-office-centered national sample candidate,national_post_office_sample_candidate,food_service,osm:way:236932047,Chili's,,,Cheyenne Main,WY,,41.1607939,-104.8082970,Geofabrik OpenStreetMap GeoPackage extract,2026-08-15T20:21:20Z,open,ODbL; attribution and share-alike required,packet_ready,geofabrik_named_food_service
national-post-office-wy-cheyenne-main-42bc384548,Cheyenne Main post-office-centered national sample candidate,national_post_office_sample_candidate,food_service,osm:node:2407529400,China Buffet,,,Cheyenne Main,WY,,41.1611415,-104.7927210,Geofabrik OpenStreetMap GeoPackage extract,2026-08-15T20:21:20Z,open,ODbL; attribution and share-alike required,packet_ready,geofabrik_named_food_service
national-post-office-wy-cheyenne-main-42bc384548,Cheyenne Main post-office-centered national sample candidate,national_post_office_sample_candidate,food_service,osm:way:86296758,Chipotle,,,Cheyenne Main,WY,,41.1606999,-104.8056966,Geofabrik OpenStreetMap GeoPackage extract,2026-08-15T20:21:20Z,open,ODbL; attribution and share-alike required,packet_ready,geofabrik_named_food_service
national-post-office-wy-cheyenne-main-42bc384548,Cheyenne Main post-office-centered national sample candidate,national_post_office_sample_candidate,food_service,osm:way:589710035,City Brew Coffee,,,Cheyenne Main,WY,,41.1604304,-104.7703679,Geofabrik OpenStreetMap GeoPackage extract,2026-08-15T20:21:20Z,open,ODbL; attribution and share-alike required,packet_ready,geofabrik_named_food_service
national-post-office-wy-cheyenne-main-42bc384548,Cheyenne Main post-office-centered national sample candidate,national_post_office_sample_candidate,food_service,osm:way:1242672020,Clean Eatz,,,Cheyenne Main,WY,,41.1442786,-104.7894913,Geofabrik OpenStreetMap GeoPackage extract,2026-08-15T20:21:20Z,open,ODbL; attribution and share-alike required,packet_ready,geofabrik_named_food_service
national-post-office-wy-cheyenne-main-42bc384548,Cheyenne Main post-office-centered national sample candidate,national_post_office_sample_candidate,food_service,osm:node:5631267926,Coffee Depot,,,Cheyenne Main,WY,,41.1306278,-104.8185181,Geofabrik OpenStreetMap GeoPackage extract,2026-08-15T20:21:20Z,open,ODbL; attribution and share-alike required,packet_ready,geofabrik_named_food_service
national-post-office-wy-cheyenne-main-42bc384548,Cheyenne Main post-office-centered national sample candidate,national_post_office_sample_candidate,food_service,osm:node:11911077031,Culver's,,,Cheyenne Main,WY,,41.1380290,-104.7905073,Geofabrik OpenStreetMap GeoPackage extract,2026-08-15T20:21:20Z,open,ODbL; attribution and share-alike required,packet_ready,geofabrik_named_food_service
national-post-office-wy-cheyenne-main-42bc384548,Cheyenne Main post-office-centered national sample candidate,national_post_office_sample_candidate,food_service,osm:way:900013272,Culver's,,,Cheyenne Main,WY,,41.1588541,-104.8098410,Geofabrik OpenStreetMap GeoPackage extract,2026-08-15T20:21:20Z,open,ODbL; attribution and share-alike required,packet_ready,geofabrik_named_food_service
national-post-office-wy-cheyenne-main-42bc384548,Cheyenne Main post-office-centered national sample candidate,national_post_office_sample_candidate,food_service,osm:way:727284979,DQ Grill & Chill,,,Cheyenne Main,WY,,41.1462487,-104.8075909,Geofabrik OpenStreetMap GeoPackage extract,2026-08-15T20:21:20Z,open,ODbL; attribution and share-alike required,packet_ready,geofabrik_named_food_service
national-post-office-wy-cheyenne-main-42bc384548,Cheyenne Main post-office-centered national sample candidate,national_post_office_sample_candidate,food_service,osm:node:11110811827,Delectable Donuts,,,Cheyenne Main,WY,,41.1381011,-104.7856262,Geofabrik OpenStreetMap GeoPackage extract,2026-08-15T20:21:20Z,open,ODbL; attribution and share-alike required,packet_ready,geofabrik_named_food_service
national-post-office-wy-cheyenne-main-42bc384548,Cheyenne Main post-office-centered national sample candidate,national_post_office_sample_candidate,food_service,osm:way:915686926,Destination Taiwan,,,Cheyenne Main,WY,,41.1603446,-104.7758033,Geofabrik OpenStreetMap GeoPackage extract,2026-08-15T20:21:20Z,open,ODbL; attribution and share-alike required,packet_ready,geofabrik_named_food_service
national-post-office-wy-cheyenne-main-42bc384548,Cheyenne Main post-office-centered national sample candidate,national_post_office_sample_candidate,food_service,osm:way:1085921055,Dickey's Barbecue Pit,,,Cheyenne Main,WY,,41.1617737,-104.8060883,Geofabrik OpenStreetMap GeoPackage extract,2026-08-15T20:21:20Z,open,ODbL; attribution and share-alike required,packet_ready,geofabrik_named_food_service
national-post-office-wy-cheyenne-main-42bc384548,Cheyenne Main post-office-centered national sample candidate,national_post_office_sample_candidate,food_service,osm:node:11911077030,Domino's,,,Cheyenne Main,WY,,41.1458147,-104.8162675,Geofabrik OpenStreetMap GeoPackage extract,2026-08-15T20:21:20Z,open,ODbL; attribution and share-alike required,packet_ready,geofabrik_named_food_service
national-post-office-wy-cheyenne-main-42bc384548,Cheyenne Main post-office-centered national sample candidate,national_post_office_sample_candidate,food_service,osm:node:11911077032,Domino's,,,Cheyenne Main,WY,,41.1611306,-104.7653215,Geofabrik OpenStreetMap GeoPackage extract,2026-08-15T20:21:20Z,open,ODbL; attribution and share-alike required,packet_ready,geofabrik_named_food_service
national-post-office-wy-cheyenne-main-42bc384548,Cheyenne Main post-office-centered national sample candidate,national_post_office_sample_candidate,food_service,osm:way:878463691,Domino's,,,Cheyenne Main,WY,,41.1692815,-104.8291353,Geofabrik OpenStreetMap GeoPackage extract,2026-08-15T20:21:20Z,open,ODbL; attribution and share-alike required,packet_ready,geofabrik_named_food_service
national-post-office-wy-cheyenne-main-42bc384548,Cheyenne Main post-office-centered national sample candidate,national_post_office_sample_candidate,food_service,osm:way:236445110,Dunkin',,,Cheyenne Main,WY,,41.1452295,-104.7689454,Geofabrik OpenStreetMap GeoPackage extract,2026-08-15T20:21:20Z,open,ODbL; attribution and share-alike required,packet_ready,geofabrik_named_food_service
national-post-office-wy-cheyenne-main-42bc384548,Cheyenne Main post-office-centered national sample candidate,national_post_office_sample_candidate,food_service,osm:node:8389113567,Durbar Nepalese and Indian Restaraunt,,,Cheyenne Main,WY,,41.1372886,-104.7657674,Geofabrik OpenStreetMap GeoPackage extract,2026-08-15T20:21:20Z,open,ODbL; attribution and share-alike required,packet_ready,geofabrik_named_food_service
national-post-office-wy-cheyenne-main-42bc384548,Cheyenne Main post-office-centered national sample candidate,national_post_office_sample_candidate,food_service,osm:way:237059920,Epic Egg,,,Cheyenne Main,WY,,41.1386008,-104.8209304,Geofabrik OpenStreetMap GeoPackage extract,2026-08-15T20:21:20Z,open,ODbL; attribution and share-alike required,packet_ready,geofabrik_named_food_service
national-post-office-wy-cheyenne-main-42bc384548,Cheyenne Main post-office-centered national sample candidate,national_post_office_sample_candidate,food_service,osm:way:750212600,Espi's Restaurant,,,Cheyenne Main,WY,,41.1463806,-104.8317766,Geofabrik OpenStreetMap GeoPackage extract,2026-08-15T20:21:20Z,open,ODbL; attribution and share-alike required,packet_ready,geofabrik_named_food_service
national-post-office-wy-cheyenne-main-42bc384548,Cheyenne Main post-office-centered national sample candidate,national_post_office_sample_candidate,food_service,osm:way:1085921050,Five Guys,,,Cheyenne Main,WY,,41.1618063,-104.8059316,Geofabrik OpenStreetMap GeoPackage extract,2026-08-15T20:21:20Z,open,ODbL; attribution and share-alike required,packet_ready,geofabrik_named_food_service
national-post-office-wy-cheyenne-main-42bc384548,Cheyenne Main post-office-centered national sample candidate,national_post_office_sample_candidate,food_service,osm:node:13318674427,Freddy's,,,Cheyenne Main,WY,,41.1648384,-104.8030815,Geofabrik OpenStreetMap GeoPackage extract,2026-08-15T20:21:20Z,open,ODbL; attribution and share-alike required,packet_ready,geofabrik_named_food_service
national-post-office-wy-cheyenne-main-42bc384548,Cheyenne Main post-office-centered national sample candidate,national_post_office_sample_candidate,food_service,osm:way:258701959,Guadalajara,,,Cheyenne Main,WY,,41.1598586,-104.7983464,Geofabrik OpenStreetMap GeoPackage extract,2026-08-15T20:21:20Z,open,ODbL; attribution and share-alike required,packet_ready,geofabrik_named_food_service
national-post-office-wy-cheyenne-main-42bc384548,Cheyenne Main post-office-centered national sample candidate,national_post_office_sample_candidate,food_service,osm:way:317610308,Hacienda Guadalajara,,,Cheyenne Main,WY,,41.1340810,-104.8109529,Geofabrik OpenStreetMap GeoPackage extract,2026-08-15T20:21:20Z,open,ODbL; attribution and share-alike required,packet_ready,geofabrik_named_food_service
national-post-office-wy-cheyenne-main-42bc384548,Cheyenne Main post-office-centered national sample candidate,national_post_office_sample_candidate,food_service,osm:node:11110811826,Hi Sushi,,,Cheyenne Main,WY,,41.1381021,-104.7857282,Geofabrik OpenStreetMap GeoPackage extract,2026-08-15T20:21:20Z,open,ODbL; attribution and share-alike required,packet_ready,geofabrik_named_food_service
national-post-office-wy-cheyenne-main-42bc384548,Cheyenne Main post-office-centered national sample candidate,national_post_office_sample_candidate,food_service,osm:node:13090706259,Hokkaido Ramen,,,Cheyenne Main,WY,,41.1342757,-104.8164880,Geofabrik OpenStreetMap GeoPackage extract,2026-08-15T20:21:20Z,open,ODbL; attribution and share-alike required,packet_ready,geofabrik_named_food_service
national-post-office-wy-cheyenne-main-42bc384548,Cheyenne Main post-office-centered national sample candidate,national_post_office_sample_candidate,food_service,osm:node:8447077245,Hong Kong Chinese Restaurant,,,Cheyenne Main,WY,,41.1611069,-104.7638684,Geofabrik OpenStreetMap GeoPackage extract,2026-08-15T20:21:20Z,open,ODbL; attribution and share-alike required,packet_ready,geofabrik_named_food_service
national-post-office-wy-cheyenne-main-42bc384548,Cheyenne Main post-office-centered national sample candidate,national_post_office_sample_candidate,food_service,osm:way:1085921070,Honolulu Poke & Ramen,,,Cheyenne Main,WY,,41.1625250,-104.8047807,Geofabrik OpenStreetMap GeoPackage extract,2026-08-15T20:21:20Z,open,ODbL; attribution and share-alike required,packet_ready,geofabrik_named_food_service
national-post-office-wy-cheyenne-main-42bc384548,Cheyenne Main post-office-centered national sample candidate,national_post_office_sample_candidate,food_service,osm:way:236518170,Jacksons All American Sports Grill,,,Cheyenne Main,WY,,41.1731247,-104.8094250,Geofabrik OpenStreetMap GeoPackage extract,2026-08-15T20:21:20Z,open,ODbL; attribution and share-alike required,packet_ready,geofabrik_named_food_service
national-post-office-wy-cheyenne-main-42bc384548,Cheyenne Main post-office-centered national sample candidate,national_post_office_sample_candidate,food_service,osm:node:13318674428,Jersey Mike's Subs,,,Cheyenne Main,WY,,41.1647990,-104.8029258,Geofabrik OpenStreetMap GeoPackage extract,2026-08-15T20:21:20Z,open,ODbL; attribution and share-alike required,packet_ready,geofabrik_named_food_service
national-post-office-wy-cheyenne-main-42bc384548,Cheyenne Main post-office-centered national sample candidate,national_post_office_sample_candidate,food_service,osm:node:13326624963,"Juicy's Burgers, Dogs, and More",,,Cheyenne Main,WY,,41.1582028,-104.7769333,Geofabrik OpenStreetMap GeoPackage extract,2026-08-15T20:21:20Z,open,ODbL; attribution and share-alike required,packet_ready,geofabrik_named_food_service
national-post-office-wy-cheyenne-main-42bc384548,Cheyenne Main post-office-centered national sample candidate,national_post_office_sample_candidate,food_service,osm:node:3786956480,KFC,,,Cheyenne Main,WY,,41.1388211,-104.7879707,Geofabrik OpenStreetMap GeoPackage extract,2026-08-15T20:21:20Z,open,ODbL; attribution and share-alike required,packet_ready,geofabrik_named_food_service
national-post-office-wy-cheyenne-main-42bc384548,Cheyenne Main post-office-centered national sample candidate,national_post_office_sample_candidate,food_service,osm:way:909888189,Korean House Restaraunt,,,Cheyenne Main,WY,,41.1456358,-104.8311555,Geofabrik OpenStreetMap GeoPackage extract,2026-08-15T20:21:20Z,open,ODbL; attribution and share-alike required,packet_ready,geofabrik_named_food_service
national-post-office-wy-cheyenne-main-42bc384548,Cheyenne Main post-office-centered national sample candidate,national_post_office_sample_candidate,food_service,osm:node:5631336717,L'Osteria Mondello's,,,Cheyenne Main,WY,,41.1587246,-104.8051048,Geofabrik OpenStreetMap GeoPackage extract,2026-08-15T20:21:20Z,open,ODbL; attribution and share-alike required,packet_ready,geofabrik_named_food_service
national-post-office-wy-cheyenne-main-42bc384548,Cheyenne Main post-office-centered national sample candidate,national_post_office_sample_candidate,food_service,osm:node:5631301397,Little Caesars,,,Cheyenne Main,WY,,41.1598558,-104.7999240,Geofabrik OpenStreetMap GeoPackage extract,2026-08-15T20:21:20Z,open,ODbL; attribution and share-alike required,packet_ready,geofabrik_named_food_service
national-post-office-wy-cheyenne-main-42bc384548,Cheyenne Main post-office-centered national sample candidate,national_post_office_sample_candidate,food_service,osm:node:3786956521,McDonald's,,,Cheyenne Main,WY,,41.1381444,-104.7860905,Geofabrik OpenStreetMap GeoPackage extract,2026-08-15T20:21:20Z,open,ODbL; attribution and share-alike required,packet_ready,geofabrik_named_food_service
national-post-office-wy-cheyenne-main-42bc384548,Cheyenne Main post-office-centered national sample candidate,national_post_office_sample_candidate,food_service,osm:way:237810583,McDonald's,,,Cheyenne Main,WY,,41.1606320,-104.7677850,Geofabrik OpenStreetMap GeoPackage extract,2026-08-15T20:21:20Z,open,ODbL; attribution and share-alike required,packet_ready,geofabrik_named_food_service
national-post-office-wy-cheyenne-main-42bc384548,Cheyenne Main post-office-centered national sample candidate,national_post_office_sample_candidate,food_service,osm:way:878463704,McDonald's,,,Cheyenne Main,WY,,41.1716864,-104.8292022,Geofabrik OpenStreetMap GeoPackage extract,2026-08-15T20:21:20Z,open,ODbL; attribution and share-alike required,packet_ready,geofabrik_named_food_service
national-post-office-wy-cheyenne-main-42bc384548,Cheyenne Main post-office-centered national sample candidate,national_post_office_sample_candidate,food_service,osm:way:899666767,Mongolian Grill,,,Cheyenne Main,WY,,41.1585332,-104.8018696,Geofabrik OpenStreetMap GeoPackage extract,2026-08-15T20:21:20Z,open,ODbL; attribution and share-alike required,packet_ready,geofabrik_named_food_service
national-post-office-wy-cheyenne-main-42bc384548,Cheyenne Main post-office-centered national sample candidate,national_post_office_sample_candidate,food_service,osm:way:755465553,Nathaly’s Tacos y Papusas,,,Cheyenne Main,WY,,41.1528517,-104.8229163,Geofabrik OpenStreetMap GeoPackage extract,2026-08-15T20:21:20Z,open,ODbL; attribution and share-alike required,packet_ready,geofabrik_named_food_service
national-post-office-wy-cheyenne-main-42bc384548,Cheyenne Main post-office-centered national sample candidate,national_post_office_sample_candidate,food_service,osm:way:1085921052,Nay&Jays,,,Cheyenne Main,WY,,41.1620075,-104.8060707,Geofabrik OpenStreetMap GeoPackage extract,2026-08-15T20:21:20Z,open,ODbL; attribution and share-alike required,packet_ready,geofabrik_named_food_service
national-post-office-wy-cheyenne-main-42bc384548,Cheyenne Main post-office-centered national sample candidate,national_post_office_sample_candidate,food_service,osm:way:86296759,Olive Garden,,,Cheyenne Main,WY,,41.1606473,-104.8051431,Geofabrik OpenStreetMap GeoPackage extract,2026-08-15T20:21:20Z,open,ODbL; attribution and share-alike required,packet_ready,geofabrik_named_food_service
national-post-office-wy-cheyenne-main-42bc384548,Cheyenne Main post-office-centered national sample candidate,national_post_office_sample_candidate,food_service,osm:node:13256801207,Owen's Hot Chicken,,,Cheyenne Main,WY,,41.1446780,-104.7679888,Geofabrik OpenStreetMap GeoPackage extract,2026-08-15T20:21:20Z,open,ODbL; attribution and share-alike required,packet_ready,geofabrik_named_food_service
national-post-office-wy-cheyenne-main-42bc384548,Cheyenne Main post-office-centered national sample candidate,national_post_office_sample_candidate,food_service,osm:way:349365386,Panda Express,,,Cheyenne Main,WY,,41.1611221,-104.7903830,Geofabrik OpenStreetMap GeoPackage extract,2026-08-15T20:21:20Z,open,ODbL; attribution and share-alike required,packet_ready,geofabrik_named_food_service
national-post-office-wy-cheyenne-main-42bc384548,Cheyenne Main post-office-centered national sample candidate,national_post_office_sample_candidate,food_service,osm:node:8309751831,Panera Bread,,,Cheyenne Main,WY,,41.1605306,-104.7811458,Geofabrik OpenStreetMap GeoPackage extract,2026-08-15T20:21:20Z,open,ODbL; attribution and share-alike required,packet_ready,geofabrik_named_food_service
national-post-office-wy-cheyenne-main-42bc384548,Cheyenne Main post-office-centered national sample candidate,national_post_office_sample_candidate,food_service,osm:node:2407525235,Papa John's,,,Cheyenne Main,WY,,41.1614210,-104.7927000,Geofabrik OpenStreetMap GeoPackage extract,2026-08-15T20:21:20Z,open,ODbL; attribution and share-alike required,packet_ready,geofabrik_named_food_service
national-post-office-wy-cheyenne-main-42bc384548,Cheyenne Main post-office-centered national sample candidate,national_post_office_sample_candidate,food_service,osm:node:5631267929,Paramount Café,,,Cheyenne Main,WY,,41.1330834,-104.8153160,Geofabrik OpenStreetMap GeoPackage extract,2026-08-15T20:21:20Z,open,ODbL; attribution and share-alike required,packet_ready,geofabrik_named_food_service
national-post-office-wy-cheyenne-main-42bc384548,Cheyenne Main post-office-centered national sample candidate,national_post_office_sample_candidate,food_service,osm:node:5631267934,Paris West,,,Cheyenne Main,WY,,41.1349473,-104.8148120,Geofabrik OpenStreetMap GeoPackage extract,2026-08-15T20:21:20Z,open,ODbL; attribution and share-alike required,packet_ready,geofabrik_named_food_service
national-post-office-wy-cheyenne-main-42bc384548,Cheyenne Main post-office-centered national sample candidate,national_post_office_sample_candidate,food_service,osm:way:232400981,Penny's Diner,,,Cheyenne Main,WY,,41.1590797,-104.8027252,Geofabrik OpenStreetMap GeoPackage extract,2026-08-15T20:21:20Z,open,ODbL; attribution and share-alike required,packet_ready,geofabrik_named_food_service
national-post-office-wy-cheyenne-main-42bc384548,Cheyenne Main post-office-centered national sample candidate,national_post_office_sample_candidate,food_service,osm:way:258701956,Perkins,,,Cheyenne Main,WY,,41.1608080,-104.7991525,Geofabrik OpenStreetMap GeoPackage extract,2026-08-15T20:21:20Z,open,ODbL; attribution and share-alike required,packet_ready,geofabrik_named_food_service
national-post-office-wy-cheyenne-main-42bc384548,Cheyenne Main post-office-centered national sample candidate,national_post_office_sample_candidate,food_service,osm:way:878463693,Pizza Hut,,,Cheyenne Main,WY,,41.1684161,-104.8291241,Geofabrik OpenStreetMap GeoPackage extract,2026-08-15T20:21:20Z,open,ODbL; attribution and share-alike required,packet_ready,geofabrik_named_food_service
national-post-office-wy-cheyenne-main-42bc384548,Cheyenne Main post-office-centered national sample candidate,national_post_office_sample_candidate,food_service,osm:node:2407529543,Qdoba,,,Cheyenne Main,WY,,41.1609784,-104.7927130,Geofabrik OpenStreetMap GeoPackage extract,2026-08-15T20:21:20Z,open,ODbL; attribution and share-alike required,packet_ready,geofabrik_named_food_service
national-post-office-wy-cheyenne-main-42bc384548,Cheyenne Main post-office-centered national sample candidate,national_post_office_sample_candidate,food_service,osm:way:236513679,Red Lobster,,,Cheyenne Main,WY,,41.1598514,-104.7945674,Geofabrik OpenStreetMap GeoPackage extract,2026-08-15T20:21:20Z,open,ODbL; attribution and share-alike required,packet_ready,geofabrik_named_food_service
national-post-office-wy-cheyenne-main-42bc384548,Cheyenne Main post-office-centered national sample candidate,national_post_office_sample_candidate,food_service,osm:way:1085921077,Renzio's Greek Food,,,Cheyenne Main,WY,,41.1624629,-104.8047692,Geofabrik OpenStreetMap GeoPackage extract,2026-08-15T20:21:20Z,open,ODbL; attribution and share-alike required,packet_ready,geofabrik_named_food_service
national-post-office-wy-cheyenne-main-42bc384548,Cheyenne Main post-office-centered national sample candidate,national_post_office_sample_candidate,food_service,osm:way:317610198,Rodolfo's Mexican,,,Cheyenne Main,WY,,41.1359350,-104.8059681,Geofabrik OpenStreetMap GeoPackage extract,2026-08-15T20:21:20Z,open,ODbL; attribution and share-alike required,packet_ready,geofabrik_named_food_service
national-post-office-wy-cheyenne-main-42bc384548,Cheyenne Main post-office-centered national sample candidate,national_post_office_sample_candidate,food_service,osm:way:589708205,Rolando's Mexican Grill,,,Cheyenne Main,WY,,41.1598513,-104.7962517,Geofabrik OpenStreetMap GeoPackage extract,2026-08-15T20:21:20Z,open,ODbL; attribution and share-alike required,packet_ready,geofabrik_named_food_service
national-post-office-wy-cheyenne-main-42bc384548,Cheyenne Main post-office-centered national sample candidate,national_post_office_sample_candidate,food_service,osm:way:906015921,Rubyjuice Fruit & Smoothies,,,Cheyenne Main,WY,,41.1340882,-104.8141272,Geofabrik OpenStreetMap GeoPackage extract,2026-08-15T20:21:20Z,open,ODbL; attribution and share-alike required,packet_ready,geofabrik_named_food_service
national-post-office-wy-cheyenne-main-42bc384548,Cheyenne Main post-office-centered national sample candidate,national_post_office_sample_candidate,food_service,osm:way:906008065,Sanford's Grub & Pub,,,Cheyenne Main,WY,,41.1340555,-104.8139425,Geofabrik OpenStreetMap GeoPackage extract,2026-08-15T20:21:20Z,open,ODbL; attribution and share-alike required,packet_ready,geofabrik_named_food_service
national-post-office-wy-cheyenne-main-42bc384548,Cheyenne Main post-office-centered national sample candidate,national_post_office_sample_candidate,food_service,osm:node:1002689649,Sonic,,,Cheyenne Main,WY,,41.1605311,-104.7775705,Geofabrik OpenStreetMap GeoPackage extract,2026-08-15T20:21:20Z,open,ODbL; attribution and share-alike required,packet_ready,geofabrik_named_food_service
national-post-office-wy-cheyenne-main-42bc384548,Cheyenne Main post-office-centered national sample candidate,national_post_office_sample_candidate,food_service,osm:node:13312883103,Starbucks,,,Cheyenne Main,WY,,41.1618149,-104.7996560,Geofabrik OpenStreetMap GeoPackage extract,2026-08-15T20:21:20Z,open,ODbL; attribution and share-alike required,packet_ready,geofabrik_named_food_service
national-post-office-wy-cheyenne-main-42bc384548,Cheyenne Main post-office-centered national sample candidate,national_post_office_sample_candidate,food_service,osm:node:4418311277,Starbucks,,,Cheyenne Main,WY,,41.1443336,-104.7690840,Geofabrik OpenStreetMap GeoPackage extract,2026-08-15T20:21:20Z,open,ODbL; attribution and share-alike required,packet_ready,geofabrik_named_food_service
national-post-office-wy-cheyenne-main-42bc384548,Cheyenne Main post-office-centered national sample candidate,national_post_office_sample_candidate,food_service,osm:node:8172444826,Starbucks,,,Cheyenne Main,WY,,41.1739173,-104.8291206,Geofabrik OpenStreetMap GeoPackage extract,2026-08-15T20:21:20Z,open,ODbL; attribution and share-alike required,packet_ready,geofabrik_named_food_service
national-post-office-wy-cheyenne-main-42bc384548,Cheyenne Main post-office-centered national sample candidate,national_post_office_sample_candidate,food_service,osm:node:9070848677,Starbucks,,,Cheyenne Main,WY,,41.1727300,-104.8297653,Geofabrik OpenStreetMap GeoPackage extract,2026-08-15T20:21:20Z,open,ODbL; attribution and share-alike required,packet_ready,geofabrik_named_food_service
national-post-office-wy-cheyenne-main-42bc384548,Cheyenne Main post-office-centered national sample candidate,national_post_office_sample_candidate,food_service,osm:way:305313222,Starbucks,,,Cheyenne Main,WY,,41.1380137,-104.8170002,Geofabrik OpenStreetMap GeoPackage extract,2026-08-15T20:21:20Z,open,ODbL; attribution and share-alike required,packet_ready,geofabrik_named_food_service
national-post-office-wy-cheyenne-main-42bc384548,Cheyenne Main post-office-centered national sample candidate,national_post_office_sample_candidate,food_service,osm:way:878473820,Starbucks,,,Cheyenne Main,WY,,41.1604343,-104.7792240,Geofabrik OpenStreetMap GeoPackage extract,2026-08-15T20:21:20Z,open,ODbL; attribution and share-alike required,packet_ready,geofabrik_named_food_service
national-post-office-wy-cheyenne-main-42bc384548,Cheyenne Main post-office-centered national sample candidate,national_post_office_sample_candidate,food_service,osm:node:12205321196,Subway,,,Cheyenne Main,WY,,41.1381559,-104.7899278,Geofabrik OpenStreetMap GeoPackage extract,2026-08-15T20:21:20Z,open,ODbL; attribution and share-alike required,packet_ready,geofabrik_named_food_service
national-post-office-wy-cheyenne-main-42bc384548,Cheyenne Main post-office-centered national sample candidate,national_post_office_sample_candidate,food_service,osm:way:549890650,Subway,,,Cheyenne Main,WY,,41.1599330,-104.7967156,Geofabrik OpenStreetMap GeoPackage extract,2026-08-15T20:21:20Z,open,ODbL; attribution and share-alike required,packet_ready,geofabrik_named_food_service
national-post-office-wy-cheyenne-main-42bc384548,Cheyenne Main post-office-centered national sample candidate,national_post_office_sample_candidate,food_service,osm:way:878463703,Subway,,,Cheyenne Main,WY,,41.1710126,-104.8298738,Geofabrik OpenStreetMap GeoPackage extract,2026-08-15T20:21:20Z,open,ODbL; attribution and share-alike required,packet_ready,geofabrik_named_food_service
national-post-office-wy-cheyenne-main-42bc384548,Cheyenne Main post-office-centered national sample candidate,national_post_office_sample_candidate,food_service,osm:way:1085921073,TCBY Pretzel Maker,,,Cheyenne Main,WY,,41.1623465,-104.8046871,Geofabrik OpenStreetMap GeoPackage extract,2026-08-15T20:21:20Z,open,ODbL; attribution and share-alike required,packet_ready,geofabrik_named_food_service
national-post-office-wy-cheyenne-main-42bc384548,Cheyenne Main post-office-centered national sample candidate,national_post_office_sample_candidate,food_service,osm:way:237817017,Taco Bell,,,Cheyenne Main,WY,,41.1598353,-104.7989970,Geofabrik OpenStreetMap GeoPackage extract,2026-08-15T20:21:20Z,open,ODbL; attribution and share-alike required,packet_ready,geofabrik_named_food_service
national-post-office-wy-cheyenne-main-42bc384548,Cheyenne Main post-office-centered national sample candidate,national_post_office_sample_candidate,food_service,osm:way:237817221,Taco Bell,,,Cheyenne Main,WY,,41.1388321,-104.7872488,Geofabrik OpenStreetMap GeoPackage extract,2026-08-15T20:21:20Z,open,ODbL; attribution and share-alike required,packet_ready,geofabrik_named_food_service
national-post-office-wy-cheyenne-main-42bc384548,Cheyenne Main post-office-centered national sample candidate,national_post_office_sample_candidate,food_service,osm:node:2456778949,Taco John's,,,Cheyenne Main,WY,,41.1604001,-104.7687239,Geofabrik OpenStreetMap GeoPackage extract,2026-08-15T20:21:20Z,open,ODbL; attribution and share-alike required,packet_ready,geofabrik_named_food_service
national-post-office-wy-cheyenne-main-42bc384548,Cheyenne Main post-office-centered national sample candidate,national_post_office_sample_candidate,food_service,osm:way:1014983415,Taco John's,,,Cheyenne Main,WY,,41.1603898,-104.7687354,Geofabrik OpenStreetMap GeoPackage extract,2026-08-15T20:21:20Z,open,ODbL; attribution and share-alike required,packet_ready,geofabrik_named_food_service
national-post-office-wy-cheyenne-main-42bc384548,Cheyenne Main post-office-centered national sample candidate,national_post_office_sample_candidate,food_service,osm:way:240742391,Taco John's,,,Cheyenne Main,WY,,41.1382824,-104.8205990,Geofabrik OpenStreetMap GeoPackage extract,2026-08-15T20:21:20Z,open,ODbL; attribution and share-alike required,packet_ready,geofabrik_named_food_service
national-post-office-wy-cheyenne-main-42bc384548,Cheyenne Main post-office-centered national sample candidate,national_post_office_sample_candidate,food_service,osm:way:878463694,Taco John's,,,Cheyenne Main,WY,,41.1692929,-104.8282004,Geofabrik OpenStreetMap GeoPackage extract,2026-08-15T20:21:20Z,open,ODbL; attribution and share-alike required,packet_ready,geofabrik_named_food_service
national-post-office-wy-cheyenne-main-42bc384548,Cheyenne Main post-office-centered national sample candidate,national_post_office_sample_candidate,food_service,osm:way:991047559,Taco John's,,,Cheyenne Main,WY,,41.1452334,-104.7679899,Geofabrik OpenStreetMap GeoPackage extract,2026-08-15T20:21:20Z,open,ODbL; attribution and share-alike required,packet_ready,geofabrik_named_food_service
national-post-office-wy-cheyenne-main-42bc384548,Cheyenne Main post-office-centered national sample candidate,national_post_office_sample_candidate,food_service,osm:node:8359570102,Tacqueria Mexicana Mi Tierra,,,Cheyenne Main,WY,,41.1643524,-104.8228200,Geofabrik OpenStreetMap GeoPackage extract,2026-08-15T20:21:20Z,open,ODbL; attribution and share-alike required,packet_ready,geofabrik_named_food_service
national-post-office-wy-cheyenne-main-42bc384548,Cheyenne Main post-office-centered national sample candidate,national_post_office_sample_candidate,food_service,osm:way:236513355,Texas Roadhouse,,,Cheyenne Main,WY,,41.1582603,-104.7942124,Geofabrik OpenStreetMap GeoPackage extract,2026-08-15T20:21:20Z,open,ODbL; attribution and share-alike required,packet_ready,geofabrik_named_food_service
national-post-office-wy-cheyenne-main-42bc384548,Cheyenne Main post-office-centered national sample candidate,national_post_office_sample_candidate,food_service,osm:way:237066164,"The Albany Restaurant, Bar and Liquor Mart",,,Cheyenne Main,WY,,41.1319389,-104.8152040,Geofabrik OpenStreetMap GeoPackage extract,2026-08-15T20:21:20Z,open,ODbL; attribution and share-alike required,packet_ready,geofabrik_named_food_service
national-post-office-wy-cheyenne-main-42bc384548,Cheyenne Main post-office-centered national sample candidate,national_post_office_sample_candidate,food_service,osm:node:5631267930,The Cheyenne Cup,,,Cheyenne Main,WY,,41.1327338,-104.8164983,Geofabrik OpenStreetMap GeoPackage extract,2026-08-15T20:21:20Z,open,ODbL; attribution and share-alike required,packet_ready,geofabrik_named_food_service
national-post-office-wy-cheyenne-main-42bc384548,Cheyenne Main post-office-centered national sample candidate,national_post_office_sample_candidate,food_service,osm:way:547973928,The Metropolitan Downtown,,,Cheyenne Main,WY,,41.1335412,-104.8169874,Geofabrik OpenStreetMap GeoPackage extract,2026-08-15T20:21:20Z,open,ODbL; attribution and share-alike required,packet_ready,geofabrik_named_food_service
national-post-office-wy-cheyenne-main-42bc384548,Cheyenne Main post-office-centered national sample candidate,national_post_office_sample_candidate,food_service,osm:node:13311305022,The Office Bar and Grill,,,Cheyenne Main,WY,,41.1469435,-104.8022761,Geofabrik OpenStreetMap GeoPackage extract,2026-08-15T20:21:20Z,open,ODbL; attribution and share-alike required,packet_ready,geofabrik_named_food_service
national-post-office-wy-cheyenne-main-42bc384548,Cheyenne Main post-office-centered national sample candidate,national_post_office_sample_candidate,food_service,osm:node:13312839792,Tres Amigos (Dell Range),,,Cheyenne Main,WY,,41.1607865,-104.7973388,Geofabrik OpenStreetMap GeoPackage extract,2026-08-15T20:21:20Z,open,ODbL; attribution and share-alike required,packet_ready,geofabrik_named_food_service
national-post-office-wy-cheyenne-main-42bc384548,Cheyenne Main post-office-centered national sample candidate,national_post_office_sample_candidate,food_service,osm:node:5631267932,Two Doors Down,,,Cheyenne Main,WY,,41.1344797,-104.8140016,Geofabrik OpenStreetMap GeoPackage extract,2026-08-15T20:21:20Z,open,ODbL; attribution and share-alike required,packet_ready,geofabrik_named_food_service
national-post-office-wy-cheyenne-main-42bc384548,Cheyenne Main post-office-centered national sample candidate,national_post_office_sample_candidate,food_service,osm:way:317610200,Village Inn,,,Cheyenne Main,WY,,41.1345012,-104.8097982,Geofabrik OpenStreetMap GeoPackage extract,2026-08-15T20:21:20Z,open,ODbL; attribution and share-alike required,packet_ready,geofabrik_named_food_service
national-post-office-wy-cheyenne-main-42bc384548,Cheyenne Main post-office-centered national sample candidate,national_post_office_sample_candidate,food_service,osm:node:5631301385,Wasabi's,,,Cheyenne Main,WY,,41.1611789,-104.7896732,Geofabrik OpenStreetMap GeoPackage extract,2026-08-15T20:21:20Z,open,ODbL; attribution and share-alike required,packet_ready,geofabrik_named_food_service
national-post-office-wy-cheyenne-main-42bc384548,Cheyenne Main post-office-centered national sample candidate,national_post_office_sample_candidate,food_service,osm:way:236512751,Wendy's,,,Cheyenne Main,WY,,41.1606878,-104.7964111,Geofabrik OpenStreetMap GeoPackage extract,2026-08-15T20:21:20Z,open,ODbL; attribution and share-alike required,packet_ready,geofabrik_named_food_service
national-post-office-wy-cheyenne-main-42bc384548,Cheyenne Main post-office-centered national sample candidate,national_post_office_sample_candidate,food_service,osm:way:237818433,Wendy's,,,Cheyenne Main,WY,,41.1387628,-104.7866333,Geofabrik OpenStreetMap GeoPackage extract,2026-08-15T20:21:20Z,open,ODbL; attribution and share-alike required,packet_ready,geofabrik_named_food_service
national-post-office-wy-cheyenne-main-42bc384548,Cheyenne Main post-office-centered national sample candidate,national_post_office_sample_candidate,food_service,osm:node:13307587553,Ziggi's Coffee,,,Cheyenne Main,WY,,41.1674291,-104.8281043,Geofabrik OpenStreetMap GeoPackage extract,2026-08-15T20:21:20Z,open,ODbL; attribution and share-alike required,packet_ready,geofabrik_named_food_service
national-post-office-wy-cheyenne-main-42bc384548,Cheyenne Main post-office-centered national sample candidate,national_post_office_sample_candidate,food_service,osm:node:13329518120,Ziggi's Coffee,,,Cheyenne Main,WY,,41.1693203,-104.8292353,Geofabrik OpenStreetMap GeoPackage extract,2026-08-15T20:21:20Z,open,ODbL; attribution and share-alike required,packet_ready,geofabrik_named_food_service
