brand,store_id,store_name,address,city,state,postal_code,latitude,longitude,source,source_date,license_status
99 Ranch Market,f5f1d4d5-48d6-426e-94d7-4e9004f73e8b,Cupertino (DeAnza Blvd),10425 S. DeAnza Blvd Cupertino CA 95014,Cupertino,CA,95014,37.31689453125,-122.03353881835938,Overture Places 2026-07-22.0,2026-07-22,open
99 Ranch Market,8980737b-46ab-426b-8803-93f9b20d0b74,Cupertino (North Wolfe Rd),10983 North Wolfe Rd Cupertino CA,Cupertino,CA,95014,37.33658218383789,-122.01547241210938,Overture Places 2026-07-22.0,2026-07-22,open
99 Ranch Market,819a4954-faab-4482-a00c-a5852a1923d6,Fremont (Fremont Blvd),34444 Fremont Blvd Fremont CA,Fremont,CA,94555,37.575321197509766,-122.03927612304688,Overture Places 2026-07-22.0,2026-07-22,open
99 Ranch Market,0de37082-d7a0-431d-ab10-114e84aa9fc2,Fremont (Mission Blvd),46551 Mission Blvd Fremont CA 94539,Fremont,CA,94539,37.492069244384766,-121.9295654296875,Overture Places 2026-07-22.0,2026-07-22,open
99 Ranch Market,c68ad7c9-1711-42e3-8e24-fcf866b43cd4,Irvine (Culver Dr.),"#800 15333 Culver Dr #800",Irvine,CA,92604,33.696353912353516,-117.79844665527344,Overture Places 2026-07-22.0,2026-07-22,open
99 Ranch Market,e243f716-a196-4b7e-a39c-6c220783c6bb,Irvine (Walnut Ave),5402 Walnut Ave. Irvine CA,Irvine,CA,92604,33.69045639038086,-117.76969146728516,Overture Places 2026-07-22.0,2026-07-22,open
99 Ranch Market,ea90dd6e-1181-47af-a4c0-ce4e30ae366e,Westwood,1360 Westwood Blvd. Los Angeles CA,Los Angeles,CA,90024,34.05598449707031,-118.4419174194336,Overture Places 2026-07-22.0,2026-07-22,open
99 Ranch Market,114ee130-345d-4f31-b9c9-76feb3c1adf1,Pleasanton(Stoneridge Dr),2701 Stoneridge Dr Pleasanton CA 94588,Pleasanton,CA,94588,37.695491790771484,-121.85008239746094,Overture Places 2026-07-22.0,2026-07-22,open
99 Ranch Market,9b65fee2-153b-4883-9ca5-9d4ffe7ea8a3,Pleasanton (Rosewood Dr),4299 Rosewood Drive Pleasanton CA 94588,Pleasanton,CA,94588,37.69929885864258,-121.87327575683594,Overture Places 2026-07-22.0,2026-07-22,open
99 Ranch Market,75cb590a-a2ad-4fb1-a01f-561a3a01a58a,San Diego (Balboa Ave),5950 Balboa Ave San Diego CA 92111,San Diego,CA,92111,32.82163619995117,-117.17697143554688,Overture Places 2026-07-22.0,2026-07-22,open
99 Ranch Market,7070eb1d-89b7-4b02-bc1e-d07755303bd9,San Diego (Clairemon Mesa Blvd),7330 Clairemont Mesa Blvd San Diego CA 92111,San Diego,CA,92111,32.83355712890625,-117.16075897216797,Overture Places 2026-07-22.0,2026-07-22,open
99 Ranch Market,34804138-72f1-4a88-9540-c04e60bd668f,Blossom Hill San Jose,925 Blossom Hill Rd San Jose CA 95123,San Jose,CA,95123,37.25172805786133,-121.86140441894531,Overture Places 2026-07-22.0,2026-07-22,open
99 Ranch Market,a0717f89-0fc8-4ef7-8ee4-45149b5d99eb,Hostetter,Unit E 1688 Hostetter Rd Unit E,San Jose,CA,95131,37.38689041137695,-121.88361358642578,Overture Places 2026-07-22.0,2026-07-22,open
ALDI,295d1bcb-da31-45af-bb22-e0204c573467,Aldi,2121 W Main St,Alhambra,CA,91801-6564,34.09245681762695,-118.1455307006836,Overture Places 2026-07-22.0,2026-07-22,open
ALDI,ae6361ed-8014-4459-91fd-0f1ae1418bc1,Aldi,275 S Euclid St,Anaheim,CA,92802-1013,33.82921600341797,-117.94288635253906,Overture Places 2026-07-22.0,2026-07-22,open
ALDI,51288632-9004-43b7-a477-6251e094a4c0,Aldi,1403 S Baldwin Ave,Arcadia,CA,91007-7922,34.123260498046875,-118.05630493164062,Overture Places 2026-07-22.0,2026-07-22,open
ALDI,12866620-2a35-45cf-a7c4-63c2a6661d54,Aldi,1221 E Grand Ave,Arroyo Grande,CA,93420-2419,35.119415283203125,-120.60206604003906,Overture Places 2026-07-22.0,2026-07-22,open
ALDI,4c1542d9-26c8-4d06-b475-8f94d80e2c61,Aldi,2120 Panama Ln,Bakersfield,CA,93307-6536,35.29685974121094,-119.02627563476562,Overture Places 2026-07-22.0,2026-07-22,open
ALDI,689a2d19-8efb-4405-abc7-3d90965cf779,Aldi,5190 Stockdale Hwy,Bakersfield,CA,93309-2671,35.355560302734375,-119.05916595458984,Overture Places 2026-07-22.0,2026-07-22,open
ALDI,b4c7a9e6-ccc8-4447-b7ed-7290ee8448ef,Aldi,1638 E 2nd St,Beaumont,CA,92223-3166,33.92546081542969,-116.94942474365234,Overture Places 2026-07-22.0,2026-07-22,open
ALDI,a30695dd-a9db-4823-986c-bad330de15d0,Aldi,16123 Bellflower Blvd,Bellflower,CA,90706-4605,33.88789367675781,-118.1261978149414,Overture Places 2026-07-22.0,2026-07-22,open
ALDI,27eeeae7-326d-410a-890c-aa1a97213322,Aldi,8351 La Palma Ave,Buena Park,CA,90620-3207,33.8485221862793,-117.98799896240234,Overture Places 2026-07-22.0,2026-07-22,open
ALDI,dfa377de-cdfa-41d3-8eec-a6c235e9a139,Aldi,687 N Victory Blvd,Burbank,CA,91502-1628,34.18046569824219,-118.31983947753906,Overture Places 2026-07-22.0,2026-07-22,open
ALDI,c1f3b83a-940a-48f5-989a-09bba044a7f6,Aldi,2450 Rockwood Ave,Calexico,CA,92231-4403,32.69499588012695,-115.49607849121094,Overture Places 2026-07-22.0,2026-07-22,open
ALDI,78770f38-be19-47f8-91b6-455d2163e147,Aldi,20700 Avalon Blvd,Carson,CA,90746-3701,33.845890045166016,-118.26274108886719,Overture Places 2026-07-22.0,2026-07-22,open
ALDI,d1267104-3845-4b81-9b3b-8e6ac57c44e6,Aldi,11530 South St,Cerritos,CA,90703-6612,33.85752487182617,-118.08756256103516,Overture Places 2026-07-22.0,2026-07-22,open
ALDI,881f51ef-0dfd-4b40-8ccd-9847163e3fbb,Aldi,3840 Grand Ave,Chino,CA,91710-5419,34.001129150390625,-117.7204818725586,Overture Places 2026-07-22.0,2026-07-22,open
ALDI,b3a31996-3ac7-4d02-8b0f-c67f228e2e1b,Aldi,1850 Main Ct,Chula Vista,CA,91911-6069,32.59343719482422,-117.03524780273438,Overture Places 2026-07-22.0,2026-07-22,open
ALDI,c6eaff9f-7b00-4377-b06a-0ee42e6de8a2,Aldi,40 N 4th Ave,Chula Vista,CA,91910-1013,32.65095138549805,-117.0895004272461,Overture Places 2026-07-22.0,2026-07-22,open
ALDI,86ba2f81-d5db-43be-9f7c-522c8cd6b1df,Aldi,1725 Herndon Ave,Clovis,CA,93611-0530,36.837852478027344,-119.68614959716797,Overture Places 2026-07-22.0,2026-07-22,open
ALDI,c24a8451-9530-4557-9720-750f19680557,Aldi,50180 Cesar Chavez St,Coachella,CA,92236,33.68251037597656,-116.18217468261719,Overture Places 2026-07-22.0,2026-07-22,open
ALDI,85480578-71af-4129-ae79-6d50c6326f0f,Aldi,203 Towne Center Dr,Compton,CA,90220-6447,33.879661560058594,-118.2206039428711,Overture Places 2026-07-22.0,2026-07-22,open
ALDI,9f81033a-9ebb-4a2a-8487-e9163b73d8d4,Aldi,705 N Main St,Corona,CA,92878-1405,33.89035415649414,-117.56300354003906,Overture Places 2026-07-22.0,2026-07-22,open
ALDI,cf987701-6977-44ac-aca9-a095090fecfd,Aldi,1400 N Azusa Ave,Covina,CA,91722-1251,34.104713439941406,-117.90715789794922,Overture Places 2026-07-22.0,2026-07-22,open
ALDI,793152f1-3c4d-4893-becb-e523890d6b2b,Aldi,490 Woollomes Ave,Delano,CA,93215-9567,35.74665069580078,-119.25050354003906,Overture Places 2026-07-22.0,2026-07-22,open
ALDI,8083a29d-3229-4d9e-8235-da0bfc87d654,Aldi,11215 Lakewood Blvd,Downey,CA,90241-5204,33.93492889404297,-118.12520599365234,Overture Places 2026-07-22.0,2026-07-22,open
ALDI,56738083-4722-4c72-a970-4c50bf95af33,Aldi,123 Fletcher Pkwy,El Cajon,CA,92020-2510,32.80674743652344,-116.9632797241211,Overture Places 2026-07-22.0,2026-07-22,open
ALDI,2053ca60-2bcc-4537-a92c-e83b74b58fe9,Aldi,2260 N Imperial Ave,El Centro,CA,92243-1334,32.81422424316406,-115.57135772705078,Overture Places 2026-07-22.0,2026-07-22,open
ALDI,18f852b5-b515-44b7-9400-0983cc8ea3a8,Aldi,333 N El Camino Real,Encinitas,CA,92024-2810,33.05562973022461,-117.26052856445312,Overture Places 2026-07-22.0,2026-07-22,open
ALDI,f533146d-4999-4a20-9bc0-2212f58fca24,Aldi,1330 E Valley Pkwy,Escondido,CA,92027-2312,33.13265609741211,-117.06484985351562,Overture Places 2026-07-22.0,2026-07-22,open
ALDI,43c3f323-0c77-47ed-878c-3edbbf15f824,Aldi,1352 W Valley Pkwy,Escondido,CA,92029-2132,33.11272048950195,-117.10376739501953,Overture Places 2026-07-22.0,2026-07-22,open
ALDI,6107c614-3438-4de8-8a25-35fbc1868db2,Aldi,15080 Summit Ave,Fontana,CA,92336-5496,34.14963150024414,-117.47539520263672,Overture Places 2026-07-22.0,2026-07-22,open
ALDI,6da050cb-fcba-47fc-a22d-1d2acf764db4,Aldi,17070 Magnolia St,Fountain Valley,CA,92708-3217,33.71483612060547,-117.97036743164062,Overture Places 2026-07-22.0,2026-07-22,open
ALDI,f382179e-f4fa-4376-8420-e7e10e3fae03,Aldi,2072 W Shaw Ave,Fresno,CA,93711-3403,36.80946731567383,-119.828125,Overture Places 2026-07-22.0,2026-07-22,open
ALDI,20994d19-cd48-45be-b693-6cecac8b7a9a,Aldi,9901 Chapman Ave,Garden Grove,CA,92841-2712,33.78997039794922,-117.96009063720703,Overture Places 2026-07-22.0,2026-07-22,open
ALDI,6bfec825-c57d-4fb7-a208-a280d6c2a21a,Aldi,1550 W Redondo Beach Blvd,Gardena,CA,90247-3225,33.889610290527344,-118.30371856689453,Overture Places 2026-07-22.0,2026-07-22,open
ALDI,6893ac4a-0601-46c5-a403-943c8bd50c25,Aldi,1251 S Lone Hill Ave,Glendora,CA,91740-4507,34.11716842651367,-117.8306655883789,Overture Places 2026-07-22.0,2026-07-22,open
ALDI,dd96de8c-e3d7-4498-879e-c466cdc7cb53,Aldi,1789 W Lacey Blvd,Hanford,CA,93230-5903,36.32753372192383,-119.67484283447266,Overture Places 2026-07-22.0,2026-07-22,open
ALDI,65c1659a-27f2-4ea5-8362-57b06e5bce8f,Aldi,13360 Main St,Hesperia,CA,92345-9137,34.42780303955078,-117.37202453613281,Overture Places 2026-07-22.0,2026-07-22,open
ALDI,da49f860-f36e-430a-919b-e3f917db4271,Aldi,18667 Bear Valley Rd,Hesperia,CA,92345-5077,34.469905853271484,-117.2574691772461,Overture Places 2026-07-22.0,2026-07-22,open
ALDI,f4792a70-2e2c-49ed-afd3-e77a7bcce63d,Aldi,4020 Highland Ave,Highland,CA,92346,34.137451171875,-117.19853210449219,Overture Places 2026-07-22.0,2026-07-22,open
ALDI,67a8348c-1d81-42a6-8289-813a5b238a4d,Aldi,3330 W Century Blvd,Inglewood,CA,90303-1305,33.94441223144531,-118.32946014404297,Overture Places 2026-07-22.0,2026-07-22,open
ALDI,c118e517-38b8-4b7f-82d2-591229f1be3f,Aldi,6365 Pats Ranch Rd,Jurupa Valley,CA,91752-4431,33.973384857177734,-117.54619598388672,Overture Places 2026-07-22.0,2026-07-22,open
ALDI,ec235261-c8c5-42b3-bbc2-b65b974a2011,Aldi,8089 Mission Blvd,Jurupa Valley,CA,92509,34.013092041015625,-117.46063232421875,Overture Places 2026-07-22.0,2026-07-22,open
ALDI,d4387cf7-3519-4fd0-871c-2aafe81205fc,Aldi,1001 E Imperial Hwy,La Habra,CA,90631-7451,33.91787338256836,-117.93477630615234,Overture Places 2026-07-22.0,2026-07-22,open
ALDI,1d7612d4-0f1c-4744-abfb-249fe816a7e1,Aldi,1545 N Hacienda Blvd,La Puente,CA,91744-1135,34.04807662963867,-117.94743347167969,Overture Places 2026-07-22.0,2026-07-22,open
ALDI,b9dcb8e1-7bb3-46ef-9081-53bf1a9fec7a,Aldi,78601 Highway 111,La Quinta,CA,92253-2068,33.712493896484375,-116.29338073730469,Overture Places 2026-07-22.0,2026-07-22,open
ALDI,f01e907a-a45c-4508-9f8e-5067a22bdc05,Aldi,2268 Foothill Blvd,La Verne,CA,91750-2944,34.11119079589844,-117.76272583007812,Overture Places 2026-07-22.0,2026-07-22,open
ALDI,98835271-643b-413e-bb35-bdebd4764a3c,Aldi,24270 El Toro Rd,Laguna Woods,CA,92637-3435,33.609683990478516,-117.72351837158203,Overture Places 2026-07-22.0,2026-07-22,open
ALDI,010b0128-dbda-4f40-9c70-ba683e34fef6,Aldi,18294 Collier Ave,Lake Elsinore,CA,92530-2754,33.691993713378906,-117.33930969238281,Overture Places 2026-07-22.0,2026-07-22,open
ALDI,bb87d276-6ec8-4909-a90c-87597437f303,Aldi,23330 El Toro Rd,Lake Forest,CA,92630-4807,33.623165130615234,-117.69688415527344,Overture Places 2026-07-22.0,2026-07-22,open
ALDI,2995ce73-230f-41b5-a5ad-d89e8bf72285,Aldi,2014 E Avenue J,Lancaster,CA,93535-6165,34.689273834228516,-118.09394073486328,Overture Places 2026-07-22.0,2026-07-22,open
ALDI,cb2a4b6c-fa68-4927-bd46-6091a74b11cb,Aldi,729 N H St,Lompoc,CA,93436-4520,34.64856719970703,-120.45849609375,Overture Places 2026-07-22.0,2026-07-22,open
ALDI,4b83ca21-39dd-4d96-8856-7f3ea93ad62a,Aldi,4580 Atlantic Ave,Long Beach,CA,90807-1500,33.84215545654297,-118.18353271484375,Overture Places 2026-07-22.0,2026-07-22,open
ALDI,658970de-bd5e-4c9e-8617-373f826615cb,Aldi,955 E Anaheim St,Long Beach,CA,90813-3553,33.782798767089844,-118.180908203125,Overture Places 2026-07-22.0,2026-07-22,open
ALDI,fae14118-c5b8-42db-86e5-a31a753ad75e,Aldi,19350 Nordhoff Way,Los Angeles,CA,91324,34.234092712402344,-118.55630493164062,Overture Places 2026-07-22.0,2026-07-22,open
ALDI,00c00702-5b83-40fb-bd68-d728fb249eeb,Aldi,30163 Haun Rd,Menifee,CA,92584-6825,33.68299865722656,-117.17686462402344,Overture Places 2026-07-22.0,2026-07-22,open
ALDI,74ddbe43-fd03-4248-a46c-59946aa3fa96,Aldi,731 E Huntington Dr,Monrovia,CA,91016-3613,34.141292572021484,-117.9889907836914,Overture Places 2026-07-22.0,2026-07-22,open
ALDI,3678dfd2-b126-42e7-b20e-21a04be743fb,Aldi,12630 Day St,Moreno Valley,CA,92553-7572,33.936737060546875,-117.2761459350586,Overture Places 2026-07-22.0,2026-07-22,open
ALDI,6d7575ee-d353-4d8a-bdd1-8593ff60d9d8,Aldi,24865 Iris Ave,Moreno Valley,CA,92551-7207,33.88833236694336,-117.22642517089844,Overture Places 2026-07-22.0,2026-07-22,open
ALDI,93d51aed-d965-41a8-8854-3ef3fe447f2e,Aldi,28230 Clinton Keith Rd,Murrieta,CA,92563-2465,33.599544525146484,-117.16793060302734,Overture Places 2026-07-22.0,2026-07-22,open
ALDI,010b07ad-8cbe-407e-a83f-748314410e8b,Aldi,39025 Date St,Murrieta,CA,92563,33.552181243896484,-117.14111328125,Overture Places 2026-07-22.0,2026-07-22,open
ALDI,a3cba7e3-6908-4e72-a9ab-de6d7625ef25,Aldi,4251 Oceanside Blvd,Oceanside,CA,92056-3471,33.20793914794922,-117.28187561035156,Overture Places 2026-07-22.0,2026-07-22,open
ALDI,f2487587-c4f1-47fe-b456-ba458e9abf5e,Aldi,1710 E Gonzales Rd,Oxnard,CA,93036-3701,34.21780776977539,-119.15969848632812,Overture Places 2026-07-22.0,2026-07-22,open
ALDI,d34b8d60-85dd-47bf-84cb-9511eded834f,Aldi,635 S Ventura Rd,Oxnard,CA,93030-6506,34.19618606567383,-119.19625091552734,Overture Places 2026-07-22.0,2026-07-22,open
ALDI,b5c1a6ef-8954-4176-a342-72337e3850d3,Aldi,72543 Highway 111,Palm Desert,CA,92260-3306,33.72513961791992,-116.4017562866211,Overture Places 2026-07-22.0,2026-07-22,open
ALDI,09968936-ea21-421e-8ace-010edd65739f,Aldi,5200 E Ramon Rd,Palm Springs,CA,92264-3611,33.81856918334961,-116.49281311035156,Overture Places 2026-07-22.0,2026-07-22,open
ALDI,623ecf43-ebe5-47cf-b898-003fd84b73fd,Aldi,740 W Rancho Vista Blvd,Palmdale,CA,93551-3713,34.600807189941406,-118.14521026611328,Overture Places 2026-07-22.0,2026-07-22,open
ALDI,f1de33fd-05d5-451e-ae7d-31dce7512b58,Aldi,14626 Roscoe Blvd,Panorama City,CA,91402-4105,34.221012115478516,-118.45133972167969,Overture Places 2026-07-22.0,2026-07-22,open
ALDI,fcba6875-bb0e-4b15-a809-0cc9fec763b1,Aldi,80 Citrus Ave,Perris,CA,92571-2730,33.80873107910156,-117.228271484375,Overture Places 2026-07-22.0,2026-07-22,open
ALDI,f8d47568-bfbd-42e7-ab45-2b826bdb553d,Aldi,8950 Washington Blvd,Pico Rivera,CA,90660-3765,33.98226547241211,-118.09883880615234,Overture Places 2026-07-22.0,2026-07-22,open
ALDI,3dfc7065-49b5-43ca-a6cb-f13159dd834c,Aldi,1670 Indian Hill Blvd,Pomona,CA,91767-3728,34.07546615600586,-117.71839141845703,Overture Places 2026-07-22.0,2026-07-22,open
ALDI,2e157e7e-6161-4691-bf20-164306912cce,Aldi,770 S Jaye St,Porterville,CA,93257-5310,36.052364349365234,-119.02588653564453,Overture Places 2026-07-22.0,2026-07-22,open
ALDI,b81b42c0-419d-4611-af4c-9dd9ad17a7a5,Aldi,13440 Poway Rd,Poway,CA,92064-4714,32.95749282836914,-117.03910827636719,Overture Places 2026-07-22.0,2026-07-22,open
ALDI,37ca5fe5-3ab5-4dfe-bad6-ba7986c7abf0,Aldi,215 16th St,Ramona,CA,92065,33.03833770751953,-116.87931060791016,Overture Places 2026-07-22.0,2026-07-22,open
ALDI,6ed21df3-9ec1-4e30-85f0-9b9088e3f0b9,Aldi,11070 Foothill Blvd,Rancho Cucamonga,CA,91730-3821,34.10797882080078,-117.56385803222656,Overture Places 2026-07-22.0,2026-07-22,open
ALDI,c9e14a85-c86d-43a4-98b4-9d836a95c1f1,Aldi,27641 San Bernardino Ave,Redlands,CA,92374,34.07590866088867,-117.20277404785156,Overture Places 2026-07-22.0,2026-07-22,open
ALDI,dfc803ee-445e-4418-9364-73807d9de6ae,Aldi,630 W Foothill Blvd,Rialto,CA,92376-4861,34.107276916503906,-117.38259887695312,Overture Places 2026-07-22.0,2026-07-22,open
ALDI,0059fd66-bc3f-41cf-a24d-ea91f3332baf,Aldi,3750 Tyler St,Riverside,CA,92503-4161,33.91030502319336,-117.46188354492188,Overture Places 2026-07-22.0,2026-07-22,open
ALDI,cf2676b3-f0d7-4d6b-94fb-5c4e7ac9bf55,Aldi,17406 Colima Rd,Rowland Heights,CA,91748,33.9904899597168,-117.92434692382812,Overture Places 2026-07-22.0,2026-07-22,open
ALDI,fd745d02-f2c9-4a29-91d7-2b7fb20c6f56,Aldi,625 E Hospitality Ln,San Bernardino,CA,92408-3539,34.064884185791016,-117.2725601196289,Overture Places 2026-07-22.0,2026-07-22,open
ALDI,2de3bade-3e82-4fac-b58e-984005fa5d4f,Aldi,5270 Balboa Ave,San Diego,CA,92117-6902,32.81977081298828,-117.18286895751953,Overture Places 2026-07-22.0,2026-07-22,open
ALDI,8ab6841c-8c24-4392-9f2e-8ab71a613fe4,Aldi,6755 Mira Mesa Blvd,San Diego,CA,92121-4311,32.90603256225586,-117.1727294921875,Overture Places 2026-07-22.0,2026-07-22,open
ALDI,76dd830d-9d71-4ebd-a987-43bd1ed3b636,Aldi,8788 Navajo Rd,San Diego,CA,92119-2722,32.80433654785156,-117.00777435302734,Overture Places 2026-07-22.0,2026-07-22,open
ALDI,72444c9a-ecd7-420a-b185-a0d6bf9deca1,Aldi,1667 S San Jacinto Ave,San Jacinto,CA,92583-5181,33.76986312866211,-116.9580307006836,Overture Places 2026-07-22.0,2026-07-22,open
ALDI,e2ee5c6e-7bf9-4357-94f2-1f36d0c713fe,Aldi,671 S Rancho Santa Fe Rd,San Marcos,CA,92078-3973,33.13174819946289,-117.20571899414062,Overture Places 2026-07-22.0,2026-07-22,open
ALDI,13686e04-8139-4fce-9588-f1d3b8eaf80f,Aldi,2830 S Bristol St,Santa Ana,CA,92704-6204,33.70885467529297,-117.88677978515625,Overture Places 2026-07-22.0,2026-07-22,open
ALDI,ce459883-713b-4833-bac6-ead4f8f405aa,Aldi,19361 Soledad Canyon Rd,Santa Clarita,CA,91351-2630,34.417091369628906,-118.4742202758789,Overture Places 2026-07-22.0,2026-07-22,open
ALDI,7128a07b-55f0-4f0a-b4a0-3f15f40579d2,Aldi,24860 Orchard Village Rd,Santa Clarita,CA,91355-3054,34.381587982177734,-118.54067993164062,Overture Places 2026-07-22.0,2026-07-22,open
ALDI,baf84072-5c8c-43f6-a0d5-dbbe8642d969,Aldi,13210 Telegraph Rd,Santa Fe Springs,CA,90670-4048,33.94102478027344,-118.05084228515625,Overture Places 2026-07-22.0,2026-07-22,open
ALDI,0138deca-72ae-4099-b31a-b39f44781807,Aldi,425 E Betteravia Rd,Santa Maria,CA,93454-8802,34.925392150878906,-120.42678833007812,Overture Places 2026-07-22.0,2026-07-22,open
ALDI,afb6e2d7-b1eb-4cac-8f2a-57f0ba57f95f,Aldi,3963 Cochran St,Simi Valley,CA,93063-2364,34.28006362915039,-118.71863555908203,Overture Places 2026-07-22.0,2026-07-22,open
ALDI,02c17701-3d62-46a2-b89d-5ea7ca1ccd7f,Aldi,425 Cochran St,Simi Valley,CA,93065-6278,34.28175354003906,-118.78937530517578,Overture Places 2026-07-22.0,2026-07-22,open
ALDI,e57e9521-bac0-4069-894a-10a9c519746a,Aldi,5830 Firestone Blvd,South Gate,CA,90280-3706,33.948020935058594,-118.1639175415039,Overture Places 2026-07-22.0,2026-07-22,open
ALDI,2a134584-cf0c-46a0-8015-b7c595700d02,Aldi,29655 Rancho California Rd,Temecula,CA,92591-5284,33.50627136230469,-117.14217376708984,Overture Places 2026-07-22.0,2026-07-22,open
ALDI,cc18f9c4-f6fa-4b6b-af14-c5ac5e4c7965,Aldi,32130 Temecula Pkwy,Temecula,CA,92592-6801,33.481449127197266,-117.09734344482422,Overture Places 2026-07-22.0,2026-07-22,open
ALDI,88022efa-7038-4537-8814-4588d9b3a925,Aldi,179 N Moorpark Rd,Thousand Oaks,CA,91360-4401,34.18207550048828,-118.87721252441406,Overture Places 2026-07-22.0,2026-07-22,open
ALDI,8861fbce-0e9b-439e-be55-9430b8aecab1,Aldi,24610 Crenshaw Blvd,Torrance,CA,90505-5307,33.80220413208008,-118.3272476196289,Overture Places 2026-07-22.0,2026-07-22,open
ALDI,a735644a-5eca-44c8-be17-4caacef55335,Aldi,4240 Redondo Beach Blvd,Torrance,CA,90504-1030,33.875118255615234,-118.35015869140625,Overture Places 2026-07-22.0,2026-07-22,open
ALDI,fbe1e6bc-3939-49bc-b348-8c70583a4607,Aldi,1091 Irvine Blvd,Tustin,CA,92780-3526,33.749107360839844,-117.80924224853516,Overture Places 2026-07-22.0,2026-07-22,open
ALDI,41b8563b-127f-4bfb-885b-73a57a0a2b0b,Aldi,349 S Mountain Ave,Upland,CA,91786-7032,34.08988952636719,-117.67182922363281,Overture Places 2026-07-22.0,2026-07-22,open
ALDI,45f96715-94ba-4431-81e0-c8b1d6d605fa,Aldi,4717 Telephone Rd,Ventura,CA,93003,34.260738372802734,-119.23451232910156,Overture Places 2026-07-22.0,2026-07-22,open
ALDI,4a7e5bb8-e01d-4ba1-8c7b-06ded0f0fbd6,Aldi,4717 Telephone Rd,Ventura,CA,93003-5242,34.2608757019043,-119.23466491699219,Overture Places 2026-07-22.0,2026-07-22,open
ALDI,3c6501bc-3eda-4f9c-9e02-59c8fd132d64,Aldi,4320 S Mooney Blvd,Visalia,CA,93277-91ND,36.29103088378906,-119.31329345703125,Overture Places 2026-07-22.0,2026-07-22,open
ALDI,d322a24d-c8ec-4be1-9a91-d37982892fcd,Aldi,1750 University Dr,Vista,CA,92083-7772,33.17255783081055,-117.21516418457031,Overture Places 2026-07-22.0,2026-07-22,open
ALDI,768abc62-b313-4920-820a-831c25469117,Aldi,21555 Valley Blvd,Walnut,CA,91789-5229,34.02717208862305,-117.8374252319336,Overture Places 2026-07-22.0,2026-07-22,open
ALDI,b272b617-4cc2-4996-9713-30e0bbe76850,Aldi,22741 Victory Blvd,West Hills,CA,91307-3637,34.18743896484375,-118.62266540527344,Overture Places 2026-07-22.0,2026-07-22,open
ALDI,2d32ac0b-7452-4043-91a7-e987b1415835,Aldi,13900 Goldenwest St,Westminster,CA,92683-3804,33.7603645324707,-118.00685119628906,Overture Places 2026-07-22.0,2026-07-22,open
ALDI,26c5a05f-d668-4513-805e-e66328f22d23,Aldi,15535 Whittier Blvd,Whittier,CA,90603-1339,33.94583511352539,-117.99536895751953,Overture Places 2026-07-22.0,2026-07-22,open
ALDI,e5640431-33b3-473c-bb5a-488057d52dac,Aldi,34000 Yucaipa Blvd,Yucaipa,CA,92399-2012,34.034751892089844,-117.06189727783203,Overture Places 2026-07-22.0,2026-07-22,open
ALDI,7172e562-abb3-420b-8657-c3ed33c09d31,Aldi,57691 Twentynine Palms Hwy,Yucca Valley,CA,92284-3072,34.12548065185547,-116.40545654296875,Overture Places 2026-07-22.0,2026-07-22,open
Albertsons,9d76b94d-9bf1-4ba3-8867-50e0015052a2,Albertsons,2400 W Commonwealth Ave,Alhambra,CA,91803-1305,34.08667755126953,-118.14996337890625,Overture Places 2026-07-22.0,2026-07-22,open
Albertsons,a559c4ca-e626-4f7c-ac42-aa953e82d520,Albertsons,2955 Alpine Blvd,Alpine,CA,91901-2392,32.83335876464844,-116.75017547607422,Overture Places 2026-07-22.0,2026-07-22,open
Albertsons,cd5a4dbf-53ae-4209-9c0d-369a34e5f794,Albertsons,810 S State College Blvd,Anaheim,CA,92806-4663,33.83146667480469,-117.8885726928711,Overture Places 2026-07-22.0,2026-07-22,open
Albertsons,92a91959-88c4-4cf0-b380-a64f61cdfc7f,Albertsons Pharmacy,20261 Hwy 18,Apple Valley,CA,92307,34.525169372558594,-117.22032928466797,Overture Places 2026-07-22.0,2026-07-22,open
Albertsons,525cf8c8-724d-4a2e-a510-b702b91867c5,Albertsons,20261 US Highway 18,Apple Valley,CA,92307-2953,34.52506637573242,-117.2203598022461,Overture Places 2026-07-22.0,2026-07-22,open
Albertsons,ea7efa69-e5bf-442c-b7a9-deaee074cd62,Albertsons,298 E Live Oak Ave,Arcadia,CA,91006-5629,34.107723236083984,-118.02332305908203,Overture Places 2026-07-22.0,2026-07-22,open
Albertsons,2fee580a-e99f-4ef0-a758-2b1feb402617,Albertsons,13045 Rosedale Hwy,Bakersfield,CA,93314-9496,35.38209915161133,-119.14627838134766,Overture Places 2026-07-22.0,2026-07-22,open
Albertsons,7a9f8f4a-37a0-49e7-81c2-e1f67adb9b9d,Albertsons,1520 Brundage Ln,Bakersfield,CA,93304-2949,35.35531234741211,-119.01954650878906,Overture Places 2026-07-22.0,2026-07-22,open
Albertsons,7c30779d-7a9f-4591-8415-2d8be574f963,Albertsons,2691 Mt Vernon Ave,Bakersfield,CA,93306-2921,35.39612579345703,-118.96600341796875,Overture Places 2026-07-22.0,2026-07-22,open
Albertsons,baaf3d3e-2e06-487f-8de4-8faeb55f0801,Albertsons,3500 Panama Ln,Bakersfield,CA,93313-3587,35.29657745361328,-119.04125213623047,Overture Places 2026-07-22.0,2026-07-22,open
Albertsons,c3e4919b-74e2-4d7a-9a88-940ce4a2c5e7,Albertsons,6045 Coffee Rd,Bakersfield,CA,93308-9414,35.41392517089844,-119.09394073486328,Overture Places 2026-07-22.0,2026-07-22,open
Albertsons,3d419d66-8df3-4d11-983d-b09121db9ca9,Albertsons,7900 White Ln,Bakersfield,CA,93309-7686,35.319339752197266,-119.09036254882812,Overture Places 2026-07-22.0,2026-07-22,open
Albertsons,5cf9db8f-329d-4177-9bf5-c4892dbd9252,Albertsons,8200 Stockdale Hwy,Bakersfield,CA,93311-1000,35.35578918457031,-119.09378814697266,Overture Places 2026-07-22.0,2026-07-22,open
Albertsons,59d0a939-6fd1-470b-90bd-e294530c2faf,Albertsons,300 S Highland Springs Ave,Banning,CA,92220-6501,33.92486572265625,-116.94487762451172,Overture Places 2026-07-22.0,2026-07-22,open
Albertsons,abe36b3c-f101-418b-b4d0-babcdc9a3d0f,Albertsons,840 E Hobson Way,Blythe,CA,92225-1800,33.609439849853516,-114.58726501464844,Overture Places 2026-07-22.0,2026-07-22,open
Albertsons,0b39dcaf-06c4-4f95-968c-c2e5d17f388e,Albertsons,2500 E Imperial Hwy,Brea,CA,92821-6115,33.910037994384766,-117.86529541015625,Overture Places 2026-07-22.0,2026-07-22,open
Albertsons,e4f8d2e0-4545-4f21-b7fc-538acfa2a74d,Albertsons,222 E CA-246,Buellton,CA,93427-9654,34.609615325927734,-120.18842315673828,Overture Places 2026-07-22.0,2026-07-22,open
Albertsons,77ee7b26-16b4-4732-abaf-cfac40c0fbbc,Albertsons,8880 Valley View St,Buena Park,CA,90620-3562,33.83382034301758,-118.02735900878906,Overture Places 2026-07-22.0,2026-07-22,open
Albertsons,581ddf21-b91a-4e0c-8604-3f119cea80cf,Albertsons,26521 Agoura Rd,Calabasas,CA,91302-1958,34.14474868774414,-118.6997299194336,Overture Places 2026-07-22.0,2026-07-22,open
Albertsons,52ea336d-a5b2-4d55-adb4-29783d10e8e2,Albertsons,1018 Casitas Pass Rd,Carpinteria,CA,93013-2109,34.39497375488281,-119.51219940185547,Overture Places 2026-07-22.0,2026-07-22,open
Albertsons,84adb190-0cf2-4f84-a70a-3e82ef34aa03,Albertsons,200 E Sepulveda Blvd,Carson,CA,90745-6323,33.80647659301758,-118.27268981933594,Overture Places 2026-07-22.0,2026-07-22,open
Albertsons,2380ab90-2dc1-4c0c-af01-cdc2e70c4a89,Albertsons,12013 Central Ave,Chino,CA,91710-1908,34.034912109375,-117.68798065185547,Overture Places 2026-07-22.0,2026-07-22,open
Albertsons,f9d72375-b2e3-4de0-9366-1415012e5fcd,Albertsons,15970 Los Serranos Country Club Dr,Chino Hills,CA,91709-4523,33.961761474609375,-117.69548797607422,Overture Places 2026-07-22.0,2026-07-22,open
Albertsons,ffbd15a0-c695-470e-93be-93f807519cf5,Albertsons,3255 Grand Ave,Chino Hills,CA,91709-1488,34.00104904174805,-117.73428344726562,Overture Places 2026-07-22.0,2026-07-22,open
Albertsons,2c752db8-22f3-4506-98b4-af95bc89c997,Albertsons,720 3rd Ave,Chula Vista,CA,91910-5804,32.62648391723633,-117.07567596435547,Overture Places 2026-07-22.0,2026-07-22,open
Albertsons,c85d6e7e-2ff5-4e67-8d63-cf1f4e349671,Albertsons,1260 E Ontario Ave,Corona,CA,92881-3600,33.84680938720703,-117.5423812866211,Overture Places 2026-07-22.0,2026-07-22,open
Albertsons,58ba1aa4-6374-4260-9440-fd9fedceb13c,Albertsons,260 W Foothill Pkwy,Corona,CA,92882-8540,33.843711853027344,-117.57430267333984,Overture Places 2026-07-22.0,2026-07-22,open
Albertsons,b69b13b1-3440-44c4-b262-b8ba6c144950,Albertsons Pharmacy,7070 Archibald Ave,Corona,CA,92880,33.95943832397461,-117.59172821044922,Overture Places 2026-07-22.0,2026-07-22,open
Albertsons,815b49f5-3537-4bd2-ae1a-75b5a99567bb,Albertsons,33601 Del Obispo St,Dana Point,CA,92629-2103,33.47506332397461,-117.68624877929688,Overture Places 2026-07-22.0,2026-07-22,open
Albertsons,82ca070d-b696-4dfe-af55-fa113565fafc,Albertsons,1235 S Diamond Bar Blvd,Diamond Bar,CA,91765-4121,34.00019454956055,-117.8127670288086,Overture Places 2026-07-22.0,2026-07-22,open
Albertsons,f8d49795-2b5d-4995-8f25-6998fcd9c744,Albertsons,7676 Firestone Blvd,Downey,CA,90241-4206,33.945518493652344,-118.1442642211914,Overture Places 2026-07-22.0,2026-07-22,open
Albertsons,bf86e818-6d0b-46b9-a013-42a0788faf95,Albertsons,7070 S Archibald Ave,Eastvale,CA,92880-8718,33.95973205566406,-117.59173583984375,Overture Places 2026-07-22.0,2026-07-22,open
Albertsons,1b287cfd-973e-4071-8969-0acc81922810,Albertsons,1608 Broadway,El Cajon,CA,92021-5201,32.809322357177734,-116.9203872680664,Overture Places 2026-07-22.0,2026-07-22,open
Albertsons,6d022389-1b2b-40e2-91c0-6d6c03053a93,Albertsons,2901 Jamacha Rd,El Cajon,CA,92019-4342,32.7392463684082,-116.9377670288086,Overture Places 2026-07-22.0,2026-07-22,open
Albertsons,8f693398-711a-4c14-acf7-ad75fd40c735,Albertsons,1509 E Valley Pkwy,Escondido,CA,92027-2315,33.131614685058594,-117.059326171875,Overture Places 2026-07-22.0,2026-07-22,open
Albertsons,9558cb70-0549-4d33-90aa-495289440b62,Albertsons,1570 W Valley Pkwy,Escondido,CA,92029-2140,33.10879135131836,-117.1057357788086,Overture Places 2026-07-22.0,2026-07-22,open
Albertsons,abfd1d1e-6022-4782-9136-e1e1aafd8a43,Albertsons,1133 S Mission Rd,Fallbrook,CA,92028-3222,33.37171173095703,-117.2555160522461,Overture Places 2026-07-22.0,2026-07-22,open
Albertsons,9f9c121a-581f-4f20-a9a9-997ff279c478,Albertsons,16061 Brookhurst St,Fountain Valley,CA,92708-1544,33.729042053222656,-117.95647430419922,Overture Places 2026-07-22.0,2026-07-22,open
Albertsons,f4d2344a-3af4-476c-9de1-73ab38e941b9,Albertsons,18579 Brookhurst St,Fountain Valley,CA,92708-6746,33.69310760498047,-117.95614624023438,Overture Places 2026-07-22.0,2026-07-22,open
Albertsons,783e527a-9a7e-4316-89b3-d07173301fb5,Albertsons,1930 N Placentia Ave,Fullerton,CA,92831-1522,33.890018463134766,-117.87260437011719,Overture Places 2026-07-22.0,2026-07-22,open
Albertsons,0582318f-ad44-4acf-9e94-ea741d6298ee,Albertsons,2291 W Malvern Ave,Fullerton,CA,92833-2106,33.87831115722656,-117.96568298339844,Overture Places 2026-07-22.0,2026-07-22,open
Albertsons,009b3b97-fc4a-4eaa-a651-bda57c32f671,Albertsons,1735 W Artesia Blvd,Gardena,CA,90248-3220,33.874107360839844,-118.30810546875,Overture Places 2026-07-22.0,2026-07-22,open
Albertsons,ce1922a2-ec1a-42fd-a5d8-d4d772b25a1b,Albertsons,133 Historic Route 66,Glendora,CA,91740-6208,34.12977981567383,-117.86498260498047,Overture Places 2026-07-22.0,2026-07-22,open
Albertsons,bf1ed3fc-26e3-49bd-8315-b8e41b3add3c,Albertsons,5801 Calle Real,Goleta,CA,93117-2300,34.44081115722656,-119.82622528076172,Overture Places 2026-07-22.0,2026-07-22,open
Albertsons,fa1d9e9c-54e0-4492-8076-744e1667a605,Albertsons,7127 Hollister Ave,Goleta,CA,93117-2857,34.428165435791016,-119.87650299072266,Overture Places 2026-07-22.0,2026-07-22,open
Albertsons,85ddda20-5eab-445c-a5f6-1f0c9123b251,Vons Bakery,715 Pier Ave,Hermosa Beach,CA,90254-3941,33.865962982177734,-118.39449310302734,Overture Places 2026-07-22.0,2026-07-22,open
Albertsons,bf7310fd-4cc8-4968-90bf-ee17fecfcd48,Albertsons,7201 Boulder Ave,Highland,CA,92346-3313,34.12373352050781,-117.19364929199219,Overture Places 2026-07-22.0,2026-07-22,open
Albertsons,87918397-8d48-4b09-b1ee-c9007ba36ea2,Albertsons,16600 Bolsa Chica St,Huntington Beach,CA,92649-3583,33.72133255004883,-118.0406494140625,Overture Places 2026-07-22.0,2026-07-22,open
Albertsons,3baa4d6a-6a8e-4189-9b1d-b2b41d0fc46d,Albertsons,19640 Beach Blvd,Huntington Beach,CA,92648-2905,33.67716598510742,-117.98723602294922,Overture Places 2026-07-22.0,2026-07-22,open
Albertsons,36904911-f829-45fb-b128-f20f9238c689,Albertsons,7201 Yorktown Ave,Huntington Beach,CA,92648-2465,33.680721282958984,-118.00276184082031,Overture Places 2026-07-22.0,2026-07-22,open
Albertsons,48c505cd-0401-48c8-b5a6-b4774c11b668,Albertsons,14201 Jeffrey Rd,Irvine,CA,92620-3405,33.69525909423828,-117.76528930664062,Overture Places 2026-07-22.0,2026-07-22,open
Albertsons,997e2bc2-25d3-4fbd-9fa6-7e3898c4b390,Albertsons,4541 Campus Dr,Irvine,CA,92612-2621,33.64985275268555,-117.83132934570312,Overture Places 2026-07-22.0,2026-07-22,open
Albertsons,9d67f716-1489-434e-8772-a7818e071daa,Albertsons,6601 Quail Hill Pkwy,Irvine,CA,92603-4232,33.65567398071289,-117.7782974243164,Overture Places 2026-07-22.0,2026-07-22,open
Albertsons,e1854b16-22cb-465c-8623-6f896f5d2be4,Albertsons,1800 W Whittier Blvd,La Habra,CA,90631-3623,33.93860626220703,-117.96636962890625,Overture Places 2026-07-22.0,2026-07-22,open
Albertsons,4887571d-e115-4dec-a1f2-8996533e45aa,Pavilions Bakery,7544 Girard Ave,La Jolla,CA,92037-5101,32.841732025146484,-117.27364349365234,Overture Places 2026-07-22.0,2026-07-22,open
Albertsons,0f121615-63e7-4f9d-9e9f-cb54d53619e7,Albertsons,8920 Fletcher Pkwy,La Mesa,CA,91942-3231,32.7861442565918,-117.0052261352539,Overture Places 2026-07-22.0,2026-07-22,open
Albertsons,b4fbc573-f449-4276-9593-ebd4811f12cb,Albertsons,15200 Rosecrans Ave,La Mirada,CA,90638-4735,33.89718246459961,-118.00763702392578,Overture Places 2026-07-22.0,2026-07-22,open
Albertsons,bd134b5c-a0a9-4c0a-af37-35f508e859a5,Albertsons,27702 Crown Valley Pkwy,Ladera Ranch,CA,92694-0608,33.56257247924805,-117.646484375,Overture Places 2026-07-22.0,2026-07-22,open
Albertsons,c4084804-4116-43b1-bb40-9067431227f5,Albertsons,29941 Alicia Pkwy,Laguna Niguel,CA,92677-2091,33.52824783325195,-117.71761322021484,Overture Places 2026-07-22.0,2026-07-22,open
Albertsons,ff2b724c-bebd-4df4-bd41-f2eff17529d7,Albertsons,30241 Street of the Golden Lantern,Laguna Niguel,CA,92677-5979,33.5240478515625,-117.68765258789062,Overture Places 2026-07-22.0,2026-07-22,open
Albertsons,2e7bea7c-d057-4cad-8b23-bad14bcac9b8,Albertsons,30901 Riverside Dr,Lake Elsinore,CA,92530-4934,33.68601608276367,-117.36676025390625,Overture Places 2026-07-22.0,2026-07-22,open
Albertsons,9343a3a0-3b40-4c44-8219-252d76821a36,Albertsons,24251 Muirlands Blvd,Lake Forest,CA,92630-3001,33.63026809692383,-117.70630645751953,Overture Places 2026-07-22.0,2026-07-22,open
Albertsons,299f9fb0-d353-4301-ac32-78f235238700,Albertsons,9560 Winter Gardens Blvd,Lakeside,CA,92040-4033,32.851470947265625,-116.93245697021484,Overture Places 2026-07-22.0,2026-07-22,open
Albertsons,6e823d5c-4fe6-4d7f-8b03-33e2995a4546,Albertsons,5015 Del Amo Blvd,Lakewood,CA,90712-2505,33.84780502319336,-118.13450622558594,Overture Places 2026-07-22.0,2026-07-22,open
Albertsons,71b6f592-8129-4783-be94-37d1f9c64d51,Albertsons,43543 20th St W,Lancaster,CA,93534-5961,34.6738166809082,-118.16748046875,Overture Places 2026-07-22.0,2026-07-22,open
Albertsons,638e5f86-5863-454d-98d8-8a8e616a2226,Albertsons,7090 Broadway,Lemon Grove,CA,91945-1406,32.74366760253906,-117.04528045654297,Overture Places 2026-07-22.0,2026-07-22,open
Albertsons,5458c200-4550-49e7-b2e7-a0556e7616fa,Albertsons,101 E Willow St,Long Beach,CA,90806-2620,33.80550765991211,-118.19221496582031,Overture Places 2026-07-22.0,2026-07-22,open
Albertsons,e0904205-cc27-45bc-bedf-5511ccf3a7b3,Albertsons,2035 Hillhurst Ave,Los Angeles,CA,90027-2702,34.10899353027344,-118.28790283203125,Overture Places 2026-07-22.0,2026-07-22,open
Albertsons,eddf42b0-a265-442a-84bb-0d4a660fcfea,Vons Floral,3118 S Sepulveda Blvd,Los Angeles,CA,90034-4204,34.026588439941406,-118.42697143554688,Overture Places 2026-07-22.0,2026-07-22,open
Albertsons,d43f9907-6c55-430a-9ea8-0595fec14ae2,Albertsons,3901 Crenshaw Blvd,Los Angeles,CA,90008-2522,34.01396560668945,-118.33573913574219,Overture Places 2026-07-22.0,2026-07-22,open
Albertsons,e8557ff2-b788-4737-8cdd-c1d59213c30a,Albertsons,23072 Alicia Pkwy,Mission Viejo,CA,92692-1636,33.62759780883789,-117.63578796386719,Overture Places 2026-07-22.0,2026-07-22,open
Albertsons,2fdfdfb7-bc8f-4798-b437-32a7ea425d1a,Albertsons,2469 Via Campo,Montebello,CA,90640-1805,34.03124237060547,-118.12250518798828,Overture Places 2026-07-22.0,2026-07-22,open
Albertsons,812838f3-dfab-4c32-a44e-e2b7cbe448a0,Albertsons,730 Quintana Rd,Morro Bay,CA,93442-1940,35.367645263671875,-120.84439086914062,Overture Places 2026-07-22.0,2026-07-22,open
Albertsons,82be53ac-4123-411a-bd78-456869416ce7,Albertsons,28047 Scott Rd,Murrieta,CA,92563-7428,33.639617919921875,-117.16962432861328,Overture Places 2026-07-22.0,2026-07-22,open
Albertsons,b71967d9-1e4d-4fb7-bcae-74b329a8acfb,Albertsons,41000 California Oaks Rd,Murrieta,CA,92562-5749,33.56712341308594,-117.20402526855469,Overture Places 2026-07-22.0,2026-07-22,open
Albertsons,a35fa251-85f0-4027-afa6-7991edea7630,Albertsons,541 S Reino Rd,Newbury Park,CA,91320-4268,34.16939926147461,-118.9560546875,Overture Places 2026-07-22.0,2026-07-22,open
Albertsons,cb1f0646-8be4-45cb-b64f-18af7477cbb0,Albertsons,9022 Balboa Blvd,Northridge,CA,91325-2610,34.2345085144043,-118.50150299072266,Overture Places 2026-07-22.0,2026-07-22,open
Albertsons,7fd804be-612a-4ef3-8421-48cd923f3d12,Albertsons,3450 Marron Rd,Oceanside,CA,92056-4672,33.17928695678711,-117.29634094238281,Overture Places 2026-07-22.0,2026-07-22,open
Albertsons,823ddb5a-cb86-42dd-b5ce-1b73c8308d4d,Albertsons,3925 Mission Ave,Oceanside,CA,92058-7803,33.22764587402344,-117.323974609375,Overture Places 2026-07-22.0,2026-07-22,open
Albertsons,7f839667-0a75-4663-9943-d6e2dfca5684,Albertsons,4150 Oceanside Blvd,Oceanside,CA,92056-6003,33.207645416259766,-117.28717803955078,Overture Places 2026-07-22.0,2026-07-22,open
Albertsons,24b1b215-c4ae-4276-b8e8-b3e5025ece4c,Albertsons,4550 E Chapman Ave,Orange,CA,92869-4109,33.786865234375,-117.80420684814453,Overture Places 2026-07-22.0,2026-07-22,open
Albertsons,a2025e5e-782f-4f52-8f1f-9fd43473c1fe,Albertsons,8440 E Chapman Ave,Orange,CA,92869-2459,33.791805267333984,-117.763427734375,Overture Places 2026-07-22.0,2026-07-22,open
Albertsons,339a67ad-7f98-493b-bbc9-e6ee32ab7618,Albertsons,940 N Tustin St,Orange,CA,92867-5956,33.80319595336914,-117.83773803710938,Overture Places 2026-07-22.0,2026-07-22,open
Albertsons,c260d1af-7b41-4845-9971-bdd0c43997d4,Albertsons,42095 Washington St,Palm Desert,CA,92211-8017,33.74293518066406,-116.30514526367188,Overture Places 2026-07-22.0,2026-07-22,open
Albertsons,c61bef8c-9412-4f93-9229-351ff3e7233d,Albertsons,74590 Highway 111,Palm Desert,CA,92260-3804,33.72279357910156,-116.36356353759766,Overture Places 2026-07-22.0,2026-07-22,open
Albertsons,1b22c896-73ba-4ac5-8270-01fcfc0eeba3,Albertsons,1751 Sunrise Way,Palm Springs,CA,92262,33.847042083740234,-116.52940368652344,Overture Places 2026-07-22.0,2026-07-22,open
Albertsons,cf5483dd-4d73-4fdd-91ed-b70f68680e6a,Albertsons,38727 Tierra Subida Ave,Palmdale,CA,93551-4248,34.5860710144043,-118.14881896972656,Overture Places 2026-07-22.0,2026-07-22,open
Albertsons,88b38b23-aeaf-43b6-b109-4fa00d17fd77,Albertsons,189 Niblick Rd,Paso Robles,CA,93446-4845,35.616607666015625,-120.68119812011719,Overture Places 2026-07-22.0,2026-07-22,open
Albertsons,6c9e7e86-8786-44b8-b127-a6ee24fd3785,Albertsons Companies Corporate Office Pleasanton,11555 Dublin Canyon Rd,Pleasanton,CA,94588-2815,37.696678161621094,-121.93827056884766,Overture Places 2026-07-22.0,2026-07-22,open
Albertsons,8c166a85-a294-4d07-a438-466ba29f25be,Albertsons,1459 Main St,Ramona,CA,92065-2128,33.039424896240234,-116.87718200683594,Overture Places 2026-07-22.0,2026-07-22,open
Albertsons,9ec8f9e1-f874-4eaf-8469-c56ad8af1b6c,Albertsons,11358 Kenyon Way,Rancho Cucamonga,CA,91701-9231,34.135398864746094,-117.55717468261719,Overture Places 2026-07-22.0,2026-07-22,open
Albertsons,b617581f-a1a1-4ae7-9969-5fb3e7a81844,Albertsons,8850 Foothill Blvd,Rancho Cucamonga,CA,91730-3305,34.10786819458008,-117.61219024658203,Overture Places 2026-07-22.0,2026-07-22,open
Albertsons,90ecfc9b-a134-4ca8-95f5-7584c41c5ff1,Albertsons,40101 Monterey Ave,Rancho Mirage,CA,92270-3208,33.75723648071289,-116.39192199707031,Overture Places 2026-07-22.0,2026-07-22,open
Albertsons,48dda94c-ad3f-40e5-95c5-2a20915505b6,Albertsons,450 E Cypress Ave,Redlands,CA,92373-6115,34.048641204833984,-117.17097473144531,Overture Places 2026-07-22.0,2026-07-22,open
Albertsons,d321c42a-516b-4d45-8662-23cbccb2191d,Albertsons,19307 Saticoy St,Reseda,CA,91335-2330,34.20951461791992,-118.55416870117188,Overture Places 2026-07-22.0,2026-07-22,open
Albertsons,d037d324-b446-4b00-a996-e66a01bd3c10,Albertsons,1301 N Norma St,Ridgecrest,CA,93555-2508,35.64474868774414,-117.67927551269531,Overture Places 2026-07-22.0,2026-07-22,open
Albertsons,3d28f8a7-fd40-423d-8e9b-97f386cb4b17,Albertsons,927 S China Lake Blvd,Ridgecrest,CA,93555-6315,35.60533142089844,-117.67472076416016,Overture Places 2026-07-22.0,2026-07-22,open
Albertsons,b801bd39-ff22-44f5-a40e-4bafa05458c1,Albertsons,2975 Van Buren Blvd,Riverside,CA,92503-5672,33.90978240966797,-117.43630981445312,Overture Places 2026-07-22.0,2026-07-22,open
Albertsons,6d21ef98-36f8-403d-b2b7-e54225853200,Albertsons,8938 Trautwein Rd,Riverside,CA,92508-9191,33.89011001586914,-117.32319641113281,Overture Places 2026-07-22.0,2026-07-22,open
Albertsons,fab5a0b2-b75e-41d6-b232-712091285d07,Albertsons,2547 W Rosamond Blvd,Rosamond,CA,93560-7891,34.86543655395508,-118.17666625976562,Overture Places 2026-07-22.0,2026-07-22,open
Albertsons,69d9f4fd-22c6-4016-a3cc-c42f246cc355,Albertsons,804 Avenida Pico,San Clemente,CA,92673-5624,33.442726135253906,-117.61404418945312,Overture Places 2026-07-22.0,2026-07-22,open
Albertsons,fecafdeb-200b-41cd-aa95-c554971b3117,Albertsons,12475 Rancho Bernardo Rd,San Diego,CA,92128-2143,33.01771545410156,-117.06173706054688,Overture Places 2026-07-22.0,2026-07-22,open
Albertsons,72072458-7fe6-4e78-8d92-e20cb0dc7ac7,Albertsons,655 14th St,San Diego,CA,92101-7584,32.71233367919922,-117.15135192871094,Overture Places 2026-07-22.0,2026-07-22,open
Albertsons,45826e53-e099-4011-8917-b2dc85dcdc44,Albertsons,8650 Lake Murray Blvd,San Diego,CA,92119-2828,32.801639556884766,-117.01307678222656,Overture Places 2026-07-22.0,2026-07-22,open
Albertsons,1e8c3f54-a892-4ae4-8669-5d627a8ed37d,Albertsons,220 E Bonita Ave,San Dimas,CA,91773-3186,34.10603713989258,-117.80379486083984,Overture Places 2026-07-22.0,2026-07-22,open
Albertsons,365f23f9-d27e-4747-9f80-72d9075f6d48,Albertsons,151 Woodland Pkwy,San Marcos,CA,92069-3010,33.14009475708008,-117.13845825195312,Overture Places 2026-07-22.0,2026-07-22,open
Albertsons,8bd1cbd8-07d8-4ec4-8922-841d2b627031,Albertsons,1571 San Elijo Rd N,San Marcos,CA,92078,33.096900939941406,-117.1999740600586,Overture Places 2026-07-22.0,2026-07-22,open
Albertsons,a5d2630c-8b24-44ed-8f83-c57c03e368fc,Albertsons,1929 W San Marcos Blvd,San Marcos,CA,92078-3903,33.131832122802734,-117.21078491210938,Overture Places 2026-07-22.0,2026-07-22,open
Albertsons,07cb4dec-6d42-46de-a195-5a85a9baf97b,Albertsons,28090 S Western Ave,San Pedro,CA,90732-1246,33.76481246948242,-118.30998992919922,Overture Places 2026-07-22.0,2026-07-22,open
Albertsons,4c3354f0-90d8-4d0e-b103-a958955b099a,Albertsons,2000 E 17th St,Santa Ana,CA,92705-8647,33.758785247802734,-117.83834075927734,Overture Places 2026-07-22.0,2026-07-22,open
Albertsons,a69fe23c-1dd0-42e7-b5e4-ade06f502e15,Pavilions Bakery,1040 Coast Village Rd,Santa Barbara,CA,93108-2715,34.422786712646484,-119.651123046875,Overture Places 2026-07-22.0,2026-07-22,open
Albertsons,e790e7b4-28cc-4f17-870b-a101869c7586,Albertsons,23850 Copper Hill Dr,Santa Clarita,CA,91354-1701,34.4625244140625,-118.55672454833984,Overture Places 2026-07-22.0,2026-07-22,open
Albertsons,1c0fd853-e1b2-429b-a2de-14fd901629a6,Albertsons,27631 Bouquet Canyon Rd,Santa Clarita,CA,91350-1793,34.44391632080078,-118.51190948486328,Overture Places 2026-07-22.0,2026-07-22,open
Albertsons,a3404d72-f43c-4a46-bb1f-45335a3ba559,Albertsons,1120 E Clark Ave,Santa Maria,CA,93455-5123,34.86370849609375,-120.41728973388672,Overture Places 2026-07-22.0,2026-07-22,open
Albertsons,d80b1cae-1d10-4292-b6e0-6a5d9ed4c6c9,Albertsons,2320 S Broadway,Santa Maria,CA,93454-7816,34.9182014465332,-120.43450164794922,Overture Places 2026-07-22.0,2026-07-22,open
Albertsons,86afffe0-4582-4c4b-89e1-3a6b2ffad76d,U-T kiosk at Albertsons,9870 N Magnolia Ave,Santee,CA,92071-1901,32.85648727416992,-116.97211456298828,Overture Places 2026-07-22.0,2026-07-22,open
Albertsons,ba2fd09d-8e9e-4502-b4ed-9385766f115a,Albertsons,1268 Madera Rd,Simi Valley,CA,93065-4002,34.261688232421875,-118.79496765136719,Overture Places 2026-07-22.0,2026-07-22,open
Albertsons,e2f7b0e0-8e2d-4202-9c80-4ce11f47b5bb,Albertsons,543 Sweetwater Rd,Spring Valley,CA,91977-5627,32.70808029174805,-117.00872802734375,Overture Places 2026-07-22.0,2026-07-22,open
Albertsons,7bac36dd-fa09-4faa-ae23-462623802af8,Albertsons,9831 Campo Rd,Spring Valley,CA,91977,32.74699783325195,-116.9840316772461,Overture Places 2026-07-22.0,2026-07-22,open
Albertsons,95f4837b-c97a-4966-bd30-bf5f1caf3f0a,Albertsons,1044 Kern St,Taft,CA,93268-2739,35.146453857421875,-119.46627044677734,Overture Places 2026-07-22.0,2026-07-22,open
Albertsons,c55d4e16-b3b5-4f40-ac2c-6cfbadf7eba1,Albertsons,775 Tucker Rd,Tehachapi,CA,93561-2502,35.125667572021484,-118.46939086914062,Overture Places 2026-07-22.0,2026-07-22,open
Albertsons,60f9c2a1-583f-4a67-ba75-851673ea386e,Albertsons,30530 Rancho California Rd,Temecula,CA,92591-3277,33.509986877441406,-117.12714385986328,Overture Places 2026-07-22.0,2026-07-22,open
Albertsons,90d973ef-6385-4c89-83bf-f8f884bda431,Albertsons,31960 US Highway 79 S,Temecula,CA,92592-5897,33.481964111328125,-117.1003646850586,Overture Places 2026-07-22.0,2026-07-22,open
Albertsons,89cd5460-5474-47db-8f7b-8cf730c92d4f,Albertsons,13270 Newport Ave,Tustin,CA,92780-3410,33.74535369873047,-117.8130111694336,Overture Places 2026-07-22.0,2026-07-22,open
Albertsons,a78cdbc5-f6a8-4ace-a998-3b0d885d0e3b,Albertsons,1910 N Campus Ave,Upland,CA,91784-1667,34.13127136230469,-117.63766479492188,Overture Places 2026-07-22.0,2026-07-22,open
Albertsons,b7480218-43bc-445b-966b-668c428761e9,Albertsons,1301 E Vista Way,Vista,CA,92084-4041,33.21842956542969,-117.22451782226562,Overture Places 2026-07-22.0,2026-07-22,open
Albertsons,5aa3208b-07c2-4258-b9f7-2132e740d1ad,Albertsons,1601 S Melrose Dr,Vista,CA,92081-5471,33.16675567626953,-117.24810028076172,Overture Places 2026-07-22.0,2026-07-22,open
Albertsons,5543cc74-69c0-49dd-a9b9-94cc81f95b40,Albertsons,955 Carlsbad Village Dr,Vista,CA,92081,33.204368591308594,-117.23820495605469,Overture Places 2026-07-22.0,2026-07-22,open
Albertsons,df0ce32d-723f-4141-8437-e4819fcd7605,Albertsons,6755 Westminster Blvd,Westminster,CA,92683-3706,33.76111602783203,-118.00920867919922,Overture Places 2026-07-22.0,2026-07-22,open
Albertsons,39ef3adb-19f3-4bfa-8702-c5139db8b24f,Albertsons,23893 Clinton Keith Rd,Wildomar,CA,92595-7894,33.595821380615234,-117.24150085449219,Overture Places 2026-07-22.0,2026-07-22,open
El Super,32f47f8f-0c32-4055-902d-303b16808dd8,Anaheim – Ball,1221 S. ANAHEIM BLVD.,ANAHEIM,CA,92805,33.816612243652344,-117.90858459472656,Overture Places 2026-07-22.0,2026-07-22,open
El Super,7dca47bc-2caa-4384-8ad0-fab25c478294,Fontana – Foothill,16950 FOOTHILL BLVD.,FONTANA,CA,92335,34.10812759399414,-117.43450164794922,Overture Places 2026-07-22.0,2026-07-22,open
El Super,e9ed9cd9-a074-4bfe-abf0-83ccd463eb77,Fontana – Sierra,9850 SIERRA AVE.,FONTANA,CA,92335,34.07461929321289,-117.43766021728516,Overture Places 2026-07-22.0,2026-07-22,open
El Super,cd9c9552-69c4-43bf-b00d-9a51ffc0db4b,Fresno – Tulare,3190 E. TULARE ST.,FRESNO,CA,93702,36.74225616455078,-119.77091217041016,Overture Places 2026-07-22.0,2026-07-22,open
El Super,1903c689-2b9d-4513-a763-9487fdb45a20,Slauson,1100 W. SLAUSON AVE.,LOS ANGELES,CA,90044,33.98875045776367,-118.29348754882812,Overture Places 2026-07-22.0,2026-07-22,open
El Super,19299fec-e169-4291-b602-e3705455774f,Gage,1301 E. GAGE AVE.,LOS ANGELES,CA,90001,33.98252487182617,-118.2515869140625,Overture Places 2026-07-22.0,2026-07-22,open
El Super,0f29dbb3-3809-4a1e-aedb-44e858ce2d9a,Cesar,3405 E. CESAR CHAVEZ AVE,LOS ANGELES,CA,90063,34.041526794433594,-118.19193267822266,Overture Places 2026-07-22.0,2026-07-22,open
El Super,7fca1f8c-8b0a-4111-b575-b758dec8f9bb,Highland Park,5610 YORK BLVD.,LOS ANGELES,CA,90042,34.11901092529297,-118.19632720947266,Overture Places 2026-07-22.0,2026-07-22,open
El Super,a94d8b92-8538-44d8-9b83-2503c274fce1,Vermont,888 S. VERMONT AVE,LOS ANGELES,CA,90005,34.05603790283203,-118.29141235351562,Overture Places 2026-07-22.0,2026-07-22,open
El Super,623c50e4-9f9b-42ef-b4c7-9069fbb28092,No. Hollywood,12727 SHERMAN WAY,N. HOLLYWOOD,CA,91605,34.202545166015625,-118.4104995727539,Overture Places 2026-07-22.0,2026-07-22,open
El Super,58d83618-315f-4a77-9ace-cb9822437350,San Bernardino – Baseline,1578 W. BASELINE ST.,SAN BERNARDINO,CA,92411,34.12273025512695,-117.3215560913086,Overture Places 2026-07-22.0,2026-07-22,open
El Super,927668a2-a314-463f-97b9-b555b73bf3a5,San Bernardino – 9th,263 E. 9TH ST.,SAN BERNARDINO,CA,92410,34.11467361450195,-117.2796859741211,Overture Places 2026-07-22.0,2026-07-22,open
El Super,41dffe6e-7111-4661-b0d4-7f02947ef84b,San Bernardino – Mt. Vernon,570 S. MT VERNON,SAN BERNARDINO,CA,92410,34.09076690673828,-117.31499481201172,Overture Places 2026-07-22.0,2026-07-22,open
El Super,51d37118-d660-426c-b3b3-c33506431569,Santa Ana Bristol,2445 S. BRISTOL ST.,SANTA ANA,CA,92704,33.713966369628906,-117.88409423828125,Overture Places 2026-07-22.0,2026-07-22,open
El Super,78eda761-e835-45d7-b4b1-16151545a91a,South Gate State,3211 FIRESTONE BLVD.,SOUTH GATE,CA,90280,33.9561882019043,-118.21282196044922,Overture Places 2026-07-22.0,2026-07-22,open
El Super,8d046079-57cf-4e2b-9944-27088e53ef15,South Gate Garfield,5702 FIRESTONE BLVD,SOUTH GATE,CA,90280,33.94790267944336,-118.16658782958984,Overture Places 2026-07-22.0,2026-07-22,open
Food 4 Less,a02ffee6-f560-4ca2-a24a-af9f6302a54e,Food 4 Less,1616 W Katella Ave,Anaheim,CA,92802-3015,33.80186462402344,-117.93775939941406,Overture Places 2026-07-22.0,2026-07-22,open
Food 4 Less,c57927e9-3e43-44ef-8bb0-ad15c29933b6,Food 4 Less,20801 Bear Valley Rd,Apple Valley,CA,92308-4254,34.47016525268555,-117.20906066894531,Overture Places 2026-07-22.0,2026-07-22,open
Food 4 Less,88a838e3-5922-4c2c-a7b6-be3a5b314e53,Food 4 Less,3000 Baldwin Park Blvd,Baldwin Park,CA,91706-4701,34.06888198852539,-117.97906494140625,Overture Places 2026-07-22.0,2026-07-22,open
Food 4 Less,e235c37a-e0b1-434a-afc5-1fb18aaad1f1,Food 4 Less,580 E Virginia Way,Barstow,CA,92311-3974,34.88681411743164,-117.0184326171875,Overture Places 2026-07-22.0,2026-07-22,open
Food 4 Less,57eeb6d3-aa9a-4257-befa-037198407f1d,Food 4 Less,1691 E 6th St,Beaumont,CA,92223-2509,33.927894592285156,-116.94828796386719,Overture Places 2026-07-22.0,2026-07-22,open
Food 4 Less,b59cd4ef-b467-40c1-a112-980563048b9a,Food 4 Less,6901 Eastern Ave,Bell Gardens,CA,90201-3920,33.970680236816406,-118.16584777832031,Overture Places 2026-07-22.0,2026-07-22,open
Food 4 Less,9371dead-694c-4dc9-975c-88e4ca524a58,Food 4 Less,109 W Birch St,Calexico,CA,92231-2345,32.680423736572266,-115.50173950195312,Overture Places 2026-07-22.0,2026-07-22,open
Food 4 Less,e43efbb7-f67e-47a3-b92d-68d3807bb4f7,Food 4 Less,34251 Date Palm Dr,Cathedral City,CA,92234-6815,33.79961395263672,-116.46037292480469,Overture Places 2026-07-22.0,2026-07-22,open
Food 4 Less,a9969f52-3f70-49c9-b400-f32af5e16509,Food 4 Less,660 Palomar St,Chula Vista,CA,91911-2607,32.602577209472656,-117.08291625976562,Overture Places 2026-07-22.0,2026-07-22,open
Food 4 Less,ad4688cb-4217-413e-b21c-8bb5f02a2dab,Food 4 Less,49241 Grapefruit Blvd,Coachella,CA,92236-1461,33.69001007080078,-116.18515014648438,Overture Places 2026-07-22.0,2026-07-22,open
Food 4 Less,e6777037-e906-49b9-b31b-146e7d611fd7,Food 4 Less,1150 N Pepper Ave,Colton,CA,92324-6713,34.0798454284668,-117.3514633178711,Overture Places 2026-07-22.0,2026-07-22,open
Food 4 Less,6d3ff18d-44c3-4a30-83e4-c2d16f8a9fdd,Food 4 Less,1900 W Rosecrans Ave,Compton,CA,90220-1015,33.90170669555664,-118.252197265625,Overture Places 2026-07-22.0,2026-07-22,open
Food 4 Less,0789f4d4-ac0e-4f45-a638-b0e8aae387e9,Food 4 Less,13525 Lakewood Blvd,Downey,CA,90242-5229,33.905216217041016,-118.14444732666016,Overture Places 2026-07-22.0,2026-07-22,open
Food 4 Less,fad3e307-cd82-491b-9dc0-c4a8b73fefb0,Food 4 Less,444 Broadway,El Cajon,CA,92021-5421,32.808780670166016,-116.95762634277344,Overture Places 2026-07-22.0,2026-07-22,open
Food 4 Less,0b736a47-d8a5-4128-ae2d-db6a6b3374c7,Food 4 Less,2420 Cottonwood Dr,El Centro,CA,92243-1604,32.815704345703125,-115.57268524169922,Overture Places 2026-07-22.0,2026-07-22,open
Food 4 Less,1738349e-69d1-419c-b62d-7b517d288d61,Food 4 Less,11950 E Garvey Ave,El Monte,CA,91732-3514,34.06182098388672,-118.0199203491211,Overture Places 2026-07-22.0,2026-07-22,open
Food 4 Less,0ecf6fc0-31a5-4b5c-8fdd-6f99b5d7c842,Food 4 Less,644 N Broadway,Escondido,CA,92025-1802,33.12866973876953,-117.08314514160156,Overture Places 2026-07-22.0,2026-07-22,open
Food 4 Less,6b762aff-7954-41bb-b41f-356e714bf417,Food 4 Less,16991 Valley Blvd,Fontana,CA,92335-6810,34.068538665771484,-117.43383026123047,Overture Places 2026-07-22.0,2026-07-22,open
Food 4 Less,f96b6e1f-b577-4db0-a74b-7f2ed4bd2afa,Foods Co. Fuel Center,3055 E Shields Ave,Fresno,CA,93726-6752,36.779998779296875,-119.77334594726562,Overture Places 2026-07-22.0,2026-07-22,open
Food 4 Less,1283c1a8-b042-419c-a6e5-fee8a1ec52f6,Food 4 Less,914 W Orangethorpe Ave,Fullerton,CA,92832-2827,33.857791900634766,-117.94055938720703,Overture Places 2026-07-22.0,2026-07-22,open
Food 4 Less,578235bc-f9bb-41eb-a6e1-c56a18ea57a9,Food 4 Less,1299 W Artesia Blvd,Gardena,CA,90248-3369,33.87355422973633,-118.294677734375,Overture Places 2026-07-22.0,2026-07-22,open
Food 4 Less,6ef7b8dd-59bd-40a2-acc1-85d452fdf487,Food 4 Less,12222 Carson St,Hawaiian Gardens,CA,90716-1602,33.83089828491211,-118.07052612304688,Overture Places 2026-07-22.0,2026-07-22,open
Food 4 Less,0a9d3a56-4769-4ef1-ae3e-93687ac59c51,Food 4 Less,14500 Ocean Gate Ave,Hawthorne,CA,90250-6745,33.89946365356445,-118.36650085449219,Overture Places 2026-07-22.0,2026-07-22,open
Food 4 Less,fa5d9617-4701-4974-91b3-2cb55d3fce75,Food 4 Less,26529 Highland Ave,Highland,CA,92346-2110,34.134281158447266,-117.2253189086914,Overture Places 2026-07-22.0,2026-07-22,open
Food 4 Less,467faa44-8887-4372-aba6-0246e6011cd0,Food 4 Less,6920 Santa Fe Ave,Huntington Park,CA,90255-3908,33.97640609741211,-118.22958374023438,Overture Places 2026-07-22.0,2026-07-22,open
Food 4 Less,8d27f901-d7be-4cec-bcaf-7e28d818fbc9,Food 4 Less,82124 Highway 111,Indio,CA,92201-5654,33.71632385253906,-116.23312377929688,Overture Places 2026-07-22.0,2026-07-22,open
Food 4 Less,fcf86bf4-a511-4931-b8ab-3b46428c44e7,Food 4 Less,3200 W Century Blvd,Inglewood,CA,90303-1410,33.944114685058594,-118.32788848876953,Overture Places 2026-07-22.0,2026-07-22,open
Food 4 Less,8f064f5a-c630-4ef4-ab64-1c7e7f8934cd,Food 4 Less,1821 N Hacienda Blvd,La Puente,CA,91744-1142,34.05213165283203,-117.9443130493164,Overture Places 2026-07-22.0,2026-07-22,open
Food 4 Less,9304ebb3-1747-4d09-9953-07fbf14f8c17,Food 4 Less,44455 Valley Central Way,Lancaster,CA,93536-6529,34.69056701660156,-118.17363739013672,Overture Places 2026-07-22.0,2026-07-22,open
Food 4 Less,cf83a529-460c-468c-ad94-69b18b4f3020,Food 4 Less,3210 E Anaheim St,Long Beach,CA,90804-3818,33.78138732910156,-118.15402221679688,Overture Places 2026-07-22.0,2026-07-22,open
Food 4 Less,ebb396e0-c8cf-44c4-b388-7b49e5466300,Food 4 Less,6700 Cherry Ave,Long Beach,CA,90805-1717,33.877098083496094,-118.16761016845703,Overture Places 2026-07-22.0,2026-07-22,open
Food 4 Less,8db8d988-705c-484f-9be9-103b320956ea,Food 4 Less,1091 S Hoover St,Los Angeles,CA,90006-2019,34.05112075805664,-118.28472137451172,Overture Places 2026-07-22.0,2026-07-22,open
Food 4 Less,809c83b8-e043-4595-8a1b-846055e675be,Food 4 Less,11507 S Western Ave,Los Angeles,CA,90047-5004,33.929473876953125,-118.31051635742188,Overture Places 2026-07-22.0,2026-07-22,open
Food 4 Less,155bcdff-83d9-4747-bdfb-7922f28f896b,Food 4 Less,11840 Wilmington Ave,Los Angeles,CA,90059-3016,33.9258918762207,-118.23751831054688,Overture Places 2026-07-22.0,2026-07-22,open
Food 4 Less,7bd43747-e601-4dbb-9ad8-24de55fbce06,Food 4 Less,1651 E 103rd St,Los Angeles,CA,90002-2924,33.94468688964844,-118.24398040771484,Overture Places 2026-07-22.0,2026-07-22,open
Food 4 Less,be6a166e-fa4d-4d5e-a039-d89be5d48c94,Food 4 Less,1700 W 6th St,Los Angeles,CA,90017-1004,34.05704116821289,-118.27056884765625,Overture Places 2026-07-22.0,2026-07-22,open
Food 4 Less,04896401-f25d-45fd-b5d9-fee3dd84aa8a,Food 4 Less,1717 S Western Ave,Los Angeles,CA,90006-5803,34.042015075683594,-118.31021881103516,Overture Places 2026-07-22.0,2026-07-22,open
Food 4 Less,bf587c06-9fe5-44ce-84e8-0b67544d7ec8,Food 4 Less,1748 W Jefferson Blvd,Los Angeles,CA,90018-3910,34.02505111694336,-118.30763244628906,Overture Places 2026-07-22.0,2026-07-22,open
Food 4 Less,9df45350-aa4d-4cdc-9069-f30817adc49f,Food 4 Less,1820 W Slauson Ave,Los Angeles,CA,90047-1126,33.987754821777344,-118.31094360351562,Overture Places 2026-07-22.0,2026-07-22,open
Food 4 Less,969085e2-21a7-4099-9788-ae305ec54373,Food 4 Less,2750 E 1st St,Los Angeles,CA,90033-3634,34.040794372558594,-118.2056884765625,Overture Places 2026-07-22.0,2026-07-22,open
Food 4 Less,c6abaf74-fbc3-470c-9fa9-aaafa305c001,Food 4 Less,3654 E Olympic Blvd,Los Angeles,CA,90023-3129,34.01803207397461,-118.19849395751953,Overture Places 2026-07-22.0,2026-07-22,open
Food 4 Less,6b5a2887-4156-4a25-ba21-e8c53b14c33f,Food 4 Less,4910 S Huntington Dr,Los Angeles,CA,90032-1662,34.086673736572266,-118.17597961425781,Overture Places 2026-07-22.0,2026-07-22,open
Food 4 Less,40cfa17f-e265-482b-ae6a-f33e4e99e9bb,Food 4 Less,5100 N Figueroa St,Los Angeles,CA,90042-3922,34.10539627075195,-118.20011901855469,Overture Places 2026-07-22.0,2026-07-22,open
Food 4 Less,db8630f7-5e07-4ad3-8efc-c0b2bd4d6c8b,Food 4 Less,5318 S Main St,Los Angeles,CA,90037-3811,33.99387741088867,-118.2734375,Overture Places 2026-07-22.0,2026-07-22,open
Food 4 Less,ed811fd0-56a4-4dda-8551-920c6532aef9,Food 4 Less,9635 Laurel Canyon Blvd,Los Angeles,CA,91331-4298,34.24397659301758,-118.41767120361328,Overture Places 2026-07-22.0,2026-07-22,open
Food 4 Less,c15fea80-324e-465b-9e7e-8bfa356861a4,Food 4 Less,12200 Perris Blvd,Moreno Valley,CA,92557-7417,33.943904876708984,-117.22479248046875,Overture Places 2026-07-22.0,2026-07-22,open
Food 4 Less,771f0783-deb0-4a52-ac67-8606f06a8ae9,Food 4 Less Fuel Center,24500 Alessandro Blvd,Moreno Valley,CA,92553-3970,33.917945861816406,-117.23480224609375,Overture Places 2026-07-22.0,2026-07-22,open
Food 4 Less,498c2143-cbf9-4c8d-af28-35388e73adf4,Food 4 Less,1320 E 30th St,National City,CA,91950-7572,32.6602668762207,-117.08539581298828,Overture Places 2026-07-22.0,2026-07-22,open
Food 4 Less,3d3e2540-5d6a-4285-9f19-f191e96b8840,Food 4 Less,8035 Webb Ave,North Hollywood,CA,91605-1505,34.2161865234375,-118.38956451416016,Overture Places 2026-07-22.0,2026-07-22,open
Food 4 Less,c3bf98b7-90b9-4059-b0f8-9586837d25a6,Food 4 Less,2246 S Euclid Ave,Ontario,CA,91762-6518,34.032711029052734,-117.65267181396484,Overture Places 2026-07-22.0,2026-07-22,open
Food 4 Less,77db11aa-4bc8-47ea-bbc2-4babe7b4e528,Food 4 Less,250 W Esplanade Dr,Oxnard,CA,93036-1103,34.232200622558594,-119.17723083496094,Overture Places 2026-07-22.0,2026-07-22,open
Food 4 Less,fec8cf60-6aca-44e3-bbe0-6530a8a07986,Food 4 Less,12765 Van Nuys Blvd,Pacoima,CA,91331-1627,34.27529525756836,-118.41226196289062,Overture Places 2026-07-22.0,2026-07-22,open
Food 4 Less,55f071c2-06b3-49aa-aa6b-9922720ff92a,Food 4 Less,2341 E Avenue S,Palmdale,CA,93550-6201,34.559696197509766,-118.08627319335938,Overture Places 2026-07-22.0,2026-07-22,open
Food 4 Less,b3d8f757-cc67-41a2-ae0b-2c73be60ab5d,Food 4 Less,8530 Tobias Ave,Panorama City,CA,91402-2995,34.22569274902344,-118.45085144042969,Overture Places 2026-07-22.0,2026-07-22,open
Food 4 Less,c1f00b69-d24b-4d67-ada3-34b1897246e4,Food 4 Less,1329 N Lake Ave,Pasadena,CA,91104-2895,34.16831970214844,-118.13355255126953,Overture Places 2026-07-22.0,2026-07-22,open
Food 4 Less,db2dbb90-c93b-4eca-81a7-334e61456851,Food 4 Less,1465 Creston Rd,Paso Robles,CA,93446-3218,35.616905212402344,-120.6578369140625,Overture Places 2026-07-22.0,2026-07-22,open
Food 4 Less,107c2403-6eef-4629-9748-b20a7d765979,Food 4 Less,1688 N Perris Blvd,Perris,CA,92571-4701,33.8021354675293,-117.22836303710938,Overture Places 2026-07-22.0,2026-07-22,open
Food 4 Less,1974f597-0381-4c49-a81f-9886d5f4f5cb,Food 4 Less,8620 Whittier Blvd,Pico Rivera,CA,90660-2655,34.001773834228516,-118.08836364746094,Overture Places 2026-07-22.0,2026-07-22,open
Food 4 Less,8a6ae073-24ea-44ba-8511-22e305a05b4e,Food 4 Less,12879 Foothill Blvd,Rancho Cucamonga,CA,91739-9323,34.104896545410156,-117.52460479736328,Overture Places 2026-07-22.0,2026-07-22,open
Food 4 Less,9a9c3b0b-a9f4-41b5-bab8-54e0e05b3413,Food 4 Less,2070 W Redlands Blvd,Redlands,CA,92373-6228,34.065025329589844,-117.22500610351562,Overture Places 2026-07-22.0,2026-07-22,open
Food 4 Less,ffd4a049-41fd-4e88-bb1a-8c8e236c1b48,Food 4 Less,18318 Vanowen St,Reseda,CA,91335-5438,34.192501068115234,-118.5326156616211,Overture Places 2026-07-22.0,2026-07-22,open
Food 4 Less,2abf6301-8b85-499e-9549-bbdf7430dabb,Food 4 Less,3900 Chicago Ave,Riverside,CA,92507-5347,33.97386169433594,-117.34712982177734,Overture Places 2026-07-22.0,2026-07-22,open
Food 4 Less,8e87989d-5b39-4afd-8209-3d51fa2c3bde,Food 4 Less,4250 Van Buren Blvd,Riverside,CA,92503-2602,33.92756271362305,-117.4533920288086,Overture Places 2026-07-22.0,2026-07-22,open
Food 4 Less,c583737e-d7ad-4a65-a9a8-33932188ee74,Food 4 Less,555 W 2nd St,San Bernardino,CA,92401-1516,34.1014518737793,-117.29527282714844,Overture Places 2026-07-22.0,2026-07-22,open
Food 4 Less,4c76e5be-0ff4-4f65-8df9-db3f5e5cdaa1,Food 4 Less,312 Euclid Ave,San Diego,CA,92114-3501,32.70832061767578,-117.08588409423828,Overture Places 2026-07-22.0,2026-07-22,open
Food 4 Less,1d047c30-9453-4297-a67d-3345cd230e4e,Food 4 Less,4995 Shawline St,San Diego,CA,92111-1403,32.83100891113281,-117.1631088256836,Overture Places 2026-07-22.0,2026-07-22,open
Food 4 Less,d005d63e-20f7-49ac-a2f2-83ace3506911,Food 4 Less,5975 University Ave,San Diego,CA,92115-6339,32.7507438659668,-117.06803894042969,Overture Places 2026-07-22.0,2026-07-22,open
Food 4 Less,e5b6cfe7-c176-4246-a802-83140f5b4cbf,Food 4 Less,7730 Hazard Center Dr,San Diego,CA,92108-4500,32.772403717041016,-117.15567016601562,Overture Places 2026-07-22.0,2026-07-22,open
Food 4 Less,912ba7e4-a99d-4f2d-9fba-631a05f4080c,Food 4 Less,2140 S Bristol St,Santa Ana,CA,92704-5123,33.71794128417969,-117.88663482666016,Overture Places 2026-07-22.0,2026-07-22,open
Food 4 Less,1e470b5c-6e67-4090-a802-a00754c21f40,Food 4 Less,315 E 1st St,Santa Ana,CA,92701-5314,33.746700286865234,-117.8647689819336,Overture Places 2026-07-22.0,2026-07-22,open
Food 4 Less,49570082-dddf-484e-9a98-4e083d3346b9,Food 4 Less,9430 Cuyamaca St,Santee,CA,92071-5903,32.84812545776367,-116.98538208007812,Overture Places 2026-07-22.0,2026-07-22,open
Food 4 Less,534c0af3-e54d-4d55-9bf5-89d61b1dd54b,Food 4 Less,1600 E Willow St,Signal Hill,CA,90755-1936,33.80366897583008,-118.17144775390625,Overture Places 2026-07-22.0,2026-07-22,open
Food 4 Less,7a570416-301f-4477-8dc5-deecdd894c83,Food 4 Less,7910 Katella Ave,Stanton,CA,90680-3124,33.80148696899414,-117.99470520019531,Overture Places 2026-07-22.0,2026-07-22,open
Food 4 Less,f405ae3e-917a-4d7a-a544-49c0f8b04b3b,Food 4 Less,12689 Glenoaks Blvd,Sylmar,CA,91342-4748,34.29983901977539,-118.44184112548828,Overture Places 2026-07-22.0,2026-07-22,open
Food 4 Less,e7f60cba-31b8-443c-8bce-f4d88dd7d647,Food 4 Less,26419 Ynez Rd,Temecula,CA,92591-4654,33.5228385925293,-117.1606216430664,Overture Places 2026-07-22.0,2026-07-22,open
Food 4 Less,3ec55eb2-d2ef-49ab-8c60-140fd0e9d45d,Food 4 Less,851 Sepulveda Blvd,Torrance,CA,90502-3003,33.81121063232422,-118.2889633178711,Overture Places 2026-07-22.0,2026-07-22,open
Food 4 Less,9334cc87-d5b7-4ee6-bb75-8fe87dea6551,Food 4 Less,16530 Sherman Way,Van Nuys,CA,91406-3731,34.20062255859375,-118.49394989013672,Overture Places 2026-07-22.0,2026-07-22,open
Food 4 Less,a216d1ff-bbfa-4cef-a49f-68cac7e71e1c,Food 4 Less,14738 La Paz Dr,Victorville,CA,92395-4006,34.51938247680664,-117.31452941894531,Overture Places 2026-07-22.0,2026-07-22,open
Food 4 Less,c48d326d-ff0f-4351-b7ec-ca76c5251e0a,Food 4 Less,16266 Bear Valley Rd,Victorville,CA,92395-8765,34.471839904785156,-117.30876922607422,Overture Places 2026-07-22.0,2026-07-22,open
Food 4 Less,39790324-8419-45da-b51d-9ae91056a2b1,Food 4 Less,2025 Dinuba Blvd,Visalia,CA,93291-2012,36.348243713378906,-119.29850769042969,Overture Places 2026-07-22.0,2026-07-22,open
Food 4 Less,7afa880f-38d3-4fe9-96ce-134fcc26ae0e,Food 4 Less,500 Hacienda Dr,Vista,CA,92081-6679,33.19284439086914,-117.25100708007812,Overture Places 2026-07-22.0,2026-07-22,open
Food 4 Less,2c79058c-235e-4b4c-914d-dacbae1e14f5,Food 4 Less,615 N Azusa Ave,West Covina,CA,91791-1103,34.08164978027344,-117.9092025756836,Overture Places 2026-07-22.0,2026-07-22,open
Food 4 Less,920a8b00-501a-4352-9743-018fa17b4b92,Food 4 Less,13413 Telegraph Rd,Whittier,CA,90605-3435,33.940914154052734,-118.04522705078125,Overture Places 2026-07-22.0,2026-07-22,open
Food 4 Less,71e21e81-1c2b-4044-bdf0-b611f3da5da9,Food 4 Less,7810 Norwalk Blvd,Whittier,CA,90606-2185,33.97434616088867,-118.07410430908203,Overture Places 2026-07-22.0,2026-07-22,open
Food 4 Less,f4e1411b-1826-48e2-b996-c6205e050119,Food 4 Less,336 W Anaheim St,Wilmington,CA,90744-4421,33.77880096435547,-118.26548767089844,Overture Places 2026-07-22.0,2026-07-22,open
Food 4 Less,3d22976e-bc5a-4794-87bb-e9f86494fcfa,Food 4 Less,20155 Saticoy St,Winnetka,CA,91306-2506,34.20913314819336,-118.57266998291016,Overture Places 2026-07-22.0,2026-07-22,open
Food 4 Less,0ff98279-a911-460e-b0e8-449f5d462d14,Food 4 Less,451 Pioneer Ave,Woodland,CA,95776-4905,38.6749382019043,-121.74494934082031,Overture Places 2026-07-22.0,2026-07-22,open
Gelson's,01c102bd-ee8e-4237-a511-87b3ed2e6737,Gelson's,22277 Mulholland Hwy,Calabasas,CA,91302-5156,34.147457122802734,-118.61334991455078,Overture Places 2026-07-22.0,2026-07-22,open
Gelson's,4309eb9c-b57d-4f5c-9d97-f4badae64719,Gelson's,24 Monarch Bay Plz,Dana Point,CA,92629-3467,33.48479080200195,-117.72334289550781,Overture Places 2026-07-22.0,2026-07-22,open
Gelson's,4698ed5f-a4ab-49e6-bf41-e43af3748092,Gelson's,16450 Ventura Blvd,Encino,CA,91436-2118,34.157127380371094,-118.491943359375,Overture Places 2026-07-22.0,2026-07-22,open
Gelson's,4b19b37a-58e0-4ae7-97cc-7054f4e819f9,Gelson's Hollywood,5877 Franklin Ave,Hollywood,CA,90028,34.10587692260742,-118.31759643554688,Overture Places 2026-07-22.0,2026-07-22,open
Gelson's,080973ed-c828-477c-94a0-616d16dee544,Gelson's,5521 Alton Pkwy,Irvine,CA,92618-4056,33.67019271850586,-117.78681182861328,Overture Places 2026-07-22.0,2026-07-22,open
Gelson's,ee751bfa-8b76-4499-99cb-f8bfd5c8caae,Gelson's,635 Foothill Blvd,La Canada Flintridge,CA,91011-3403,34.20177459716797,-118.19264221191406,Overture Places 2026-07-22.0,2026-07-22,open
Gelson's,c388068a-ec6f-4f05-a9d9-29f720c19412,Gelson's,30703 Gateway Pl,Ladera Ranch,CA,92694,33.52105712890625,-117.61869049072266,Overture Places 2026-07-22.0,2026-07-22,open
Gelson's,86ab9b84-b12f-4dd1-801e-3f47c7a18724,Gelson's,6255 E 2nd St,Long Beach,CA,90803,33.75844955444336,-118.11296081542969,Overture Places 2026-07-22.0,2026-07-22,open
Gelson's,c9fd0bca-d2f9-4bdd-a825-18c1607496f3,Gelson's,10250 Santa Monica Blvd,Los Angeles,CA,90067-6410,34.05767059326172,-118.41951751708984,Overture Places 2026-07-22.0,2026-07-22,open
Gelson's,0bf4d47e-8fed-4f69-b0ac-59cba9ac4db6,Gelson's,2725 Hyperion Ave,Los Angeles,CA,90027-3001,34.1079216003418,-118.27264404296875,Overture Places 2026-07-22.0,2026-07-22,open
Gelson's,0fd3d302-502a-4da0-937c-ee172d7996c3,Gelson's,13455 Maxella Ave,Marina del Rey,CA,90292-5682,33.98655700683594,-118.44258880615234,Overture Places 2026-07-22.0,2026-07-22,open
Gelson's,ec73d750-91d5-4f4f-a6f3-81b925f1a3dd,Gelson's,1660 San Miguel Dr,Newport Beach,CA,92660-7124,33.61161422729492,-117.86351776123047,Overture Places 2026-07-22.0,2026-07-22,open
Gelson's,49c27d66-7fb5-4e3f-ac0f-3d7220d57f96,Gelson's Rancho Mirage,36101 Bob Hope Dr,Rancho Mirage,CA,92270-2001,33.78586959838867,-116.40753173828125,Overture Places 2026-07-22.0,2026-07-22,open
Gelson's,e335b0aa-10f4-4cfd-97f7-8ae7b2984a62,Gelson's,730 Turquoise St,San Diego,CA,92109-1033,32.808807373046875,-117.26023864746094,Overture Places 2026-07-22.0,2026-07-22,open
Gelson's,9a1e3d0e-a586-426d-8bae-390706026234,Gelson's,3305 State St,Santa Barbara,CA,93105-2623,34.439144134521484,-119.7351303100586,Overture Places 2026-07-22.0,2026-07-22,open
Gelson's,c36b275d-99a9-43ca-b5d6-663560c453be,Gelson's,2627 Lincoln Blvd,Santa Monica,CA,90405-4619,34.006927490234375,-118.47476196289062,Overture Places 2026-07-22.0,2026-07-22,open
Gelson's,ed4b39cc-541a-46e4-8e91-42af70b5edda,Gelson's,4520 Van Nuys Blvd,Sherman Oaks,CA,91403-2913,34.15385818481445,-118.44778442382812,Overture Places 2026-07-22.0,2026-07-22,open
Gelson's,e9dcbec3-8917-4cf2-b6cd-4e55af070e91,Gelson's,5500 Reseda Blvd,Tarzana,CA,91356-2608,34.17023849487305,-118.53488159179688,Overture Places 2026-07-22.0,2026-07-22,open
Gelson's,771f4ff2-828c-47ff-8857-5facdbb1da82,Gelson's,1736 E Avenida de los Arboles,Thousand Oaks,CA,91362-1307,34.21015548706055,-118.84626007080078,Overture Places 2026-07-22.0,2026-07-22,open
Gelson's,3e1949bd-cafc-46d8-bf09-b59f7e882bc2,Gelson's,10067 Riverside Drive,Toluca Lake,CA,91602,34.1524772644043,-118.35309600830078,Overture Places 2026-07-22.0,2026-07-22,open
Gelson's,7fa098ce-62d4-4c2d-8ed9-c608e8f430d2,Gelson's Valley Village,4738 Laurel Canyon Blvd,Valley Village,CA,91607-3912,34.15646743774414,-118.3959732055664,Overture Places 2026-07-22.0,2026-07-22,open
Pavilions,f35d7247-b3fe-4a2e-b81d-3f23abee011b,Pavilions,9467 W Olympic Blvd,Beverly Hills,CA,90212-4237,34.06000518798828,-118.3996810913086,Overture Places 2026-07-22.0,2026-07-22,open
Pavilions,4d0c11ca-34fe-4779-acce-53a0bb8af2f6,Pavilions,1110 W Alameda Ave,Burbank,CA,91506-2806,34.1614875793457,-118.3135986328125,Overture Places 2026-07-22.0,2026-07-22,open
Pavilions,537c8907-9e56-4e83-b9cf-2efa6a3d813a,Pavilions,3439 Via Montebello,Carlsbad,CA,92009-8487,33.08155822753906,-117.23212432861328,Overture Places 2026-07-22.0,2026-07-22,open
Pavilions,eb51be71-445c-4c0e-973c-18d044c38958,Pavilions,11030 Jefferson Blvd,Culver City,CA,90230-5520,33.99671936035156,-118.39398193359375,Overture Places 2026-07-22.0,2026-07-22,open
Pavilions,41d9e4cd-8156-44a9-843a-34d8774c0d30,Pavilions,3901 Portola Pkwy,Irvine,CA,92602-0833,33.734859466552734,-117.7608413696289,Overture Places 2026-07-22.0,2026-07-22,open
Pavilions,dcc19cf2-72db-44ca-89d1-0364287acd73,Pavilions,600 Pacific Coast Hwy,Laguna Beach,CA,92651-1513,33.546627044677734,-117.7934799194336,Overture Places 2026-07-22.0,2026-07-22,open
Pavilions,2a3d4886-67de-42a0-8945-ad2ffa6dd907,Pavilions Pharmacy,27320 Alicia Pkwy,Laguna Niguel,CA,92677,33.56618881225586,-117.71282196044922,Overture Places 2026-07-22.0,2026-07-22,open
Pavilions,743fccce-15b1-419d-a817-00fa8b4a951a,Pavillions Market LW,5500 Woodruff Ave,Lakewood,CA,90713-1535,33.856849670410156,-118.11563110351562,Overture Places 2026-07-22.0,2026-07-22,open
Pavilions,5b0efb60-7b0c-4ebb-b7a1-354bf9a72623,Pavilions,727 Vine St,Los Angeles,CA,90038-3713,34.084537506103516,-118.3271713256836,Overture Places 2026-07-22.0,2026-07-22,open
Pavilions,7a5d5ebd-6349-4823-9d07-11df6b0782c8,Pavilions,29211 Heathercliff Rd,Malibu,CA,90265-4145,34.02094268798828,-118.81026458740234,Overture Places 2026-07-22.0,2026-07-22,open
Pavilions,111f97c2-a577-4ff8-9334-17940e65da6f,Pavilions,4365 Glencoe Ave,Marina del Rey,CA,90292-6466,33.98517608642578,-118.4397201538086,Overture Places 2026-07-22.0,2026-07-22,open
Pavilions,15cbd648-97b5-4624-b08c-ec3389c07721,Pavilions,26022 Marguerite Pkwy,Mission Viejo,CA,92692-3262,33.58595275878906,-117.6577377319336,Overture Places 2026-07-22.0,2026-07-22,open
Pavilions,18c0e321-37ce-4a11-a549-a2a8f46c06a0,Pavilions Pharmacy,1046 Coast Village Rd,Montecito,CA,93108,34.42185974121094,-119.65017700195312,Overture Places 2026-07-22.0,2026-07-22,open
Pavilions,8a7ec3c7-0d11-4e05-8f5b-0898eb5adeb6,Pavilions,1000 Bayside Dr,Newport Beach,CA,92660-7462,33.611148834228516,-117.8927001953125,Overture Places 2026-07-22.0,2026-07-22,open
Pavilions,bf47b17a-2ce9-483f-bb01-288c13c30312,Pavilions,2660 San Miguel Dr,Newport Beach,CA,92660-5437,33.62662124633789,-117.84854125976562,Overture Places 2026-07-22.0,2026-07-22,open
Pavilions,183e0d54-c2cb-4363-8742-ecc618c2b92b,Pavilions,3100 W Balboa Blvd,Newport Beach,CA,92663-3037,33.614784240722656,-117.93122100830078,Overture Places 2026-07-22.0,2026-07-22,open
Pavilions,730917cf-1b5b-43ed-bd52-fdaf52a7ce69,Pavilions,21181 Newport Coast Dr,Newport Coast,CA,92657-1123,33.60691452026367,-117.82760620117188,Overture Places 2026-07-22.0,2026-07-22,open
Pavilions,4007d866-3e09-430b-aac4-9ad461f27ab5,Pavilions,845 E California Blvd,Pasadena,CA,91106-3932,34.136348724365234,-118.13323974609375,Overture Places 2026-07-22.0,2026-07-22,open
Pavilions,c92439bd-9947-4780-bd13-d87cc45adb2a,Pavilions,22451 Antonio Pkwy,Rancho Santa Margarita,CA,92688-2813,33.636940002441406,-117.59149932861328,Overture Places 2026-07-22.0,2026-07-22,open
Pavilions,7cc152a1-672b-4557-a348-c38131517c56,Pavilions,7 Peninsula Ctr,Rolling Hills Estates,CA,90274,33.77548599243164,-118.3777847290039,Overture Places 2026-07-22.0,2026-07-22,open
Pavilions,41215fe2-ba15-4329-871c-074561bd319b,Pavilions,3850 Valley Centre Dr,San Diego,CA,92130-2331,32.939292907714844,-117.2319107055664,Overture Places 2026-07-22.0,2026-07-22,open
Pavilions,e417c284-293b-41f2-a54e-3389f10ad61c,Pavilions,820 Montana Ave,Santa Monica,CA,90403-1503,34.02791213989258,-118.49994659423828,Overture Places 2026-07-22.0,2026-07-22,open
Pavilions,7f7b1d0b-912c-4799-89a1-5207f04ae7ff,Pavilions,1101 Pacific Coast Hwy,Seal Beach,CA,90740-6245,33.74403762817383,-118.10006713867188,Overture Places 2026-07-22.0,2026-07-22,open
Pavilions,b4a4a3d4-4bd3-4508-aab6-9dcf8b12d616,Pavilions,14845 Ventura Blvd,Sherman Oaks,CA,91403-3620,34.153221130371094,-118.45661163330078,Overture Places 2026-07-22.0,2026-07-22,open
Pavilions,1c04e542-0885-4920-bcb1-2f2deed0e364,Pavilions,1213 Fair Oaks Ave,South Pasadena,CA,91030-3805,34.11152267456055,-118.1513671875,Overture Places 2026-07-22.0,2026-07-22,open
Pavilions,d834b30a-5066-4c72-945c-0f93286d27a6,Pavilions,1135 Lindero Canyon Rd,Thousand Oaks,CA,91362-5473,34.18416976928711,-118.78824615478516,Overture Places 2026-07-22.0,2026-07-22,open
Pavilions,820f6d15-ef5f-43b1-a3b1-570ae0f93010,Pavilions,6534 Platt Ave,West Hills,CA,91307-3218,34.189273834228516,-118.64153289794922,Overture Places 2026-07-22.0,2026-07-22,open
Pavilions,74794196-3eca-4f9c-98eb-2bee731e14aa,Pavilions,8969 Santa Monica Blvd,West Hollywood,CA,90069-4911,34.0837516784668,-118.38681030273438,Overture Places 2026-07-22.0,2026-07-22,open
Ralphs,96cbe753-0839-4afe-8c6e-e339c369373d,Ralphs,5727 Kanan Rd,Agoura Hills,CA,91301-1601,34.1551399230957,-118.75836944580078,Overture Places 2026-07-22.0,2026-07-22,open
Ralphs,52c0347d-d025-4d21-bf25-4d4dd9578aa5,Ralphs Fresh Fare,26901 Aliso Creek Rd,Aliso Viejo,CA,92656-3393,33.57146453857422,-117.72564697265625,Overture Places 2026-07-22.0,2026-07-22,open
Ralphs,71d39795-89fd-40a3-9008-f09966129bbe,Ralphs,711 S Weir Canyon Rd,Anaheim,CA,92808-1930,33.86155319213867,-117.73989868164062,Overture Places 2026-07-22.0,2026-07-22,open
Ralphs,e993b553-fbbb-4250-971b-40a791f67276,Ralphs,915 S Brookhurst St,Anaheim,CA,92804-4304,33.819576263427734,-117.96007537841797,Overture Places 2026-07-22.0,2026-07-22,open
Ralphs,49243037-8192-402e-81b7-8ead37dd98f3,Ralphs Fresh Fare,211 E Foothill Blvd,Arcadia,CA,91006-2509,34.15166091918945,-118.02469635009766,Overture Places 2026-07-22.0,2026-07-22,open
Ralphs,237f7464-712e-4178-b478-2f55743bdfa3,Ralphs,2465 E Imperial Hwy,Brea,CA,92821-6114,33.91326904296875,-117.86768341064453,Overture Places 2026-07-22.0,2026-07-22,open
Ralphs,79d9454d-a81a-40b3-9101-e197f15fd876,Ralphs,305 W Imperial Hwy,Brea,CA,92821-4808,33.91887283325195,-117.90265655517578,Overture Places 2026-07-22.0,2026-07-22,open
Ralphs,987f7a0c-4926-4a34-9495-c696f9a0eb84,Ralphs,1100 N San Fernando Blvd,Burbank,CA,91504-4361,34.1888542175293,-118.31822204589844,Overture Places 2026-07-22.0,2026-07-22,open
Ralphs,282a74d9-4260-47e1-b564-761b61567beb,Ralphs,25 E Alameda Ave,Burbank,CA,91502-2029,34.17310333251953,-118.30207824707031,Overture Places 2026-07-22.0,2026-07-22,open
Ralphs,9da79b63-d9df-4d3b-a74b-cd86a1d29f7f,Ralphs,2600 W Victory Blvd,Burbank,CA,91505-1634,34.1840705871582,-118.33942413330078,Overture Places 2026-07-22.0,2026-07-22,open
Ralphs,04de1901-da00-45ff-99d0-9081cf2dab4b,Ralphs,4754 Commons Way,Calabasas,CA,91302-3363,34.154380798339844,-118.64311218261719,Overture Places 2026-07-22.0,2026-07-22,open
Ralphs,1ad73cc9-7985-49c7-a65d-85affe3d59eb,Ralphs,674 Las Posas Rd,Camarillo,CA,93010-5716,34.2232666015625,-119.06783294677734,Overture Places 2026-07-22.0,2026-07-22,open
Ralphs,050af277-266a-41ab-aa7d-6c4bc41e1fd5,Ralphs,22333 Sherman Way,Canoga Park,CA,91303-1050,34.201847076416016,-118.61360168457031,Overture Places 2026-07-22.0,2026-07-22,open
Ralphs,2ebfd2b1-9ffb-4bc3-a316-f2a64290663c,Ralphs Fresh Fare,7140 Avenida Encinas,Carlsbad,CA,92011-4656,33.101043701171875,-117.31051635742188,Overture Places 2026-07-22.0,2026-07-22,open
Ralphs,cfb2b0e3-52eb-46e2-9c8e-22818d017493,Ralphs,7660 El Camino Real,Carlsbad,CA,92009-7901,33.08732986450195,-117.26707458496094,Overture Places 2026-07-22.0,2026-07-22,open
Ralphs,b6ab3430-e348-4966-bf92-e0d602745121,Ralphs,650 E Carson St,Carson,CA,90745-2719,33.83037567138672,-118.26441192626953,Overture Places 2026-07-22.0,2026-07-22,open
Ralphs,e558b4e5-0739-45be-aa6a-99e5358515f9,Ralphs,29675 The Old Rd,Castaic,CA,91384-4570,34.456790924072266,-118.61898040771484,Overture Places 2026-07-22.0,2026-07-22,open
Ralphs,a480b7f6-8dff-48b1-8bf7-ce5d43146742,Ralphs,13321 South St,Cerritos,CA,90703-7308,33.85996627807617,-118.04752349853516,Overture Places 2026-07-22.0,2026-07-22,open
Ralphs,498ed65c-32e3-48a5-a6a9-f1597fcbfd4b,Ralphs,21431 Devonshire St,Chatsworth,CA,91311-2935,34.257965087890625,-118.59847259521484,Overture Places 2026-07-22.0,2026-07-22,open
Ralphs,83d58401-b4b1-4b93-beb6-42af86403ee5,Ralphs,659 E Palomar St,Chula Vista,CA,91911-6974,32.61589813232422,-117.02519989013672,Overture Places 2026-07-22.0,2026-07-22,open
Ralphs,c35abb47-1eae-4e5f-a423-5a13c42ccf4e,Ralphs,780 Otay Lakes Rd,Chula Vista,CA,91910-6916,32.6447639465332,-117.00164794921875,Overture Places 2026-07-22.0,2026-07-22,open
Ralphs,929b8275-c6a7-4714-ad8c-b0630b920f63,Ralphs,1212 Magnolia Ave,Corona,CA,92879,33.863399505615234,-117.54256439208984,Overture Places 2026-07-22.0,2026-07-22,open
Ralphs,8d099f10-7daf-4898-8ea2-7c1e0baa56ab,Ralphs,2661 Green River Rd,Corona,CA,92882-7401,33.87153625488281,-117.62190246582031,Overture Places 2026-07-22.0,2026-07-22,open
Ralphs,fc948cc9-3364-4309-be7d-50c332a7e401,Ralphs,380 E 17th St,Costa Mesa,CA,92627-3252,33.63177490234375,-117.91243743896484,Overture Places 2026-07-22.0,2026-07-22,open
Ralphs,217c87c7-6497-474e-a1e6-58d04090e75e,Ralphs,10772 Jefferson Blvd,Culver City,CA,90230-4933,34.00236892700195,-118.39347076416016,Overture Places 2026-07-22.0,2026-07-22,open
Ralphs,3011054e-20a2-49d2-9098-31f462e40a8a,Ralphs,3827 Culver Ctr,Culver City,CA,90232-3365,34.017276763916016,-118.40780639648438,Overture Places 2026-07-22.0,2026-07-22,open
Ralphs,9bdfef43-2ed7-4e65-b3c4-1b090eb7356f,Ralphs,4033 Ball Rd,Cypress,CA,90630-3463,33.81840896606445,-118.06200408935547,Overture Places 2026-07-22.0,2026-07-22,open
Ralphs,4036cd8f-8cb8-4a83-8e6e-9169b609a93b,Ralphs,5998 Ball Rd,Cypress,CA,90630-3246,33.81663131713867,-118.02706909179688,Overture Places 2026-07-22.0,2026-07-22,open
Ralphs,e087a9fa-aec0-44af-a0ab-b08bf11dc63e,Ralphs,24871 Del Prado Ave,Dana Point,CA,92629,33.46659851074219,-117.69622802734375,Overture Places 2026-07-22.0,2026-07-22,open
Ralphs,8fc2819f-c05e-4f3c-aaef-a134d3202dcc,Ralphs,32555 Golden Lantern St,Dana Point,CA,92629-3248,33.490291595458984,-117.69953155517578,Overture Places 2026-07-22.0,2026-07-22,open
Ralphs,a621f877-27d4-4163-b812-cfa8287cf5bf,Ralphs,8626 Firestone Blvd,Downey,CA,90241-5243,33.93611145019531,-118.1270980834961,Overture Places 2026-07-22.0,2026-07-22,open
Ralphs,be8a0601-fb95-40e2-a351-a6917c219edb,Ralphs,9200 Lakewood Blvd,Downey,CA,90240-2909,33.9554328918457,-118.11233520507812,Overture Places 2026-07-22.0,2026-07-22,open
Ralphs,fe2bee6d-1b6f-4f4e-bdc1-6e19f629559a,Ralphs,12660 Limonite Ave,Eastvale,CA,92880-3201,33.97400665283203,-117.56034851074219,Overture Places 2026-07-22.0,2026-07-22,open
Ralphs,fee3d939-f8b7-4360-94ae-138602552123,Ralphs,2652 Jamacha Rd,El Cajon,CA,92019-4349,32.744789123535156,-116.93343353271484,Overture Places 2026-07-22.0,2026-07-22,open
Ralphs,643b1f9c-925a-4658-8cf3-2ee2b9f1b95d,Ralphs,500 N Sepulveda Blvd,El Segundo,CA,90245-4447,33.922157287597656,-118.39557647705078,Overture Places 2026-07-22.0,2026-07-22,open
Ralphs,22d93e85-a3f8-434b-801c-5f565facfc2a,Ralphs,125 N El Camino Real,Encinitas,CA,92024,33.048126220703125,-117.25699615478516,Overture Places 2026-07-22.0,2026-07-22,open
Ralphs,8ffdccaa-0b20-4c55-84ef-047d76fe7796,Ralphs Fresh Fare,17840 Ventura Blvd,Encino,CA,91316-3615,34.16256332397461,-118.5214614868164,Overture Places 2026-07-22.0,2026-07-22,open
Ralphs,e267c27b-e213-46c0-958d-60564784d1ba,Ralphs,2417 E Valley Pkwy,Escondido,CA,92027-2932,33.14031219482422,-117.04273986816406,Overture Places 2026-07-22.0,2026-07-22,open
Ralphs,c07bfd1e-6446-4a35-8e38-a3bb5d7bb478,Ralphs,16225 Sierra Lakes Pkwy,Fontana,CA,92336-1245,34.137699127197266,-117.45059967041016,Overture Places 2026-07-22.0,2026-07-22,open
Ralphs,086aba40-c11f-4358-88d3-6d1a336deb67,Ralphs Pharmacy,26751 Portola Pkwy,Foothill Ranch,CA,92610-1713,33.68022537231445,-117.66316223144531,Overture Places 2026-07-22.0,2026-07-22,open
Ralphs,09ff5755-a999-4a12-a466-badc3d85cb5a,Ralphs,18405 Brookhurst St,Fountain Valley,CA,92708-6705,33.69532012939453,-117.95575714111328,Overture Places 2026-07-22.0,2026-07-22,open
Ralphs,a05787f0-e062-4fe7-a353-e5a58ab4dd3b,Ralphs,1121 N Harbor Blvd,Fullerton,CA,92832-1312,33.881324768066406,-117.9251708984375,Overture Places 2026-07-22.0,2026-07-22,open
Ralphs,f3b8d383-ee6e-4062-944a-56cfb9be4a9e,Ralphs,3330 Yorba Linda Blvd,Fullerton,CA,92831-1709,33.88710403442383,-117.86726379394531,Overture Places 2026-07-22.0,2026-07-22,open
Ralphs,1ad46982-2632-4e5b-aff3-db06b1ec12bb,Ralphs,12051 Euclid St,Garden Grove,CA,92840-3332,33.78766632080078,-117.94246673583984,Overture Places 2026-07-22.0,2026-07-22,open
Ralphs,3b830142-744f-4b34-b8de-8a8034cf5f18,Ralphs,2201 W Redondo Beach Blvd,Gardena,CA,90247-3626,33.88698196411133,-118.31848907470703,Overture Places 2026-07-22.0,2026-07-22,open
Ralphs,f4160c41-1f3b-4933-aedf-73799ae829fd,Ralphs,1010 N Glendale Ave,Glendale,CA,91206-2121,34.160438537597656,-118.23712158203125,Overture Places 2026-07-22.0,2026-07-22,open
Ralphs,110ea57b-eef7-4fce-9cd6-ac40bc5c169a,Ralphs,1200 N Central Ave,Glendale,CA,91202-1808,34.16447830200195,-118.2564697265625,Overture Places 2026-07-22.0,2026-07-22,open
Ralphs,ef91e332-a42c-4e04-b203-c11de2636c34,Ralphs,1416 E Colorado St,Glendale,CA,91205-1512,34.1417236328125,-118.2332534790039,Overture Places 2026-07-22.0,2026-07-22,open
Ralphs,16065861-bd54-4a33-ab62-12991cd781ee,Ralphs,211 N Glendale Ave,Glendale,CA,91206-4455,34.14845275878906,-118.24835205078125,Overture Places 2026-07-22.0,2026-07-22,open
Ralphs,f5cc61a7-ba68-4a43-9617-179d39d97fd0,Ralphs,16940 Devonshire St,Granada Hills,CA,91344-7406,34.256561279296875,-118.50129699707031,Overture Places 2026-07-22.0,2026-07-22,open
Ralphs,1f2d4462-5e6e-4bcf-8b67-b7857f9efd53,Ralphs,18010 Chatsworth St,Granada Hills,CA,91344-5607,34.26336669921875,-118.52425384521484,Overture Places 2026-07-22.0,2026-07-22,open
Ralphs,ba61a69a-084e-4760-a8d8-b65159231719,Ralphs,11873 Hawthorne Blvd,Hawthorne,CA,90250-3013,33.925968170166016,-118.3538818359375,Overture Places 2026-07-22.0,2026-07-22,open
Ralphs,cfa434ee-5fa5-4591-aa3c-da398836d3f8,Ralphs,19081 Goldenwest St,Huntington Beach,CA,92648-2151,33.685298919677734,-118.00791931152344,Overture Places 2026-07-22.0,2026-07-22,open
Ralphs,790ac50a-395f-4465-a8e9-bd007210449f,Ralphs Fresh Fare,5241 Warner Ave,Huntington Beach,CA,92649-4060,33.71672058105469,-118.03803253173828,Overture Places 2026-07-22.0,2026-07-22,open
Ralphs,742db32c-0f95-4a7e-bab9-ad3e9dd6422b,Ralphs,950 N La Brea Ave,Inglewood,CA,90302-2208,33.97549057006836,-118.35722351074219,Overture Places 2026-07-22.0,2026-07-22,open
Ralphs,94590534-5b41-4554-a953-4cac0b51dfb5,Ralphs,14440 Culver Dr,Irvine,CA,92604-0304,33.704708099365234,-117.78547668457031,Overture Places 2026-07-22.0,2026-07-22,open
Ralphs,b2207473-6887-4c12-aa50-2363d2ef0391,Ralphs,17605 Harvard Ave,Irvine,CA,92614-8544,33.67707824707031,-117.83306121826172,Overture Places 2026-07-22.0,2026-07-22,open
Ralphs,a1e43f30-0dd3-42b8-b4c1-2fe25201890e,Ralphs,5345 Alton Pkwy,Irvine,CA,92604-8609,33.67186737060547,-117.7898178100586,Overture Places 2026-07-22.0,2026-07-22,open
Ralphs,19ce9c59-1c57-430a-b939-4af9794798c2,Ralphs,6300 Irvine Blvd,Irvine,CA,92620-2102,33.69667434692383,-117.74266815185547,Overture Places 2026-07-22.0,2026-07-22,open
Ralphs,6ce10aa1-6854-42e1-b092-f614fd34a1a2,Ralphs Fresh Fare,521 Foothill Blvd,La Canada Flintridge,CA,91011-3507,34.20063781738281,-118.18971252441406,Overture Places 2026-07-22.0,2026-07-22,open
Ralphs,e91fb060-838c-4dad-838e-fbd6e583b966,Ralphs Fresh Fare,2675 Foothill Blvd,La Crescenta,CA,91214-3511,34.22337341308594,-118.23661041259766,Overture Places 2026-07-22.0,2026-07-22,open
Ralphs,a9a80836-6cdf-4cef-8e5a-c1f39f0b0b7c,Ralphs,8657 Villa La Jolla Dr,La Jolla,CA,92037-2356,32.86602020263672,-117.23197937011719,Overture Places 2026-07-22.0,2026-07-22,open
Ralphs,ac0329ac-a02e-4fc3-9b1d-20e794d1edb6,Ralphs,700 S Coast Hwy,Laguna Beach,CA,92651-2723,33.53762435913086,-117.77880859375,Overture Places 2026-07-22.0,2026-07-22,open
Ralphs,5ddb143f-0a79-49db-ae90-2dadd9d0e5dd,Ralphs,25539 Paseo de Valencia,Laguna Hills,CA,92653-5348,33.59112548828125,-117.69823455810547,Overture Places 2026-07-22.0,2026-07-22,open
Ralphs,474e49f9-de3b-4a93-a5db-dd23490b4ab7,Ralphs Fresh Fare,28231 Crown Valley Pkwy,Laguna Niguel,CA,92677-1461,33.55388641357422,-117.68729400634766,Overture Places 2026-07-22.0,2026-07-22,open
Ralphs,230e7346-98fa-4362-b3a1-448ca898922a,Ralphs,21751 Lake Forest Dr,Lake Forest,CA,92630-2784,33.64737319946289,-117.68760681152344,Overture Places 2026-07-22.0,2026-07-22,open
Ralphs,b4849050-a4e9-4ac4-9db3-ae0ec0ad7b25,Ralphs,23716 El Toro Rd,Lake Forest,CA,92630-4711,33.61680221557617,-117.70199584960938,Overture Places 2026-07-22.0,2026-07-22,open
Ralphs,1fc4db26-3911-4a0b-b055-0812fb4b7e5c,Ralphs,5951 Del Amo Blvd,Lakewood,CA,90713-1948,33.847957611083984,-118.11563873291016,Overture Places 2026-07-22.0,2026-07-22,open
Ralphs,6fae7234-4489-4e2b-af0a-05cfafb4044d,Ralphs Circle Center,1900 N Lakewood Blvd,Long Beach,CA,90815-2714,33.791934967041016,-118.14176940917969,Overture Places 2026-07-22.0,2026-07-22,open
Ralphs,1cf85aa5-b7ab-40ba-a29c-b16ea5740440,Ralphs,2250 E Carson St,Long Beach,CA,90807-3044,33.83064651489258,-118.16504669189453,Overture Places 2026-07-22.0,2026-07-22,open
Ralphs,b47fc397-4ec7-4809-b346-7ba6542aeb07,Ralphs,2930 E 4th St,Long Beach,CA,90814-1355,33.77138900756836,-118.15735626220703,Overture Places 2026-07-22.0,2026-07-22,open
Ralphs,851c82eb-f8a3-4926-9fdd-bb73c686dc99,Ralphs Pharmacy,6290 E Pacific Coast Hwy,Long Beach,CA,90803-4801,33.76093673706055,-118.11591339111328,Overture Places 2026-07-22.0,2026-07-22,open
Ralphs,f34cb673-4a20-4905-bad4-be8e0543c18a,Ralphs Fresh Fare,10309 W Olympic Blvd,Los Angeles,CA,90064-2517,34.052490234375,-118.41780853271484,Overture Places 2026-07-22.0,2026-07-22,open
Ralphs,9ea9d6d4-e333-47da-b350-36072203c520,Ralphs,10861 Weyburn Ave,Los Angeles,CA,90024-2922,34.06350326538086,-118.4439697265625,Overture Places 2026-07-22.0,2026-07-22,open
Ralphs,6a69aa9c-b3e7-4dc2-9e2a-dda75fa813bf,Ralphs,11361 National Blvd,Los Angeles,CA,90064-3726,34.02592468261719,-118.43330383300781,Overture Places 2026-07-22.0,2026-07-22,open
Ralphs,e9402dcd-65a2-4d92-98dd-b96e81303f7b,Ralphs Fresh Fare,11727 W Olympic Blvd,Los Angeles,CA,90064-1202,34.03480529785156,-118.44905853271484,Overture Places 2026-07-22.0,2026-07-22,open
Ralphs,8d673dd5-5d99-4764-9b02-4050cc4d63d3,Ralphs Fuel Center,11870 Roscoe Blvd,Los Angeles,CA,91352-3852,34.22140121459961,-118.39232635498047,Overture Places 2026-07-22.0,2026-07-22,open
Ralphs,a4f8d1c3-78c4-476d-b74f-65cc05b45f37,Ralphs,11922 S Vermont Ave,Los Angeles,CA,90044-4054,33.9249153137207,-118.29100799560547,Overture Places 2026-07-22.0,2026-07-22,open
Ralphs,8e7ca9a4-8a85-4796-80c0-0602ee9b3605,Ralphs,12057 Wilshire Blvd,Los Angeles,CA,90025-1201,34.04503631591797,-118.46710968017578,Overture Places 2026-07-22.0,2026-07-22,open
Ralphs,2c7c78e6-f111-40df-8a44-6ac4f992ae91,Ralphs,12842 Ventura Blvd,Los Angeles,CA,91604-2369,34.144161224365234,-118.41316986083984,Overture Places 2026-07-22.0,2026-07-22,open
Ralphs,eb1e2d19-e8a3-49ff-ab6a-d13f5c5018a7,Ralphs Fresh Fare,19781 Rinaldi St,Los Angeles,CA,91326-4143,34.2762451171875,-118.56365966796875,Overture Places 2026-07-22.0,2026-07-22,open
Ralphs,27eb5ded-6322-407f-8899-cf5f657882ed,Ralphs,260 S La Brea Ave,Los Angeles,CA,90036-3023,34.069969177246094,-118.34351348876953,Overture Places 2026-07-22.0,2026-07-22,open
Ralphs,9e05cbc4-0360-4699-87b2-e004b3dc039a,Ralphs,2600 S Vermont Ave,Los Angeles,CA,90007-2222,34.031917572021484,-118.2909927368164,Overture Places 2026-07-22.0,2026-07-22,open
Ralphs,4a3c05db-503a-46c6-ad94-5f14584a2b17,Ralphs,3410 W 3rd St,Los Angeles,CA,90020-1622,34.068511962890625,-118.29058074951172,Overture Places 2026-07-22.0,2026-07-22,open
Ralphs,4edd7ba3-6a11-493d-b197-fb25609b3d8a,Ralphs,4030 S Western Ave,Los Angeles,CA,90062-1634,34.01005935668945,-118.30815887451172,Overture Places 2026-07-22.0,2026-07-22,open
Ralphs,f6bdaf35-a837-41d8-b968-3351e3cb9b3b,Ralphs Pharmacy,4311 Lincoln Blvd,Los Angeles,CA,90292-8814,33.9843864440918,-118.44342041015625,Overture Places 2026-07-22.0,2026-07-22,open
Ralphs,c91ebbd6-a073-42e5-84a3-0f5fea952caf,Ralphs,4760 W Pico Blvd,Los Angeles,CA,90019-4235,34.04775619506836,-118.33955383300781,Overture Places 2026-07-22.0,2026-07-22,open
Ralphs,c925ac8f-d3fc-4851-8c34-e2fb3dfdac02,Ralphs,5080 Obama Blvd,Los Angeles,CA,90016-4706,34.02023696899414,-118.3545913696289,Overture Places 2026-07-22.0,2026-07-22,open
Ralphs,3bd5c221-13b0-4839-a7c4-82a83303cc09,Ralphs,5245 W Centinela Ave,Los Angeles,CA,90045-2001,33.97895812988281,-118.37156677246094,Overture Places 2026-07-22.0,2026-07-22,open
Ralphs,14e53b9a-d7ac-489e-bebe-1ed812eed9cb,Ralphs,5429 Hollywood Blvd,Los Angeles,CA,90027-3405,34.10224151611328,-118.30814361572266,Overture Places 2026-07-22.0,2026-07-22,open
Ralphs,92c5545b-e346-413d-9c3e-f26800dfb518,Ralphs,5601 Wilshire Blvd,Los Angeles,CA,90036-3701,34.06279373168945,-118.35079193115234,Overture Places 2026-07-22.0,2026-07-22,open
Ralphs,b638136e-bbe7-4073-8ccd-4e3c2868bdea,Ralphs,645 W 9th St,Los Angeles,CA,90015-1640,34.04573440551758,-118.26068115234375,Overture Places 2026-07-22.0,2026-07-22,open
Ralphs,c0e8b50a-970f-4b19-87c2-ab22c05db3f7,Ralphs,670 S Western Ave,Los Angeles,CA,90005-3024,34.060184478759766,-118.30845642089844,Overture Places 2026-07-22.0,2026-07-22,open
Ralphs,1ff25c3a-92d3-4a8b-9246-0c0284fbf808,Ralphs,7257 W Sunset Blvd,Los Angeles,CA,90046-3409,34.09869384765625,-118.34844970703125,Overture Places 2026-07-22.0,2026-07-22,open
Ralphs,3cd6a240-3cb5-4915-a582-ada80fde35cb,Ralphs,8325 Laurel Canyon Blvd,Los Angeles,CA,91352-3809,34.22250747680664,-118.39777374267578,Overture Places 2026-07-22.0,2026-07-22,open
Ralphs,b941a219-70de-4b9f-8589-2e374cd256f8,Ralphs,8701 Lincoln Blvd,Los Angeles,CA,90045-3504,33.95814514160156,-118.41856384277344,Overture Places 2026-07-22.0,2026-07-22,open
Ralphs,95c7c959-478b-46bf-a8ad-fe1cfa0838a1,Ralphs,8824 S Sepulveda Blvd,Los Angeles,CA,90045-4833,33.95635986328125,-118.39766693115234,Overture Places 2026-07-22.0,2026-07-22,open
Ralphs,3c2048c6-3622-4856-8c91-1bc8fcd1c0de,Ralphs,910 Lincoln Blvd,Los Angeles,CA,90291-3505,33.999183654785156,-118.4613037109375,Overture Places 2026-07-22.0,2026-07-22,open
Ralphs,d28ba3f8-998e-4ed0-8e26-2c7245467c82,Ralphs,1240 Los Osos Valley Rd,Los Osos,CA,93402-3373,35.31126403808594,-120.82722473144531,Overture Places 2026-07-22.0,2026-07-22,open
Ralphs,7d5f97e5-8380-43be-a98d-0549abb6e536,Ralphs,23841 Malibu Rd,Malibu,CA,90265-4644,34.03410720825195,-118.69485473632812,Overture Places 2026-07-22.0,2026-07-22,open
Ralphs,05977ccc-15c9-4324-8fab-cd41dc6c66e9,Ralphs,2700 N Sepulveda Blvd,Manhattan Beach,CA,90266-2726,33.896121978759766,-118.39439392089844,Overture Places 2026-07-22.0,2026-07-22,open
Ralphs,d83f844a-b949-4e5b-bd72-4d204931e31f,Ralphs Pharmacy,4700 Admiralty Way,Marina del Rey,CA,90292,33.97986602783203,-118.43916320800781,Overture Places 2026-07-22.0,2026-07-22,open
Ralphs,bb5999e4-b51b-4c46-81b9-84466c11e265,Ralphs,30125 Antelope Rd,Menifee,CA,92584-8062,33.68421936035156,-117.16897583007812,Overture Places 2026-07-22.0,2026-07-22,open
Ralphs,acdc737c-9700-4b4f-961d-eb45f797f5c5,Ralphs,25104 Marguerite Pkwy,Mission Viejo,CA,92692-2445,33.59738540649414,-117.65655517578125,Overture Places 2026-07-22.0,2026-07-22,open
Ralphs,78a0f077-4586-4eb9-9971-c65401e228d3,Ralphs,27730 Santa Margarita Pkwy,Mission Viejo,CA,92691-6653,33.651615142822266,-117.64680480957031,Overture Places 2026-07-22.0,2026-07-22,open
Ralphs,1cbdee7a-1eca-4519-a10b-b2ed54fadd39,Ralphs,2230 S Atlantic Blvd,Monterey Park,CA,91754-6804,34.03718948364258,-118.14485931396484,Overture Places 2026-07-22.0,2026-07-22,open
Ralphs,e573b950-1951-4a7e-a8b6-63459566aa94,Ralphs,330 N Atlantic Blvd,Monterey Park,CA,91754-1520,34.06525802612305,-118.1335220336914,Overture Places 2026-07-22.0,2026-07-22,open
Ralphs,45c4155e-6f32-4a43-8224-f2849b4be673,Ralphs,101 W Los Angeles Ave,Moorpark,CA,93021-1868,34.28012466430664,-118.88336944580078,Overture Places 2026-07-22.0,2026-07-22,open
Ralphs,40ada63d-49b6-4b74-8275-77eec9bf28cb,Ralphs Fuel Center,23751 Washington Ave,Murrieta,CA,92562-2263,33.571292877197266,-117.23371887207031,Overture Places 2026-07-22.0,2026-07-22,open
Ralphs,bbacdb64-87b9-4e34-bdc0-4b5099f541b5,Ralphs,1150 Irvine Ave,Newport Beach,CA,92660-4603,33.62931823730469,-117.90692901611328,Overture Places 2026-07-22.0,2026-07-22,open
Ralphs,9ef981a3-b07f-4a9a-b753-0fd027ade9d1,Ralphs,2555 Eastbluff Dr,Newport Beach,CA,92660-3504,33.64069366455078,-117.87567138671875,Overture Places 2026-07-22.0,2026-07-22,open
Ralphs,218b1403-f0e9-4f3e-9cd5-456c40159f6f,Ralphs,10900 Magnolia Blvd,North Hollywood,CA,91601-3903,34.16441345214844,-118.36797332763672,Overture Places 2026-07-22.0,2026-07-22,open
Ralphs,8e0d2cb7-04ac-4ac3-b79f-cbb2c56d5b41,Ralphs,101 Old Grove Rd,Oceanside,CA,92057-1216,33.22977828979492,-117.30711364746094,Overture Places 2026-07-22.0,2026-07-22,open
Ralphs,646d8b09-3693-4b27-93fb-e9379b78f929,Ralphs,3075 S Archibald Ave,Ontario,CA,91761-7994,34.017642974853516,-117.59228515625,Overture Places 2026-07-22.0,2026-07-22,open
Ralphs,08c41965-d88e-48fb-8247-b4245021376a,Ralphs,1435 W Chapman Ave,Orange,CA,92868-2703,33.78884506225586,-117.86820983886719,Overture Places 2026-07-22.0,2026-07-22,open
Ralphs,56d82583-e957-45e3-a681-9a216ca12271,Ralphs Fuel Center,2345 W Chapman Ave,Orange,CA,92868-2317,33.788150787353516,-117.8779067993164,Overture Places 2026-07-22.0,2026-07-22,open
Ralphs,65099ff6-aecb-487b-8273-f6d3dd31d835,Ralphs Fresh Fare,74884 Country Club Dr,Palm Desert,CA,92260-1947,33.76042556762695,-116.35794830322266,Overture Places 2026-07-22.0,2026-07-22,open
Ralphs,8f2a2a54-bc01-474f-8fcf-3173c577ad5a,Ralphs,1733 E Palm Canyon Dr,Palm Springs,CA,92264-1630,33.799991607666016,-116.52618408203125,Overture Places 2026-07-22.0,2026-07-22,open
Ralphs,ca1d6fa2-dd8d-45a9-ab2e-85e17ee1cb0b,Ralphs,425 S Sunrise Way,Palm Springs,CA,92262-7607,33.817081451416016,-116.5298080444336,Overture Places 2026-07-22.0,2026-07-22,open
Ralphs,a830ffc4-f963-4a58-bdef-797e76da6a82,Ralphs,160 N Lake Ave,Pasadena,CA,91101-1836,34.148956298828125,-118.13143157958984,Overture Places 2026-07-22.0,2026-07-22,open
Ralphs,bc368a78-53fe-4b35-a01c-50187316799a,Ralphs,320 W Colorado Blvd,Pasadena,CA,91105-1824,34.145286560058594,-118.15703582763672,Overture Places 2026-07-22.0,2026-07-22,open
Ralphs,d19862e6-f2f8-46ff-b7e2-dbe3dcc81853,Ralphs,3601 E Foothill Blvd,Pasadena,CA,91107-3121,34.151329040527344,-118.07533264160156,Overture Places 2026-07-22.0,2026-07-22,open
Ralphs,bc3d64b1-01d6-48c0-bb6d-88d90d72ec9a,Ralphs Fuel Center,911 E Washington Blvd,Pasadena,CA,91104-2437,34.16918182373047,-118.13189697265625,Overture Places 2026-07-22.0,2026-07-22,open
Ralphs,2a0a753d-fc14-4c23-9af9-429bc1ceae77,Ralphs,710 N Rose Dr,Placentia,CA,92870-7520,33.87751007080078,-117.84178924560547,Overture Places 2026-07-22.0,2026-07-22,open
Ralphs,7fadf347-858e-4758-bfd2-a0b066b4307c,Ralphs,615 W Channel Islands Blvd,Port Hueneme,CA,93041-2138,34.17711639404297,-119.21625518798828,Overture Places 2026-07-22.0,2026-07-22,open
Ralphs,83a91a1d-628b-4006-b07b-8bc330012608,Ralphs,12201 Highland Ave,Rancho Cucamonga,CA,91739-2573,34.1350212097168,-117.53938293457031,Overture Places 2026-07-22.0,2026-07-22,open
Ralphs,9453be87-abf6-4410-883a-77a49a2a22e2,Ralphs,7243 Haven Ave,Rancho Cucamonga,CA,91701-6063,34.12257766723633,-117.57337188720703,Overture Places 2026-07-22.0,2026-07-22,open
Ralphs,0ff8afd0-b027-468c-82d4-39f503aed028,Ralphs,7369 Milliken Ave,Rancho Cucamonga,CA,91730-6794,34.11988067626953,-117.55696868896484,Overture Places 2026-07-22.0,2026-07-22,open
Ralphs,6407a568-0a5c-4cda-9c9e-85866b85faa0,Ralphs,31481 Santa Margarita Pkwy,Rancho Santa Margarita,CA,92688-1840,33.6507453918457,-117.58214569091797,Overture Places 2026-07-22.0,2026-07-22,open
Ralphs,ab3ca9a1-8c77-43ff-b3f7-1f992a099f5b,Ralphs,1413 Hawthorne Blvd,Redondo Beach,CA,90278-3923,33.86692428588867,-118.35382080078125,Overture Places 2026-07-22.0,2026-07-22,open
Ralphs,ad9d85ab-1fea-4a0b-bd70-5bc61a4f84b7,Ralphs,2008 N Riverside Ave,Rialto,CA,92377-4600,34.13691329956055,-117.37277221679688,Overture Places 2026-07-22.0,2026-07-22,open
Ralphs,2211b77c-2540-47e0-82f2-05bb358d529e,Ralphs Riverside Distribution Center,1500 Eastridge Ave,Riverside,CA,92507-7109,33.93157196044922,-117.3076400756836,Overture Places 2026-07-22.0,2026-07-22,open
Ralphs,9f2b59fd-a141-4455-a3a4-8cea7bd30d5a,Ralphs,3350 La Sierra Ave,Riverside,CA,92503-5228,33.89535140991211,-117.47159576416016,Overture Places 2026-07-22.0,2026-07-22,open
Ralphs,95710508-1bea-4de6-83f2-c749070ef4c4,Ralphs Fresh Fare,5225 Canyon Crest Dr,Riverside,CA,92507-6301,33.95591354370117,-117.3321533203125,Overture Places 2026-07-22.0,2026-07-22,open
Ralphs,529509a2-a618-454d-9b00-aa22dc835583,Ralphs,6155 Magnolia Ave,Riverside,CA,92506-2524,33.959102630615234,-117.39427947998047,Overture Places 2026-07-22.0,2026-07-22,open
Ralphs,0208ae79-e398-4bc1-9dae-d8a753ea1acc,Ralphs,4444 University Pkwy,San Bernardino,CA,92407-7033,34.169708251953125,-117.33415222167969,Overture Places 2026-07-22.0,2026-07-22,open
Ralphs,0d1ed6b7-3dc4-4ecb-890e-ea2029560554,Ralphs,638 Camino de los Mares,San Clemente,CA,92673-2843,33.45742416381836,-117.65153503417969,Overture Places 2026-07-22.0,2026-07-22,open
Ralphs,69cfcccf-f1b5-48af-8491-93981fe3785d,Ralphs,811 Avenida Talega,San Clemente,CA,92673-6523,33.462215423583984,-117.59828186035156,Overture Places 2026-07-22.0,2026-07-22,open
Ralphs,a81ef393-d9d5-41f3-be40-6996f5f08997,Ralphs,903 S El Camino Real,San Clemente,CA,92672-4257,33.42284393310547,-117.60867309570312,Overture Places 2026-07-22.0,2026-07-22,open
Ralphs,264cc055-f4f4-47d0-a26a-fa831fba4440,Ralphs,101 G St,San Diego,CA,92101-6833,32.71209716796875,-117.16336059570312,Overture Places 2026-07-22.0,2026-07-22,open
Ralphs,5e121ecf-8f12-43a8-8164-20fd8808322a,Ralphs Pharmacy,1020 University Ave,San Diego,CA,92103-7325,32.749637603759766,-117.15436553955078,Overture Places 2026-07-22.0,2026-07-22,open
Ralphs,b8d5dcfe-fd48-4fa0-87d4-ce05990a7d3c,Ralphs,10525 4S Commons Dr,San Diego,CA,92127-3512,33.01912307739258,-117.11272430419922,Overture Places 2026-07-22.0,2026-07-22,open
Ralphs,66bd8a95-0804-41b0-91d4-d70e1cbfcfe6,Ralphs,11875 Carmel Mountain Rd,San Diego,CA,92128-4602,32.98090744018555,-117.07559967041016,Overture Places 2026-07-22.0,2026-07-22,open
Ralphs,85e39fa8-446d-45b2-b6ff-e116d7b25d3d,Ralphs,1666 Rosecrans St,San Diego,CA,92106-2264,32.728546142578125,-117.22636413574219,Overture Places 2026-07-22.0,2026-07-22,open
Ralphs,122959fb-d0f3-4995-9086-31fb0a04c02e,Ralphs,3011 Alta View Dr,San Diego,CA,92139-3313,32.676944732666016,-117.0383071899414,Overture Places 2026-07-22.0,2026-07-22,open
Ralphs,5b44fea6-5703-44a5-a624-f31648e20b2f,Ralphs,3345 Sports Arena Blvd,San Diego,CA,92110-4567,32.75167465209961,-117.21097564697266,Overture Places 2026-07-22.0,2026-07-22,open
Ralphs,a1cc94fd-6958-4dcd-9bd2-3eed83c3c824,Ralphs Pharmacy,3345 Sports Arena Blvd,San Diego,CA,92110-4567,32.75173568725586,-117.21099090576172,Overture Places 2026-07-22.0,2026-07-22,open
Ralphs,3ac7d4e4-10fe-49ea-9127-23742a1c29e3,Ralphs,3455 Del Mar Heights Rd,San Diego,CA,92130-2120,32.9528923034668,-117.23175048828125,Overture Places 2026-07-22.0,2026-07-22,open
Ralphs,9dd55297-c304-482e-9a9e-cf2fce7d10d0,Ralphs,4315 Mission Blvd,San Diego,CA,92109,32.794395446777344,-117.2542724609375,Overture Places 2026-07-22.0,2026-07-22,open
Ralphs,2827b84e-6eb4-4484-bbfb-e75c9b4e9b5b,Ralphs,5680 Mission Center Rd,San Diego,CA,92108-4328,32.775779724121094,-117.1553726196289,Overture Places 2026-07-22.0,2026-07-22,open
Ralphs,db08b44c-bb37-41f4-ad58-0c53ca7c1954,Ralphs,6670 Montezuma Rd,San Diego,CA,92115-2828,32.769439697265625,-117.0542221069336,Overture Places 2026-07-22.0,2026-07-22,open
Ralphs,0b9b18b9-562d-4425-97e9-ad6b42ccbefc,Ralphs,201 Madonna Rd,San Luis Obispo,CA,93405-5401,35.26337814331055,-120.67577362060547,Overture Places 2026-07-22.0,2026-07-22,open
Ralphs,1d0d36b9-44cb-41f3-80ac-0d9c183f92bb,Ralphs,306 S Twin Oaks Valley Rd,San Marcos,CA,92078-4333,33.13062286376953,-117.16677856445312,Overture Places 2026-07-22.0,2026-07-22,open
Ralphs,9e1a6955-e7e1-4937-8747-ae62b9aca9f9,Ralphs,1050 S Western Ave,San Pedro,CA,90732-2428,33.75334548950195,-118.30754089355469,Overture Places 2026-07-22.0,2026-07-22,open
Ralphs,dc2ab07e-b26b-4cd3-a6d5-ff015071ce81,Ralphs Fresh Fare,100 W Carrillo St,Santa Barbara,CA,93101-3215,34.41999435424805,-119.70418548583984,Overture Places 2026-07-22.0,2026-07-22,open
Ralphs,c4988577-6c75-448e-91f9-5414a7b8f516,Ralphs,5170 Hollister Ave,Santa Barbara,CA,93111-2526,34.43578338623047,-119.80390930175781,Overture Places 2026-07-22.0,2026-07-22,open
Ralphs,ed17137a-bce6-44f5-875f-b8bc0ae57575,Ralphs,19340 Soledad Canyon Rd,Santa Clarita,CA,91351-2629,34.41464614868164,-118.47319030761719,Overture Places 2026-07-22.0,2026-07-22,open
Ralphs,51b99b3f-93fa-4896-9430-1f933e86c8a4,Ralphs Fresh Fare,1644 Cloverfield Blvd,Santa Monica,CA,90404-4006,34.027095794677734,-118.47371673583984,Overture Places 2026-07-22.0,2026-07-22,open
Ralphs,84a76ff6-961a-4c2f-a096-3e6829bceb5b,Ralphs Pharmacy,12470 Seal Beach Blvd,Seal Beach,CA,90740-2711,33.78093338012695,-118.06986999511719,Overture Places 2026-07-22.0,2026-07-22,open
Ralphs,7d16f636-af02-4e60-bb5a-5905b16eadf6,Ralphs,12921 Magnolia Blvd,Sherman Oaks,CA,91423-1618,34.16552734375,-118.41443634033203,Overture Places 2026-07-22.0,2026-07-22,open
Ralphs,057e9564-e84b-4ca7-808e-7e3dc9fdbdea,Ralphs,14049 Ventura Blvd,Sherman Oaks,CA,91423-3511,34.149925231933594,-118.43941497802734,Overture Places 2026-07-22.0,2026-07-22,open
Ralphs,68d9a55a-c97f-433d-bae8-85404bbeb777,Ralphs,2726 E Los Angeles Ave,Simi Valley,CA,93065-3936,34.27083969116211,-118.74239349365234,Overture Places 2026-07-22.0,2026-07-22,open
Ralphs,db19d122-06d5-4556-afda-b33bffa0988f,Ralphs Pharmacy,1745 Garfield Ave,South Pasadena,CA,91030-4923,34.10513687133789,-118.13519287109375,Overture Places 2026-07-22.0,2026-07-22,open
Ralphs,7da10d97-c249-43cc-a6a5-6860fe9f9e9d,Ralphs,24975 Pico Canyon Rd,Stevenson Ranch,CA,91381-1708,34.3824577331543,-118.57411193847656,Overture Places 2026-07-22.0,2026-07-22,open
Ralphs,7f04d0c1-1734-46d4-a76f-56550892fb6e,Ralphs,10901 Ventura Blvd,Studio City,CA,91604-3341,34.140113830566406,-118.36804962158203,Overture Places 2026-07-22.0,2026-07-22,open
Ralphs,4c303584-df3b-460b-8a54-64b4c98c47ff,Ralphs,10455 Sunland Blvd,Sunland,CA,91040-1905,34.260379791259766,-118.32675170898438,Overture Places 2026-07-22.0,2026-07-22,open
Ralphs,6753c5d1-69f8-48b2-826c-b4a9fd6324ff,Ralphs,33145 Temecula Pkwy,Temecula,CA,92592-9141,33.48430252075195,-117.079833984375,Overture Places 2026-07-22.0,2026-07-22,open
Ralphs,2e43dbdc-cc22-439d-9273-45086f2e7581,Ralphs,9470 Las Tunas Dr,Temple City,CA,91780-2138,34.105281829833984,-118.06414031982422,Overture Places 2026-07-22.0,2026-07-22,open
Ralphs,80fab4f3-3384-4d3e-abb2-43f3c02ee2a4,Ralphs,1500 N Moorpark Rd,Thousand Oaks,CA,91360-5129,34.19804000854492,-118.86721801757812,Overture Places 2026-07-22.0,2026-07-22,open
Ralphs,c0eb45a0-1cdb-476c-b474-6d6f68f3b86b,Ralphs,3963 E Thousand Oaks Blvd,Thousand Oaks,CA,91362-3610,34.163326263427734,-118.82343292236328,Overture Places 2026-07-22.0,2026-07-22,open
Ralphs,66f6a6e3-f7cd-461e-bff7-9433e5cd5669,Ralphs,583 N Ventu Park Rd,Thousand Oaks,CA,91320-2710,34.18746566772461,-118.91246795654297,Overture Places 2026-07-22.0,2026-07-22,open
Ralphs,944d6c80-23c1-4ece-97dd-b42960b61024,Ralphs,1770 W Carson St,Torrance,CA,90501-2821,33.830177307128906,-118.31111907958984,Overture Places 2026-07-22.0,2026-07-22,open
Ralphs,9283303f-26a9-4824-a2cc-81b226b2cd5c,Ralphs Fresh Fare,2909 Rolling Hills Rd,Torrance,CA,90505-7146,33.78937530517578,-118.34040832519531,Overture Places 2026-07-22.0,2026-07-22,open
Ralphs,fd26cc44-702f-4b0f-babf-b0409b03c0a7,Ralphs,3455 Sepulveda Blvd,Torrance,CA,90505-2606,33.82805252075195,-118.34563446044922,Overture Places 2026-07-22.0,2026-07-22,open
Ralphs,a7921974-af70-4a82-9de5-6c7602da6f32,Ralphs,5035 Pacific Coast Hwy,Torrance,CA,90505-5441,33.81352615356445,-118.36772918701172,Overture Places 2026-07-22.0,2026-07-22,open
Ralphs,d60c8900-2ad6-48c3-87af-03e610ab91e5,Ralphs,13321 Jamboree Rd,Tustin,CA,92782-9159,33.7293586730957,-117.7900390625,Overture Places 2026-07-22.0,2026-07-22,open
Ralphs,cf1713eb-c520-461d-9a6c-e05841558ddd,Ralphs,25930 McBean Pkwy,Valencia,CA,91355,34.404788970947266,-118.5516128540039,Overture Places 2026-07-22.0,2026-07-22,open
Ralphs,44dc6944-9a53-4836-bc8f-30e09a17ed82,Ralphs Fresh Fare,27760 McBean Pkwy,Valencia,CA,91354-1430,34.44585037231445,-118.55198669433594,Overture Places 2026-07-22.0,2026-07-22,open
Ralphs,dc02f5dd-8a6c-49db-9d32-80e21c91e7cb,Ralphs,14440 Burbank Blvd,Van Nuys,CA,91401-4823,34.17158508300781,-118.44708251953125,Overture Places 2026-07-22.0,2026-07-22,open
Ralphs,4bd7deea-cb42-4e7d-a00d-0bda6666f0ac,Ralphs,17250 Saticoy St,Van Nuys,CA,91406-2103,34.20701217651367,-118.50882720947266,Overture Places 2026-07-22.0,2026-07-22,open
Ralphs,0bbc6654-3f38-4d40-898f-4c626a1b3147,Ralphs,7221 Woodman Ave,Van Nuys,CA,91405-2621,34.20200729370117,-118.43205261230469,Overture Places 2026-07-22.0,2026-07-22,open
Ralphs,6749d06d-4321-40ba-bd4a-e5d775ec7104,Ralphs,1776 S Victoria Ave,Ventura,CA,93003-6592,34.258052825927734,-119.20894622802734,Overture Places 2026-07-22.0,2026-07-22,open
Ralphs,fb485179-da3a-4bb7-87f3-55b35c5a8021,Ralphs Fresh Fare,17801 Santiago Blvd,Villa Park,CA,92861-4133,33.81538391113281,-117.82157135009766,Overture Places 2026-07-22.0,2026-07-22,open
Ralphs,d25330f1-a910-4051-8b86-b8aa6e06e0b0,Ralphs,22915 Victory Blvd,West Hills,CA,91307-3533,34.1869010925293,-118.62641143798828,Overture Places 2026-07-22.0,2026-07-22,open
Ralphs,85c9ae0f-5957-4d04-84c6-3c3189057d78,Ralphs,1233 N La Brea Ave,West Hollywood,CA,90038-1023,34.0934944152832,-118.34461212158203,Overture Places 2026-07-22.0,2026-07-22,open
Ralphs,eb6f48c3-25e2-484d-a4b5-09c5de97febc,Ralphs Fresh Fare,9040 Beverly Blvd,West Hollywood,CA,90048-2418,34.076656341552734,-118.38910675048828,Overture Places 2026-07-22.0,2026-07-22,open
Ralphs,2b134212-1a82-42c8-be2f-5a4354398c9d,Ralphs,11825 Whittier Blvd,Whittier,CA,90601-3941,33.9820442199707,-118.04966735839844,Overture Places 2026-07-22.0,2026-07-22,open
Ralphs,586ebcaf-1a90-4fc2-944f-72f04256647d,Ralphs,14919 Whittier Blvd,Whittier,CA,90605-1762,33.95002365112305,-118.00730895996094,Overture Places 2026-07-22.0,2026-07-22,open
Ralphs,7a587306-a056-4a86-aed4-b65d563a21c1,Ralphs Fresh Fare,20060 Ventura Blvd,Woodland Hills,CA,91364-2637,34.17012023925781,-118.57038116455078,Overture Places 2026-07-22.0,2026-07-22,open
Smart & Final,5d28951a-c88e-450a-85ba-1f3fdc9347fa,Smart and Final,725 E Main St,Alhambra,CA,91801-4053,34.09943389892578,-118.11962890625,Overture Places 2026-07-22.0,2026-07-22,open
Smart & Final,c3b65ede-68dc-400c-8569-d150b51122ca,Smart and Final,630 N Euclid St,Anaheim,CA,92801-4616,33.84030532836914,-117.94012451171875,Overture Places 2026-07-22.0,2026-07-22,open
Smart & Final,f597ccc9-8088-4205-95ba-961e700e5f9e,Smart and Final,2638 Somersville Rd,Antioch,CA,94509-4428,38.00048828125,-121.8432388305664,Overture Places 2026-07-22.0,2026-07-22,open
Smart & Final,edab53e7-a0a3-49e7-967b-f1f36179b504,Smart & Final Extra!,1464 E Grand Ave,Arroyo Grande,CA,93420-2448,35.12212371826172,-120.6058349609375,Overture Places 2026-07-22.0,2026-07-22,open
Smart & Final,0175a29b-554c-4165-b273-94bbab2eb052,Smart & Final Extra!,8200 El Camino Real,Atascadero,CA,93422-5215,35.47563171386719,-120.65668487548828,Overture Places 2026-07-22.0,2026-07-22,open
Smart & Final,e8f41d33-d7dd-4a79-aba0-b80d6af56c32,Smart & Final Extra,2825 Grass Valley Hwy,Auburn,CA,95603-2542,38.939945220947266,-121.09769439697266,Overture Places 2026-07-22.0,2026-07-22,open
Smart & Final,0fc9f27d-ed5e-4050-be3a-4096fa4f2c78,Smart & Final Extra!,303 E Foothill Blvd,Azusa,CA,91702-2516,34.134437561035156,-117.90460205078125,Overture Places 2026-07-22.0,2026-07-22,open
Smart & Final,5b220536-21b8-4fcf-b940-df680c6cf874,Smart & Final Extra,1725 Golden State Ave,Bakersfield,CA,93301-1009,35.38984298706055,-119.0252456665039,Overture Places 2026-07-22.0,2026-07-22,open
Smart & Final,c3e2cbdb-2d1f-478e-bf11-8875f13541b1,Smart and Final,2644 Mt Vernon Ave,Bakersfield,CA,93306-2924,35.39282989501953,-118.96905517578125,Overture Places 2026-07-22.0,2026-07-22,open
Smart & Final,eac4e21c-7b8d-43c7-ad41-df096948e20a,Smart and Final,2749 Calloway Dr,Bakersfield,CA,93312-2638,35.385562896728516,-119.11175537109375,Overture Places 2026-07-22.0,2026-07-22,open
Smart & Final,34e58206-560c-44d0-97f6-dc04987a197b,Smart and Final,3400 White Ln,Bakersfield,CA,93309-6821,35.318138122558594,-119.04092407226562,Overture Places 2026-07-22.0,2026-07-22,open
Smart & Final,00bf7bf2-5f44-4455-af81-638b22a74416,Smart & Final Extra!,4980 Stockdale Hwy,Bakersfield,CA,93309-2638,35.35548400878906,-119.05736541748047,Overture Places 2026-07-22.0,2026-07-22,open
Smart & Final,b3f2dfb6-66e7-492c-a311-1b54a1d4c1e7,Smart & Final,3123 Baldwin Park Blvd,Baldwin Park,CA,91706-4783,34.070587158203125,-117.97965240478516,Overture Places 2026-07-22.0,2026-07-22,open
Smart & Final,9604fa6c-56a6-48a8-a3d9-869302f17ed5,Smart & Final,2971 W Ramsey St,Banning,CA,92220-3721,33.92605972290039,-116.90933990478516,Overture Places 2026-07-22.0,2026-07-22,open
Smart & Final,d2968e6d-f7c1-4ec6-8975-eb3279d4e546,Smart and Final,5029 E Florence Ave,Bell,CA,90201-3802,33.9704475402832,-118.17684936523438,Overture Places 2026-07-22.0,2026-07-22,open
Smart & Final,061aa357-9aae-4ef4-87b8-21e9f5133256,Smart and Final,15930 Bellflower Blvd,Bellflower,CA,90706-4602,33.88838577270508,-118.12406921386719,Overture Places 2026-07-22.0,2026-07-22,open
Smart & Final,481096ea-d0e7-4da8-a5f9-d73e581941c9,Smart and Final,1180 N Main St,Bishop,CA,93514-2472,37.37330627441406,-118.39468383789062,Overture Places 2026-07-22.0,2026-07-22,open
Smart & Final,bc34474f-c6fa-47ef-b82c-0d5d39eda5ab,Smart & Final,701 E Hobson Way,Blythe,CA,92225-1704,33.611297607421875,-114.58879089355469,Overture Places 2026-07-22.0,2026-07-22,open
Smart & Final,4b436d16-292a-4e50-b7a6-0ba6b6db4deb,Smart and Final,7930 Valley View St,Buena Park,CA,90620-2354,33.84709548950195,-118.02691650390625,Overture Places 2026-07-22.0,2026-07-22,open
Smart & Final,0ed04783-ade4-41a8-9c4e-11b7bae6dccb,Smart & Final,3708 W Burbank Blvd,Burbank,CA,91505-2239,34.174217224121094,-118.3507308959961,Overture Places 2026-07-22.0,2026-07-22,open
Smart & Final,3a644705-1310-4cb9-947d-5562c4cde8b1,Smart and Final,3830 W Verdugo Ave,Burbank,CA,91505-3441,34.159908294677734,-118.34500885009766,Overture Places 2026-07-22.0,2026-07-22,open
Smart & Final,d74a6ca9-1ade-428d-b788-2788c194776f,Smart & Final Extra!,389 Arneill Rd,Camarillo,CA,93010-6405,34.22060012817383,-119.03951263427734,Overture Places 2026-07-22.0,2026-07-22,open
Smart & Final,469c6619-4697-4c71-b1be-ec94e53ea11a,Smart and Final,34091 Doheny Park Rd,Capistrano Beach,CA,92624-1106,33.46782302856445,-117.67796325683594,Overture Places 2026-07-22.0,2026-07-22,open
Smart & Final,6bdf4285-1b8d-4de1-a6fe-9d711fc2825d,Smart & Final Extra!,955 Carlsbad Village Dr,Carlsbad,CA,92008-1802,33.16178894042969,-117.34346771240234,Overture Places 2026-07-22.0,2026-07-22,open
Smart & Final,ecb2beee-a526-4e18-a133-eab579ec1e71,Smart & Final Extra!,7223 Fair Oaks Blvd,Carmichael,CA,95608-6410,38.63266372680664,-121.32965850830078,Overture Places 2026-07-22.0,2026-07-22,open
Smart & Final,af90be61-21d2-4514-9f50-353b4d1abe2d,Smart & Final,850 Linden Ave,Carpinteria,CA,93013-2043,34.39731979370117,-119.51895904541016,Overture Places 2026-07-22.0,2026-07-22,open
Smart & Final,139f2064-2915-4a62-b451-81bb99fa728a,Smart & Final,20410 S Susana Rd,Carson,CA,90810-1135,33.84621810913086,-118.2061767578125,Overture Places 2026-07-22.0,2026-07-22,open
Smart & Final,aae1d0bd-15fe-4f20-86f5-77aa4e816129,Smart and Final,10340 Mason Ave,Chatsworth,CA,91311-3305,34.258514404296875,-118.57887268066406,Overture Places 2026-07-22.0,2026-07-22,open
Smart & Final,e3c4f383-e64d-4582-9f1f-9b1f47bf0e55,Smart and Final,12164 Central Ave,Chino,CA,91710-2420,34.03252029418945,-117.69090270996094,Overture Places 2026-07-22.0,2026-07-22,open
Smart & Final,fc9adb9f-4ccd-4e49-8e67-d11be496d761,Smart & Final Extra!,4200 Chino Hills Pkwy Ste 400,Chino Hills,CA,91709,33.9838981628418,-117.71260833740234,Overture Places 2026-07-22.0,2026-07-22,open
Smart & Final,f0065241-c6c2-49c7-97ce-9a1079b45f6d,Smart and Final,3141 Main St,Chula Vista,CA,91911-5705,32.59383773803711,-117.0658950805664,Overture Places 2026-07-22.0,2026-07-22,open
Smart & Final,569031b4-adc8-4abd-8ef9-88d53d872b4e,Smart and Final,360 E H St,Chula Vista,CA,91910-7483,32.63910675048828,-117.0508804321289,Overture Places 2026-07-22.0,2026-07-22,open
Smart & Final,3d4d6a25-0257-411a-a641-bfd035104d1d,Smart and Final,40 N 4th Ave,Chula Vista,CA,91910-1013,32.65196228027344,-117.08982849121094,Overture Places 2026-07-22.0,2026-07-22,open
Smart & Final,3492f778-4569-4068-be7d-90eb9fa9d0ec,Smart & Final Extra!,7945 Madison Ave,Citrus Heights,CA,95610-7801,38.66530990600586,-121.2707748413086,Overture Places 2026-07-22.0,2026-07-22,open
Smart & Final,d0485e61-f0a9-433e-8be7-8577dd584eb0,Smart & Final,534 Shaw Ave,Clovis,CA,93612-3807,36.80755615234375,-119.70314025878906,Overture Places 2026-07-22.0,2026-07-22,open
Smart & Final,4d201b16-0d16-4f2d-9600-0e3fbafcf794,Smart and Final,790 W Shaw Ave,Clovis,CA,93612-3216,36.80722427368164,-119.72663116455078,Overture Places 2026-07-22.0,2026-07-22,open
Smart & Final,b54c0043-009f-49a8-81d9-cd43223e8bb4,Smart and Final,50000 CA-86,Coachella,CA,92236,33.686317443847656,-116.1803207397461,Overture Places 2026-07-22.0,2026-07-22,open
Smart & Final,4bad2e4f-0cef-4690-8305-ba1a9c001268,Smart & Final Extra!,1023 N Mt Vernon Ave,Colton,CA,92324-2500,34.07461166381836,-117.31454467773438,Overture Places 2026-07-22.0,2026-07-22,open
Smart & Final,c534d22e-93aa-47ba-a728-958e7c22d63d,Smart and Final,280 E Compton Blvd,Compton,CA,90220-2413,33.894779205322266,-118.22090148925781,Overture Places 2026-07-22.0,2026-07-22,open
Smart & Final,58ed65c8-64bd-4c18-a314-0730e059dbb4,Smart and Final,760 N Main St,Corona,CA,92878-5839,33.89338684082031,-117.56572723388672,Overture Places 2026-07-22.0,2026-07-22,open
Smart & Final,311d6379-492b-4f5e-a175-6f3f9e98a666,Smart & Final Extra!,928 E Ontario Ave,Corona,CA,92881-3616,33.85050964355469,-117.55081939697266,Overture Places 2026-07-22.0,2026-07-22,open
Smart & Final,75fbdae2-c57d-499c-b07c-331f46fd18aa,Smart & Final Extra!,150 B Ave,Coronado,CA,92118-1511,32.697269439697266,-117.17124938964844,Overture Places 2026-07-22.0,2026-07-22,open
Smart & Final,01209d27-980e-4541-922f-31a296fa3a82,Smart & Final,707 W 19th St,Costa Mesa,CA,92627-3516,33.64285659790039,-117.92827606201172,Overture Places 2026-07-22.0,2026-07-22,open
Smart & Final,c87ab532-1519-4b43-b33b-09cde97c4e43,Smart & Final Extra!,114 N Azusa Ave,Covina,CA,91722-3604,34.086822509765625,-117.90628814697266,Overture Places 2026-07-22.0,2026-07-22,open
Smart & Final,f20de981-4b8f-4de5-8eb8-b4a48cbe325a,Smart & Final,6967 Mission St,Daly City,CA,94014-2036,37.69651794433594,-122.4640121459961,Overture Places 2026-07-22.0,2026-07-22,open
Smart & Final,7beb5b13-376e-4179-89a5-43544f14405f,Smart & Final,460 Diablo Rd,Danville,CA,94526-3503,37.82401657104492,-121.99234008789062,Overture Places 2026-07-22.0,2026-07-22,open
Smart & Final,98306652-9e2e-44ca-baa7-a81b2986a9e5,Smart & Final Extra!,1700 High St,Delano,CA,93215-1721,35.77766799926758,-119.24866485595703,Overture Places 2026-07-22.0,2026-07-22,open
Smart & Final,ca0d6cef-5b52-445e-af85-55df75aeea7e,Smart & Final,240 S Diamond Bar Blvd,Diamond Bar,CA,91765-1605,34.0217170715332,-117.80949401855469,Overture Places 2026-07-22.0,2026-07-22,open
Smart & Final,1e95c0ea-43e4-4a2a-9298-4d71b4fbbd20,Smart & Final Extra!,1193 Huntington Dr,Duarte,CA,91010-2400,34.14047622680664,-117.97899627685547,Overture Places 2026-07-22.0,2026-07-22,open
Smart & Final,aa8ec105-c530-4b2a-8356-815afe0ab03c,Smart & Final,13346 Limonite Ave,Eastvale,CA,92880,33.97660827636719,-117.57443237304688,Overture Places 2026-07-22.0,2026-07-22,open
Smart & Final,bc0743e1-2bfb-4bf0-b292-44833ad58eef,Smart & Final Extra!,1090 Fletcher Pkwy,El Cajon,CA,92020-1822,32.808170318603516,-116.97500610351562,Overture Places 2026-07-22.0,2026-07-22,open
Smart & Final,ba814219-82c1-4821-866a-27e2487a8118,Smart & Final Extra!,13439 Camino Canada,El Cajon,CA,92021-8811,32.82430648803711,-116.9036865234375,Overture Places 2026-07-22.0,2026-07-22,open
Smart & Final,285ecd96-3f9f-4885-a2f2-acc71b1442de,Smart & Final Extra!,2800 Fletcher Pkwy,El Cajon,CA,92020-2111,32.800926208496094,-117.00373077392578,Overture Places 2026-07-22.0,2026-07-22,open
Smart & Final,2ddf3f78-c050-4e04-aa97-595ee4999553,Smart and Final,650 N Imperial Ave,El Centro,CA,92243-1912,32.7978515625,-115.5715560913086,Overture Places 2026-07-22.0,2026-07-22,open
Smart & Final,7e2fff7e-410c-4e89-9fb0-ba417536b9f1,Smart & Final,11110 Ramona Blvd,El Monte,CA,91731-3139,34.07255554199219,-118.03124237060547,Overture Places 2026-07-22.0,2026-07-22,open
Smart & Final,62919d82-45cf-47cb-b941-e46ed1c6ecd7,Smart and Final,8787 Elk Grove Blvd,Elk Grove,CA,95624-1742,38.40998077392578,-121.37708282470703,Overture Places 2026-07-22.0,2026-07-22,open
Smart & Final,1e675881-b7ed-4ea8-99d1-1c117221ec7d,Smart & Final Extra!,479 Encinitas Blvd,Encinitas,CA,92024-3729,33.04645538330078,-117.28225708007812,Overture Places 2026-07-22.0,2026-07-22,open
Smart & Final,4a1dce1c-0517-41d3-92ea-71dd45a24015,Smart and Final,16847 Ventura Blvd,Encino,CA,91436-1703,34.15974426269531,-118.50009155273438,Overture Places 2026-07-22.0,2026-07-22,open
Smart & Final,f8ccbb0f-be4d-440d-8009-9916efe51511,Smart & Final Extra!,395 N Escondido Blvd,Escondido,CA,92025-2624,33.12238311767578,-117.08777618408203,Overture Places 2026-07-22.0,2026-07-22,open
Smart & Final,b03f91dd-84e2-41ac-8bb1-a8b1d9ee58fa,Smart and Final,2525 N Texas St,Fairfield,CA,94533-1697,38.2752571105957,-122.03581237792969,Overture Places 2026-07-22.0,2026-07-22,open
Smart & Final,4262c6d5-8ebe-48c3-a138-8fb3fe08438c,Smart & Final,17000 Foothill Blvd,Fontana,CA,92335-3500,34.10744857788086,-117.43296813964844,Overture Places 2026-07-22.0,2026-07-22,open
Smart & Final,214834c5-4846-4b6f-80e0-a7efdfe7c157,Smart and Final,8956 Warner Ave,Fountain Valley,CA,92708-3211,33.714908599853516,-117.97307586669922,Overture Places 2026-07-22.0,2026-07-22,open
Smart & Final,ea2878f4-7b7f-4ded-9c61-c58af77af458,Smart and Final,3171 Walnut Ave,Fremont,CA,94538-2216,37.551326751708984,-121.98054504394531,Overture Places 2026-07-22.0,2026-07-22,open
Smart & Final,0ea59c72-1ece-4833-87dd-21961b075e24,Smart and Final,2425 N Blackstone Ave,Fresno,CA,93703-1748,36.77277374267578,-119.79212188720703,Overture Places 2026-07-22.0,2026-07-22,open
Smart & Final,cedb4fa6-a863-4f53-9dfb-4782cf161612,Smart and Final,3330 W Shaw Ave,Fresno,CA,93711-3232,36.80989456176758,-119.8518295288086,Overture Places 2026-07-22.0,2026-07-22,open
Smart & Final,1c291714-9f2d-4535-8568-5224dc8249b5,Smart and Final,5700 N Blackstone Ave,Fresno,CA,93710-5006,36.82099151611328,-119.78836822509766,Overture Places 2026-07-22.0,2026-07-22,open
Smart & Final,79097e16-ce3d-44f6-bfbd-78c1d6e30bf0,Smart & Final,631 H St,Fresno,CA,93721-2804,36.72847366333008,-119.78890228271484,Overture Places 2026-07-22.0,2026-07-22,open
Smart & Final,4ff23122-ffec-48a1-9747-743b0dcf2480,Smart & Final,7733 N 1st St,Fresno,CA,93720-0962,36.85065841674805,-119.7762222290039,Overture Places 2026-07-22.0,2026-07-22,open
Smart & Final,10aebdb5-659d-4609-a9a0-845dc1e65765,Smart and Final,2475 E Chapman Ave,Fullerton,CA,92831-3603,33.8748779296875,-117.88774871826172,Overture Places 2026-07-22.0,2026-07-22,open
Smart & Final,198ca740-8298-48c1-9628-e1b82475bbc0,Smart and Final,250 E 10th St,Gilroy,CA,95020-6579,37.00004196166992,-121.56254577636719,Overture Places 2026-07-22.0,2026-07-22,open
Smart & Final,f47b5f87-16c2-4cea-8ebe-52d757406f83,Smart & Final Extra!,1855 W Glenoaks Blvd,Glendale,CA,91201-1545,34.17466354370117,-118.2923355102539,Overture Places 2026-07-22.0,2026-07-22,open
Smart & Final,392ffd39-2e96-458a-91dc-d4554dddf8c6,Smart and Final,210 N Verdugo Rd,Glendale,CA,91206-3938,34.148677825927734,-118.2347640991211,Overture Places 2026-07-22.0,2026-07-22,open
Smart & Final,0625ae16-ef4c-4d19-a416-31a7f0b93e63,Smart and Final,7090 Hollister Ave,Goleta,CA,93117-2888,34.430763244628906,-119.87487030029297,Overture Places 2026-07-22.0,2026-07-22,open
Smart & Final,beea5367-ec68-409e-ba2f-559ac5497aa1,Smart & Final,552 N 11th Ave,Hanford,CA,93230-4491,36.32996368408203,-119.6566162109375,Overture Places 2026-07-22.0,2026-07-22,open
Smart & Final,03047767-d3a1-4e3b-bdb1-47efa872d835,Smart & Final Extra!,1094 Sueirro St,Hayward,CA,94541-5915,37.66145324707031,-122.1163330078125,Overture Places 2026-07-22.0,2026-07-22,open
Smart & Final,0cd6d189-8ed3-464a-b8b9-e4c9796bb208,Smart and Final,2525 W Florida Ave,Hemet,CA,92545-4615,33.745994567871094,-116.99842071533203,Overture Places 2026-07-22.0,2026-07-22,open
Smart & Final,00a31dd7-c615-40c1-9bff-737d342bc67b,Smart and Final,15111 Bear Valley Rd,Hesperia,CA,92345-1663,34.46986770629883,-117.33362579345703,Overture Places 2026-07-22.0,2026-07-22,open
Smart & Final,a2db4025-fe60-42ed-b226-9f1ea5a0cd1a,Smart and Final,27550 Baseline St,Highland,CA,92346-3207,34.12197494506836,-117.20352935791016,Overture Places 2026-07-22.0,2026-07-22,open
Smart & Final,e3cd7cc7-c937-4cf4-91fb-2ae8f46ecd60,Smart & Final Extra!,6882 Edinger Ave,Huntington Beach,CA,92647-3402,33.72858810424805,-118.00889587402344,Overture Places 2026-07-22.0,2026-07-22,open
Smart & Final,59d14ca2-f105-4538-8bd3-c9f0bcb94de8,Smart & Final Extra!,9062 Adams Ave,Huntington Beach,CA,92646-3402,33.67113494873047,-117.96994018554688,Overture Places 2026-07-22.0,2026-07-22,open
Smart & Final,971723a7-f7da-4de8-ab16-8f80f6a42c65,Smart and Final,3111 E Florence Ave,Huntington Park,CA,90255-5829,33.97311782836914,-118.21202087402344,Overture Places 2026-07-22.0,2026-07-22,open
Smart & Final,de56f512-429e-468c-9160-19bce8b802dd,Smart and Final,10100 Crenshaw Blvd,Inglewood,CA,90303-1500,33.94453811645508,-118.32585144042969,Overture Places 2026-07-22.0,2026-07-22,open
Smart & Final,3b6ce789-ced0-4890-8f7f-961a3ad10707,Smart & Final,1575 Centinela Ave,Inglewood,CA,90302-1143,33.976715087890625,-118.36622619628906,Overture Places 2026-07-22.0,2026-07-22,open
Smart & Final,d32b80ac-e184-404b-bb5e-0c66f11fd48d,Smart and Final,14417 Culver Dr,Irvine,CA,92604-0305,33.70642852783203,-117.78730773925781,Overture Places 2026-07-22.0,2026-07-22,open
Smart & Final,5d0caa08-1572-4e23-bb9b-013a93c270fb,Smart & Final Extra!,1941 W Imperial Hwy,La Habra,CA,90631-6975,33.91846466064453,-117.9666748046875,Overture Places 2026-07-22.0,2026-07-22,open
Smart & Final,3065e219-f566-4210-a2d9-b077e137d4c3,Smart & Final,3681 Avocado Blvd,La Mesa,CA,91941-7337,32.7465705871582,-116.95875549316406,Overture Places 2026-07-22.0,2026-07-22,open
Smart & Final,359eb207-288a-4abf-bdbc-e2e0674ec1dd,Smart and Final,15427 Amar Rd,La Puente,CA,91744-2803,34.03764343261719,-117.94881439208984,Overture Places 2026-07-22.0,2026-07-22,open
Smart & Final,b09f2606-4631-4d48-a1c7-dd400f4e04a8,Smart & Final Extra!,79770 Highway 111,La Quinta,CA,92253-4538,33.7086296081543,-116.27293395996094,Overture Places 2026-07-22.0,2026-07-22,open
Smart & Final,ca510d5c-f184-46e2-b196-e02363a07092,Smart & Final,26560 Moulton Pkwy,Laguna Hills,CA,92653-6230,33.576961517333984,-117.701171875,Overture Places 2026-07-22.0,2026-07-22,open
Smart & Final,07c774c7-b679-4f50-9db4-2aaef76128a2,Smart & Final Extra!,30252 Crown Valley Pkwy,Laguna Niguel,CA,92677-2332,33.52267837524414,-117.71440124511719,Overture Places 2026-07-22.0,2026-07-22,open
Smart & Final,441905b3-7899-42e3-a6a4-200ee8dbbefd,Smart & Final Extra,23631 El Toro Rd,Lake Forest,CA,92630-4780,33.620967864990234,-117.70401000976562,Overture Places 2026-07-22.0,2026-07-22,open
Smart & Final,576efe56-eafe-499e-b4c5-ac43a652f1a1,Smart and Final,4237 Woodruff Ave,Lakewood,CA,90713-3142,33.834712982177734,-118.11775207519531,Overture Places 2026-07-22.0,2026-07-22,open
Smart & Final,39100afb-0ac2-4abe-9267-009dacde9d7f,Smart and Final,2058 W Avenue J,Lancaster,CA,93536-5913,34.68873977661133,-118.16767883300781,Overture Places 2026-07-22.0,2026-07-22,open
Smart & Final,f8db2c24-dfb7-490a-b56b-0e6be34fa32d,Smart and Final,15205 Hawthorne Blvd,Lawndale,CA,90260-2139,33.89362716674805,-118.35331726074219,Overture Places 2026-07-22.0,2026-07-22,open
Smart & Final,ae75ada2-a952-415d-9b32-42d59d684736,Smart and Final,215 E Lodi Ave,Lodi,CA,95240-2908,38.13107681274414,-121.26913452148438,Overture Places 2026-07-22.0,2026-07-22,open
Smart & Final,7dec8ad9-c5c5-4bb9-be70-a502820767ef,Smart and Final,1320 Atlantic Ave,Long Beach,CA,90813-3392,33.78313064575195,-118.18443298339844,Overture Places 2026-07-22.0,2026-07-22,open
Smart & Final,530a6c13-f16d-4a7e-992d-d7d90042939b,Smart and Final,4480 Atlantic Ave,Long Beach,CA,90807-2207,33.8392219543457,-118.18423461914062,Overture Places 2026-07-22.0,2026-07-22,open
Smart & Final,005c2072-3fea-4ed2-a6ea-dcebe1667af6,Smart & Final Extra!,644 Redondo Ave,Long Beach,CA,90814-1453,33.774574279785156,-118.15187072753906,Overture Places 2026-07-22.0,2026-07-22,open
Smart & Final,b4194d8e-17aa-44f7-b8eb-f7152bb75e08,Smart and Final,10113 Venice Blvd,Los Angeles,CA,90034,34.022193908691406,-118.40170288085938,Overture Places 2026-07-22.0,2026-07-22,open
Smart & Final,520712bc-739a-4ff1-826a-99a6738f16db,Smart and Final,11221 W Pico Blvd,Los Angeles,CA,90064-1714,34.03657913208008,-118.4375228881836,Overture Places 2026-07-22.0,2026-07-22,open
Smart & Final,ba6c74d9-2df4-406d-b495-6fcb3fe84133,Smart & Final,1125 E El Segundo Blvd,Los Angeles,CA,90059-3101,33.916927337646484,-118.25479125976562,Overture Places 2026-07-22.0,2026-07-22,open
Smart & Final,1ffcfa19-413c-41aa-91cf-990415dfd924,Smart & Final,1216 Compton Ave,Los Angeles,CA,90021-2331,34.02752685546875,-118.24188995361328,Overture Places 2026-07-22.0,2026-07-22,open
Smart & Final,8572970f-8607-4ae2-8b75-541ddba79250,Smart & Final,12210 Santa Monica Blvd,Los Angeles,CA,90025-2518,34.03963851928711,-118.46449279785156,Overture Places 2026-07-22.0,2026-07-22,open
Smart & Final,e5c55568-de04-44a5-89ee-8b71e14b1c95,Smart & Final Extra!,16210 Devonshire St,Los Angeles,CA,91344-6909,34.25674057006836,-118.48578643798828,Overture Places 2026-07-22.0,2026-07-22,open
Smart & Final,c45a242c-bc71-4b72-b7b5-e6d348527d1a,Smart & Final Extra!,1636 W 25th St,Los Angeles,CA,90732-4302,33.723907470703125,-118.31343078613281,Overture Places 2026-07-22.0,2026-07-22,open
Smart & Final,1ed694ce-388e-40c3-87cc-b328d1fd46f6,Smart & Final Extra,1833 S La Cienega Blvd,Los Angeles,CA,90035-4662,34.043800354003906,-118.37908935546875,Overture Places 2026-07-22.0,2026-07-22,open
Smart & Final,49da9e88-670e-4412-9176-f57b9d8553d4,Smart & Final Extra!,22631 Ventura Blvd,Los Angeles,CA,91364-1416,34.16785430908203,-118.6201400756836,Overture Places 2026-07-22.0,2026-07-22,open
Smart & Final,fe582445-e4b1-46ee-b334-ec28a2f665f0,Smart & Final,2308 E 4th St,Los Angeles,CA,90033-4306,34.04069900512695,-118.21300506591797,Overture Places 2026-07-22.0,2026-07-22,open
Smart & Final,9900dd5b-9703-4de1-8d10-a84283b9e8f5,Smart and Final,2511 Daly St,Los Angeles,CA,90031-2222,34.075408935546875,-118.21646118164062,Overture Places 2026-07-22.0,2026-07-22,open
Smart & Final,5135f43c-8733-40f0-94f1-fcdf08ef7711,Smart & Final,2720 Beverly Blvd,Los Angeles,CA,90057-1008,34.06978225708008,-118.27842712402344,Overture Places 2026-07-22.0,2026-07-22,open
Smart & Final,9fb9a92e-c901-480c-9861-94c9637d217f,Smart and Final,2929 Crenshaw Blvd,Los Angeles,CA,90016-4266,34.02827072143555,-118.33561706542969,Overture Places 2026-07-22.0,2026-07-22,open
Smart & Final,dd2516f3-bd17-4ad6-94fd-4315e5228dd4,Smart & Final,2949 W Pico Blvd,Los Angeles,CA,90006-3809,34.0474739074707,-118.30485534667969,Overture Places 2026-07-22.0,2026-07-22,open
Smart & Final,f7bc0359-19e4-43b4-9398-b2c40e04270d,Smart & Final,3607 S Vermont Ave,Los Angeles,CA,90007-3945,34.022865295410156,-118.2922134399414,Overture Places 2026-07-22.0,2026-07-22,open
Smart & Final,a95a0876-7fab-42e7-97ce-4be380f1e2bf,Smart and Final,4550 W Pico Blvd,Los Angeles,CA,90019-4257,34.047813415527344,-118.3357162475586,Overture Places 2026-07-22.0,2026-07-22,open
Smart & Final,a4748f7b-04dd-4139-b23c-f5a04635bc16,Smart and Final,5555 Wilshire Blvd,Los Angeles,CA,90036-3808,34.06285858154297,-118.349609375,Overture Places 2026-07-22.0,2026-07-22,open
Smart & Final,8e49ccce-5679-4674-9cd5-d321216e9c73,Smart & Final,6060 N Figueroa St,Los Angeles,CA,90042-4232,34.11143493652344,-118.18788146972656,Overture Places 2026-07-22.0,2026-07-22,open
Smart & Final,81049406-970b-4c2c-870e-47888d2ff554,Smart & Final,8137 S Vermont Ave,Los Angeles,CA,90044-3535,33.96456527709961,-118.29210662841797,Overture Places 2026-07-22.0,2026-07-22,open
Smart & Final,e22201dd-f784-4c63-9cd5-8f2f865d4b7a,Smart and Final,845 S Figueroa St,Los Angeles,CA,90017-2515,34.04771041870117,-118.26295471191406,Overture Places 2026-07-22.0,2026-07-22,open
Smart & Final,e5a17169-ea6e-4027-bc5c-f0f114074e52,Smart and Final,939 N Western Ave,Los Angeles,CA,90029-3246,34.08808517456055,-118.30979919433594,Overture Places 2026-07-22.0,2026-07-22,open
Smart & Final,21d8564e-e1a6-4290-9e80-865020f2c476,Smart & Final,9850 Laurel St,Los Angeles,CA,90002-1846,33.94777297973633,-118.23031616210938,Overture Places 2026-07-22.0,2026-07-22,open
Smart & Final,c738c1a0-1b8b-4205-a3f8-2057278fe7e6,Smart and Final,10833 Long Beach Blvd,Lynwood,CA,90262-1912,33.9343147277832,-118.21375274658203,Overture Places 2026-07-22.0,2026-07-22,open
Smart & Final,1cc7acc2-28de-466d-babe-f5bfcac54d90,Smart & Final,2237 W Cleveland Ave,Madera,CA,93637-8716,36.97678756713867,-120.08390808105469,Overture Places 2026-07-22.0,2026-07-22,open
Smart & Final,88f0935c-2137-4cda-b870-43592cc04bdd,Smart & Final Extra!,1425 Martin Luther King Jr Way,Merced,CA,95340-6139,37.29817199707031,-120.48426818847656,Overture Places 2026-07-22.0,2026-07-22,open
Smart & Final,004b0402-10b6-4c0c-9cc0-54b86af06cd1,Smart and Final,401 Jacklin Rd,Milpitas,CA,95035-3226,37.44770050048828,-121.90243530273438,Overture Places 2026-07-22.0,2026-07-22,open
Smart & Final,9c95ebcf-78cf-417a-976c-a5f905d5c506,Smart & Final Extra,26911 Trabuco Rd,Mission Viejo,CA,92691-3506,33.620994567871094,-117.65950775146484,Overture Places 2026-07-22.0,2026-07-22,open
Smart & Final,8004bd7b-22d0-4729-9b20-44536b9a889f,Smart and Final,1801 H St,Modesto,CA,95354-1221,37.644508361816406,-120.99114227294922,Overture Places 2026-07-22.0,2026-07-22,open
Smart & Final,0a4c0b4e-1b70-4fd8-b8bc-316dd63b4e8e,Smart & Final,2900 Standiford Ave,Modesto,CA,95350-0167,37.68354797363281,-121.04904174804688,Overture Places 2026-07-22.0,2026-07-22,open
Smart & Final,1fd22649-5298-4cb3-93d7-01c27abcbafd,Smart and Final,855 N Wilcox Ave,Montebello,CA,90640-1801,34.03143310546875,-118.12596130371094,Overture Places 2026-07-22.0,2026-07-22,open
Smart & Final,4f3d93a2-222d-43bc-ab94-cf9f1ca84626,Smart and Final,864 New Los Angeles Ave,Moorpark,CA,93021-3585,34.28055953979492,-118.86457061767578,Overture Places 2026-07-22.0,2026-07-22,open
Smart & Final,78801c4a-e474-4249-9c7c-85fb7dddd48a,Smart and Final,25050 Alessandro Blvd,Moreno Valley,CA,92553-4313,33.91865539550781,-117.2252197265625,Overture Places 2026-07-22.0,2026-07-22,open
Smart & Final,2c03fde8-5e24-43b1-b554-8207a19d8153,Smart and Final,141 E El Camino Real,Mountain View,CA,94040-2701,37.37873077392578,-122.07168579101562,Overture Places 2026-07-22.0,2026-07-22,open
Smart & Final,cb535d29-3464-4e5c-b21e-8914ed03e583,Smart and Final,25060 Madison Ave,Murrieta,CA,92562-8916,33.558563232421875,-117.19998931884766,Overture Places 2026-07-22.0,2026-07-22,open
Smart & Final,999e366d-feb5-4575-afde-d18ff73b7f22,Smart and Final,1220 E Plaza Blvd,National City,CA,91950-3788,32.67612075805664,-117.0935287475586,Overture Places 2026-07-22.0,2026-07-22,open
Smart & Final,4b800ba3-51f4-4648-8531-3934cc7bd20a,Smart & Final Extra!,6601 Laurel Canyon Blvd,North Hollywood,CA,91606-1522,34.19077682495117,-118.39751434326172,Overture Places 2026-07-22.0,2026-07-22,open
Smart & Final,b87c7af2-e703-4507-bf12-e802d2b33f0b,Smart & Final Extra!,18555 Devonshire St,Northridge,CA,91324,34.25840759277344,-118.53780364990234,Overture Places 2026-07-22.0,2026-07-22,open
Smart & Final,324634c2-20a1-4222-9ec1-ffaa2c5f8cce,Smart and Final,10935 Firestone Blvd,Norwalk,CA,90650-2242,33.9236946105957,-118.10041046142578,Overture Places 2026-07-22.0,2026-07-22,open
Smart & Final,5875806f-6881-4a0b-8659-b756cabac775,Smart & Final Extra!,1243 42nd Ave,Oakland,CA,94601-4007,37.77289581298828,-122.21726989746094,Overture Places 2026-07-22.0,2026-07-22,open
Smart & Final,54987cf1-8aad-4ad1-b5ed-e0c02485b1a6,Smart & Final Extra!,1737 Oceanside Blvd,Oceanside,CA,92054-3453,33.18965148925781,-117.36003875732422,Overture Places 2026-07-22.0,2026-07-22,open
Smart & Final,5aba2503-9871-4863-ae09-1a989fa3fccd,Smart and Final Extra,1337 E 4th St,Ontario,CA,91764-3035,34.07892608642578,-117.62738800048828,Overture Places 2026-07-22.0,2026-07-22,open
Smart & Final,1617cd1a-2bc6-4b42-b51f-1ccd3fb35f2f,Smart and Final,1401 E Katella Ave,Orange,CA,92867-5023,33.81001281738281,-117.83905792236328,Overture Places 2026-07-22.0,2026-07-22,open
Smart & Final,04c207dc-5371-4170-aa10-ec3db04aca6d,Smart and Final,355 Oro Dam Blvd E,Oroville,CA,95965,39.4969367980957,-121.57341766357422,Overture Places 2026-07-22.0,2026-07-22,open
Smart & Final,909d4984-9af1-4053-9261-45ea377fac99,Smart & Final,1341 W Channel Islands Blvd,Oxnard,CA,93033-4203,34.176918029785156,-119.19328308105469,Overture Places 2026-07-22.0,2026-07-22,open
Smart & Final,77664aa1-6cdf-47a9-9cdf-9b3cb9d2302f,Smart and Final,2021 N Oxnard Blvd,Oxnard,CA,93036-2963,34.22184753417969,-119.17866516113281,Overture Places 2026-07-22.0,2026-07-22,open
Smart & Final,6b6c2f0b-9ebd-46a3-89aa-6298142ff613,Smart & Final,10893 San Fernando Rd,Pacoima,CA,91331-2629,34.267940521240234,-118.4248046875,Overture Places 2026-07-22.0,2026-07-22,open
Smart & Final,3c662eaf-e941-4e53-9554-4adb06b0949d,Smart & Final Extra!,5001 E Ramon Rd,Palm Springs,CA,92264-1543,33.81482696533203,-116.49205017089844,Overture Places 2026-07-22.0,2026-07-22,open
Smart & Final,ea7e06c7-986a-4641-9039-43872d89581c,Smart & Final Extra!,39212 10th St W,Palmdale,CA,93551-3753,34.59599685668945,-118.14491271972656,Overture Places 2026-07-22.0,2026-07-22,open
Smart & Final,b40c444a-b7ed-4580-a97b-b6c0e13c0a0f,Smart & Final Extra!,5038 W Avenue N,Palmdale,CA,93551-5729,34.6297492980957,-118.2202377319336,Overture Places 2026-07-22.0,2026-07-22,open
Smart & Final,a222c5d7-d307-4d05-93ae-ea166deb4ec8,Smart & Final,7815 Van Nuys Blvd,Panorama City,CA,91402-6007,34.21244812011719,-118.44932556152344,Overture Places 2026-07-22.0,2026-07-22,open
Smart & Final,8ab5213f-7e11-4954-852d-c4e2ae76c044,Smart & Final,3299 E Colorado Blvd,Pasadena,CA,91107-3815,34.146610260009766,-118.08325958251953,Overture Places 2026-07-22.0,2026-07-22,open
Smart & Final,24485b38-ea38-438a-a960-fe4cddc252f0,Smart & Final,401 N Fair Oaks Ave,Pasadena,CA,91103-3620,34.15279769897461,-118.1509780883789,Overture Places 2026-07-22.0,2026-07-22,open
Smart & Final,7c72a5a3-f202-49f3-80b9-92f5065b7177,Smart and Final,1191 Creston Rd,Paso Robles,CA,93446-3030,35.623741149902344,-120.66047668457031,Overture Places 2026-07-22.0,2026-07-22,open
Smart & Final,95e3957f-1cb4-4fb4-998d-4bec7bfff753,Smart & Final Extra!,2121 Spring St,Paso Robles,CA,93446-1455,35.636478424072266,-120.6929702758789,Overture Places 2026-07-22.0,2026-07-22,open
Smart & Final,55abfbca-47b6-4c60-965a-347eab3ae4d0,Smart & Final,465 N McDowell Blvd,Petaluma,CA,94954,38.256195068359375,-122.6384048461914,Overture Places 2026-07-22.0,2026-07-22,open
Smart & Final,bb1855ce-d873-4c81-a0c0-83159f4d73c7,Smart and Final,2100 Contra Costa Blvd,Pleasant Hill,CA,94523-3742,37.947715759277344,-122.05872344970703,Overture Places 2026-07-22.0,2026-07-22,open
Smart & Final,36450ea4-ec64-486a-8757-065b02998557,Smart and Final,5775 Johnson Dr,Pleasanton,CA,94588-8002,37.69956970214844,-121.9066162109375,Overture Places 2026-07-22.0,2026-07-22,open
Smart & Final,4e1f2cb3-3c51-4c8f-8fd4-c7bdcb42ea7c,Smart & Final,160 W Willow St,Pomona,CA,91768-1828,34.07852554321289,-117.75372314453125,Overture Places 2026-07-22.0,2026-07-22,open
Smart & Final,303d952d-95a0-4e7b-a321-4a9f0b457548,Smart & Final Extra!,1419 W Olive Ave,Porterville,CA,93257-30ND,36.064823150634766,-119.04936981201172,Overture Places 2026-07-22.0,2026-07-22,open
Smart & Final,7f5cf0cf-8e53-4d6b-ae3d-cb0c76d46dba,Smart and Final,12339 Poway Rd,Poway,CA,92064-4218,32.95090103149414,-117.06371307373047,Overture Places 2026-07-22.0,2026-07-22,open
Smart & Final,136a0a57-5ff8-451c-b62c-6f26de631ea7,Smart and Final,2344 Sunrise Blvd,Rancho Cordova,CA,95670-4343,38.61661148071289,-121.27082061767578,Overture Places 2026-07-22.0,2026-07-22,open
Smart & Final,840680d3-d644-495a-9bcd-bcacbf1c0b11,Smart and Final,8675 Baseline Rd,Rancho Cucamonga,CA,91730-1111,34.120296478271484,-117.61698913574219,Overture Places 2026-07-22.0,2026-07-22,open
Smart & Final,38ddf9fd-efb5-4a89-96a4-c3478f89a867,Smart & Final,28500 S Western Ave,Rancho Palos Verdes,CA,90275-1436,33.76110076904297,-118.31168365478516,Overture Places 2026-07-22.0,2026-07-22,open
Smart & Final,575423ec-79ff-4418-8fe3-98c33b312cb1,Smart & Final Extra!,21672 Plano Trabuco Rd,Rancho Santa Margarita,CA,92679-3466,33.647789001464844,-117.57609558105469,Overture Places 2026-07-22.0,2026-07-22,open
Smart & Final,54910443-1192-44b0-b2b0-f9db589b564a,Smart & Final,1720 W Redlands Blvd,Redlands,CA,92373-8011,34.06334686279297,-117.21332550048828,Overture Places 2026-07-22.0,2026-07-22,open
Smart & Final,482042b9-c87e-4713-a59d-89f9c31d3bcc,Smart & Final Extra!,1516 S Pacific Coast Hwy,Redondo Beach,CA,90277-5201,33.82081604003906,-118.38427734375,Overture Places 2026-07-22.0,2026-07-22,open
Smart & Final,fcf6724f-80fb-4176-98aa-47cdd42bc78f,Smart & Final Extra!,615 N Pacific Coast Hwy,Redondo Beach,CA,90277-2107,33.85187911987305,-118.39037322998047,Overture Places 2026-07-22.0,2026-07-22,open
Smart & Final,cabcd1c2-d94a-4edf-adb7-3602d04695d4,Smart & Final,1185 Broadway,Redwood City,CA,94063-3125,37.48640823364258,-122.21382904052734,Overture Places 2026-07-22.0,2026-07-22,open
Smart & Final,d46a9e06-bdec-43aa-ac25-7ad4200b3f25,Smart and Final,2744 Canyon Springs Pkwy,Riverside,CA,92507-0933,33.941429138183594,-117.2803955078125,Overture Places 2026-07-22.0,2026-07-22,open
Smart & Final,dd648e2a-cefb-40b4-ad86-19b8c7573c6c,Smart & Final,3310 Vine St,Riverside,CA,92507-4149,33.9833869934082,-117.36514282226562,Overture Places 2026-07-22.0,2026-07-22,open
Smart & Final,60243efa-0c90-476a-86bb-8eea9194e2ed,Smart & Final,4039 Tyler St,Riverside,CA,92503-3401,33.916847229003906,-117.4649429321289,Overture Places 2026-07-22.0,2026-07-22,open
Smart & Final,7f48ce9c-c5ab-469b-919b-3f51fe97b55b,Smart and Final,5202 Arlington Ave,Riverside,CA,92504-2601,33.944618225097656,-117.41595458984375,Overture Places 2026-07-22.0,2026-07-22,open
Smart & Final,f634fae6-0a3a-4c18-a11c-405309bbc5ad,Smart & Final Extra!,1159 Roseville Sq,Roseville,CA,95678,38.747100830078125,-121.2739486694336,Overture Places 2026-07-22.0,2026-07-22,open
Smart & Final,09a340d0-624c-4d86-a6cd-2bc34248f71e,Smart and Final,1734 Watt Ave,Sacramento,CA,95825-2140,38.59699249267578,-121.3814697265625,Overture Places 2026-07-22.0,2026-07-22,open
Smart & Final,be35c731-f956-42fa-91cf-d2c3648282b1,Smart and Final,2431 28th St,Sacramento,CA,95818-2700,38.5574836730957,-121.4755630493164,Overture Places 2026-07-22.0,2026-07-22,open
Smart & Final,d5d150f3-62fe-4768-aef1-3e52bfbf0f3d,Smart & Final,3315 Northgate Blvd,Sacramento,CA,95834-1638,38.628326416015625,-121.47700500488281,Overture Places 2026-07-22.0,2026-07-22,open
Smart & Final,b7263f20-3fa5-43f9-ac29-9461b0d731e9,Smart & Final,4820 Madison Ave,Sacramento,CA,95841-2519,38.66033172607422,-121.35155487060547,Overture Places 2026-07-22.0,2026-07-22,open
Smart & Final,cbbd83aa-ba5f-4c08-9b71-892e413c43e1,Smart and Final,5128 Stockton Blvd,Sacramento,CA,95820-5410,38.52859115600586,-121.44599151611328,Overture Places 2026-07-22.0,2026-07-22,open
Smart & Final,f713837f-7021-4dd1-b220-003446552cdb,Smart and Final,7205 Freeport Blvd,Sacramento,CA,95832,38.49435806274414,-121.50491333007812,Overture Places 2026-07-22.0,2026-07-22,open
Smart & Final,0d075a67-003b-4dfe-91ab-8e1c7fedff24,Smart & Final,319 E Market St,Salinas,CA,93901-3706,36.6793327331543,-121.6456069946289,Overture Places 2026-07-22.0,2026-07-22,open
Smart & Final,7e6476e0-1c27-49d0-b409-ac2c77feb312,Smart & Final,10633 Tierrasanta Blvd,San Diego,CA,92124-2605,32.821224212646484,-117.10107421875,Overture Places 2026-07-22.0,2026-07-22,open
Smart & Final,64c5f4b6-e003-46c5-be52-5e9cca049f30,Smart and Final,10740 Westview Pkwy,San Diego,CA,92126-2962,32.91556930541992,-117.12181854248047,Overture Places 2026-07-22.0,2026-07-22,open
Smart & Final,47c19df9-6c00-458b-b559-b6ef4681e409,Smart and Final,2235 University Ave,San Diego,CA,92104-2717,32.74805450439453,-117.14053344726562,Overture Places 2026-07-22.0,2026-07-22,open
Smart & Final,8cf06443-0b39-4545-8a3f-572a64c1afc0,Smart and Final,2804 Midway Dr,San Diego,CA,92110-3204,32.74888610839844,-117.20369720458984,Overture Places 2026-07-22.0,2026-07-22,open
Smart & Final,c5b4498d-4b95-4a25-b049-cfc20ea49eec,Smart & Final,5195 Clairemont Mesa Blvd,San Diego,CA,92117-1446,32.83348083496094,-117.17953491210938,Overture Places 2026-07-22.0,2026-07-22,open
Smart & Final,2084785b-6eca-4ca3-ae83-7edc344af35d,Smart and Final,6235 El Cajon Blvd,San Diego,CA,92115-3917,32.76237869262695,-117.06356048583984,Overture Places 2026-07-22.0,2026-07-22,open
Smart & Final,436a39bc-6c3a-49c6-ac89-c68647fc2ea3,Smart & Final,720 15th St,San Diego,CA,92101-7320,32.712947845458984,-117.15093994140625,Overture Places 2026-07-22.0,2026-07-22,open
Smart & Final,ddc1cf1f-1e46-41eb-9ead-3ecf880be9ec,Smart & Final Extra!,1005 W Arrow Hwy,San Dimas,CA,91773-2422,34.10817337036133,-117.82733917236328,Overture Places 2026-07-22.0,2026-07-22,open
Smart & Final,0d008647-2d3b-4ddb-b7ba-0a051eea3fbd,Smart & Final Extra!,2040 Glenoaks Blvd,San Fernando,CA,91340-1619,34.29844665527344,-118.43925476074219,Overture Places 2026-07-22.0,2026-07-22,open
Smart & Final,1c9a52f8-ada6-45bb-8436-a60bb82adcff,Smart & Final,350 7th Ave,San Francisco,CA,94118-2322,37.7822380065918,-122.46522521972656,Overture Places 2026-07-22.0,2026-07-22,open
Smart & Final,fbcf394b-26a1-4fbe-88a1-60df7bd3aabc,Smart and Final,1180 S King Rd,San Jose,CA,95122-2143,37.338768005371094,-121.84138488769531,Overture Places 2026-07-22.0,2026-07-22,open
Smart & Final,a0604c1a-625c-4a3e-8876-397392b77dd1,Smart & Final Extra!,1290 W San Carlos St,San Jose,CA,95126-3442,37.323143005371094,-121.91082763671875,Overture Places 2026-07-22.0,2026-07-22,open
Smart & Final,b4bdd10b-2164-428c-8246-748072c35cf0,Smart and Final,1783 Hillsdale Ave,San Jose,CA,95124,37.264888763427734,-121.91648864746094,Overture Places 2026-07-22.0,2026-07-22,open
Smart & Final,9a9604ef-cc52-4a76-8d7c-167ebbb1cf12,Smart & Final,430 Blossom Hill Rd,San Jose,CA,95123-1608,37.25033187866211,-121.8293685913086,Overture Places 2026-07-22.0,2026-07-22,open
Smart & Final,29e7f1e8-4f1e-4a27-b52e-2a164d4e400f,Smart & Final Extra!,1321 Johnson Ave,San Luis Obispo,CA,93401-3313,35.281776428222656,-120.6556625366211,Overture Places 2026-07-22.0,2026-07-22,open
Smart & Final,74999073-3bf8-4f02-af5e-ef2bec4a277d,Smart and Final,770 W San Marcos Blvd,San Marcos,CA,92078-1222,33.13720703125,-117.18092346191406,Overture Places 2026-07-22.0,2026-07-22,open
Smart & Final,7a556eeb-f218-4ffa-95b7-4e09e19fad9b,Smart and Final,1840 S Norfolk St,San Mateo,CA,94403-1102,37.55494689941406,-122.29371643066406,Overture Places 2026-07-22.0,2026-07-22,open
Smart & Final,a9e2b4e2-14f6-493e-b6e1-cc5934f55e33,Smart & Final Extra!,13110 San Pablo Ave,San Pablo,CA,94805-1311,37.950557708740234,-122.33056640625,Overture Places 2026-07-22.0,2026-07-22,open
Smart & Final,b03aabd3-3068-4c6e-a32c-1fb3f2d3cf98,Smart and Final,935 Andersen Dr,San Rafael,CA,94901-5306,37.95714569091797,-122.50662231445312,Overture Places 2026-07-22.0,2026-07-22,open
Smart & Final,899115ee-553c-48f3-b1db-3f150660f92d,Smart & Final,350 W San Ysidro Blvd,San Ysidro,CA,92173-2408,32.55470657348633,-117.05142211914062,Overture Places 2026-07-22.0,2026-07-22,open
Smart & Final,a7991979-2641-440a-966d-6fa6127639cc,Smart and Final,1308 W Edinger Ave,Santa Ana,CA,92704-4306,33.725894927978516,-117.88580322265625,Overture Places 2026-07-22.0,2026-07-22,open
Smart & Final,d6e3b6eb-377f-485e-be1b-1c22c90fb3df,Smart and Final,1523 W 17th St,Santa Ana,CA,92706-3314,33.761329650878906,-117.88912963867188,Overture Places 2026-07-22.0,2026-07-22,open
Smart & Final,9233e2f5-0841-41f7-aa09-c3fac681e886,Smart & Final,217 E Gutierrez St,Santa Barbara,CA,93101-1704,34.41883087158203,-119.6921157836914,Overture Places 2026-07-22.0,2026-07-22,open
Smart & Final,7f1c46a8-a9ed-4a71-9fb8-cf878a8213c4,Smart & Final Extra!,3943 State St,Santa Barbara,CA,93105-3113,34.43915939331055,-119.75299072265625,Overture Places 2026-07-22.0,2026-07-22,open
Smart & Final,8e319373-c7bb-4772-a664-23c7f5c63851,Smart & Final,2065 El Camino Real,Santa Clara,CA,95050-4054,37.35296630859375,-121.961181640625,Overture Places 2026-07-22.0,2026-07-22,open
Smart & Final,fc2c61e1-d824-4a31-8b3e-f44ef2965f88,Smart & Final Extra!,23640 Lyons Ave,Santa Clarita,CA,91321-2513,34.37827682495117,-118.54804992675781,Overture Places 2026-07-22.0,2026-07-22,open
Smart & Final,be4c532f-4214-431b-8dcd-344af74efa5b,Smart & Final Extra!,1721 S Broadway,Santa Maria,CA,93454-7603,34.92915344238281,-120.43712615966797,Overture Places 2026-07-22.0,2026-07-22,open
Smart & Final,ff7a82db-84b3-4687-910a-4db26159e786,Smart & Final Extra!,2805 Santa Rosa Ave,Santa Rosa,CA,95407-7627,38.40846252441406,-122.71380615234375,Overture Places 2026-07-22.0,2026-07-22,open
Smart & Final,fd3abeac-379a-4aad-8b56-e81bb4c9b5c6,Smart & Final Extra!,9870 N Magnolia Ave,Santee,CA,92071-1901,32.85641098022461,-116.97216033935547,Overture Places 2026-07-22.0,2026-07-22,open
Smart & Final,d6257a05-8c57-4b1c-9d82-c49f4b69b5ae,Smart and Final,1560 Canyon del Rey Blvd,Seaside,CA,93955-3501,36.60905456542969,-121.85542297363281,Overture Places 2026-07-22.0,2026-07-22,open
Smart & Final,a5312cae-09c9-4cb2-a175-d8b2b6011c27,Smart and Final,1856 Erringer Rd,Simi Valley,CA,93065-3523,34.270591735839844,-118.76046752929688,Overture Places 2026-07-22.0,2026-07-22,open
Smart & Final,90274527-254a-4b75-bed9-9faaad893c45,Smart and Final,5135 E Los Angeles Ave,Simi Valley,CA,93063-3431,34.272701263427734,-118.69274139404297,Overture Places 2026-07-22.0,2026-07-22,open
Smart & Final,9344a2f1-682d-4d4d-9992-0c15253c722c,Smart & Final Extra!,2061 Lake Tahoe Blvd,South Lake Tahoe,CA,96150-7159,38.91464614868164,-120.00304412841797,Overture Places 2026-07-22.0,2026-07-22,open
Smart & Final,8546f641-2493-4c13-8bd6-5efced922dc6,Smart & Final,249 Kenwood Way,South San Francisco,CA,94080-5737,37.64207458496094,-122.42587280273438,Overture Places 2026-07-22.0,2026-07-22,open
Smart & Final,00aeb9d4-c288-4426-8cac-a53393410bb0,Smart & Final Extra!,933 Sweetwater Rd,Spring Valley,CA,91977-4837,32.712677001953125,-117.01091003417969,Overture Places 2026-07-22.0,2026-07-22,open
Smart & Final,a6ee4b51-b6c3-4b21-bbd4-d19f2221b46a,Smart and Final,7050 Katella Ave,Stanton,CA,90680-2805,33.80217361450195,-118.00969696044922,Overture Places 2026-07-22.0,2026-07-22,open
Smart & Final,995821b4-6f92-49c9-81a5-3c613a06d36f,Smart & Final,147 N Wilson Way,Stockton,CA,95205-4926,37.95723342895508,-121.27294921875,Overture Places 2026-07-22.0,2026-07-22,open
Smart & Final,d9762735-5e52-4352-a5ef-71681928d1ef,Smart & Final Extra!,744 W Hammer Ln,Stockton,CA,95210-3748,38.01982879638672,-121.32264709472656,Overture Places 2026-07-22.0,2026-07-22,open
Smart & Final,faaf3f4e-761f-4904-ab8c-94ae23fa53d2,Smart and Final,1265 S Mary Ave,Sunnyvale,CA,94087-2203,37.35344314575195,-122.05136108398438,Overture Places 2026-07-22.0,2026-07-22,open
Smart & Final,8405452d-4795-4da1-b852-f20b195339e7,Smart and Final,32937 Highway 79 S,Temecula,CA,92592-6905,33.48395919799805,-117.08089447021484,Overture Places 2026-07-22.0,2026-07-22,open
Smart & Final,d371f728-a1dd-4eb7-8f5a-2a128eef1041,Smart & Final Extra!,2100 Newbury Rd,Thousand Oaks,CA,91320-3363,34.18273162841797,-118.92384338378906,Overture Places 2026-07-22.0,2026-07-22,open
Smart & Final,5591c2a0-30e3-41ce-b3b8-f11388319d5b,Smart & Final Extra!,17500 Crenshaw Blvd,Torrance,CA,90504-3404,33.87184143066406,-118.32564544677734,Overture Places 2026-07-22.0,2026-07-22,open
Smart & Final,f7c97447-f446-4e8a-b548-26bf9ea12db7,Smart & Final,21600 S Vermont Ave,Torrance,CA,90502-1940,33.832759857177734,-118.28955841064453,Overture Places 2026-07-22.0,2026-07-22,open
Smart & Final,6cda929c-8513-4437-81b7-75540735b978,Smart & Final,2775 Pacific Coast Hwy,Torrance,CA,90505-7001,33.794124603271484,-118.33441162109375,Overture Places 2026-07-22.0,2026-07-22,open
Smart & Final,6f81ea7c-b2da-4d3b-a5ca-c5be5e26d8f1,Smart and Final,6555 Foothill Blvd,Tujunga,CA,91042-2728,34.246212005615234,-118.27472686767578,Overture Places 2026-07-22.0,2026-07-22,open
Smart & Final,d2a2e573-ea2a-46d8-8f6b-9316bacc0fc7,Smart & Final Extra!,1019 E Prosperity Ave,Tulare,CA,93274-2353,36.22391891479492,-119.33222198486328,Overture Places 2026-07-22.0,2026-07-22,open
Smart & Final,37c61045-f33a-43b1-8e6e-ec42857476f2,Smart & Final,651 N Golden State Blvd,Turlock,CA,95380-3952,37.49842071533203,-120.85023498535156,Overture Places 2026-07-22.0,2026-07-22,open
Smart & Final,2ac31bf0-d47f-4d81-b313-91a794f55971,Smart & Final,1114 Irvine Blvd,Tustin,CA,92780-3529,33.74702072143555,-117.81012725830078,Overture Places 2026-07-22.0,2026-07-22,open
Smart & Final,ffa565e1-45b9-49e5-b762-38755dad5483,Smart and Final,31070 Dyer St,Union City,CA,94587-1768,37.601776123046875,-122.06834411621094,Overture Places 2026-07-22.0,2026-07-22,open
Smart & Final,520a2316-f58b-450e-aae9-d921ad89be75,Smart & Final Extra!,1028 N Mountain Ave,Upland,CA,91786-3632,34.107635498046875,-117.66832733154297,Overture Places 2026-07-22.0,2026-07-22,open
Smart & Final,f2b17b64-fae5-4a64-ace3-090799b85c5a,Smart and Final,28207 Newhall Ranch Rd,Valencia,CA,91355-0986,34.442283630371094,-118.57695007324219,Overture Places 2026-07-22.0,2026-07-22,open
Smart & Final,e289bb1e-3b8f-4104-8a2f-425f2585f19e,Smart and Final,3901 Sonoma Blvd,Vallejo,CA,94589-2204,38.12787628173828,-122.25652313232422,Overture Places 2026-07-22.0,2026-07-22,open
Smart & Final,e8bfc7cc-3264-4309-8d8c-0a5d231af008,Smart and Final,604 Lincoln Blvd,Venice,CA,90291-2830,34.00065994262695,-118.46436309814453,Overture Places 2026-07-22.0,2026-07-22,open
Smart & Final,2452654c-1ea8-4e7c-9a92-15780dbfcf3b,Smart & Final Extra!,2750 E Main St,Ventura,CA,93003-2821,34.273067474365234,-119.2596664428711,Overture Places 2026-07-22.0,2026-07-22,open
Smart & Final,de514a45-67a9-4daa-8e81-c78b62385871,Smart & Final Extra!,7800 Telegraph Rd,Ventura,CA,93004-1503,34.27987289428711,-119.19112396240234,Overture Places 2026-07-22.0,2026-07-22,open
Smart & Final,9907747d-5376-4a79-8989-9b3e55382b00,Smart and Final,3424 S Mooney Blvd,Visalia,CA,93277-7772,36.2998161315918,-119.31166076660156,Overture Places 2026-07-22.0,2026-07-22,open
Smart & Final,04a59fb3-af01-4e55-90e9-20a19b9a9f7c,Smart & Final,640 W Center St,Visalia,CA,93291-6018,36.33148193359375,-119.2983169555664,Overture Places 2026-07-22.0,2026-07-22,open
Smart & Final,fe179e78-2662-4765-8320-c517e521513c,Smart and Final,1845 W Vista Way,Vista,CA,92083-6119,33.1890754699707,-117.28096008300781,Overture Places 2026-07-22.0,2026-07-22,open
Smart & Final,89ae2084-7ebf-47d1-8426-2274f293d6fe,Smart and Final,1041 N Fuller Ave,West Hollywood,CA,90046-6603,34.090431213378906,-118.3501205444336,Overture Places 2026-07-22.0,2026-07-22,open
Smart & Final,045de2ba-c9a2-416d-a105-a22759649bc5,Smart and Final,5770 Lindero Canyon Rd,Westlake Village,CA,91362-4088,34.153934478759766,-118.79469299316406,Overture Places 2026-07-22.0,2026-07-22,open
Smart & Final,93d51ef4-3588-40ce-a682-9ff88d5f5218,Smart and Final,13003 Whittier Blvd,Whittier,CA,90602-3046,33.96654510498047,-118.03671264648438,Overture Places 2026-07-22.0,2026-07-22,open
Smart & Final,b7679980-8c87-4a87-b6f7-e415a3b03c40,Smart and Final,15055 Mulberry Dr,Whittier,CA,90604-1528,33.93552780151367,-118.01025390625,Overture Places 2026-07-22.0,2026-07-22,open
Smart & Final,2e7bcf16-eca9-4a19-b573-cfbabd0a1c38,Smart and Final,7224 Mason Ave,Winnetka,CA,91306-2820,34.20201873779297,-118.5787353515625,Overture Places 2026-07-22.0,2026-07-22,open
Smart & Final,b9035e3a-e695-48fd-8585-bd987cd9b0a7,Smart & Final Extra!,21500 Yorba Linda Blvd,Yorba Linda,CA,92887-3745,33.877418518066406,-117.75260162353516,Overture Places 2026-07-22.0,2026-07-22,open
Sprouts Farmers Market,9c9dfbd4-9395-40b6-b337-093519c6d430,Sprouts,1075 Monroe St,Albany,CA,94706-2267,37.88504409790039,-122.29786682128906,Overture Places 2026-07-22.0,2026-07-22,open
Sprouts Farmers Market,30546053-e363-4df1-aa7f-27b85007abbf,Sprouts,150 E Main St,Alhambra,CA,91801-3544,34.09528350830078,-118.1250228881836,Overture Places 2026-07-22.0,2026-07-22,open
Sprouts Farmers Market,4edfa09f-8b5f-418f-a6cb-863af05960e5,Sprouts,19439 Bear Valley Rd,Apple Valley,CA,92308-5146,34.47077560424805,-117.2392578125,Overture Places 2026-07-22.0,2026-07-22,open
Sprouts Farmers Market,cea356d9-8805-470f-9e57-d3064e2b09f5,Sprouts,10650 Stockdale Hwy,Bakersfield,CA,93311-3669,35.351600646972656,-119.12187194824219,Overture Places 2026-07-22.0,2026-07-22,open
Sprouts Farmers Market,a2ef296d-cc47-418c-ad0b-5c3ef6c04d90,Sprouts,3535 Panama Ln,Bakersfield,CA,93313-3586,35.29459762573242,-119.04166412353516,Overture Places 2026-07-22.0,2026-07-22,open
Sprouts Farmers Market,b9a34f14-93d2-4cea-a348-a6254f214ada,Sprouts,735 E Birch St,Brea,CA,92821-5799,33.91899108886719,-117.88941192626953,Overture Places 2026-07-22.0,2026-07-22,open
Sprouts Farmers Market,719db2c9-3a11-48b3-938c-552f140b7d21,Sprouts Farmers Market,2325 Sand Creek Rd,Brentwood,CA,94513-7173,37.944122314453125,-121.73481750488281,Overture Places 2026-07-22.0,2026-07-22,open
Sprouts Farmers Market,95519d50-e616-4d90-a0ce-5204550e873e,Sprouts,1011 N San Fernando Blvd,Burbank,CA,91504-4329,34.18696594238281,-118.31866455078125,Overture Places 2026-07-22.0,2026-07-22,open
Sprouts Farmers Market,f0b18810-0fe1-4eec-997b-a08896aff6e8,Sprouts,2400 Las Posas Rd,Camarillo,CA,93010-3439,34.23540496826172,-119.0368881225586,Overture Places 2026-07-22.0,2026-07-22,open
Sprouts Farmers Market,fddecfc3-0833-43a0-9de8-e942c46ee217,Sprouts,2618 El Camino Real,Carlsbad,CA,92008-1214,33.1764030456543,-117.32490539550781,Overture Places 2026-07-22.0,2026-07-22,open
Sprouts Farmers Market,69f49765-39c6-4706-9e35-de28b3804b5f,Sprouts,2634 Gateway Rd,Carlsbad,CA,92009-1773,33.129180908203125,-117.25434875488281,Overture Places 2026-07-22.0,2026-07-22,open
Sprouts Farmers Market,34cf04c4-dc7f-4216-9401-6861bcad27df,Sprouts,3243 Camino de los Coches,Carlsbad,CA,92009-8966,33.075077056884766,-117.23865509033203,Overture Places 2026-07-22.0,2026-07-22,open
Sprouts Farmers Market,b5f9ec92-14c4-4f45-89e4-27d6e9f669a7,Sprouts,11900 South St,Cerritos,CA,90703-6800,33.857574462890625,-118.07878875732422,Overture Places 2026-07-22.0,2026-07-22,open
Sprouts Farmers Market,9e231e8f-be3c-4c29-a148-d09bbef43cb4,Sprouts,3630 Grand Ave,Chino Hills,CA,91709-1474,34.003021240234375,-117.72748565673828,Overture Places 2026-07-22.0,2026-07-22,open
Sprouts Farmers Market,1ff45195-3998-41e0-b148-8220173bc331,Sprouts Farmers Market,690 3rd Ave,Chula Vista,CA,91910-5704,32.627864837646484,-117.07502746582031,Overture Places 2026-07-22.0,2026-07-22,open
Sprouts Farmers Market,a8692ad9-a9e0-4079-8979-4625206f0098,Sprouts Farmers Market,878 Eastlake Pkwy,Chula Vista,CA,91914-4544,32.65095138549805,-116.97002410888672,Overture Places 2026-07-22.0,2026-07-22,open
Sprouts Farmers Market,642fe7ed-558f-4b56-8b63-de319bc9cc89,Sprouts,7905 Greenback Ln,Citrus Heights,CA,95610-6907,38.67976379394531,-121.27071380615234,Overture Places 2026-07-22.0,2026-07-22,open
Sprouts Farmers Market,7b02d371-509a-4ea3-8c15-33607b19ff05,Sprouts,835 W Foothill Blvd,Claremont,CA,91711,34.107662200927734,-117.72994995117188,Overture Places 2026-07-22.0,2026-07-22,open
Sprouts Farmers Market,df8c1b72-fb1c-424d-bc1a-a5c36d6fb894,Sprouts,850 Herndon Ave,Clovis,CA,93612-0563,36.836448669433594,-119.6983413696289,Overture Places 2026-07-22.0,2026-07-22,open
Sprouts Farmers Market,462b2f61-2e39-4639-89c7-727f6c1b4d8d,Sprouts Farmers Market,21700 Barton Rd,Colton,CA,92324-4403,34.0346794128418,-117.3309326171875,Overture Places 2026-07-22.0,2026-07-22,open
Sprouts Farmers Market,3e83cf81-8463-4e95-95d9-246cdb4821ea,Sprouts,120 W Ontario Ave,Corona,CA,92882-5215,33.855804443359375,-117.5705795288086,Overture Places 2026-07-22.0,2026-07-22,open
Sprouts Farmers Market,9b4f13df-6b27-4594-afd1-a9945ed74eab,Sprouts,Costa Mesa Square 3030 Harbor Blvd,Costa Mesa,CA,92626,33.68159103393555,-117.91754913330078,Overture Places 2026-07-22.0,2026-07-22,open
Sprouts Farmers Market,d74461bd-7c7b-408c-8f50-da4b06bdf19e,Sprouts,7925 Atlantic Ave,Cudahy,CA,90201-5710,33.96253967285156,-118.18753051757812,Overture Places 2026-07-22.0,2026-07-22,open
Sprouts Farmers Market,dab8b400-5474-4ad9-abb7-741a2cc7a4a2,Sprouts,5660 Sepulveda Blvd,Culver City,CA,90230-6122,33.98930740356445,-118.39413452148438,Overture Places 2026-07-22.0,2026-07-22,open
Sprouts Farmers Market,da31741a-5fb0-4924-81cb-ae2d8bf0913f,Sprouts,301 Gellert Blvd,Daly City,CA,94015-2613,37.668724060058594,-122.46692657470703,Overture Places 2026-07-22.0,2026-07-22,open
Sprouts Farmers Market,0b08e2a1-d9f1-4124-96ab-22ecc1a1edc0,Sprouts,239 S Diamond Bar Blvd,Diamond Bar,CA,91765-1606,34.020389556884766,-117.81153869628906,Overture Places 2026-07-22.0,2026-07-22,open
Sprouts Farmers Market,2e9af6f2-fa18-4d10-9d82-7e35270fd6c6,Sprouts,7153 Amador Plaza Rd,Dublin,CA,94568-2317,37.707801818847656,-121.92924499511719,Overture Places 2026-07-22.0,2026-07-22,open
Sprouts Farmers Market,d8ba2ef4-d334-43e5-8aaf-97ac03d24f68,Sprouts,13985 Limonite Ave,Eastvale,CA,92880-9646,33.9764404296875,-117.59028625488281,Overture Places 2026-07-22.0,2026-07-22,open
Sprouts Farmers Market,874abe10-5b76-49c2-9315-66f6efd3b97f,Sprouts,152 N 2nd St,El Cajon,CA,92021-7240,32.79600524902344,-116.93656158447266,Overture Places 2026-07-22.0,2026-07-22,open
Sprouts Farmers Market,a95675b5-827b-4383-af8c-2abad025816c,Sprouts,8211 Laguna Blvd,Elk Grove,CA,95758-7962,38.42359924316406,-121.40616607666016,Overture Places 2026-07-22.0,2026-07-22,open
Sprouts Farmers Market,3425baea-5b65-467d-9961-73028b55fd16,Sprouts,1327 Encinitas Blvd,Encinitas,CA,92024-2845,33.04471969604492,-117.26075744628906,Overture Places 2026-07-22.0,2026-07-22,open
Sprouts Farmers Market,6f5a3600-e5f2-403b-8f06-78c05a3f4555,Sprouts,510 W 13th Ave,Escondido,CA,92025-5619,33.10822677612305,-117.0804443359375,Overture Places 2026-07-22.0,2026-07-22,open
Sprouts Farmers Market,7955913f-f3f3-42de-9338-9692a8d8a56b,Sprouts,905 E Bidwell St,Folsom,CA,95630-3348,38.669281005859375,-121.15738677978516,Overture Places 2026-07-22.0,2026-07-22,open
Sprouts Farmers Market,a445f36e-409b-46ec-b73e-9a6ba0ed4b84,Sprouts Farmers Market,16964 S Highland Ave,Fontana,CA,92336-3464,34.13501739501953,-117.43466186523438,Overture Places 2026-07-22.0,2026-07-22,open
Sprouts Farmers Market,38a0d8b5-9308-4543-bc67-40048818e712,Sprouts,17950 Magnolia St,Fountain Valley,CA,92708-5039,33.702152252197266,-117.96998596191406,Overture Places 2026-07-22.0,2026-07-22,open
Sprouts Farmers Market,f806df6b-b68d-4164-bf45-5d541fb3efea,Sprouts,245 S Clovis Ave,Fresno,CA,93727-4223,36.74129104614258,-119.6994400024414,Overture Places 2026-07-22.0,2026-07-22,open
Sprouts Farmers Market,60ef1b2a-f500-4572-943d-1d388e798eaf,Sprouts,7477 N Blackstone Ave,Fresno,CA,93720-4305,36.844871520996094,-119.79300689697266,Overture Places 2026-07-22.0,2026-07-22,open
Sprouts Farmers Market,68ef0889-0299-45ef-93cb-2cd55c21e45d,Sprouts,1447 S Harbor Blvd,Fullerton,CA,92832-3011,33.856510162353516,-117.92609405517578,Overture Places 2026-07-22.0,2026-07-22,open
Sprouts Farmers Market,c442ef71-696c-4c68-91da-8276575dfd89,Sprouts,655 S Grand Ave,Glendora,CA,91740-4139,34.1273078918457,-117.87418365478516,Overture Places 2026-07-22.0,2026-07-22,open
Sprouts Farmers Market,e582914a-32f6-468d-bcb5-f169a88b2b5d,Sprouts,175 N Fairview Ave,Goleta,CA,93117,34.44232940673828,-119.8322982788086,Overture Places 2026-07-22.0,2026-07-22,open
Sprouts Farmers Market,1708af40-d54f-4fc1-8c9f-a994987f8037,Sprouts,10821 Zelzah Ave,Granada Hills,CA,91344-4433,34.26661682128906,-118.52426147460938,Overture Places 2026-07-22.0,2026-07-22,open
Sprouts Farmers Market,bd5aa1cb-e611-4475-9fa6-021e38a70097,Sprouts,26207 Mission Blvd,Hayward,CA,94544-3030,37.64952850341797,-122.06719970703125,Overture Places 2026-07-22.0,2026-07-22,open
Sprouts Farmers Market,c06da281-8e57-4981-98aa-55510a63ac09,Sprouts,2207 W Florida Ave,Hemet,CA,92545-3610,33.745941162109375,-116.99539184570312,Overture Places 2026-07-22.0,2026-07-22,open
Sprouts Farmers Market,5c338c3a-78dc-4f31-a0b6-2ad924431355,Sprouts,9861 Adams Ave,Huntington Beach,CA,92646-4807,33.67326736450195,-117.95539093017578,Overture Places 2026-07-22.0,2026-07-22,open
Sprouts Farmers Market,ccdc50ce-e513-4e2f-816a-064ceaf5fcdb,Sprouts,Nuzuna Huntington Beach 6930 Warner Ave,Huntington Beach,CA,92647-5316,33.71448516845703,-118.00777435302734,Overture Places 2026-07-22.0,2026-07-22,open
Sprouts Farmers Market,c484ceca-424e-463b-b5c2-e2d85ef279dd,Sprouts,74895 Highway 111,Indian Wells,CA,92210-7115,33.72057342529297,-116.35893249511719,Overture Places 2026-07-22.0,2026-07-22,open
Sprouts Farmers Market,be3a0b50-edfa-456a-a7e2-e4ea8a6a3525,Sprouts,3775 Alton Pkwy,Irvine,CA,92606-8293,33.68431091308594,-117.81500244140625,Overture Places 2026-07-22.0,2026-07-22,open
Sprouts Farmers Market,f03962b8-c970-4ebd-b922-cf98b1a945b8,Sprouts,920 Foothill Blvd,La Canada Flintridge,CA,91011-3338,34.20347595214844,-118.19842529296875,Overture Places 2026-07-22.0,2026-07-22,open
Sprouts Farmers Market,d074395a-64ad-4f8e-a949-846a95619af2,Sprouts,1431 W Imperial Hwy,La Habra,CA,90631-6992,33.918853759765625,-117.96218872070312,Overture Places 2026-07-22.0,2026-07-22,open
Sprouts Farmers Market,0aeb925c-5c7e-4f71-b0c9-3d1773039330,Sprouts,4630 Palm Ave,La Mesa,CA,91941-5576,32.7628173828125,-117.01873779296875,Overture Places 2026-07-22.0,2026-07-22,open
Sprouts Farmers Market,67f790bc-411a-4650-bb29-e37c0a313342,Sprouts,79050 Highway 111,La Quinta,CA,92253-2482,33.709293365478516,-116.28523254394531,Overture Places 2026-07-22.0,2026-07-22,open
Sprouts Farmers Market,0ca5b3f4-ee00-4a36-9ad1-181f16ae4b93,Sprouts Farmers Market,1375 Foothill Blvd,La Verne,CA,91750-3333,34.11884307861328,-117.77749633789062,Overture Places 2026-07-22.0,2026-07-22,open
Sprouts Farmers Market,5065080f-2415-4243-b772-b9e2ae5d38f0,Sprouts,Laguna Niguel Farmer's Market 27271 La Paz Rd,Laguna Niguel,CA,92677-3606,33.567474365234375,-117.70912170410156,Overture Places 2026-07-22.0,2026-07-22,open
Sprouts Farmers Market,260e0f83-708d-4bfa-97a1-f86ad7d70288,Sprouts,24332 Rockfield Blvd,Lake Forest,CA,92630-4742,33.615718841552734,-117.70504760742188,Overture Places 2026-07-22.0,2026-07-22,open
Sprouts Farmers Market,44bc54fd-fa83-4b0b-aa3a-44528f012742,Sprouts,4253 Woodruff Ave,Lakewood,CA,90713-3142,33.83562088012695,-118.11768341064453,Overture Places 2026-07-22.0,2026-07-22,open
Sprouts Farmers Market,cfe3e94e-9666-4039-ad27-d94dcb29be93,Sprouts,43668 15th St W,Lancaster,CA,93534-4762,34.676063537597656,-118.15472412109375,Overture Places 2026-07-22.0,2026-07-22,open
Sprouts Farmers Market,a36d19ce-fc1f-4ca4-a845-d4da4c04c2b2,Sprouts,16576 Golden Valley Pkwy,Lathrop,CA,95330-7802,37.810569763183594,-121.2980728149414,Overture Places 2026-07-22.0,2026-07-22,open
Sprouts Farmers Market,ec4916a7-5faf-4022-9731-55166910da70,Sprouts,14411 Hawthorne Blvd,Lawndale,CA,90260-1518,33.90024948120117,-118.35321807861328,Overture Places 2026-07-22.0,2026-07-22,open
Sprouts Farmers Market,e3a5ce77-1628-4c00-b366-4fdbf92bf31a,Sprouts,3205 Lemon Grove Ave,Lemon Grove,CA,91945-2537,32.740665435791016,-117.03023529052734,Overture Places 2026-07-22.0,2026-07-22,open
Sprouts Farmers Market,0276d66a-bf00-48d8-8969-7ff87a1837b6,Sprouts,115 Ferrari Ranch Rd,Lincoln,CA,95648-7413,38.87369918823242,-121.30223846435547,Overture Places 2026-07-22.0,2026-07-22,open
Sprouts Farmers Market,05ce20cb-7fd8-4e4d-b6f7-a577d13180a5,Sprouts,250 E Harney Ln,Lodi,CA,95240-6882,38.10014724731445,-121.2684555053711,Overture Places 2026-07-22.0,2026-07-22,open
Sprouts Farmers Market,cc69f7ee-4b13-4aa7-9785-a49673663dfb,Sprouts,4600 E Pacific Coast Hwy,Long Beach,CA,90804-3259,33.78660202026367,-118.13946533203125,Overture Places 2026-07-22.0,2026-07-22,open
Sprouts Farmers Market,a6dd7e32-d4b1-49d3-881d-1cc375ce221b,Sprouts Farmers Market,1302 S La Brea Ave,Los Angeles,CA,90019-3060,34.04942321777344,-118.34378814697266,Overture Places 2026-07-22.0,2026-07-22,open
Sprouts Farmers Market,e844b667-e2ef-449b-ab84-eb33c1481c7b,Sprouts,1751 Westwood Blvd,Los Angeles,CA,90024-5607,34.05101013183594,-118.43843841552734,Overture Places 2026-07-22.0,2026-07-22,open
Sprouts Farmers Market,fb8a66aa-ef1d-44c1-b37d-7cb6d41a3326,Sprouts,2245 Yosemite Dr,Los Angeles,CA,90041-2618,34.135677337646484,-118.21633911132812,Overture Places 2026-07-22.0,2026-07-22,open
Sprouts Farmers Market,6f020305-44b3-40d3-af71-a1951d9fe8e4,Sprouts,6607 Fallbrook Ave,Los Angeles,CA,91307-3520,34.1894416809082,-118.62446594238281,Overture Places 2026-07-22.0,2026-07-22,open
Sprouts Farmers Market,1fb58a92-6e46-40b9-87f1-58884b88bba7,Sprouts,820 N Western Ave,Los Angeles,CA,90732-2426,33.7503662109375,-118.30809020996094,Overture Places 2026-07-22.0,2026-07-22,open
Sprouts Farmers Market,106711d4-5e24-49cd-9a4c-cab6fb10ffa2,Sprouts,8985 Venice Blvd,Los Angeles,CA,90034-3344,34.02770233154297,-118.39375305175781,Overture Places 2026-07-22.0,2026-07-22,open
Sprouts Farmers Market,4783d216-cab3-4744-86fb-78425b922d5c,Sprouts,West Hollywood Gateway 7100 Santa Monica Blvd,Los Angeles,CA,90046-5802,34.08723068237305,-118.344482421875,Overture Places 2026-07-22.0,2026-07-22,open
Sprouts Farmers Market,adf0907e-99db-4eca-b586-06f3071d6c0d,Sprouts,27281 Newport Rd,Menifee,CA,92584-2400,33.683509826660156,-117.18324279785156,Overture Places 2026-07-22.0,2026-07-22,open
Sprouts Farmers Market,3a3cae9b-c231-408c-8723-4c73746b1fe1,Sprouts Market,171 E Yosemite Ave,Merced,CA,95340-9194,37.333499908447266,-120.4672622680664,Overture Places 2026-07-22.0,2026-07-22,open
Sprouts Farmers Market,1efacd3e-01d7-44c4-b578-9de558d10574,Sprouts,27765 Santa Margarita Pkwy,Mission Viejo,CA,92691-6652,33.654136657714844,-117.64603424072266,Overture Places 2026-07-22.0,2026-07-22,open
Sprouts Farmers Market,8d4d0c77-4950-4c17-9a6f-a614c468a0a9,Sprouts,1700 McHenry Ave,Modesto,CA,95350-4300,37.66943359375,-120.99323272705078,Overture Places 2026-07-22.0,2026-07-22,open
Sprouts Farmers Market,48df9062-2958-4f75-9cb5-97280139b7c9,Sprouts,400 W Huntington Dr,Monrovia,CA,91016-3202,34.139808654785156,-118.00785064697266,Overture Places 2026-07-22.0,2026-07-22,open
Sprouts Farmers Market,b7255e83-3423-4469-9611-e4057940fb26,Sprouts,24101 Hemlock Ave,Moreno Valley,CA,92557-7229,33.942020416259766,-117.24226379394531,Overture Places 2026-07-22.0,2026-07-22,open
Sprouts Farmers Market,ee6f8aaf-1424-431d-b942-c8c9272dae83,Sprouts,6399 Jarvis Ave,Newark,CA,94560-1214,37.54877471923828,-122.05165100097656,Overture Places 2026-07-22.0,2026-07-22,open
Sprouts Farmers Market,7a7f0b30-981e-4830-9a69-92527371284b,Sprouts,11522 Alondra Blvd,Norwalk,CA,90650-6302,33.887123107910156,-118.08782196044922,Overture Places 2026-07-22.0,2026-07-22,open
Sprouts Farmers Market,6b72b2e2-66f2-4ca0-b687-8e7f2058be8c,Sprouts,3035 Broadway,Oakland,CA,94611-5712,37.81930923461914,-122.26243591308594,Overture Places 2026-07-22.0,2026-07-22,open
Sprouts Farmers Market,0de35fc9-614c-486f-a23a-d3109faeec78,Sprouts,471 College Blvd,Oceanside,CA,92057,33.24455261230469,-117.29129791259766,Overture Places 2026-07-22.0,2026-07-22,open
Sprouts Farmers Market,7fbb134e-f859-4b66-8d56-8619295133e1,Sprouts,1500 E Village Way,Orange,CA,92865-3604,33.827247619628906,-117.83772277832031,Overture Places 2026-07-22.0,2026-07-22,open
Sprouts Farmers Market,dbff369d-7292-48f4-8570-57ceb789d29e,Sprouts,Palm Springs 5200 E Ramon Rd,Palm Springs,CA,92264-3611,33.818782806396484,-116.4896469116211,Overture Places 2026-07-22.0,2026-07-22,open
Sprouts Farmers Market,0b025003-1a8d-439c-938a-e45111d7c523,Sprouts Farmers Market,39258 10th St W,Palmdale,CA,93551-3753,34.597049713134766,-118.14510345458984,Overture Places 2026-07-22.0,2026-07-22,open
Sprouts Farmers Market,8b36856a-66fb-4c95-94d3-c630701221bd,Sprouts,39 N Rosemead Blvd,Pasadena,CA,91107-3805,34.1472053527832,-118.07410430908203,Overture Places 2026-07-22.0,2026-07-22,open
Sprouts Farmers Market,b877da27-f466-4463-bdd6-45d0fed431b4,Sprouts,401 Kenilworth Dr,Petaluma,CA,94952-3400,38.24279022216797,-122.62398529052734,Overture Places 2026-07-22.0,2026-07-22,open
Sprouts Farmers Market,aa07290d-8f6f-4f8a-8b72-cc1cc668a627,Sprouts,1300 Pinole Valley Rd,Pinole,CA,94564-1363,37.99974060058594,-122.28723907470703,Overture Places 2026-07-22.0,2026-07-22,open
Sprouts Farmers Market,17d89f95-a5bc-4178-aef0-c458b8defb7a,Sprouts,2199 W Leland Rd,Pittsburg,CA,94565,38.01875305175781,-121.96455383300781,Overture Places 2026-07-22.0,2026-07-22,open
Sprouts Farmers Market,6414e41a-8a2f-4b6b-9cf4-5174879e3e54,Sprouts,13536 Poway Rd,Poway,CA,92064-4725,32.957298278808594,-117.03760528564453,Overture Places 2026-07-22.0,2026-07-22,open
Sprouts Farmers Market,8f43a5ee-1b19-4458-a5b0-2532591a113e,Sprouts,10846 Bear Hollow Dr,Rancho Cordova,CA,95670-6471,38.577816009521484,-121.28205871582031,Overture Places 2026-07-22.0,2026-07-22,open
Sprouts Farmers Market,11461aca-0102-4fa1-8832-432464f517ec,Sprouts,6753 Carnelian St,Rancho Cucamonga,CA,91701-4556,34.1317138671875,-117.61517333984375,Overture Places 2026-07-22.0,2026-07-22,open
Sprouts Farmers Market,0fea6118-2afa-4364-83e6-b01c7da1ce64,Sprouts Farmers Market,7355 Day Creek Blvd,Rancho Cucamonga,CA,91739-8014,34.120086669921875,-117.53545379638672,Overture Places 2026-07-22.0,2026-07-22,open
Sprouts Farmers Market,35a46f70-024d-4316-bb70-21de553dbc8b,Sprouts,1401 Hilltop Dr,Redding,CA,96003-4082,40.58804702758789,-122.3572006225586,Overture Places 2026-07-22.0,2026-07-22,open
Sprouts Farmers Market,bdda4128-6610-4244-8b09-7793c9818060,Sprouts,560 W Stuart Ave,Redlands,CA,92374-3029,34.06076431274414,-117.18842315673828,Overture Places 2026-07-22.0,2026-07-22,open
Sprouts Farmers Market,3c2a9306-83f8-4885-bf12-58acb4dac311,Sprouts,1515 Hawthorne Blvd,Redondo Beach,CA,90278-3924,33.86840057373047,-118.3543472290039,Overture Places 2026-07-22.0,2026-07-22,open
Sprouts Farmers Market,174c94aa-9050-4dbc-b0dc-5c199a410b13,Sprouts,1524 S Riverside Ave,Rialto,CA,92376-7706,34.07370376586914,-117.37197875976562,Overture Places 2026-07-22.0,2026-07-22,open
Sprouts Farmers Market,dc8991df-b8bb-4dd6-9392-c9f921f836fc,Sprouts,475 E Alessandro Blvd,Riverside,CA,92508-6071,33.9139289855957,-117.32331085205078,Overture Places 2026-07-22.0,2026-07-22,open
Sprouts Farmers Market,f02a665b-c226-4214-84b5-236fd2ca9786,Sprouts,2030 Douglas Blvd,Roseville,CA,95661-3855,38.742881774902344,-121.2520980834961,Overture Places 2026-07-22.0,2026-07-22,open
Sprouts Farmers Market,a7272d30-7221-40ed-9240-ee663bdcf810,Sprouts,2735 Marconi Ave,Sacramento,CA,95821-4913,38.619140625,-121.39800262451172,Overture Places 2026-07-22.0,2026-07-22,open
Sprouts Farmers Market,2295e30d-4113-44f7-b987-eff0f9297ec1,Sprouts,2810 Del Paso Rd,Sacramento,CA,95834-9677,38.65481185913086,-121.52409362792969,Overture Places 2026-07-22.0,2026-07-22,open
Sprouts Farmers Market,ca87e0b5-8264-4176-b1e3-8c6d407e6207,Sprouts,4408 Del Rio Rd,Sacramento,CA,95822-1126,38.53654479980469,-121.50485229492188,Overture Places 2026-07-22.0,2026-07-22,open
Sprouts Farmers Market,8bfa0664-9344-40cd-a19a-f1386f13c891,Sprouts,550 Camino de Estrella,San Clemente,CA,92672-3553,33.456871032714844,-117.65601348876953,Overture Places 2026-07-22.0,2026-07-22,open
Sprouts Farmers Market,2c90a13e-127a-4183-b060-af33d6086d21,Sprouts,11710 Carmel Mountain Rd,San Diego,CA,92128,32.98109436035156,-117.08015441894531,Overture Places 2026-07-22.0,2026-07-22,open
Sprouts Farmers Market,7b001701-961b-4871-ae12-d02e5fc0240d,Sprouts,1260 Garnet Ave,San Diego,CA,92109-2912,32.798622131347656,-117.24671936035156,Overture Places 2026-07-22.0,2026-07-22,open
Sprouts Farmers Market,b5c29eb7-6e30-4df7-82c7-72e7bde27f5f,Sprouts,15727 Bernardo Heights Pkwy,San Diego,CA,92128-3181,33.00345993041992,-117.05840301513672,Overture Places 2026-07-22.0,2026-07-22,open
Sprouts Farmers Market,9d430b7b-e33f-4fd8-ad29-0d5ec59e92ee,Sprouts,16415 Paseo del Sur,San Diego,CA,92127-4210,33.019500732421875,-117.12355041503906,Overture Places 2026-07-22.0,2026-07-22,open
Sprouts Farmers Market,8fde3fb7-b5dc-46ba-b32a-f3a87dce9d7a,Sprouts,3015 Clairemont Dr,San Diego,CA,92117-6802,32.79438781738281,-117.1923828125,Overture Places 2026-07-22.0,2026-07-22,open
Sprouts Farmers Market,21516d05-2446-465d-a144-028ec15b6739,Sprouts,3315 Rosecrans St,San Diego,CA,92110-4224,32.747779846191406,-117.20657348632812,Overture Places 2026-07-22.0,2026-07-22,open
Sprouts Farmers Market,842247f5-71c8-4f7a-a5eb-e6067814be0a,Sprouts,3358 Governor Dr,San Diego,CA,92122-2925,32.851627349853516,-117.21439361572266,Overture Places 2026-07-22.0,2026-07-22,open
Sprouts Farmers Market,367627ce-85e3-4775-b6ce-2430e44f7d37,Sprouts,4175 Park Blvd,San Diego,CA,92103-2510,32.75333023071289,-117.14590454101562,Overture Places 2026-07-22.0,2026-07-22,open
Sprouts Farmers Market,0acc3c51-e593-4138-b282-ef5a0cf3b010,Sprouts,4439 Genesee Ave,San Diego,CA,92117-3005,32.824302673339844,-117.18368530273438,Overture Places 2026-07-22.0,2026-07-22,open
Sprouts Farmers Market,c1b3ae6d-68e0-4b35-86db-6b2f59ae21cb,Sprouts,8142 Mira Mesa Blvd,San Diego,CA,92126-2602,32.91429138183594,-117.14810180664062,Overture Places 2026-07-22.0,2026-07-22,open
Sprouts Farmers Market,00094084-6a11-4fa2-8b3b-efba90bfa8cf,Sprouts,1028 E Brokaw Rd,San Jose,CA,95131-2309,37.38125991821289,-121.8981704711914,Overture Places 2026-07-22.0,2026-07-22,open
Sprouts Farmers Market,25edb09b-f936-4ae2-867d-0fb5fdaecd3c,Sprouts,1130 Branham Ln,San Jose,CA,95118-3701,37.26188659667969,-121.878173828125,Overture Places 2026-07-22.0,2026-07-22,open
Sprouts Farmers Market,bb760444-0133-4a26-9452-4f8c8d528455,Sprouts,1771 E Capitol Expy,San Jose,CA,95121-1561,37.30924987792969,-121.81045532226562,Overture Places 2026-07-22.0,2026-07-22,open
Sprouts Farmers Market,46586c0d-963d-4e35-80dc-089ac5453479,Sprouts,5205 Prospect Rd,San Jose,CA,95129-5000,37.29289245605469,-121.99261474609375,Overture Places 2026-07-22.0,2026-07-22,open
Sprouts Farmers Market,d3079ce7-63a7-4076-aee9-54baf90885e6,Sprouts,615 Coleman Ave,San Jose,CA,95110-2000,37.340232849121094,-121.90824890136719,Overture Places 2026-07-22.0,2026-07-22,open
Sprouts Farmers Market,dd4fdf67-d912-4074-b30c-26f0cd84e252,Sprouts,313 Madonna Rd,San Luis Obispo,CA,93405-6553,35.26107406616211,-120.67765808105469,Overture Places 2026-07-22.0,2026-07-22,open
Sprouts Farmers Market,06e86162-edbb-4d5a-a718-bfed32022b6a,Sprouts,149 S Las Posas Rd,San Marcos,CA,92078-2419,33.14064025878906,-117.19075775146484,Overture Places 2026-07-22.0,2026-07-22,open
Sprouts Farmers Market,3a11d12d-6987-4628-b48c-0c85114a4fed,Sprouts,655 Irwin St,San Rafael,CA,94901-4071,37.9686279296875,-122.52300262451172,Overture Places 2026-07-22.0,2026-07-22,open
Sprouts Farmers Market,de7265fb-b736-4c95-bb64-08beabbf13c5,Sprouts,3181 Crow Canyon Pl,San Ramon,CA,94583-1325,37.7772331237793,-121.96988677978516,Overture Places 2026-07-22.0,2026-07-22,open
Sprouts Farmers Market,b2e25e04-67ce-4126-986a-b953f1dd3a04,Sprouts,29 S Milpas St,Santa Barbara,CA,93103-3305,34.42169952392578,-119.67770385742188,Overture Places 2026-07-22.0,2026-07-22,open
Sprouts Farmers Market,b8569da4-2174-4907-998f-00a21f53d8c8,Sprouts Farmers Market,2060 El Camino Real,Santa Clara,CA,95050-4051,37.349945068359375,-121.96232604980469,Overture Places 2026-07-22.0,2026-07-22,open
Sprouts Farmers Market,9288485f-811a-46a0-aeb3-74c3d00bd914,Sprouts,24285 Magic Mountain Pkwy,Santa Clarita,CA,91355-3401,34.4199333190918,-118.55928802490234,Overture Places 2026-07-22.0,2026-07-22,open
Sprouts Farmers Market,45839e6b-d371-4014-a16c-8b6048f7f3df,Sprouts,9361 Mission Gorge Rd,Santee,CA,92071-3815,32.837554931640625,-116.99361419677734,Overture Places 2026-07-22.0,2026-07-22,open
Sprouts Farmers Market,c55bdcf5-44ce-4cc6-aedf-7eeefc1068eb,Sprouts,12301 Seal Beach Blvd,Seal Beach,CA,90740-2708,33.78419494628906,-118.0732421875,Overture Places 2026-07-22.0,2026-07-22,open
Sprouts Farmers Market,a61aaf89-8734-4f1e-bd8f-b45deeeb722f,Sprouts,2800 Cochran St,Simi Valley,CA,93065-2780,34.278221130371094,-118.74149322509766,Overture Places 2026-07-22.0,2026-07-22,open
Sprouts Farmers Market,aea7dfbf-1f62-4f3a-bf14-1a8507682acd,Sprouts Farmers Market,659 Lomas Santa Fe Dr,Solana Beach,CA,92075-1412,32.995635986328125,-117.25979614257812,Overture Places 2026-07-22.0,2026-07-22,open
Sprouts Farmers Market,c54281a6-02e1-4eb6-aaf5-3edf17b73dbc,Sprouts,5308 Pacific Ave,Stockton,CA,95207-5619,37.99870681762695,-121.31428527832031,Overture Places 2026-07-22.0,2026-07-22,open
Sprouts Farmers Market,fd2a14d3-a691-4e23-8170-9cd5c7a7642e,Sprouts,11315 Ventura Blvd,Studio City,CA,91604,34.1409797668457,-118.37684631347656,Overture Places 2026-07-22.0,2026-07-22,open
Sprouts Farmers Market,9844fd27-0a20-4238-97f4-0d4cadd04143,Sprouts,111 E El Camino Real,Sunnyvale,CA,94087-1937,37.367374420166016,-122.03024291992188,Overture Places 2026-07-22.0,2026-07-22,open
Sprouts Farmers Market,88903562-35d3-4643-9d92-9405ba28645c,Sprouts,32413 Temecula Pkwy,Temecula,CA,92592-6817,33.48100662231445,-117.09202575683594,Overture Places 2026-07-22.0,2026-07-22,open
Sprouts Farmers Market,f45d2c53-7858-4980-b722-f0d6b483cef8,Sprouts,39606 Winchester Rd,Temecula,CA,92591-3550,33.541141510009766,-117.14244842529297,Overture Places 2026-07-22.0,2026-07-22,open
Sprouts Farmers Market,0cb64d77-f8b5-4406-98e4-c2c0043b7659,Sprouts,600 W Hillcrest Dr,Thousand Oaks,CA,91360-4229,34.184852600097656,-118.89238739013672,Overture Places 2026-07-22.0,2026-07-22,open
Sprouts Farmers Market,2dfe977f-2bb6-4347-9611-55c0b769aa87,Sprouts,4230 Pacific Coast Hwy,Torrance,CA,90505-5526,33.806663513183594,-118.3591079711914,Overture Places 2026-07-22.0,2026-07-22,open
Sprouts Farmers Market,2d21af33-b79b-49d6-864a-75f81d087ae3,Sprouts,14945 Holt Ave,Tustin,CA,92780-3406,33.74693298339844,-117.81559753417969,Overture Places 2026-07-22.0,2026-07-22,open
Sprouts Farmers Market,a36071d4-5a36-4452-bd5d-2adb87543146,Sprouts,3011 El Camino Real,Tustin,CA,92782-8905,33.72501754760742,-117.79080200195312,Overture Places 2026-07-22.0,2026-07-22,open
Sprouts Farmers Market,5ded7e01-0219-4c48-800c-79881d2d86b2,Sprouts,847 W Foothill Blvd,Upland,CA,91786-3727,34.108219146728516,-117.66204071044922,Overture Places 2026-07-22.0,2026-07-22,open
Sprouts Farmers Market,e0c757f3-8c62-40d5-8d75-7745176978c5,Sprouts,1041 Helen Power Dr,Vacaville,CA,95687-3507,38.36465072631836,-121.9625473022461,Overture Places 2026-07-22.0,2026-07-22,open
Sprouts Farmers Market,47eedfd2-bc5d-45f6-bfe9-41e1cb771f68,Sprouts,4870 Telephone Rd,Ventura,CA,93003-5234,34.26145935058594,-119.22744750976562,Overture Places 2026-07-22.0,2026-07-22,open
Sprouts Farmers Market,567f684d-6056-4d55-9020-1d3214bf0582,Sprouts,12450 Amargosa Rd,Victorville,CA,92392-5447,34.47703552246094,-117.34318542480469,Overture Places 2026-07-22.0,2026-07-22,open
Sprouts Farmers Market,3d239ddd-03f7-4089-8ff3-ca077a13cbfe,Sprouts,3501 S Mooney Blvd,Visalia,CA,93277-7775,36.29929733276367,-119.3151626586914,Overture Places 2026-07-22.0,2026-07-22,open
Sprouts Farmers Market,6c7ea572-e586-43aa-a466-823d8bae5a67,Sprouts,1400 E Vista Way,Vista,CA,92084-4042,33.21992111206055,-117.22662353515625,Overture Places 2026-07-22.0,2026-07-22,open
Sprouts Farmers Market,32894452-5516-4d49-87f2-eb62fcdb7289,Sprouts Farmers Market,705 E Vista Way,Vista,CA,92084-5550,33.2071647644043,-117.23532104492188,Overture Places 2026-07-22.0,2026-07-22,open
Sprouts Farmers Market,333d21fe-b862-4b38-82e4-fb90130b1358,Sprouts,1530 Geary Rd,Walnut Creek,CA,94597-2707,37.92695617675781,-122.06412506103516,Overture Places 2026-07-22.0,2026-07-22,open
Sprouts Farmers Market,ede506c6-f2a4-420d-b8e9-c57bd13c0d41,Sprouts,2630 E Workman Ave,West Covina,CA,91791-1510,34.074615478515625,-117.8888168334961,Overture Places 2026-07-22.0,2026-07-22,open
Sprouts Farmers Market,b56ae482-0776-451f-9c64-987ee0a4355e,Sprouts,1012 S Westlake Blvd,Westlake Village,CA,91361-3107,34.15220260620117,-118.82709503173828,Overture Places 2026-07-22.0,2026-07-22,open
Sprouts Farmers Market,4c8f35dd-b123-484c-8d4f-51b5c998dba6,Sprouts,15801 Whittier Blvd,Whittier,CA,90603-2520,33.94437789916992,-117.99217224121094,Overture Places 2026-07-22.0,2026-07-22,open
Sprouts Farmers Market,ab3b1781-6263-473a-80b4-1281054e59e7,Sprouts,1430 E Main St,Woodland,CA,95776-6201,38.67652893066406,-121.75426483154297,Overture Places 2026-07-22.0,2026-07-22,open
Sprouts Farmers Market,990605f2-96e7-47a1-a9bb-7dc4d7561938,Sprouts,21821 Ventura Blvd,Woodland Hills,CA,91364-1838,34.169464111328125,-118.60299682617188,Overture Places 2026-07-22.0,2026-07-22,open
Sprouts Farmers Market,f13ca327-d645-4d30-aad7-066c3929cb1d,Sprouts,17482 Yorba Linda Blvd,Yorba Linda,CA,92886-3823,33.88758087158203,-117.82894134521484,Overture Places 2026-07-22.0,2026-07-22,open
Sprouts Farmers Market,388ae93f-fd1b-4c9c-ba5f-263122973a07,Sprouts,22401 Old Canal Rd,Yorba Linda,CA,92887-4637,33.873565673828125,-117.74526977539062,Overture Places 2026-07-22.0,2026-07-22,open
Stater Bros. Markets,66836c22-8004-4d4e-82bc-a548ea2a3757,Stater Bros. Markets,14168 US Highway 395,Adelanto,CA,92301-6700,34.50790786743164,-117.4013900756836,Overture Places 2026-07-22.0,2026-07-22,open
Stater Bros. Markets,f72be59e-334c-4785-8f82-825cf56ec4ed,Stater Bros. Markets,26892 La Paz Rd,Aliso Viejo,CA,92656-3038,33.57201385498047,-117.70613861083984,Overture Places 2026-07-22.0,2026-07-22,open
Stater Bros. Markets,53aa130b-3eed-4d68-8b2e-a1f4f1f8bd55,Stater Bros. Markets,1131 N State College Blvd,Anaheim,CA,92806-2704,33.84952163696289,-117.89022064208984,Overture Places 2026-07-22.0,2026-07-22,open
Stater Bros. Markets,d9bee3fb-ec14-4566-9efc-9e51a582c952,Stater Bros. Markets,1741 N Kellogg Dr,Anaheim,CA,92807-1201,33.86585235595703,-117.80482482910156,Overture Places 2026-07-22.0,2026-07-22,open
Stater Bros. Markets,1a76543f-dff2-451f-a140-2e793b55846e,Stater Bros. Markets,610 S Brookhurst St,Anaheim,CA,92804-3546,33.82432556152344,-117.95809173583984,Overture Places 2026-07-22.0,2026-07-22,open
Stater Bros. Markets,adb2dd1b-321b-4da1-8493-390705170440,Stater Bros. Markets,12253 Apple Valley Rd,Apple Valley,CA,92308-1701,34.47406005859375,-117.24066162109375,Overture Places 2026-07-22.0,2026-07-22,open
Stater Bros. Markets,5d47eabf-42f9-4d98-a028-a2ba01a942a4,Stater Bros. Markets,21602 Bear Valley Rd,Apple Valley,CA,92308-5507,34.472808837890625,-117.19225311279297,Overture Places 2026-07-22.0,2026-07-22,open
Stater Bros. Markets,1a7597d7-1090-4b7a-b5f4-c98493812ee8,Stater Bros. Markets,11815 Artesia Blvd,Artesia,CA,90701-4002,33.87473678588867,-118.0815200805664,Overture Places 2026-07-22.0,2026-07-22,open
Stater Bros. Markets,43d60a36-69f7-4660-93b6-e3f8e48e6121,Stater Bros. Markets,1145 E Alosta Ave,Azusa,CA,91702-2740,34.12953567504883,-117.88278198242188,Overture Places 2026-07-22.0,2026-07-22,open
Stater Bros. Markets,bb69c817-ab06-41ed-96fe-b715e37732be,Stater Bros. Markets,957 Armory Rd,Barstow,CA,92311-5461,34.88512420654297,-117.01319885253906,Overture Places 2026-07-22.0,2026-07-22,open
Stater Bros. Markets,b51242b7-8b1e-462b-893b-26dc6f9f380b,Stater Bros. Markets,1430 Beaumont Ave,Beaumont,CA,92223-4704,33.94828796386719,-116.97615051269531,Overture Places 2026-07-22.0,2026-07-22,open
Stater Bros. Markets,1b856d67-ae32-4548-a1d7-f7bdb2b21980,Stater Bros. Markets,1661 E 6th St,Beaumont,CA,92223-5762,33.9284782409668,-116.94971466064453,Overture Places 2026-07-22.0,2026-07-22,open
Stater Bros. Markets,4afd0b87-cbc2-41d3-8f32-cefab0b06318,Stater Bros. Markets,42171 Big Bear Blvd,Big Bear Lake,CA,92315-1518,34.25265121459961,-116.88355255126953,Overture Places 2026-07-22.0,2026-07-22,open
Stater Bros. Markets,11147fbf-400b-4017-a422-3f1402a64236,Stater Bros. Markets,1045 Bloomington Ave,Bloomington,CA,92316-2006,34.0744743347168,-117.38948822021484,Overture Places 2026-07-22.0,2026-07-22,open
Stater Bros. Markets,a7020df0-4e6e-49c8-a217-752f721130e2,Stater Bros. Markets,7511 Orangethorpe Ave,Buena Park,CA,90621-3428,33.86018371582031,-118.00167846679688,Overture Places 2026-07-22.0,2026-07-22,open
Stater Bros. Markets,202a1f70-926f-4bd3-9619-6c40645ae8e4,Stater Bros. Markets,1004 Cherry Valley Blvd,Calimesa,CA,92320-2247,33.96649932861328,-117.03590393066406,Overture Places 2026-07-22.0,2026-07-22,open
Stater Bros. Markets,be600a73-cc5f-4870-a6b2-16ac535a5242,Stater Bros. Markets,1155 Calimesa Blvd,Calimesa,CA,92320-1549,33.995880126953125,-117.05691528320312,Overture Places 2026-07-22.0,2026-07-22,open
Stater Bros. Markets,47e0fe26-48c7-4428-ac1c-db86c2be4b90,Stater Bros. Markets,2687 Gateway Rd,Carlsbad,CA,92009-1726,33.12655258178711,-117.2518310546875,Overture Places 2026-07-22.0,2026-07-22,open
Stater Bros. Markets,c22fbdf2-d9cf-4068-bf8e-497488d013cf,Stater Bros. Markets,67800 Vista Chino,Cathedral City,CA,92234-3536,33.846046447753906,-116.4778060913086,Overture Places 2026-07-22.0,2026-07-22,open
Stater Bros. Markets,73d86718-a1eb-4fd7-8852-f48ef579d975,Stater Bros. Markets,69255 Ramon Rd,Cathedral City,CA,92234-3346,33.81473159790039,-116.45623016357422,Overture Places 2026-07-22.0,2026-07-22,open
Stater Bros. Markets,2005dbea-ebf0-4b65-aaf6-7063be49a73f,Stater Bros. Markets,4721 Riverside Dr,Chino,CA,91710-3337,34.018375396728516,-117.701904296875,Overture Places 2026-07-22.0,2026-07-22,open
Stater Bros. Markets,4ec7d32a-ebcb-4f45-8dd3-d227ce59e8f0,Stater Bros. Markets,6989 Schaefer Ave,Chino,CA,91710-9126,34.00347137451172,-117.65250396728516,Overture Places 2026-07-22.0,2026-07-22,open
Stater Bros. Markets,6f3f3b0d-3812-41b9-9df5-092144df2a95,Stater Bros. Markets,8373 Pine Ave,Chino,CA,91708-9634,33.957305908203125,-117.62184143066406,Overture Places 2026-07-22.0,2026-07-22,open
Stater Bros. Markets,1ef216d9-25d6-46c0-bc27-a84ea64739ed,Stater Bros. Markets,14250 Chino Hills Pkwy,Chino Hills,CA,91709-4832,33.993953704833984,-117.75875854492188,Overture Places 2026-07-22.0,2026-07-22,open
Stater Bros. Markets,9f8bcae8-1829-46f1-bffd-85aa22ae09a6,Stater Bros. Markets,1055 W Foothill Blvd,Claremont,CA,91711-3306,34.10780715942383,-117.7354965209961,Overture Places 2026-07-22.0,2026-07-22,open
Stater Bros. Markets,b74c670a-f3f4-4521-b095-e4e7802f4f64,Stater Bros. Markets,151 E Valley Blvd,Colton,CA,92324-2935,34.06733322143555,-117.3233413696289,Overture Places 2026-07-22.0,2026-07-22,open
Stater Bros. Markets,215b020a-c3b5-4ba4-820a-b830a05bc195,Stater Bros. Markets,2053 E Washington St,Colton,CA,92324-4704,34.049869537353516,-117.29147338867188,Overture Places 2026-07-22.0,2026-07-22,open
Stater Bros. Markets,819a0f92-70eb-4a7d-b720-9c4ca8754859,Stater Bros. Markets,1193 Magnolia Ave,Corona,CA,92879-3202,33.86534881591797,-117.54649353027344,Overture Places 2026-07-22.0,2026-07-22,open
Stater Bros. Markets,059fcc4a-6d1f-49b3-b3eb-0cd4b32c854b,Stater Bros. Markets,1288 Border Ave,Corona,CA,92882-3801,33.869327545166016,-117.59413146972656,Overture Places 2026-07-22.0,2026-07-22,open
Stater Bros. Markets,43d16faf-a5f8-49d1-b83f-e5143993d4d2,Stater Bros. Markets,2243 Eagle Glen Pkwy,Corona,CA,92883-0785,33.82283020019531,-117.523193359375,Overture Places 2026-07-22.0,2026-07-22,open
Stater Bros. Markets,39a896b6-fd13-4b01-8733-953e6f35e82f,Stater Bros. Markets,550 Hidden Valley Pkwy,Corona,CA,92879-8601,33.89837646484375,-117.55543518066406,Overture Places 2026-07-22.0,2026-07-22,open
Stater Bros. Markets,2bfc7de3-9d92-451a-bbe0-a53a285ba6e2,Stater Bros. Markets,1175 Baker St,Costa Mesa,CA,92626-4101,33.67891311645508,-117.90644836425781,Overture Places 2026-07-22.0,2026-07-22,open
Stater Bros. Markets,fff31601-3a69-44e3-85d6-197336fde86f,Stater Bros. Markets,2180 Newport Blvd,Costa Mesa,CA,92627-1710,33.650726318359375,-117.90876007080078,Overture Places 2026-07-22.0,2026-07-22,open
Stater Bros. Markets,cc0eb49c-1092-41a5-a7a3-130a85dc048e,Stater Bros. Markets,1023 N Grand Ave,Covina,CA,91724-2048,34.09797668457031,-117.87311553955078,Overture Places 2026-07-22.0,2026-07-22,open
Stater Bros. Markets,1a0f7743-5a21-4084-b612-221c7314e9df,Stater Bros. Markets,10051 Valley View St,Cypress,CA,90630-4601,33.816036224365234,-118.02923583984375,Overture Places 2026-07-22.0,2026-07-22,open
Stater Bros. Markets,f7baa4e7-e9de-4f14-a166-042301655dd8,Stater Bros. Markets,13200 Palm Dr,Desert Hot Springs,CA,92240-5946,33.952659606933594,-116.50044250488281,Overture Places 2026-07-22.0,2026-07-22,open
Stater Bros. Markets,d7d2114d-0103-4d33-8158-bf32b3e9aac1,Stater Bros. Markets,7814 Firestone Blvd,Downey,CA,90241-4221,33.94428253173828,-118.14181518554688,Overture Places 2026-07-22.0,2026-07-22,open
Stater Bros. Markets,bfced5a2-a5c2-43d5-95e0-3c002521f89d,Stater Bros. Markets,1048 N El Camino Real,Encinitas,CA,92024-1320,33.06688690185547,-117.26631164550781,Overture Places 2026-07-22.0,2026-07-22,open
Stater Bros. Markets,d37ad20c-b5e9-4c7e-8312-d35f15fea752,Stater Bros. Markets,11225 Sierra Ave,Fontana,CA,92337-7579,34.049800872802734,-117.43388366699219,Overture Places 2026-07-22.0,2026-07-22,open
Stater Bros. Markets,f490f3be-d34c-41ea-aa47-a13e155dd818,Stater Bros. Markets,15222 Summit Ave,Fontana,CA,92336-0231,34.15133285522461,-117.47550964355469,Overture Places 2026-07-22.0,2026-07-22,open
Stater Bros. Markets,89323308-e623-4a4e-8340-887d3f1cbf45,Stater Bros. Markets,18140 Arrow Rte,Fontana,CA,92335,34.10083770751953,-117.40869903564453,Overture Places 2026-07-22.0,2026-07-22,open
Stater Bros. Markets,ddffbfeb-697f-4b25-98d2-31dff21b1b74,Stater Bros. Markets,8228 Sierra Ave,Fontana,CA,92335-3527,34.10430908203125,-117.43672180175781,Overture Places 2026-07-22.0,2026-07-22,open
Stater Bros. Markets,ac460618-2d42-4c96-87ee-aa4e2c9b5700,Stater Bros. Markets,11085 Warner Ave,Fountain Valley,CA,92708-4007,33.71693420410156,-117.93555450439453,Overture Places 2026-07-22.0,2026-07-22,open
Stater Bros. Markets,2208fb8e-bb67-423c-a491-a4c96cf248f6,Stater Bros. Markets,1040 E Bastanchury Rd,Fullerton,CA,92835-2786,33.89844512939453,-117.91104888916016,Overture Places 2026-07-22.0,2026-07-22,open
Stater Bros. Markets,becaa9b9-92f0-4256-9405-40620e457afe,Stater Bros. Markets,8888 W Chapman Ave,Garden Grove,CA,92841-2344,33.7880859375,-117.97703552246094,Overture Places 2026-07-22.0,2026-07-22,open
Stater Bros. Markets,7b7b904d-0546-4dac-bda6-f9251f662d9e,Stater Bros. Markets,1830 E Route 66,Glendora,CA,91740,34.12712478637695,-117.83021545410156,Overture Places 2026-07-22.0,2026-07-22,open
Stater Bros. Markets,e59a8b8f-63f2-4a2c-8a3d-e7b9371c2fa5,Stater Bros. Markets,22201 Barton Rd,Grand Terrace,CA,92313-5004,34.03280258178711,-117.32032775878906,Overture Places 2026-07-22.0,2026-07-22,open
Stater Bros. Markets,7e6b9503-f37d-4ea8-96d6-17636c385675,Stater Bros. Markets,210 E Stetson Ave,Hemet,CA,92543-7176,33.73073959350586,-116.97005462646484,Overture Places 2026-07-22.0,2026-07-22,open
Stater Bros. Markets,04c3b5ba-474a-4241-ac96-652f12e272c6,Stater Bros. Markets,3125 W Florida Ave,Hemet,CA,92545-3618,33.745811462402344,-117.00535583496094,Overture Places 2026-07-22.0,2026-07-22,open
Stater Bros. Markets,ab317fe8-ded3-474e-8ef5-811611003333,Stater Bros. Markets,41849 E Florida Ave,Hemet,CA,92544,33.74683380126953,-116.9316635131836,Overture Places 2026-07-22.0,2026-07-22,open
Stater Bros. Markets,82435412-719f-4276-bd16-ce0aabd5d2aa,Stater Bros. Markets,43396 Florida Ave,Hemet,CA,92544-5220,33.74884796142578,-116.9035873413086,Overture Places 2026-07-22.0,2026-07-22,open
Stater Bros. Markets,89a84be7-d871-4e5b-8d4c-4c854cb617f5,Stater Bros. Markets,14466 Main St,Hesperia,CA,92345-2984,34.42806625366211,-117.34831237792969,Overture Places 2026-07-22.0,2026-07-22,open
Stater Bros. Markets,86db61f3-4c5d-4b78-a3bf-e73840aa6f4f,Stater Bros. Markets,16904 Main St,Hesperia,CA,92345-6032,34.42189407348633,-117.29449462890625,Overture Places 2026-07-22.0,2026-07-22,open
Stater Bros. Markets,eb35b6cf-fe2e-4931-938a-7e7a37931547,Stater Bros. Markets,27920 Greenspot Rd,Highland,CA,92346-4338,34.109378814697266,-117.19752502441406,Overture Places 2026-07-22.0,2026-07-22,open
Stater Bros. Markets,40836d89-43cb-4b29-868d-d6f154cdad14,Stater Bros. Markets,28988 Greenspot Rd,Highland,CA,92346-4423,34.11097717285156,-117.172119140625,Overture Places 2026-07-22.0,2026-07-22,open
Stater Bros. Markets,032d1c7c-188d-4670-a40d-5ea9338593bc,Stater Bros. Markets,10114 Adams Ave,Huntington Beach,CA,92646-4907,33.67089080810547,-117.95214080810547,Overture Places 2026-07-22.0,2026-07-22,open
Stater Bros. Markets,2526c406-c0c9-451c-b860-413ca097791e,Stater Bros. Markets,7101 Warner Ave,Huntington Beach,CA,92647-5429,33.7167854309082,-118.00470733642578,Overture Places 2026-07-22.0,2026-07-22,open
Stater Bros. Markets,bc8e6691-4b73-45cf-b675-6ab57df841bf,Stater Bros. Markets,81056 US Highway 111,Indio,CA,92201-6664,33.70858383178711,-116.25048065185547,Overture Places 2026-07-22.0,2026-07-22,open
Stater Bros. Markets,0f16f493-9839-4ada-9d6d-fac2f7c988ee,Stater Bros. Markets,11070 Limonite Ave,Jurupa Valley,CA,91752-2120,33.97472381591797,-117.52467346191406,Overture Places 2026-07-22.0,2026-07-22,open
Stater Bros. Markets,6a0edc4b-f930-4664-9e73-70e68f697d5e,Stater Bros. Markets,5571 Mission Blvd,Jurupa Valley,CA,92509-4503,33.99753952026367,-117.40555572509766,Overture Places 2026-07-22.0,2026-07-22,open
Stater Bros. Markets,1d955dcb-6767-4a7a-861a-e8589acfd3fc,Stater Bros. Markets,7770 Limonite Ave,Jurupa Valley,CA,92509-5314,33.97746276855469,-117.4524917602539,Overture Places 2026-07-22.0,2026-07-22,open
Stater Bros. Markets,a8929e9c-7ccf-4f56-9891-1bd7cdaea4da,Stater Bros. Markets,9155 Jurupa Rd,Jurupa Valley,CA,92509-3117,33.99836730957031,-117.48303985595703,Overture Places 2026-07-22.0,2026-07-22,open
Stater Bros. Markets,ef911aba-5c1d-489f-96a4-d52df6c199e4,Stater Bros. Markets,851 N Harbor Blvd,La Habra,CA,90631-3101,33.93998336791992,-117.93426513671875,Overture Places 2026-07-22.0,2026-07-22,open
Stater Bros. Markets,6f952bf5-5228-4226-9ae3-4eca3bff06d3,Stater Bros. Markets,12800 La Mirada Blvd,La Mirada,CA,90638-2215,33.91559982299805,-118.01074981689453,Overture Places 2026-07-22.0,2026-07-22,open
Stater Bros. Markets,805eeae4-3885-40a7-aab0-d4e1b18cc54c,Stater Bros. Markets,78630 Highway 111,La Quinta,CA,92253-2031,33.715450286865234,-116.29320526123047,Overture Places 2026-07-22.0,2026-07-22,open
Stater Bros. Markets,cb03904d-faa4-4a7f-a56d-00640c656664,Stater Bros. Markets,2090 Foothill Blvd,La Verne,CA,91750-3559,34.11246871948242,-117.76618194580078,Overture Places 2026-07-22.0,2026-07-22,open
Stater Bros. Markets,0e9e6455-9a6e-4f58-a7ea-46c93af5d319,Stater Bros. Markets,25636 Crown Valley Pkwy,Ladera Ranch,CA,92694-0464,33.56430435180664,-117.63098907470703,Overture Places 2026-07-22.0,2026-07-22,open
Stater Bros. Markets,43692418-bb85-42ad-b2bc-129c1e97c388,Stater Bros. Markets,24336 El Toro Rd,Laguna Woods,CA,92637-2775,33.60834884643555,-117.73141479492188,Overture Places 2026-07-22.0,2026-07-22,open
Stater Bros. Markets,72836f36-6518-44b4-8f5e-121f9fe7dff8,Stater Bros. Markets,28100 CA-189,Lake Arrowhead,CA,92352,34.250545501708984,-117.1904296875,Overture Places 2026-07-22.0,2026-07-22,open
Stater Bros. Markets,ada7aa17-80db-4907-b586-a2e0f566456e,Stater Bros. Markets,16750 Lakeshore Dr,Lake Elsinore,CA,92530-4902,33.68671417236328,-117.3681411743164,Overture Places 2026-07-22.0,2026-07-22,open
Stater Bros. Markets,11d283f4-dc24-44f1-845d-72748f3714bc,Stater Bros. Markets,29995 Canyon Hills Rd,Lake Elsinore,CA,92532-2576,33.66636276245117,-117.2623062133789,Overture Places 2026-07-22.0,2026-07-22,open
Stater Bros. Markets,c2bdbf52-a10f-4566-850e-6582fc256379,Stater Bros. Markets,32281 Mission Trl,Lake Elsinore,CA,92530-4524,33.65317153930664,-117.29812622070312,Overture Places 2026-07-22.0,2026-07-22,open
Stater Bros. Markets,f07bc7f8-f7fc-4fe7-9d9c-d0716868eb40,Stater Bros. Markets,22351 El Toro Rd,Lake Forest,CA,92630-5053,33.638580322265625,-117.67985534667969,Overture Places 2026-07-22.0,2026-07-22,open
Stater Bros. Markets,f5f21dbd-602a-4f4e-a735-fe95045dff92,Stater Bros. Markets,1850 E Avenue J,Lancaster,CA,93535-4475,34.68840026855469,-118.09568786621094,Overture Places 2026-07-22.0,2026-07-22,open
Stater Bros. Markets,3e6a6efb-fb41-43c7-a1d8-9680799bd84e,Stater Bros. Markets,2845 W Avenue L,Lancaster,CA,93536-4022,34.66151428222656,-118.1824722290039,Overture Places 2026-07-22.0,2026-07-22,open
Stater Bros. Markets,eee89a74-de32-4827-abd9-58d07ce718af,Stater Bros. Markets,25630 Barton Rd,Loma Linda,CA,92354-3110,34.04927444458008,-117.24498748779297,Overture Places 2026-07-22.0,2026-07-22,open
Stater Bros. Markets,e580f4e3-b1df-4d37-b28f-29bd115a9006,Stater Bros. Markets,6501 E Spring St,Long Beach,CA,90808-4023,33.811344146728516,-118.10572052001953,Overture Places 2026-07-22.0,2026-07-22,open
Stater Bros. Markets,77ce50d2-0e73-457e-a8ab-66b7c09a5d17,Stater Bros. Markets,25904 Newport Rd,Menifee,CA,92584-9130,33.686344146728516,-117.20690155029297,Overture Places 2026-07-22.0,2026-07-22,open
Stater Bros. Markets,6bc6ef32-226d-4103-93a6-0a0200890735,Stater Bros. Markets,27160 Sun City Blvd,Menifee,CA,92586-5505,33.71158981323242,-117.19255828857422,Overture Places 2026-07-22.0,2026-07-22,open
Stater Bros. Markets,75ec5d13-43e1-4599-a363-0b8ceb22a77a,Stater Bros. Markets,29061 Newport Rd,Menifee,CA,92584,33.683837890625,-117.1524887084961,Overture Places 2026-07-22.0,2026-07-22,open
Stater Bros. Markets,6861513b-9bff-43a3-88fd-7b6f10b4b994,Stater Bros. Markets,16920 State Highway 14,Mojave,CA,93501-1226,35.067970275878906,-118.17378997802734,Overture Places 2026-07-22.0,2026-07-22,open
Stater Bros. Markets,687a3624-58ae-48aa-a868-f7ad524cf3a0,Stater Bros. Markets,9575 Central Ave,Montclair,CA,91763-2424,34.080101013183594,-117.68878936767578,Overture Places 2026-07-22.0,2026-07-22,open
Stater Bros. Markets,9b5f6513-b12c-4884-b220-7a35dfa08cbd,Stater Bros. Markets,11875 Pigeon Pass Rd,Moreno Valley,CA,92557-6039,33.94823455810547,-117.26235961914062,Overture Places 2026-07-22.0,2026-07-22,open
Stater Bros. Markets,e89404f0-5c65-476d-8d3c-ef9dd11c0af6,Stater Bros. Markets,14425 Moreno Beach Dr,Moreno Valley,CA,92555-8702,33.91139602661133,-117.17546844482422,Overture Places 2026-07-22.0,2026-07-22,open
Stater Bros. Markets,1283607a-95e6-4ce7-995f-dfcefd72c945,Stater Bros. Markets,25900 Iris Ave,Moreno Valley,CA,92551-1655,33.89164352416992,-117.20922088623047,Overture Places 2026-07-22.0,2026-07-22,open
Stater Bros. Markets,802dc759-aae0-453e-88a0-29cd79616ca0,Stater Bros. Markets,25050 Hancock Ave,Murrieta,CA,92562-5932,33.57103729248047,-117.18238067626953,Overture Places 2026-07-22.0,2026-07-22,open
Stater Bros. Markets,75f72ca5-7098-4adb-8c8f-f9eb456e339c,Stater Bros. Markets,2430 River Rd,Norco,CA,92860-2234,33.915252685546875,-117.59037017822266,Overture Places 2026-07-22.0,2026-07-22,open
Stater Bros. Markets,4ff893af-9982-41ca-8db4-d474e9adfc5d,Stater Bros. Markets,2790 Hamner Ave,Norco,CA,92860-1926,33.922767639160156,-117.5601806640625,Overture Places 2026-07-22.0,2026-07-22,open
Stater Bros. Markets,3e0e06b5-97a7-48dd-90c4-0e67da25b1dd,Stater Bros. Markets,11300 Firestone Blvd,Norwalk,CA,90650-2202,33.91801452636719,-118.09298706054688,Overture Places 2026-07-22.0,2026-07-22,open
Stater Bros. Markets,1d5f4049-ed6e-498a-9061-98500459f501,Stater Bros. Markets,12523 Alondra Blvd,Norwalk,CA,90650-7351,33.88831329345703,-118.0655288696289,Overture Places 2026-07-22.0,2026-07-22,open
Stater Bros. Markets,38d00cd0-db8b-4d83-bbdc-5a5b8822c84e,Stater Bros. Markets,3770 Mission Ave,Oceanside,CA,92058-1416,33.22648239135742,-117.33323669433594,Overture Places 2026-07-22.0,2026-07-22,open
Stater Bros. Markets,06f7db6e-6b8e-4c79-8979-44772e137d90,Stater Bros. Markets,1105 W Philadelphia St,Ontario,CA,91762-6147,34.03287887573242,-117.66999053955078,Overture Places 2026-07-22.0,2026-07-22,open
Stater Bros. Markets,1597b633-a49d-409a-b606-a07755391f82,Stater Bros. Markets,1939 E 4th St,Ontario,CA,91764-2603,34.07838439941406,-117.60970306396484,Overture Places 2026-07-22.0,2026-07-22,open
Stater Bros. Markets,63a56425-13e6-4b82-a5ce-7e3f143e4504,Stater Bros. Markets,3460 Ontario Ranch Rd,Ontario,CA,91761,33.999427795410156,-117.57705688476562,Overture Places 2026-07-22.0,2026-07-22,open
Stater Bros. Markets,327b332d-4cba-48e7-9bed-583db68e44fd,Stater Bros. Markets,646 W Holt Blvd,Ontario,CA,91762-3714,34.064186096191406,-117.65965270996094,Overture Places 2026-07-22.0,2026-07-22,open
Stater Bros. Markets,d3ffc8f9-ffd9-4d01-b435-eeb38197d950,Stater Bros. Markets,930 N Haven Ave,Ontario,CA,91764-4992,34.07542037963867,-117.57417297363281,Overture Places 2026-07-22.0,2026-07-22,open
Stater Bros. Markets,f0b6e28b-e1b1-4807-b559-28bba31f0c6e,Stater Bros. Markets,1800 E Collins Ave,Orange,CA,92867-6517,33.80180358886719,-117.83460998535156,Overture Places 2026-07-22.0,2026-07-22,open
Stater Bros. Markets,175f3689-da3f-422b-83c7-87d14279f93d,Stater Bros. Markets,3325 E Chapman Ave,Orange,CA,92869-3810,33.788963317871094,-117.81771087646484,Overture Places 2026-07-22.0,2026-07-22,open
Stater Bros. Markets,154de153-5269-46d2-8186-b23132072c04,Stater Bros. Markets,78210 Varner Rd,Palm Desert,CA,92211-4134,33.762638092041016,-116.29932403564453,Overture Places 2026-07-22.0,2026-07-22,open
Stater Bros. Markets,35458890-0ebd-405c-811b-be2450e4a5be,Stater Bros. Markets,1717 E Vista Chino,Palm Springs,CA,92262-3559,33.8437614440918,-116.52690124511719,Overture Places 2026-07-22.0,2026-07-22,open
Stater Bros. Markets,3f0b86d9-7e1b-4bd6-9640-9348b499010f,Stater Bros. Markets,2535 E Avenue S,Palmdale,CA,93550-6402,34.55931091308594,-118.0836410522461,Overture Places 2026-07-22.0,2026-07-22,open
Stater Bros. Markets,4fca5f3c-1728-4de6-9c5d-9401b3cce998,Stater Bros. Markets,37218 47th St E,Palmdale,CA,93552-4421,34.55923843383789,-118.04373168945312,Overture Places 2026-07-22.0,2026-07-22,open
Stater Bros. Markets,71a3eb47-af40-4728-9ced-99dfe4e4fd5b,Stater Bros. Markets,8640 Alondra Blvd,Paramount,CA,90723-5203,33.888816833496094,-118.14854431152344,Overture Places 2026-07-22.0,2026-07-22,open
Stater Bros. Markets,0a0a3478-5d3b-47de-83c6-a8b9acf186e0,Stater Bros. Markets,1390 N Allen Ave,Pasadena,CA,91104-1617,34.16984558105469,-118.11212158203125,Overture Places 2026-07-22.0,2026-07-22,open
Stater Bros. Markets,e25a275a-39a3-4894-b147-63c3330e4ed9,Stater Bros. Markets,47 W Nuevo Rd,Perris,CA,92571-0831,33.7998161315918,-117.22718811035156,Overture Places 2026-07-22.0,2026-07-22,open
Stater Bros. Markets,96bd1489-5b7e-4bad-8307-44fd6ae0532b,Stater Bros. Markets,4059 Phelan Rd,Phelan,CA,92371-8912,34.4251823425293,-117.57374572753906,Overture Places 2026-07-22.0,2026-07-22,open
Stater Bros. Markets,6cfba94f-dab3-4106-b9cd-9466738ca059,Stater Bros. Markets,1111 E Imperial Hwy,Placentia,CA,92870-1700,33.90583038330078,-117.84333801269531,Overture Places 2026-07-22.0,2026-07-22,open
Stater Bros. Markets,0d264a50-a4ff-4c1d-aa4b-3746086b66c7,Stater Bros. Markets,1045 N Garey Ave,Pomona,CA,91767-3801,34.068241119384766,-117.75312805175781,Overture Places 2026-07-22.0,2026-07-22,open
Stater Bros. Markets,9fbeb25b-ed5f-46e2-90e9-d0f0c06f8c84,Stater Bros. Markets,13589 Poway Rd,Poway,CA,92064-4715,32.955867767333984,-117.03755187988281,Overture Places 2026-07-22.0,2026-07-22,open
Stater Bros. Markets,f1e0cc26-780f-47b2-a3b0-8a40c4e53dff,Stater Bros. Markets,1674 Main St,Ramona,CA,92065-5240,33.03511428833008,-116.87881469726562,Overture Places 2026-07-22.0,2026-07-22,open
Stater Bros. Markets,9d8a3dbc-673e-49c2-8cb9-93766ba4a859,Stater Bros. Markets,7200 Day Creek Blvd,Rancho Cucamonga,CA,91739-8858,34.12278366088867,-117.5385513305664,Overture Places 2026-07-22.0,2026-07-22,open
Stater Bros. Markets,a92f6ea6-f1f9-492a-bb89-b8b6b791e2c0,Stater Bros. Markets,8770 Base Line Rd,Rancho Cucamonga,CA,91701-5503,34.12260818481445,-117.61466217041016,Overture Places 2026-07-22.0,2026-07-22,open
Stater Bros. Markets,8e100d5e-60b9-4979-9e09-ffd51d2fa83a,Stater Bros. Markets,9750 19th St,Rancho Cucamonga,CA,91737-3538,34.13394546508789,-117.5926742553711,Overture Places 2026-07-22.0,2026-07-22,open
Stater Bros. Markets,a5c9d34b-2a9c-4e9f-bb74-2a0f403af0e4,Stater Bros. Markets,11 E Colton Ave,Redlands,CA,92374-3323,34.06364822387695,-117.18191528320312,Overture Places 2026-07-22.0,2026-07-22,open
Stater Bros. Markets,d3d55f73-111b-4ec9-8993-e88f2700c04c,Stater Bros. Markets,1536 Barton Rd,Redlands,CA,92373-5439,34.0482063293457,-117.20719909667969,Overture Places 2026-07-22.0,2026-07-22,open
Stater Bros. Markets,e66e0121-e4a9-4ee6-8c30-f3ed12c3f668,Stater Bros. Markets,1775 E Lugonia Ave,Redlands,CA,92374-2723,34.07124710083008,-117.14008331298828,Overture Places 2026-07-22.0,2026-07-22,open
Stater Bros. Markets,6386945e-3334-40d0-a43b-7476f52bd634,Stater Bros. Markets,168 E Base Line Rd,Rialto,CA,92376-3607,34.12271499633789,-117.36923217773438,Overture Places 2026-07-22.0,2026-07-22,open
Stater Bros. Markets,0ed2aa2f-8ed2-4f21-be13-8f6e4469bedc,Stater Bros. Markets,571 E Foothill Blvd,Rialto,CA,92376-5223,34.1055908203125,-117.36003875732422,Overture Places 2026-07-22.0,2026-07-22,open
Stater Bros. Markets,84cd4b73-5375-4e76-a975-c2ef8b09e813,Stater Bros. Markets,800 N China Lake Blvd,Ridgecrest,CA,93555-3544,35.6350212097168,-117.6681900024414,Overture Places 2026-07-22.0,2026-07-22,open
Stater Bros. Markets,07b828bd-77a0-450b-91b5-5dbc275018e5,Stater Bros. Markets,17050 Van Buren Blvd,Riverside,CA,92504-5939,33.8834342956543,-117.36504364013672,Overture Places 2026-07-22.0,2026-07-22,open
Stater Bros. Markets,265e9ed9-3807-49ce-b7f9-fdb130334969,Stater Bros. Markets,2841 Mary St,Riverside,CA,92506-4247,33.93455123901367,-117.38651275634766,Overture Places 2026-07-22.0,2026-07-22,open
Stater Bros. Markets,8650eac5-16a6-4fac-99ff-4f01b7655cf5,Stater Bros Deli and Bakery,2995 Iowa Ave,Riverside,CA,92507-2810,33.98576736450195,-117.34133911132812,Overture Places 2026-07-22.0,2026-07-22,open
Stater Bros. Markets,a77b3d8a-16b0-46a7-a246-5c0e1868c64d,Stater Bros. Markets,315 E Alessandro Blvd,Riverside,CA,92508,33.91425704956055,-117.32810974121094,Overture Places 2026-07-22.0,2026-07-22,open
Stater Bros. Markets,f8a3d6d1-9ba9-4c90-be70-8cdb3e3c938a,Stater Bros. Markets,3420 La Sierra Ave,Riverside,CA,92503-5203,33.89727020263672,-117.4728775024414,Overture Places 2026-07-22.0,2026-07-22,open
Stater Bros. Markets,c901d55c-58da-4aa5-a962-5e1fc3b5e75c,Stater Bros. Markets,4680 La Sierra Ave,Riverside,CA,92505-2763,33.91622543334961,-117.48770141601562,Overture Places 2026-07-22.0,2026-07-22,open
Stater Bros. Markets,6f88f8a3-444d-4d4c-8321-64f9cd38b47d,Stater Bros. Markets,7200 Arlington Ave,Riverside,CA,92503-1533,33.944786071777344,-117.45185852050781,Overture Places 2026-07-22.0,2026-07-22,open
Stater Bros. Markets,0d50b602-aa15-43cd-825c-5f59eadd7841,Stater Bros. Markets,9225 Magnolia Ave,Riverside,CA,92503-3858,33.92372512817383,-117.44182586669922,Overture Places 2026-07-22.0,2026-07-22,open
Stater Bros. Markets,d7e3ffbe-5771-48bc-b81b-5f26581848a6,Stater Bros. Markets,19756 Colima Rd,Rowland Heights,CA,91748-3298,33.98577880859375,-117.87065124511719,Overture Places 2026-07-22.0,2026-07-22,open
Stater Bros. Markets,54d7d3fe-ae87-4217-ba0c-72fd17c72b05,Stater Bros. Markets,1085 W Highland Ave,San Bernardino,CA,92405-3207,34.13505554199219,-117.30817413330078,Overture Places 2026-07-22.0,2026-07-22,open
Stater Bros. Markets,662ec05f-f855-4993-a6c0-c221b313cc79,Stater Bros. Markets,1522 E Highland Ave,San Bernardino,CA,92404-4614,34.13677215576172,-117.25421142578125,Overture Places 2026-07-22.0,2026-07-22,open
Stater Bros. Markets,c725b6a2-6f7e-4fed-a6ce-2f0d33d8fa58,Stater Bros. Markets,161 E 40th St,San Bernardino,CA,92404-1301,34.163883209228516,-117.28282928466797,Overture Places 2026-07-22.0,2026-07-22,open
Stater Bros. Markets,4b5bf5e2-1479-4c82-b3e0-cf59b7d8c3fb,Stater Bros. Markets,444 Baseline St,San Bernardino,CA,92410-3919,34.12215805053711,-117.27589416503906,Overture Places 2026-07-22.0,2026-07-22,open
Stater Bros. Markets,0b103386-ef04-4ca8-ab8b-db00f58c8f79,Stater Bros. Markets,977 Kendall Dr,San Bernardino,CA,92407-4104,34.1633186340332,-117.30570220947266,Overture Places 2026-07-22.0,2026-07-22,open
Stater Bros. Markets,00013fe2-9b03-4b17-9d0f-ec447e7fa678,Stater Bros. Markets,616 Camino de los Mares,San Clemente,CA,92673-2802,33.459190368652344,-117.65352630615234,Overture Places 2026-07-22.0,2026-07-22,open
Stater Bros. Markets,d74003ec-ddda-49eb-b264-1f15fe119c91,Stater Bros. Markets,9909 Carmel Mountain Rd,San Diego,CA,92129-2813,32.959434509277344,-117.11396789550781,Overture Places 2026-07-22.0,2026-07-22,open
Stater Bros. Markets,207f2300-32eb-4c84-8323-dff4c045440e,Stater Bros. Markets,1425 W Arrow Hwy,San Dimas,CA,91773-2331,34.10744094848633,-117.83637237548828,Overture Places 2026-07-22.0,2026-07-22,open
Stater Bros. Markets,600206b8-420a-4869-9b53-88320b50217f,Stater Bros. Markets,1271 N State St,San Jacinto,CA,92583-6315,33.804134368896484,-116.97065734863281,Overture Places 2026-07-22.0,2026-07-22,open
Stater Bros. Markets,0fdb96aa-92ca-4c6d-bf5b-af8a41921188,Stater Bros. Markets,1537 S San Jacinto Ave,San Jacinto,CA,92583-5107,33.77223205566406,-116.9566421508789,Overture Places 2026-07-22.0,2026-07-22,open
Stater Bros. Markets,32b1ca6f-1ebc-4947-a4b7-6710c555a9b1,Stater Bros. Markets,1330 E Mission Rd,San Marcos,CA,92069-3038,33.136741638183594,-117.1297836303711,Overture Places 2026-07-22.0,2026-07-22,open
Stater Bros. Markets,5e30194f-945b-49dd-8ebd-5dcbfb424bb5,Stater Bros. Markets,2360 N Tustin Ave,Santa Ana,CA,92705-1603,33.76804733276367,-117.83668518066406,Overture Places 2026-07-22.0,2026-07-22,open
Stater Bros. Markets,413ce5c3-5779-4b67-88a0-821641a8a0b3,Stater Bros. Markets,2630 W Edinger Ave,Santa Ana,CA,92704-3522,33.726417541503906,-117.90506744384766,Overture Places 2026-07-22.0,2026-07-22,open
Stater Bros. Markets,05e82c85-e862-4615-b7e0-b69ca30f5c49,Stater Bros. Markets,26900 Sierra Hwy,Santa Clarita,CA,91321-2253,34.40400695800781,-118.46490478515625,Overture Places 2026-07-22.0,2026-07-22,open
Stater Bros. Markets,7d412f3f-85c4-4991-9147-2d52c392ec21,Stater Bros. Markets,660 E Los Angeles Ave,Simi Valley,CA,93065-1873,34.27058029174805,-118.78488159179688,Overture Places 2026-07-22.0,2026-07-22,open
Stater Bros. Markets,48518aaa-acc3-4083-9c82-78d689792647,Stater Bros. Markets,31813 Temecula Pkwy,Temecula,CA,92592-5870,33.478511810302734,-117.10160827636719,Overture Places 2026-07-22.0,2026-07-22,open
Stater Bros. Markets,76a46abe-f3e7-4e34-8940-ea602b51ead8,Stater Bros. Markets,14171 Red Hill Ave,Tustin,CA,92780-5833,33.73200988769531,-117.8177490234375,Overture Places 2026-07-22.0,2026-07-22,open
Stater Bros. Markets,d48a2b38-44ca-4b79-91c1-c2f024a66e62,Stater Bros. Markets,15150 Kensington Park Dr,Tustin,CA,92782-1801,33.71147537231445,-117.81643676757812,Overture Places 2026-07-22.0,2026-07-22,open
Stater Bros. Markets,01f15d8f-ba88-498a-a0f8-3b8452904873,Stater Bros. Markets,71727 29 Palms Hwy,Twentynine Palms,CA,92277-2084,34.134342193603516,-116.09715270996094,Overture Places 2026-07-22.0,2026-07-22,open
Stater Bros. Markets,c8d9dd2f-2aa2-41f9-923f-d0cb9b58f42b,Stater Bros. Markets,1619 N Mountain Ave,Upland,CA,91784,34.122188568115234,-117.67168426513672,Overture Places 2026-07-22.0,2026-07-22,open
Stater Bros. Markets,ceaa107e-d94a-4199-90a4-7ef40eb4150e,Stater Bros. Markets,919 N Mountain Ave,Upland,CA,91786-3635,34.10556411743164,-117.6706771850586,Overture Places 2026-07-22.0,2026-07-22,open
Stater Bros. Markets,85a21e39-3302-42c1-879e-d7368b497690,Stater Bros. Markets,13760 Bear Valley Rd,Victorville,CA,92392-8713,34.471736907958984,-117.36297607421875,Overture Places 2026-07-22.0,2026-07-22,open
Stater Bros. Markets,29b54b79-9470-4542-8259-081d7e1d4a60,Stater Bros. Markets,15235 Hook Blvd,Victorville,CA,92394-2118,34.52040100097656,-117.33158874511719,Overture Places 2026-07-22.0,2026-07-22,open
Stater Bros. Markets,e2592959-8bea-4e4f-a600-40da7d7eeec2,Stater Bros. Markets,1451 N Santa Fe Ave,Vista,CA,92084-3702,33.22040557861328,-117.24353790283203,Overture Places 2026-07-22.0,2026-07-22,open
Stater Bros. Markets,e76de9c2-a490-4dbc-b12c-ae0a2797f0a5,Stater Bros. Markets,780 Sycamore Ave,Vista,CA,92083-7934,33.16300582885742,-117.21892547607422,Overture Places 2026-07-22.0,2026-07-22,open
Stater Bros. Markets,f2cab7ab-252b-4660-8aef-5ee761ccc739,Stater Bros. Markets,1025 Amar Rd,West Covina,CA,91792,34.03636169433594,-117.9250259399414,Overture Places 2026-07-22.0,2026-07-22,open
Stater Bros. Markets,cd68a3cb-4a92-41d7-ad42-57b8150c4f27,Stater Bros. Markets,375 N Azusa Ave,West Covina,CA,91791-1346,34.07719039916992,-117.90931701660156,Overture Places 2026-07-22.0,2026-07-22,open
Stater Bros. Markets,3e0827a8-8510-4ef4-9431-98f003286539,Stater Bros. Markets,8522 Westminster Blvd,Westminster,CA,92683-4605,33.75810623168945,-117.98037719726562,Overture Places 2026-07-22.0,2026-07-22,open
Stater Bros. Markets,21d89cfb-6281-4c3d-b232-fa0f4285cfdb,Stater Bros. Markets,11810 Whittier Blvd,Whittier,CA,90601-3940,33.97835159301758,-118.05127716064453,Overture Places 2026-07-22.0,2026-07-22,open
Stater Bros. Markets,3f2a7e9e-0df1-41a5-9aa1-a76c9f773ee3,Stater Bros. Markets,14212 Mulberry Dr,Whittier,CA,90604-1204,33.94145584106445,-118.02776336669922,Overture Places 2026-07-22.0,2026-07-22,open
Stater Bros. Markets,1e541cb3-74ec-4b3d-b6c7-f2db81c1f153,Stater Bros. Markets,36010 Hidden Springs Rd,Wildomar,CA,92595-7622,33.59701156616211,-117.24778747558594,Overture Places 2026-07-22.0,2026-07-22,open
Stater Bros. Markets,2048cd0d-1f3a-4d96-b884-31a657409d83,Stater Bros. Markets,30712 Benton Rd,Winchester,CA,92596-8466,33.59253692626953,-117.1220474243164,Overture Places 2026-07-22.0,2026-07-22,open
Stater Bros. Markets,7579531e-b7d4-419d-ab5a-79444200a7fb,Stater Bros. Markets,18527 Yorba Linda Blvd,Yorba Linda,CA,92886-4135,33.889801025390625,-117.81002044677734,Overture Places 2026-07-22.0,2026-07-22,open
Stater Bros. Markets,0e8a01d5-1f75-49f1-b078-8865f32b44ed,Stater Bros. Markets,11365 Bryant St,Yucaipa,CA,92399-3133,34.04740524291992,-117.03263092041016,Overture Places 2026-07-22.0,2026-07-22,open
Stater Bros. Markets,d2165eff-5bc4-460a-ab38-72f847e2295f,Stater Bros. Markets,34460 Yucaipa Blvd,Yucaipa,CA,92399-2412,34.03509521484375,-117.05276489257812,Overture Places 2026-07-22.0,2026-07-22,open
Stater Bros. Markets,9172f2b2-7f84-4a35-9398-6aef78df0ed7,Stater Bros. Markets,57075 29 Palms Hwy,Yucca Valley,CA,92284-2933,34.1212272644043,-116.4185562133789,Overture Places 2026-07-22.0,2026-07-22,open
Stater Bros. Markets,f9269e60-31c1-4f8c-b6af-630ed0fcbed1,Stater Bros. Markets,58060 29 Palms Hwy,Yucca Valley,CA,92284-5857,34.12961196899414,-116.39752197265625,Overture Places 2026-07-22.0,2026-07-22,open
Super King Markets,22857918-da96-498f-8963-02d1e2ab5628,Super King Markets,2260 Lincoln Ave,Altadena,CA,91001-5432,34.1845703125,-118.15936279296875,Overture Places 2026-07-22.0,2026-07-22,open
Super King Markets,f24a7b32-57f8-4547-a2e7-d631239d1f2b,Super King Market,10560 Magnolia Ave,Anaheim,CA,92804-5817,33.80921173095703,-117.97460174560547,Overture Places 2026-07-22.0,2026-07-22,open
Super King Markets,ee6d6386-a8d3-4a92-8cda-98fc7c69a081,Super King Markets,436 Auto Center Dr,Claremont,CA,91711-5458,34.08015060424805,-117.72142791748047,Overture Places 2026-07-22.0,2026-07-22,open
Super King Markets,7f57b217-24bc-4f8f-9d09-6172308cce02,Super King Markets,6501 San Fernando Rd,Glendale,CA,91201-3630,34.167396545410156,-118.29130554199219,Overture Places 2026-07-22.0,2026-07-22,open
Super King Markets,aaff0e84-a5af-44b8-acd0-0140ca3ebeb0,Super King Markets,2716 N San Fernando Rd,Los Angeles,CA,90065-1319,34.10975646972656,-118.24327850341797,Overture Places 2026-07-22.0,2026-07-22,open
Super King Markets,b6a11191-59bc-4427-8688-264112906e96,Super King Markets,791 S Mission Rd,Los Angeles,CA,90023-1038,34.031166076660156,-118.22518157958984,Overture Places 2026-07-22.0,2026-07-22,open
Super King Markets,75e6c216-b286-4491-a4bb-785d9cdea5d5,Super King Markets,19500 Plummer St,Northridge,CA,91324-2144,34.241363525390625,-118.55953216552734,Overture Places 2026-07-22.0,2026-07-22,open
Super King Markets,3b9bd565-65e3-42ef-90bf-cda96bd4e8f3,Super King Markets,2741 W MacArthur Blvd,Santa Ana,CA,92704-7093,33.70125961303711,-117.9058609008789,Overture Places 2026-07-22.0,2026-07-22,open
Super King Markets,e1ac7f7f-79d7-4053-bcaa-4c40e7dabe56,Super King Markets,7227 Van Nuys Blvd,Van Nuys,CA,91405-2256,34.202430725097656,-118.45030975341797,Overture Places 2026-07-22.0,2026-07-22,open
Trader Joe's,4dab4e45-3157-4582-b50c-f80eeb2b9174,Trader Joe's,28941 Canwood St,Agoura Hills,CA,91301-4540,34.14629364013672,-118.756591796875,Overture Places 2026-07-22.0,2026-07-22,open
Trader Joe's,52bb3170-4c67-4f3f-a106-7bfceee616c2,Trader Joe's,2217 S Shore Ctr,Alameda,CA,94501-8073,37.75777816772461,-122.25143432617188,Overture Places 2026-07-22.0,2026-07-22,open
Trader Joe's,4312687f-88c0-4717-8f08-83171015517e,Trader Joe's,26541 Aliso Creek Rd,Aliso Viejo,CA,92656-4828,33.57747268676758,-117.72483825683594,Overture Places 2026-07-22.0,2026-07-22,open
Trader Joe's,a17ce55a-5208-45a3-9508-77c8ebc1c813,Trader Joe's,6336 E Santa Ana Canyon Rd,Anaheim Hills,CA,92807,33.85616683959961,-117.7709732055664,Overture Places 2026-07-22.0,2026-07-22,open
Trader Joe's,948220a7-6261-42c8-8f9d-6c3845eb1d6d,Trader Joe's,955 Rancho Pkwy,Arroyo Grande,CA,93420-1970,35.12574768066406,-120.59400939941406,Overture Places 2026-07-22.0,2026-07-22,open
Trader Joe's,3e7d1693-b0eb-4597-9492-d06a03edbcb7,Trader Joes,8200 Stockdale Hwy,Bakersfield,CA,93311-1000,35.35698318481445,-119.09331512451172,Overture Places 2026-07-22.0,2026-07-22,open
Trader Joe's,9f99948f-112d-4568-831a-79cb7fc099e9,Trader Joe's,1885 University Ave,Berkeley,CA,94703-1680,37.871700286865234,-122.27318572998047,Overture Places 2026-07-22.0,2026-07-22,open
Trader Joe's,76627d76-41fa-4b8b-8f82-879d3b684cc6,Trader Joe's,5451 Lone Tree Way,Brentwood,CA,94513-5325,37.960792541503906,-121.7498779296875,Overture Places 2026-07-22.0,2026-07-22,open
Trader Joe's,216d4a6f-a7e9-417c-94bb-36f405c7198c,Trader Joe's,214 E Alameda Ave,Burbank,CA,91502-1508,34.17496871948242,-118.29898834228516,Overture Places 2026-07-22.0,2026-07-22,open
Trader Joe's,a2d99211-99ee-44fe-afd1-0d626c15b4c1,Trader Joe's,363 Carmen Dr,Camarillo,CA,93010-6033,34.219886779785156,-119.05305480957031,Overture Places 2026-07-22.0,2026-07-22,open
Trader Joe's,77813117-21fd-410b-89e3-3fa64604d1bd,Trader Joe's,1875 S Bascom Ave,Campbell,CA,95008-2300,37.2883415222168,-121.93251037597656,Overture Places 2026-07-22.0,2026-07-22,open
Trader Joe's,8cac4ce7-af1f-403b-9d79-d8d794095be7,Trader Joe's,3555 Clares St,Capitola,CA,95010-2539,36.977779388427734,-121.97042083740234,Overture Places 2026-07-22.0,2026-07-22,open
Trader Joe's,c2d3117a-c0c4-49a2-99e1-5f22ecd75165,Trader Joe's,2629 Gateway Rd,Carlsbad,CA,92009-1726,33.126590728759766,-117.25308227539062,Overture Places 2026-07-22.0,2026-07-22,open
Trader Joe's,d8120f38-a0ea-4d38-a0ae-026c3534cdc8,Trader Joe's,22224 Redwood Rd,Castro Valley,CA,94546-7110,37.68534851074219,-122.07310485839844,Overture Places 2026-07-22.0,2026-07-22,open
Trader Joe's,e947f7e5-6834-4cda-92c6-8ae84f47cc67,Trader Joe's,67720 E Palm Canyon Dr,Cathedral City,CA,92234-5455,33.78926086425781,-116.48297882080078,Overture Places 2026-07-22.0,2026-07-22,open
Trader Joe's,cd5ec7ca-65b5-4b63-8986-7287ca55fddb,Trader Joe's,12861 Towne Center Dr,Cerritos,CA,90703-8585,33.86894226074219,-118.05799102783203,Overture Places 2026-07-22.0,2026-07-22,open
Trader Joe's,8f178fc3-f72d-49cc-867d-48d15e3f0338,Trader Joe's,10330 Mason Ave,Chatsworth,CA,91311-3305,34.25831604003906,-118.57896423339844,Overture Places 2026-07-22.0,2026-07-22,open
Trader Joe's,42aae489-7728-4c93-863e-9f794078cf73,Trader Joe's,801 East Ave,Chico,CA,95926-1223,39.75921630859375,-121.84684753417969,Overture Places 2026-07-22.0,2026-07-22,open
Trader Joe's,fa537404-438e-4885-8f39-71ec908af54e,Trader Joe's,4681 Edison Ave,Chino,CA,91710-5708,33.995235443115234,-117.70343780517578,Overture Places 2026-07-22.0,2026-07-22,open
Trader Joe's,74bbb6aa-2b1e-459d-94a4-6dda8edbd47f,Trader Joe's,13911 Peyton Dr,Chino Hills,CA,91709-1606,34.00053787231445,-117.73213195800781,Overture Places 2026-07-22.0,2026-07-22,open
Trader Joe's,144492fb-179e-49a8-82ad-6e9b7951047b,Trader Joe's,878 Eastlake Pkwy,Chula Vista,CA,91914-4544,32.652225494384766,-116.97049713134766,Overture Places 2026-07-22.0,2026-07-22,open
Trader Joe's,bc273380-7e6c-4973-a0c9-6ab03916e377,Trader Joe's,475 W Foothill Blvd,Claremont,CA,91711-2701,34.107513427734375,-117.72195434570312,Overture Places 2026-07-22.0,2026-07-22,open
Trader Joe's,0ca5fc3e-4eaf-41b1-9736-fb534843110b,Trader Joe's,1077 N Willow Ave,Clovis,CA,93611-4415,36.849300384521484,-119.72813415527344,Overture Places 2026-07-22.0,2026-07-22,open
Trader Joe's,9b1e8c56-9d41-4607-a25c-3b6542832a23,Trader Joe's,1150 Concord Ave,Concord,CA,94520-5609,37.979373931884766,-122.05621337890625,Overture Places 2026-07-22.0,2026-07-22,open
Trader Joe's,76797b3b-50e2-4e22-aff1-6da6b71d6489,Trader Joes,785 Oak Grove Rd,Concord,CA,94518-3605,37.9376106262207,-122.02564239501953,Overture Places 2026-07-22.0,2026-07-22,open
Trader Joe's,4304c86b-9640-47f9-bfbc-99bca9015da5,Trader Joe's,2790 Cabot Dr,Corona,CA,92883-0846,33.811222076416016,-117.50607299804688,Overture Places 2026-07-22.0,2026-07-22,open
Trader Joe's,c36f3000-795c-4df9-a225-13930ffe5d24,Trader Joe's,2170 Harbor Blvd Ste 100,Costa Mesa,CA,92627,33.65325927734375,-117.91911315917969,Overture Places 2026-07-22.0,2026-07-22,open
Trader Joe's,8f9130e5-e7f0-4764-a709-79a7cb6e65df,Trader Joe's,640 W 17th St,Costa Mesa,CA,92627-3654,33.63671112060547,-117.92474365234375,Overture Places 2026-07-22.0,2026-07-22,open
Trader Joe's,3670850d-5f37-4de5-bd2a-0091a3c2f2c9,Trader Joe's,6150 W Slauson Ave,Culver City,CA,90230-6483,33.98794174194336,-118.39293670654297,Overture Places 2026-07-22.0,2026-07-22,open
Trader Joe's,2e263de1-4239-4858-acd1-1a49cf82a3da,Trader Joe's,9290 Culver Blvd,Culver City,CA,90232-2636,34.02531051635742,-118.39307403564453,Overture Places 2026-07-22.0,2026-07-22,open
Trader Joe's,4e4993d6-768e-41f5-b951-8349d16e46c5,Trader Joe's,417 Westlake Ctr,Daly City,CA,94015-1432,37.7000617980957,-122.48228454589844,Overture Places 2026-07-22.0,2026-07-22,open
Trader Joe's,01471262-51a1-4dc1-a86f-dc218dd03ba9,Trader Joe's,85 Railroad Ave,Danville,CA,94526-3852,37.8231086730957,-122.00328063964844,Overture Places 2026-07-22.0,2026-07-22,open
Trader Joe's,a5336cfd-f7aa-4640-b1a1-a69a08cdb16c,Trader Joe's,885 Russell Blvd,Davis,CA,95616-3426,38.54684066772461,-121.76144409179688,Overture Places 2026-07-22.0,2026-07-22,open
Trader Joe's,4817da2c-54c6-4ed6-af8b-654e66377806,Tradeway Stores,10860 San Pablo Ave,El Cerrito,CA,94530-2032,37.91522979736328,-122.31070709228516,Overture Places 2026-07-22.0,2026-07-22,open
Trader Joe's,218d466a-a5d5-48dc-81b0-02c008c69db5,Trader Joe's,225 El Cerrito Plz,El Cerrito,CA,94530-4003,37.89888000488281,-122.29969787597656,Overture Places 2026-07-22.0,2026-07-22,open
Trader Joe's,d6a3ef72-386c-48fb-8972-9971d1e8c8bb,Trader Joe's,9670 Bruceville Rd,Elk Grove,CA,95757-5950,38.40668869018555,-121.4202651977539,Overture Places 2026-07-22.0,2026-07-22,open
Trader Joe's,15caf966-ba3f-4860-8045-d5e5e9af30d0,Trader Joe's,5700 Christie Ave,Emeryville,CA,94608-2400,37.8369026184082,-122.29430389404297,Overture Places 2026-07-22.0,2026-07-22,open
Trader Joe's,417a1562-e832-4d14-a3fa-61ec7ea08ee1,Trader Joe's,115 N El Camino Real,Encinitas,CA,92024-2802,33.04710006713867,-117.25586700439453,Overture Places 2026-07-22.0,2026-07-22,open
Trader Joe's,6c6bb0d0-57b0-48d4-9cfa-07789348143a,Trader Joe's,17640 Burbank Blvd,Encino,CA,91316-1725,34.1719970703125,-118.51773834228516,Overture Places 2026-07-22.0,2026-07-22,open
Trader Joe's,a49076ae-a44b-4a19-856f-977bab1b111f,Trader Joe's,1885 S Centre City Pkwy,Escondido,CA,92025-6525,33.100032806396484,-117.0746841430664,Overture Places 2026-07-22.0,2026-07-22,open
Trader Joe's,c4a5c5c7-35d0-437e-8005-06ff4f55d17f,Trader Joe's,5309 Sunrise Blvd,Fair Oaks,CA,95628-3539,38.66204833984375,-121.27376556396484,Overture Places 2026-07-22.0,2026-07-22,open
Trader Joe's,b2b75ac3-3ad7-4837-8e76-1b01345a8e5d,Trader Joes,1350 Gateway Blvd,Fairfield,CA,94533-6905,38.26399230957031,-122.05332946777344,Overture Places 2026-07-22.0,2026-07-22,open
Trader Joe's,9c9b91b8-98dc-4f34-9ec7-9ba64ac8e609,Trader Joe's,850 E Bidwell St,Folsom,CA,95630-3352,38.6723747253418,-121.15595245361328,Overture Places 2026-07-22.0,2026-07-22,open
Trader Joe's,d72710b3-38a4-4fc6-999b-b0c14914d19c,Trader Joe's,10288 Calabash Ave,Fontana,CA,92335-5272,34.066978454589844,-117.5045394897461,Overture Places 2026-07-22.0,2026-07-22,open
Trader Joe's,f546e345-7163-452b-9c1e-7e597235f712,Trader Joe's,39324 Argonaut Way,Fremont,CA,94538-1308,37.54353332519531,-121.98611450195312,Overture Places 2026-07-22.0,2026-07-22,open
Trader Joe's,c143365e-4430-4058-a8d8-68b48f315452,Trader Joe's,8478 N Friant Rd,Fresno,CA,93720-1532,36.85796356201172,-119.78272247314453,Overture Places 2026-07-22.0,2026-07-22,open
Trader Joe's,b5300099-3866-4d82-bed6-c71f4a6abe0a,Trader Joe's,103 E Glenoaks Blvd,Glendale,CA,91207-2007,34.15963363647461,-118.25446319580078,Overture Places 2026-07-22.0,2026-07-22,open
Trader Joe's,5f7ae379-2a90-409c-8f8a-ed7b715d5532,Trader Joe's,130 N Glendale Ave,Glendale,CA,91206-4451,34.14719009399414,-118.24646759033203,Overture Places 2026-07-22.0,2026-07-22,open
Trader Joe's,a96c4cee-1731-4367-bc83-7678d6f85310,Trader Joe's,5767 Calle Real,Goleta,CA,93117-2315,34.44081115722656,-119.82511901855469,Overture Places 2026-07-22.0,2026-07-22,open
Trader Joe's,5924a7d3-dc68-4cbb-a149-380d4149a0e0,Trader Joe's,11114 Balboa Blvd,Granada Hills,CA,91344-4203,34.27268600463867,-118.50177001953125,Overture Places 2026-07-22.0,2026-07-22,open
Trader Joe's,19091804-e3f9-4db1-b724-fd552a8c249d,Trader Joe's,2052 Redwood Hwy,Greenbrae,CA,94904-2466,37.93785095214844,-122.51502990722656,Overture Places 2026-07-22.0,2026-07-22,open
Trader Joe's,fcce47b6-ea93-4c4b-9096-e9d4c7cc20dd,Trader Joe's,1100 Pacific Coast Hwy,Hermosa Beach,CA,90254,33.863853454589844,-118.39197540283203,Overture Places 2026-07-22.0,2026-07-22,open
Trader Joe's,cf08e68a-2b03-43c3-97a1-5becfe439abc,Trader Joe's,16821 Algonquin St,Huntington Beach,CA,92649-5609,33.71739196777344,-118.05116271972656,Overture Places 2026-07-22.0,2026-07-22,open
Trader Joe's,40c29169-873a-4fb9-b74c-341c1ff5cdda,Trader Joe's,18681 Main St,Huntington Beach,CA,92648-1722,33.69237518310547,-117.99253845214844,Overture Places 2026-07-22.0,2026-07-22,open
Trader Joe's,097f2bbd-2b1a-49a2-8b9d-fd7085d32a32,Trader Joe's,14443 Culver Dr,Irvine,CA,92604-0343,33.706085205078125,-117.78840637207031,Overture Places 2026-07-22.0,2026-07-22,open
Trader Joe's,cd69ffcb-3d31-42d9-a49b-e3bebcd8042c,Trader Joe's,4225 Campus Dr,Irvine,CA,92612-2752,33.65034103393555,-117.8376235961914,Overture Places 2026-07-22.0,2026-07-22,open
Trader Joe's,891f8293-73c3-463f-94f6-00ec2aa60013,Trader Joe's,6222 Irvine Blvd,Irvine,CA,92620-2103,33.699867248535156,-117.74187469482422,Overture Places 2026-07-22.0,2026-07-22,open
Trader Joe's,a59125a9-4e7d-413a-afc4-5e50e043a417,Trader Joe's,475 Foothill Blvd,La Canada Flintridge,CA,91011-3555,34.200042724609375,-118.18860626220703,Overture Places 2026-07-22.0,2026-07-22,open
Trader Joe's,e33fde73-bd01-43bc-ad55-9b92214f3243,Trader Joe's,2101 W Imperial Hwy,La Habra,CA,90631-6302,33.91857147216797,-117.96953582763672,Overture Places 2026-07-22.0,2026-07-22,open
Trader Joe's,0081d5ed-ade6-49f3-9c2c-639a3af612d7,Trader Joe's,8657 Villa La Jolla Dr,La Jolla,CA,92037-2356,32.86546325683594,-117.23230743408203,Overture Places 2026-07-22.0,2026-07-22,open
Trader Joe's,208bd456-77ec-49db-a471-126a4f9f0634,Trader Joe's,5495 Grossmont Center Dr,La Mesa,CA,91942-3008,32.77924728393555,-117.00572204589844,Overture Places 2026-07-22.0,2026-07-22,open
Trader Joe's,b20a92cd-1162-405c-8f3e-5517dbdfc592,Trader Joe's,46400 Washington St,La Quinta,CA,92253-2398,33.71189880371094,-116.29420471191406,Overture Places 2026-07-22.0,2026-07-22,open
Trader Joe's,c31b3bd2-8141-4414-acf2-460f4281d947,Trader Joe's,2330 Foothill Blvd,La Verne,CA,91750,34.110538482666016,-117.7615737915039,Overture Places 2026-07-22.0,2026-07-22,open
Trader Joe's,b2a82667-06d6-4c02-bbc7-4b6bcad472fd,Trader Joe's,3649 Mt Diablo Blvd,Lafayette,CA,94549-3735,37.890357971191406,-122.12694549560547,Overture Places 2026-07-22.0,2026-07-22,open
Trader Joe's,174407ac-51c1-45a3-8f35-932536c3e8f6,Trader Joe's,24231 Avenida de la Carlota,Laguna Hills,CA,92653-3602,33.60969543457031,-117.70298767089844,Overture Places 2026-07-22.0,2026-07-22,open
Trader Joe's,94f1c170-c967-4ea9-b5a5-d3f786162390,Trader Joe's,32351 Golden Lantern,Laguna Niguel,CA,92677-5333,33.49308776855469,-117.69674682617188,Overture Places 2026-07-22.0,2026-07-22,open
Trader Joe's,b3d450b2-435f-43a3-8490-fe927ff42059,Trader Joe's,1122 E Stanley Blvd,Livermore,CA,94550-4156,37.68000411987305,-121.78187561035156,Overture Places 2026-07-22.0,2026-07-22,open
Trader Joe's,03e62d84-7b41-433f-afb8-be55fe21241a,Trader Joe's,2222 N Bellflower Blvd,Long Beach,CA,90815,33.79677963256836,-118.1231460571289,Overture Places 2026-07-22.0,2026-07-22,open
Trader Joe's,a8b0071f-dcf9-427d-ac5e-6fd82f50acca,Trader Joe's,4210 Long Beach Blvd,Long Beach,CA,90807-2004,33.83549499511719,-118.18856811523438,Overture Places 2026-07-22.0,2026-07-22,open
Trader Joe's,ba2bfe25-c5e2-4396-a849-beea3121cacc,Trader Joe's,6451 E Pacific Coast Hwy,Long Beach,CA,90803-4218,33.757938385009766,-118.10880279541016,Overture Places 2026-07-22.0,2026-07-22,open
Trader Joe's,e0c82b94-5684-42aa-b637-cc68f20114ae,Trader Joe's,2310 Homestead Rd,Los Altos,CA,94024-7300,37.337100982666016,-122.06741333007812,Overture Places 2026-07-22.0,2026-07-22,open
Trader Joe's,e68acd9f-a938-4413-824f-6e0eba06ce92,Trader Joe's,1000 Glendon Ave,Los Angeles,CA,90024-2908,34.062313079833984,-118.44390869140625,Overture Places 2026-07-22.0,2026-07-22,open
Trader Joe's,ded5d5c9-01a8-4608-b07f-70983a4eb743,Trader Joe's,10850 National Blvd,Los Angeles,CA,90064-4123,34.03007507324219,-118.42140197753906,Overture Places 2026-07-22.0,2026-07-22,open
Trader Joe's,12e897a8-a05a-4340-b641-631a60d5c29a,Trader Joe's,11755 W Olympic Blvd,Los Angeles,CA,90064,34.03364181518555,-118.44927215576172,Overture Places 2026-07-22.0,2026-07-22,open
Trader Joe's,29751469-9fc1-4672-85a3-ec1347f56b61,Trader Joe's,1566 Colorado Blvd,Los Angeles,CA,90041-1441,34.1392936706543,-118.2003402709961,Overture Places 2026-07-22.0,2026-07-22,open
Trader Joe's,3acc9d01-cf4d-432c-a55c-7d467da3d166,Trader Joe's,1600 Vine St,Los Angeles,CA,90028-8818,34.10005187988281,-118.32633972167969,Overture Places 2026-07-22.0,2026-07-22,open
Trader Joe's,62b62347-5cb3-447f-a20e-f421719faed0,Trader Joe's,175 S Fairfax Ave,Los Angeles,CA,90036-2170,34.07209014892578,-118.36183166503906,Overture Places 2026-07-22.0,2026-07-22,open
Trader Joe's,20364be1-760f-4115-8e41-daed672405ac,Trader Joe's,263 S La Brea Ave,Los Angeles,CA,90036-3022,34.069217681884766,-118.34439849853516,Overture Places 2026-07-22.0,2026-07-22,open
Trader Joe's,c3351be0-e5f9-48d5-bb44-4d2e64c3fdf9,Trader Joe's,2738 Hyperion Ave,Los Angeles,CA,90027-3002,34.10782241821289,-118.271728515625,Overture Places 2026-07-22.0,2026-07-22,open
Trader Joe's,33c6e1e7-45ba-4168-a80d-a15af5f7854a,Trader Joe's,3131 S Hoover St,Los Angeles,CA,90089-1910,34.02564239501953,-118.28449249267578,Overture Places 2026-07-22.0,2026-07-22,open
Trader Joe's,31df8a70-dd86-4f24-a138-181799d9d99a,Trader Joe's,3456 S Sepulveda Blvd,Los Angeles,CA,90034-6010,34.02041244506836,-118.42204284667969,Overture Places 2026-07-22.0,2026-07-22,open
Trader Joe's,b088035f-a340-49cc-9068-982757fc3f7d,Trader Joe's,8000 W Sunset Blvd,Los Angeles,CA,90046-2432,34.097312927246094,-118.36564636230469,Overture Places 2026-07-22.0,2026-07-22,open
Trader Joe's,42c811d2-ff91-4e3e-b10f-d738f44a5118,Trader Joe's,8500 Burton Way,Los Angeles,CA,90048-3387,34.07119369506836,-118.37720489501953,Overture Places 2026-07-22.0,2026-07-22,open
Trader Joe's,cf51a657-ff30-4e2c-8059-7e4fb97863e2,Trader Joe's,8645 S Sepulveda Blvd,Los Angeles,CA,90045-4001,33.95872116088867,-118.39674377441406,Overture Places 2026-07-22.0,2026-07-22,open
Trader Joe's,3f239ac7-a9eb-4b55-b744-5bdc06c45af8,Trader Joe's,15466 Los Gatos Blvd,Los Gatos,CA,95032-2514,37.24448776245117,-121.95780944824219,Overture Places 2026-07-22.0,2026-07-22,open
Trader Joe's,ac8461ca-ec47-4179-a3a6-e718e47b74c2,Trader Joe's,1800 Rosecrans Ave,Manhattan Beach,CA,90266-3773,33.90070343017578,-118.38096618652344,Overture Places 2026-07-22.0,2026-07-22,open
Trader Joe's,449294f5-a659-4f0e-80dc-ee796830d784,Trader Joe's,1821 Manhattan Beach Blvd,Manhattan Beach,CA,90266-6221,33.887596130371094,-118.37979888916016,Overture Places 2026-07-22.0,2026-07-22,open
Trader Joe's,461ce8c9-625d-4202-8c68-908b24530f12,Trader Joe's,4675 Admiralty Way,Marina del Rey,CA,90292-6903,33.97953414916992,-118.44137573242188,Overture Places 2026-07-22.0,2026-07-22,open
Trader Joe's,08de54cd-108f-417c-a851-3b25eb0ae08f,Trader Joe's,720 Menlo Ave,Menlo Park,CA,94025-4704,37.451229095458984,-122.18344116210938,Overture Places 2026-07-22.0,2026-07-22,open
Trader Joe's,b0e41534-7132-494b-ba21-6c91181eb2cb,Trader Joe's,765 Broadway,Millbrae,CA,94030-1910,37.60356140136719,-122.3961410522461,Overture Places 2026-07-22.0,2026-07-22,open
Trader Joe's,0cef2d0b-1fb9-45f6-87a1-aae80aed03dd,Trader Joe's,1306 Great Mall Pkwy,Milpitas,CA,95035-8121,37.4126091003418,-121.89979553222656,Overture Places 2026-07-22.0,2026-07-22,open
Trader Joe's,fa9700e3-ed2c-45c6-a33c-56d42b9ccbda,Trader Joe's,25410 Marguerite Pkwy,Mission Viejo,CA,92692-2921,33.592735290527344,-117.6589126586914,Overture Places 2026-07-22.0,2026-07-22,open
Trader Joe's,a98624bd-b1f0-4b61-9532-95b70ef62ad6,Trader Joe's,3250 Dale Rd,Modesto,CA,95356-0541,37.6871337890625,-121.04852294921875,Overture Places 2026-07-22.0,2026-07-22,open
Trader Joe's,6a43f7b3-9ec6-4bd6-a600-545addb3b3b4,Trader Joe's,604 W Huntington Dr,Monrovia,CA,91016-3206,34.138038635253906,-118.01215362548828,Overture Places 2026-07-22.0,2026-07-22,open
Trader Joe's,4d28cb53-d90a-4e4d-ada1-b9f7c8a13db5,Trader Joe's,570 Munras Ave,Monterey,CA,93940-3014,36.59660720825195,-121.8945083618164,Overture Places 2026-07-22.0,2026-07-22,open
Trader Joe's,d8f7db4f-0d85-437a-ab8e-d69da0797031,Trader Joe's,2462 Honolulu Ave,Montrose,CA,91020-1804,34.20698928833008,-118.23297882080078,Overture Places 2026-07-22.0,2026-07-22,open
Trader Joe's,81e82c00-199a-41e8-871e-629cccd4897b,Trader Joe's,17035 Laurel Rd,Morgan Hill,CA,95037-4415,37.13119125366211,-121.63848876953125,Overture Places 2026-07-22.0,2026-07-22,open
Trader Joe's,4f208c5f-a24e-4532-8d65-ff96a559ec5d,Trader Joe's,590 Showers Dr,Mountain View,CA,94040-1430,37.40205383300781,-122.11071014404297,Overture Places 2026-07-22.0,2026-07-22,open
Trader Joe's,d7cdb322-e971-479d-a9f8-51e4e5dc395c,Trader Joe's,3654 Bel Aire Plz,Napa,CA,94558-2831,38.32270050048828,-122.30594635009766,Overture Places 2026-07-22.0,2026-07-22,open
Trader Joe's,221c07ee-96a2-43f5-be25-6beed8f7d1ff,Trader Joe's,10130 Riverside Dr,North Hollywood,CA,91602-2532,34.151939392089844,-118.35189819335938,Overture Places 2026-07-22.0,2026-07-22,open
Trader Joe's,8d73eaa5-61b8-44bf-81d9-6fb65b29edaf,Trader Joe's,6130 Laurel Canyon Blvd,North Hollywood,CA,91606-3279,34.182044982910156,-118.39588928222656,Overture Places 2026-07-22.0,2026-07-22,open
Trader Joe's,6793ac14-0967-4aa9-b688-3fabff05f605,Trader Joe's,7514 Redwood Blvd,Novato,CA,94945-7710,38.111671447753906,-122.56785583496094,Overture Places 2026-07-22.0,2026-07-22,open
Trader Joe's,edd0c6a3-0d5f-4839-9449-8819ea48b513,Trader Joe's,3250 Lakeshore Ave,Oakland,CA,94610-2720,37.81001281738281,-122.24443817138672,Overture Places 2026-07-22.0,2026-07-22,open
Trader Joe's,4a0d39f6-34a6-4e70-962b-86ce2c8adc52,Trader Joe's,5727 College Ave,Oakland,CA,94618-1628,37.84571838378906,-122.25238800048828,Overture Places 2026-07-22.0,2026-07-22,open
Trader Joe's,8e9afed5-afe7-43d5-af33-ecde6eed60a9,Trader Joe's,2570 Vista Way,Oceanside,CA,92054-6175,33.184024810791016,-117.33195495605469,Overture Places 2026-07-22.0,2026-07-22,open
Trader Joe's,84faedd8-0af0-4281-be86-b8d7351cf979,Trader Joe's,2114 N Tustin St,Orange,CA,92865-3712,33.8232536315918,-117.8365707397461,Overture Places 2026-07-22.0,2026-07-22,open
Trader Joe's,40463dbe-0db5-4233-b699-9807e9a4f7c4,Trader Joe's,1170 Forest Ave,Pacific Grove,CA,93950-5123,36.605655670166016,-121.92174530029297,Overture Places 2026-07-22.0,2026-07-22,open
Trader Joe's,849a8a30-f9b2-4209-9019-d2ad62938455,Trader Joe's,44250 Town Center Way,Palm Desert,CA,92260-2794,33.727561950683594,-116.3966064453125,Overture Places 2026-07-22.0,2026-07-22,open
Trader Joe's,330cd30d-04ed-4801-82ed-5ab2c0515826,Trader Joe's,39507 10th St W,Palmdale,CA,93551-3750,34.600303649902344,-118.14920806884766,Overture Places 2026-07-22.0,2026-07-22,open
Trader Joe's,bed766ab-377c-4258-b63d-50763f7a1d84,Trader Joe's,855 El Camino Real,Palo Alto,CA,94301-2305,37.43844985961914,-122.15771484375,Overture Places 2026-07-22.0,2026-07-22,open
Trader Joe's,86b12fd1-e4a8-465a-8014-eaf3237b53b2,Trader Joe's,3035 Huntington Dr,Pasadena,CA,91107-5516,34.12783432006836,-118.08960723876953,Overture Places 2026-07-22.0,2026-07-22,open
Trader Joe's,5d4de675-6ab6-4fde-ba6d-44af78b759ac,Trader Joe's,345 S Lake Ave,Pasadena,CA,91101-5030,34.13998031616211,-118.13314056396484,Overture Places 2026-07-22.0,2026-07-22,open
Trader Joe's,000f1ab1-f1dc-4686-baab-eb535d6a5aa3,Trader Joe's,467 N Rosemead Blvd,Pasadena,CA,91107-3044,34.15361404418945,-118.07823181152344,Overture Places 2026-07-22.0,2026-07-22,open
Trader Joe's,a456eb3e-53ec-43c2-b85e-5aefed53e4d5,Trader Joe's,610 S Arroyo Pkwy,Pasadena,CA,91105-3208,34.135093688964844,-118.1469497680664,Overture Places 2026-07-22.0,2026-07-22,open
Trader Joe's,a40a12e7-3ec3-4cdd-9595-dbe42c1428c5,Trader Joe's,2457 Golden Hill Rd,Paso Robles,CA,93446,35.635459899902344,-120.65811157226562,Overture Places 2026-07-22.0,2026-07-22,open
Trader Joe's,75daf19a-d4a1-4a5c-b8b9-b348f41c7542,Trader Joe's,169 N McDowell Blvd,Petaluma,CA,94954-2304,38.248870849609375,-122.62918090820312,Overture Places 2026-07-22.0,2026-07-22,open
Trader Joe's,220a477d-d081-428c-9343-2ba22b035a0f,Trader Joe's,2742 Pinole Valley Rd,Pinole,CA,94564-1425,37.99528884887695,-122.2866439819336,Overture Places 2026-07-22.0,2026-07-22,open
Trader Joe's,8bafeacd-abde-4f64-bdfe-114ec2b3fb60,Trader Joe's,3903 Santa Rita Rd,Pleasanton,CA,94588-3462,37.69683074951172,-121.87686157226562,Overture Places 2026-07-22.0,2026-07-22,open
Trader Joe's,e47db5ec-648e-438d-9606-3df832408290,Trader Joe's,6401 Haven Ave,Rancho Cucamonga,CA,91737-3858,34.13774490356445,-117.57424926757812,Overture Places 2026-07-22.0,2026-07-22,open
Trader Joe's,aa71936d-44f8-4d4d-b531-6897fdcda878,Trader Joe's,28901 S Western Ave,Rancho Palos Verdes,CA,90275-0001,33.75634002685547,-118.31094360351562,Overture Places 2026-07-22.0,2026-07-22,open
Trader Joe's,de288fd2-00d0-47bc-874e-16dd746b2fda,Trader Joe's,31176 Hawthorne Blvd,Rancho Palos Verdes,CA,90275-5354,33.74927520751953,-118.40665435791016,Overture Places 2026-07-22.0,2026-07-22,open
Trader Joe's,36974fb7-01e9-4bf8-ac7e-45297dcf2f6a,Trader Joe's,30652 Santa Margarita Pkwy,Rancho Santa Margarita,CA,92688-2864,33.642295837402344,-117.59555053710938,Overture Places 2026-07-22.0,2026-07-22,open
Trader Joe's,3e5b6f3c-8cca-4816-bbc5-4557ae124322,Trader Joe's,845 Browning St,Redding,CA,96003-3815,40.591800689697266,-122.35711669921875,Overture Places 2026-07-22.0,2026-07-22,open
Trader Joe's,67457cbc-6c78-4677-b48d-68c84df97739,Trader Joe's,552 Orange St,Redlands,CA,92374-3208,34.06059646606445,-117.18124389648438,Overture Places 2026-07-22.0,2026-07-22,open
Trader Joe's,d96a8e9f-4a05-4cc4-b464-8fb08884a73f,Trader Joe's,1761 S Elena Ave,Redondo Beach,CA,90277-5704,33.81853103637695,-118.38613891601562,Overture Places 2026-07-22.0,2026-07-22,open
Trader Joe's,b2b25e08-d33f-41c6-be8a-1113e15f6343,Trader Joe's,6225 Riverside Ave,Riverside,CA,92506-2179,33.955936431884766,-117.38863372802734,Overture Places 2026-07-22.0,2026-07-22,open
Trader Joe's,1e649499-5f52-4437-8d04-804c3d3763ac,Trader Joe's,5116 Commons Dr,Rocklin,CA,95677-3911,38.802799224853516,-121.20906066894531,Overture Places 2026-07-22.0,2026-07-22,open
Trader Joe's,8c3d78a8-0ae2-4a3d-8d76-19b05b35664a,Trader Joe's,1117 Roseville Sq,Roseville,CA,95678,38.7462043762207,-121.27489471435547,Overture Places 2026-07-22.0,2026-07-22,open
Trader Joe's,00b0d7b3-cffb-4bda-a2ef-a033b1a8ac01,Trader Joe's,2625 Marconi Ave,Sacramento,CA,95821-5105,38.61854553222656,-121.40006256103516,Overture Places 2026-07-22.0,2026-07-22,open
Trader Joe's,a7a790ca-4737-4ffb-bf1b-952520accd93,Trader Joe's,5000 Folsom Blvd,Sacramento,CA,95819-4441,38.56047058105469,-121.44474029541016,Overture Places 2026-07-22.0,2026-07-22,open
Trader Joe's,e59a17c9-4e10-48c3-9823-aa86287437bb,Trader Joe's,343 S Lena Rd,San Bernardino,CA,92408-1601,34.09343338012695,-117.26879119873047,Overture Places 2026-07-22.0,2026-07-22,open
Trader Joe's,68985c4f-5d2f-4ef3-a9ed-a6d57872f828,Trader Joe's,1482 CA-82,San Carlos,CA,94070-5102,37.49653244018555,-122.24848175048828,Overture Places 2026-07-22.0,2026-07-22,open
Trader Joe's,d5cde66a-dd86-4044-9db6-db636c302bcb,Trader Joe's,638 Camino de los Mares,San Clemente,CA,92673-2843,33.457435607910156,-117.65174865722656,Overture Places 2026-07-22.0,2026-07-22,open
Trader Joe's,78051a82-3cb0-4d24-b889-947557e21b9c,Trader Joe's,1072 Camino del Rio N,San Diego,CA,92108-3283,32.766151428222656,-117.15522003173828,Overture Places 2026-07-22.0,2026-07-22,open
Trader Joe's,8118ccd1-b576-487b-8811-c6f3ddb091b0,Trader Joe's,1090 University Ave,San Diego,CA,92103-3362,32.749759674072266,-117.15396118164062,Overture Places 2026-07-22.0,2026-07-22,open
Trader Joe's,9b15b5c8-30f8-444e-9d9a-3618b1add2a9,Trader Joe's,11955 Carmel Mountain Rd,San Diego,CA,92128-4615,32.98198318481445,-117.07513427734375,Overture Places 2026-07-22.0,2026-07-22,open
Trader Joe's,ccf80e8a-5b00-4533-9af6-f056320314a2,Trader Joe's,13480 Highlands Pl,San Diego,CA,92130-2401,32.96131134033203,-117.1912612915039,Overture Places 2026-07-22.0,2026-07-22,open
Trader Joe's,93b70c6d-e333-45ef-bf49-49a023319a0f,Trader Joe's,1640 Garnet Ave,San Diego,CA,92109-3116,32.8009033203125,-117.24070739746094,Overture Places 2026-07-22.0,2026-07-22,open
Trader Joe's,80c8d51d-bdf8-4a66-ba35-36bb42c73bae,Trader Joe's,2401 Truxtun Rd,San Diego,CA,92106-6149,32.73598861694336,-117.21736145019531,Overture Places 2026-07-22.0,2026-07-22,open
Trader Joe's,197bb945-ce97-4b27-af87-926853d81655,Trader Joe's,5140 College Ave,San Diego,CA,92115-2446,32.77180862426758,-117.07013702392578,Overture Places 2026-07-22.0,2026-07-22,open
Trader Joe's,30084d97-045e-4ca5-ab0c-df576951cf92,Trader Joe's,9850 Hibert St,San Diego,CA,92131-1020,32.914306640625,-117.114990234375,Overture Places 2026-07-22.0,2026-07-22,open
Trader Joe's,c5ef167c-e2c4-4afd-a9c4-e1c98435218d,Trader Joe's,856 W Arrow Hwy,San Dimas,CA,91773-2446,34.103477478027344,-117.82138061523438,Overture Places 2026-07-22.0,2026-07-22,open
Trader Joe's,9676433b-2748-4212-8cbf-d662abf3f5e4,Trader Joe's,10 4th St,San Francisco,CA,94103-3102,37.785369873046875,-122.40553283691406,Overture Places 2026-07-22.0,2026-07-22,open
Trader Joe's,8edcc73b-6479-4f7f-83fe-ea2a9d101202,Trader Joe's,1095 Hyde St,San Francisco,CA,94109-4916,37.79071807861328,-122.41809844970703,Overture Places 2026-07-22.0,2026-07-22,open
Trader Joe's,69a5f8f6-6fb9-41d2-a8fd-02d07ac45dd5,Trader Joe's,16 Prescott Ct,San Francisco,CA,94133-4108,37.799072265625,-122.403076171875,Overture Places 2026-07-22.0,2026-07-22,open
Trader Joe's,0db9bd1d-c677-44f1-83ac-6b8423fa34e8,Trader Joe's,265 Winston Dr,San Francisco,CA,94132-1921,37.72663879394531,-122.47618865966797,Overture Places 2026-07-22.0,2026-07-22,open
Trader Joe's,12e82b4a-40f7-49ad-a054-dd5fa7ac909e,Trader Joe's,3 Masonic Ave,San Francisco,CA,94118-3409,37.78337097167969,-122.4478759765625,Overture Places 2026-07-22.0,2026-07-22,open
Trader Joe's,bde1257b-c9e7-4ac6-9f35-a3206ef2c151,Trader Joe's,401 Bay St,San Francisco,CA,94133-1860,37.805450439453125,-122.41373443603516,Overture Places 2026-07-22.0,2026-07-22,open
Trader Joe's,1ce2ef42-3257-464e-a330-c85c669354fc,Trader Joe's,555 9th St,San Francisco,CA,94103-4430,37.771114349365234,-122.40739440917969,Overture Places 2026-07-22.0,2026-07-22,open
Trader Joe's,a266e198-2195-4fe3-9595-04796974ccbe,Trader Joe's,5269 Prospect Rd,San Jose,CA,95129-5031,37.293052673339844,-121.994140625,Overture Places 2026-07-22.0,2026-07-22,open
Trader Joe's,9e960d88-46bd-4c8e-95db-e12056226158,Trader Joe's,5353 Almaden Expy,San Jose,CA,95118-3602,37.25153732299805,-121.87915802001953,Overture Places 2026-07-22.0,2026-07-22,open
Trader Joe's,0646e14f-4f8f-4c13-807b-be8ea178bf7b,Trader Joe's,5985 Almaden Expy,San Jose,CA,95120-5927,37.23509979248047,-121.87287139892578,Overture Places 2026-07-22.0,2026-07-22,open
Trader Joe's,cef90676-7bfd-4543-97c7-3bba9065c254,Trader Joe's,635 Coleman Ave,San Jose,CA,95110-2018,37.340965270996094,-121.90966796875,Overture Places 2026-07-22.0,2026-07-22,open
Trader Joe's,f53a5a99-d437-47e2-b567-20dd72b56950,Trader Joe's,7250 Bollinger Rd,San Jose,CA,95129-2750,37.311790466308594,-122.03091430664062,Overture Places 2026-07-22.0,2026-07-22,open
Trader Joe's,59c594a9-6cac-401a-b48e-fdf958b66f19,Trader Joe's,32151 Camino Capistrano,San Juan Capistrano,CA,92675-3716,33.49604034423828,-117.66334533691406,Overture Places 2026-07-22.0,2026-07-22,open
Trader Joe's,9f6adfbc-27d6-4863-8ae7-0341498761fb,Trader Joes,3977 S Higuera St,San Luis Obispo,CA,93401-7467,35.27891159057617,-120.66452026367188,Overture Places 2026-07-22.0,2026-07-22,open
Trader Joe's,db1d5f61-a133-4d0a-b504-fc6b04cc21aa,Trader Joe's,1820 S Grant St,San Mateo,CA,94402-2648,37.55450439453125,-122.30249786376953,Overture Places 2026-07-22.0,2026-07-22,open
Trader Joe's,35403454-f380-4b95-b08d-21b7e0fe27fe,Trader Joe's,45 W Hillsdale Blvd,San Mateo,CA,94403-3424,37.53553771972656,-122.29834747314453,Overture Places 2026-07-22.0,2026-07-22,open
Trader Joe's,680bd6e8-9a06-4baf-be4d-fee96f66ade7,Trader Joe's,337 3rd St,San Rafael,CA,94901-3547,37.9695930480957,-122.51644134521484,Overture Places 2026-07-22.0,2026-07-22,open
Trader Joe's,440032e3-13ef-4066-b1ae-642b82719701,Trader Joe's,300 Market Pl,San Ramon,CA,94583-4744,37.76410675048828,-121.95201110839844,Overture Places 2026-07-22.0,2026-07-22,open
Trader Joe's,f17cc89e-e6d3-4c3f-80a1-c7af8bea5ac2,Trader Joe's,3329 S Bristol St,Santa Ana,CA,92704-7245,33.7011833190918,-117.88433074951172,Overture Places 2026-07-22.0,2026-07-22,open
Trader Joe's,0a55f51e-3264-47fa-8a48-a34fa9e0d3a5,Trader Joe's,222 N Milpas St,Santa Barbara,CA,93103-3202,34.424835205078125,-119.68180084228516,Overture Places 2026-07-22.0,2026-07-22,open
Trader Joe's,f4539ca8-3aea-4994-acd6-ebc367803ab2,Trader Joe's,3025 De La Vina St,Santa Barbara,CA,93105-3311,34.43891143798828,-119.72895812988281,Overture Places 2026-07-22.0,2026-07-22,open
Trader Joe's,bec3a80d-2a50-44e4-a9e7-d00ed5b4508d,Trader Joe's,26517 Bouquet Canyon Rd,Santa Clarita,CA,91350-2377,34.42839050292969,-118.53807067871094,Overture Places 2026-07-22.0,2026-07-22,open
Trader Joe's,e4df8831-0e81-443d-ba12-70d51d23b4a9,Trader Joe's,700 Front St,Santa Cruz,CA,95060-4525,36.974510192871094,-122.02481842041016,Overture Places 2026-07-22.0,2026-07-22,open
Trader Joe's,fc9f4667-aba9-43e5-a995-6cc015f4bd40,Trader Joe's,1303 S Bradley Rd,Santa Maria,CA,93454-8005,34.938026428222656,-120.4210433959961,Overture Places 2026-07-22.0,2026-07-22,open
Trader Joe's,0dc3f094-f6d5-4b9a-817a-7d8e1b6ae5b7,Trader Joe's,2300 Wilshire Blvd,Santa Monica,CA,90403-5858,34.03340530395508,-118.48041534423828,Overture Places 2026-07-22.0,2026-07-22,open
Trader Joe's,08803935-b865-48de-87f4-636f7a507d22,Trader Joe's,3212 Pico Blvd,Santa Monica,CA,90405-2114,34.02629470825195,-118.45581817626953,Overture Places 2026-07-22.0,2026-07-22,open
Trader Joe's,da60d5df-b682-450b-8e31-257b5073a5ae,Trader Joe's,2100 Santa Rosa Ave,Santa Rosa,CA,95407-7691,38.41743850708008,-122.712158203125,Overture Places 2026-07-22.0,2026-07-22,open
Trader Joe's,ff3d1578-ece6-4892-8a78-e1ef80526370,Trader Joe's,3225 Cleveland Ave,Santa Rosa,CA,95403-2119,38.47340774536133,-122.7322998046875,Overture Places 2026-07-22.0,2026-07-22,open
Trader Joe's,d2af473e-13c6-4b8a-b58e-fc73b426ede3,Trader Joes,14119 Riverside Dr,Sherman Oaks,CA,91423-2312,34.1579704284668,-118.44081115722656,Overture Places 2026-07-22.0,2026-07-22,open
Trader Joe's,0fbb71e0-e414-4662-bd6f-e232843a3096,Trader Joe's,2975 Cochran St,Simi Valley,CA,93065-2792,34.28089141845703,-118.7385482788086,Overture Places 2026-07-22.0,2026-07-22,open
Trader Joe's,de9ffabb-bfb2-4288-bd5f-95dd0befe8dd,Trader Joe's,613 Mission St,South Pasadena,CA,91030-3037,34.11536407470703,-118.1629409790039,Overture Places 2026-07-22.0,2026-07-22,open
Trader Joe's,29c9d493-a159-4e6c-bd8a-924b330bfaf8,Trader Joe's,301 MC Lellan Dr,South San Francisco,CA,94080-7513,37.66473388671875,-122.44611358642578,Overture Places 2026-07-22.0,2026-07-22,open
Trader Joe's,7fecd87d-cc0a-4514-bca4-e99cabf9bcee,Trader Joe's,2121 Boeing Way,Stockton,CA,95206-4934,37.910945892333984,-121.24369049072266,Overture Places 2026-07-22.0,2026-07-22,open
Trader Joe's,9a90a893-0ce6-43de-8539-d9c8eee99621,Trader Joe's,6535 Pacific Ave,Stockton,CA,95207-3717,38.00914764404297,-121.32272338867188,Overture Places 2026-07-22.0,2026-07-22,open
Trader Joe's,f6420fb7-d634-44ac-afc2-d001d49497de,Trader Joe's,11976 Ventura Blvd,Studio City,CA,91604-2606,34.14299011230469,-118.39306640625,Overture Places 2026-07-22.0,2026-07-22,open
Trader Joe's,c6306a88-8454-4a84-a355-6c24974aac24,Trader Joe's,316 W El Camino Real,Sunnyvale,CA,94087-1306,37.367958068847656,-122.03596496582031,Overture Places 2026-07-22.0,2026-07-22,open
Trader Joe's,7f402775-e03f-45f4-ade9-fceb2dd550bf,Trader Joe's,40665 Winchester Rd,Temecula,CA,92591-5509,33.52878189086914,-117.1561050415039,Overture Places 2026-07-22.0,2026-07-22,open
Trader Joe's,cb407e33-575c-4db4-abb1-9ee9adf75aae,Trader Joe's,1111 Rossi Rd,Templeton,CA,93465-3632,35.54182434082031,-120.71526336669922,Overture Places 2026-07-22.0,2026-07-22,open
Trader Joe's,75bdd31e-bac6-4a43-9692-c1bb782c0890,Trader Joe's,125 N Reino Rd,Thousand Oaks,CA,91320-3710,34.180137634277344,-118.95362854003906,Overture Places 2026-07-22.0,2026-07-22,open
Trader Joe's,e1ceb656-229d-4a0c-b2cf-39e5e5740bcb,Trader Joe's,3835 E Thousand Oaks Blvd,Thousand Oaks,CA,91362-3637,34.163719177246094,-118.82487487792969,Overture Places 2026-07-22.0,2026-07-22,open
Trader Joe's,f5c49d87-79b6-4409-bb04-0042738d6698,Trader Joe's,451 E Avenida de los Arboles,Thousand Oaks,CA,91360-7607,34.21890640258789,-118.86912536621094,Overture Places 2026-07-22.0,2026-07-22,open
Trader Joe's,3a023091-63f0-4789-969c-f745e37cfc7d,Trader Joe's,19720 Hawthorne Blvd,Torrance,CA,90503-1553,33.85226058959961,-118.35318756103516,Overture Places 2026-07-22.0,2026-07-22,open
Trader Joe's,7c7422c0-923e-47c8-835c-02832151e8db,Trader Joe's,2545 Pacific Coast Hwy,Torrance,CA,90505,33.790653228759766,-118.33024597167969,Overture Places 2026-07-22.0,2026-07-22,open
Trader Joe's,744a2319-3489-4012-8fd4-fac18812e2eb,Trader Joe's,1198 Irvine Blvd,Tustin,CA,92780-3529,33.74653244018555,-117.8095932006836,Overture Places 2026-07-22.0,2026-07-22,open
Trader Joe's,2bc9bec3-9519-4d37-ab43-ced86579dce4,Trader Joe's,333 S Mountain Ave,Upland,CA,91786-7032,34.09009552001953,-117.67163848876953,Overture Places 2026-07-22.0,2026-07-22,open
Trader Joe's,92c56963-3909-4c65-b573-dee4781b8c6c,Trader Joe's,103 S Mills Rd,Ventura,CA,93003-3455,34.27141189575195,-119.24896240234375,Overture Places 2026-07-22.0,2026-07-22,open
Trader Joe's,33fff6eb-89f2-473f-ac2f-6bdbe7804bfe,Trader Joe's,1795 S Victoria Ave,Ventura,CA,93003-6500,34.257320404052734,-119.21184539794922,Overture Places 2026-07-22.0,2026-07-22,open
Trader Joe's,075156b6-789a-459a-8bfe-09fd8b7ddd2c,Trader Joe's,1795 S. Victoria Ave,Ventura,CA,93003,34.257198333740234,-119.21183013916016,Overture Places 2026-07-22.0,2026-07-22,open
Trader Joe's,8c83c2b2-2008-4fc6-a7fd-3d8c9da18e2f,Trader Joe's,1372 S California Blvd,Walnut Creek,CA,94596-5125,37.8931884765625,-122.0608139038086,Overture Places 2026-07-22.0,2026-07-22,open
Trader Joe's,6ebcd35b-5e3a-400f-bd4d-33b0e8e0cf71,Trader Joe's,6751 Fallbrook Ave,West Hills,CA,91307-3544,34.19309997558594,-118.6255874633789,Overture Places 2026-07-22.0,2026-07-22,open
Trader Joe's,0ec7dbb1-2d85-44ac-a02b-e254cdf8b8a5,Trader Joe's,7310 Santa Monica Blvd,West Hollywood,CA,90046-6616,34.09062957763672,-118.3492660522461,Overture Places 2026-07-22.0,2026-07-22,open
Trader Joe's,6c59c986-83c9-44a2-925e-f7ddb40ea8cc,Trader Joe's,8611 Santa Monica Blvd,West Hollywood,CA,90069-4109,34.088016510009766,-118.37950134277344,Overture Places 2026-07-22.0,2026-07-22,open
Trader Joe's,50d20504-56e8-41f6-8136-b4bf77057246,Trader Joe's,15025 Whittier Blvd,Whittier,CA,90603-2066,33.949344635009766,-118.00537872314453,Overture Places 2026-07-22.0,2026-07-22,open
Trader Joe's,bf57b153-7d62-4483-86bc-e6d1e62552e7,Trader Joe's,21055 Ventura Blvd,Woodland Hills,CA,91364-2202,34.16726303100586,-118.59241485595703,Overture Places 2026-07-22.0,2026-07-22,open
Trader Joe's,7a80a6d3-3b55-47ab-b6db-a3e0db55a10f,Trader Joe's,19655 Yorba Linda Blvd,Yorba Linda,CA,92886-3528,33.88965606689453,-117.79217529296875,Overture Places 2026-07-22.0,2026-07-22,open
Vons,eea8316d-563d-45d2-b0fd-9974b6feeea6,Vons,5671 Kanan Rd,Agoura Hills,CA,91301-3358,34.15361022949219,-118.75904083251953,Overture Places 2026-07-22.0,2026-07-22,open
Vons,8be19096-0caf-4eb4-8273-a97e536126e9,Vons,130 W Lincoln Ave,Anaheim,CA,92805-2901,33.83517074584961,-117.91464233398438,Overture Places 2026-07-22.0,2026-07-22,open
Vons,293724e4-bae6-40c0-9b97-0809c5af3c5a,Vons,5600 E Santa Ana Canyon Rd,Anaheim,CA,92807-3126,33.84982681274414,-117.79161071777344,Overture Places 2026-07-22.0,2026-07-22,open
Vons,2caa7f3c-6e14-4cda-bc0d-4e07d2c04b7f,Vons,745 W Naomi Ave,Arcadia,CA,91007-7517,34.124935150146484,-118.05770874023438,Overture Places 2026-07-22.0,2026-07-22,open
Vons,4712b0c9-2db4-487d-ac33-41cab86902a0,Vons,7135 El Camino Real,Atascadero,CA,93422-4525,35.48584747314453,-120.66222381591797,Overture Places 2026-07-22.0,2026-07-22,open
Vons,4d0bda68-7c51-489b-8db6-17dc5b529a94,Vons,240 Sumner Ave,Avalon,CA,90704-2873,33.342262268066406,-118.32720184326172,Overture Places 2026-07-22.0,2026-07-22,open
Vons,0406e1e2-d4b3-4896-aee7-49e927438756,Vons,4500 Coffee Rd,Bakersfield,CA,93308-5025,35.40011978149414,-119.09050750732422,Overture Places 2026-07-22.0,2026-07-22,open
Vons,6c67d039-848c-4a38-a951-3de96b4604f0,Vons,5700 Stockdale Hwy,Bakersfield,CA,93309-2507,35.3553352355957,-119.06510162353516,Overture Places 2026-07-22.0,2026-07-22,open
Vons,00fde698-47f3-4aec-941b-2f6752e93ddb,Vons,9000 Ming Ave,Bakersfield,CA,93311-1318,35.34149932861328,-119.10256958007812,Overture Places 2026-07-22.0,2026-07-22,open
Vons,c45f1462-6ea8-40a1-bb62-c0d4a97541c3,Vons,42170 Big Bear Lake Blvd,Big Bear Lake,CA,92315-1518,34.25241470336914,-116.88511657714844,Overture Places 2026-07-22.0,2026-07-22,open
Vons,a534e6e2-2036-469d-b8a4-716b2916feb9,Vons,4404 Bonita Rd,Bonita,CA,91902-1423,32.65998077392578,-117.03240966796875,Overture Places 2026-07-22.0,2026-07-22,open
Vons,6aebf89f-55e9-44dc-8111-8ad4ef2025a8,Vons,475 W Main St,Brawley,CA,92227-2244,32.97895050048828,-115.55023956298828,Overture Places 2026-07-22.0,2026-07-22,open
Vons,e6599e09-807f-42c0-bf36-54b98c74afba,Vons,301 N Pass Ave,Burbank,CA,91505-3859,34.1549072265625,-118.34649658203125,Overture Places 2026-07-22.0,2026-07-22,open
Vons,6c4a6f86-a738-47b4-9370-3ca80a728379,Vons,5275 Mission Oaks Blvd,Camarillo,CA,93012-5422,34.22968673706055,-118.99854278564453,Overture Places 2026-07-22.0,2026-07-22,open
Vons,32221081-346c-44b0-a288-e298c3935034,Vons,2560 El Camino Real,Carlsbad,CA,92008-1201,33.178653717041016,-117.32489776611328,Overture Places 2026-07-22.0,2026-07-22,open
Vons,b5769b36-2966-4e2b-8f2b-ee5de1b6697b,Vons,6951 El Camino Real,Carlsbad,CA,92009-4146,33.10345458984375,-117.2685317993164,Overture Places 2026-07-22.0,2026-07-22,open
Vons,9b74526d-2930-4fdf-a4c7-67d7732e02b4,Vons,985 Tamarack Ave,Carlsbad,CA,92008-3414,33.15238952636719,-117.33396911621094,Overture Places 2026-07-22.0,2026-07-22,open
Vons,458f0152-2182-4f45-b016-79aef17f87b4,Vons,20440 Devonshire St,Chatsworth,CA,91311-3412,34.25663757324219,-118.5787582397461,Overture Places 2026-07-22.0,2026-07-22,open
Vons,6b230b2e-9265-4f6b-a894-163f762ef244,Vons,1745 Eastlake Pkwy,Chula Vista,CA,91915-2033,32.61980056762695,-116.96104431152344,Overture Places 2026-07-22.0,2026-07-22,open
Vons,35bc010e-6708-4860-bfcf-d0c124ccec3c,Vons,2250 Otay Lakes Rd,Chula Vista,CA,91915-1000,32.64591598510742,-116.96648406982422,Overture Places 2026-07-22.0,2026-07-22,open
Vons,b36c21b4-1b55-4c04-aea1-18b1cf1e2c57,Vons,550 E Baseline Rd,Claremont,CA,91711-2236,34.120704650878906,-117.70613098144531,Overture Places 2026-07-22.0,2026-07-22,open
Vons,ba8fb539-9eb1-4bf8-b44a-cf7348599e23,Vons,1650 Herndon Ave,Clovis,CA,93611-0505,36.835872650146484,-119.68505096435547,Overture Places 2026-07-22.0,2026-07-22,open
Vons,40ea0a46-329e-43ad-8408-2d4d4e0bbcbc,Vons,3100 Fowler Ave,Clovis,CA,93611-2100,36.79530715942383,-119.68401336669922,Overture Places 2026-07-22.0,2026-07-22,open
Vons,a78d2d97-971b-458d-8273-aea9f2bd1a84,Vons,11800 De Palma Rd,Corona,CA,92883-8498,33.74742889404297,-117.45318603515625,Overture Places 2026-07-22.0,2026-07-22,open
Vons,aa9d5c26-3051-4762-b69a-0cca63e1a7c1,Vons,369 Magnolia Ave,Corona,CA,92879-3300,33.85432434082031,-117.56563568115234,Overture Places 2026-07-22.0,2026-07-22,open
Vons,881d3ce4-a0d5-4d6c-95dd-c4ea30ea02e5,Vons,535 N McKinley St,Corona,CA,92879-1297,33.89133071899414,-117.52005767822266,Overture Places 2026-07-22.0,2026-07-22,open
Vons,64ccfba8-170e-45ef-a062-ce054ef24c9b,Vons,868 Orange Ave,Coronado,CA,92118-2619,32.68778610229492,-117.17926025390625,Overture Places 2026-07-22.0,2026-07-22,open
Vons,af702220-a897-4986-a1fe-e1e388882eed,Vons,185 E 17th St,Costa Mesa,CA,92627-3708,33.63459014892578,-117.9202880859375,Overture Places 2026-07-22.0,2026-07-22,open
Vons,c204853f-724f-46fb-931b-50d965ef2c88,Vons,2701 Harbor Blvd,Costa Mesa,CA,92626-5153,33.67198944091797,-117.92032623291016,Overture Places 2026-07-22.0,2026-07-22,open
Vons,d69b2d95-fcc9-4f20-9db1-f52c7d270687,Vons,932 E Badillo St,Covina,CA,91724-2950,34.08539581298828,-117.87140655517578,Overture Places 2026-07-22.0,2026-07-22,open
Vons,c3ddec87-a2f9-4c7c-b0c3-2b5b78ad7cdb,Vons,4030 S Centinela Ave,Culver City,CA,90066-4907,33.99909591674805,-118.4290771484375,Overture Places 2026-07-22.0,2026-07-22,open
Vons,03ca65ca-4525-478a-af17-c7b332715079,Vons,2606 Del Mar Heights Rd,Del Mar,CA,92014-3110,32.951377868652344,-117.24649810791016,Overture Places 2026-07-22.0,2026-07-22,open
Vons,141b897a-2bd5-40b2-b5d9-91be668df834,Vons,14200 Palm Dr,Desert Hot Springs,CA,92240-6873,33.94554138183594,-116.49996185302734,Overture Places 2026-07-22.0,2026-07-22,open
Vons,53d38c5e-ea38-43c6-8d87-6f5b2b4a4f4b,Vons,10001 Paramount Blvd,Downey,CA,90240-3807,33.954734802246094,-118.12984466552734,Overture Places 2026-07-22.0,2026-07-22,open
Vons,8712a46f-3080-4193-b298-aac045c5a58d,Vons,1201 Avocado Ave,El Cajon,CA,92020-7704,32.778804779052734,-116.9565200805664,Overture Places 2026-07-22.0,2026-07-22,open
Vons,6cc2e052-b0d4-4dc7-afbe-661bb2aadc51,Vons,950 N 2nd St,El Cajon,CA,92021-5841,32.808441162109375,-116.93678283691406,Overture Places 2026-07-22.0,2026-07-22,open
Vons,86caa8d2-2679-4b0f-a632-5ac8a095aed1,Vons,750 N Imperial Ave,El Centro,CA,92243-1914,32.79884338378906,-115.571533203125,Overture Places 2026-07-22.0,2026-07-22,open
Vons,598e0fd9-d705-43b0-bedf-9a8f3d56f5fc,Vons,262 N El Camino Real,Encinitas,CA,92024-2853,33.05126953125,-117.26224517822266,Overture Places 2026-07-22.0,2026-07-22,open
Vons,fc20e5ca-f741-4ebb-9465-d416e79689c2,Vons,453 Santa Fe Dr,Encinitas,CA,92024-5134,33.034912109375,-117.28280639648438,Overture Places 2026-07-22.0,2026-07-22,open
Vons,d7e33bfe-26c4-471f-8bc1-99e0ed0e578a,Vons,1000 W El Norte Pkwy,Escondido,CA,92026-3341,33.14860153198242,-117.10641479492188,Overture Places 2026-07-22.0,2026-07-22,open
Vons,853d9028-7c55-424e-82a1-053bdd77eebf,Vons,2345 E Valley Pkwy,Escondido,CA,92027-2715,33.13931655883789,-117.0445785522461,Overture Places 2026-07-22.0,2026-07-22,open
Vons,14f481e1-82d7-438c-9295-53e75d0d2bf3,Vons,330 W El Norte Pkwy,Escondido,CA,92026-1925,33.1434211730957,-117.09410858154297,Overture Places 2026-07-22.0,2026-07-22,open
Vons,b30a4ae6-8fc1-4bb8-ab5f-a3e4dc6de474,Vons,636 W Ventura St,Fillmore,CA,93015-1925,34.3951301574707,-118.91644287109375,Overture Places 2026-07-22.0,2026-07-22,open
Vons,12407b38-e44e-4ca8-a410-39c1af2e4aa9,Vons,7390 Cherry Ave,Fontana,CA,92336-4204,34.11988067626953,-117.49028778076172,Overture Places 2026-07-22.0,2026-07-22,open
Vons,bff850aa-f5de-423d-b008-55536b584ea1,Vons,5638 E Kings Canyon Rd,Fresno,CA,93727-4627,36.73458480834961,-119.69828796386719,Overture Places 2026-07-22.0,2026-07-22,open
Vons,60b1efa2-6214-4f89-aab7-fb3a6b02436f,Vons,8949 N Cedar Ave,Fresno,CA,93720-1890,36.8648567199707,-119.75838470458984,Overture Places 2026-07-22.0,2026-07-22,open
Vons,d9e078a2-91c0-43bb-b744-6de8f34fc810,Vons,11861 Valley View St,Garden Grove,CA,92845-1236,33.790042877197266,-118.02911376953125,Overture Places 2026-07-22.0,2026-07-22,open
Vons,ed3f5b6c-bc1e-4408-9dbe-3b3d7043216d,Vons,12961 W Chapman Ave,Garden Grove,CA,92840-4140,33.78958511352539,-117.90709686279297,Overture Places 2026-07-22.0,2026-07-22,open
Vons,f6320a4f-a272-4380-bbb5-635638209546,Vons,1260 W Redondo Beach Blvd,Gardena,CA,90247-3411,33.89104080200195,-118.29798889160156,Overture Places 2026-07-22.0,2026-07-22,open
Vons,7908b5f5-fe38-42d8-aacb-655b5a5cc899,Vons,311 W Los Feliz Rd,Glendale,CA,91204-2513,34.12932586669922,-118.25858306884766,Overture Places 2026-07-22.0,2026-07-22,open
Vons,0ea729bc-4939-450d-884f-b3ae94bbbe37,Vons,3233 Foothill Blvd,Glendale,CA,91214-2636,34.23106002807617,-118.25005340576172,Overture Places 2026-07-22.0,2026-07-22,open
Vons,d9e8623d-8ba0-4376-83e0-26a4869b65ff,Vons,561 N Glendale Ave,Glendale,CA,91206-3307,34.155025482177734,-118.24478149414062,Overture Places 2026-07-22.0,2026-07-22,open
Vons,f49de709-dbe2-40d7-bbdf-f64eefb73c00,Vons,435 W Foothill Blvd,Glendora,CA,91741-3363,34.13739013671875,-117.87151336669922,Overture Places 2026-07-22.0,2026-07-22,open
Vons,bc9c7f06-e381-4dfb-920b-4f9d53e219da,Vons,16830 San Fernando Mission Blvd,Granada Hills,CA,91344-4247,34.27108383178711,-118.49897003173828,Overture Places 2026-07-22.0,2026-07-22,open
Vons,90812021-fcf3-4b60-8928-3cefa6045871,Vons,1758 W Grand Ave,Grover Beach,CA,93433-2293,35.119998931884766,-120.61041259765625,Overture Places 2026-07-22.0,2026-07-22,open
Vons,a90b9cab-03cf-4d0b-adf4-781ec84dc96d,Vons,2122 S Hacienda Blvd,Hacienda Heights,CA,91745-4242,33.99510192871094,-117.9672622680664,Overture Places 2026-07-22.0,2026-07-22,open
Vons,bbe456dd-e1f6-4bf5-80bc-989ec786fedd,Vons,5922 Edinger Ave,Huntington Beach,CA,92649-1706,33.72868728637695,-118.02489471435547,Overture Places 2026-07-22.0,2026-07-22,open
Vons,fba11dda-8e11-4fd7-8cb5-de9b2b67fa8c,Vons,8891 Atlanta Ave,Huntington Beach,CA,92646-7119,33.65830612182617,-117.9729995727539,Overture Places 2026-07-22.0,2026-07-22,open
Vons,214b3992-d11f-4df5-b3ff-919bb05825c3,Vons,500 E Manchester Blvd,Inglewood,CA,90301-9294,33.960426330566406,-118.34901428222656,Overture Places 2026-07-22.0,2026-07-22,open
Vons,76b2359e-5139-4e8f-b6c9-73e5969ae5db,Vons Fuel Station,510 E Manchester Blvd,Inglewood,CA,90301,33.96078109741211,-118.34808349609375,Overture Places 2026-07-22.0,2026-07-22,open
Vons,dd8802a5-3a24-4c8c-9a53-560b797d19f2,Vons,5630 Lake Murray Blvd,La Mesa,CA,91942-1929,32.78235626220703,-117.03240203857422,Overture Places 2026-07-22.0,2026-07-22,open
Vons,f23762e4-2b70-4744-95e4-90470f11ac03,Vons,8011 University Ave,La Mesa,CA,91942-5555,32.76531219482422,-117.02416229248047,Overture Places 2026-07-22.0,2026-07-22,open
Vons,e4f7066d-71d0-4fec-b44a-71debd000584,Vons,78271 CA-111,La Quinta,CA,92253-2063,33.71504211425781,-116.29817962646484,Overture Places 2026-07-22.0,2026-07-22,open
Vons,546d713b-a99c-4144-9467-00d88f0907e9,Vons,1600 Foothill Blvd,La Verne,CA,91750-3436,34.11467742919922,-117.77302551269531,Overture Places 2026-07-22.0,2026-07-22,open
Vons,df8dd754-7fc9-49a6-b8e2-99b4d6deb599,Vons,5610 Lake Isabella Blvd,Lake Isabella,CA,93240-94ND,35.61785888671875,-118.47612762451172,Overture Places 2026-07-22.0,2026-07-22,open
Vons,6ef2497d-1dd3-438d-bd16-8a6bac366fa4,Vons,4226 Woodruff Ave,Lakewood,CA,90713-3143,33.834835052490234,-118.1155014038086,Overture Places 2026-07-22.0,2026-07-22,open
Vons,15f7dc20-7fbe-4d7d-9e26-438341ec93b2,Vons,5500 Woodruff Ave,Lakewood,CA,90713-1535,33.85684585571289,-118.11558532714844,Overture Places 2026-07-22.0,2026-07-22,open
Vons,a8eaf7d4-9679-4eb1-8d10-12efeca967ca,Vons,4033 W Avenue L,Lancaster,CA,93536-4213,34.6614990234375,-118.20238494873047,Overture Places 2026-07-22.0,2026-07-22,open
Vons,641722d7-c33a-4b41-993d-abcf37a90fcc,Vons,1820 Ximeno Ave,Long Beach,CA,90815-2849,33.79042053222656,-118.13758850097656,Overture Places 2026-07-22.0,2026-07-22,open
Vons,c70e7b5c-a566-41ec-9d5f-2db34baeb82a,Vons,3900 E Ocean Blvd,Long Beach,CA,90803-2817,33.7598762512207,-118.14729309082031,Overture Places 2026-07-22.0,2026-07-22,open
Vons,d3e21b1c-1cd2-4252-8696-42335b77e7eb,Vons,600 E Broadway,Long Beach,CA,90802-5124,33.76900100708008,-118.18451690673828,Overture Places 2026-07-22.0,2026-07-22,open
Vons,e2e87d5f-2883-4913-9fde-18893e91d60b,Vons,11322 Los Alamitos Blvd,Los Alamitos,CA,90720-3907,33.797889709472656,-118.07083129882812,Overture Places 2026-07-22.0,2026-07-22,open
Vons,8afc65eb-2f1a-4b62-9a7e-2984aeb545a3,Vons,1342 N Alvarado St,Los Angeles,CA,90026-3129,34.079620361328125,-118.26124572753906,Overture Places 2026-07-22.0,2026-07-22,open
Vons,1f3c0c17-60c1-4652-bc4f-03b9569d1902,Vons,1430 S Fairfax Ave,Los Angeles,CA,90019-3745,34.05060577392578,-118.36628723144531,Overture Places 2026-07-22.0,2026-07-22,open
Vons,a775b912-59c9-4a87-ad50-afcd5e878298,Vons,17380 W Sunset Blvd,Los Angeles,CA,90272-4102,34.03926086425781,-118.55401611328125,Overture Places 2026-07-22.0,2026-07-22,open
Vons,791702bb-2cec-45a2-8ae4-5fd82b27ac16,Vons,3461 W 3rd St,Los Angeles,CA,90020-1604,34.06981658935547,-118.29084777832031,Overture Places 2026-07-22.0,2026-07-22,open
Vons,90697fb0-789f-4b4b-9251-06ba5a32c6ae,Vons,4520 W Sunset Blvd,Los Angeles,CA,90027-6057,34.09703063964844,-118.28814697265625,Overture Places 2026-07-22.0,2026-07-22,open
Vons,cf7904d1-0fb4-4a54-9abb-13ed8ee56e84,Vons,6571 W 80th St,Los Angeles,CA,90045-1126,33.969261169433594,-118.40547943115234,Overture Places 2026-07-22.0,2026-07-22,open
Vons,72b79446-16b8-4b31-9c46-578ffcf1af31,Vons,7311 N Figueroa St,Los Angeles,CA,90041-2512,34.13610076904297,-118.18933868408203,Overture Places 2026-07-22.0,2026-07-22,open
Vons,31c18bc8-8f94-4ab8-80b8-b0c881ed868a,Vons,9860 National Blvd,Los Angeles,CA,90034-2713,34.03025436401367,-118.40148162841797,Overture Places 2026-07-22.0,2026-07-22,open
Vons,9894860f-43a4-48ad-aefb-ed7004e7fd0b,Vons,481 Old Mammoth Rd,Mammoth Lakes,CA,93546-2013,37.63858413696289,-118.96528625488281,Overture Places 2026-07-22.0,2026-07-22,open
Vons,9dc792d8-fb7b-44e2-9491-3d2b4dd7d1c4,Vons,410 Manhattan Beach Blvd,Manhattan Beach,CA,90266-5318,33.885196685791016,-118.40791320800781,Overture Places 2026-07-22.0,2026-07-22,open
Vons,58c891f0-73b1-4b51-ba9c-e9edb60c726f,Vons,27220 Sun City Blvd,Menifee,CA,92586-2566,33.71297836303711,-117.19318389892578,Overture Places 2026-07-22.0,2026-07-22,open
Vons,557b3268-4710-47c4-8e98-bd720592e333,Vons,6170 Hamner Ave,Mira Loma,CA,91752-3121,33.97652053833008,-117.55754852294922,Overture Places 2026-07-22.0,2026-07-22,open
Vons,904ea66d-6dd2-4c77-a1c1-bb943b3d4c5b,Vons,10321 Sepulveda Blvd,Mission Hills,CA,91345-2421,34.25800704956055,-118.46836853027344,Overture Places 2026-07-22.0,2026-07-22,open
Vons,ee0627d1-3c01-4c4f-b31c-e2fd2da1b54e,Vons,130 W Foothill Blvd,Monrovia,CA,91016-2296,34.15011215209961,-118.00200653076172,Overture Places 2026-07-22.0,2026-07-22,open
Vons,243b829b-35af-49f8-9104-75cdbd93e445,Vons,804 W Beverly Blvd,Montebello,CA,90640,34.020103454589844,-118.10603332519531,Overture Places 2026-07-22.0,2026-07-22,open
Vons,f0f69ff4-4543-4d01-94b2-2fab829066cd,Vons,2039 Verdugo Blvd,Montrose,CA,91020-1626,34.20561981201172,-118.2215347290039,Overture Places 2026-07-22.0,2026-07-22,open
Vons,d2fd15ad-7f49-49a7-b210-c4a1b6d0a0b6,Vons,4241 Tierra Rejada Rd,Moorpark,CA,93021-3772,34.26776885986328,-118.89916229248047,Overture Places 2026-07-22.0,2026-07-22,open
Vons,fe923556-3322-48d7-8d69-6a5b5a1b6874,Vons,38995 Sky Canyon Dr,Murrieta,CA,92563-2617,33.55415344238281,-117.13856506347656,Overture Places 2026-07-22.0,2026-07-22,open
Vons,85b08dd8-2cc0-4633-adaa-806f1fe63852,Vons,520 W Tefft St,Nipomo,CA,93444-8946,35.03730773925781,-120.48682403564453,Overture Places 2026-07-22.0,2026-07-22,open
Vons,35e20e3d-2498-4a82-8655-b73b90e53713,Vons,9119 Reseda Blvd,Northridge,CA,91324-3031,34.23601150512695,-118.53773498535156,Overture Places 2026-07-22.0,2026-07-22,open
Vons,dc0acb4e-2bf0-4aee-bf97-033fd51c33a5,Vons,40044 Highway 49,Oakhurst,CA,93644-8875,37.33050537109375,-119.65899658203125,Overture Places 2026-07-22.0,2026-07-22,open
Vons,f3e264ef-e4c4-4523-8eb8-3f48f99f4920,Vons,845 College Blvd,Oceanside,CA,92057-6258,33.24079895019531,-117.29466247558594,Overture Places 2026-07-22.0,2026-07-22,open
Vons,62e48cb7-677c-49dc-8a34-a5cf6d15fa29,Vons,1125 Maricopa Hwy,Ojai,CA,93023-3126,34.441287994384766,-119.26244354248047,Overture Places 2026-07-22.0,2026-07-22,open
Vons,8bb38f73-934c-4594-ad2d-ef4dc29282c0,Vons,2684 N Tustin St,Orange,CA,92865-2438,33.83351516723633,-117.83758544921875,Overture Places 2026-07-22.0,2026-07-22,open
Vons,a5481539-0f7a-46a8-a1a6-ba0cb1b21ff2,Vons,1291 S Victoria Ave,Oxnard,CA,93035-1292,34.18846130371094,-119.22197723388672,Overture Places 2026-07-22.0,2026-07-22,open
Vons,e87ff4d5-718a-4176-9faf-4f645eab791e,Vons,2101 N Rose Ave,Oxnard,CA,93036-2682,34.222007751464844,-119.1617660522461,Overture Places 2026-07-22.0,2026-07-22,open
Vons,159c964d-05b4-4f06-9177-39f19b259186,Vons,450 S Ventura Rd,Oxnard,CA,93030-6557,34.198402404785156,-119.19320678710938,Overture Places 2026-07-22.0,2026-07-22,open
Vons,4cfed42a-5ce9-47b0-9ea9-03bfded0d4b7,Vons Pharmacy,450 S Ventura Rd,Oxnard,CA,93030,34.198421478271484,-119.19336700439453,Overture Places 2026-07-22.0,2026-07-22,open
Vons,d3ab7c4f-357c-4148-84e8-dc03edf611cd,Vons,4733 E Palm Canyon Dr,Palm Springs,CA,92264-5219,33.792118072509766,-116.49457550048828,Overture Places 2026-07-22.0,2026-07-22,open
Vons,f11c114a-319f-4b4d-95ed-3753caf323b3,Vons,3027 Rancho Vista Blvd,Palmdale,CA,93551-3582,34.603248596191406,-118.18431091308594,Overture Places 2026-07-22.0,2026-07-22,open
Vons,a3db36eb-5174-406b-8754-08f6c12cc5c9,Vons,155 W California Blvd,Pasadena,CA,91105-3005,34.136634826660156,-118.15341186523438,Overture Places 2026-07-22.0,2026-07-22,open
Vons,ff797ea4-2bda-48e0-8a58-79501a800baa,Vons,2355 E Colorado Blvd,Pasadena,CA,91107-3644,34.14752197265625,-118.10208129882812,Overture Places 2026-07-22.0,2026-07-22,open
Vons,4047d74a-36b3-4b0e-82bb-5184250c8173,Vons,6351 Haven Ave,Rancho Cucamonga,CA,91737-3836,34.13866424560547,-117.57420349121094,Overture Places 2026-07-22.0,2026-07-22,open
Vons,f8a249b4-eb58-4878-980b-3e2bf4fd94ab,Vons,8778 19th St,Rancho Cucamonga,CA,91701-4608,34.133602142333984,-117.6147232055664,Overture Places 2026-07-22.0,2026-07-22,open
Vons,9134035d-99c8-406b-8915-2e31e8ef85ea,Vons,1212 Beryl St,Redondo Beach,CA,90277-2427,33.854007720947266,-118.38030242919922,Overture Places 2026-07-22.0,2026-07-22,open
Vons,e61231a1-6766-408c-87cd-7889946f52d0,Vons,245 Palos Verdes Blvd,Redondo Beach,CA,90277-5820,33.816280364990234,-118.38590240478516,Overture Places 2026-07-22.0,2026-07-22,open
Vons,ef27db17-d992-4111-ba8a-5f9cc9889665,Vons,4001 Inglewood Ave,Redondo Beach,CA,90278-1121,33.89295196533203,-118.36243438720703,Overture Places 2026-07-22.0,2026-07-22,open
Vons,fcf0f4dd-e035-4145-9a96-c30eb00e4402,Vons,19333 Victory Blvd,Reseda,CA,91335-6302,34.18757247924805,-118.55447387695312,Overture Places 2026-07-22.0,2026-07-22,open
Vons,12f914f6-78dd-4115-9b23-1aaf908a02d7,Vons,3520 Riverside Plaza Dr,Riverside,CA,92506-2723,33.95469284057617,-117.38935852050781,Overture Places 2026-07-22.0,2026-07-22,open
Vons,078aafad-a79f-4378-a1a5-c2a4eef897ee,Vons,10016 Scripps Ranch Blvd,San Diego,CA,92131-1222,32.90327835083008,-117.10037994384766,Overture Places 2026-07-22.0,2026-07-22,open
Vons,e77efa8e-ccf8-4894-ae87-f0cdd091eb45,Vons,10460 Clairemont Mesa Blvd,San Diego,CA,92124-1320,32.83045959472656,-117.1041488647461,Overture Places 2026-07-22.0,2026-07-22,open
Vons,3df47c51-40de-4d17-9afd-355e31721829,Vons,10675 Scripps Poway Pkwy,San Diego,CA,92131-3919,32.93551254272461,-117.0984878540039,Overture Places 2026-07-22.0,2026-07-22,open
Vons,77008de6-d051-46fc-9ef9-0a7b1d0c63a6,Vons,11986 Bernardo Plaza Dr,San Diego,CA,92128-2538,33.020965576171875,-117.07238006591797,Overture Places 2026-07-22.0,2026-07-22,open
Vons,dd72d9e7-d5e1-4c2b-932c-ef2839fd510e,Vons,13255 Black Mountain Rd,San Diego,CA,92129-2658,32.95793914794922,-117.12516021728516,Overture Places 2026-07-22.0,2026-07-22,open
Vons,be76e112-3b8a-465e-912a-2cf99ecdf6d1,Vons,2495 Truxtun Rd,San Diego,CA,92106-6159,32.73711395263672,-117.21625518798828,Overture Places 2026-07-22.0,2026-07-22,open
Vons,12307c65-f448-4a62-87c3-45e753977ba2,Vons,3550 Murphy Canyon Rd,San Diego,CA,92123-2656,32.807373046875,-117.11639404296875,Overture Places 2026-07-22.0,2026-07-22,open
Vons,bf7a0988-a437-4dd3-a98d-6f43aa353b31,Vons,3610 Adams Ave,San Diego,CA,92116-2212,32.7640380859375,-117.114501953125,Overture Places 2026-07-22.0,2026-07-22,open
Vons,9c3330d6-50b0-4947-8333-0d3443044ed0,Vons,3645 Midway Dr,San Diego,CA,92110-5202,32.75122833251953,-117.2173843383789,Overture Places 2026-07-22.0,2026-07-22,open
Vons,d388d17f-3081-49eb-94f9-b719588dc34e,Vons,3993 Governor Dr,San Diego,CA,92122-2520,32.85362243652344,-117.20311737060547,Overture Places 2026-07-22.0,2026-07-22,open
Vons,c00e98b0-72f7-49cf-b654-fa8aa1a070ef,Vons,4145 30th St,San Diego,CA,92104-1905,32.753211975097656,-117.12953186035156,Overture Places 2026-07-22.0,2026-07-22,open
Vons,96ba1f7b-751f-4c09-8f65-fec2a4ab3858,Vons,4627 Carmel Mountain Rd,San Diego,CA,92130-6613,32.92036056518555,-117.21503448486328,Overture Places 2026-07-22.0,2026-07-22,open
Vons,4dc47c46-0783-49c0-acfe-e6031a584b85,Vons,4725 Clairemont Dr,San Diego,CA,92117-2704,32.830169677734375,-117.20481872558594,Overture Places 2026-07-22.0,2026-07-22,open
Vons,e00804a8-3f9e-4e70-b065-fb92f0f49bf5,Vons,515 W Washington St,San Diego,CA,92103-1986,32.74937438964844,-117.16822052001953,Overture Places 2026-07-22.0,2026-07-22,open
Vons,468f6633-62e0-43e4-9591-8a2954623191,Vons,5555 Balboa Ave,San Diego,CA,92111-2703,32.81847381591797,-117.17920684814453,Overture Places 2026-07-22.0,2026-07-22,open
Vons,b66162d9-9c3f-4a6b-97af-824b4d9d28be,Vons,6155 El Cajon Blvd,San Diego,CA,92115-3915,32.76105499267578,-117.06501770019531,Overture Places 2026-07-22.0,2026-07-22,open
Vons,73875573-62ac-4126-820b-d57409abc1b7,Vons,620 Dennery Rd,San Diego,CA,92154-8402,32.583045959472656,-117.03446960449219,Overture Places 2026-07-22.0,2026-07-22,open
Vons,a2aadf34-6454-415c-89ab-8ac226bc10a3,Vons,6555 Mission Gorge Rd,San Diego,CA,92120-2306,32.79239273071289,-117.09664916992188,Overture Places 2026-07-22.0,2026-07-22,open
Vons,26d701cf-0820-4dae-bad1-0f85aa0589fa,Vons,665 Saturn Blvd,San Diego,CA,92154-4732,32.58495330810547,-117.09003448486328,Overture Places 2026-07-22.0,2026-07-22,open
Vons,f1602d5d-9acc-41bb-88c7-9afa7699eb0a,Vons,7788 Regents Rd,San Diego,CA,92122-1938,32.862491607666016,-117.22352600097656,Overture Places 2026-07-22.0,2026-07-22,open
Vons,c852f5a5-3a39-42d2-ace1-2fbcaab7f241,Vons,7895 Highlands Village Pl,San Diego,CA,92129-5180,32.96098327636719,-117.15382385253906,Overture Places 2026-07-22.0,2026-07-22,open
Vons,8fa92ee7-e08b-4847-9a25-2fd5ee6d6083,Vons,8310 Mira Mesa Blvd,San Diego,CA,92126-2606,32.915191650390625,-117.14472961425781,Overture Places 2026-07-22.0,2026-07-22,open
Vons,6c87eafc-a503-4bf3-a42c-3e7e9d033bd8,Vons,1160 Via Verde,San Dimas,CA,91773-4401,34.07261276245117,-117.8290786743164,Overture Places 2026-07-22.0,2026-07-22,open
Vons,af34a9eb-3c41-48bc-9816-dac05b783c19,Vons,32401 Camino Capistrano,San Juan Capistrano,CA,92675-4517,33.492855072021484,-117.66349792480469,Overture Places 2026-07-22.0,2026-07-22,open
Vons,d375eebf-8900-40e8-9847-c1e81ec78041,Vons,3900 Broad St,San Luis Obispo,CA,93401-7015,35.25031280517578,-120.64204406738281,Overture Places 2026-07-22.0,2026-07-22,open
Vons,594c6716-872d-4eec-9e92-7a6bc92860c8,Vons,1221 S Gaffey St,San Pedro,CA,90731-4014,33.73295593261719,-118.29344940185547,Overture Places 2026-07-22.0,2026-07-22,open
Vons,00bdc2d8-07f3-4ae1-8e33-bdefe8510a9d,Vons,1440 W 25th St,San Pedro,CA,90732-4418,33.7230339050293,-118.310791015625,Overture Places 2026-07-22.0,2026-07-22,open
Vons,f834efb1-85f5-4b0b-bd88-226a4f5aa849,Vons,3650 S Bristol St,Santa Ana,CA,92704-7302,33.69823455810547,-117.88693237304688,Overture Places 2026-07-22.0,2026-07-22,open
Vons,2d60914c-15fa-4065-ac6d-b2ea21b0e9fd,Vons,163 S Turnpike Rd,Santa Barbara,CA,93111-2208,34.43760681152344,-119.79063415527344,Overture Places 2026-07-22.0,2026-07-22,open
Vons,15bd2388-392a-4505-aba2-3b77ffaf8ef6,Vons,16550 Soledad Canyon Rd,Santa Clarita,CA,91387-3215,34.425716400146484,-118.42513275146484,Overture Places 2026-07-22.0,2026-07-22,open
Vons,07bd8182-5a71-4eaf-905e-3eb2bee43172,Vons,24160 Lyons Ave,Santa Clarita,CA,91321-2442,34.377559661865234,-118.55715942382812,Overture Places 2026-07-22.0,2026-07-22,open
Vons,f07272cb-5e8c-4cbe-b63b-3f7a43c27e5e,Vons,26518 Bouquet Canyon Rd,Santa Clarita,CA,91350-2353,34.427059173583984,-118.53536987304688,Overture Places 2026-07-22.0,2026-07-22,open
Vons,96537a8a-84d7-403a-abd5-60448f868ac2,Vons,1311 Wilshire Blvd,Santa Monica,CA,90403-5410,34.02649688720703,-118.48992156982422,Overture Places 2026-07-22.0,2026-07-22,open
Vons,73c34e3f-0c14-40a7-82ca-903f43cd3ce6,Vons,710 Broadway,Santa Monica,CA,90401-2605,34.01736831665039,-118.49002838134766,Overture Places 2026-07-22.0,2026-07-22,open
Vons,2f4cdd3a-093c-4002-87d3-b39f0a4f5c82,Vons,576 W Main St,Santa Paula,CA,93060-3209,34.34470748901367,-119.08128356933594,Overture Places 2026-07-22.0,2026-07-22,open
Vons,617af73d-5809-4334-ab56-6f6e8dcdc1dd,Vons,9463 Mission Gorge Rd,Santee,CA,92071-3801,32.83848571777344,-116.99202728271484,Overture Places 2026-07-22.0,2026-07-22,open
Vons,2b48a06c-5dcf-4958-b14d-ad938efea3a2,Vons,9643 Mission Gorge Rd,Santee,CA,92071-3807,32.83738708496094,-116.98703002929688,Overture Places 2026-07-22.0,2026-07-22,open
Vons,87e64a52-7796-4031-8059-16bb17b0f3d4,Vons,1855 Cochran St,Simi Valley,CA,93065-2237,34.28019714355469,-118.76277160644531,Overture Places 2026-07-22.0,2026-07-22,open
Vons,bfac15f8-24a6-4898-bfc1-8c71c7df1b08,Vons,2938 Tapo Canyon Rd,Simi Valley,CA,93063-2171,34.287559509277344,-118.715576171875,Overture Places 2026-07-22.0,2026-07-22,open
Vons,3b590e9f-3d68-4965-a774-0a6ee7349f9a,Vons,5805 E Los Angeles Ave,Simi Valley,CA,93063-4256,34.27315139770508,-118.67778778076172,Overture Places 2026-07-22.0,2026-07-22,open
Vons,15f9f71c-56e4-4409-b599-d9fb8e5d875f,Vons,931 Lomas Santa Fe Dr,Solana Beach,CA,92075-1502,32.99406051635742,-117.25452423095703,Overture Places 2026-07-22.0,2026-07-22,open
Vons,55fa3ed6-5e3f-414d-a70e-86aaae6f2c39,Vons,25850 The Old Rd,Stevenson Ranch,CA,91381-1710,34.391136169433594,-118.57233428955078,Overture Places 2026-07-22.0,2026-07-22,open
Vons,380f248a-27b8-4b8e-b4af-8b7a6bba49f7,Vons,4033 Laurel Canyon Blvd,Studio City,CA,91604-2016,34.144500732421875,-118.39611053466797,Overture Places 2026-07-22.0,2026-07-22,open
Vons,53e23aa1-2f14-418a-990f-810083419155,Vons,13730 Foothill Blvd,Sylmar,CA,91342-3104,34.308475494384766,-118.43309020996094,Overture Places 2026-07-22.0,2026-07-22,open
Vons,76ffaa85-98e8-4223-8db6-ed3c681ec0ad,Vons,29530 Rancho California Rd,Temecula,CA,92591-5294,33.505043029785156,-117.14787292480469,Overture Places 2026-07-22.0,2026-07-22,open
Vons,3cf83219-a079-429c-a3f9-317ecc891047,Vons,1790 N Moorpark Rd,Thousand Oaks,CA,91360-5133,34.20160675048828,-118.86695098876953,Overture Places 2026-07-22.0,2026-07-22,open
Vons,90a51689-3bdf-46ea-af28-72ba9f714257,Vons,2048 E Avenida de los Arboles,Thousand Oaks,CA,91362-1356,34.21003723144531,-118.84089660644531,Overture Places 2026-07-22.0,2026-07-22,open
Vons,33af0eb5-6844-4b96-83f3-1d83ca7925c0,Vons,2725 Agoura Rd,Thousand Oaks,CA,91361-3101,34.15193176269531,-118.82595825195312,Overture Places 2026-07-22.0,2026-07-22,open
Vons,195c4c6d-1436-4c8a-ba4c-62e01cd8b1e9,Vons,24325 Crenshaw Blvd,Torrance,CA,90505-5349,33.804988861083984,-118.33027648925781,Overture Places 2026-07-22.0,2026-07-22,open
Vons,25e135c5-5103-4afd-9c50-fe0b21da5b2d,Vons,4705 Torrance Blvd,Torrance,CA,90503-4109,33.83839797973633,-118.36341094970703,Overture Places 2026-07-22.0,2026-07-22,open
Vons,0d56a3c8-932e-42db-8940-9773b98c1b2f,Vons,7789 Foothill Blvd,Tujunga,CA,91042-2137,34.2591667175293,-118.3012924194336,Overture Places 2026-07-22.0,2026-07-22,open
Vons,4858a94d-2365-4789-ba23-9b316eae1548,Vons,81 W Foothill Blvd,Upland,CA,91786-3846,34.10825729370117,-117.65291595458984,Overture Places 2026-07-22.0,2026-07-22,open
Vons,7ce7e409-c688-479f-8777-8f3cd66bbf9a,Vons,115 W Main St,Ventura,CA,93001-2509,34.28225326538086,-119.30243682861328,Overture Places 2026-07-22.0,2026-07-22,open
Vons,e8203721-4825-4623-afec-e5800b528f57,Vons,2433 E Harbor Blvd,Ventura,CA,93001-3904,34.26307678222656,-119.27011108398438,Overture Places 2026-07-22.0,2026-07-22,open
Vons,97127769-a841-486a-9d44-0232bc0fec6f,Vons,2764 E Thompson Blvd,Ventura,CA,93003-2719,34.271324157714844,-119.25942993164062,Overture Places 2026-07-22.0,2026-07-22,open
Vons,87f51f1c-715a-4b36-8968-074c2d11d57d,Vons,5688 Telephone Rd,Ventura,CA,93003-5326,34.26430130004883,-119.21499633789062,Overture Places 2026-07-22.0,2026-07-22,open
Vons,b828aacf-4c75-492f-b239-e4714e359e3c,Vons,6040 Telegraph Rd,Ventura,CA,93003-4372,34.27688217163086,-119.21256256103516,Overture Places 2026-07-22.0,2026-07-22,open
Vons,f6f584ff-6f46-4d10-9946-b1a7755023ef,Vons,12199 Hesperia Rd,Victorville,CA,92395-4756,34.47244644165039,-117.28987121582031,Overture Places 2026-07-22.0,2026-07-22,open
Vons,243be97a-0a73-4232-a370-7b73b4ee57e3,Vons,350 N Lemon Ave,Walnut,CA,91789-2345,34.019508361816406,-117.86412811279297,Overture Places 2026-07-22.0,2026-07-22,open
Vons,7ab5b61d-fcde-4c00-be76-8862b80471f7,Vons,777 S Glendora Ave,West Covina,CA,91790-3707,34.062538146972656,-117.932373046875,Overture Places 2026-07-22.0,2026-07-22,open
Vons,1c4d0806-273f-4172-9b4d-98dfd24b89b3,Vons,15740 La Forge St,Whittier,CA,90603-2334,33.94097900390625,-117.99420928955078,Overture Places 2026-07-22.0,2026-07-22,open
Vons,c15e6ccd-6d34-4a51-83ab-06ed85b10d67,Vons,20445 Yorba Linda Blvd,Yorba Linda,CA,92886,33.89329528808594,-117.7756576538086,Overture Places 2026-07-22.0,2026-07-22,open
Vons,9c5f724a-75a2-4719-99c5-c31aed781195,Vons,33644 Yucaipa Blvd,Yucaipa,CA,92399-2071,34.03529739379883,-117.06991577148438,Overture Places 2026-07-22.0,2026-07-22,open
Vons,7092e689-1f98-4cfd-904d-a0e911d03e85,Vons,57590 Twentynine Palms Hwy,Yucca Valley,CA,92284-2934,34.12670135498047,-116.40826416015625,Overture Places 2026-07-22.0,2026-07-22,open
Whole Foods Market,1b2dd6e7-42ce-4cec-bebc-76bac364c18d,Whole Foods Market,1025 Gilman St,Berkeley,CA,94710-1515,37.88058090209961,-122.29752349853516,Overture Places 2026-07-22.0,2026-07-22,open
Whole Foods Market,2f1425ab-38f1-4ee8-8be1-f7eecf420ec0,Whole Foods Market,3000 Telegraph Ave,Berkeley,CA,94705-2014,37.85550308227539,-122.26022338867188,Overture Places 2026-07-22.0,2026-07-22,open
Whole Foods Market,0b125587-7705-43f7-8780-3e443fbfc877,Whole Foods Market,239 N Crescent Dr,Beverly Hills,CA,90210-4821,34.06940841674805,-118.39816284179688,Overture Places 2026-07-22.0,2026-07-22,open
Whole Foods Market,88f0c6a8-fde2-459c-a001-955c91ce828a,Whole Foods Market,3401 W Olive Ave,Burbank,CA,91505-4615,34.154510498046875,-118.33720397949219,Overture Places 2026-07-22.0,2026-07-22,open
Whole Foods Market,237d5db7-d928-450f-9ff8-e2bd2d64320c,Whole Foods Market,1690 S Bascom Ave,Campbell,CA,95008-0606,37.29304504394531,-121.93060302734375,Overture Places 2026-07-22.0,2026-07-22,open
Whole Foods Market,b3c28d89-ee81-449d-915c-cb78dc51eb4d,Whole Foods Market,1710 41st Ave,Capitola,CA,95010-2503,36.97427749633789,-121.96372985839844,Overture Places 2026-07-22.0,2026-07-22,open
Whole Foods Market,7a5837e9-1398-45c5-a974-69dd4a50f131,Whole Foods Market,2085 Diamond Blvd,Concord,CA,94520-5831,37.97410583496094,-122.05880737304688,Overture Places 2026-07-22.0,2026-07-22,open
Whole Foods Market,e9ccb0e1-1fe7-4d4e-8067-ada045d08257,Whole Foods Market,20955 Stevens Creek Blvd,Cupertino,CA,95014-2107,37.32358932495117,-122.0396957397461,Overture Places 2026-07-22.0,2026-07-22,open
Whole Foods Market,e6c6b67f-198f-4e54-80b5-72ac71154408,Whole Foods Market,5200 Dublin Blvd,Dublin,CA,94568-7133,37.7056770324707,-121.8898696899414,Overture Places 2026-07-22.0,2026-07-22,open
Whole Foods Market,6289045e-a668-4997-837b-e64a0279cf32,Whole Foods Market,760 S Sepulveda Blvd,El Segundo,CA,90245-4717,33.906463623046875,-118.39288330078125,Overture Places 2026-07-22.0,2026-07-22,open
Whole Foods Market,a280c696-625f-47b4-b39b-37200c5f0a5c,Whole Foods Market,3111 Mowry Ave,Fremont,CA,94538-1505,37.5549430847168,-121.98512268066406,Overture Places 2026-07-22.0,2026-07-22,open
Whole Foods Market,76e89b37-4c75-4ae4-84bf-233d76166743,Whole Foods Market,650 W Shaw Ave,Fresno,CA,93704-2424,36.80927276611328,-119.8055191040039,Overture Places 2026-07-22.0,2026-07-22,open
Whole Foods Market,4f01ab0f-d05c-4007-9195-45fb3897c3f2,Whole Foods Market,331 N Glendale Ave,Glendale,CA,91206-3759,34.15119171142578,-118.24581909179688,Overture Places 2026-07-22.0,2026-07-22,open
Whole Foods Market,fab8931c-94ed-4432-85a6-9054cfb960e7,Whole Foods Market,10081 Adams Ave,Huntington Beach,CA,92646-4904,33.673362731933594,-117.9525146484375,Overture Places 2026-07-22.0,2026-07-22,open
Whole Foods Market,37b15a92-aca1-421c-9ee4-fab0d455634d,Whole Foods Market,7881 Edinger Ave,Huntington Beach,CA,92647-7637,33.7310676574707,-117.99053955078125,Overture Places 2026-07-22.0,2026-07-22,open
Whole Foods Market,126cd370-85fc-48da-bbcc-08c4e60bac92,Whole Foods Market,8525 Irvine Center Dr,Irvine,CA,92618,33.64615249633789,-117.74465942382812,Overture Places 2026-07-22.0,2026-07-22,open
Whole Foods Market,3f14971e-1248-4938-863b-e7b8d46dbba0,Whole Foods Market,3502 Mt Diablo Blvd,Lafayette,CA,94549-3852,37.893306732177734,-122.11715698242188,Overture Places 2026-07-22.0,2026-07-22,open
Whole Foods Market,d8053814-1411-4911-90da-5359d73d8841,Whole Foods Market,3881 N Lakewood Blvd,Long Beach,CA,90808-1727,33.82981491088867,-118.14413452148438,Overture Places 2026-07-22.0,2026-07-22,open
Whole Foods Market,f8ebf8d4-7d87-4de1-8af5-826893869064,Whole Foods Market,6400 E Pacific Coast Hwy,Long Beach,CA,90803-4204,33.757423400878906,-118.11139678955078,Overture Places 2026-07-22.0,2026-07-22,open
Whole Foods Market,007435a1-d356-473e-915a-58eaf0450af6,Whole Foods Market,4800 W El Camino Real,Los Altos,CA,94022-1407,37.3990364074707,-122.11060333251953,Overture Places 2026-07-22.0,2026-07-22,open
Whole Foods Market,aaa45fef-8b15-4bc4-a24f-f59516f62476,Whole Foods Market,1050 Gayley Ave,Los Angeles,CA,90024-3402,34.06120681762695,-118.44702911376953,Overture Places 2026-07-22.0,2026-07-22,open
Whole Foods Market,a6bd769a-0f49-4104-b8cb-1ab56df03c17,Whole Foods Market,11666 National Blvd,Los Angeles,CA,90064-3802,34.02261734008789,-118.43806457519531,Overture Places 2026-07-22.0,2026-07-22,open
Whole Foods Market,4e63be8e-0ebc-4584-b5c7-3226a3bd8086,Whole Foods Market,11737 San Vicente Blvd,Los Angeles,CA,90049-5140,34.053619384765625,-118.46731567382812,Overture Places 2026-07-22.0,2026-07-22,open
Whole Foods Market,376c667e-6094-4cfa-a0f9-367327a635fe,Whole Foods Market,20209 Rinaldi St,Los Angeles,CA,91326-4939,34.275840759277344,-118.57440185546875,Overture Places 2026-07-22.0,2026-07-22,open
Whole Foods Market,984673da-f24a-4be7-b127-06c723ec6a60,Whole Foods Market,2520 Glendale Blvd,Los Angeles,CA,90039-3220,34.10293197631836,-118.25853729248047,Overture Places 2026-07-22.0,2026-07-22,open
Whole Foods Market,6044e1ed-043e-4250-8b0b-1e23c9215c36,Whole Foods Market,6350 W 3rd St,Los Angeles,CA,90036-3155,34.07036590576172,-118.36071014404297,Overture Places 2026-07-22.0,2026-07-22,open
Whole Foods Market,37f94609-caa5-4ec1-b1fb-079308d2b087,Whole Foods Market,788 S Grand Ave,Los Angeles,CA,90017-3813,34.04595947265625,-118.2574691772461,Overture Places 2026-07-22.0,2026-07-22,open
Whole Foods Market,e4d9a8d1-bf1c-44aa-aaf7-ad8897297468,Whole Foods Market,15980 Los Gatos Blvd,Los Gatos,CA,95032-3424,37.23616409301758,-121.96173095703125,Overture Places 2026-07-22.0,2026-07-22,open
Whole Foods Market,58083792-c749-44fd-94f7-372057ed89b7,Whole Foods Market,23401 Civic Center Way,Malibu,CA,90265-3336,34.0382194519043,-118.6863784790039,Overture Places 2026-07-22.0,2026-07-22,open
Whole Foods Market,ac05d33c-fc3d-46b8-ac2e-b1ccbdc757f1,Whole Foods Market,414 Miller Ave,Mill Valley,CA,94941-2904,37.89607620239258,-122.53618621826172,Overture Places 2026-07-22.0,2026-07-22,open
Whole Foods Market,3ef9ae7a-c5a8-4085-a4e0-545d162be7df,Whole Foods Market,731 E Blithedale Ave,Mill Valley,CA,94941-1526,37.90253829956055,-122.52599334716797,Overture Places 2026-07-22.0,2026-07-22,open
Whole Foods Market,32db95e5-f2ad-4503-b75b-2dd356ba836c,Whole Foods Market,800 Del Monte Ctr,Monterey,CA,93940-6100,36.58341979980469,-121.9003677368164,Overture Places 2026-07-22.0,2026-07-22,open
Whole Foods Market,deceadbc-771e-418e-a40f-66a213f1fdbf,Whole Foods Market,3682 Bel Aire Plz,Napa,CA,94558-2831,38.32312774658203,-122.3060531616211,Overture Places 2026-07-22.0,2026-07-22,open
Whole Foods Market,03871967-a212-4219-a767-31910f2ef77d,Whole Foods Market,415 Newport Center Dr,Newport Beach,CA,92660-6936,33.616695404052734,-117.87395477294922,Overture Places 2026-07-22.0,2026-07-22,open
Whole Foods Market,666e4acc-fbba-49b9-83ff-dde5e49fb332,Whole Foods Market,790 De Long Ave,Novato,CA,94945-3214,38.10591506958008,-122.5656509399414,Overture Places 2026-07-22.0,2026-07-22,open
Whole Foods Market,d4bf961c-39c9-454e-8ee8-61b3b47b969d,Whole Foods Market,230 Bay Pl,Oakland,CA,94612-3805,37.81269836425781,-122.26092529296875,Overture Places 2026-07-22.0,2026-07-22,open
Whole Foods Market,1a1e0f85-0818-43ba-926a-29a36e69691c,Whole Foods Market,5110 Telegraph Ave,Oakland,CA,94609-1930,37.83762741088867,-122.26201629638672,Overture Places 2026-07-22.0,2026-07-22,open
Whole Foods Market,b6c4e674-12d6-44b7-abd8-90e732ef6cb5,Whole Foods Market,650 Town Center Dr,Oxnard,CA,93036-1120,34.2401123046875,-119.1794204711914,Overture Places 2026-07-22.0,2026-07-22,open
Whole Foods Market,d7ecc582-3791-4c6e-af4e-e3cdaba1becc,Whole Foods Market,44459 Town Center Way,Palm Desert,CA,92260-2729,33.72536087036133,-116.39981079101562,Overture Places 2026-07-22.0,2026-07-22,open
Whole Foods Market,b38f2b79-ecd8-4956-b8d5-a4a5ea44b4e9,Whole Foods Market,774 Emerson St,Palo Alto,CA,94301-2410,37.44227981567383,-122.1593246459961,Overture Places 2026-07-22.0,2026-07-22,open
Whole Foods Market,82b7e665-bd5f-413e-87f3-6abc0fe0bad5,Whole Foods Market,3751 E Foothill Blvd,Pasadena,CA,91107-2202,34.15103530883789,-118.07223510742188,Overture Places 2026-07-22.0,2026-07-22,open
Whole Foods Market,25ba60cf-def2-489d-9c02-bafadc53a96e,Whole Foods Market,621 E Washington St,Petaluma,CA,94952-3219,38.24121856689453,-122.63447570800781,Overture Places 2026-07-22.0,2026-07-22,open
Whole Foods Market,5984553e-802e-415e-9f2a-ebaea4b40d9c,Whole Foods Market,12746 W Jefferson Blvd,Playa Vista,CA,90094-2776,33.97659683227539,-118.41797637939453,Overture Places 2026-07-22.0,2026-07-22,open
Whole Foods Market,f039cb84-817a-4215-9b42-e4a35d8bae7e,Whole Foods Market,405 N Pacific Coast Hwy,Redondo Beach,CA,90277-2840,33.84747314453125,-118.38939666748047,Overture Places 2026-07-22.0,2026-07-22,open
Whole Foods Market,dfa82907-cc48-4c45-b703-db6ebfbd48aa,Whole Foods Market,1250 Jefferson Ave,Redwood City,CA,94062-1019,37.48231887817383,-122.23160552978516,Overture Places 2026-07-22.0,2026-07-22,open
Whole Foods Market,36c94a85-17cc-4839-a9ff-2e02448f2523,Whole Foods Market,1001 Galleria Blvd,Roseville,CA,95678-1357,38.76740646362305,-121.2672119140625,Overture Places 2026-07-22.0,2026-07-22,open
Whole Foods Market,928906fb-edc8-45d9-83b1-948d21629f2d,Whole Foods Market,4315 Arden Way,Sacramento,CA,95864-3102,38.596397399902344,-121.36370849609375,Overture Places 2026-07-22.0,2026-07-22,open
Whole Foods Market,2d11b195-ab00-4396-b5b6-958424ae6b92,Whole Foods Market,2600 Via de La Valle,San Diego,CA,92014-1992,32.98115158081055,-117.25196838378906,Overture Places 2026-07-22.0,2026-07-22,open
Whole Foods Market,6aa00d84-f8a4-4983-b3c7-e2928d3d97bf,Whole Foods Market,711 University Ave,San Diego,CA,92103-3202,32.74796676635742,-117.15814971923828,Overture Places 2026-07-22.0,2026-07-22,open
Whole Foods Market,eac8e773-1de4-43e0-b855-099c18b2b0a7,Whole Foods Market,8825 Villa La Jolla Dr,San Diego,CA,92037-1949,32.86874771118164,-117.23062896728516,Overture Places 2026-07-22.0,2026-07-22,open
Whole Foods Market,7eb4bc4c-4541-42c3-a892-74741a7efce1,Whole Foods Market,1150 Ocean Ave,San Francisco,CA,94112-1843,37.723758697509766,-122.45472717285156,Overture Places 2026-07-22.0,2026-07-22,open
Whole Foods Market,e1c5a1d4-b4cc-4270-9e2c-66880ae533b8,Whole Foods Market,1765 California St,San Francisco,CA,94109-4509,37.790096282958984,-122.42340850830078,Overture Places 2026-07-22.0,2026-07-22,open
Whole Foods Market,930bb7a7-2015-4328-9513-b30fdd44ef7a,Whole Foods Market,2001 Market St,San Francisco,CA,94114-1316,37.76874542236328,-122.42704010009766,Overture Places 2026-07-22.0,2026-07-22,open
Whole Foods Market,87b9ca27-46a2-4efc-a4b8-2f793f333179,Whole Foods Market,3251 20th Ave,San Francisco,CA,94132-1900,37.729278564453125,-122.47620391845703,Overture Places 2026-07-22.0,2026-07-22,open
Whole Foods Market,6b3a2779-03b5-425b-a131-ebf63c4df02e,Whole Foods Market,3950 24th St,San Francisco,CA,94114-3704,37.75191116333008,-122.43089294433594,Overture Places 2026-07-22.0,2026-07-22,open
Whole Foods Market,495b3b0e-cecc-4d6a-b18a-2acb50ef2922,Whole Foods Market,399 4th St,San Francisco,CA,94107-1236,37.781314849853516,-122.3994369506836,Overture Places 2026-07-22.0,2026-07-22,open
Whole Foods Market,ccb93a93-106f-46a2-b708-346092bad0e7,Whole Foods Market,450 Rhode Island St,San Francisco,CA,94107-2320,37.76433181762695,-122.40277099609375,Overture Places 2026-07-22.0,2026-07-22,open
Whole Foods Market,abb4d8c1-fd4d-49e6-b128-0c4caaa69906,Whole Foods Market,690 Stanyan St,San Francisco,CA,94117-1863,37.76948547363281,-122.45294189453125,Overture Places 2026-07-22.0,2026-07-22,open
Whole Foods Market,1cc9a0bb-4ce6-4d1b-aebe-760c6903d7f1,Whole Foods Market,1146 Blossom Hill Rd,San Jose,CA,95118-3113,37.249542236328125,-121.87683868408203,Overture Places 2026-07-22.0,2026-07-22,open
Whole Foods Market,c9d9135d-447e-45a8-bfbf-86566b3f82cb,Whole Foods Market,777 The Alameda,San Jose,CA,95126-3155,37.33216094970703,-121.90475463867188,Overture Places 2026-07-22.0,2026-07-22,open
Whole Foods Market,eaf25feb-02da-48b4-b192-0d310393e8a3,Whole Foods Market,1531 Froom Ranch Way,San Luis Obispo,CA,93405-7211,35.250755310058594,-120.68712615966797,Overture Places 2026-07-22.0,2026-07-22,open
Whole Foods Market,c866f468-e38b-49a8-a42f-b9aa70b68b7e,Whole Foods Market,1010 Park Pl,San Mateo,CA,94403-1572,37.544151306152344,-122.29158020019531,Overture Places 2026-07-22.0,2026-07-22,open
Whole Foods Market,3ab1740a-3a18-4992-9f8e-8847b0fca9b3,Whole Foods Market,340 3rd St,San Rafael,CA,94901-5604,37.97135543823242,-122.51685333251953,Overture Places 2026-07-22.0,2026-07-22,open
Whole Foods Market,3e66950c-bfe8-43b0-832e-5956e0bac65a,Whole Foods Market,100 Sunset Dr,San Ramon,CA,94583-2340,37.7618293762207,-121.96134185791016,Overture Places 2026-07-22.0,2026-07-22,open
Whole Foods Market,e88bf722-0305-4d46-88e0-12a783a77d36,Whole Foods Market,3761 State St,Santa Barbara,CA,93105-3116,34.43937301635742,-119.74535369873047,Overture Places 2026-07-22.0,2026-07-22,open
Whole Foods Market,f3e59fe0-4ce4-446b-9da2-d556affeeb5e,Whole Foods Market,2732 Augustine Dr,Santa Clara,CA,95054-2901,37.38103485107422,-121.9759292602539,Overture Places 2026-07-22.0,2026-07-22,open
Whole Foods Market,4a6c9fd9-2baf-400c-94eb-c5e6cc336caf,Whole Foods Market,24130 Valencia Blvd,Santa Clarita,CA,91355-5392,34.41261672973633,-118.55596160888672,Overture Places 2026-07-22.0,2026-07-22,open
Whole Foods Market,4807f41b-5ec6-4422-9803-07b93ea1812c,Whole Foods Market,911 Soquel Ave,Santa Cruz,CA,95062-2122,36.97882843017578,-122.01448059082031,Overture Places 2026-07-22.0,2026-07-22,open
Whole Foods Market,28cfae47-0020-4715-a3c7-6d221191a521,Whole Foods Market,1425 Montana Ave,Santa Monica,CA,90403-1711,34.03288269042969,-118.49474334716797,Overture Places 2026-07-22.0,2026-07-22,open
Whole Foods Market,e4eae277-e42b-4ddd-9403-9d140a517812,Whole Foods Market,2121 Cloverfield Blvd,Santa Monica,CA,90404-5226,34.02211380004883,-118.46559143066406,Overture Places 2026-07-22.0,2026-07-22,open
Whole Foods Market,c70c957d-8bf1-4bb9-a729-3ad508239996,Whole Foods Market,2201 Wilshire Blvd,Santa Monica,CA,90403-5705,34.033241271972656,-118.4813461303711,Overture Places 2026-07-22.0,2026-07-22,open
Whole Foods Market,e3ab20c1-e12d-4c78-a12f-758059530e88,Whole Foods Market,1181 Yulupa Ave,Santa Rosa,CA,95405-7217,38.442344665527344,-122.6746826171875,Overture Places 2026-07-22.0,2026-07-22,open
Whole Foods Market,c24f9176-38c0-4494-847d-33e133af573f,Whole Foods Market,390 Coddingtown Ctr,Santa Rosa,CA,95401-3507,38.45785903930664,-122.73139190673828,Overture Places 2026-07-22.0,2026-07-22,open
Whole Foods Market,a11b0a40-ec9e-454f-9bda-89de0f7cc93a,Whole Foods Market,12905 Riverside Dr,Sherman Oaks,CA,91423-2209,34.15801239013672,-118.4142074584961,Overture Places 2026-07-22.0,2026-07-22,open
Whole Foods Market,44aa4850-09a9-47e8-bd1c-61e01eccd03a,Whole Foods Market,14311 Ventura Blvd,Sherman Oaks,CA,91423-2716,34.150630950927734,-118.44487762451172,Overture Places 2026-07-22.0,2026-07-22,open
Whole Foods Market,7de27621-7da4-4e8f-8ec6-647a519478b2,Whole Foods Market,4520 Sepulveda Blvd,Sherman Oaks,CA,91403-4046,34.15182113647461,-118.46662139892578,Overture Places 2026-07-22.0,2026-07-22,open
Whole Foods Market,639019cf-000a-47d0-b4f7-2352d4d0321a,Whole Foods Market,201 W Napa St,Sonoma,CA,95476-6621,38.291316986083984,-122.4625473022461,Overture Places 2026-07-22.0,2026-07-22,open
Whole Foods Market,087045ea-ee3b-4b22-8c8a-9503243426cc,Whole Foods Market,3600 Lake Tahoe Blvd,South Lake Tahoe,CA,96150-8942,38.947296142578125,-119.95922088623047,Overture Places 2026-07-22.0,2026-07-22,open
Whole Foods Market,6c2aa1dd-cf55-429c-a3f1-0e64db22a5c6,Whole Foods Market,150 E McKinley Ave,Sunnyvale,CA,94086,37.37393569946289,-122.03144073486328,Overture Places 2026-07-22.0,2026-07-22,open
Whole Foods Market,b10fded6-09f9-4dd2-aaea-daeedddcedd7,Whole Foods Market,740 N Moorpark Rd,Thousand Oaks,CA,91360-3705,34.18773651123047,-118.87348937988281,Overture Places 2026-07-22.0,2026-07-22,open
Whole Foods Market,13d38b66-d912-44df-9e6f-f8722c66d7a8,Whole Foods Market,2771 El Camino Real,Tustin,CA,92782-8907,33.72544479370117,-117.79535675048828,Overture Places 2026-07-22.0,2026-07-22,open
Whole Foods Market,8e728521-66b0-4600-85ab-3106cfc6812a,Whole Foods Market,2847 Park Ave,Tustin,CA,92782-2711,33.69656753540039,-117.82577514648438,Overture Places 2026-07-22.0,2026-07-22,open
Whole Foods Market,f7441189-bd8d-4a5d-ad7b-cbe4a492aa77,Whole Foods Market,2153 E Base Line Rd,Upland,CA,91784,34.12286376953125,-117.69258117675781,Overture Places 2026-07-22.0,2026-07-22,open
Whole Foods Market,515da6ad-1fbe-4ee8-bcd4-19d34c43256d,Whole Foods Market,225 Lincoln Blvd,Venice,CA,90291-2809,34.00122833251953,-118.46984100341797,Overture Places 2026-07-22.0,2026-07-22,open
Whole Foods Market,3ca87b2f-efcd-40b2-ba92-b98ffa3e4746,Whole Foods Market,1333 Newell Ave,Walnut Creek,CA,94596-5315,37.892757415771484,-122.05536651611328,Overture Places 2026-07-22.0,2026-07-22,open
Whole Foods Market,ef72f0d0-5a53-44d3-b34b-3b597bd3392d,Whole Foods Market,2941 Ygnacio Valley Rd,Walnut Creek,CA,94598-3535,37.925758361816406,-122.01610565185547,Overture Places 2026-07-22.0,2026-07-22,open
Whole Foods Market,02f43e54-c554-4919-98bb-527863aed0d8,Whole Foods Market,7871 Santa Monica Blvd,West Hollywood,CA,90046-5344,34.09149169921875,-118.36078643798828,Overture Places 2026-07-22.0,2026-07-22,open
Whole Foods Market,60a5cbe0-67d3-4152-80c5-d32396eaa9d5,Whole Foods Market,21347 Ventura Blvd,Woodland Hills,CA,91364-2007,34.16825866699219,-118.59683227539062,Overture Places 2026-07-22.0,2026-07-22,open
