brand,store_id,store_name,address,city,state,postal_code,latitude,longitude,source,source_date,license_status,review_status,review_reason
Costco,5b54a6b0-8c79-4836-8bb9-8076d952c116,Costco,2207 W Commonwealth Ave,Alhambra,CA,91803-1302,34.08930587768555,-118.14820098876953,Overture Places 2026-07-22.0,2026-07-22,open,packet_ready,primary_store_candidate
Costco,fe85b72b-9277-46d5-8d84-25bdc3ea7e6d,Costco,2201 Verne Roberts Cir,Antioch,CA,94509-7911,38.008853912353516,-121.83644104003906,Overture Places 2026-07-22.0,2026-07-22,open,packet_ready,primary_store_candidate
Costco,dee0be8a-693e-44cc-bf91-cf2a410e226d,Costco,1220 W Foothill Blvd,Azusa,CA,91702-2819,34.132083892822266,-117.92609405517578,Overture Places 2026-07-22.0,2026-07-22,open,packet_ready,primary_store_candidate
Costco,fa27aa31-9e5b-44eb-a65d-8b983241db16,Costco,3800 Rosedale Hwy,Bakersfield,CA,93308-6235,35.3850212097168,-119.0486068725586,Overture Places 2026-07-22.0,2026-07-22,open,packet_ready,primary_store_candidate
Costco,a24bf008-dd50-489c-9e4d-0dd9bbb2db0a,Costco,4900 Panama Ln,Bakersfield,CA,93313-3479,35.297340393066406,-119.05781555175781,Overture Places 2026-07-22.0,2026-07-22,open,packet_ready,primary_store_candidate
Costco,90198056-ff38-498e-8999-61f237f8dd92,Costco,1051 W Burbank Blvd,Burbank,CA,91506-1421,34.18531036376953,-118.32376098632812,Overture Places 2026-07-22.0,2026-07-22,open,packet_ready,primary_store_candidate
Costco,6d15bae1-1299-41f7-9d13-5f3d7c23a905,Costco,21800 Victory Blvd,Canoga Park,CA,91367-2227,34.186283111572266,-118.60299682617188,Overture Places 2026-07-22.0,2026-07-22,open,packet_ready,primary_store_candidate
Costco,38ebcb69-1bcc-45c9-ac2a-b28a01e24653,Costco,33961 Doheny Park Rd,Capistrano Beach,CA,92675-4835,33.4700813293457,-117.6775131225586,Overture Places 2026-07-22.0,2026-07-22,open,packet_ready,primary_store_candidate
Costco,d9dc0c95-4237-40e5-b579-c9b8f8f8fa3e,Costco,951 Palomar Airport Rd,Carlsbad,CA,92011-1110,33.12041091918945,-117.31616973876953,Overture Places 2026-07-22.0,2026-07-22,open,packet_ready,primary_store_candidate
Costco,8464b8d4-3b47-4164-802e-a8e41317bb22,Costco,2100 Dr Martin Luther King Jr Pkwy,Chico,CA,95928-4422,39.72113800048828,-121.8108139038086,Overture Places 2026-07-22.0,2026-07-22,open,packet_ready,primary_store_candidate
Costco,5652d74b-0e6d-4316-bb4c-5bfb8e70a507,Costco,13111 Peyton Dr,Chino Hills,CA,91709-6002,34.0145378112793,-117.74201965332031,Overture Places 2026-07-22.0,2026-07-22,open,packet_ready,primary_store_candidate
Costco,784bb250-0ba1-4d86-b518-f7218e264952,Costco,1130 Broadway,Chula Vista,CA,91911-2707,32.60810089111328,-117.08300018310547,Overture Places 2026-07-22.0,2026-07-22,open,packet_ready,primary_store_candidate
Costco,15883d72-a8b5-4a22-a7d4-fb3dcb2efe2f,Costco Pharmacy,895 E H St,Chula Vista,CA,91910-7807,32.63758087158203,-117.02230072021484,Overture Places 2026-07-22.0,2026-07-22,open,exclude,brand_false_positive
Costco,8369b03a-221f-4d45-8c7e-ab6f6f397191,Costco,895 E H St,Chula Vista,CA,91910-7807,32.63750457763672,-117.02259063720703,Overture Places 2026-07-22.0,2026-07-22,open,packet_ready,primary_store_candidate
Costco,f4525f71-8115-48fa-bf86-14ed45ae08a4,Costco,7000 Auburn Blvd,Citrus Heights,CA,95621-4342,38.68994903564453,-121.29796600341797,Overture Places 2026-07-22.0,2026-07-22,open,packet_ready,primary_store_candidate
Costco,3e63c22a-2515-4172-b8c3-96079c2f9daa,Costco Gas Station,17550 Castleton St,City of Industry,CA,91748-1701,33.993228912353516,-117.92082977294922,Overture Places 2026-07-22.0,2026-07-22,open,exclude,brand_false_positive
Costco,a6fd83f5-8aa0-4f0b-a26f-ad717525325f,Costco,17550 Castleton St,City of Industry,CA,91748-1701,33.99415588378906,-117.92193603515625,Overture Places 2026-07-22.0,2026-07-22,open,packet_ready,primary_store_candidate
Costco,e66d336b-d473-4cd9-86b5-71a4f953343b,Costco Pharmacy,17550 Castleton St,City of Industry,CA,91748-1701,33.99431228637695,-117.92242431640625,Overture Places 2026-07-22.0,2026-07-22,open,exclude,brand_false_positive
Costco,008802d4-7caa-47af-8ff6-c21ab079c00c,Costco,2270 Clovis Ave,Clovis,CA,93612-3915,36.80571746826172,-119.7032699584961,Overture Places 2026-07-22.0,2026-07-22,open,packet_ready,primary_store_candidate
Costco,db858a52-d1b3-4045-af64-f2f2efdd3ec9,Costco,6333 Telegraph Rd,Commerce,CA,90040-2513,33.99472427368164,-118.14090728759766,Overture Places 2026-07-22.0,2026-07-22,open,packet_ready,primary_store_candidate
Costco,1a00e853-95d8-44f8-8f9f-53f7ae13d0a1,Costco,2400 Monument Blvd,Concord,CA,94520-3105,37.95772171020508,-122.03327178955078,Overture Places 2026-07-22.0,2026-07-22,open,packet_ready,primary_store_candidate
Costco,4fb078f5-6c84-4a20-9791-378cde016c64,Costco,480 N McKinley St,Corona,CA,92879-1291,33.88644027709961,-117.52420043945312,Overture Places 2026-07-22.0,2026-07-22,open,packet_ready,primary_store_candidate
Costco,544ff17f-7904-4645-859e-0ec1933706d5,Costco Food Court,480 N McKinley St,Corona,CA,92879-1291,33.8867301940918,-117.52391052246094,Overture Places 2026-07-22.0,2026-07-22,open,exclude,brand_false_positive
Costco,89b7b5ef-ae90-4f20-a635-390d6655b4ff,Costco,13463 Washington Blvd,Culver City,CA,90292-5658,33.99266052246094,-118.44647979736328,Overture Places 2026-07-22.0,2026-07-22,open,packet_ready,primary_store_candidate
Costco,3aa89d32-e5b5-4aca-92d7-5c2e8f59101f,Costco,5401 Katella Ave,Cypress,CA,90720-2809,33.804012298583984,-118.03877258300781,Overture Places 2026-07-22.0,2026-07-22,open,packet_ready,primary_store_candidate
Costco,c09ed4e5-6233-409a-b18d-f9374918b1a2,Costco,3150 Fostoria Way,Danville,CA,94526-5553,37.782386779785156,-121.97268676757812,Overture Places 2026-07-22.0,2026-07-22,open,packet_ready,primary_store_candidate
Costco,3f2f151a-37da-42dc-a741-d566fde6a8de,Costco,5030 Hamner Ave,Eastvale,CA,91752-1009,33.99668502807617,-117.55609130859375,Overture Places 2026-07-22.0,2026-07-22,open,packet_ready,primary_store_candidate
Costco,621c8c24-5996-42c5-9138-b22719ea74d7,Costco,2030 N Imperial Ave,El Centro,CA,92243-1323,32.81175994873047,-115.57282257080078,Overture Places 2026-07-22.0,2026-07-22,open,packet_ready,primary_store_candidate
Costco,12ed67d8-300f-4220-8e30-5effee98902d,Costco,7400 Elk Grove Blvd,Elk Grove,CA,95758,38.406410217285156,-121.41395568847656,Overture Places 2026-07-22.0,2026-07-22,open,packet_ready,primary_store_candidate
Costco,96a25331-4843-41db-82cb-07af503ff5e1,Costco,1006 W Wabash Ave,Eureka,CA,95501-2121,40.79243469238281,-124.18244171142578,Overture Places 2026-07-22.0,2026-07-22,open,packet_ready,primary_store_candidate
Costco,1bff193b-e432-41ab-a76b-1cd4e03ec864,Costco,5101 Business Center Dr,Fairfield,CA,94534-1624,38.21524429321289,-122.14481353759766,Overture Places 2026-07-22.0,2026-07-22,open,packet_ready,primary_store_candidate
Costco,b28aebe2-c96d-4084-8bc2-72fba63bf4bb,Costco,1800 Cavitt Dr,Folsom,CA,95630-6235,38.644927978515625,-121.10969543457031,Overture Places 2026-07-22.0,2026-07-22,open,packet_ready,primary_store_candidate
Costco,3d2e5fb3-e32d-476e-b485-55593c7d8497,Costco,16505 Sierra Lakes Pkwy,Fontana,CA,92336-1256,34.137794494628906,-117.44254302978516,Overture Places 2026-07-22.0,2026-07-22,open,packet_ready,primary_store_candidate
Costco,12a79628-09e8-42ae-beea-1b0821f185ae,Costco,1001 Metro Center Blvd,Foster City,CA,94404-2177,37.561744689941406,-122.2742691040039,Overture Places 2026-07-22.0,2026-07-22,open,packet_ready,primary_store_candidate
Costco,2483e723-2455-4134-99c3-326454bc0c39,Costco,17900 Newhope St,Fountain Valley,CA,92708-5422,33.70307922363281,-117.93187713623047,Overture Places 2026-07-22.0,2026-07-22,open,packet_ready,primary_store_candidate
Costco,00d7a5cc-4656-4108-a04e-883af284e33f,Costco,43621 Pacific Commons Blvd,Fremont,CA,94538-3809,37.50249481201172,-121.97309112548828,Overture Places 2026-07-22.0,2026-07-22,open,packet_ready,primary_store_candidate
Costco,0db2b8c6-5bd3-4a84-be27-74adc39d3eba,Costco,4500 W Shaw Ave,Fresno,CA,93722-6200,36.80954360961914,-119.87359619140625,Overture Places 2026-07-22.0,2026-07-22,open,packet_ready,primary_store_candidate
Costco,2a771796-f880-469d-93ec-775597b00bb4,Costco,7100 N Abby St,Fresno,CA,93720-2920,36.839054107666016,-119.78817749023438,Overture Places 2026-07-22.0,2026-07-22,open,packet_ready,primary_store_candidate
Costco,a8351c75-a533-4467-a1d7-e898ccb24768,Costco Tire Service Center,900 S Harbor Blvd,Fullerton,CA,92832-3025,33.862396240234375,-117.92269897460938,Overture Places 2026-07-22.0,2026-07-22,open,exclude,brand_false_positive
Costco,aacce817-89c3-4b83-b342-656c536db0fa,Costco,900 S Harbor Blvd,Fullerton,CA,92832-3025,33.86213684082031,-117.92245483398438,Overture Places 2026-07-22.0,2026-07-22,open,packet_ready,primary_store_candidate
Costco,1aa5cf1d-afea-474f-9b94-67982e5c4147,Costco,11000 Garden Grove Blvd,Garden Grove,CA,92843-1206,33.77295684814453,-117.94112396240234,Overture Places 2026-07-22.0,2026-07-22,open,packet_ready,primary_store_candidate
Costco,c1246d20-d841-4347-9995-69028ea404b9,Costco Pharmacy,11000 Garden Grove Blvd,Garden Grove,CA,92843-1206,33.77267837524414,-117.94039154052734,Overture Places 2026-07-22.0,2026-07-22,open,exclude,brand_false_positive
Costco,dcdb7c69-da6b-42c4-8da4-7583eb78bc8c,Costco,7251 Camino Arroyo,Gilroy,CA,95020-7340,37.00807571411133,-121.55555725097656,Overture Places 2026-07-22.0,2026-07-22,open,packet_ready,primary_store_candidate
Costco,f14e528c-ef9b-4a02-80c3-afcef40e7d28,Costco,7095 Market Place Dr,Goleta,CA,93117-5905,34.42833709716797,-119.87437438964844,Overture Places 2026-07-22.0,2026-07-22,open,packet_ready,primary_store_candidate
Costco,86639a13-bfbd-4eb3-b638-f4d144e4f13a,Costco,28000 GREENSPOT RD,HIGHLAND,CA,92346-4450,34.10945510864258,-117.19178009033203,Overture Places 2026-07-22.0,2026-07-22,open,packet_ready,primary_store_candidate
Costco,98bf4d21-9c42-411d-a40e-4bcb8aae7529,Costco,2395 E Lacey Blvd,Hanford,CA,93230-4740,36.32597732543945,-119.60674285888672,Overture Places 2026-07-22.0,2026-07-22,open,packet_ready,primary_store_candidate
Costco,124a317f-adda-4c49-91c2-2a83194f195f,Costco,12530 Prairie Ave,Hawthorne,CA,90250-4638,33.91862869262695,-118.3431396484375,Overture Places 2026-07-22.0,2026-07-22,open,packet_ready,primary_store_candidate
Costco,67459880-425a-411a-916d-b8107379bf3a,Costco,14501 Hindry Ave,Hawthorne,CA,90250-6748,33.89967346191406,-118.37370300292969,Overture Places 2026-07-22.0,2026-07-22,open,packet_ready,primary_store_candidate
Costco,8f5f296c-b2c3-4ffe-8e29-d5c5cf96c52a,Costco Pharmacy,14501 Hindry Ave,Hawthorne,CA,90250-6748,33.899497985839844,-118.37315368652344,Overture Places 2026-07-22.0,2026-07-22,open,exclude,brand_false_positive
Costco,fb14603f-355c-4373-92e5-60a64062b7f0,Costco,22330 Hathaway Ave,Hayward,CA,94541-4861,37.6675910949707,-122.10305786132812,Overture Places 2026-07-22.0,2026-07-22,open,packet_ready,primary_store_candidate
Costco,e19d0883-0cdc-468f-a508-d65123030be6,Costco,28505 Hesperian Blvd,Hayward,CA,94545-5008,37.61542510986328,-122.08965301513672,Overture Places 2026-07-22.0,2026-07-22,open,packet_ready,primary_store_candidate
Costco,dbb16241-006e-4463-a97a-9c3ce33394f0,Costco,7562 Center Ave,Huntington Beach,CA,92647-3002,33.733131408691406,-117.9962158203125,Overture Places 2026-07-22.0,2026-07-22,open,packet_ready,primary_store_candidate
Costco,aa2cf9b8-e8fa-4f08-b699-75645181b8c6,Costco,115 Technology Dr,Irvine,CA,92618-2408,33.660396575927734,-117.74492645263672,Overture Places 2026-07-22.0,2026-07-22,open,packet_ready,primary_store_candidate
Costco,4d8caa6d-cb75-437b-a35c-03f2effb1bca,Costco,101 N Beach Blvd,La Habra,CA,90631-4468,33.93268585205078,-117.96979522705078,Overture Places 2026-07-22.0,2026-07-22,open,packet_ready,primary_store_candidate
Costco,3f762daf-763d-4ac9-8cce-a879bbfb3c54,Costco,8125 Fletcher Pkwy,La Mesa,CA,91942-2934,32.773807525634766,-117.02483367919922,Overture Places 2026-07-22.0,2026-07-22,open,packet_ready,primary_store_candidate
Costco,7db53d5a-0409-46bc-92f8-f61398761f84,Costco,79795 Highway 111,La Quinta,CA,92253-4756,33.70460510253906,-116.27310180664062,Overture Places 2026-07-22.0,2026-07-22,open,packet_ready,primary_store_candidate
Costco,84ca3d11-0a5d-44cc-ae23-08d6baa9599a,Costco,27220 Heather Ridge Rd,Laguna Niguel,CA,92677-3418,33.56735610961914,-117.71149444580078,Overture Places 2026-07-22.0,2026-07-22,open,packet_ready,primary_store_candidate
Costco,d00062e0-e6ae-4151-b40b-115b847c2faa,Costco Tire Center,27220 Heather Ridge Rd,Laguna Niguel,CA,92677-3418,33.56731414794922,-117.71099853515625,Overture Places 2026-07-22.0,2026-07-22,open,exclude,brand_false_positive
Costco,d768d0c6-7183-48d0-a2c0-9ca53d2d26c7,Costco,27972 Cabot Rd,Laguna Niguel,CA,92677-1211,33.55546951293945,-117.67660522460938,Overture Places 2026-07-22.0,2026-07-22,open,packet_ready,primary_store_candidate
Costco,be02e68e-89b8-4538-8b37-901578c6e246,Costco,29315 Central Ave,Lake Elsinore,CA,92532-2212,33.696441650390625,-117.33875274658203,Overture Places 2026-07-22.0,2026-07-22,open,packet_ready,primary_store_candidate
Costco,918b42ec-a79c-4531-a644-71d658256ec4,Costco,340 Lakewood Center Mall,Lakewood,CA,90712-2409,33.84988021850586,-118.13719177246094,Overture Places 2026-07-22.0,2026-07-22,open,packet_ready,primary_store_candidate
Costco,1cf06271-15e8-4b82-8dc2-743048ad6b3f,Costco,1141 W Avenue L,Lancaster,CA,93534-7077,34.6613883972168,-118.1510238647461,Overture Places 2026-07-22.0,2026-07-22,open,packet_ready,primary_store_candidate
Costco,0e40c7c7-0538-4cda-b9e2-b56fc2c404e2,Costco,2800 Independence Dr S,Livermore,CA,94551-7628,37.7026481628418,-121.81177520751953,Overture Places 2026-07-22.0,2026-07-22,open,packet_ready,primary_store_candidate
Costco,6bc60e48-53c0-4613-934c-519d2150afa4,Costco,2680 Reynolds Ranch Pkwy,Lodi,CA,95240-6848,38.10004425048828,-121.26367950439453,Overture Places 2026-07-22.0,2026-07-22,open,packet_ready,primary_store_candidate
Costco,0fd87f52-510c-4c09-9b11-587888b066c4,Costco,11428 Sherman Way,Los Angeles,CA,91605-5807,34.20002746582031,-118.37993621826172,Overture Places 2026-07-22.0,2026-07-22,open,packet_ready,primary_store_candidate
Costco,9d34134d-3979-4a93-8e18-f040e5012599,Costco Optical Department,21800 Victory Blvd,Los Angeles,CA,91367-2227,34.18632888793945,-118.6034927368164,Overture Places 2026-07-22.0,2026-07-22,open,exclude,brand_false_positive
Costco,bb6325b9-f6ec-4806-a157-2528ccd54f1b,Costco Food Court,2901 Los Feliz Blvd,Los Angeles,CA,90039,34.12896728515625,-118.26399993896484,Overture Places 2026-07-22.0,2026-07-22,open,exclude,brand_false_positive
Costco,32aab3f3-842c-4503-955e-dcbdb5c09ff9,Costco,2440 Daniels St,Manteca,CA,95337-6745,37.78593826293945,-121.26029968261719,Overture Places 2026-07-22.0,2026-07-22,open,packet_ready,primary_store_candidate
Costco,7494a7c2-5dfe-4f85-9ba3-8269787f84c8,Costco,1445 R St,Merced,CA,95340-5850,37.302947998046875,-120.49689483642578,Overture Places 2026-07-22.0,2026-07-22,open,packet_ready,primary_store_candidate
Costco,d9e1e0d2-5e82-4bf4-beec-54ed61b82b14,Costco ENTER HERE,11600 Riverside Dr,Mira Loma,CA,91752-1498,34.01750946044922,-117.53589630126953,Overture Places 2026-07-22.0,2026-07-22,open,packet_ready,primary_store_candidate
Costco,d5120d7f-9817-432d-ad99-6f55b717afcb,Costco,3801 Pelandale Ave,Modesto,CA,95356-8300,37.70203399658203,-121.06729125976562,Overture Places 2026-07-22.0,2026-07-22,open,packet_ready,primary_store_candidate
Costco,eefab834-f974-4848-ada1-9cf51c421e29,Costco,9404 Central Ave,Montclair,CA,91763-2421,34.083045959472656,-117.69023132324219,Overture Places 2026-07-22.0,2026-07-22,open,packet_ready,primary_store_candidate
Costco,b970eaac-3e90-4a29-88a4-1c6738abe29b,Costco,1345 N Montebello Blvd,Montebello,CA,90640-2585,34.034183502197266,-118.09719848632812,Overture Places 2026-07-22.0,2026-07-22,open,packet_ready,primary_store_candidate
Costco,17708826-9ba9-49a4-9ab3-cbbfa5e648f2,Costco,12700 Day St,Moreno Valley,CA,92553-7521,33.935420989990234,-117.27638244628906,Overture Places 2026-07-22.0,2026-07-22,open,packet_ready,primary_store_candidate
Costco,57895b7d-8ead-4c5a-b6e4-009178967e58,Costco,1000 N Rengstorff Ave,Mountain View,CA,94043-1716,37.420684814453125,-122.0950927734375,Overture Places 2026-07-22.0,2026-07-22,open,packet_ready,primary_store_candidate
Costco,ada972a8-f87e-4205-8391-d156ecf19444,Costco Tire Service Center,1000 N Rengstorff Ave,Mountain View,CA,94043-1716,37.4211540222168,-122.09485626220703,Overture Places 2026-07-22.0,2026-07-22,open,exclude,brand_false_positive
Costco,d7fda8ae-a1ae-4116-8aeb-827e6e038133,Costco,35875 Warm Springs Pkwy,Murrieta,CA,92563,33.59987258911133,-117.17061614990234,Overture Places 2026-07-22.0,2026-07-22,open,packet_ready,primary_store_candidate
Costco,e1ae312a-ee17-4c00-9152-725a648de786,Costco,350 NEWPARK MALL,NEWARK,CA,94560-5201,37.526119232177734,-121.99891662597656,Overture Places 2026-07-22.0,2026-07-22,open,packet_ready,primary_store_candidate
Costco,3cdad2dc-5c7b-4e95-9ddc-1380da85119f,Costco,300 VINTAGE WAY,NOVATO,CA,94945-5007,38.08720016479492,-122.55081176757812,Overture Places 2026-07-22.0,2026-07-22,open,packet_ready,primary_store_candidate
Costco,ab465e67-905e-4ece-9e2b-0813a2a5ca23,Costco,1001 Pier 43 St,National City,CA,91950-5400,32.664405822753906,-117.11418914794922,Overture Places 2026-07-22.0,2026-07-22,open,packet_ready,primary_store_candidate
Costco,3b2f0197-2a21-4ab2-92fa-a619bc664cc2,Costco,8810 Tampa Ave,Northridge,CA,91324-3519,34.23042678833008,-118.55075073242188,Overture Places 2026-07-22.0,2026-07-22,open,packet_ready,primary_store_candidate
Costco,f1923b51-ded4-411d-a25f-835c49a88cfc,Costco,12324 Hoxie Ave,Norwalk,CA,90650-2211,33.91965103149414,-118.10265350341797,Overture Places 2026-07-22.0,2026-07-22,open,packet_ready,primary_store_candidate
Costco,940b078c-5447-4bf0-ade3-eeca62ccec5c,Costco,300 Vintage Way,Novato,CA,94945-5007,38.08720397949219,-122.55081176757812,Overture Places 2026-07-22.0,2026-07-22,open,packet_ready,primary_store_candidate
Costco,ff975d8a-184a-4ed4-a19f-6550b5cb2467,Costco,5640 EAST AIRPORT DR,ONTARIO,CA,91761-0000,34.06171798706055,-117.52949523925781,Overture Places 2026-07-22.0,2026-07-22,open,packet_ready,primary_store_candidate
Costco,be2e1407-f147-48be-a3e1-a27589f854cd,Costco,5691 E Philadelphia St,Ontario,CA,91761-2805,34.03441619873047,-117.52872467041016,Overture Places 2026-07-22.0,2026-07-22,open,packet_ready,primary_store_candidate
Costco,5f7dd70e-1785-4ed3-ae46-7c97c3f8ad7e,Costco,2001 E Ventura Blvd,Oxnard,CA,93036,34.22492218017578,-119.14842987060547,Overture Places 2026-07-22.0,2026-07-22,open,packet_ready,primary_store_candidate
Costco,7329a86d-573a-44fb-9e0d-30c6df38f799,Costco Car Wash Oxnard,2830 Paseo Mercado,Oxnard,CA,93036-8967,34.22611999511719,-119.14908599853516,Overture Places 2026-07-22.0,2026-07-22,open,packet_ready,primary_store_candidate
Costco,222aaa44-9b9f-4357-aeff-18ba758daca5,Costco,13550 Paxton St,Pacoima,CA,91331-2352,34.271728515625,-118.42587280273438,Overture Places 2026-07-22.0,2026-07-22,open,packet_ready,primary_store_candidate
Costco,eecaa6d9-e374-4a3e-b1b1-edb45a7f5ad8,Costco,72800 Dinah Shore Dr,Palm Desert,CA,92211-0814,33.80408477783203,-116.38980865478516,Overture Places 2026-07-22.0,2026-07-22,open,packet_ready,primary_store_candidate
Costco,d63bcae9-dd34-4e4a-9205-6b9c037816c0,Costco,12155 Tech Center Dr,Poway,CA,92064-7156,32.9365234375,-117.0333251953125,Overture Places 2026-07-22.0,2026-07-22,open,packet_ready,primary_store_candidate
Costco,f6827734-541c-4a3f-93c7-e44432059d14,Costco Car Wash,12155 Tech Center Dr,Poway,CA,92064-7156,32.93516159057617,-117.0323715209961,Overture Places 2026-07-22.0,2026-07-22,open,packet_ready,primary_store_candidate
Costco,aa6c4b49-ca5a-4767-88db-2440617f8b65,Costco,11260 White Rock Rd,Rancho Cordova,CA,95742-6571,38.58797836303711,-121.26371765136719,Overture Places 2026-07-22.0,2026-07-22,open,packet_ready,primary_store_candidate
Costco,76ccc0ed-055c-4ab2-b97b-c806a370a33a,Costco,11800 4th St,Rancho Cucamonga,CA,91730-6129,34.078407287597656,-117.54730987548828,Overture Places 2026-07-22.0,2026-07-22,open,packet_ready,primary_store_candidate
Costco,ec120b17-e2f5-4593-ba97-0d1c5a96d028,Costco,2300 Middlefield Rd,Redwood City,CA,94063-2854,37.47926712036133,-122.21647644042969,Overture Places 2026-07-22.0,2026-07-22,open,packet_ready,primary_store_candidate
Costco,7aa4c826-ef89-4dfe-acc5-358986d6e1ac,Costco,4801 Central Ave,Richmond,CA,94804-5801,37.89841842651367,-122.32064819335938,Overture Places 2026-07-22.0,2026-07-22,open,packet_ready,primary_store_candidate
Costco,fce7e77d-5b00-48f5-9c14-ac7373874759,Costco,5901 Redwood Dr,Rohnert Park,CA,94928-2076,38.3527717590332,-122.71673583984375,Overture Places 2026-07-22.0,2026-07-22,open,packet_ready,primary_store_candidate
Costco,8c72d7ed-2498-4926-98b4-302636a8ca1d,Costco,6750 Stanford Ranch Rd,Roseville,CA,95678,38.78041458129883,-121.26731872558594,Overture Places 2026-07-22.0,2026-07-22,open,packet_ready,primary_store_candidate
Costco,e0c408a9-d1a1-44f4-9ac0-c276a7a5d117,Costco,1600 Expo Pkwy,Sacramento,CA,95815-4228,38.59709930419922,-121.45272064208984,Overture Places 2026-07-22.0,2026-07-22,open,packet_ready,primary_store_candidate
Costco,688f80d3-2ffb-4353-8284-f3d4d5039c91,Costco,7981 E Stockton Blvd,Sacramento,CA,95823-9606,38.46844482421875,-121.4144515991211,Overture Places 2026-07-22.0,2026-07-22,open,packet_ready,primary_store_candidate
Costco,b4240138-1eaa-4a0d-8453-f2c2736b64e7,Costco,1339 N Davis Rd,Salinas,CA,93907-1988,36.70378494262695,-121.6683578491211,Overture Places 2026-07-22.0,2026-07-22,open,packet_ready,primary_store_candidate
Costco,39d2d4fd-55a8-40cb-827c-403d7bdd2a57,Costco,1099 E Hospitality Ln,San Bernardino,CA,92408-2813,34.068206787109375,-117.26304626464844,Overture Places 2026-07-22.0,2026-07-22,open,packet_ready,primary_store_candidate
Costco,8c7b963e-1e0a-4cec-9b41-bb4fc1604b5f,Costco Tire Center,1099 E Hospitality Ln,San Bernardino,CA,92408-2813,34.06815719604492,-117.26329803466797,Overture Places 2026-07-22.0,2026-07-22,open,exclude,brand_false_positive
Costco,5c58fcd8-0a7b-4572-85ee-49089ba5c19c,Costco,125 E Caroline St,San Bernardino,CA,92408-3728,34.061317443847656,-117.28124237060547,Overture Places 2026-07-22.0,2026-07-22,open,packet_ready,primary_store_candidate
Costco,9f622186-bcab-42bd-a4d4-eda048dd865b,Costco,12350 Carmel Mountain Rd,San Diego,CA,92128-4616,32.987220764160156,-117.07756805419922,Overture Places 2026-07-22.0,2026-07-22,open,packet_ready,primary_store_candidate
Costco,1edf8680-89c7-4617-a695-01d9988d1468,Costco,2222 Enrico Fermi Dr,San Diego,CA,92154-7296,32.559181213378906,-116.92988586425781,Overture Places 2026-07-22.0,2026-07-22,open,packet_ready,primary_store_candidate
Costco,dcc89b07-e601-4a84-9fe9-3f6d79e3d5a0,Costco,2345 Fenton Pkwy,San Diego,CA,92108-4743,32.78179931640625,-117.12873077392578,Overture Places 2026-07-22.0,2026-07-22,open,packet_ready,primary_store_candidate
Costco,5dfe2c75-ff87-4199-b9aa-8e50fc586f02,Costco Food Court,4605 Morena Blvd,San Diego,CA,92117-3650,32.8217887878418,-117.22461700439453,Overture Places 2026-07-22.0,2026-07-22,open,exclude,brand_false_positive
Costco,7fc9e1b4-2b92-41dd-97d7-88ae7f8e9c25,Costco,4605 Morena Blvd,San Diego,CA,92117-3650,32.82262420654297,-117.22514343261719,Overture Places 2026-07-22.0,2026-07-22,open,packet_ready,primary_store_candidate
Costco,0c3b5aa6-5549-46e1-a2ef-147da7b53022,Costco,650 Gateway Center Dr,San Diego,CA,92102-4530,32.71290969848633,-117.1158676147461,Overture Places 2026-07-22.0,2026-07-22,open,packet_ready,primary_store_candidate
Costco,969fd4df-cd4e-4f77-8bea-86d0ad19d1b0,Costco,7803 Othello Ave,San Diego,CA,92111-3709,32.8162727355957,-117.15290069580078,Overture Places 2026-07-22.0,2026-07-22,open,packet_ready,primary_store_candidate
Costco,e50900db-8f06-4b21-b966-043e941f3d36,Costco,520 N Lone Hill Ave,San Dimas,CA,91773-1725,34.112369537353516,-117.82664489746094,Overture Places 2026-07-22.0,2026-07-22,open,packet_ready,primary_store_candidate
Costco,39739f71-5240-4f95-b92c-f8b99acfa726,Costco,450 10th St,San Francisco,CA,94103-4304,37.770599365234375,-122.410888671875,Overture Places 2026-07-22.0,2026-07-22,open,packet_ready,primary_store_candidate
Costco,725e45ed-3182-49e0-9d2e-6373034ea09d,Costco,1709 Automation Pkwy,San Jose,CA,95131-1866,37.389957427978516,-121.88434600830078,Overture Places 2026-07-22.0,2026-07-22,open,packet_ready,primary_store_candidate
Costco,eede219d-a4ac-440a-8026-acae5a2b35ec,Costco,2201 Senter Rd,San Jose,CA,95112-2627,37.30987548828125,-121.85140228271484,Overture Places 2026-07-22.0,2026-07-22,open,packet_ready,primary_store_candidate
Costco,a2314535-9c8e-43af-9f86-3afe5275db4f,Costco Business Center,2376 S Evergreen Loop,San Jose,CA,95122-4030,37.31806564331055,-121.81051635742188,Overture Places 2026-07-22.0,2026-07-22,open,packet_ready,primary_store_candidate
Costco,1e9eaa3d-a3e4-4869-a019-282b7ddca89c,Costco,5301 Almaden Expy,San Jose,CA,95118-3603,37.253108978271484,-121.87954711914062,Overture Places 2026-07-22.0,2026-07-22,open,packet_ready,primary_store_candidate
Costco,a3933137-ab6c-4909-bb3e-299402b57cb3,Costco,6898 Raleigh Rd,San Jose,CA,95119,37.24382781982422,-121.78612518310547,Overture Places 2026-07-22.0,2026-07-22,open,packet_ready,primary_store_candidate
Costco,9321c941-7ba6-43ea-a3bc-d1f31a62699a,Costco Car Wash,33949 Camino Capistrano,San Juan Capistrano,CA,92675,33.47116470336914,-117.67825317382812,Overture Places 2026-07-22.0,2026-07-22,open,packet_ready,primary_store_candidate
Costco,0c9eecc9-8524-48af-b18a-fa04fb0ed9de,Costco,1900 Davis St,San Leandro,CA,94577-1209,37.72029113769531,-122.18218994140625,Overture Places 2026-07-22.0,2026-07-22,open,packet_ready,primary_store_candidate
Costco,b7effbd0-fc88-4190-a2e3-c3126653be2e,Costco,1540 Froom Ranch Way,San Luis Obispo,CA,93405-7211,35.25202941894531,-120.69062805175781,Overture Places 2026-07-22.0,2026-07-22,open,packet_ready,primary_store_candidate
Costco,acf8ce4b-7cee-4a6f-9680-8ec89993823c,Costco,150 S Bent Ave,San Marcos,CA,92078-1202,33.137447357177734,-117.18412017822266,Overture Places 2026-07-22.0,2026-07-22,open,packet_ready,primary_store_candidate
Costco,41335a09-6062-4780-8755-2eabd0eda197,Costco,725 Center Dr,San Marcos,CA,92069-3536,33.13539505004883,-117.12544250488281,Overture Places 2026-07-22.0,2026-07-22,open,packet_ready,primary_store_candidate
Costco,e368a5c1-6589-4f77-b4af-0c4f21f8d221,Costco,801 Tioga Ave,Sand City,CA,93955-3050,36.617496490478516,-121.84481048583984,Overture Places 2026-07-22.0,2026-07-22,open,packet_ready,primary_store_candidate
Costco,0195168f-c3d8-47ae-9c15-e048d2fd6639,Costco,1601 Coleman Ave,Santa Clara,CA,95050-3122,37.3569450378418,-121.93858337402344,Overture Places 2026-07-22.0,2026-07-22,open,packet_ready,primary_store_candidate
Costco,736278c3-6936-49c8-b18b-cde3d6b6fc59,Costco Bakery,1601 Coleman Ave,Santa Clara,CA,95050,37.35727310180664,-121.9395980834961,Overture Places 2026-07-22.0,2026-07-22,open,exclude,brand_false_positive
Costco,7eb5c4b3-c1fb-47b3-bae2-af37bcf18450,Costco,18649 Via Princessa,Santa Clarita,CA,91387-4935,34.404273986816406,-118.46115112304688,Overture Places 2026-07-22.0,2026-07-22,open,packet_ready,primary_store_candidate
Costco,06e20876-dcda-447c-9eed-e18aba078138,Costco,220 Sylvania Ave,Santa Cruz,CA,95060-2161,36.98453903198242,-122.0333480834961,Overture Places 2026-07-22.0,2026-07-22,open,packet_ready,primary_store_candidate
Costco,ea222c01-6864-4fd1-a30d-1d5dd18ba6b0,Costco,1335 S Bradley Rd,Santa Maria,CA,93454-8006,34.93653869628906,-120.42085266113281,Overture Places 2026-07-22.0,2026-07-22,open,packet_ready,primary_store_candidate
Costco,0ba5852c-3acd-48a6-80bd-860a073d8776,Costco,1700 S Bradley Rd,Santa Maria,CA,93454-8001,34.92711639404297,-120.4194107055664,Overture Places 2026-07-22.0,2026-07-22,open,packet_ready,primary_store_candidate
Costco,b7a8dcfa-b746-40aa-a4d3-8aea354e3744,Costco,1900 Santa Rosa Ave,Santa Rosa,CA,95407-7621,38.41981887817383,-122.71202087402344,Overture Places 2026-07-22.0,2026-07-22,open,packet_ready,primary_store_candidate
Costco,eda9052e-2633-4cbc-b8bd-1460dab53493,Costco,101 Town Center Pkwy,Santee,CA,92071-5802,32.841041564941406,-116.98755645751953,Overture Places 2026-07-22.0,2026-07-22,open,packet_ready,primary_store_candidate
Costco,9e606750-1457-43a2-9733-d6672acef738,Costco,2200 E Willow St,Signal Hill,CA,90755-2132,33.80344009399414,-118.1648178100586,Overture Places 2026-07-22.0,2026-07-22,open,packet_ready,primary_store_candidate
Costco,4da59ab3-19ba-499f-a2c7-921c89bbadf5,Costco,2660 Park Center Dr,Simi Valley,CA,93065-6207,34.28355026245117,-118.79620361328125,Overture Places 2026-07-22.0,2026-07-22,open,packet_ready,primary_store_candidate
Costco,9c31f637-4370-4442-a01c-0fc9ed9feaf7,Costco,1600 El Camino Real,South San Francisco,CA,94080-1206,37.66537857055664,-122.44841766357422,Overture Places 2026-07-22.0,2026-07-22,open,packet_ready,primary_store_candidate
Costco,89114660-a647-452a-8e38-808dc1714f04,Costco,451 S Airport Blvd,South San Francisco,CA,94080-6909,37.64219665527344,-122.40101623535156,Overture Places 2026-07-22.0,2026-07-22,open,packet_ready,primary_store_candidate
Costco,f3a4bab3-72bf-4648-bb36-3d890616a4b4,Costco,900 Dubuque Ave,South San Francisco,CA,94080-1805,37.66110610961914,-122.40110778808594,Overture Places 2026-07-22.0,2026-07-22,open,packet_ready,primary_store_candidate
Costco,67a5c637-b16a-4d1b-8f62-c308f770cf93,Costco Gas Station,1616 E Hammer Ln,Stockton,CA,95210-4119,38.02010726928711,-121.29216766357422,Overture Places 2026-07-22.0,2026-07-22,open,exclude,brand_false_positive
Costco,315b46b9-932b-4c58-bd77-e3758b0e2d65,Costco,150 Lawrence Station Rd,Sunnyvale,CA,94086-5309,37.37245178222656,-121.99504089355469,Overture Places 2026-07-22.0,2026-07-22,open,packet_ready,primary_store_candidate
Costco,50d074c2-e84d-4f8f-9dcf-b4df326dc433,Costco,26610 Ynez Rd,Temecula,CA,92591-4697,33.52100372314453,-117.15489959716797,Overture Places 2026-07-22.0,2026-07-22,open,packet_ready,primary_store_candidate
Costco,f65e1a8e-c47c-431d-acd3-4f619d6f5a8d,Costco,2640 Lomita Blvd,Torrance,CA,90505-5214,33.806732177734375,-118.33430480957031,Overture Places 2026-07-22.0,2026-07-22,open,packet_ready,primary_store_candidate
Costco,95635973-d251-4489-ae86-2923ded24e67,Costco,25149 W Schulte Rd,Tracy,CA,95377-9706,37.726234436035156,-121.53803253173828,Overture Places 2026-07-22.0,2026-07-22,open,packet_ready,primary_store_candidate
Costco,591c5633-fe8c-4ae3-8dc2-bec0a14d54f8,Costco Distribution Center,25862 S Schulte Ct,Tracy,CA,95377-8643,37.717708587646484,-121.52593231201172,Overture Places 2026-07-22.0,2026-07-22,open,exclude,brand_false_positive
Costco,a66e2a36-d249-40af-a31c-ce2a7c047a82,Costco,3250 W Grant Line Rd,Tracy,CA,95304-8427,37.75075149536133,-121.47494506835938,Overture Places 2026-07-22.0,2026-07-22,open,packet_ready,primary_store_candidate
Costco,26bc5754-db01-45a7-84e8-a1eeee4d7fbf,Costco,2955 N Tegner Rd,Turlock,CA,95380-9401,37.51930236816406,-120.88815307617188,Overture Places 2026-07-22.0,2026-07-22,open,packet_ready,primary_store_candidate
Costco,b4a37a5d-6fb3-4706-9935-ea4c7a380398,Costco,2655 El Camino Real,Tustin,CA,92782-8918,33.72840881347656,-117.79642486572266,Overture Places 2026-07-22.0,2026-07-22,open,packet_ready,primary_store_candidate
Costco,492b0ab8-7634-4bf8-8d9d-e5259743f6cb,Costco,2700 Park Ave,Tustin,CA,92782-2708,33.69942855834961,-117.82343292236328,Overture Places 2026-07-22.0,2026-07-22,open,packet_ready,primary_store_candidate
Costco,cb69f6af-13a9-4ed1-b1eb-4265c6a0b13c,Costco,6610 W RIGGIN AVE,VISALIA,CA,93291-1925,36.35804748535156,-119.36515045166016,Overture Places 2026-07-22.0,2026-07-22,open,packet_ready,primary_store_candidate
Costco,380078cb-13f0-41e6-a17f-ca214e0bc7e5,Dr Laura Prelipceanu Optometry,1051 Hume Way,Vacaville,CA,95687-5558,38.35097122192383,-121.98005676269531,Overture Places 2026-07-22.0,2026-07-22,open,exclude,brand_false_positive
Costco,4ddaf970-f4f1-4b77-8805-2cf240a5b7e0,Costco,1051 Hume Way,Vacaville,CA,95687-5558,38.3513069152832,-121.9804916381836,Overture Places 2026-07-22.0,2026-07-22,open,packet_ready,primary_store_candidate
Costco,16b2dc65-a977-422c-bc01-e2aca4e2637a,Costco,198 Plaza Dr,Vallejo,CA,94591-3702,38.13312530517578,-122.21371459960938,Overture Places 2026-07-22.0,2026-07-22,open,packet_ready,primary_store_candidate
Costco,1971b7d6-6fc8-4391-8d4b-4cd643417053,Costco,6100 Sepulveda Blvd,Van Nuys,CA,91411-2503,34.181480407714844,-118.46373748779297,Overture Places 2026-07-22.0,2026-07-22,open,packet_ready,primary_store_candidate
Costco,98232199-db48-49ae-83e8-b9b84564d1ae,Costco Optical,14555 Valley Center Dr,Victorville,CA,92395-4216,34.515193939208984,-117.31842803955078,Overture Places 2026-07-22.0,2026-07-22,open,exclude,brand_false_positive
Costco,1aa1e8fe-5398-4f97-b7a6-9b287ef69e28,Costco Car Wash,14601 Valley Center Dr,Victorville,CA,92395-4216,34.51585388183594,-117.3165512084961,Overture Places 2026-07-22.0,2026-07-22,open,packet_ready,primary_store_candidate
Costco,876ae0bf-2f88-4ec4-acaa-a35c84658199,Costco,1405 W Cameron Ave,Visalia,CA,93277-9527,36.292579650878906,-119.30657958984375,Overture Places 2026-07-22.0,2026-07-22,open,packet_ready,primary_store_candidate
Costco,3025687e-82ee-4da6-a1e9-38468e1297b2,Costco Pharmacy,1755 Hacienda Dr,Vista,CA,92081-4546,33.18779373168945,-117.27659606933594,Overture Places 2026-07-22.0,2026-07-22,open,exclude,brand_false_positive
Costco,e3be2ad2-e81a-4a7f-ab7b-a174b31ce7b0,Costco,1755 Hacienda Dr,Vista,CA,92081-4546,33.1881217956543,-117.27706146240234,Overture Places 2026-07-22.0,2026-07-22,open,packet_ready,primary_store_candidate
Costco,6444b6c0-bd62-4ba5-91f8-0d26735290f9,Costco,5700 Lindero Canyon Rd,Westlake Village,CA,91362-4063,34.15245819091797,-118.7970962524414,Overture Places 2026-07-22.0,2026-07-22,open,packet_ready,primary_store_candidate
Costco,71d742d7-2a19-4402-8526-aa51dbe8db0e,Costco,13225 Beach Blvd,Westminster,CA,92683,33.76905059814453,-117.99284362792969,Overture Places 2026-07-22.0,2026-07-22,open,packet_ready,primary_store_candidate
Costco,c68155c9-a8c7-43f7-9aa9-0ddcaad0d44c,Costco,2299 Bronze Star Dr,Woodland,CA,95776-5409,38.671871185302734,-121.72282409667969,Overture Places 2026-07-22.0,2026-07-22,open,packet_ready,primary_store_candidate
Costco,84bfa7bf-3cd3-40b7-883c-a4c6c339a920,Costco,22633 Savi Ranch Pkwy,Yorba Linda,CA,92887-4647,33.875492095947266,-117.74396514892578,Overture Places 2026-07-22.0,2026-07-22,open,packet_ready,primary_store_candidate
Sam's Club,fa59bcdb-0c93-417e-bc8b-a6bb1d4dcda7,Sam's Club Connection Center,5625 Gosford Rd,Bakersfield,CA,93313-4999,35.304176330566406,-119.0951919555664,Overture Places 2026-07-22.0,2026-07-22,open,exclude,brand_false_positive
Sam's Club,c59c02ee-331e-41c0-a431-8500461b516d,Sam's Club Connection Center,3951 Grand Ave,Chino,CA,91710-5429,33.99399948120117,-117.71790313720703,Overture Places 2026-07-22.0,2026-07-22,open,exclude,brand_false_positive
Sam's Club,df8330c0-b7ce-4bf7-ac8d-59015e189bea,Sam's Club,7147 Greenback Ln,Citrus Heights,CA,95621-5526,38.6799201965332,-121.29638671875,Overture Places 2026-07-22.0,2026-07-22,open,packet_ready,primary_store_candidate
Sam's Club,e73e14f6-59a5-42ee-ad60-e835c702edaa,Sam's Club Bakery,1225 Concord Ave,Concord,CA,94520-4940,37.98179244995117,-122.05516815185547,Overture Places 2026-07-22.0,2026-07-22,open,exclude,brand_false_positive
Sam's Club,dac4a72b-3aa0-48c3-a185-9798b1baa202,Sam's Club,1375 E Ontario Ave,Corona,CA,92881-6604,33.84721374511719,-117.53756713867188,Overture Places 2026-07-22.0,2026-07-22,open,packet_ready,primary_store_candidate
Sam's Club,fa4106c0-588b-4129-aa81-96bbf0a46ab1,Sam's Club Bakery,4901 Santa Anita Ave,El Monte,CA,91731-1415,34.093299865722656,-118.02922821044922,Overture Places 2026-07-22.0,2026-07-22,open,exclude,brand_false_positive
Sam's Club,972267df-5f68-452e-901b-ead5fb496d31,Sam's Club,2495 Iron Point Rd,Folsom,CA,95630-8710,38.6445426940918,-121.11831665039062,Overture Places 2026-07-22.0,2026-07-22,open,packet_ready,primary_store_candidate
Sam's Club,06c08610-24a1-4b04-acdb-97751612d57a,Sam's Club Connection Center,7663 N Blackstone Ave,Fresno,CA,93720-4306,36.848812103271484,-119.79376220703125,Overture Places 2026-07-22.0,2026-07-22,open,exclude,brand_false_positive
Sam's Club,24f5935f-2d10-4283-ba17-2dc73d653db7,Sam's Club,3913 San Marcos Pl,Fullerton,CA,92835-1230,33.91701889038086,-117.91657257080078,Overture Places 2026-07-22.0,2026-07-22,open,packet_ready,primary_store_candidate
Sam's Club,7c56bafb-2e75-4145-a4d9-7e5bea425405,Sam’s,603 S Placentia Ave,Fullerton,CA,92831,33.865150451660156,-117.8839340209961,Overture Places 2026-07-22.0,2026-07-22,open,packet_ready,primary_store_candidate
Sam's Club,c07c45d1-dcc8-4210-b0dd-0938e7134704,Sam's Club Cafe,1301 S Lone Hill Ave,Glendora,CA,91740,34.11448669433594,-117.83338165283203,Overture Places 2026-07-22.0,2026-07-22,open,packet_ready,primary_store_candidate
Sam's Club,69399890-0afe-4cab-8fcf-d606dcd1a808,Sam's Club Bakery,1390 S Beach Blvd,La Habra,CA,90631-6374,33.91328048706055,-117.97003173828125,Overture Places 2026-07-22.0,2026-07-22,open,exclude,brand_false_positive
Sam's Club,2c8e10f1-5c7e-4f06-b0c5-2dbc46c2a0ad,Sam's Market,8712 Paradise Rd,Lamont,CA,93241-1635,35.265289306640625,-118.90750122070312,Overture Places 2026-07-22.0,2026-07-22,open,packet_ready,primary_store_candidate
Sam's Club,7a189124-cf59-4bfc-be17-c3d1a2edeaa7,Sam's Club,40500 Murrieta Hot Springs Rd,Murrieta,CA,92563-6403,33.553955078125,-117.17926788330078,Overture Places 2026-07-22.0,2026-07-22,open,packet_ready,primary_store_candidate
Sam's Club,98e56b81-9bbb-4184-85c9-d59afb5520c1,Sam's Club Connection Center,951 N Milliken Ave,Ontario,CA,91764,34.073673248291016,-117.56061553955078,Overture Places 2026-07-22.0,2026-07-22,open,exclude,brand_false_positive
Sam's Club,6a9e38d3-9b86-4fce-bdc6-e9ec36316d0d,Sam's Club,2401 N Rose Ave,Oxnard,CA,93036-0602,34.22440719604492,-119.16117858886719,Overture Places 2026-07-22.0,2026-07-22,open,packet_ready,primary_store_candidate
Sam's Club,5b5dd243-e2d4-4efa-a9de-b2ea4f175702,Sam's Club Connection Center,34220 Monterey Ave,Palm Desert,CA,92211-2096,33.80005645751953,-116.38484954833984,Overture Places 2026-07-22.0,2026-07-22,open,exclude,brand_false_positive
Sam's Club,f008dad0-547e-40f2-86bf-6dd919add31c,Sam's Club Bakery,39940 10th St W,Palmdale,CA,93551-3002,34.608333587646484,-118.14473724365234,Overture Places 2026-07-22.0,2026-07-22,open,exclude,brand_false_positive
Sam's Club,caa5f28a-fdc1-420d-bc7e-ac6bdf560f67,Sam's Club,6363 Valley Springs Pkwy,Riverside,CA,92507-0905,33.93553161621094,-117.2889633178711,Overture Places 2026-07-22.0,2026-07-22,open,packet_ready,primary_store_candidate
Sam's Club,8f865013-a99a-4eba-b267-01ac48364f6a,Sam's Club Bakery,904 Pleasant Grove Blvd,Roseville,CA,95678-6126,38.78654479980469,-121.28825378417969,Overture Places 2026-07-22.0,2026-07-22,open,exclude,brand_false_positive
Sam's Club,d53ad66c-a4e4-4b52-8098-c7b6117d5c07,Sam's Club Connection Center,8250 Power Inn Rd,Sacramento,CA,95828-6760,38.45801544189453,-121.40754699707031,Overture Places 2026-07-22.0,2026-07-22,open,exclude,brand_false_positive
Sam's Club,d0cecf36-a518-4d67-8de0-2223a2a7d314,Sam's Club,1055 Harriman Pl,San Bernardino,CA,92408-4203,34.06572723388672,-117.26318359375,Overture Places 2026-07-22.0,2026-07-22,open,packet_ready,primary_store_candidate
Sam's Club,43405ef4-8956-4abf-b33c-3e9b27f3f66a,Sam's Club,6336 College Grove Way,San Diego,CA,92115-7244,32.739479064941406,-117.05653381347656,Overture Places 2026-07-22.0,2026-07-22,open,packet_ready,primary_store_candidate
Sam's Club,0b7f0167-1d64-409e-86df-f9e3e0c5c24b,Sam's Club,26468 Carl Boyer Dr,Santa Clarita,CA,91350-2995,34.41487503051758,-118.50370788574219,Overture Places 2026-07-22.0,2026-07-22,open,packet_ready,primary_store_candidate
Sam's Club,af921799-eeee-4413-8c09-af7967ac8a1e,Sam's Club Bakery,5871 Firestone Blvd,South Gate,CA,90280-3705,33.94971466064453,-118.16183471679688,Overture Places 2026-07-22.0,2026-07-22,open,exclude,brand_false_positive
Sam's Club,4e3e40f7-41ff-4109-b09d-cbd6cd4d0910,Sam's Club,2601 Skypark Dr,Torrance,CA,90505-5313,33.80503463745117,-118.33165740966797,Overture Places 2026-07-22.0,2026-07-22,open,packet_ready,primary_store_candidate
Sam's Club,e44279ea-1f5e-4ab9-be98-23d22bb4f096,Sam's Club Bakery,900 N Walton Ave,Yuba City,CA,95993-8634,39.139251708984375,-121.64552307128906,Overture Places 2026-07-22.0,2026-07-22,open,exclude,brand_false_positive
Target,b40f1878-b7bd-4a03-9ff6-63e387000009,Target,2700 5th St,Alameda,CA,94501-6574,37.78874969482422,-122.28023529052734,Overture Places 2026-07-22.0,2026-07-22,open,packet_ready,primary_store_candidate
Target,05dfbc36-85cd-4672-bb1e-f54c65233e74,Target Mobile,1057 Eastshore Hwy,Albany,CA,94710-1011,37.88298416137695,-122.30674743652344,Overture Places 2026-07-22.0,2026-07-22,open,exclude,brand_false_positive
Target,d357015f-2340-47c5-9c43-eee8a6611867,Target,2120 W Main St,Alhambra,CA,91801-1856,34.09122848510742,-118.1473617553711,Overture Places 2026-07-22.0,2026-07-22,open,packet_ready,primary_store_candidate
Target,3551cee7-549f-47bd-b5d9-acaf355f38ff,Target,26932 La Paz Rd,Aliso Viejo,CA,92656-3038,33.57096862792969,-117.70516967773438,Overture Places 2026-07-22.0,2026-07-22,open,packet_ready,primary_store_candidate
Target,4cf0267d-35f5-48e7-9417-46ef034da85f,Target,2222 E Lincoln Ave,Anaheim,CA,92806-4107,33.83802795410156,-117.88607788085938,Overture Places 2026-07-22.0,2026-07-22,open,packet_ready,primary_store_candidate
Target,9d5290e6-c41e-4e42-97a1-f1f714226d53,Target,5769 Lone Tree Way,Antioch,CA,94531-8587,37.964210510253906,-121.73807525634766,Overture Places 2026-07-22.0,2026-07-22,open,packet_ready,primary_store_candidate
Target,983dc697-8cd7-49b4-9381-b77aec7c96fb,Target,19201 Bear Valley Rd,Apple Valley,CA,92308-2702,34.46915054321289,-117.24375915527344,Overture Places 2026-07-22.0,2026-07-22,open,packet_ready,primary_store_candidate
Target,6f7642f8-dfdd-4d7e-877c-2bb6c3a8e4ca,Target,20288 US Highway 18,Apple Valley,CA,92307,34.527591705322266,-117.21745300292969,Overture Places 2026-07-22.0,2026-07-22,open,packet_ready,primary_store_candidate
Target,ec773d39-6e18-43c1-bedc-a81b8cdeabc2,Target Optical,1000 Commerce Ave,Atwater,CA,95301-5213,37.341407775878906,-120.61146545410156,Overture Places 2026-07-22.0,2026-07-22,open,exclude,brand_false_positive
Target,0aeed9df-d5d2-4205-8de4-7b943da41008,Target,2700 Bell Rd,Auburn,CA,95603-2508,38.94331359863281,-121.09576416015625,Overture Places 2026-07-22.0,2026-07-22,open,packet_ready,primary_store_candidate
Target,9d81bef6-6012-4aa8-b1df-6dc422aaa20a,Target,628 N San Gabriel Ave,Azusa,CA,91702-2945,34.13279724121094,-117.9084701538086,Overture Places 2026-07-22.0,2026-07-22,open,packet_ready,primary_store_candidate
Target,9eed1e20-d14d-44c0-af04-475c932459ad,Target,809 N Azusa Ave,Azusa,CA,91702-2510,34.13636016845703,-117.90814208984375,Overture Places 2026-07-22.0,2026-07-22,open,packet_ready,primary_store_candidate
Target,8804489a-f71d-402d-be15-80bfa9dca507,Target,11000 Stockdale Hwy,Bakersfield,CA,93311-3635,35.349971771240234,-119.12484741210938,Overture Places 2026-07-22.0,2026-07-22,open,packet_ready,primary_store_candidate
Target,ab642782-4c6d-4475-b52f-6e2112bdd906,Target,2901 Ming Ave,Bakersfield,CA,93304-4144,35.336708068847656,-119.03621673583984,Overture Places 2026-07-22.0,2026-07-22,open,packet_ready,primary_store_candidate
Target,de579652-a36a-4ff1-9b4b-93d6ff43a744,Target,3401 Mall View Rd,Bakersfield,CA,93306-3060,35.394004821777344,-118.95486450195312,Overture Places 2026-07-22.0,2026-07-22,open,packet_ready,primary_store_candidate
Target,f66d8675-4750-40e2-935d-c09392c5d784,Target,6301 Gosford Rd,Bakersfield,CA,93313-4748,35.298004150390625,-119.09443664550781,Overture Places 2026-07-22.0,2026-07-22,open,packet_ready,primary_store_candidate
Target,581e3f51-e72a-466a-a644-cb3e5004a0c1,Target Optical,9100 Rosedale Hwy,Bakersfield,CA,93312-2143,35.38546371459961,-119.10334777832031,Overture Places 2026-07-22.0,2026-07-22,open,exclude,brand_false_positive
Target,2615f301-b580-4928-a325-2b390fbb18fb,Target Mobile,3100 Baldwin Park Blvd,Baldwin Park,CA,91706,34.06953811645508,-117.97718048095703,Overture Places 2026-07-22.0,2026-07-22,open,exclude,brand_false_positive
Target,3611a329-36fa-46ec-9fbb-e938f018de9d,Target,1414 University Ave,Berkeley,CA,94702-1548,37.8697624206543,-122.28385162353516,Overture Places 2026-07-22.0,2026-07-22,open,packet_ready,primary_store_candidate
Target,9189aebd-3214-47d7-9647-194f946c4f67,Target Grocery,2187 Shattuck Ave,Berkeley,CA,94704-1308,37.86973190307617,-122.26771545410156,Overture Places 2026-07-22.0,2026-07-22,open,exclude,brand_false_positive
Target,9043d058-adc2-485b-9371-43961d4d60c4,Target Optical,855 E Birch St,Brea,CA,92821-5769,33.91891860961914,-117.8873519897461,Overture Places 2026-07-22.0,2026-07-22,open,exclude,brand_false_positive
Target,33e4ef12-c685-43d5-83df-f1ccfd3ea3df,Target,1033 N Hollywood Way,Burbank,CA,91505-2540,34.16912841796875,-118.34799194335938,Overture Places 2026-07-22.0,2026-07-22,open,packet_ready,primary_store_candidate
Target,677dd4bf-d2dd-49e0-aa96-429f81894816,Target,1800 W Empire Ave,Burbank,CA,91504-3403,34.18962097167969,-118.33000946044922,Overture Places 2026-07-22.0,2026-07-22,open,packet_ready,primary_store_candidate
Target,f2f3695d-3522-43ca-9d54-6656e22cafec,Target,6700 Topanga Canyon Blvd,Canoga Park,CA,91303-2624,34.19197082519531,-118.60266876220703,Overture Places 2026-07-22.0,2026-07-22,open,packet_ready,primary_store_candidate
Target,b89a3d64-a055-4513-9046-ef4bb4ea17c9,CVS Pharmacy,1825 41st Ave,Capitola,CA,95010-2504,36.974979400634766,-121.9687271118164,Overture Places 2026-07-22.0,2026-07-22,open,exclude,brand_false_positive
Target,fdd8926c-bd00-4eab-9695-2cd92a146a93,Target,1825 41st Ave,Capitola,CA,95010-2504,36.97511291503906,-121.96896362304688,Overture Places 2026-07-22.0,2026-07-22,open,packet_ready,primary_store_candidate
Target,b0298646-e728-4fde-8010-5cb87bc50318,Target Mobile,20700 Avalon Blvd,Carson,CA,90746-3701,33.84288024902344,-118.26038360595703,Overture Places 2026-07-22.0,2026-07-22,open,exclude,brand_false_positive
Target,d0b59f36-ccbf-495d-b9e3-34816760fda3,Target,651 W Sepulveda Blvd,Carson,CA,90745-6314,33.809844970703125,-118.28614807128906,Overture Places 2026-07-22.0,2026-07-22,open,packet_ready,primary_store_candidate
Target,e17b391a-ca0f-462e-8d23-2daad8fb75aa,Target Optical,11525 South St,Cerritos,CA,90703-6627,33.85969161987305,-118.0879898071289,Overture Places 2026-07-22.0,2026-07-22,open,exclude,brand_false_positive
Target,99e66022-3d13-4d7f-bcbf-9cdf0866cad6,Target Grocery,141 Lakewood Center Mall,Cerritos,CA,90712,33.886783599853516,-118.09834289550781,Overture Places 2026-07-22.0,2026-07-22,open,exclude,brand_false_positive
Target,5cd38625-04a8-4fa9-85f1-c36169650f61,Target,20200 Bloomfield Ave,Cerritos,CA,90703-7821,33.846988677978516,-118.0621109008789,Overture Places 2026-07-22.0,2026-07-22,open,packet_ready,primary_store_candidate
Target,a226c9fc-286a-4495-bdc8-dac614f30e51,Target,1951 E 20th St,Chico,CA,95928-6300,39.72602462768555,-121.8027114868164,Overture Places 2026-07-22.0,2026-07-22,open,packet_ready,primary_store_candidate
Target,516b7258-e203-4df0-b61d-2f70fd588f98,Target Mobile,3944 Grand Ave,Chino,CA,91710-5422,34.00157165527344,-117.71849822998047,Overture Places 2026-07-22.0,2026-07-22,open,exclude,brand_false_positive
Target,52ee0e5e-ba6e-4b0a-86ac-7c5161cf0ebf,Target Grocery,1240 Broadway,Chula Vista,CA,91911-2911,32.60470962524414,-117.08087921142578,Overture Places 2026-07-22.0,2026-07-22,open,exclude,brand_false_positive
Target,47f522c1-096d-432d-b159-d333e34acccb,Target Optical,910 Eastlake Pkwy,Chula Vista,CA,91914-3558,32.65076446533203,-116.96847534179688,Overture Places 2026-07-22.0,2026-07-22,open,exclude,brand_false_positive
Target,365ca47b-983d-4ee9-83f3-6393fe3fc052,Target,5837 Sunrise Blvd,Citrus Heights,CA,95610-6866,38.67302703857422,-121.27444458007812,Overture Places 2026-07-22.0,2026-07-22,open,packet_ready,primary_store_candidate
Target,a35cec01-6a41-4028-9bb4-2ff9428c7127,Target Grocery,17751 Colima Rd,City of Industry,CA,91748-1714,33.99211883544922,-117.91852569580078,Overture Places 2026-07-22.0,2026-07-22,open,exclude,brand_false_positive
Target,624a49be-0301-4b6c-b077-1a76e0eb6947,Target,695 W Herndon Ave,Clovis,CA,93612-0104,36.83978271484375,-119.72771453857422,Overture Places 2026-07-22.0,2026-07-22,open,packet_ready,primary_store_candidate
Target,5ed85538-0c29-4209-a0e7-a5b6198c7ce1,Target,900 Shaw Ave,Clovis,CA,93612-3900,36.8065299987793,-119.69900512695312,Overture Places 2026-07-22.0,2026-07-22,open,packet_ready,primary_store_candidate
Target,46b33c88-470c-4a83-8884-82e8a024d035,Target,5001 Junipero Serra Blvd,Colma,CA,94014-3217,37.67359924316406,-122.46438598632812,Overture Places 2026-07-22.0,2026-07-22,open,packet_ready,primary_store_candidate
Target,fee6e355-5b93-4c40-b765-ddee1a1c96cd,Target,1621 S Alameda St,Compton,CA,90220-4973,33.87971115112305,-118.21900939941406,Overture Places 2026-07-22.0,2026-07-22,open,packet_ready,primary_store_candidate
Target,6097e563-a450-449b-9a06-13bfb1cf7700,Target,2615 Tuscany St,Corona,CA,92881-4631,33.8265380859375,-117.51636505126953,Overture Places 2026-07-22.0,2026-07-22,open,packet_ready,primary_store_candidate
Target,556dca3b-7aec-414b-8813-2c3a2d2e4ebf,Target,289 E 17th St,Costa Mesa,CA,92627-3831,33.632511138916016,-117.916748046875,Overture Places 2026-07-22.0,2026-07-22,open,packet_ready,primary_store_candidate
Target,36f1c92f-b88a-4154-9e19-184aeb7b93d2,Target,3030 Harbor Blvd,Costa Mesa,CA,92626-2562,33.68260192871094,-117.91722106933594,Overture Places 2026-07-22.0,2026-07-22,open,packet_ready,primary_store_candidate
Target,a1bcea56-9eb0-4f8c-aec6-98c905f44aca,Target,10820 Jefferson Blvd,Culver City,CA,90230-4935,33.99913024902344,-118.39405059814453,Overture Places 2026-07-22.0,2026-07-22,open,packet_ready,primary_store_candidate
Target,3ae49c33-1573-41fe-8994-640fdffd2123,Target,6000 Sepulveda Blvd,Culver City,CA,90230-6416,33.98484420776367,-118.39473724365234,Overture Places 2026-07-22.0,2026-07-22,open,packet_ready,primary_store_candidate
Target,c7ae44d4-aec1-4044-a2af-00bcdcc03b47,Target,20745 Stevens Creek Blvd,Cupertino,CA,95014-2123,37.32461166381836,-122.0359878540039,Overture Places 2026-07-22.0,2026-07-22,open,packet_ready,primary_store_candidate
Target,2a9d10d2-25b3-4ae2-a44b-d47765d578c3,Target,6835 Katella Ave,Cypress,CA,90630-5107,33.80368423461914,-118.01287841796875,Overture Places 2026-07-22.0,2026-07-22,open,packet_ready,primary_store_candidate
Target,d8280837-1600-4f04-ac4c-7a5831ce471b,Target,100 Westlake Ctr,Daly City,CA,94015-1429,37.70112991333008,-122.48434448242188,Overture Places 2026-07-22.0,2026-07-22,open,packet_ready,primary_store_candidate
Target,557dc7a9-0b2e-4ede-add0-37707c31f5a7,Target Optical,133 Serramonte Ctr,Daly City,CA,94015-2349,37.67056655883789,-122.47090148925781,Overture Places 2026-07-22.0,2026-07-22,open,exclude,brand_false_positive
Target,13377d07-e786-413f-87d8-45e9b1350504,Target,4601 2nd St,Davis,CA,95618-9446,38.55427932739258,-121.69974517822266,Overture Places 2026-07-22.0,2026-07-22,open,packet_ready,primary_store_candidate
Target,95ea7d60-ae7e-4925-80f9-323f5cb0ed42,Target,321 Woollomes Ave,Delano,CA,93215-9600,35.750099182128906,-119.24729919433594,Overture Places 2026-07-22.0,2026-07-22,open,packet_ready,primary_store_candidate
Target,f092c8f0-ed94-4924-bae8-aa683a5f23bc,Target Grocery,747 Grand Ave,Diamond Bar,CA,91765-8400,34.00465774536133,-117.82111358642578,Overture Places 2026-07-22.0,2026-07-22,open,exclude,brand_false_positive
Target,30b1b584-4649-4165-887f-1ccaf2b18608,Target,2800 Dublin Blvd,Dublin,CA,94568-4589,37.702980041503906,-121.85371398925781,Overture Places 2026-07-22.0,2026-07-22,open,packet_ready,primary_store_candidate
Target,a625e676-90dd-4129-ac7d-42854c4bc620,Target,7200 Amador Plaza Rd,Dublin,CA,94568-2320,37.706634521484375,-121.93170928955078,Overture Places 2026-07-22.0,2026-07-22,open,packet_ready,primary_store_candidate
Target,b2c68d88-f53f-4e6c-b158-634eafe4e282,Target,12471 Limonite Ave,Eastvale,CA,91752-2457,33.97806930541992,-117.55418395996094,Overture Places 2026-07-22.0,2026-07-22,open,packet_ready,primary_store_candidate
Target,ab737abd-5e96-4ed7-808f-eea3336263d2,Starbucks Coffee Company,250 Broadway,El Cajon,CA,92021,32.809356689453125,-116.9591064453125,Overture Places 2026-07-22.0,2026-07-22,open,exclude,brand_false_positive
Target,8e5616d8-0902-4c15-acad-4cf3f8e5a1ca,Target,2295 N Imperial Ave,El Centro,CA,92243-1335,32.813682556152344,-115.56729888916016,Overture Places 2026-07-22.0,2026-07-22,open,packet_ready,primary_store_candidate
Target,b5b55836-9478-4bf9-9f0e-45ddab6e507d,Target,4400 Town Center Blvd,El Dorado Hills,CA,95762-7131,38.65037155151367,-121.06241607666016,Overture Places 2026-07-22.0,2026-07-22,open,packet_ready,primary_store_candidate
Target,cfc6cac8-4a23-478b-9dfe-d26e308b2feb,Target,7505 Laguna Blvd,Elk Grove,CA,95758-5061,38.42634201049805,-121.41519165039062,Overture Places 2026-07-22.0,2026-07-22,open,packet_ready,primary_store_candidate
Target,a5817c47-369c-4864-b962-d2655404545f,CVS Pharmacy,1555 40th St,Emeryville,CA,94608-3515,37.82838439941406,-122.28949737548828,Overture Places 2026-07-22.0,2026-07-22,open,exclude,brand_false_positive
Target,8644abf1-2481-4ca1-8686-5ff1ca523c1c,Target,1010 N El Camino Real,Encinitas,CA,92024-1320,33.06275177001953,-117.26492309570312,Overture Places 2026-07-22.0,2026-07-22,open,packet_ready,primary_store_candidate
Target,85552727-ccc8-4a40-a341-1eae9c76dfdc,Target,1280 Auto Park Way,Escondido,CA,92029-2231,33.11362075805664,-117.09941864013672,Overture Places 2026-07-22.0,2026-07-22,open,packet_ready,primary_store_candidate
Target,7910b802-507b-40c1-9263-7a405902a7e4,Target,280 E Via Rancho Pkwy,Escondido,CA,92025-8005,33.06976318359375,-117.06549835205078,Overture Places 2026-07-22.0,2026-07-22,open,packet_ready,primary_store_candidate
Target,2122e7e6-3c51-4d7e-92ff-f8916a510f59,Target,2525 4th St,Eureka,CA,95501-0823,40.80567932128906,-124.14451599121094,Overture Places 2026-07-22.0,2026-07-22,open,packet_ready,primary_store_candidate
Target,072a80e4-4e8f-477c-8e54-3e8bcceb82cb,Target,2059 Cadenasso Dr,Fairfield,CA,94533-6806,38.24650955200195,-122.0690689086914,Overture Places 2026-07-22.0,2026-07-22,open,packet_ready,primary_store_candidate
Target,2dba53c1-17c9-4a20-9132-ba780309d675,Target,430 Blue Ravine Rd,Folsom,CA,95630-3402,38.67152786254883,-121.1530990600586,Overture Places 2026-07-22.0,2026-07-22,open,packet_ready,primary_store_candidate
Target,74c0f577-9fd8-458d-ac0f-cf5114780f1c,Target,15272 Summit Ave,Fontana,CA,92336-0231,34.15251159667969,-117.47235107421875,Overture Places 2026-07-22.0,2026-07-22,open,packet_ready,primary_store_candidate
Target,8a1ad63b-9d6c-473c-a99e-7cfaf22ad875,Target,16964 Slover Ave,Fontana,CA,92337-7556,34.065216064453125,-117.43415832519531,Overture Places 2026-07-22.0,2026-07-22,open,packet_ready,primary_store_candidate
Target,a97bd5b4-047e-4ad8-95a1-2d0fe8a1c859,Target,26762 Portola Pkwy,Foothill Ranch,CA,92610-1712,33.67644119262695,-117.6645278930664,Overture Places 2026-07-22.0,2026-07-22,open,packet_ready,primary_store_candidate
Target,4cac6acd-1cf7-434a-8612-b56d9428a946,Target Grocery,39201 Fremont Blvd,Fremont,CA,94538-1301,37.54490280151367,-121.98485565185547,Overture Places 2026-07-22.0,2026-07-22,open,exclude,brand_false_positive
Target,a80b311c-1f68-41f4-a7f7-95b27722b868,Target Grocery,43950 Pacific Commons Blvd,Fremont,CA,94538-3803,37.50156021118164,-121.968505859375,Overture Places 2026-07-22.0,2026-07-22,open,exclude,brand_false_positive
Target,7f905814-d60f-453f-b494-02441855febe,Target,5000 Mowry Ave,Fremont,CA,94538-1045,37.534828186035156,-121.99777221679688,Overture Places 2026-07-22.0,2026-07-22,open,packet_ready,primary_store_candidate
Target,d0b3e5ff-cf0e-4d36-b8f9-7787df4bd446,Target,205 S Clovis Ave,Fresno,CA,93727-4223,36.74177169799805,-119.6987075805664,Overture Places 2026-07-22.0,2026-07-22,open,packet_ready,primary_store_candidate
Target,dfd2ad6f-c572-456d-a597-d29ebde0d18b,Target,3150 W Shaw Ave,Fresno,CA,93711-3215,36.80961608886719,-119.84770965576172,Overture Places 2026-07-22.0,2026-07-22,open,packet_ready,primary_store_candidate
Target,f2a45bb4-465c-4c83-8556-dd1b3808cf4a,Target,3173 E Shields Ave,Fresno,CA,93726-6902,36.78065490722656,-119.77102661132812,Overture Places 2026-07-22.0,2026-07-22,open,packet_ready,primary_store_candidate
Target,b4c8ced9-7a3f-4f35-a241-1b8391822202,Target,5740 N Blackstone Ave,Fresno,CA,93710-5006,36.82164764404297,-119.787841796875,Overture Places 2026-07-22.0,2026-07-22,open,packet_ready,primary_store_candidate
Target,05f3fb86-b0a8-497e-84ba-6691d6bc24a5,Target,6655 N Riverside Dr,Fresno,CA,93722-9308,36.83468246459961,-119.91252899169922,Overture Places 2026-07-22.0,2026-07-22,open,packet_ready,primary_store_candidate
Target,4c6e347d-f454-43d3-902f-b4d6fea7119a,Target,7600 N Blackstone Ave,Fresno,CA,93720-4300,36.84762954711914,-119.78658294677734,Overture Places 2026-07-22.0,2026-07-22,open,packet_ready,primary_store_candidate
Target,c62bc7bb-bf9a-4b33-a42b-1d4355e48c40,Target Optical,1893 W Malvern Ave,Fullerton,CA,92833-2403,33.879817962646484,-117.96100616455078,Overture Places 2026-07-22.0,2026-07-22,open,exclude,brand_false_positive
Target,89f06520-dab6-4487-b2eb-38f469d45189,Target,200 W Orangethorpe Ave,Fullerton,CA,92832-2900,33.858524322509766,-117.92752838134766,Overture Places 2026-07-22.0,2026-07-22,open,packet_ready,primary_store_candidate
Target,f505bc91-8acc-4863-a4e0-c73d98141430,Target,2920 Yorba Linda Blvd,Fullerton,CA,92831-1523,33.887939453125,-117.87761688232422,Overture Places 2026-07-22.0,2026-07-22,open,packet_ready,primary_store_candidate
Target,1ebf8196-c351-4579-9145-d14776105bde,Target Grocery,13831 Brookhurst St,Garden Grove,CA,92843-3120,33.7618522644043,-117.95641326904297,Overture Places 2026-07-22.0,2026-07-22,open,exclude,brand_false_positive
Target,979d92db-2740-4b68-84a8-d12ce636606a,Target,2169 W Redondo Beach Blvd,Gardena,CA,90247-3625,33.886539459228516,-118.31629180908203,Overture Places 2026-07-22.0,2026-07-22,open,packet_ready,primary_store_candidate
Target,95461ca1-25fd-4d9e-994d-78776973b167,Target,6705 Camino Arroyo,Gilroy,CA,95020-7075,37.00008773803711,-121.55467224121094,Overture Places 2026-07-22.0,2026-07-22,open,packet_ready,primary_store_candidate
Target,bcf3d649-8654-4e45-b21b-2f86f029353f,Target Optical,2195 Glendale Galleria,Glendale,CA,91210,34.14297866821289,-118.25877380371094,Overture Places 2026-07-22.0,2026-07-22,open,exclude,brand_false_positive
Target,f38c15ca-3482-4319-8e40-46f70e1a7ef5,CVS Pharmacy,2195 Glendale Galleria,Glendale,CA,91210,34.142940521240234,-118.25887298583984,Overture Places 2026-07-22.0,2026-07-22,open,exclude,brand_false_positive
Target,243b7b15-e4d5-4225-a949-a0bbb9df3cd8,Target,111 W McKnight Way,Grass Valley,CA,95949-9637,39.198795318603516,-121.06041717529297,Overture Places 2026-07-22.0,2026-07-22,open,packet_ready,primary_store_candidate
Target,cac916de-03b5-4846-a7c3-2330c77e36d7,Target,140 N 12th Ave,Hanford,CA,93230-5971,36.32403564453125,-119.676025390625,Overture Places 2026-07-22.0,2026-07-22,open,packet_ready,primary_store_candidate
Target,b93ad282-3d36-46c9-b8ac-7d50b35f04f8,Target,2700 W 120th St,Hawthorne,CA,90250-3388,33.92206954956055,-118.3214111328125,Overture Places 2026-07-22.0,2026-07-22,open,packet_ready,primary_store_candidate
Target,ad8524cb-b9a4-406c-a726-3fd9d299b5bd,Target,19661 Hesperian Blvd,Hayward,CA,94541-4200,37.666282653808594,-122.12085723876953,Overture Places 2026-07-22.0,2026-07-22,open,packet_ready,primary_store_candidate
Target,eb03fe75-e332-4f64-be21-254a329595ab,CVS Pharmacy,19661 Hesperian Blvd,Hayward,CA,94541-4200,37.66631317138672,-122.12046813964844,Overture Places 2026-07-22.0,2026-07-22,open,exclude,brand_false_positive
Target,bb3a4383-dc40-4697-8e5c-de4220c27b93,Target,2499 Whipple Rd,Hayward,CA,94544-7807,37.607818603515625,-122.06290435791016,Overture Places 2026-07-22.0,2026-07-22,open,packet_ready,primary_store_candidate
Target,514f8a14-a340-4710-a93d-e4ac598c095b,Target Mobile,3527 W Florida Ave,Hemet,CA,92545-3564,33.745723724365234,-117.00921630859375,Overture Places 2026-07-22.0,2026-07-22,open,exclude,brand_false_positive
Target,a25f3d52-e65f-4137-8d86-7a4a1cfae168,Target,12795 Main St,Hesperia,CA,92345-9110,34.42464828491211,-117.38349914550781,Overture Places 2026-07-22.0,2026-07-22,open,packet_ready,primary_store_candidate
Target,75f3b558-d85e-4fee-a84b-0825e8278e80,Target,1790 Airline Hwy,Hollister,CA,95023-5621,36.8350830078125,-121.38948059082031,Overture Places 2026-07-22.0,2026-07-22,open,packet_ready,primary_store_candidate
Target,b6817331-1b93-4973-b336-c265ffb1c79a,Target,19041 Beach Blvd,Huntington Beach,CA,92648-2305,33.68609619140625,-117.99028778076172,Overture Places 2026-07-22.0,2026-07-22,open,packet_ready,primary_store_candidate
Target,d0d41348-ace7-4edd-bc54-dd20ae53a809,Target,9882 Adams Ave,Huntington Beach,CA,92646-4808,33.670963287353516,-117.9557876586914,Overture Places 2026-07-22.0,2026-07-22,open,packet_ready,primary_store_candidate
Target,174cd4cf-62ff-4ddf-9333-67f1d34a22d2,Target,5731 Bickett St,Huntington Park,CA,90255-2624,33.990238189697266,-118.21692657470703,Overture Places 2026-07-22.0,2026-07-22,open,packet_ready,primary_store_candidate
Target,813c5843-94db-46fd-8d47-708b945ea557,Target,220 N La Brea Ave,Inglewood,CA,90301-1243,33.96506118774414,-118.35317993164062,Overture Places 2026-07-22.0,2026-07-22,open,packet_ready,primary_store_candidate
Target,068f3dea-a80a-487d-82c2-a6843a92b283,Target Grocery,3471 W Century Blvd,Inglewood,CA,90303-1218,33.9481201171875,-118.33360290527344,Overture Places 2026-07-22.0,2026-07-22,open,exclude,brand_false_positive
Target,8950d44a-d5da-4600-a6b1-31d013976d55,Target,13200 Jamboree Rd,Irvine,CA,92602-2307,33.72732162475586,-117.78527069091797,Overture Places 2026-07-22.0,2026-07-22,open,packet_ready,primary_store_candidate
Target,d9762d96-951d-4a8d-83bd-ea1e204c7bec,Target,3750 Barranca Pkwy,Irvine,CA,92606-8200,33.68551254272461,-117.81327819824219,Overture Places 2026-07-22.0,2026-07-22,open,packet_ready,primary_store_candidate
Target,0dbb650b-defd-4c0b-a826-92bf1f7f2bc5,Target Grocery,4255 Campus Dr,Irvine,CA,92612-2629,33.64950180053711,-117.83880615234375,Overture Places 2026-07-22.0,2026-07-22,open,exclude,brand_false_positive
Target,fcb827bb-dd6d-475f-8b1b-d524eea1e272,Target,900 Spectrum Center Dr,Irvine,CA,92618-4958,33.64789962768555,-117.74016571044922,Overture Places 2026-07-22.0,2026-07-22,open,packet_ready,primary_store_candidate
Target,32d6f435-1198-4729-a000-092f1cf66fb5,Target Grocery,965 Town Center Dr,La Canada Flintridge,CA,91011-1638,34.20500564575195,-118.19892120361328,Overture Places 2026-07-22.0,2026-07-22,open,exclude,brand_false_positive
Target,78f2b9ca-4d9d-44b2-bd3e-ed320effbda2,Target,1000 W Imperial Hwy,La Habra,CA,90631-6901,33.91606140136719,-117.9566879272461,Overture Places 2026-07-22.0,2026-07-22,open,packet_ready,primary_store_candidate
Target,a41c7da6-a9a6-4f05-a7d9-a02bb3a5c56a,Target,9500 Gilman Dr,La Jolla,CA,92093-5004,32.87932586669922,-117.23725891113281,Overture Places 2026-07-22.0,2026-07-22,open,packet_ready,primary_store_candidate
Target,65caac0b-c9bb-490f-a8be-e3d64e7c84d2,Target,5500 Grossmont Center Dr,La Mesa,CA,91942-3010,32.779266357421875,-117.01276397705078,Overture Places 2026-07-22.0,2026-07-22,open,packet_ready,primary_store_candidate
Target,78112ab7-7142-4fb1-9ac8-0409f19df877,Target,78935 Highway 111,La Quinta,CA,92253-2072,33.70859146118164,-116.29032897949219,Overture Places 2026-07-22.0,2026-07-22,open,packet_ready,primary_store_candidate
Target,f5dce6a5-937d-4418-89be-872f95258578,Target,18287 Collier Ave,Lake Elsinore,CA,92530-2755,33.689002990722656,-117.34284973144531,Overture Places 2026-07-22.0,2026-07-22,open,packet_ready,primary_store_candidate
Target,bfd980ac-bb29-4ae7-a799-21fde9f175f7,Target,43525 10th St W,Lancaster,CA,93534-6091,34.673072814941406,-118.14910125732422,Overture Places 2026-07-22.0,2026-07-22,open,packet_ready,primary_store_candidate
Target,083cc564-17a9-4579-a1e1-ea461eb028c5,Target,16858 Golden Valley Pkwy,Lathrop,CA,95330-9240,37.8079948425293,-121.298583984375,Overture Places 2026-07-22.0,2026-07-22,open,packet_ready,primary_store_candidate
Target,d470f9e5-c527-4b2a-95f3-a2411a6297cf,Target,14310 Hawthorne Blvd,Lawndale,CA,90260-1515,33.90144348144531,-118.35093688964844,Overture Places 2026-07-22.0,2026-07-22,open,packet_ready,primary_store_candidate
Target,efc0afd9-2493-4e23-a07f-ec1627e7961d,Target,950 Groveland Ln,Lincoln,CA,95648-7415,38.86995315551758,-121.30430603027344,Overture Places 2026-07-22.0,2026-07-22,open,packet_ready,primary_store_candidate
Target,bc6ddbf1-7bcc-4aae-8565-e756d8b741f8,Target,4300 Las Positas Rd,Livermore,CA,94551-9641,37.70132064819336,-121.746826171875,Overture Places 2026-07-22.0,2026-07-22,open,packet_ready,primary_store_candidate
Target,d2b6ad08-a4a1-4d3a-aad5-b36378832f08,Target,2355 W Kettleman Ln,Lodi,CA,95242-4120,38.11750030517578,-121.30360412597656,Overture Places 2026-07-22.0,2026-07-22,open,packet_ready,primary_store_candidate
Target,ce7a4a3c-e884-4186-a304-f9cbf47d8ee2,Target,5760 E 7th St,Long Beach,CA,90803-2002,33.77436828613281,-118.11956787109375,Overture Places 2026-07-22.0,2026-07-22,open,packet_ready,primary_store_candidate
Target,cc9e9a4b-ae80-4e08-8a6e-dec5dd260f6e,Target,6750 Cherry Ave,Long Beach,CA,90805-1717,33.877174377441406,-118.16630554199219,Overture Places 2026-07-22.0,2026-07-22,open,packet_ready,primary_store_candidate
Target,c6fa233f-20eb-495a-b26d-233e5dc20130,Target,10340 Sepulveda Blvd,Los Angeles,CA,91345-2422,34.25838851928711,-118.46656799316406,Overture Places 2026-07-22.0,2026-07-22,open,packet_ready,primary_store_candidate
Target,5eb62b60-1207-4ace-99a2-c918298cbb8d,Target,11133 Balboa Blvd,Los Angeles,CA,91344,34.27287673950195,-118.50370788574219,Overture Places 2026-07-22.0,2026-07-22,open,packet_ready,primary_store_candidate
Target,a4613cda-335c-4981-ae06-b99221a19a7d,Target,11840 Santa Monica Blvd,Los Angeles,CA,90025-2202,34.04222869873047,-118.45893859863281,Overture Places 2026-07-22.0,2026-07-22,open,packet_ready,primary_store_candidate
Target,2267992e-d9ea-404a-8b6c-4c18ed63fb92,Target,1302 S La Brea Ave,Los Angeles,CA,90019-3060,34.049354553222656,-118.34407043457031,Overture Places 2026-07-22.0,2026-07-22,open,packet_ready,primary_store_candidate
Target,0a48f5e4-f363-4068-a26b-ae38e5b715d2,Target,1701 N Gaffey St,Los Angeles,CA,90731-1274,33.76008605957031,-118.2934799194336,Overture Places 2026-07-22.0,2026-07-22,open,packet_ready,primary_store_candidate
Target,16b81312-e7c5-4353-a608-c1153fcded33,Target Grocery,17401 Ventura Blvd,Los Angeles,CA,91316-3860,34.16139602661133,-118.51286315917969,Overture Places 2026-07-22.0,2026-07-22,open,exclude,brand_false_positive
Target,137f1a64-dc58-4699-9d63-fb7115c08718,Target,1833 S La Cienega Blvd,Los Angeles,CA,90035-4662,34.0441780090332,-118.37901306152344,Overture Places 2026-07-22.0,2026-07-22,open,packet_ready,primary_store_candidate
Target,c3c1bca1-8d77-4780-b23f-4565271bb739,Target,3131 S Hoover St,Los Angeles,CA,90089-1910,34.025909423828125,-118.28414916992188,Overture Places 2026-07-22.0,2026-07-22,open,packet_ready,primary_store_candidate
Target,cc24d028-ad81-45cf-b3d4-96bdd2093baa,Target Grocery,330 N Westlake Ave,Los Angeles,CA,90026-4143,34.069271087646484,-118.26612091064453,Overture Places 2026-07-22.0,2026-07-22,open,exclude,brand_false_positive
Target,825cf3c8-b949-497d-8578-d8b28d8be085,Target Optical,3535 S La Cienega Blvd,Los Angeles,CA,90016-4407,34.0234489440918,-118.37379455566406,Overture Places 2026-07-22.0,2026-07-22,open,exclude,brand_false_positive
Target,706e7d2d-055e-48b1-a565-27da643186fe,Target,415 S La Brea Ave,Los Angeles,CA,90036-3523,34.0663948059082,-118.3442611694336,Overture Places 2026-07-22.0,2026-07-22,open,packet_ready,primary_store_candidate
Target,e57753c2-ddf1-497a-a298-0e964c24c985,Target,5500 W Sunset Blvd,Los Angeles,CA,90028-8522,34.09798812866211,-118.30962371826172,Overture Places 2026-07-22.0,2026-07-22,open,packet_ready,primary_store_candidate
Target,af2383f6-329e-4df6-bf8d-a3f874671732,Target,5711 Sepulveda Blvd,Los Angeles,CA,91411-2918,34.17519760131836,-118.4666748046875,Overture Places 2026-07-22.0,2026-07-22,open,packet_ready,primary_store_candidate
Target,a7db2e5a-716f-4eff-940d-90396a2d9615,Target,609 N Dillon St,Los Angeles,CA,90026-3604,34.07866668701172,-118.27922058105469,Overture Places 2026-07-22.0,2026-07-22,open,packet_ready,primary_store_candidate
Target,4f945dee-d2af-4862-b31e-6a533c5ecf35,Target Grocery,620 S Virgil Ave,Los Angeles,CA,90005-4080,34.063148498535156,-118.2867202758789,Overture Places 2026-07-22.0,2026-07-22,open,exclude,brand_false_positive
Target,b5e7fd71-a44c-464f-bc82-a2198ad67ab0,Target Grocery,6635 Fallbrook Ave,Los Angeles,CA,91307-3520,34.19061279296875,-118.62649536132812,Overture Places 2026-07-22.0,2026-07-22,open,exclude,brand_false_positive
Target,012e5b00-e166-4fc4-ade2-1582317603ed,Target,7021 Hollywood Blvd,Los Angeles,CA,90028-6034,34.101844787597656,-118.34254455566406,Overture Places 2026-07-22.0,2026-07-22,open,packet_ready,primary_store_candidate
Target,0ead90ed-9921-47fa-a47e-ccb0269723a8,Target,735 S Figueroa St,Los Angeles,CA,90017-2539,34.04909896850586,-118.26129150390625,Overture Places 2026-07-22.0,2026-07-22,open,packet_ready,primary_store_candidate
Target,d7d0de19-6071-4438-b45f-74d71f9432b9,Target,8480 Beverly Blvd,Los Angeles,CA,90048-3414,34.07530212402344,-118.37561798095703,Overture Places 2026-07-22.0,2026-07-22,open,packet_ready,primary_store_candidate
Target,29c84a89-d2d6-4a38-a327-4a6e07bde7e5,Target,8840 Corbin Ave,Los Angeles,CA,91324-3346,34.23107147216797,-118.56034851074219,Overture Places 2026-07-22.0,2026-07-22,open,packet_ready,primary_store_candidate
Target,5d536644-200e-4aaa-b908-1a685d4a0523,Target,8900 S Sepulveda Blvd,Los Angeles,CA,90045-3604,33.955604553222656,-118.39569854736328,Overture Places 2026-07-22.0,2026-07-22,open,packet_ready,primary_store_candidate
Target,66370d39-2fb5-4776-8729-efef8f176808,Target,1405 W Pacheco Blvd,Los Banos,CA,93635-7806,37.05418014526367,-120.8759536743164,Overture Places 2026-07-22.0,2026-07-22,open,packet_ready,primary_store_candidate
Target,4fea5d57-624a-417d-bf18-d77410852bf0,Target,1200 N Sepulveda Blvd,Manhattan Beach,CA,90266-5104,33.88893508911133,-118.39424133300781,Overture Places 2026-07-22.0,2026-07-22,open,packet_ready,primary_store_candidate
Target,e9f2b8e9-4ca0-483f-b6ee-f21b888638b9,Target,280 Spreckels Ave,Manteca,CA,95336-6005,37.79444122314453,-121.1966323852539,Overture Places 2026-07-22.0,2026-07-22,open,packet_ready,primary_store_candidate
Target,a7ff9995-b69a-446f-a515-94c00c788ecc,Target,133 General Stillwell Dr,Marina,CA,93933-6242,36.667694091796875,-121.810546875,Overture Places 2026-07-22.0,2026-07-22,open,packet_ready,primary_store_candidate
Target,bd95d4eb-161e-479f-9603-5ec46088fd39,Target Optical,30340 Haun Rd,Menifee,CA,92584-6806,33.68035125732422,-117.17261505126953,Overture Places 2026-07-22.0,2026-07-22,open,exclude,brand_false_positive
Target,8c27e9ad-041f-42d9-8b8b-f63f2091c950,Target,3280 R St,Merced,CA,95348-1954,37.32292556762695,-120.48490905761719,Overture Places 2026-07-22.0,2026-07-22,open,packet_ready,primary_store_candidate
Target,1239d178-9882-4c3d-86fa-3316d23c0acd,Target,24500 Alicia Pkwy,Mission Viejo,CA,92691-4508,33.60629653930664,-117.6884536743164,Overture Places 2026-07-22.0,2026-07-22,open,packet_ready,primary_store_candidate
Target,3064000a-1e71-47e9-9730-3e4ca89f9d52,Target,25601 Jeronimo Rd,Mission Viejo,CA,92691,33.6234245300293,-117.6810531616211,Overture Places 2026-07-22.0,2026-07-22,open,packet_ready,primary_store_candidate
Target,7ceddad8-1635-40bf-9f05-1b31e592ce00,Target,27551 Puerta Real,Mission Viejo,CA,92691-6321,33.562644958496094,-117.67182922363281,Overture Places 2026-07-22.0,2026-07-22,open,packet_ready,primary_store_candidate
Target,148366c8-2aef-4fe3-aa25-c2aeff16aaa7,Target,3405 McHenry Ave,Modesto,CA,95350-1445,37.68738555908203,-120.99634552001953,Overture Places 2026-07-22.0,2026-07-22,open,packet_ready,primary_store_candidate
Target,7bf0814f-6051-43eb-850d-0e3e6e08afe0,Target,3900 Sisk Rd,Modesto,CA,95356-3215,37.69392395019531,-121.06291198730469,Overture Places 2026-07-22.0,2026-07-22,open,packet_ready,primary_store_candidate
Target,e61bd53f-c567-4ed9-99ca-5710e0a5264d,Target Mobile,9052 Central Ave,Montclair,CA,91763-1621,34.089820861816406,-117.69058227539062,Overture Places 2026-07-22.0,2026-07-22,open,exclude,brand_false_positive
Target,15fc82cb-fbe5-4245-a264-192652575a72,CVS Pharmacy,800 New Los Angeles Ave,Moorpark,CA,93021-3585,34.27847671508789,-118.86752319335938,Overture Places 2026-07-22.0,2026-07-22,open,exclude,brand_false_positive
Target,ed5dcd54-bec0-456e-ac6d-de612b305843,Target,800 New Los Angeles Ave,Moorpark,CA,93021-3585,34.27827072143555,-118.86720275878906,Overture Places 2026-07-22.0,2026-07-22,open,packet_ready,primary_store_candidate
Target,4fac62fb-7a62-4aad-b30e-ef266e7c2eb4,Target Mobile,27100 Eucalyptus Ave,Moreno Valley,CA,92555-4522,33.937747955322266,-117.1893081665039,Overture Places 2026-07-22.0,2026-07-22,open,exclude,brand_false_positive
Target,1eb25f1f-89ec-42bf-946a-e8027ef6211c,Target,1061 Cochrane Rd,Morgan Hill,CA,95037-9305,37.157470703125,-121.6545181274414,Overture Places 2026-07-22.0,2026-07-22,open,packet_ready,primary_store_candidate
Target,4cecf13f-8464-4303-9003-200eeb85bf85,Target,555 Showers Dr,Mountain View,CA,94040-4795,37.401145935058594,-122.10624694824219,Overture Places 2026-07-22.0,2026-07-22,open,packet_ready,primary_store_candidate
Target,b9066086-20ed-464a-837f-9a0bad9b4c93,Target,27818 Clinton Keith Rd,Murrieta,CA,92562-8554,33.6038932800293,-117.17366790771484,Overture Places 2026-07-22.0,2026-07-22,open,packet_ready,primary_store_candidate
Target,40f562a0-f39a-42bf-ab89-8377e4574bac,Target,41040 California Oaks Rd,Murrieta,CA,92562-5749,33.56589889526367,-117.203125,Overture Places 2026-07-22.0,2026-07-22,open,packet_ready,primary_store_candidate
Target,d3c4be27-fa99-4dec-8b85-8a44c55faad2,Target,205 Soscol Ave,Napa,CA,94559-4007,38.28224182128906,-122.27763366699219,Overture Places 2026-07-22.0,2026-07-22,open,packet_ready,primary_store_candidate
Target,b01ea2e6-1e29-4401-b199-78d727415dca,Target,4000 Bel Aire Plz,Napa,CA,94558-2835,38.32263946533203,-122.30769348144531,Overture Places 2026-07-22.0,2026-07-22,open,packet_ready,primary_store_candidate
Target,5dfadcdb-e26a-4c4b-9fcb-93c2eadf0ecb,Target Mobile,3060 Plaza Bonita Rd,National City,CA,91950-8004,32.65379333496094,-117.06558227539062,Overture Places 2026-07-22.0,2026-07-22,open,exclude,brand_false_positive
Target,9c163839-bf83-426d-a6d2-fde0fc4ec592,Target Mobile,1290 Hamner Ave,Norco,CA,92860-3117,33.90083694458008,-117.5646743774414,Overture Places 2026-07-22.0,2026-07-22,open,exclude,brand_false_positive
Target,651bf11a-2ec8-487f-b05c-6b08719ae90e,Target,11051 Victory Blvd,North Hollywood,CA,91606-3719,34.18854904174805,-118.371337890625,Overture Places 2026-07-22.0,2026-07-22,open,packet_ready,primary_store_candidate
Target,f0f5f3a4-4d43-41d9-8ad4-097e240b0a99,Target,12121 Victory Blvd,North Hollywood,CA,91606-3204,34.187931060791016,-118.39730072021484,Overture Places 2026-07-22.0,2026-07-22,open,packet_ready,primary_store_candidate
Target,d2cfe2cf-667c-4010-bcd7-721c3fb7fb91,Target Optical,10620 Firestone Blvd,Norwalk,CA,90650-7410,33.92535400390625,-118.107177734375,Overture Places 2026-07-22.0,2026-07-22,open,exclude,brand_false_positive
Target,eb047927-34fb-415b-b552-25722bbfc18e,Target,200 Vintage Way,Novato,CA,94945-5005,38.090087890625,-122.55314636230469,Overture Places 2026-07-22.0,2026-07-22,open,packet_ready,primary_store_candidate
Target,999f133f-1b28-4da5-b195-a38dba6495cd,Target Grocery,2255 S El Camino Real,Oceanside,CA,92054-6318,33.184234619140625,-117.33024597167969,Overture Places 2026-07-22.0,2026-07-22,open,exclude,brand_false_positive
Target,48ab2628-2f9a-4181-a3ac-e93b9c992d3f,Target,443 College Blvd,Oceanside,CA,92057-5435,33.246925354003906,-117.29315185546875,Overture Places 2026-07-22.0,2026-07-22,open,packet_ready,primary_store_candidate
Target,be45be0f-1469-42b3-9cb1-c74513376a92,Target,4200 E 4th St,Ontario,CA,91764-5250,34.07566833496094,-117.56185150146484,Overture Places 2026-07-22.0,2026-07-22,open,packet_ready,primary_store_candidate
Target,ce62a8ec-3c57-4ccb-ab51-ae85596ef47a,Target,747 E Granada Ct,Ontario,CA,91764-3420,34.07366943359375,-117.63973236083984,Overture Places 2026-07-22.0,2026-07-22,open,packet_ready,primary_store_candidate
Target,f6e2856f-9954-4dc2-8d12-2f3e8af6cbfb,Target Grocery,2191 N Tustin St,Orange,CA,92865-3701,33.8248291015625,-117.8346939086914,Overture Places 2026-07-22.0,2026-07-22,open,exclude,brand_false_positive
Target,cfb63fe5-602e-4c02-a303-c7710636c893,Target,2620 E Chapman Ave,Orange,CA,92869-3207,33.78717803955078,-117.82532501220703,Overture Places 2026-07-22.0,2026-07-22,open,packet_ready,primary_store_candidate
Target,7f34bbe1-9da5-4d45-9a93-0d617a60ab7f,Target,250 W Esplanade Dr,Oxnard,CA,93036-1103,34.23196029663086,-119.1769027709961,Overture Places 2026-07-22.0,2026-07-22,open,packet_ready,primary_store_candidate
Target,cc7ba903-254f-4025-b1b2-437ecaa8943b,Target,2850 N Oxnard Blvd,Oxnard,CA,93036-5443,34.2422981262207,-119.17696380615234,Overture Places 2026-07-22.0,2026-07-22,open,packet_ready,primary_store_candidate
Target,7a30e1aa-c351-4ca1-8740-1145fd6eb5a1,Target,9725 Laurel Canyon Blvd,Pacoima,CA,91331-4100,34.245365142822266,-118.4194107055664,Overture Places 2026-07-22.0,2026-07-22,open,packet_ready,primary_store_candidate
Target,505a0ff3-0ef3-40f4-be4b-747993fff746,Target,72549 CA-111,Palm Desert,CA,92260-3306,33.72368240356445,-116.40335845947266,Overture Places 2026-07-22.0,2026-07-22,open,packet_ready,primary_store_candidate
Target,416e400f-3e36-4ccc-80b6-72ee254edd5f,Target,39440 10th St W,Palmdale,CA,93551-3747,34.599815368652344,-118.14631652832031,Overture Places 2026-07-22.0,2026-07-22,open,packet_ready,primary_store_candidate
Target,37fbce9c-021c-41d2-a800-175d904d640d,Target,2305 Theatre Dr,Paso Robles,CA,93446-9604,35.58428192138672,-120.69876861572266,Overture Places 2026-07-22.0,2026-07-22,open,packet_ready,primary_store_candidate
Target,f21604c0-61e8-4c10-b724-75eb49ef44b2,Target,401 Kenilworth Dr,Petaluma,CA,94952-3400,38.24473571777344,-122.62648010253906,Overture Places 2026-07-22.0,2026-07-22,open,packet_ready,primary_store_candidate
Target,4cbf557f-5190-4a8a-959b-80d4e7a52ccc,Target,8800 Whittier Blvd,Pico Rivera,CA,90660-2658,34.00080490112305,-118.08663177490234,Overture Places 2026-07-22.0,2026-07-22,open,packet_ready,primary_store_candidate
Target,db31df16-6a0a-4e48-b785-8d2ae96af10a,Target,1400 Fitzgerald Dr,Pinole,CA,94564-2250,37.987422943115234,-122.30962371826172,Overture Places 2026-07-22.0,2026-07-22,open,packet_ready,primary_store_candidate
Target,a2bdb0ce-0d5f-486b-a244-1ca3a2d3e87b,Target,3968 Missouri Flat Rd,Placerville,CA,95667,38.71021270751953,-120.84355163574219,Overture Places 2026-07-22.0,2026-07-22,open,packet_ready,primary_store_candidate
Target,dea59590-be66-4ae2-8c72-d36c56f3b0c6,Target,560 Contra Costa Blvd,Pleasant Hill,CA,94523-1216,37.97694396972656,-122.06685638427734,Overture Places 2026-07-22.0,2026-07-22,open,packet_ready,primary_store_candidate
Target,50946198-1c46-403b-9a5d-feea475edee3,Target,701 Rio Rancho Rd,Pomona,CA,91766-7018,34.03470993041992,-117.75630950927734,Overture Places 2026-07-22.0,2026-07-22,open,packet_ready,primary_store_candidate
Target,41f2edfe-e74e-45d9-9ec3-6202a9c8b297,Target Mobile,1363 W Henderson Ave,Porterville,CA,93257-1456,36.07801055908203,-119.04730987548828,Overture Places 2026-07-22.0,2026-07-22,open,exclude,brand_false_positive
Target,8dd1bace-a310-4b37-87e7-a68822fcebc0,Target Mobile,14823 Pomerado Rd,Poway,CA,92064-2803,32.980613708496094,-117.0605697631836,Overture Places 2026-07-22.0,2026-07-22,open,exclude,brand_false_positive
Target,0c7848df-3041-43c9-bba4-864224519bd0,Target,10881 Olson Dr,Rancho Cordova,CA,95670-5646,38.596832275390625,-121.28591918945312,Overture Places 2026-07-22.0,2026-07-22,open,packet_ready,primary_store_candidate
Target,8b39b752-52ff-44f7-909e-7d154dba38b4,CVS Pharmacy,10576 Foothill Blvd,Rancho Cucamonga,CA,91730-3890,34.10845184326172,-117.57424926757812,Overture Places 2026-07-22.0,2026-07-22,open,exclude,brand_false_positive
Target,f2e4cc58-ba72-469d-b8d6-56bf78e7f56b,Target,10576 Foothill Blvd,Rancho Cucamonga,CA,91730-3890,34.1087646484375,-117.57425689697266,Overture Places 2026-07-22.0,2026-07-22,open,packet_ready,primary_store_candidate
Target,54b49703-9599-44eb-86d4-a544b18d6ad5,Target,30602 Santa Margarita Pkwy,Rancho Santa Margarita,CA,92688-2814,33.64166259765625,-117.59762573242188,Overture Places 2026-07-22.0,2026-07-22,open,packet_ready,primary_store_candidate
Target,ce69f40a-8f7a-48cc-a4f0-805fe6497521,Target,1280 Dana Dr,Redding,CA,96003-4038,40.58659362792969,-122.34844207763672,Overture Places 2026-07-22.0,2026-07-22,open,packet_ready,primary_store_candidate
Target,feda7230-3a0e-44a3-9827-92580b11935a,Target,27320 W Lugonia Ave,Redlands,CA,92374-2041,34.07207489013672,-117.207275390625,Overture Places 2026-07-22.0,2026-07-22,open,packet_ready,primary_store_candidate
Target,528ef0f7-4135-408f-993b-5b3cb5bd3f7e,Target Grocery,2485 El Camino Real,Redwood City,CA,94063-2849,37.47539520263672,-122.21732330322266,Overture Places 2026-07-22.0,2026-07-22,open,exclude,brand_false_positive
Target,a513dd45-6b19-4fc4-ac7e-6e3b1923f523,Target,4500 Macdonald Ave,Richmond,CA,94805-2307,37.93190002441406,-122.32804870605469,Overture Places 2026-07-22.0,2026-07-22,open,packet_ready,primary_store_candidate
Target,0b5a7750-a0b2-4e1a-bfb3-03c0c8fa291e,Target,2425 Claribel Rd,Riverbank,CA,95367-9456,37.71335220336914,-120.95328521728516,Overture Places 2026-07-22.0,2026-07-22,open,packet_ready,primary_store_candidate
Target,bbbe23e2-a81a-494f-b435-f42f2026e692,Target,2755 Canyon Springs Pkwy,Riverside,CA,92507-0932,33.938682556152344,-117.28234100341797,Overture Places 2026-07-22.0,2026-07-22,open,packet_ready,primary_store_candidate
Target,ef0f0396-102d-4dfb-bdc9-1997271c9177,Target,3333 Arlington Ave,Riverside,CA,92506-3252,33.9481086730957,-117.38202667236328,Overture Places 2026-07-22.0,2026-07-22,open,packet_ready,primary_store_candidate
Target,9a0a3ba5-78e7-406f-a728-ba25aa8f89f8,Target Mobile,3520 Tyler St,Riverside,CA,92503-4175,33.906646728515625,-117.45972442626953,Overture Places 2026-07-22.0,2026-07-22,open,exclude,brand_false_positive
Target,a7da5e2e-8ddb-408c-986f-a3f23e941237,Target Grocery,5104 Commons Dr,Rocklin,CA,95677-3911,38.804908752441406,-121.20883178710938,Overture Places 2026-07-22.0,2026-07-22,open,exclude,brand_false_positive
Target,14f9d34b-1a89-48f1-a792-68b3740d274f,Target,475 Rohnert Park Expy W,Rohnert Park,CA,94928-7907,38.346168518066406,-122.7204360961914,Overture Places 2026-07-22.0,2026-07-22,open,packet_ready,primary_store_candidate
Target,882cd8f0-3a56-49ef-b673-1a1b679696f2,Target,43 Peninsula Ctr,Rolling Hills Estates,CA,90274-3506,33.77324295043945,-118.37652587890625,Overture Places 2026-07-22.0,2026-07-22,open,packet_ready,primary_store_candidate
Target,f5235e27-afa3-4ae8-9907-e43b4ae61253,Target,3600 Rosemead Blvd,Rosemead,CA,91770-2066,34.07422637939453,-118.0702896118164,Overture Places 2026-07-22.0,2026-07-22,open,packet_ready,primary_store_candidate
Target,4038d07a-6f3c-4fb3-a2bc-180bc5ed3cb3,Target,10451 Fairway Dr,Roseville,CA,95678-1987,38.790828704833984,-121.29000091552734,Overture Places 2026-07-22.0,2026-07-22,open,packet_ready,primary_store_candidate
Target,311cf146-6648-4ef1-af2a-251c41f125a1,Target,14051 Fairway Dr,Roseville,CA,95661,38.78361892700195,-121.27055358886719,Overture Places 2026-07-22.0,2026-07-22,open,packet_ready,primary_store_candidate
Target,0791cf20-fbbb-4930-8e69-9c37fa86724a,Target,1925 Douglas Blvd,Roseville,CA,95661-3834,38.74588394165039,-121.25452423095703,Overture Places 2026-07-22.0,2026-07-22,open,packet_ready,primary_store_candidate
Target,a95c5700-13f4-441e-8ede-ca40f343b9c0,Target,1707 J St,Sacramento,CA,95811-3007,38.5780029296875,-121.48348999023438,Overture Places 2026-07-22.0,2026-07-22,open,packet_ready,primary_store_candidate
Target,c77bb231-251f-49e5-9ba0-e13a2b4cc58d,Target,1919 Fulton Ave,Sacramento,CA,95825-1905,38.600765228271484,-121.40327453613281,Overture Places 2026-07-22.0,2026-07-22,open,packet_ready,primary_store_candidate
Target,22e813cf-d39d-4daa-ab72-dc261a6e6dfa,Target Grocery,2505 Riverside Blvd,Sacramento,CA,95818-2234,38.56224060058594,-121.49699401855469,Overture Places 2026-07-22.0,2026-07-22,open,exclude,brand_false_positive
Target,37c81180-cfab-4acb-857e-785bbec2830e,Target,3601 N Freeway Blvd,Sacramento,CA,95834-2902,38.64091491699219,-121.4991455078125,Overture Places 2026-07-22.0,2026-07-22,open,packet_ready,primary_store_candidate
Target,492eb5a9-55b9-4049-9a6e-183adfb850d1,Target,5001 Madison Ave,Sacramento,CA,95841-2604,38.66173553466797,-121.34918975830078,Overture Places 2026-07-22.0,2026-07-22,open,packet_ready,primary_store_candidate
Target,6b79be19-5b44-4a45-8dd1-e73766fb5acd,Target,6507 4th Ave,Sacramento,CA,95817-2611,38.54922103881836,-121.42589569091797,Overture Places 2026-07-22.0,2026-07-22,open,packet_ready,primary_store_candidate
Target,a237036c-cf98-410c-8171-cd14a714a811,Target,8101 Cosumnes River Blvd,Sacramento,CA,95823-5415,38.458560943603516,-121.41365814208984,Overture Places 2026-07-22.0,2026-07-22,open,packet_ready,primary_store_candidate
Target,5c8a6a92-3b7a-4f07-ba25-2a10fc4eaa2d,Target Grocery,499 W Orange Show Rd,San Bernardino,CA,92408-2029,34.078304290771484,-117.2919692993164,Overture Places 2026-07-22.0,2026-07-22,open,exclude,brand_false_positive
Target,cfcac9fc-0015-4dbf-9e4d-98b2ba083169,Target,1150 El Camino Real,San Bruno,CA,94066-2420,37.636871337890625,-122.41642761230469,Overture Places 2026-07-22.0,2026-07-22,open,packet_ready,primary_store_candidate
Target,2b535538-d46d-4d07-8be3-a8df3e4b80fc,CVS Pharmacy,990 Avenida Vista Hermosa,San Clemente,CA,92673-6360,33.46385955810547,-117.60628509521484,Overture Places 2026-07-22.0,2026-07-22,open,exclude,brand_false_positive
Target,67161362-e1cc-4de3-be5f-d8bf567df5ec,Target,990 Avenida Vista Hermosa,San Clemente,CA,92673-6360,33.46326446533203,-117.60669708251953,Overture Places 2026-07-22.0,2026-07-22,open,packet_ready,primary_store_candidate
Target,4eb6eb42-16ec-4c83-bb20-30fa6b86041e,Target Grocery,1288 Camino del Rio N,San Diego,CA,92108-1511,32.7681884765625,-117.15065002441406,Overture Places 2026-07-22.0,2026-07-22,open,exclude,brand_false_positive
Target,ffdef6f1-dab1-4275-adf0-b9d616fd6754,Target,17170 Camino del Sur,San Diego,CA,92127-2538,33.019874572753906,-117.12539672851562,Overture Places 2026-07-22.0,2026-07-22,open,packet_ready,primary_store_candidate
Target,93e2e3ea-16ef-442a-bd0c-11c73b072d78,Target,3029 University Ave,San Diego,CA,92104-3036,32.74830627441406,-117.12895202636719,Overture Places 2026-07-22.0,2026-07-22,open,packet_ready,primary_store_candidate
Target,61103dc7-1ac9-481a-8bf8-771f4d49dcc8,Target,3030 Grape St,San Diego,CA,92102-1134,32.72682571411133,-117.1288833618164,Overture Places 2026-07-22.0,2026-07-22,open,packet_ready,primary_store_candidate
Target,a1b8e21f-2fd5-44fd-854c-71eddb023044,Target Mobile,3245 Sports Arena Blvd,San Diego,CA,92110-4529,32.75178146362305,-117.20950317382812,Overture Places 2026-07-22.0,2026-07-22,open,exclude,brand_false_positive
Target,f22ab0c8-24af-482c-948b-0d21a2ee110c,Target,3245 Sports Arena Blvd,San Diego,CA,92110-4529,32.75151824951172,-117.21002960205078,Overture Places 2026-07-22.0,2026-07-22,open,packet_ready,primary_store_candidate
Target,7feb8866-1fd5-4a4e-b2ba-0b7a0f5e98fb,Target,3424 College Ave,San Diego,CA,92115,32.741092681884766,-117.05557250976562,Overture Places 2026-07-22.0,2026-07-22,open,packet_ready,primary_store_candidate
Target,93b5b871-b5ff-4578-9d8f-66b5fe468b94,Target,4864 Newport Ave,San Diego,CA,92107-3111,32.74551010131836,-117.24847412109375,Overture Places 2026-07-22.0,2026-07-22,open,packet_ready,primary_store_candidate
Target,e1e86a46-18c5-471d-9e33-80ca5e920ee5,Target,5680 Balboa Ave,San Diego,CA,92111-2706,32.8218994140625,-117.1789779663086,Overture Places 2026-07-22.0,2026-07-22,open,packet_ready,primary_store_candidate
Target,91049528-0970-4672-b606-b73518facd8c,Target,8001 Othello Ave,San Diego,CA,92111-3713,32.81646728515625,-117.15101623535156,Overture Places 2026-07-22.0,2026-07-22,open,packet_ready,primary_store_candidate
Target,1751e9ce-c5bc-452f-9c2d-e5204c5b0fbd,Target,8251 Mira Mesa Blvd,San Diego,CA,92126-2603,32.910404205322266,-117.14618682861328,Overture Places 2026-07-22.0,2026-07-22,open,packet_ready,primary_store_candidate
Target,fbb4fbdc-ff0c-400a-b14a-4955643913bb,Target,888 W Arrow Hwy,San Dimas,CA,91773-2495,34.10441207885742,-117.82357025146484,Overture Places 2026-07-22.0,2026-07-22,open,packet_ready,primary_store_candidate
Target,c63c027d-9e27-4069-82f9-8afdae32158e,Target,2675 Geary Blvd,San Francisco,CA,94118-3400,37.782188415527344,-122.44684600830078,Overture Places 2026-07-22.0,2026-07-22,open,packet_ready,primary_store_candidate
Target,6fe5c2ca-47db-491e-b61a-3c7edfc3ebde,Target,285 Winston Dr,San Francisco,CA,94132-1921,37.726600646972656,-122.47681427001953,Overture Places 2026-07-22.0,2026-07-22,open,packet_ready,primary_store_candidate
Target,ab16287d-f001-45db-bc38-c1c3337ed2b9,Target,789 Mission St,San Francisco,CA,94103-3132,37.78459548950195,-122.40393829345703,Overture Places 2026-07-22.0,2026-07-22,open,packet_ready,primary_store_candidate
Target,93125b76-b4e9-4d32-91ad-8ff0bdf80a96,Target Grocery,1600 Saratoga Ave,San Jose,CA,95129-5101,37.29169464111328,-121.99000549316406,Overture Places 2026-07-22.0,2026-07-22,open,exclude,brand_false_positive
Target,c2664658-ca45-48da-a4f2-ec734c5dac66,Target,1750 Story Rd,San Jose,CA,95122-1921,37.33991241455078,-121.840087890625,Overture Places 2026-07-22.0,2026-07-22,open,packet_ready,primary_store_candidate
Target,ad1e11f4-02da-4930-a12d-9e6c19e895a7,Target,1811 Hillsdale Ave,San Jose,CA,95124-3027,37.265193939208984,-121.9186782836914,Overture Places 2026-07-22.0,2026-07-22,open,packet_ready,primary_store_candidate
Target,2af453a6-4873-4ea9-83ae-490f49a38f4b,Target,2155 Morrill Ave,San Jose,CA,95132-1130,37.41386795043945,-121.87653350830078,Overture Places 2026-07-22.0,2026-07-22,open,packet_ready,primary_store_candidate
Target,f79bb3c9-b830-498b-9820-3201406f182a,Target,2161 Monterey Hwy,San Jose,CA,95125-1057,37.3040657043457,-121.86573791503906,Overture Places 2026-07-22.0,2026-07-22,open,packet_ready,primary_store_candidate
Target,e6a62546-9105-4afe-8cfc-dade6489a89f,Target,3155 Silver Creek Rd,San Jose,CA,95121-1730,37.307273864746094,-121.8133773803711,Overture Places 2026-07-22.0,2026-07-22,open,packet_ready,primary_store_candidate
Target,ebf157ab-ecc7-4fee-b6d6-01f2819a9a65,Target,450 N Capitol Ave,San Jose,CA,95133-1938,37.373897552490234,-121.84452056884766,Overture Places 2026-07-22.0,2026-07-22,open,packet_ready,primary_store_candidate
Target,0eeeca83-12e2-4d44-9ac2-89b15e3f28f6,Target Optical,533 Coleman Ave,San Jose,CA,95110-2047,37.33864974975586,-121.90438842773438,Overture Places 2026-07-22.0,2026-07-22,open,exclude,brand_false_positive
Target,77a0c639-5acc-4fe2-b4bd-fbab8626c365,Target Optical,5630 Cottle Rd,San Jose,CA,95123-3696,37.25050735473633,-121.80320739746094,Overture Places 2026-07-22.0,2026-07-22,open,exclude,brand_false_positive
Target,b13e0ac5-a0b1-442a-a911-b951420592f1,Target,879 Blossom Hill Rd,San Jose,CA,95123-1213,37.25222396850586,-121.86063385009766,Overture Places 2026-07-22.0,2026-07-22,open,packet_ready,primary_store_candidate
Target,d8a03579-281f-4a74-afae-52d5f7cfa083,Target,95 Holger Way,San Jose,CA,95134-1377,37.41810607910156,-121.95552062988281,Overture Places 2026-07-22.0,2026-07-22,open,packet_ready,primary_store_candidate
Target,92c9efd7-f651-4f45-b993-cfee26752427,Target,31874 Del Obispo St,San Juan Capistrano,CA,92675-3204,33.49874496459961,-117.65958404541016,Overture Places 2026-07-22.0,2026-07-22,open,packet_ready,primary_store_candidate
Target,cdd55b44-3360-42ff-b9dd-a279479b0c66,Target,15555 E 14th St,San Leandro,CA,94578-1900,37.699249267578125,-122.1268081665039,Overture Places 2026-07-22.0,2026-07-22,open,packet_ready,primary_store_candidate
Target,c3ac6d2c-2bb0-4361-8f69-5ba8fd0e4218,Target,11990 Los Osos Valley Rd,San Luis Obispo,CA,93405-6861,35.25238037109375,-120.68522644042969,Overture Places 2026-07-22.0,2026-07-22,open,packet_ready,primary_store_candidate
Target,f4f36e3e-4cc4-40f3-ba14-60a84c539ff1,Target Optical,2220 Bridgepointe Pkwy,San Mateo,CA,94404-1569,37.55888366699219,-122.28337097167969,Overture Places 2026-07-22.0,2026-07-22,open,exclude,brand_false_positive
Target,b26dc3a9-9326-4d20-ae19-c72ca3013f1a,CVS Pharmacy,125 Shoreline Pkwy,San Rafael,CA,94901-5521,37.955509185791016,-122.4914779663086,Overture Places 2026-07-22.0,2026-07-22,open,exclude,brand_false_positive
Target,baf2e00b-dc50-4c11-8552-3d23dde42c3b,Target,125 Shoreline Pkwy,San Rafael,CA,94901-5521,37.955352783203125,-122.49148559570312,Overture Places 2026-07-22.0,2026-07-22,open,packet_ready,primary_store_candidate
Target,94463c8c-f049-4cce-9ca7-6f68cd23b1c8,Target,2610 Bishop Dr,San Ramon,CA,94583-2338,37.76213836669922,-121.9642105102539,Overture Places 2026-07-22.0,2026-07-22,open,packet_ready,primary_store_candidate
Target,5165237d-9a46-4b9a-8fb0-450945c618b5,Target,2040 California Ave,Sand City,CA,93955-3150,36.621131896972656,-121.84310913085938,Overture Places 2026-07-22.0,2026-07-22,open,packet_ready,primary_store_candidate
Target,fb1064a1-7c9b-456c-9acb-db6a5dc576f2,Target,1330 E 17th St,Santa Ana,CA,92705-8500,33.75911331176758,-117.85030364990234,Overture Places 2026-07-22.0,2026-07-22,open,packet_ready,primary_store_candidate
Target,700d9629-65d7-4864-bb20-e1aab19318a5,Target,3300 S Bristol St,Santa Ana,CA,92704-7246,33.702850341796875,-117.88774871826172,Overture Places 2026-07-22.0,2026-07-22,open,packet_ready,primary_store_candidate
Target,1f03c236-f19d-4317-b9a5-a29fdc570262,Target,3891 State St,Santa Barbara,CA,93105-3180,34.44010543823242,-119.75068664550781,Overture Places 2026-07-22.0,2026-07-22,open,packet_ready,primary_store_candidate
Target,ca89df26-9959-49f4-8060-2282d46000f1,Target,2004 El Camino Real,Santa Clara,CA,95050-4051,37.350311279296875,-121.9609146118164,Overture Places 2026-07-22.0,2026-07-22,open,packet_ready,primary_store_candidate
Target,11934c35-f789-4aaa-8ca9-ed10d3e78379,Target,19105 Golden Valley Rd,Santa Clarita,CA,91387-1428,34.3940544128418,-118.46497344970703,Overture Places 2026-07-22.0,2026-07-22,open,packet_ready,primary_store_candidate
Target,5997627d-a14d-444f-bda0-a1c0aa62f1d4,Target,10621 Carmenita Rd,Santa Fe Springs,CA,90670-4017,33.93782424926758,-118.0481185913086,Overture Places 2026-07-22.0,2026-07-22,open,packet_ready,primary_store_candidate
Target,0ef92951-dbb1-4ef6-bc71-146ee42ba3b7,Target Mobile,223 E Betteravia Rd,Santa Maria,CA,93454-7803,34.92280960083008,-120.43392181396484,Overture Places 2026-07-22.0,2026-07-22,open,exclude,brand_false_positive
Target,2eeef4e0-a41d-480f-96b0-bc80d41bce3e,Target,1610 Wilshire Blvd,Santa Monica,CA,90403-5508,34.02840042114258,-118.48655700683594,Overture Places 2026-07-22.0,2026-07-22,open,packet_ready,primary_store_candidate
Target,ee788063-9a55-49af-9091-7b65e271fb71,Target,420 Broadway,Santa Monica,CA,90401-2314,34.01564407348633,-118.49267578125,Overture Places 2026-07-22.0,2026-07-22,open,packet_ready,primary_store_candidate
Target,6a4313eb-29f4-4afb-adfd-48f959cfaa7e,Target,1980 Santa Rosa Ave,Santa Rosa,CA,95407-7621,38.41727828979492,-122.70878601074219,Overture Places 2026-07-22.0,2026-07-22,open,packet_ready,primary_store_candidate
Target,e8e5c75a-2a35-4361-9aa8-f1f8ab817156,Target,950 Coddingtown Ctr,Santa Rosa,CA,95401,38.456787109375,-122.73002624511719,Overture Places 2026-07-22.0,2026-07-22,open,packet_ready,primary_store_candidate
Target,d6aa0549-988e-4655-a44c-f17c929579b0,Target Optical,9846 Mission Gorge Rd,Santee,CA,92071,32.84211730957031,-116.98274230957031,Overture Places 2026-07-22.0,2026-07-22,open,exclude,brand_false_positive
Target,26b02f1d-c06f-4019-b966-08b5a2c629ba,Target,180 Donahue St,Sausalito,CA,94965-1250,37.8737678527832,-122.51077270507812,Overture Places 2026-07-22.0,2026-07-22,open,packet_ready,primary_store_candidate
Target,16c2a870-47e8-43a8-94aa-db12359d0957,Target Grocery,270 Mount Hermon Rd,Scotts Valley,CA,95066-4024,37.048500061035156,-122.03166961669922,Overture Places 2026-07-22.0,2026-07-22,open,exclude,brand_false_positive
Target,a3ffe174-f1f5-4479-8b23-35b6099a024a,Target,12300 Seal Beach Blvd,Seal Beach,CA,90740-2709,33.7828254699707,-118.07001495361328,Overture Places 2026-07-22.0,2026-07-22,open,packet_ready,primary_store_candidate
Target,0dd579bc-f274-46a3-a2a4-ec1e6dfd9de1,Target,950 E 33rd St,Signal Hill,CA,90755-5114,33.81645584106445,-118.18156433105469,Overture Places 2026-07-22.0,2026-07-22,open,packet_ready,primary_store_candidate
Target,5272a47b-1a02-4c6c-acae-370aa48544c7,Target Optical,51 Tierra Rejada Rd,Simi Valley,CA,93065-2902,34.27326965332031,-118.79790496826172,Overture Places 2026-07-22.0,2026-07-22,open,exclude,brand_false_positive
Target,06f9bf38-980e-49d3-be2b-d254d8f72753,Target,660 E Los Angeles Ave,Simi Valley,CA,93065-1873,34.2706298828125,-118.78475189208984,Overture Places 2026-07-22.0,2026-07-22,open,packet_ready,primary_store_candidate
Target,5e8329dd-49c2-416f-a7cc-d5566d991cf0,Target,5700 Firestone Blvd,South Gate,CA,90280-3704,33.94813537597656,-118.1683349609375,Overture Places 2026-07-22.0,2026-07-22,open,packet_ready,primary_store_candidate
Target,c73069e4-dba4-4dd9-8310-9669a15ecf91,Target,935 Sweetwater Rd,Spring Valley,CA,91977-4866,32.713287353515625,-117.010986328125,Overture Places 2026-07-22.0,2026-07-22,open,packet_ready,primary_store_candidate
Target,6560b026-3ff5-454a-b0b1-415b7c1b34bf,Target,10424 Trinity Pkwy,Stockton,CA,95219,38.05210494995117,-121.37223052978516,Overture Places 2026-07-22.0,2026-07-22,open,packet_ready,primary_store_candidate
Target,b3ff117a-2090-4b62-a295-b56ba5bf6c08,Target,4707 Pacific Ave,Stockton,CA,95207-6301,37.99165725708008,-121.31521606445312,Overture Places 2026-07-22.0,2026-07-22,open,packet_ready,primary_store_candidate
Target,414582c5-e2e7-4564-940a-dace01847105,CVS Pharmacy,298 McKinley Ave,Sunnyvale,CA,94086,37.3740119934082,-122.03284454345703,Overture Places 2026-07-22.0,2026-07-22,open,exclude,brand_false_positive
Target,c38acf8d-88ca-4725-bf6a-ce7852da5277,Target,298 McKinley Ave,Sunnyvale,CA,94086,37.37379455566406,-122.03199768066406,Overture Places 2026-07-22.0,2026-07-22,open,packet_ready,primary_store_candidate
Target,afc8e6f5-5b1a-44c4-ba1d-9d2d2d063f43,Target,29676 Rancho California Rd,Temecula,CA,92591-5283,33.50679397583008,-117.14614868164062,Overture Places 2026-07-22.0,2026-07-22,open,packet_ready,primary_store_candidate
Target,dead03f1-8ed8-45d8-ac60-fe6804d8dd0b,Target,2705 Teller Rd,Thousand Oaks,CA,91320-1190,34.191184997558594,-118.93450164794922,Overture Places 2026-07-22.0,2026-07-22,open,packet_ready,primary_store_candidate
Target,d5f0612a-90b8-4d53-9d07-bc8b970fc792,Target,3433 Sepulveda Blvd,Torrance,CA,90505-2606,33.82670593261719,-118.34581756591797,Overture Places 2026-07-22.0,2026-07-22,open,packet_ready,primary_store_candidate
Target,41c3d8d5-272b-48ca-9c67-d300f131276d,Target Optical,2195 E Prosperity Ave,Tulare,CA,93274-7754,36.2242431640625,-119.31403350830078,Overture Places 2026-07-22.0,2026-07-22,open,exclude,brand_false_positive
Target,4b684d06-b03a-4416-b36a-92baa4b72c22,Target Optical,3000 Countryside Dr,Turlock,CA,95380-8402,37.520599365234375,-120.87858581542969,Overture Places 2026-07-22.0,2026-07-22,open,exclude,brand_false_positive
Target,a9157ebe-af97-48e7-8783-a74e66726ddd,Target,2300 Park Ave,Tustin,CA,92782-2702,33.70008850097656,-117.82745361328125,Overture Places 2026-07-22.0,2026-07-22,open,packet_ready,primary_store_candidate
Target,ea0901bc-6ab0-4eab-a34f-1bfb43564604,Target,1931 N Campus Ave,Upland,CA,91784-1667,34.13352966308594,-117.64073944091797,Overture Places 2026-07-22.0,2026-07-22,open,packet_ready,primary_store_candidate
Target,0b3841f5-09cb-48a9-a4aa-1652db31ccdc,Target Mobile,3000 Harbison Dr,Vacaville,CA,95687-3909,38.36106872558594,-121.96159362792969,Overture Places 2026-07-22.0,2026-07-22,open,exclude,brand_false_positive
Target,d159a5c9-821b-4896-bcdc-8b277a6e5a5f,Target,24425 Magic Mountain Pkwy,Valencia,CA,91355-3403,34.42106246948242,-118.56158447265625,Overture Places 2026-07-22.0,2026-07-22,open,packet_ready,primary_store_candidate
Target,c409db96-3a40-4663-9170-8baa52c1b90a,Target,904 Admiral Callaghan Ln,Vallejo,CA,94591-3680,38.13166809082031,-122.22266387939453,Overture Places 2026-07-22.0,2026-07-22,open,packet_ready,primary_store_candidate
Target,4492d0d3-3063-4538-8e0f-209fc7d03ce8,Target,14920 Raymer St,Van Nuys,CA,91405-1146,34.212738037109375,-118.4595947265625,Overture Places 2026-07-22.0,2026-07-22,open,packet_ready,primary_store_candidate
Target,ca9f6ac3-b083-4c3d-866e-2fd5199198fa,Target,245 S Mills Rd,Ventura,CA,93003-3435,34.270294189453125,-119.24903106689453,Overture Places 2026-07-22.0,2026-07-22,open,packet_ready,primary_store_candidate
Target,e314c687-c8cf-44ec-99a7-441e03b48c2c,Target,4200 E Main St,Ventura,CA,93003-5230,34.2618522644043,-119.23723602294922,Overture Places 2026-07-22.0,2026-07-22,open,packet_ready,primary_store_candidate
Target,5ce277c7-5d90-4330-858c-19f3e6db3bd2,Target,3308 N Dinuba Blvd,Visalia,CA,93291-8718,36.35898971557617,-119.29490661621094,Overture Places 2026-07-22.0,2026-07-22,open,packet_ready,primary_store_candidate
Target,c92cc2be-7e4d-40cd-87b6-9e89369aa108,Target,3308 N Dinuba Blvd,Visalia,CA,93291-8718,36.35871505737305,-119.29525756835938,Overture Places 2026-07-22.0,2026-07-22,open,packet_ready,primary_store_candidate
Target,deca8a7c-da63-4a1e-8663-dc4f4661b7c5,Target,4247 S Mooney Blvd,Visalia,CA,93277,36.29235076904297,-119.3172378540039,Overture Places 2026-07-22.0,2026-07-22,open,packet_ready,primary_store_candidate
Target,6123a027-836a-4a26-adcf-718d314063ad,Target,1751 University Dr,Vista,CA,92083-7775,33.168914794921875,-117.21471405029297,Overture Places 2026-07-22.0,2026-07-22,open,packet_ready,primary_store_candidate
Target,3da27252-0954-4518-ae35-f8db8b3beaff,Target,3150 Business Park Dr,Vista,CA,92081-8520,33.136573791503906,-117.22859954833984,Overture Places 2026-07-22.0,2026-07-22,open,packet_ready,primary_store_candidate
Target,d583f0a6-c416-4088-8b30-416e2f61ceb0,Target,1871 N Main St,Walnut Creek,CA,94596-4106,37.90510177612305,-122.06414794921875,Overture Places 2026-07-22.0,2026-07-22,open,packet_ready,primary_store_candidate
Target,fda3f5bf-70d9-4771-a718-fe438cd4e224,Target,1415 Main St,Watsonville,CA,95076-3755,36.91529083251953,-121.7743148803711,Overture Places 2026-07-22.0,2026-07-22,open,packet_ready,primary_store_candidate
Target,f0e48cc3-a347-4cb9-9afa-929f2631be3b,Target,2370 S Azusa Ave,West Covina,CA,91792-1511,34.03355407714844,-117.91214752197266,Overture Places 2026-07-22.0,2026-07-22,open,packet_ready,primary_store_candidate
Target,e05421f1-b81b-4bcb-a736-710063d3a70b,Target Grocery,2831 E Eastland Center Dr,West Covina,CA,91791-1624,34.0738410949707,-117.88441467285156,Overture Places 2026-07-22.0,2026-07-22,open,exclude,brand_false_positive
Target,70370abf-c557-4a6c-a6f2-ccd01917f846,Target,7100 Santa Monica Blvd,West Hollywood,CA,90046-5896,34.08979415893555,-118.34465789794922,Overture Places 2026-07-22.0,2026-07-22,open,packet_ready,primary_store_candidate
Target,670a8951-a931-4851-a580-f0aa22b8a693,Target,2005 Town Center Plz,West Sacramento,CA,95691-4957,38.54925537109375,-121.53646850585938,Overture Places 2026-07-22.0,2026-07-22,open,packet_ready,primary_store_candidate
Target,2b62d8ee-0404-4494-bfdc-fbfd5ab8a2f8,CVS Pharmacy,30740 Russell Ranch Rd,Westlake Village,CA,91362,34.147605895996094,-118.79386138916016,Overture Places 2026-07-22.0,2026-07-22,open,exclude,brand_false_positive
Target,a35f65ca-c111-4aaf-8f17-63da9cd316b2,Target Optical,30740 Russell Ranch Rd,Westlake Village,CA,91362,34.147850036621094,-118.79385375976562,Overture Places 2026-07-22.0,2026-07-22,open,exclude,brand_false_positive
Target,e76cd9c3-0242-49fe-8d9b-e32c2279cbbb,Target,16400 Beach Blvd,Westminster,CA,92683-7858,33.7255744934082,-117.9861068725586,Overture Places 2026-07-22.0,2026-07-22,open,packet_ready,primary_store_candidate
Target,082db2b9-a178-45b2-9f20-f6a1203f2779,Target,200 Westminster Mall,Westminster,CA,92683,33.74616622924805,-118.01222229003906,Overture Places 2026-07-22.0,2026-07-22,open,packet_ready,primary_store_candidate
Target,14f4cd74-8a75-4dff-b385-411fc983bfca,Target Mobile,15614 Whittwood Ln,Whittier,CA,90603-2324,33.942893981933594,-117.99647521972656,Overture Places 2026-07-22.0,2026-07-22,open,exclude,brand_false_positive
Target,c638921b-caa0-44ff-b68d-ee38c23903bd,Target,2185 Bronze Star Dr,Woodland,CA,95776-5406,38.67230987548828,-121.72511291503906,Overture Places 2026-07-22.0,2026-07-22,open,packet_ready,primary_store_candidate
Target,e704cd4e-39b2-4762-848b-eeee526600b4,Target,20801 Ventura Blvd,Woodland Hills,CA,91364-2319,34.167301177978516,-118.58550262451172,Overture Places 2026-07-22.0,2026-07-22,open,packet_ready,primary_store_candidate
Target,30d0e118-8f20-4cee-8804-4f30d654e4aa,Target,17506 Yorba Linda Blvd,Yorba Linda,CA,92886-3825,33.88749313354492,-117.8281021118164,Overture Places 2026-07-22.0,2026-07-22,open,packet_ready,primary_store_candidate
Target,8ee451db-7169-4bff-93b0-e2d2c08b2d5e,Target Grocery,1153 Butte House Rd,Yuba City,CA,95991-3102,39.14608383178711,-121.63208770751953,Overture Places 2026-07-22.0,2026-07-22,open,exclude,brand_false_positive
Walmart,3040509d-4535-4b57-a27a-dee5e6a58679,Walmart,7011 Main St,American Canyon,CA,94503-5104,38.18289566040039,-122.25301361083984,Overture Places 2026-07-22.0,2026-07-22,open,packet_ready,primary_store_candidate
Walmart,ac2bbccc-68a9-4e85-aac1-9ee2807f2ecd,Walmart Neighborhood Market,1120 S Anaheim Blvd,Anaheim,CA,92805-5810,33.81938934326172,-117.9079360961914,Overture Places 2026-07-22.0,2026-07-22,open,exclude,brand_false_positive
Walmart,aa10eec3-9c86-4264-80e1-abcb3d36575f,Walmart,440 N Euclid St,Anaheim,CA,92801,33.836158752441406,-117.93843078613281,Overture Places 2026-07-22.0,2026-07-22,open,packet_ready,primary_store_candidate
Walmart,d31b8cb9-47c4-4943-b17d-2d1a116c06fb,Walmart,88 E Orangethorpe Ave,Anaheim,CA,92801-1206,33.857662200927734,-117.91880798339844,Overture Places 2026-07-22.0,2026-07-22,open,packet_ready,primary_store_candidate
Walmart,8189deb6-2791-4bea-b401-fd9f5eb2f74b,Walmart,7901 Watt Ave,Antelope,CA,95843-2002,38.712867736816406,-121.39448547363281,Overture Places 2026-07-22.0,2026-07-22,open,packet_ready,primary_store_candidate
Walmart,962240fd-4d66-4e32-a3ee-7acfaafafed0,Walmart Tech Services,4893 Lone Tree Way,Antioch,CA,94531-8553,37.96318054199219,-121.761962890625,Overture Places 2026-07-22.0,2026-07-22,open,packet_ready,primary_store_candidate
Walmart,f6a6282b-37da-4b65-be06-3efb4ba58dca,Walmart Garden Center,20251 US Highway 18,Apple Valley,CA,92307-2953,34.525760650634766,-117.22315216064453,Overture Places 2026-07-22.0,2026-07-22,open,exclude,brand_false_positive
Walmart,32aea5c7-6211-407a-b0c6-1dec7f8dcf62,Walmart,800 Commerce Ave,Atwater,CA,95301-5217,37.34041213989258,-120.6092300415039,Overture Places 2026-07-22.0,2026-07-22,open,packet_ready,primary_store_candidate
Walmart,aa000ef8-eb28-47b2-be37-fa9671945ad7,Walmart Neighborhood Market,1249 Allen Rd,Bakersfield,CA,93314-9748,35.37015914916992,-119.14745330810547,Overture Places 2026-07-22.0,2026-07-22,open,exclude,brand_false_positive
Walmart,4fed2c61-a14d-47ee-9a95-66f655823956,Walmart Business Center,2601 Fashion Pl,Bakersfield,CA,93306-3027,35.39159393310547,-118.96083068847656,Overture Places 2026-07-22.0,2026-07-22,open,packet_ready,primary_store_candidate
Walmart,c69d082c-6750-4c91-86db-35b129cb49b5,Walmart Neighborhood Market,3111 N Chester Ave,Bakersfield,CA,93308-1716,35.434383392333984,-119.02225494384766,Overture Places 2026-07-22.0,2026-07-22,open,exclude,brand_false_positive
Walmart,b667c376-dc67-4b29-8cce-d5f12e1679bd,Walmart Neighborhood Market,5037 E Brundage Ln,Bakersfield,CA,93307-2907,35.35338592529297,-118.94773864746094,Overture Places 2026-07-22.0,2026-07-22,open,exclude,brand_false_positive
Walmart,3784a2e1-63ef-48db-a2d2-c7842ef4c4b4,Walmart Business Center,5075 Gosford Rd,Bakersfield,CA,93313-4993,35.309661865234375,-119.09567260742188,Overture Places 2026-07-22.0,2026-07-22,open,packet_ready,primary_store_candidate
Walmart,abc0e74c-1cc2-4a1a-8f13-397b1f75d4e0,Walmart,5625 Calloway Dr,Bakersfield,CA,93312-9726,35.41190719604492,-119.11263275146484,Overture Places 2026-07-22.0,2026-07-22,open,packet_ready,primary_store_candidate
Walmart,fef66ef4-a0c0-4142-9afe-edbe02162d4e,Walmart,6225 Colony St,Bakersfield,CA,93307-6538,35.29850387573242,-119.02937316894531,Overture Places 2026-07-22.0,2026-07-22,open,packet_ready,primary_store_candidate
Walmart,23f3a80a-57eb-4d6c-9e43-a300219f0db2,The FIX,3250 Big Dalton Ave,Baldwin Park,CA,91706-5107,34.07184600830078,-117.96353149414062,Overture Places 2026-07-22.0,2026-07-22,open,exclude,brand_false_positive
Walmart,54c4d4eb-1adc-41f5-a0cd-6002f0dfa97e,Walmart Garden Center,3250 Big Dalton Ave,Baldwin Park,CA,91706-5107,34.0718879699707,-117.96270751953125,Overture Places 2026-07-22.0,2026-07-22,open,exclude,brand_false_positive
Walmart,995845a4-b7a1-4a74-89f6-3a755c68075e,Walmart,301 Montara Rd,Barstow,CA,92311-5708,34.88261413574219,-116.99175262451172,Overture Places 2026-07-22.0,2026-07-22,open,packet_ready,primary_store_candidate
Walmart,9f034d9e-b815-4345-bb2e-6a82673b6afb,Walmart,1540 E 2nd St,Beaumont,CA,92223-3101,33.92485809326172,-116.95173645019531,Overture Places 2026-07-22.0,2026-07-22,open,packet_ready,primary_store_candidate
Walmart,1f589acc-4a60-4f98-868f-c5902c80b40d,Walmart,250 Wildcat Dr,Brawley,CA,92227-9654,32.962646484375,-115.54630279541016,Overture Places 2026-07-22.0,2026-07-22,open,packet_ready,primary_store_candidate
Walmart,d23871d6-f603-4be2-81fa-a1bb79a8eb25,Walmart,2595 E Imperial Hwy,Brea,CA,92821-6129,33.913265228271484,-117.86542510986328,Overture Places 2026-07-22.0,2026-07-22,open,packet_ready,primary_store_candidate
Walmart,8e605a04-edee-4af5-87fb-46d5e72c773f,Walmart Garden Center,8450 La Palma Ave,Buena Park,CA,90620-3210,33.844825744628906,-117.98677825927734,Overture Places 2026-07-22.0,2026-07-22,open,exclude,brand_false_positive
Walmart,ea6cdac6-ad7f-4ef1-9973-5d6b663decdb,Walmart,1301 N Victory Pl,Burbank,CA,91502-1649,34.18830490112305,-118.32539367675781,Overture Places 2026-07-22.0,2026-07-22,open,packet_ready,primary_store_candidate
Walmart,ecdc9d44-76d1-4e7e-ba0f-749bb32c2c91,Walmart Garden Center,2540 Rockwood Ave,Calexico,CA,92231-4406,32.69730758666992,-115.49683380126953,Overture Places 2026-07-22.0,2026-07-22,open,exclude,brand_false_positive
Walmart,f2bd90c0-6a6e-4c94-bc42-7128330147ab,Walmart Neighborhood Market,275 W Ventura Blvd,Camarillo,CA,93010-8359,34.21739196777344,-119.07456970214844,Overture Places 2026-07-22.0,2026-07-22,open,exclude,brand_false_positive
Walmart,246049f8-c80c-4620-8d30-1efe0f199c0a,Walmart Neighborhood Market,20226 Avalon Blvd,Carson,CA,90746-3829,33.84846878051758,-118.26366424560547,Overture Places 2026-07-22.0,2026-07-22,open,exclude,brand_false_positive
Walmart,f94bbfb1-9777-40f8-82d1-d0446cdfe633,Walmart,12701 Towne Center Dr,Cerritos,CA,90703-8579,33.872318267822266,-118.06201934814453,Overture Places 2026-07-22.0,2026-07-22,open,packet_ready,primary_store_candidate
Walmart,c2703cae-d219-4efe-acdc-3d1971b37188,Walmart,2044 Forest Ave,Chico,CA,95928-7619,39.7231559753418,-121.80463409423828,Overture Places 2026-07-22.0,2026-07-22,open,packet_ready,primary_store_candidate
Walmart,b942075b-8fa7-4301-a184-0d1f0d297896,Walmart Tech Services,3943 Grand Ave,Chino,CA,91710-5440,33.995540618896484,-117.71905517578125,Overture Places 2026-07-22.0,2026-07-22,open,packet_ready,primary_store_candidate
Walmart,24b5691b-24a9-4bc8-a127-6aaaacc1a9bb,Walmart,6720 Kimball Ave,Chino,CA,91708-9177,33.97085952758789,-117.65852355957031,Overture Places 2026-07-22.0,2026-07-22,open,packet_ready,primary_store_candidate
Walmart,e3543dcd-974e-4192-bfdb-f06bc53c8b89,Walmart,1150 Broadway,Chula Vista,CA,91911-2707,32.606834411621094,-117.08280944824219,Overture Places 2026-07-22.0,2026-07-22,open,packet_ready,primary_store_candidate
Walmart,9d83450d-4f3d-4f76-b8e7-9591baf10023,iFixandRepair,1360 Eastlake Pkwy,Chula Vista,CA,91915-4116,32.631107330322266,-116.9677963256836,Overture Places 2026-07-22.0,2026-07-22,open,exclude,brand_false_positive
Walmart,c2e20b4b-1e28-4261-a70b-d9452f934d4e,Walmart,75 N Broadway,Chula Vista,CA,91910-1417,32.65156173706055,-117.09428405761719,Overture Places 2026-07-22.0,2026-07-22,open,packet_ready,primary_store_candidate
Walmart,8664aac9-ef40-4fdb-87ee-484f68b1d417,Walmart,875 E H St,Chula Vista,CA,91910-7807,32.63771057128906,-117.02500915527344,Overture Places 2026-07-22.0,2026-07-22,open,packet_ready,primary_store_candidate
Walmart,893d62ec-29ad-488d-84d6-d9ad53bdf23d,Walmart Neighborhood Market,6197 Sunrise Blvd,Citrus Heights,CA,95610-6834,38.67573165893555,-121.27310180664062,Overture Places 2026-07-22.0,2026-07-22,open,exclude,brand_false_positive
Walmart,cbe02d07-a076-48e4-a54d-c54da8c6d332,Walmart,7010 Auburn Blvd,Citrus Heights,CA,95621-4342,38.68973159790039,-121.29535675048828,Overture Places 2026-07-22.0,2026-07-22,open,packet_ready,primary_store_candidate
Walmart,6b500939-c993-4d49-8d90-c615f4ed75a1,Walmart,15960 Dam Rd,Clearlake,CA,95422-7906,38.931396484375,-122.6162109375,Overture Places 2026-07-22.0,2026-07-22,open,packet_ready,primary_store_candidate
Walmart,4def114b-e9b2-41bf-b76b-2a826c6d3833,Walmart Neighborhood Market,1830 Shaw Ave,Clovis,CA,93611-4000,36.80738830566406,-119.680908203125,Overture Places 2026-07-22.0,2026-07-22,open,exclude,brand_false_positive
Walmart,14064901-1245-4704-93ef-16fcaca0bc27,Walmart,323 W Shaw Ave,Clovis,CA,93612-3684,36.81110763549805,-119.71702575683594,Overture Places 2026-07-22.0,2026-07-22,open,packet_ready,primary_store_candidate
Walmart,e08c6beb-4e02-43af-b2dc-330f0da00dab,Walmart Neighborhood Market,83053 Avenue 48,Coachella,CA,92236-9551,33.699058532714844,-116.21519470214844,Overture Places 2026-07-22.0,2026-07-22,open,exclude,brand_false_positive
Walmart,68a95467-b346-45fb-932e-b19003ad0503,Walmart,1120 S Mt Vernon Ave,Colton,CA,92324-4220,34.05010986328125,-117.3062515258789,Overture Places 2026-07-22.0,2026-07-22,open,packet_ready,primary_store_candidate
Walmart,28c1665d-824e-4476-8734-0f98e535b289,Walmart ACC 6561,1600 Agua Mansa Rd,Colton,CA,92324,34.0481071472168,-117.35476684570312,Overture Places 2026-07-22.0,2026-07-22,open,packet_ready,primary_store_candidate
Walmart,40f51f49-9536-4496-892f-88e001320135,Walmart Garden Center,1290 E Ontario Ave,Corona,CA,92881-3618,33.84571075439453,-117.54112243652344,Overture Places 2026-07-22.0,2026-07-22,open,exclude,brand_false_positive
Walmart,aa1c0661-1287-447e-86be-4c3c2216d862,Walmart Neighborhood Market,1560 W 6th St,Corona,CA,92882-2730,33.87732696533203,-117.5960922241211,Overture Places 2026-07-22.0,2026-07-22,open,exclude,brand_false_positive
Walmart,eb27d0f3-857b-496f-b0d5-982b1cf21a4d,Walmart,479 N McKinley St,Corona,CA,92879-1205,33.89077377319336,-117.51744079589844,Overture Places 2026-07-22.0,2026-07-22,open,packet_ready,primary_store_candidate
Walmart,9e43e65f-3834-4b05-858b-7a8f95a5658d,Walmart,530 Woollomes Ave,Delano,CA,93215-9581,35.744140625,-119.24826049804688,Overture Places 2026-07-22.0,2026-07-22,open,packet_ready,primary_store_candidate
Walmart,551f3d03-aaa2-414b-b1d8-3aab61d5e9ed,Walmart Neighborhood Market,1180 S Diamond Bar Blvd,Diamond Bar,CA,91765-2203,34.001312255859375,-117.80956268310547,Overture Places 2026-07-22.0,2026-07-22,open,exclude,brand_false_positive
Walmart,1bf9933f-2152-491f-8421-79cd58242594,Walmart,770 W El Monte Way,Dinuba,CA,93618-3493,36.54341125488281,-119.40239715576172,Overture Places 2026-07-22.0,2026-07-22,open,packet_ready,primary_store_candidate
Walmart,03602ca5-eb7c-446e-9f31-ad9681e61d42,Walmart,235 E Dorset Dr,Dixon,CA,95620-9232,38.471736907958984,-121.82035064697266,Overture Places 2026-07-22.0,2026-07-22,open,packet_ready,primary_store_candidate
Walmart,43ffc654-a041-4800-bb10-234579f42300,Walmart Neighborhood Market,12270 Paramount Blvd,Downey,CA,90242-3549,33.928279876708984,-118.14785766601562,Overture Places 2026-07-22.0,2026-07-22,open,exclude,brand_false_positive
Walmart,f181ead7-ede4-49a9-8cb7-1f95b6db2325,Walmart,9001 Apollo Way,Downey,CA,90242-4033,33.924285888671875,-118.12869262695312,Overture Places 2026-07-22.0,2026-07-22,open,packet_ready,primary_store_candidate
Walmart,52bde001-d58f-4cfa-bd82-125edcf30a3c,Walmart pickup,1600 Mountain Ave,Duarte,CA,91010-2757,34.13379669189453,-117.98450469970703,Overture Places 2026-07-22.0,2026-07-22,open,packet_ready,primary_store_candidate
Walmart,073bfa02-ae25-4b70-8b1f-370db2e5a8f0,Walmart Supercenter Eastvale - Limonite Ave,14100 Limonite Ave,Eastvale,CA,91752,33.97650909423828,-117.55325317382812,Overture Places 2026-07-22.0,2026-07-22,open,packet_ready,primary_store_candidate
Walmart,348cffe5-08c6-4d1b-90cc-18f87772ca69,Walmart Distribution Center,4250 Hamner Ave,Eastvale,CA,91752-1019,34.007755279541016,-117.55225372314453,Overture Places 2026-07-22.0,2026-07-22,open,exclude,brand_false_positive
Walmart,89fca9d6-3f12-4dbc-a156-78ae9bf290fa,Walmart,4250 Hamner Ave,Eastvale,CA,91752-1019,34.01036834716797,-117.55769348144531,Overture Places 2026-07-22.0,2026-07-22,open,packet_ready,primary_store_candidate
Walmart,278af7e8-791e-4feb-89be-b28f0d9b9a9d,Walmart Garden Center,13487 Camino Canada,El Cajon,CA,92021-8811,32.82249069213867,-116.90186309814453,Overture Places 2026-07-22.0,2026-07-22,open,exclude,brand_false_positive
Walmart,b84c52d8-7976-4caa-900c-c1ea9edab76e,Walmart Neighborhood Market,300 N 2nd St,El Cajon,CA,92021-6444,32.79731369018555,-116.93651580810547,Overture Places 2026-07-22.0,2026-07-22,open,exclude,brand_false_positive
Walmart,a5b36868-3fbf-4c15-a864-8586e48f556c,Walmart,10075 Bruceville Rd,Elk Grove,CA,95757-9501,38.391483306884766,-121.41624450683594,Overture Places 2026-07-22.0,2026-07-22,open,packet_ready,primary_store_candidate
Walmart,466c67c8-ac04-49b7-9f87-bd7bc94759cb,Walmart Supercenter,1550 Leucadia Blvd,Encinitas,CA,92024-2371,33.069252014160156,-117.26615142822266,Overture Places 2026-07-22.0,2026-07-22,open,packet_ready,primary_store_candidate
Walmart,3e31e62a-1b6c-475e-8976-fc711a6cfe4f,Walmart,1330 E Grand Ave,Escondido,CA,92027-3019,33.1299934387207,-117.06259155273438,Overture Places 2026-07-22.0,2026-07-22,open,packet_ready,primary_store_candidate
Walmart,fb2421fb-855e-4bf9-8c4c-71be737e51f7,Walmart,1018 Riley St,Folsom,CA,95630-3268,38.66856384277344,-121.16751861572266,Overture Places 2026-07-22.0,2026-07-22,open,packet_ready,primary_store_candidate
Walmart,df1e7c75-2c04-4d85-9691-a54a833c037d,Walmart,17251 Foothill Blvd,Fontana,CA,92335-9044,34.10552215576172,-117.42850494384766,Overture Places 2026-07-22.0,2026-07-22,open,packet_ready,primary_store_candidate
Walmart,d5f0ef15-69a5-496b-b2d5-1cc5ea389c35,Walmart Business Center,44009 Osgood Rd,Fremont,CA,94539-6403,37.5113410949707,-121.94322204589844,Overture Places 2026-07-22.0,2026-07-22,open,packet_ready,primary_store_candidate
Walmart,ed07d3af-fc1b-4811-ae12-4326070c014b,Walmart,1804 E Ashlan Ave,Fresno,CA,93726-2019,36.79273986816406,-119.7892074584961,Overture Places 2026-07-22.0,2026-07-22,open,packet_ready,primary_store_candidate
Walmart,7ce2b072-e40c-44b2-9d38-a22334d2803a,Walmart Neighborhood Market,3131 N Cedar Ave,Fresno,CA,93703-1532,36.77877426147461,-119.75611114501953,Overture Places 2026-07-22.0,2026-07-22,open,exclude,brand_false_positive
Walmart,4095fa90-a304-42ab-bd2b-942c4e3c616d,Walmart,4080 W Shaw Ave,Fresno,CA,93722-6220,36.81083297729492,-119.86421203613281,Overture Places 2026-07-22.0,2026-07-22,open,packet_ready,primary_store_candidate
Walmart,8c007519-e6e4-4109-82ed-f8595dee0a84,Walmart Neighborhood Market,6855 N Willow Ave,Fresno,CA,93710-5949,36.836402893066406,-119.73092651367188,Overture Places 2026-07-22.0,2026-07-22,open,exclude,brand_false_positive
Walmart,140dc4d7-0316-4b00-be0c-abc80c229e6c,Walmart,7065 N Ingram Ave,Fresno,CA,93650-1083,36.83890914916992,-119.8031234741211,Overture Places 2026-07-22.0,2026-07-22,open,packet_ready,primary_store_candidate
Walmart,88c83c6b-b4ad-49e8-975e-b6372a6dbc73,Walmart Garden Center,10470 Twin Cities Rd,Galt,CA,95632-9032,38.28990936279297,-121.30458068847656,Overture Places 2026-07-22.0,2026-07-22,open,exclude,brand_false_positive
Walmart,91c4bf07-7a2f-4b1c-a125-3c57a4c5d4ad,Walmart Supercenter,11822 Gilbert St,Garden Grove,CA,92841-2720,33.790645599365234,-117.96471405029297,Overture Places 2026-07-22.0,2026-07-22,open,packet_ready,primary_store_candidate
Walmart,0cdedbdd-679a-44c4-9e8e-ba06ee8569f6,TECHY Gilroy,7150 Camino Arroyo,Gilroy,CA,95020-7351,37.00849533081055,-121.5511474609375,Overture Places 2026-07-22.0,2026-07-22,open,exclude,brand_false_positive
Walmart,d3da656d-2d7c-4a6e-ba21-2ebf40f4cb86,Walmart,7150 Camino Arroyo,Gilroy,CA,95020-7351,37.00837707519531,-121.55126190185547,Overture Places 2026-07-22.0,2026-07-22,open,packet_ready,primary_store_candidate
Walmart,6df001b3-5369-4af4-aac4-7982b66907ed,Walmart,1950 Auto Centre Dr,Glendora,CA,91740-6700,34.116519927978516,-117.8261489868164,Overture Places 2026-07-22.0,2026-07-22,open,packet_ready,primary_store_candidate
Walmart,eae90d1c-6c64-4e59-a52e-bcaf7c2d9e2c,Walmart,250 S 12th Ave,Hanford,CA,93230-6176,36.3217887878418,-119.67589569091797,Overture Places 2026-07-22.0,2026-07-22,open,packet_ready,primary_store_candidate
Walmart,b0d7b21f-43b6-4f27-b0eb-ef8824782960,Walmart,1231 S Sanderson Ave,Hemet,CA,92545-9046,33.726444244384766,-117.0096435546875,Overture Places 2026-07-22.0,2026-07-22,open,packet_ready,primary_store_candidate
Walmart,62c7d7c4-eaac-45aa-b7a0-6d5404184524,Walmart,13401 Main St,Hesperia,CA,92345-9123,34.424415588378906,-117.37020874023438,Overture Places 2026-07-22.0,2026-07-22,open,packet_ready,primary_store_candidate
Walmart,92a36f66-e48c-4c84-9b07-f71c6513cc93,The Fix in Walmart Hesperia,13401 Main St,Hesperia,CA,92345-9123,34.42441940307617,-117.37053680419922,Overture Places 2026-07-22.0,2026-07-22,open,packet_ready,primary_store_candidate
Walmart,e8b35289-439b-45a4-932f-5c6714795eb1,Walmart Neighborhood Market,21132 Beach Blvd,Huntington Beach,CA,92648-5404,33.65555191040039,-117.98728942871094,Overture Places 2026-07-22.0,2026-07-22,open,exclude,brand_false_positive
Walmart,2fce99f5-5bf6-40ee-abef-0f0eae05494b,Walmart,8230 Talbert Ave,Huntington Beach,CA,92646-1545,33.70008850097656,-117.9857177734375,Overture Places 2026-07-22.0,2026-07-22,open,packet_ready,primary_store_candidate
Walmart,d2eee26e-22be-496a-a8a3-d54649313f0f,Walmart Firestone,6123 State St,Huntington Park,CA,90255-3141,33.98478317260742,-118.21305084228516,Overture Places 2026-07-22.0,2026-07-22,open,packet_ready,primary_store_candidate
Walmart,c7b6e1a1-d2a1-4fe7-83a2-a85909dd7aad,Walmart Neighborhood Market,44100 Jefferson St,Indio,CA,92201-2712,33.72854995727539,-116.26692962646484,Overture Places 2026-07-22.0,2026-07-22,open,exclude,brand_false_positive
Walmart,b73af313-45b4-4711-9819-f41703dadb83,Walmart,82491 Avenue 42,Indio,CA,92203,33.74007034301758,-116.22919464111328,Overture Places 2026-07-22.0,2026-07-22,open,packet_ready,primary_store_candidate
Walmart,dd23ec7d-f8d0-43d5-b6c1-951119538c1e,Walmart Supercenter,16555 Von Karman Ave,Irvine,CA,92606-4928,33.698646545410156,-117.83551025390625,Overture Places 2026-07-22.0,2026-07-22,open,packet_ready,primary_store_candidate
Walmart,7c965b43-ea00-4b00-ab63-b1d25fe3fe96,Walmart,10355 Wicklow Way,Jackson,CA,95642-9324,38.35805130004883,-120.80598449707031,Overture Places 2026-07-22.0,2026-07-22,open,packet_ready,primary_store_candidate
Walmart,cfe225ef-b942-4db9-ab5c-a6d8e029cf0a,Walmart Neighborhood Market,8844 Limonite Ave,Jurupa Valley,CA,92509-5021,33.97435760498047,-117.4769058227539,Overture Places 2026-07-22.0,2026-07-22,open,exclude,brand_false_positive
Walmart,e0027ecf-940d-460b-acf1-d63005befcb9,Walmart Supercenter,14061 W Whitesbridge Ave,Kerman,CA,93630-9297,36.732906341552734,-120.04391479492188,Overture Places 2026-07-22.0,2026-07-22,open,packet_ready,primary_store_candidate
Walmart,48017801-bcc2-489c-b204-0e37b0d4aa84,Walmart,1000 E Imperial Hwy,La Habra,CA,90631-7452,33.91637420654297,-117.93473815917969,Overture Places 2026-07-22.0,2026-07-22,open,packet_ready,primary_store_candidate
Walmart,19446377-f2f2-47e6-ab31-17f28d1ff86f,Walmart Connection Center,1340 S Beach Blvd,La Habra,CA,90631-6374,33.915016174316406,-117.96659851074219,Overture Places 2026-07-22.0,2026-07-22,open,exclude,brand_false_positive
Walmart,aeb7e804-a9c1-4c0a-8c0b-b5b68d467916,Walmart Garden Center,5500 Grossmont Center Dr,La Mesa,CA,91942-3010,32.77779769897461,-117.00846862792969,Overture Places 2026-07-22.0,2026-07-22,open,exclude,brand_false_positive
Walmart,fbfdfd16-bd7b-4a07-8638-0003ccd1f843,Walmart Neighborhood Market,8810 Grossmont Blvd,La Mesa,CA,91942-9027,32.77483367919922,-117.00769805908203,Overture Places 2026-07-22.0,2026-07-22,open,exclude,brand_false_positive
Walmart,35f2029c-8432-4dfe-859c-6628c6bb0ac7,Walmart Neighborhood Market,14865 Telegraph Rd,La Mirada,CA,90638-1060,33.91849899291992,-118.01351928710938,Overture Places 2026-07-22.0,2026-07-22,open,exclude,brand_false_positive
Walmart,ed0bb733-778c-409e-b6d1-e2182fd2365e,Walmart Garden Center,5420 La Palma Ave,La Palma,CA,90623-1705,33.84572219848633,-118.03854370117188,Overture Places 2026-07-22.0,2026-07-22,open,exclude,brand_false_positive
Walmart,81d659dd-1cd7-4e7a-aadd-2013f6d31d5e,Walmart Neighborhood Market,1425 N Hacienda Blvd,La Puente,CA,91744-1133,34.04706573486328,-117.94964599609375,Overture Places 2026-07-22.0,2026-07-22,open,exclude,brand_false_positive
Walmart,b03a2548-a5cc-48ee-a5e7-a98133b65cba,Walmart la quinta,79295 CA-111,La Quinta,CA,92253-2060,33.704158782958984,-116.28075408935547,Overture Places 2026-07-22.0,2026-07-22,open,packet_ready,primary_store_candidate
Walmart,629167a9-6b0e-458e-8fc1-83952047441d,Walmart Tech Services,31700 Grape St,Lake Elsinore,CA,92532-9785,33.66206359863281,-117.29469299316406,Overture Places 2026-07-22.0,2026-07-22,open,packet_ready,primary_store_candidate
Walmart,6c980e46-969c-4401-87c5-c1bff0a910fa,Walmart,26502 Towne Centre Dr,Lake Forest,CA,92610-3448,33.67966842651367,-117.67111206054688,Overture Places 2026-07-22.0,2026-07-22,open,packet_ready,primary_store_candidate
Walmart,626b025e-4131-4102-9462-a3146f00e651,Walmart,2770 Carson St,Lakewood,CA,90712-4011,33.83071517944336,-118.15835571289062,Overture Places 2026-07-22.0,2026-07-22,open,packet_ready,primary_store_candidate
Walmart,d20e6004-ccc7-43af-a764-49f442a856c8,Walmart,1731 E Avenue J,Lancaster,CA,93535-6928,34.69223403930664,-118.09783172607422,Overture Places 2026-07-22.0,2026-07-22,open,packet_ready,primary_store_candidate
Walmart,b453c4e3-a615-4fe1-ba4b-02ba1d7bfbe0,Walmart Garden Center,44665 Valley Central Way,Lancaster,CA,93536-6500,34.693973541259766,-118.17365264892578,Overture Places 2026-07-22.0,2026-07-22,open,exclude,brand_false_positive
Walmart,c038d55a-f32e-4c5c-b855-9ebf418e372d,Walmart Neighborhood Market,255 G St,Lincoln,CA,95648-1880,38.88861083984375,-121.29191589355469,Overture Places 2026-07-22.0,2026-07-22,open,exclude,brand_false_positive
Walmart,88fc0b0f-634f-44e0-ae8d-835a3c23fc26,Walmart Tech Services,1601 S Lower Sacramento Rd,Lodi,CA,95242-9762,38.11325454711914,-121.30332946777344,Overture Places 2026-07-22.0,2026-07-22,open,packet_ready,primary_store_candidate
Walmart,e05c5072-3ae0-4aa4-97f4-91b41918380a,Walmart Neighborhood Market,25755 Barton Rd,Loma Linda,CA,92354-3812,34.04725646972656,-117.24223327636719,Overture Places 2026-07-22.0,2026-07-22,open,exclude,brand_false_positive
Walmart,4c808519-0174-492c-9ddf-fead6f60d084,Walmart,701 W Central Ave,Lompoc,CA,93436-2829,34.662750244140625,-120.46537017822266,Overture Places 2026-07-22.0,2026-07-22,open,packet_ready,primary_store_candidate
Walmart,dabb77ab-74d9-4b77-aee7-814181e2cea3,Walmart,3705 E South St,Long Beach,CA,90805-4521,33.8612060546875,-118.1476058959961,Overture Places 2026-07-22.0,2026-07-22,open,packet_ready,primary_store_candidate
Walmart,6cb271fb-d739-48bf-8415-c1afce4a5f7b,Walmart,7250 Carson Blvd,Long Beach,CA,90808-2358,33.829185485839844,-118.09089660644531,Overture Places 2026-07-22.0,2026-07-22,open,packet_ready,primary_store_candidate
Walmart,f4fa26db-06b7-47a6-ba38-6fc2dac89d07,Walmart Neighborhood Market,14530 Nordhoff St,Los Angeles,CA,91402-1811,34.234588623046875,-118.44880676269531,Overture Places 2026-07-22.0,2026-07-22,open,exclude,brand_false_positive
Walmart,8a6e612d-7f51-4edb-91d9-c6cd5ee13eb8,Walmart,19503 Normandie Ave,Los Angeles,CA,90501-1361,33.85683059692383,-118.30050659179688,Overture Places 2026-07-22.0,2026-07-22,open,packet_ready,primary_store_candidate
Walmart,20d0a423-d2ca-4346-bf73-09cae78d9eaa,Walmart,19821 Rinaldi St,Los Angeles,CA,91326-4145,34.27745819091797,-118.56709289550781,Overture Places 2026-07-22.0,2026-07-22,open,packet_ready,primary_store_candidate
Walmart,b13fbc1f-aac7-42e1-b7c4-32d6d33b4abf,Walmart,6433 Fallbrook Ave,Los Angeles,CA,91307-3543,34.18806076049805,-118.62499237060547,Overture Places 2026-07-22.0,2026-07-22,open,packet_ready,primary_store_candidate
Walmart,db46eec0-d7a0-4bd5-8709-82c57a9e5201,Walmart,1977 W Cleveland Ave,Madera,CA,93637-8705,36.975433349609375,-120.08106231689453,Overture Places 2026-07-22.0,2026-07-22,open,packet_ready,primary_store_candidate
Walmart,159679ef-53df-461d-acf0-a38ee1877ce4,Walmart Supercenter,1205 S Main St,Manteca,CA,95337-5748,37.785465240478516,-121.21833801269531,Overture Places 2026-07-22.0,2026-07-22,open,packet_ready,primary_store_candidate
Walmart,da7324d7-e453-45b8-921a-12b7bba94e08,Walmart,150 Beach Rd,Marina,CA,93933-2513,36.69340515136719,-121.80127716064453,Overture Places 2026-07-22.0,2026-07-22,open,packet_ready,primary_store_candidate
Walmart,edb68f50-f6ba-4dc5-b4f3-e1d7b1b6aee2,Walmart,1021 Arnold Dr,Martinez,CA,94553-4103,37.9966926574707,-122.10936737060547,Overture Places 2026-07-22.0,2026-07-22,open,packet_ready,primary_store_candidate
Walmart,55c48e46-43c8-48d8-b212-6c513790728b,Walmart Garden Center,1131 N Beale Rd,Marysville,CA,95901-6107,39.1269645690918,-121.57402801513672,Overture Places 2026-07-22.0,2026-07-22,open,exclude,brand_false_positive
Walmart,fa68ee5d-934b-4fda-9b8a-0ee9242cd4c6,Walmart Garden Center,3055 Loughborough Dr,Merced,CA,95348-1119,37.31829833984375,-120.5018539428711,Overture Places 2026-07-22.0,2026-07-22,open,exclude,brand_false_positive
Walmart,9fcb8a89-2aa5-43ed-926c-2bd38552f539,Walmart Neighborhood Market,1421 Coffee Rd,Modesto,CA,95355-3170,37.664451599121094,-120.9766845703125,Overture Places 2026-07-22.0,2026-07-22,open,exclude,brand_false_positive
Walmart,9f6192a4-3881-4987-bcaf-d046bc589f6c,Walmart,2225 Plaza Pkwy,Modesto,CA,95350-6215,37.673030853271484,-121.03689575195312,Overture Places 2026-07-22.0,2026-07-22,open,packet_ready,primary_store_candidate
Walmart,81efaf41-ed84-45b4-af1d-eef6268e8539,Walmart,12721 Moreno Beach Dr,Moreno Valley,CA,92555-4411,33.935733795166016,-117.18160247802734,Overture Places 2026-07-22.0,2026-07-22,open,packet_ready,primary_store_candidate
Walmart,0fe73b4b-58f3-490c-9fd8-cf5cc7467466,Walmart Patio and Garden Services,170 Cochrane Plz,Morgan Hill,CA,95037,37.149112701416016,-121.65522766113281,Overture Places 2026-07-22.0,2026-07-22,open,packet_ready,primary_store_candidate
Walmart,e26e5353-8643-451a-8ff2-7806226a6981,Walmart Business Center,600 Showers Dr,Mountain View,CA,94040-1434,37.400753021240234,-122.10984802246094,Overture Places 2026-07-22.0,2026-07-22,open,packet_ready,primary_store_candidate
Walmart,b5afcada-72db-4fd5-9c28-11af3a187f01,Walmart,681 Lincoln Ave,Napa,CA,94558-3612,38.309234619140625,-122.28368377685547,Overture Places 2026-07-22.0,2026-07-22,open,packet_ready,primary_store_candidate
Walmart,b4c30676-dfbc-4ff1-a504-f7de305314ef,Walmart,1200 Highland Ave,National City,CA,91950-3541,32.67462921142578,-117.0990982055664,Overture Places 2026-07-22.0,2026-07-22,open,packet_ready,primary_store_candidate
Walmart,72416478-b3f3-46cf-8a3f-55a07e27b45e,Walmart,4675 Watt Ave,North Highlands,CA,95660-5517,38.64980697631836,-121.3861312866211,Overture Places 2026-07-22.0,2026-07-22,open,packet_ready,primary_store_candidate
Walmart,6b4f44b8-c8b1-4a35-a9b7-9c93884d427d,Walmart Neighborhood Market,1046 Mission Ave,Oceanside,CA,92054-2843,33.19994354248047,-117.37491607666016,Overture Places 2026-07-22.0,2026-07-22,open,exclude,brand_false_positive
Walmart,42dce3f6-25ee-4dc2-b9df-135af02c52da,Walmart Supercenter,2100 Vista Way,Oceanside,CA,92054-5600,33.18124008178711,-117.34703063964844,Overture Places 2026-07-22.0,2026-07-22,open,packet_ready,primary_store_candidate
Walmart,be85564f-ff56-498c-9d91-c704196249db,Walmart Business Center,705 College Blvd,Oceanside,CA,92057-6259,33.240943908691406,-117.29095458984375,Overture Places 2026-07-22.0,2026-07-22,open,packet_ready,primary_store_candidate
Walmart,baf2150b-5a41-4063-b357-48f5e29720c5,Walmart,2300 N Tustin St,Orange,CA,92865-3710,33.8279914855957,-117.83831787109375,Overture Places 2026-07-22.0,2026-07-22,open,packet_ready,primary_store_candidate
Walmart,5c79ec09-5825-46f3-b750-c09333e43a3c,Walmart,8961 Greenback Ln,Orangevale,CA,95662-4601,38.67926788330078,-121.2228012084961,Overture Places 2026-07-22.0,2026-07-22,open,packet_ready,primary_store_candidate
Walmart,e348aaa7-7168-4564-873b-5bc50b1553c6,Walmart Supercenter,2001 N Rose Ave,Oxnard,CA,93036-2681,34.21997833251953,-119.16126251220703,Overture Places 2026-07-22.0,2026-07-22,open,packet_ready,primary_store_candidate
Walmart,0706559f-3bc5-4182-b7ac-016ba1ecd7ac,Walmart,2701 Saviers Rd,Oxnard,CA,93033,34.17444610595703,-119.1795654296875,Overture Places 2026-07-22.0,2026-07-22,open,packet_ready,primary_store_candidate
Walmart,8fe75003-56af-4285-8ec7-c90c9cac1dc5,Walmart Neighborhood Market,421 W Esplanade Dr,Oxnard,CA,93036-1298,34.236934661865234,-119.17891693115234,Overture Places 2026-07-22.0,2026-07-22,open,exclude,brand_false_positive
Walmart,a482dcdb-9745-4453-992b-d5dbe7690f81,Walmart,34500 Monterey Ave,Palm Desert,CA,92211-2089,33.79803466796875,-116.38504791259766,Overture Places 2026-07-22.0,2026-07-22,open,packet_ready,primary_store_candidate
Walmart,e4733c86-2484-4b8f-9cec-9be0722b1b9a,iFixandRepair,34500 Monterey Ave,Palm Desert,CA,92211-2089,33.79808044433594,-116.38489532470703,Overture Places 2026-07-22.0,2026-07-22,open,exclude,brand_false_positive
Walmart,8b83546f-3004-4e2e-84a1-7d40210c127d,Walmart Neighborhood Market,72314 Highway 111,Palm Desert,CA,92260-2747,33.72793960571289,-116.40080261230469,Overture Places 2026-07-22.0,2026-07-22,open,exclude,brand_false_positive
Walmart,f7178a14-f4a7-47a4-85c1-9295715ea1f2,Walmart Bakery,5601 E Ramon Rd,Palm Springs,CA,92264-3605,33.813575744628906,-116.48681640625,Overture Places 2026-07-22.0,2026-07-22,open,exclude,brand_false_positive
Walmart,bd1df2e4-3093-4a46-bf3a-fe3edeffb3c6,Walmart Garden Center,37140 47th St E,Palmdale,CA,93552-4450,34.55678176879883,-118.04240417480469,Overture Places 2026-07-22.0,2026-07-22,open,exclude,brand_false_positive
Walmart,c7bff903-8f3a-4efa-9dd7-15ba06006b9d,Walmart Neighborhood Market,3875 Rancho Vista Blvd,Palmdale,CA,93551-2572,34.614105224609375,-118.20024108886719,Overture Places 2026-07-22.0,2026-07-22,open,exclude,brand_false_positive
Walmart,206f7bd5-1da9-4b9b-94e0-3e6b6b388107,Walmart Business Center,14501 Lakewood Blvd,Paramount,CA,90723-3601,33.9024658203125,-118.14537811279297,Overture Places 2026-07-22.0,2026-07-22,open,packet_ready,primary_store_candidate
Walmart,f4e2429c-5a42-4a6c-a576-831f59831c8d,Walmart,180 Niblick Rd,Paso Robles,CA,93446-4842,35.612735748291016,-120.68183135986328,Overture Places 2026-07-22.0,2026-07-22,open,packet_ready,primary_store_candidate
Walmart,67a5ecde-9328-4371-8388-5ba8086387f5,Walmart Supercenter,1030 Sperry Ave,Patterson,CA,95363-9267,37.46257019042969,-121.14311218261719,Overture Places 2026-07-22.0,2026-07-22,open,packet_ready,primary_store_candidate
Walmart,34351843-9c08-4ef1-9067-461bc5e697c7,Walmart Garden Center,1800 N Perris Blvd,Perris,CA,92571,33.80588912963867,-117.22918701171875,Overture Places 2026-07-22.0,2026-07-22,open,exclude,brand_false_positive
Walmart,1d57cbed-7aac-4df1-ab94-d9afa7f885b2,Walmart,8500 Washington Blvd,Pico Rivera,CA,90660-3788,33.985145568847656,-118.10488891601562,Overture Places 2026-07-22.0,2026-07-22,open,packet_ready,primary_store_candidate
Walmart,e0191407-c33f-42f0-9927-cfd74e493672,Walmart,2203 Loveridge Rd,Pittsburg,CA,94565-5021,38.00906753540039,-121.8682632446289,Overture Places 2026-07-22.0,2026-07-22,open,packet_ready,primary_store_candidate
Walmart,9ff4dbca-f9f3-49d5-9aac-9edad93503e7,Walmart Garden Center,4300 Missouri Flat Rd,Placerville,CA,95667-6811,38.70439910888672,-120.82930755615234,Overture Places 2026-07-22.0,2026-07-22,open,exclude,brand_false_positive
Walmart,41009ab5-2109-4afb-990e-165e5f0da13a,Walmart,4501 Rosewood Dr,Pleasanton,CA,94588-3051,37.69816207885742,-121.88723754882812,Overture Places 2026-07-22.0,2026-07-22,open,packet_ready,primary_store_candidate
Walmart,7dce4d8e-b188-4328-a841-080971857276,Walmart Neighborhood Market,778 E Arrow Hwy,Pomona,CA,91767-2270,34.08866882324219,-117.7375259399414,Overture Places 2026-07-22.0,2026-07-22,open,exclude,brand_false_positive
Walmart,3fac70e1-eb0b-4626-934d-dff495d494d5,Walmart,80 Rio Rancho Rd,Pomona,CA,91766,34.02894973754883,-117.75782012939453,Overture Places 2026-07-22.0,2026-07-22,open,packet_ready,primary_store_candidate
Walmart,f49496d6-26cc-4dfb-8b0d-a4cb7e5e8d79,Techy Pomona CA - Inside Walmart,80 Rio Rancho Rd,Pomona,CA,91766,34.02922439575195,-117.75782012939453,Overture Places 2026-07-22.0,2026-07-22,open,packet_ready,primary_store_candidate
Walmart,0e2005b4-d7ef-4855-af1b-c9d823d72b3c,iFixandRepair - Porterville Walmart,1250 W Henderson Ave,Porterville,CA,93257-1455,36.083492279052734,-119.04542541503906,Overture Places 2026-07-22.0,2026-07-22,open,packet_ready,primary_store_candidate
Walmart,387f32c4-849d-422d-b5ec-e55516827f1b,Walmart,13425 Community Rd,Poway,CA,92064-4723,32.95909881591797,-117.03788757324219,Overture Places 2026-07-22.0,2026-07-22,open,packet_ready,primary_store_candidate
Walmart,c8f8aa09-369a-40b9-a169-b31da1ac9993,Walmart,10655 Folsom Blvd,Rancho Cordova,CA,95670-4828,38.596031188964844,-121.29158782958984,Overture Places 2026-07-22.0,2026-07-22,open,packet_ready,primary_store_candidate
Walmart,9133af93-a970-43d1-ad23-2ad0eacc5ecd,Walmart,12549 Foothill Blvd,Rancho Cucamonga,CA,91739-9317,34.10353469848633,-117.53179168701172,Overture Places 2026-07-22.0,2026-07-22,open,packet_ready,primary_store_candidate
Walmart,b4f33024-26ec-4e71-9043-26de2d73093e,Walmart Neighborhood Market,30491 Avenida de las Flores,Rancho Santa Margarita,CA,92688-3923,33.64078140258789,-117.6013412475586,Overture Places 2026-07-22.0,2026-07-22,open,exclude,brand_false_positive
Walmart,4031a834-537e-4627-83ed-2edb127aa43e,Walmart,608 Luther Rd,Red Bluff,CA,96080-5217,40.1626091003418,-122.23468017578125,Overture Places 2026-07-22.0,2026-07-22,open,packet_ready,primary_store_candidate
Walmart,6a5c8bd8-b097-4e5d-8b69-220a4b223054,Walmart,1515 Dana Dr,Redding,CA,96003-4878,40.5841178894043,-122.34349060058594,Overture Places 2026-07-22.0,2026-07-22,open,packet_ready,primary_store_candidate
Walmart,6c133cc8-2ee5-420f-b5d5-f4c561a55f5e,Walmart,1366 S Riverside Ave,Rialto,CA,92376,34.07625961303711,-117.37359619140625,Overture Places 2026-07-22.0,2026-07-22,open,packet_ready,primary_store_candidate
Walmart,cfeb2193-f49b-4f07-a997-71d8f99fd68b,Walmart,1400 Hilltop Mall Rd,Richmond,CA,94806-1913,37.97974395751953,-122.328369140625,Overture Places 2026-07-22.0,2026-07-22,open,packet_ready,primary_store_candidate
Walmart,0e895225-c711-4edb-875a-90d4bf379151,Walmart,201 E Bowman Rd,Ridgecrest,CA,93555-8243,35.60669708251953,-117.66732025146484,Overture Places 2026-07-22.0,2026-07-22,open,packet_ready,primary_store_candidate
Walmart,51bc0f9f-f1bf-4e1d-8b03-7cc785f5c226,Walmart Supercenter,5200 Van Buren Blvd,Riverside,CA,92503-2544,33.936981201171875,-117.4554214477539,Overture Places 2026-07-22.0,2026-07-22,open,packet_ready,primary_store_candidate
Walmart,bbe68d7a-34ac-4a8d-914c-46104fd44b73,Walmart,6250 Valley Springs Pkwy,Riverside,CA,92507-0970,33.93870544433594,-117.2862319946289,Overture Places 2026-07-22.0,2026-07-22,open,packet_ready,primary_store_candidate
Walmart,c2d6fbf7-156a-4a28-b3f1-ddcc0418cf33,Walmart,5454 Crossings Dr,Rocklin,CA,95677,38.80271911621094,-121.20222473144531,Overture Places 2026-07-22.0,2026-07-22,open,packet_ready,primary_store_candidate
Walmart,85038451-a01e-4463-96b8-3fa6d3bf5666,Walmart Neighborhood Market,5609 Pacific St,Rocklin,CA,95677-3174,38.78389358520508,-121.2396469116211,Overture Places 2026-07-22.0,2026-07-22,open,exclude,brand_false_positive
Walmart,d21fb16e-daf1-4d47-bfdc-f8db4cc67875,Walmart Neighborhood Market,901 Golf Course Dr,Rohnert Park,CA,94928-1800,38.36164474487305,-122.69256591796875,Overture Places 2026-07-22.0,2026-07-22,open,exclude,brand_false_positive
Walmart,78532114-dbae-4ae8-bb65-3a1cb8d0955a,Walmart,900 Pleasant Grove Blvd,Roseville,CA,95678-6197,38.78786087036133,-121.29025268554688,Overture Places 2026-07-22.0,2026-07-22,open,packet_ready,primary_store_candidate
Walmart,f9c644f1-bfd7-42f1-a0f3-0a983d3509b1,Z Frozen Yogurt,2380 Watt Ave,Sacramento,CA,95825-0607,38.60811996459961,-121.38075256347656,Overture Places 2026-07-22.0,2026-07-22,open,exclude,brand_false_positive
Walmart,a30dddd5-7e67-4219-9829-11a07e67d7dd,Walmart Neighborhood Market,2700 Marconi Ave,Sacramento,CA,95821-4914,38.61708450317383,-121.39909362792969,Overture Places 2026-07-22.0,2026-07-22,open,exclude,brand_false_positive
Walmart,8ac7bc32-de37-4a16-b90b-5501399dc997,Walmart Garden Center,3661 Truxel Rd,Sacramento,CA,95834-3617,38.63591766357422,-121.50550842285156,Overture Places 2026-07-22.0,2026-07-22,open,exclude,brand_false_positive
Walmart,ec67160b-8cb6-4810-93ee-a2357a27d65f,Walmart,5821 Antelope Rd,Sacramento,CA,95842-3902,38.70424270629883,-121.3314437866211,Overture Places 2026-07-22.0,2026-07-22,open,packet_ready,primary_store_candidate
Walmart,f8fc9d35-5d5b-418f-96d3-16c043d80406,Walmart,6051 Florin Rd,Sacramento,CA,95823-2304,38.499122619628906,-121.43333435058594,Overture Places 2026-07-22.0,2026-07-22,open,packet_ready,primary_store_candidate
Walmart,489e076b-a6be-44dc-9513-56cfa18fbd2f,Walmart,8270 Delta Shores Cir S,Sacramento,CA,95832-9101,38.45966720581055,-121.49284362792969,Overture Places 2026-07-22.0,2026-07-22,open,packet_ready,primary_store_candidate
Walmart,1f8d2251-b29e-44e1-94d6-1ae91087b26b,Walmart Garden Center,8915 Gerber Rd,Sacramento,CA,95829-1155,38.48262023925781,-121.36908721923828,Overture Places 2026-07-22.0,2026-07-22,open,exclude,brand_false_positive
Walmart,731ce1f2-e5fb-4fe0-96db-831946c96dcb,Walmart Garden Center,1800 N Main St,Salinas,CA,93906-5183,36.71800231933594,-121.65050506591797,Overture Places 2026-07-22.0,2026-07-22,open,exclude,brand_false_positive
Walmart,53e806c6-885c-4474-96a2-f67dc88d67e8,Walmart Business Center,4001 Hallmark Pkwy,San Bernardino,CA,92407-1876,34.16532516479492,-117.3358383178711,Overture Places 2026-07-22.0,2026-07-22,open,packet_ready,primary_store_candidate
Walmart,4ee5b755-3916-419c-b1e3-18317a409ba8,Walmart,4210 Highland Ave,San Bernardino,CA,92346-2742,34.13754653930664,-117.19483184814453,Overture Places 2026-07-22.0,2026-07-22,open,packet_ready,primary_store_candidate
Walmart,7cfc3cbc-f543-4e6c-8445-994b2e1ad611,Walmart,3382 Murphy Canyon Rd,San Diego,CA,92123-2654,32.80555725097656,-117.11614227294922,Overture Places 2026-07-22.0,2026-07-22,open,packet_ready,primary_store_candidate
Walmart,dd042311-3cf8-46fd-8487-d381350e38f2,Walmart Garden Center,3412 College Ave,San Diego,CA,92115-7134,32.741790771484375,-117.05315399169922,Overture Places 2026-07-22.0,2026-07-22,open,exclude,brand_false_positive
Walmart,201c02ec-cd2e-4367-a516-c15fc00854bf,Walmart,575 Saturn Blvd,San Diego,CA,92154-4731,32.58673095703125,-117.08922576904297,Overture Places 2026-07-22.0,2026-07-22,open,packet_ready,primary_store_candidate
Walmart,9e5e80c4-a9b7-4985-8865-f55d95fac4f0,Walmart Garden Center,710 Dennery Rd,San Diego,CA,92154-8400,32.5814323425293,-117.03551483154297,Overture Places 2026-07-22.0,2026-07-22,open,exclude,brand_false_positive
Walmart,8281759a-7b87-4842-ae11-5df117a894e5,Walmart Supercenter,1861 S San Jacinto Ave,San Jacinto,CA,92583-5605,33.768157958984375,-116.95561981201172,Overture Places 2026-07-22.0,2026-07-22,open,packet_ready,primary_store_candidate
Walmart,64c65485-9e61-4007-b5a9-3e36e4da2e06,Walmart Neighborhood Market,1450 Monterey Rd,San Jose,CA,95110-3445,37.316192626953125,-121.871337890625,Overture Places 2026-07-22.0,2026-07-22,open,exclude,brand_false_positive
Walmart,450dbb46-c8dc-4ae4-864f-62df41f6d90b,Walmart Neighborhood Market,4080 Stevens Creek Blvd,San Jose,CA,95129-1334,37.32183837890625,-121.97321319580078,Overture Places 2026-07-22.0,2026-07-22,open,exclude,brand_false_positive
Walmart,b4c7e164-2994-4b60-9528-de2019201323,Walmart,777 Story Rd,San Jose,CA,95122-2628,37.33071517944336,-121.86032104492188,Overture Places 2026-07-22.0,2026-07-22,open,packet_ready,primary_store_candidate
Walmart,21d8d65c-3ffc-48ce-84c3-41b508380684,Walmart,1919 Davis St,San Leandro,CA,94577-1231,37.71474838256836,-122.17791748046875,Overture Places 2026-07-22.0,2026-07-22,open,packet_ready,primary_store_candidate
Walmart,fe224b50-97cf-4227-b497-b26850e54611,Walmart,732 Center Dr,San Marcos,CA,92069-3535,33.135684967041016,-117.1234359741211,Overture Places 2026-07-22.0,2026-07-22,open,packet_ready,primary_store_candidate
Walmart,9920385f-a7a2-4065-ad6c-fa3f1096cccc,Walmart Neighborhood Market,9100 Alcosta Blvd,San Ramon,CA,94583-3857,37.72947311401367,-121.92952728271484,Overture Places 2026-07-22.0,2026-07-22,open,exclude,brand_false_positive
Walmart,f65573ff-3418-44ee-a45b-d0ad7683b40a,Walmart,2761 Jensen Ave,Sanger,CA,93657-9797,36.705596923828125,-119.57752990722656,Overture Places 2026-07-22.0,2026-07-22,open,packet_ready,primary_store_candidate
Walmart,3a7d47f1-589d-44f6-8974-16d5568217f6,Walmart Business Center,3600 W McFadden Ave,Santa Ana,CA,92704-1306,33.73735427856445,-117.91519927978516,Overture Places 2026-07-22.0,2026-07-22,open,packet_ready,primary_store_candidate
Walmart,8d6ca575-2617-4314-96ba-f539b6932e23,Walmart Neighborhood Market,3255 Mission College Blvd,Santa Clara,CA,95054-1829,37.38998794555664,-121.98551940917969,Overture Places 2026-07-22.0,2026-07-22,open,exclude,brand_false_positive
Walmart,cca9977a-cad8-44e7-a9f0-9fff8af887e1,Walmart,26471 Carl Boyer Dr,Santa Clarita,CA,91350-2996,34.414066314697266,-118.50630187988281,Overture Places 2026-07-22.0,2026-07-22,open,packet_ready,primary_store_candidate
Walmart,3cc83d0f-66f5-435f-b86a-dfc9eda2265b,Walmart,13310 Telegraph Rd,Santa Fe Springs,CA,90670-4016,33.94038772583008,-118.04962158203125,Overture Places 2026-07-22.0,2026-07-22,open,packet_ready,primary_store_candidate
Walmart,0b34e580-7f96-46b5-9798-48f3623f4316,Walmart,2220 S Bradley Rd,Santa Maria,CA,93455-1348,34.920143127441406,-120.41940307617188,Overture Places 2026-07-22.0,2026-07-22,open,packet_ready,primary_store_candidate
Walmart,6bae9326-3328-4fa7-a060-35e395319d31,Walmart Neighborhood Market,500 S Blosser Rd,Santa Maria,CA,93458-4910,34.94819259643555,-120.45281219482422,Overture Places 2026-07-22.0,2026-07-22,open,exclude,brand_false_positive
Walmart,7fae1efe-28c1-4c61-9d1b-3f21b3493e19,Walmart Garden Center,170 Town Center Pkwy,Santee,CA,92071-5801,32.842124938964844,-116.99007415771484,Overture Places 2026-07-22.0,2026-07-22,open,exclude,brand_false_positive
Walmart,08b70cd7-56f8-41ca-bf6d-9d2c2cb49171,Walmart Supercenter,3400 E Floral Ave,Selma,CA,93662-9036,36.577293395996094,-119.63432312011719,Overture Places 2026-07-22.0,2026-07-22,open,packet_ready,primary_store_candidate
Walmart,73bb8732-ee40-41a5-b552-1ecda1fcc157,Walmart,2701 S Driver Rd,Shafter,CA,93263-9586,35.467227935791016,-119.20940399169922,Overture Places 2026-07-22.0,2026-07-22,open,packet_ready,primary_store_candidate
Walmart,3e52910b-09f3-4fc1-b7ca-689c7d2caa49,Walmart Neighborhood Market,2204 Tapo St,Simi Valley,CA,93063-3022,34.275691986083984,-118.70779418945312,Overture Places 2026-07-22.0,2026-07-22,open,exclude,brand_false_positive
Walmart,fa4028db-b8f3-4714-b8cb-58772ae0ab00,Walmart,255 Cochran St,Simi Valley,CA,93065-6276,34.28223419189453,-118.79190826416016,Overture Places 2026-07-22.0,2026-07-22,open,packet_ready,primary_store_candidate
Walmart,5260d066-c12b-4fce-af02-6d16cbfa3b68,Walmart,4651 Firestone Blvd,South Gate,CA,90280-3446,33.95460510253906,-118.18769073486328,Overture Places 2026-07-22.0,2026-07-22,open,packet_ready,primary_store_candidate
Walmart,b5b4ffe2-e380-4207-91fe-7a97aa75a5c3,Walmart Neighborhood Market,12840 Beach Blvd,Stanton,CA,90680-4005,33.774940490722656,-117.99144744873047,Overture Places 2026-07-22.0,2026-07-22,open,exclude,brand_false_positive
Walmart,0b8bf274-541a-4c71-80c8-4f93adb1b256,Walmart Neighborhood Market,1189 E March Ln,Stockton,CA,95210-3545,38.0037956237793,-121.29253387451172,Overture Places 2026-07-22.0,2026-07-22,open,exclude,brand_false_positive
Walmart,5896a757-6e34-4dde-95e5-76c54ed37e77,Walmart Business Center,3223 E Hammer Ln,Stockton,CA,95212-2815,38.02158737182617,-121.27367401123047,Overture Places 2026-07-22.0,2026-07-22,open,packet_ready,primary_store_candidate
Walmart,98dffda3-a998-4395-9c86-e711a91a1f7c,Walmart,350 Walters Rd,Suisun City,CA,94585-3043,38.24262237548828,-121.98977661132812,Overture Places 2026-07-22.0,2026-07-22,open,packet_ready,primary_store_candidate
Walmart,f27eb5cb-62a3-4083-b109-dec911f98a41,Walmart Garden Center,2900 Main St,Susanville,CA,96130-4730,40.40842056274414,-120.63783264160156,Overture Places 2026-07-22.0,2026-07-22,open,exclude,brand_false_positive
Walmart,4de64acc-fda3-4fe0-a24c-87034c62ced1,Walmart,400 Tucker Rd,Tehachapi,CA,93561-2578,35.129432678222656,-118.46589660644531,Overture Places 2026-07-22.0,2026-07-22,open,packet_ready,primary_store_candidate
Walmart,b738816c-e4fb-4c7d-abf8-bb10d2ba90d2,Walmart,32225 Temecula Pkwy,Temecula,CA,92592-6811,33.48031997680664,-117.09466552734375,Overture Places 2026-07-22.0,2026-07-22,open,packet_ready,primary_store_candidate
Walmart,ea7efbd8-c1fa-4803-bc13-e0b2e250bb9c,Walmart Neighborhood Market,512 N Ventu Park Rd,Thousand Oaks,CA,91320-2709,34.18621063232422,-118.90924835205078,Overture Places 2026-07-22.0,2026-07-22,open,exclude,brand_false_positive
Walmart,ed54cbb7-3d65-4af0-934f-dd2f4e7c186d,Walmart Market,19340 Hawthorne Blvd,Torrance,CA,90503-1506,33.85527038574219,-118.35253143310547,Overture Places 2026-07-22.0,2026-07-22,open,exclude,brand_false_positive
Walmart,cd01c18b-94ce-4255-995c-1993368353b1,Walmart,22015 Hawthorne Blvd,Torrance,CA,90503-7006,33.82807540893555,-118.35336303710938,Overture Places 2026-07-22.0,2026-07-22,open,packet_ready,primary_store_candidate
Walmart,fe7a98ed-ee13-4fe4-b21f-e13ab3120124,Walmart,3010 W Grant Line Rd,Tracy,CA,95304-9402,37.75166702270508,-121.47190856933594,Overture Places 2026-07-22.0,2026-07-22,open,packet_ready,primary_store_candidate
Walmart,eff72baf-ffdf-492a-a9e9-6640a7ef4985,Walmart,2111 Fulkerth Rd,Turlock,CA,95380-9515,37.509342193603516,-120.87294006347656,Overture Places 2026-07-22.0,2026-07-22,open,packet_ready,primary_store_candidate
Walmart,77547728-bfa3-4937-94ac-33778ef5b138,Walmart Neighborhood Market,2480 Geer Rd,Turlock,CA,95382-1426,37.51553726196289,-120.84735107421875,Overture Places 2026-07-22.0,2026-07-22,open,exclude,brand_false_positive
Walmart,1ca586e5-d080-44dd-8b6b-1423b3999418,Walmart,1155 Airport Park Blvd,Ukiah,CA,95482-5998,39.133724212646484,-123.19719696044922,Overture Places 2026-07-22.0,2026-07-22,open,packet_ready,primary_store_candidate
Walmart,f24cbc35-2d73-4312-9fd1-db5bdfd1ceaf,Walmart,30600 Dyer St,Union City,CA,94587-1717,37.604454040527344,-122.06735229492188,Overture Places 2026-07-22.0,2026-07-22,open,packet_ready,primary_store_candidate
Walmart,32e71f11-96b8-483e-b170-1c8f1f43ed53,Walmart Neighborhood Market,1445 E Foothill Blvd,Upland,CA,91786,34.108158111572266,-117.62967681884766,Overture Places 2026-07-22.0,2026-07-22,open,exclude,brand_false_positive
Walmart,7bbe20f1-84ba-484f-a813-1bcd7f6c4a4a,Walmart,1501 Helen Power Dr,Vacaville,CA,95687-3351,38.36204528808594,-121.95928192138672,Overture Places 2026-07-22.0,2026-07-22,open,packet_ready,primary_store_candidate
Walmart,d4624f52-be68-4154-936c-7b7d2295d6b8,Walmart Neighborhood Market,2050 Nut Tree Rd,Vacaville,CA,95687-7108,38.350833892822266,-121.9510726928711,Overture Places 2026-07-22.0,2026-07-22,open,exclude,brand_false_positive
Walmart,a42dcc7c-9882-4940-ba28-e5fe7c66c03d,Walmart Neighborhood Market,941 Alamo Dr,Vacaville,CA,95687-5601,38.344581604003906,-121.99573516845703,Overture Places 2026-07-22.0,2026-07-22,open,exclude,brand_false_positive
Walmart,c272bb9d-8942-46da-a747-2f1f027d9106,Walmart,501 Sereno Dr,Vallejo,CA,94589-2460,38.12651062011719,-122.25438690185547,Overture Places 2026-07-22.0,2026-07-22,open,packet_ready,primary_store_candidate
Walmart,ecc4e83a-eaff-40c4-8e97-6d976ed357b9,Walmart,1739 S Victoria Ave,Ventura,CA,93003-6503,34.258235931396484,-119.21259307861328,Overture Places 2026-07-22.0,2026-07-22,open,packet_ready,primary_store_candidate
Walmart,8aa0f8e3-7382-4512-b766-6133008ec747,Walmart,11896 Amargosa Rd,Victorville,CA,92392-8133,34.46509552001953,-117.35409545898438,Overture Places 2026-07-22.0,2026-07-22,open,packet_ready,primary_store_candidate
Walmart,58829a00-42b1-4c4a-b1fa-456b8f2037db,Walmart,12234 Palmdale Rd,Victorville,CA,92392-9418,34.50902557373047,-117.39656066894531,Overture Places 2026-07-22.0,2026-07-22,open,packet_ready,primary_store_candidate
Walmart,7b9c84ef-4a84-480b-9cf8-9fdd72dee5e0,Walmart,1320 N Demaree St,Visalia,CA,93291-7703,36.341468811035156,-119.32980346679688,Overture Places 2026-07-22.0,2026-07-22,open,packet_ready,primary_store_candidate
Walmart,0edd62c8-9505-4c3d-9bce-cabd7c29fe59,Walmart Connection Center,1819 E Noble Ave,Visalia,CA,93292-1519,36.324554443359375,-119.27324676513672,Overture Places 2026-07-22.0,2026-07-22,open,exclude,brand_false_positive
Walmart,11f16aa2-c899-4307-9bcf-7b2aa7766183,Walmart,1819 E Noble Ave,Visalia,CA,93292-1519,36.32427978515625,-119.27268981933594,Overture Places 2026-07-22.0,2026-07-22,open,packet_ready,primary_store_candidate
Walmart,7823999b-4645-4b21-9880-9cdde47db9c7,Walmart Supercenter,3750 S Mooney Blvd,Visalia,CA,93277-8021,36.2966194152832,-119.3105239868164,Overture Places 2026-07-22.0,2026-07-22,open,packet_ready,primary_store_candidate
Walmart,691771af-7a17-4585-9a1f-eaf72379edb2,Walmart,1800 University Dr,Vista,CA,92083-7700,33.1724967956543,-117.21658325195312,Overture Places 2026-07-22.0,2026-07-22,open,packet_ready,primary_store_candidate
Walmart,82497d3d-dbc4-4226-8919-9189737bd90b,The Fix - Phone Repair Tablet Repair and Accessories in Walmart Vista,1800 University Dr,Vista,CA,92083-7700,33.17232894897461,-117.21646881103516,Overture Places 2026-07-22.0,2026-07-22,open,packet_ready,primary_store_candidate
Walmart,ac2a30e2-8274-42b9-84ae-b1e4382afbf1,Walmart Supercenter Wasco - N Central Ave,401 Central Ave,Wasco,CA,93280,35.598148345947266,-119.3582534790039,Overture Places 2026-07-22.0,2026-07-22,open,packet_ready,primary_store_candidate
Walmart,d01797c0-63b8-4e22-8236-49894ca22545,Walmart,755 Riverpoint Ct,West Sacramento,CA,95605-1654,38.587615966796875,-121.54998779296875,Overture Places 2026-07-22.0,2026-07-22,open,packet_ready,primary_store_candidate
Walmart,deeebaa4-69b2-445a-8cd8-05a90aba2432,Walmart Business Center,13331 Beach Blvd,Westminster,CA,92683,33.7677001953125,-117.99353790283203,Overture Places 2026-07-22.0,2026-07-22,open,packet_ready,primary_store_candidate
Walmart,e798aec9-3e4b-478e-956f-e4c1296f2c72,Walmart,470 N Airport Rd,Willows,CA,95988-9701,39.52560043334961,-122.21774291992188,Overture Places 2026-07-22.0,2026-07-22,open,packet_ready,primary_store_candidate
Walmart,b7be90ac-37b3-43b5-bab7-eff9aaec6f65,Walmart Neighborhood Market,1250 E Gibson Rd,Woodland,CA,95776-6315,38.66129684448242,-121.76410675048828,Overture Places 2026-07-22.0,2026-07-22,open,exclude,brand_false_positive
Walmart,97105ae3-b5c4-4701-a19d-fdbb99f8635a,Walmart,1720 E Main St,Woodland,CA,95776-6252,38.67558670043945,-121.74063110351562,Overture Places 2026-07-22.0,2026-07-22,open,packet_ready,primary_store_candidate
Walmart,a3161905-4060-4b46-b11f-012de37bfdd5,Walmart Neighborhood Market,215 California St,Woodland,CA,95695-2910,38.680686950683594,-121.78794860839844,Overture Places 2026-07-22.0,2026-07-22,open,exclude,brand_false_positive
Walmart,db3f9397-f377-4d2b-8455-2515576e226f,Walmart,1906 Fort Jones Rd,Yreka,CA,96097-9530,41.698638916015625,-122.64486694335938,Overture Places 2026-07-22.0,2026-07-22,open,packet_ready,primary_store_candidate
Walmart,e9a9f68c-9f6f-4dd4-88bd-9cbb57dd400e,Walmart Garden Center,1150 Harter Pkwy,Yuba City,CA,95993-2642,39.14435958862305,-121.65443420410156,Overture Places 2026-07-22.0,2026-07-22,open,exclude,brand_false_positive
Walmart,3aa6bd39-7442-4d22-926b-9fa2c8251b65,Walmart,58501 29 Palms Hwy,Yucca Valley,CA,92284-5765,34.13246536254883,-116.3842544555664,Overture Places 2026-07-22.0,2026-07-22,open,packet_ready,primary_store_candidate
