brand,store_id,store_name,address,city,state,postal_code,latitude,longitude,source,source_date,license_status,review_status,review_reason
Burger King,ff0c2ce2-0e46-4fd6-9114-975f8e44f7dc,Burger King,8417 N. US Hwy 287,ALVORD,TX,76225-0000,33.312042236328125,-97.65513610839844,Overture Places 2026-07-22.0,2026-07-22,open,packet_ready,primary_store_candidate
Burger King,63ab0f75-d674-4077-b1b2-65cc32b6ad62,Burger King,3650 S Clack St,Abilene,TX,79606,32.406776428222656,-99.76828002929688,Overture Places 2026-07-22.0,2026-07-22,open,packet_ready,primary_store_candidate
Burger King,72f68c0e-ac86-4645-a9bf-4a2f17d0c35c,Burger King,3901 N 1st St,Abilene,TX,79603,32.45192337036133,-99.77084350585938,Overture Places 2026-07-22.0,2026-07-22,open,packet_ready,primary_store_candidate
Burger King,934eeb90-bdb0-432b-98ef-1aac03955676,Burger King,446 E Frontage Rd,Alamo,TX,78516,26.19044303894043,-98.10932922363281,Overture Places 2026-07-22.0,2026-07-22,open,packet_ready,primary_store_candidate
Burger King,8993221f-f0b7-497e-a7b1-96171b9b3342,Burger King,1800 E Main St,Alice,TX,78332,27.75946807861328,-98.05154418945312,Overture Places 2026-07-22.0,2026-07-22,open,packet_ready,primary_store_candidate
Burger King,6c0ae04f-5b9b-4f36-ab69-84fc6510c1e0,Burger King,6920 US-67,Alvarado,TX,76009,32.41542053222656,-97.23055267333984,Overture Places 2026-07-22.0,2026-07-22,open,packet_ready,primary_store_candidate
Burger King,0acd09e7-8a5b-471e-ac3c-6a0429de18ae,Burger King,1249 FM 1462,Alvin,TX,77511,29.400400161743164,-95.24851989746094,Overture Places 2026-07-22.0,2026-07-22,open,packet_ready,primary_store_candidate
Burger King,6cf8cdaa-e2fb-4b11-90b3-06e593c020f0,Burger King,1601 E TX-6,Alvin,TX,77511-2202,29.42439079284668,-95.22834777832031,Overture Places 2026-07-22.0,2026-07-22,open,packet_ready,primary_store_candidate
Burger King,485576a7-ea09-4d55-b39c-30b8f72fda12,Burger King,8417 US-287,Alvord,TX,76225,33.392822265625,-97.73001098632812,Overture Places 2026-07-22.0,2026-07-22,open,packet_ready,primary_store_candidate
Burger King,f53f69f8-ff1e-46ad-9eb7-369832f8271a,Burger King,1314 Ross St,Amarillo,TX,79102,35.19676208496094,-101.81721496582031,Overture Places 2026-07-22.0,2026-07-22,open,packet_ready,primary_store_candidate
Burger King,85d37867-6001-4c4c-884e-dfa35836ec07,Burger King,1800 S Georgia St,Amarillo,TX,79109,35.19450759887695,-101.86681365966797,Overture Places 2026-07-22.0,2026-07-22,open,packet_ready,primary_store_candidate
Burger King,b707934e-9944-4e85-82fb-d678058c50e0,Burger King,415 W Amarillo Blvd,Amarillo,TX,79107,35.22230529785156,-101.82942199707031,Overture Places 2026-07-22.0,2026-07-22,open,packet_ready,primary_store_candidate
Burger King,0dd2bbbe-e5da-4e11-8291-3c6c5c406a64,Burger King,4210 Interstate Dr W,Amarillo,TX,79106-5919,35.19203567504883,-101.88521575927734,Overture Places 2026-07-22.0,2026-07-22,open,packet_ready,primary_store_candidate
Burger King,0cab19ce-b46c-4ab1-86e2-6e6b141ac0ae,Burger King,4900 Coulter St S,Amarillo,TX,79119,35.157962799072266,-101.9207992553711,Overture Places 2026-07-22.0,2026-07-22,open,packet_ready,primary_store_candidate
Burger King,99817345-a736-4ee6-b847-901480d37700,Burger King,7000 E Interstate 40 Hwy,Amarillo,TX,79118,35.19156265258789,-101.75875854492188,Overture Places 2026-07-22.0,2026-07-22,open,packet_ready,primary_store_candidate
Burger King,dca43cef-ab02-4d38-a3e4-f8dd7f662716,Burger King,1209 E Mulberry St,Angleton,TX,77515,29.17081642150879,-95.41816711425781,Overture Places 2026-07-22.0,2026-07-22,open,packet_ready,primary_store_candidate
Burger King,6816006c-742c-4544-8211-21c76ea96e55,Burger King,2125 Antonio St,Anthony,TX,79821,31.99696159362793,-106.5844497680664,Overture Places 2026-07-22.0,2026-07-22,open,packet_ready,primary_store_candidate
Burger King,6e35f4e4-92ac-489c-bffd-715797ed9d84,Burger King,1520 N Cooper St,Arlington,TX,76011,32.758243560791016,-97.1150131225586,Overture Places 2026-07-22.0,2026-07-22,open,packet_ready,primary_store_candidate
Burger King,8dd00db5-2491-4571-94cb-5116a49af14b,Burger King,2302 E Pioneer Pkwy,Arlington,TX,76010,32.711761474609375,-97.06964874267578,Overture Places 2026-07-22.0,2026-07-22,open,packet_ready,primary_store_candidate
Burger King,ea10c4eb-1395-4fdd-87fa-757bdb11e54f,Burger King,3500 Matlock Rd,Arlington,TX,76015,32.689849853515625,-97.11553955078125,Overture Places 2026-07-22.0,2026-07-22,open,packet_ready,primary_store_candidate
Burger King,a2c55b68-76d5-40f6-afae-c5d2e68b278f,Burger King,5701 S Cooper St,Arlington,TX,76017-4407,32.65406036376953,-97.13419342041016,Overture Places 2026-07-22.0,2026-07-22,open,packet_ready,primary_store_candidate
Burger King,0ee06577-aaa9-479d-95a7-f545a8793008,Burger King,6240 U.S. 287 Frontage Rd,Arlington,TX,76001,32.645050048828125,-97.18563842773438,Overture Places 2026-07-22.0,2026-07-22,open,packet_ready,primary_store_candidate
Burger King,fa44158e-6c38-477a-b2ba-6cdc5bda69ab,Burger King,1004 E Tyler St,Athens,TX,75751,32.20523452758789,-95.83832550048828,Overture Places 2026-07-22.0,2026-07-22,open,packet_ready,primary_store_candidate
Burger King,3a7fe8a3-0055-4789-82ed-9d2f2816056c,Burger King,299 US-59,Atlanta,TX,75551,33.11783218383789,-94.18175506591797,Overture Places 2026-07-22.0,2026-07-22,open,packet_ready,primary_store_candidate
Burger King,443fa35d-a5c6-40eb-bd55-96543f6808f1,Burger King,1001 E Ben White Blvd,Austin,TX,78704,30.21673011779785,-97.75485229492188,Overture Places 2026-07-22.0,2026-07-22,open,packet_ready,primary_store_candidate
Burger King,0ee24495-7366-4e46-9f9c-af673b7e5e56,Burger King,13200 N IH-35 Svc Rd SB,Austin,TX,78753-1333,30.41655921936035,-97.67376708984375,Overture Places 2026-07-22.0,2026-07-22,open,packet_ready,primary_store_candidate
Burger King,4359043e-8e28-405f-8148-4bb3ce14f597,Burger King,13450 N Highway 183,Austin,TX,78750-3227,30.44776153564453,-97.79106140136719,Overture Places 2026-07-22.0,2026-07-22,open,packet_ready,primary_store_candidate
Burger King,c7387550-edf7-4cb5-8e93-a7a8f2a91023,Burger King,1905 W Slaughter Ln,Austin,TX,78748,30.173248291015625,-97.82284545898438,Overture Places 2026-07-22.0,2026-07-22,open,packet_ready,primary_store_candidate
Burger King,b1002462-3cfc-46d2-9009-534f34ad4b40,Burger King,2500 E Riverside Dr,Austin,TX,78741-3037,30.23523712158203,-97.72360229492188,Overture Places 2026-07-22.0,2026-07-22,open,packet_ready,primary_store_candidate
Burger King,a690cd0b-3059-4b2e-ad7e-e7deb8ed0529,Burger King,3001 Montopolis Dr,Austin,TX,78741-6400,30.21340560913086,-97.7109375,Overture Places 2026-07-22.0,2026-07-22,open,packet_ready,primary_store_candidate
Burger King,a9ee5554-ff66-4146-b413-1bacd626f077,Burger King,3906 W Braker Ln,Austin,TX,78759-5300,30.39710235595703,-97.73424530029297,Overture Places 2026-07-22.0,2026-07-22,open,packet_ready,primary_store_candidate
Burger King,aa92ad38-7693-4b50-a1f0-cf42cfc06cbf,Burger King,7105 N Interstate Hwy 35,Austin,TX,78752,30.332059860229492,-97.70357513427734,Overture Places 2026-07-22.0,2026-07-22,open,packet_ready,primary_store_candidate
Burger King,5cbd8f20-6f22-4efb-a07b-1774b6a202ec,Burger King,9523 N Lamar Blvd,Austin,TX,78753-4107,30.365140914916992,-97.69548797607422,Overture Places 2026-07-22.0,2026-07-22,open,packet_ready,primary_store_candidate
Burger King,b6528ee4-0c20-44b1-b6d0-6259c887847a,Burger King,Farm To Market Grocery 1718 Congress Ave S,Austin,TX,78704,30.285947799682617,-97.66417694091797,Overture Places 2026-07-22.0,2026-07-22,open,packet_ready,primary_store_candidate
Burger King,f406fbf8-c01e-41b7-adb3-c19494519152,Burger King,1001 Boyd Rd,Azle,TX,76020,32.91051483154297,-97.54412841796875,Overture Places 2026-07-22.0,2026-07-22,open,packet_ready,primary_store_candidate
Burger King,9142ad8b-3fe0-40e7-927f-cc5a39ecf1e6,Burger King,12008 Elam Rd,Balch Springs,TX,75180,32.718971252441406,-96.61768341064453,Overture Places 2026-07-22.0,2026-07-22,open,packet_ready,primary_store_candidate
Burger King,66352437-6d1a-4eca-890b-d1da577fcbeb,Burger King,979 Main St,Bandera,TX,78003-3571,29.729406356811523,-99.0774917602539,Overture Places 2026-07-22.0,2026-07-22,open,packet_ready,primary_store_candidate
Burger King,91c27d66-2fb5-47d8-9d5f-7d2a005aafc4,Burger King,300 State Hwy 71,Bastrop,TX,78602,30.104520797729492,-97.32981872558594,Overture Places 2026-07-22.0,2026-07-22,open,packet_ready,primary_store_candidate
Burger King,4c6e85b0-6923-49bc-ac2b-53027b7caaf3,Burger King,4302 7th St,Bay City,TX,77414,28.983213424682617,-95.93836975097656,Overture Places 2026-07-22.0,2026-07-22,open,packet_ready,primary_store_candidate
Burger King,bcb74b21-cc1a-4542-9bb5-f6e1b622bd66,Burger King,2207 N Alexander Dr,Baytown,TX,77520,29.745370864868164,-94.94986724853516,Overture Places 2026-07-22.0,2026-07-22,open,packet_ready,primary_store_candidate
Burger King,82f26e56-aad0-43ce-85df-4a80a4fb3ec5,Burger King,4502 Garth Rd,Baytown,TX,77521-2124,29.770645141601562,-94.9771499633789,Overture Places 2026-07-22.0,2026-07-22,open,packet_ready,primary_store_candidate
Burger King,3d787dac-b3b4-4555-83ab-96d98d8a8d77,Burger King,6135 Eastex Fwy,Beaumont,TX,77706,30.12660789489746,-94.15835571289062,Overture Places 2026-07-22.0,2026-07-22,open,packet_ready,primary_store_candidate
Burger King,e0fea567-219c-40f2-89b8-256764096756,Burger King,6425 Phelan Blvd,Beaumont,TX,77706,30.077367782592773,-94.16949462890625,Overture Places 2026-07-22.0,2026-07-22,open,packet_ready,primary_store_candidate
Burger King,b5b1e9ff-b68f-438a-a43a-08577749577f,Burger King,1200 Airport Fwy,Bedford,TX,76022,32.83810043334961,-97.15081024169922,Overture Places 2026-07-22.0,2026-07-22,open,packet_ready,primary_store_candidate
Burger King,f0684648-25ee-4449-b055-db74035d2dca,Burger King,2300 N Saint Marys Street,Beeville,TX,78102,28.421382904052734,-97.75630187988281,Overture Places 2026-07-22.0,2026-07-22,open,packet_ready,primary_store_candidate
Burger King,14f94c30-bd2b-468a-b5b3-f9d66034241a,Burger King,5301 Bellaire Blvd,Bellaire,TX,77401-3903,29.70527458190918,-95.47299194335938,Overture Places 2026-07-22.0,2026-07-22,open,packet_ready,primary_store_candidate
Burger King,1f972409-29c1-450b-a1c5-c6d654288e64,Burger King,206 N Interstate 35,Belton,TX,76513,31.055072784423828,-97.45307922363281,Overture Places 2026-07-22.0,2026-07-22,open,packet_ready,primary_store_candidate
Burger King,11e1910d-81c9-4b98-a5c8-4570b3479217,Burger King,1327 S Main St,Boerne,TX,78006,29.77977752685547,-98.72823333740234,Overture Places 2026-07-22.0,2026-07-22,open,packet_ready,primary_store_candidate
Burger King,3face949-e4c3-438c-afd4-71885ad0d908,Burger King,1801 State Hwy 121,Bonham,TX,75418,33.593017578125,-96.19285583496094,Overture Places 2026-07-22.0,2026-07-22,open,packet_ready,primary_store_candidate
Burger King,4f5e6b02-7b8c-40e7-8c7c-4a9c62746fe8,Burger King,1101 N Park St,Brenham,TX,77833,30.17664337158203,-96.40071868896484,Overture Places 2026-07-22.0,2026-07-22,open,packet_ready,primary_store_candidate
Burger King,72ca3f55-cfbe-48ca-8dc5-77e1ede254e0,Burger King,340 FM359,Brookshire,TX,77423,29.777000427246094,-95.95203399658203,Overture Places 2026-07-22.0,2026-07-22,open,packet_ready,primary_store_candidate
Burger King,511af76e-0508-4ba0-8303-969f6dd3ef03,Burger King,518 Lubbock Rd,Brownfield,TX,79316,33.18448257446289,-102.27367401123047,Overture Places 2026-07-22.0,2026-07-22,open,packet_ready,primary_store_candidate
Burger King,6a0ba4d0-3a35-4986-871b-3f6f59f90409,Burger King,1300 Central Blvd,Brownsville,TX,78520-7506,25.923940658569336,-97.51129150390625,Overture Places 2026-07-22.0,2026-07-22,open,packet_ready,primary_store_candidate
Burger King,3bc0bb3e-7a79-4f4e-9bb4-4c0dc209daa4,Burger King,3100 Boca Chica Blvd,Brownsville,TX,78521,25.92082405090332,-97.4737777709961,Overture Places 2026-07-22.0,2026-07-22,open,packet_ready,primary_store_candidate
Burger King,bc8f16b1-76cd-4fc4-a92a-6f16c04792b6,Burger King,3235 International Blvd,Brownsville,TX,78521,25.910472869873047,-97.47554779052734,Overture Places 2026-07-22.0,2026-07-22,open,packet_ready,primary_store_candidate
Burger King,d345cc11-ed6e-4046-9998-35630d285e3b,Burger King,3585 West Alton Gore,Brownsville,TX,78526,25.978408813476562,-97.51932525634766,Overture Places 2026-07-22.0,2026-07-22,open,packet_ready,primary_store_candidate
Burger King,be0a78f1-c443-4aa9-896d-dab7e6d1db12,Burger King,7411 Padre Island Hwy,Brownsville,TX,78521,25.944564819335938,-97.42683410644531,Overture Places 2026-07-22.0,2026-07-22,open,packet_ready,primary_store_candidate
Burger King,5f99a5d9-4fc7-4af9-98c4-3ecfc0eb01a6,Burger King,925 N Expressway,Brownsville,TX,78520-8619,25.936386108398438,-97.49908447265625,Overture Places 2026-07-22.0,2026-07-22,open,packet_ready,primary_store_candidate
Burger King,10e49387-bfec-4354-84c4-fb1899a37a97,Burger King,2401 E 29th St,Bryan,TX,77802,30.658065795898438,-96.34835052490234,Overture Places 2026-07-22.0,2026-07-22,open,packet_ready,primary_store_candidate
Burger King,83ee07fc-f283-45d4-a68c-1f12499f200f,Burger King,2802 E State Hwy 21,Bryan,TX,77803,30.694917678833008,-96.36222076416016,Overture Places 2026-07-22.0,2026-07-22,open,packet_ready,primary_store_candidate
Burger King,6f56a568-104f-411f-8e44-41f59f882e8f,Burger King,15705 S I-35 Frontage Rd,Buda,TX,78610,30.080039978027344,-97.8223648071289,Overture Places 2026-07-22.0,2026-07-22,open,packet_ready,primary_store_candidate
Burger King,dfabbae4-d910-4c52-9fed-16a534b6305c,Burger King,1671 SW Wilshire Blvd,Burleson,TX,76028,32.51573181152344,-97.3517074584961,Overture Places 2026-07-22.0,2026-07-22,open,packet_ready,primary_store_candidate
Burger King,39989f3d-248a-44af-b2b8-9705bbe53612,Burger King,977 N Burleson Blvd,Burleson,TX,76028-2924,32.5622444152832,-97.32025146484375,Overture Places 2026-07-22.0,2026-07-22,open,packet_ready,primary_store_candidate
Burger King,c696165d-59ef-4169-ac72-42d555f38f7c,Burger King,3595 FM1488,CONROE,TX,77384,30.227567672729492,-95.52476501464844,Overture Places 2026-07-22.0,2026-07-22,open,packet_ready,primary_store_candidate
Burger King,d65b72d2-ac03-4e72-95c5-1b7b8527ee19,Burger King,575 TX-243,Canton,TX,75103,32.5450439453125,-95.85584259033203,Overture Places 2026-07-22.0,2026-07-22,open,packet_ready,primary_store_candidate
Burger King,8d6f397c-d031-4d31-8c20-9722daf32475,Burger King,1301 23rd St,Canyon,TX,79015-5321,34.97047424316406,-101.91909790039062,Overture Places 2026-07-22.0,2026-07-22,open,packet_ready,primary_store_candidate
Burger King,8868f9cc-7a1c-4ab8-bb9d-e79daa9c3b8a,Burger King,1201 S Josey Ln,Carrollton,TX,75006,32.95119094848633,-96.88990020751953,Overture Places 2026-07-22.0,2026-07-22,open,packet_ready,primary_store_candidate
Burger King,f5f3eeff-4326-4cf5-b200-686e4b0b69d4,Burger King,1213 Trinity Mills Rd E,Carrollton,TX,75006-1446,32.98561477661133,-96.90603637695312,Overture Places 2026-07-22.0,2026-07-22,open,packet_ready,primary_store_candidate
Burger King,3a02b486-1d33-4927-b652-85c2aee097e0,Burger King,3745 N Josey Ln,Carrollton,TX,75007-2436,33.01282501220703,-96.8874282836914,Overture Places 2026-07-22.0,2026-07-22,open,packet_ready,primary_store_candidate
Burger King,e3f85f32-5b0e-463d-afbf-418ad0dbbe87,Burger King,4101 State Hwy 121,Carrollton,TX,75010,33.02323913574219,-96.93511199951172,Overture Places 2026-07-22.0,2026-07-22,open,packet_ready,primary_store_candidate
Burger King,be0f3d77-e5bc-4344-8fe3-993aa5885716,Burger King,106 S US-67 N,Cedar Hill,TX,75104-2701,32.58937072753906,-96.94556427001953,Overture Places 2026-07-22.0,2026-07-22,open,packet_ready,primary_store_candidate
Burger King,e064b4b1-4e21-47be-8c0f-c585f0abcb85,Burger King,713 N Bell Blvd,Cedar Park,TX,78613,30.51771354675293,-97.82874298095703,Overture Places 2026-07-22.0,2026-07-22,open,packet_ready,primary_store_candidate
Burger King,e9bce441-a905-4b06-b1ac-5efce4776428,Burger King,517 Sheldon Rd,Channelview,TX,77530,29.78061866760254,-95.1251220703125,Overture Places 2026-07-22.0,2026-07-22,open,packet_ready,primary_store_candidate
Burger King,bd1d9b37-edcc-4003-acd2-1ccd882f9f35,Burger King,9011 Hwy 290 E,Chappell Hill,TX,77426,30.136228561401367,-96.25624084472656,Overture Places 2026-07-22.0,2026-07-22,open,packet_ready,primary_store_candidate
Burger King,6190b21c-280d-4d1c-88aa-904b046e61cc,Burger King,602 Cibolo Valley Dr,Cibolo,TX,78108-3801,29.573753356933594,-98.23705291748047,Overture Places 2026-07-22.0,2026-07-22,open,packet_ready,primary_store_candidate
Burger King,404ce695-d13c-4b28-868a-e7d4fd5192c6,Burger Bar,109 N Anglin St,Cleburne,TX,76031-4125,32.34840393066406,-97.38541412353516,Overture Places 2026-07-22.0,2026-07-22,open,exclude,brand_false_positive
Burger King,5c8ee24a-9982-4fba-a9c5-99b59292dc38,Burger King,601 W Southline St,Cleveland,TX,77328-5098,30.335878372192383,-95.10104370117188,Overture Places 2026-07-22.0,2026-07-22,open,packet_ready,primary_store_candidate
Burger King,b8baa38c-fdae-4e58-adb9-54e4ffd3d7fe,Burger King,1401 TX-332 W,Clute,TX,77531,29.01079750061035,-95.41992950439453,Overture Places 2026-07-22.0,2026-07-22,open,packet_ready,primary_store_candidate
Burger King,20898fdc-fd38-4a07-b40f-605b0b7f15ce,Burger King,8075 S Access Rd,Clyde,TX,79510,32.41738510131836,-99.52701568603516,Overture Places 2026-07-22.0,2026-07-22,open,packet_ready,primary_store_candidate
Burger King,ef78b9b3-677e-48e8-b2c9-ecfbd6f3e4d9,Burger King,3129 Texas Ave S,College Station,TX,77845,30.59454917907715,-96.29278564453125,Overture Places 2026-07-22.0,2026-07-22,open,packet_ready,primary_store_candidate
Burger King,cff40bb8-49d1-417e-bb3e-a741bf7b5225,Burger King,2214 State Hwy 71,Columbus,TX,78934,29.693370819091797,-96.54058837890625,Overture Places 2026-07-22.0,2026-07-22,open,packet_ready,primary_store_candidate
Burger King,1105600c-8fd7-4349-a308-390e6ce75296,Burger King,3595 FM 1488,Conroe,TX,77384,30.227642059326172,-95.51880645751953,Overture Places 2026-07-22.0,2026-07-22,open,packet_ready,primary_store_candidate
Burger King,3692aa18-7d42-4106-82f3-9565afae58e3,Burger King,804 N Loop 336 W,Conroe,TX,77301,30.336198806762695,-95.46894073486328,Overture Places 2026-07-22.0,2026-07-22,open,packet_ready,primary_store_candidate
Burger King,a6d25e47-6a48-4251-8312-f2e9033edbe9,Burger King,907 W Davis St,Conroe,TX,77301,30.31294059753418,-95.46807098388672,Overture Places 2026-07-22.0,2026-07-22,open,packet_ready,primary_store_candidate
Burger King,206ccb37-78ca-4c8c-a41c-a1ad1e8cc6c4,Burger King,7626 E Loop 1604 N,Converse,TX,78109,29.50229263305664,-98.28718566894531,Overture Places 2026-07-22.0,2026-07-22,open,packet_ready,primary_store_candidate
Burger King,d79a9334-574f-4b02-9306-caff36f8c884,Burger King,9175 FM78,Converse,TX,78109,29.514127731323242,-98.30902862548828,Overture Places 2026-07-22.0,2026-07-22,open,packet_ready,primary_store_candidate
Burger King,54c25050-e6ae-4288-b346-7d301991e804,Burger King,1001 E Business Hwy 190,Copperas Cove,TX,76522,31.120391845703125,-97.89317321777344,Overture Places 2026-07-22.0,2026-07-22,open,packet_ready,primary_store_candidate
Burger King,98a780f1-14b4-4d5a-b122-0a746b38f57b,Burger King,10241 S Padre Island Dr,Corpus Christi,TX,78418,27.667768478393555,-97.28329467773438,Overture Places 2026-07-22.0,2026-07-22,open,packet_ready,primary_store_candidate
Burger King,f3f55e3b-5a9b-44df-b777-310a932b1082,Burger King,13433 Leopard St,Corpus Christi,TX,78410-4427,27.85592269897461,-97.62913513183594,Overture Places 2026-07-22.0,2026-07-22,open,packet_ready,primary_store_candidate
Burger King,3f2261b5-9ca6-497b-98bd-2f4bacb27a40,Burger King,309 Ih 37 Access Rd,Corpus Christi,TX,78401-2057,27.801172256469727,-97.39385986328125,Overture Places 2026-07-22.0,2026-07-22,open,packet_ready,primary_store_candidate
Burger King,eb959f06-e91a-4814-962e-0fe1c4bd6874,Burger King,3941 Crosstown Expy,Corpus Christi,TX,78416,27.75493049621582,-97.42239379882812,Overture Places 2026-07-22.0,2026-07-22,open,packet_ready,primary_store_candidate
Burger King,43eab1f1-05e7-45e5-9bd1-a38c02afb82f,Burger King,4629 S Staples St,Corpus Christi,TX,78412,27.71586799621582,-97.37283325195312,Overture Places 2026-07-22.0,2026-07-22,open,packet_ready,primary_store_candidate
Burger King,3b01b5b3-2b9d-4eff-96a1-b7c475246320,Burger King,5288 Old Brownsville Rd,Corpus Christi,TX,78405-3909,27.757192611694336,-97.45913696289062,Overture Places 2026-07-22.0,2026-07-22,open,packet_ready,primary_store_candidate
Burger King,5b23d8ad-09c6-4dfd-a11c-11046d754e1c,Burger King,6610 Saratoga Blvd,Corpus Christi,TX,78414,27.676830291748047,-97.36538696289062,Overture Places 2026-07-22.0,2026-07-22,open,packet_ready,primary_store_candidate
Burger King,2136063e-dbaa-4b8f-97e9-b0cd7ca1287b,Burger King,3620 State Hwy 31 W,Corsicana,TX,75110,32.07119369506836,-96.5041732788086,Overture Places 2026-07-22.0,2026-07-22,open,packet_ready,primary_store_candidate
Burger King,aedff2c2-53e5-48f7-9129-1431198de3c2,Burger King,940 E Loop 304,Crockett,TX,75835,31.327699661254883,-95.4401626586914,Overture Places 2026-07-22.0,2026-07-22,open,packet_ready,primary_store_candidate
Burger King,73b6a3a5-65ca-4d15-8ca2-5a4738a98016,Burger King,14037 FM 2100 Rd,Crosby,TX,77532-6153,29.891828536987305,-95.06382751464844,Overture Places 2026-07-22.0,2026-07-22,open,packet_ready,primary_store_candidate
Burger King,16909ea1-3894-4298-9631-3e3e33ceb33c,Burger King,11881 US-380,Crossroads,TX,76227,33.22365951538086,-96.97532653808594,Overture Places 2026-07-22.0,2026-07-22,open,packet_ready,primary_store_candidate
Burger King,644cafbe-9368-481c-9503-4980b9b168e4,Burger King,11750 Barker Cypress Rd,Cypress,TX,77433,29.9465274810791,-95.6758804321289,Overture Places 2026-07-22.0,2026-07-22,open,packet_ready,primary_store_candidate
Burger King,e280d5be-e2fc-465e-90f2-37775738838d,Burger King,12150 Cypress North Houston Rd,Cypress,TX,77429,29.952919006347656,-95.60431671142578,Overture Places 2026-07-22.0,2026-07-22,open,packet_ready,primary_store_candidate
Burger King,01c7a229-031a-4c6b-b300-c1edc5bc29e1,Burger King,7011 Barker Cypress Rd,Cypress,TX,77433,29.880796432495117,-95.68397521972656,Overture Places 2026-07-22.0,2026-07-22,open,packet_ready,primary_store_candidate
Burger King,68723882-6958-4d1c-a150-2c5fe2ef4095,Burger King,10106 Lake June Rd,Dallas,TX,75217-3042,32.733802795410156,-96.65008544921875,Overture Places 2026-07-22.0,2026-07-22,open,packet_ready,primary_store_candidate
Burger King,8304a9eb-172d-4420-a10f-82e16aeee9ab,Burger King,102 E Jefferson Blvd,Dallas,TX,75203-2628,32.74333190917969,-96.82232666015625,Overture Places 2026-07-22.0,2026-07-22,open,packet_ready,primary_store_candidate
Burger King,14ece586-4ec4-44d1-bf69-8ed3dbb9ff82,Burger King,11404 E NW Hwy,Dallas,TX,75218,32.863712310791016,-96.68275451660156,Overture Places 2026-07-22.0,2026-07-22,open,packet_ready,primary_store_candidate
Burger King,578b26d4-a8e1-4e9a-b518-7b33e0bc47e3,Burger King,11830 N Central Expy,Dallas,TX,75243,32.910221099853516,-96.76773071289062,Overture Places 2026-07-22.0,2026-07-22,open,packet_ready,primary_store_candidate
Burger King,e0bc43d3-298b-43cd-98ce-c0f0f8a18589,Burger King,14010 Coit Rd,Dallas,TX,75240,32.93889236450195,-96.76852416992188,Overture Places 2026-07-22.0,2026-07-22,open,packet_ready,primary_store_candidate
Burger King,54a04d7a-b88c-4b72-b3ee-16be926fb148,Burger King,1548 N Cockrell Hill Rd,Dallas,TX,75211-1316,32.76407241821289,-96.89491271972656,Overture Places 2026-07-22.0,2026-07-22,open,packet_ready,primary_store_candidate
Burger King,7bc8c095-a352-4278-9483-31998a3ca2d2,Burger King,18511 Marsh Ln,Dallas,TX,75287,33.00185012817383,-96.85739135742188,Overture Places 2026-07-22.0,2026-07-22,open,packet_ready,primary_store_candidate
Burger King,d6168dc3-16bb-432a-8165-d603b3c6998d,Burger King,2207 E Ledbetter Dr,Dallas,TX,75216-7407,32.68732452392578,-96.78791809082031,Overture Places 2026-07-22.0,2026-07-22,open,packet_ready,primary_store_candidate
Burger King,971489f7-e7e4-45ff-b09e-29b4a168d675,Burger King,2341 Gus Thomasson Rd,Dallas,TX,75228-3004,32.83523178100586,-96.67478942871094,Overture Places 2026-07-22.0,2026-07-22,open,packet_ready,primary_store_candidate
Burger King,24e30b60-7cf6-490e-8ede-043187af517f,Burger King,2403 W Wheatland Rd,Dallas,TX,75237,32.64804458618164,-96.8577651977539,Overture Places 2026-07-22.0,2026-07-22,open,packet_ready,primary_store_candidate
Burger King,ac449962-8125-48bf-9409-0712a2cb0a7d,Burger King,2439 W Ledbetter Dr,Dallas,TX,75233-4015,32.69166564941406,-96.85882568359375,Overture Places 2026-07-22.0,2026-07-22,open,packet_ready,primary_store_candidate
Burger King,ae96131f-9513-4dc1-b808-d199e5d8d165,Burger King,2441 Walnut Hill Ln,Dallas,TX,75229,32.88142013549805,-96.895751953125,Overture Places 2026-07-22.0,2026-07-22,open,packet_ready,primary_store_candidate
Burger King,639770d6-eba2-422c-b770-ebd69c8a246c,Burger King,2525 W Davis St,Dallas,TX,75211,32.74983215332031,-96.85909271240234,Overture Places 2026-07-22.0,2026-07-22,open,packet_ready,primary_store_candidate
Burger King,87fa4611-47af-45ac-bf06-ba7be27e902e,Burger King,3004 S Buckner Blvd,Dallas,TX,75227-5401,32.76363754272461,-96.68214416503906,Overture Places 2026-07-22.0,2026-07-22,open,packet_ready,primary_store_candidate
Burger King,f2e4f8f5-b671-418f-b550-d557180d892f,Burger King,3911 S Walton Walker Blvd,Dallas,TX,75236-1509,32.69593811035156,-96.89701843261719,Overture Places 2026-07-22.0,2026-07-22,open,packet_ready,primary_store_candidate
Burger King,8da59db9-afb1-4fde-a9b2-ef5007fc5b7c,Burger King,4820 W Illinois Ave,Dallas,TX,75211,32.72000503540039,-96.90587615966797,Overture Places 2026-07-22.0,2026-07-22,open,packet_ready,primary_store_candidate
Burger King,212c84c1-637e-405b-9d6d-4913fddcab26,Burger King,5119 Ross Ave,Dallas,TX,75206-7708,32.808677673339844,-96.77381896972656,Overture Places 2026-07-22.0,2026-07-22,open,packet_ready,primary_store_candidate
Burger King,20e7c6a5-1073-4738-96eb-61b1085edd04,Burger King,5575 Peterson Ln,Dallas,TX,75240,32.93076705932617,-96.81178283691406,Overture Places 2026-07-22.0,2026-07-22,open,packet_ready,primary_store_candidate
Burger King,c0a28599-1f7d-4caa-ba4a-467985dd1977,Burger King,6085 Samuell Blvd,Dallas,TX,75228,32.79250717163086,-96.69908905029297,Overture Places 2026-07-22.0,2026-07-22,open,packet_ready,primary_store_candidate
Burger King,3bb74336-47d4-4be8-a74d-724e0e768917,Burger King,6749 Abrams Rd,Dallas,TX,75231,32.86656188964844,-96.74373626708984,Overture Places 2026-07-22.0,2026-07-22,open,packet_ready,primary_store_candidate
Burger King,fcc63632-035e-4e12-b42c-fb44af0c563a,Burger King,725 W Illinois Ave,Dallas,TX,75224,32.720767974853516,-96.83509826660156,Overture Places 2026-07-22.0,2026-07-22,open,packet_ready,primary_store_candidate
Burger King,8432755a-b06c-4366-b4c9-b530ca8e19e8,Burger King,7300 S Cockrell Hill Rd,Dallas,TX,75236,32.65856170654297,-96.89085388183594,Overture Places 2026-07-22.0,2026-07-22,open,packet_ready,primary_store_candidate
Burger King,90306571-e699-4f43-aad2-71feb975f27b,Burger King,7751 Bonnie View Rd,Dallas,TX,75241,32.65349578857422,-96.75157165527344,Overture Places 2026-07-22.0,2026-07-22,open,packet_ready,primary_store_candidate
Burger King,f75d4620-0899-457c-857f-a52e11303f78,Burger King,801 N Riverfront Blvd,Dallas,TX,75207,32.784156799316406,-96.81660461425781,Overture Places 2026-07-22.0,2026-07-22,open,packet_ready,primary_store_candidate
Burger King,70993c97-85c5-450b-88e5-be93e336f61b,Burger King,8383 N Stemmons Fwy,Dallas,TX,75247-4107,32.82586669921875,-96.87286376953125,Overture Places 2026-07-22.0,2026-07-22,open,packet_ready,primary_store_candidate
Burger King,f41dbb96-57ac-4195-826e-69f5e4983cd7,Burger King,302 US 90 W,Dayton,TX,77535-2628,30.04415512084961,-94.89064025878906,Overture Places 2026-07-22.0,2026-07-22,open,packet_ready,primary_store_candidate
Burger King,bcb5b9fd-a12c-4b2b-a36e-cdcacaada1a3,Burger King,913 N Beckley Ave,DeSoto,TX,75115,32.605628967285156,-96.82376098632812,Overture Places 2026-07-22.0,2026-07-22,open,packet_ready,primary_store_candidate
Burger King,ea9e7419-1699-4e24-af38-c50c22a64263,Burger King,1105 S FM 51,Decatur,TX,76234,33.22631072998047,-97.59354400634766,Overture Places 2026-07-22.0,2026-07-22,open,packet_ready,primary_store_candidate
Burger King,980ffe54-a2d5-42aa-b2a8-d3ef528e93f2,Burger King,1301 Center St,Deer Park,TX,77536,29.699474334716797,-95.12332153320312,Overture Places 2026-07-22.0,2026-07-22,open,packet_ready,primary_store_candidate
Burger King,7118e32f-9898-4be8-aa7b-8d1c80cd53a5,Burger King,104 S Griner St,Del Rio,TX,78840-5512,29.36202621459961,-100.90319061279297,Overture Places 2026-07-22.0,2026-07-22,open,packet_ready,primary_store_candidate
Burger King,62bef3eb-2aca-4b53-8596-544c0ad507d0,Burger King,1302 E Gibbs St,Del Rio,TX,78840-4822,29.368976593017578,-100.88956451416016,Overture Places 2026-07-22.0,2026-07-22,open,packet_ready,primary_store_candidate
Burger King,4ae6b0f3-b5db-4880-8073-17d3dbceb2dd,Burger King,2204 Veterans Blvd,Del Rio,TX,78840,29.388944625854492,-100.90577697753906,Overture Places 2026-07-22.0,2026-07-22,open,packet_ready,primary_store_candidate
Burger King,47a15a70-0ed9-4876-a783-9ba38f16ac26,Burger King,3120 FM 120,Denison,TX,75020,33.761940002441406,-96.5831527709961,Overture Places 2026-07-22.0,2026-07-22,open,packet_ready,primary_store_candidate
Burger King,9a92df4f-efae-4531-af0d-f58893fe6ddf,Burger King,1155 Union Cir,Denton,TX,76203,33.210941314697266,-97.14697265625,Overture Places 2026-07-22.0,2026-07-22,open,packet_ready,primary_store_candidate
Burger King,5fed67c9-764f-48d0-a825-7c2fabd7c43a,Burger King,2215 W University Dr,Denton,TX,76201,33.2292594909668,-97.1598129272461,Overture Places 2026-07-22.0,2026-07-22,open,packet_ready,primary_store_candidate
Burger King,bec618d7-6752-4924-be1a-edd0b134abac,Burger King,2233 S Loop 288,Denton,TX,76205,33.186946868896484,-97.10665893554688,Overture Places 2026-07-22.0,2026-07-22,open,packet_ready,primary_store_candidate
Burger King,7949c0eb-8d1d-47a8-ba3d-2fc80a9bbd7c,Burger King,6420 N Interstate 35,Denton,TX,76207,33.26206970214844,-97.1761245727539,Overture Places 2026-07-22.0,2026-07-22,open,packet_ready,primary_store_candidate
Burger King,0e1e6e50-cbbc-4067-b0c2-6832fe89ee5d,Burger King,8001 S Interstate 35 E,Denton,TX,76210-2403,33.13258743286133,-97.04087829589844,Overture Places 2026-07-22.0,2026-07-22,open,packet_ready,primary_store_candidate
Burger King,3a077d6c-8a22-421b-9739-08cce539229f,Burger King,5651 FM 646 Rd,Dickinson,TX,77539,29.44213104248047,-95.0933609008789,Overture Places 2026-07-22.0,2026-07-22,open,packet_ready,primary_store_candidate
Burger King,82dca139-5442-4038-83b0-6a36284b4efe,Burger King,17585 S Interstate Hwy 35,Dilley,TX,78017,28.668209075927734,-99.18180084228516,Overture Places 2026-07-22.0,2026-07-22,open,packet_ready,primary_store_candidate
Burger King,74e8bb4a-4d25-4d4a-8e1f-ebedc905147e,Burger King,807-D E Frontage Rd,Donna,TX,78537,26.180870056152344,-98.05310821533203,Overture Places 2026-07-22.0,2026-07-22,open,packet_ready,primary_store_candidate
Burger King,bb3fdfec-b48c-4f8f-8890-0806aaf48846,Burger King,124 S Dumas Ave,Dumas,TX,79029,35.864376068115234,-101.97361755371094,Overture Places 2026-07-22.0,2026-07-22,open,packet_ready,primary_store_candidate
Burger King,62ee2622-4778-491b-8c96-a9d0a03fd3e0,Burger King,13471 Sgt. Major Boulevard,EL PASO,TX,79916-0000,31.82473373413086,-106.40747833251953,Overture Places 2026-07-22.0,2026-07-22,open,packet_ready,primary_store_candidate
Burger King,00219fe1-dc83-470f-bff9-afbe3b76a9d6,Burger King,2280 Garrison St,Eagle Pass,TX,78852-5038,28.708032608032227,-100.48468780517578,Overture Places 2026-07-22.0,2026-07-22,open,packet_ready,primary_store_candidate
Burger King,186eb267-bce0-479a-8988-75c9648e7890,Burger King,2413 Del Rio Blvd,Eagle Pass,TX,78852,28.73964500427246,-100.49642944335938,Overture Places 2026-07-22.0,2026-07-22,open,packet_ready,primary_store_candidate
Burger King,c21d9ace-ab31-4530-b26d-eaaff2e630c9,Burger King,11617 I-20,Eastland,TX,76448,32.37564468383789,-98.83060455322266,Overture Places 2026-07-22.0,2026-07-22,open,packet_ready,primary_store_candidate
Burger King,b1e76738-25b6-4dc7-88b0-715d56867d3c,Burger King,104 South Expressway 281,Edinburg,TX,78542,26.298566818237305,-98.14610290527344,Overture Places 2026-07-22.0,2026-07-22,open,packet_ready,primary_store_candidate
Burger King,4481d7f0-e4a8-4917-bac1-fc1f0dd7c1eb,Burger King,1520 S Closner Blvd,Edinburg,TX,78539-5670,26.287273406982422,-98.16462707519531,Overture Places 2026-07-22.0,2026-07-22,open,packet_ready,primary_store_candidate
Burger King,610a8b07-a120-4589-a387-a64be8bbcebc,Burger King,1702 W University Dr,Edinburg,TX,78539,26.303443908691406,-98.17975616455078,Overture Places 2026-07-22.0,2026-07-22,open,packet_ready,primary_store_candidate
Burger King,13934e73-c8c1-484e-a304-7698d8c10dea,Burger King,4006 S McColl Rd,Edinburg,TX,78539-8202,26.266754150390625,-98.20111083984375,Overture Places 2026-07-22.0,2026-07-22,open,packet_ready,primary_store_candidate
Burger King,1c02fd00-98a6-4e34-a97b-596cc9c2f8eb,Burger King,2102 N Mechanic St,El Campo,TX,77437,29.216035842895508,-96.28485870361328,Overture Places 2026-07-22.0,2026-07-22,open,packet_ready,primary_store_candidate
Burger King,8412229f-7163-4353-917c-b99884af866f,Burger King,2102 N Mechanic St,El Campo,TX,77437,29.209854125976562,-96.2801513671875,Overture Places 2026-07-22.0,2026-07-22,open,packet_ready,primary_store_candidate
Burger King,fb48c916-c54c-4892-bc9d-d2a2e9b1b3b9,Burger King,10115 Rushing Rd,El Paso,TX,79924,31.904184341430664,-106.42233276367188,Overture Places 2026-07-22.0,2026-07-22,open,packet_ready,primary_store_candidate
Burger King,93e7b3fb-d063-445b-8999-977e6e618054,Burger King,11199 Sean Haggerty Dr,El Paso,TX,79934-3385,31.936153411865234,-106.42533874511719,Overture Places 2026-07-22.0,2026-07-22,open,packet_ready,primary_store_candidate
Burger King,7c888b27-e0ea-4f43-bbe9-ed4c65afa72d,Burger King,1135 N Yarbrough Dr,El Paso,TX,79925,31.7542724609375,-106.34441375732422,Overture Places 2026-07-22.0,2026-07-22,open,packet_ready,primary_store_candidate
Burger King,5218a248-6344-448f-84ea-47379e5e7d7a,Burger King,12120 Montana Ave,El Paso,TX,79938,31.80646324157715,-106.26423645019531,Overture Places 2026-07-22.0,2026-07-22,open,packet_ready,primary_store_candidate
Burger King,fb3ae9c7-d207-47d9-8632-ac945cc0f081,Burger King,12121 Eastlake Blvd,El Paso,TX,79928-7809,31.691938400268555,-106.26077270507812,Overture Places 2026-07-22.0,2026-07-22,open,packet_ready,primary_store_candidate
Burger King,34f046c6-aeba-4059-a2fd-7f7cdd9bc1bf,Burger King,1603 George Dieter Dr,El Paso,TX,79936,31.751731872558594,-106.3023452758789,Overture Places 2026-07-22.0,2026-07-22,open,packet_ready,primary_store_candidate
Burger King,e1c36630-3962-4d1f-8ded-c977d96d4dbf,Burger King,1840 Lee Trevino Dr,El Paso,TX,79936,31.76653289794922,-106.31853485107422,Overture Places 2026-07-22.0,2026-07-22,open,packet_ready,primary_store_candidate
Burger King,0da6d9c3-f689-44fc-9289-62ab3e6a6ecd,Burger King,1900 N Oregon St,El Paso,TX,79902,31.771194458007812,-106.49921417236328,Overture Places 2026-07-22.0,2026-07-22,open,packet_ready,primary_store_candidate
Burger King,9a96cab9-478a-4fdf-a5f1-07fc44ce60d6,Burger King,2809 Gateway Blvd W,El Paso,TX,79903,31.77897834777832,-106.46240234375,Overture Places 2026-07-22.0,2026-07-22,open,packet_ready,primary_store_candidate
Burger King,93cea6d5-335b-4dad-8073-ac34c21d8815,Burger King,3587 N Zaragoza Rd,El Paso,TX,79938-8048,31.797117233276367,-106.2309799194336,Overture Places 2026-07-22.0,2026-07-22,open,packet_ready,primary_store_candidate
Burger King,ce2f1336-a53f-4b9f-a842-3639ddbd097f,Burger King,425 S El Paso St,El Paso,TX,79901-2317,31.75522804260254,-106.48860931396484,Overture Places 2026-07-22.0,2026-07-22,open,packet_ready,primary_store_candidate
Burger King,f90e5dd6-3a0a-43f2-99c5-35016c77ad50,Burger King,5400 Dyer St,El Paso,TX,79904-6238,31.8270263671875,-106.4445571899414,Overture Places 2026-07-22.0,2026-07-22,open,packet_ready,primary_store_candidate
Burger King,196c423a-9e83-4ce0-ad51-0da05cdd312f,Burger King,5431 Alameda Ave,El Paso,TX,79905-2924,31.768808364868164,-106.4244613647461,Overture Places 2026-07-22.0,2026-07-22,open,packet_ready,primary_store_candidate
Burger King,956af04c-04e4-491a-9c4e-6f29128df581,Burger King,5640 N Desert Blvd North,El Paso,TX,79912,31.864952087402344,-106.5764389038086,Overture Places 2026-07-22.0,2026-07-22,open,packet_ready,primary_store_candidate
Burger King,9b70e4c0-8bf2-422b-a275-01e899e8f570,Burger King,6002 N Mesa St,El Paso,TX,79912-4606,31.829975128173828,-106.52832794189453,Overture Places 2026-07-22.0,2026-07-22,open,packet_ready,primary_store_candidate
Burger King,b20d952f-3d9c-409e-8ca7-d2224c4d087d,Burger King,6085 Montana Ave,El Paso,TX,79925,31.7856502532959,-106.41398620605469,Overture Places 2026-07-22.0,2026-07-22,open,packet_ready,primary_store_candidate
Burger King,c8843313-5fc7-4500-9f31-5351f0ccf184,Burger King,730 N Zaragoza Rd,El Paso,TX,79907-4752,31.704315185546875,-106.31767272949219,Overture Places 2026-07-22.0,2026-07-22,open,packet_ready,primary_store_candidate
Burger King,45c94c15-71a8-4573-ab8b-bb25f8d26052,Burger King,7935 N Mesa St,El Paso,TX,79932-1625,31.839862823486328,-106.5750503540039,Overture Places 2026-07-22.0,2026-07-22,open,packet_ready,primary_store_candidate
Burger King,96efe69a-d3ad-4e42-a951-6519196a0924,Burger King,9050 Dyer St,El Paso,TX,79904-1406,31.86906623840332,-106.42802429199219,Overture Places 2026-07-22.0,2026-07-22,open,packet_ready,primary_store_candidate
Burger King,97ccaac9-ecee-4fba-8ba1-3991f950c474,Burger King,Cassidy Rd Bldg 196,El Paso,TX,79916,31.81222152709961,-106.43338012695312,Overture Places 2026-07-22.0,2026-07-22,open,packet_ready,primary_store_candidate
Burger King,8848256a-6304-413d-a5fc-c60ad3aa44e2,Burger King,20290 I-37,Elmendorf,TX,78112,29.21905517578125,-98.41089630126953,Overture Places 2026-07-22.0,2026-07-22,open,packet_ready,primary_store_candidate
Burger King,647802ab-4966-4ed8-adc6-df4b259103fe,Burger King,101 N Kaufman St,Ennis,TX,75119-4134,32.32918930053711,-96.62496948242188,Overture Places 2026-07-22.0,2026-07-22,open,packet_ready,primary_store_candidate
Burger King,0b1c5a7f-89b3-499e-81af-2c91f9d90b89,Burger King,101 W Euless Blvd,Euless,TX,76040,32.836700439453125,-97.08306884765625,Overture Places 2026-07-22.0,2026-07-22,open,packet_ready,primary_store_candidate
Burger King,8565d3e3-d147-4e13-a6c7-8c27de20eb99,Burger King,Bldg 196 Cassidy Road,FORT BLISS,TX,79916-0000,31.813600540161133,-106.41201782226562,Overture Places 2026-07-22.0,2026-07-22,open,packet_ready,primary_store_candidate
Burger King,d95f39c1-f3a4-4d38-aa42-04450aa38379,Burger King,299 I-45,Fairfield,TX,75840,31.72810935974121,-96.18277740478516,Overture Places 2026-07-22.0,2026-07-22,open,packet_ready,primary_store_candidate
Burger King,31927e6f-d28c-44db-bbdd-42d407b573bb,Burger King,676 10th St,Floresville,TX,78114-3124,29.14859962463379,-98.16002655029297,Overture Places 2026-07-22.0,2026-07-22,open,packet_ready,primary_store_candidate
Burger King,1898be08-f526-4df2-8b8b-867ec2c57f94,Burger King,3204 SE Loop 820,Forest Hill,TX,76140,32.660701751708984,-97.2800064086914,Overture Places 2026-07-22.0,2026-07-22,open,packet_ready,primary_store_candidate
Burger King,8b7ae82c-f6ae-4763-9f64-5f7f6fec2acb,Burger King,21233 Torch St,Fort Bliss,TX,79916,31.86920928955078,-106.33560180664062,Overture Places 2026-07-22.0,2026-07-22,open,packet_ready,primary_store_candidate
Burger King,a18a0a43-37bd-478d-a382-e0416cb1e35b,Burger King,Ft Bliss Massage 20751 Constitution Ave,Fort Bliss,TX,79918,31.81987190246582,-106.4305191040039,Overture Places 2026-07-22.0,2026-07-22,open,packet_ready,primary_store_candidate
Burger King,bb8cd981-c3ec-4592-a879-aedb76c6ba07,Burger King,Bldg 50000 Clear Creek Rd,Fort Hood,TX,76544,31.130544662475586,-97.79859161376953,Overture Places 2026-07-22.0,2026-07-22,open,packet_ready,primary_store_candidate
Burger King,4bd43b26-448b-4f75-b013-0ea02ee5e14d,Burger King,3390 William Hardee Rd,Fort Sam Houston,TX,78234,29.46237564086914,-98.43485260009766,Overture Places 2026-07-22.0,2026-07-22,open,packet_ready,primary_store_candidate
Burger King,95dc66ac-dc0a-43f0-b8e1-8867a32db60d,Burger King,3600 George C Beach Ave,Fort Sam Houston,TX,78234,29.459495544433594,-98.4152603149414,Overture Places 2026-07-22.0,2026-07-22,open,packet_ready,primary_store_candidate
Burger King,46fb7d0e-678e-4630-83a8-2d05547116ad,Burger King,2792 North Highway 18,Fort Stockton,TX,79735,30.90854835510254,-102.88360595703125,Overture Places 2026-07-22.0,2026-07-22,open,packet_ready,primary_store_candidate
Burger King,dfeeeb2e-1eb7-4ca0-9104-14bc295d2b25,Burger King,15933 North Fwy,Fort Worth,TX,76177,33.025325775146484,-97.27581787109375,Overture Places 2026-07-22.0,2026-07-22,open,packet_ready,primary_store_candidate
Burger King,3c178e64-7ed6-4850-8eaf-21c832b130ce,Burger King,1670 Eastchase Pkwy,Fort Worth,TX,76120,32.755218505859375,-97.16986846923828,Overture Places 2026-07-22.0,2026-07-22,open,packet_ready,primary_store_candidate
Burger King,39672e92-1fc9-425d-965d-bba69029d55e,Burger King,200 W 820 Loop North,Fort Worth,TX,76108,32.7620964050293,-97.47930908203125,Overture Places 2026-07-22.0,2026-07-22,open,packet_ready,primary_store_candidate
Burger King,3760d4d7-3dee-4fe7-923c-da8e9847119b,Burger King,2542 NE 30th St,Fort Worth,TX,76106-6501,32.798736572265625,-97.3225326538086,Overture Places 2026-07-22.0,2026-07-22,open,packet_ready,primary_store_candidate
Burger King,90739e99-f28b-4685-b43f-85777038bf4f,Burger King,3101 Golden Triangle Blvd,Fort Worth,TX,76177-7159,32.93367385864258,-97.3122329711914,Overture Places 2026-07-22.0,2026-07-22,open,packet_ready,primary_store_candidate
Burger King,23920ee7-178c-4176-b5e9-d93d67bdf040,Burger King,3112 E Berry St,Fort Worth,TX,76105,32.71284484863281,-97.28056335449219,Overture Places 2026-07-22.0,2026-07-22,open,packet_ready,primary_store_candidate
Burger King,c9655510-1d70-4323-b3d7-014825545770,Burger King,5454 Kennedale St,Fort Worth,TX,76140,32.663570404052734,-97.23983764648438,Overture Places 2026-07-22.0,2026-07-22,open,packet_ready,primary_store_candidate
Burger King,7b3a0428-ddf1-4430-8fb7-be0998de8634,Burger King,5721 S Hulen St,Fort Worth,TX,76132,32.66576385498047,-97.40058135986328,Overture Places 2026-07-22.0,2026-07-22,open,packet_ready,primary_store_candidate
Burger King,a532272e-313d-42a6-82c6-cae93f0ba883,Burger King,6960 Blue Mound Rd,Fort Worth,TX,76131-4972,32.868019104003906,-97.34193420410156,Overture Places 2026-07-22.0,2026-07-22,open,packet_ready,primary_store_candidate
Burger King,94ff6059-95fd-4f4c-a914-236108007a3c,Burger King,730 W Seminary Dr,Fort Worth,TX,76115-1340,32.685306549072266,-97.33319854736328,Overture Places 2026-07-22.0,2026-07-22,open,packet_ready,primary_store_candidate
Burger King,e0fa3ff2-b064-4a2e-a1a1-aa7c6ef7b020,Burger King,8525 South Fwy,Fort Worth,TX,76134,32.629268646240234,-97.320556640625,Overture Places 2026-07-22.0,2026-07-22,open,packet_ready,primary_store_candidate
Burger King,9e0c49c1-dab2-4914-8179-1261be2b5e17,Burger King,1102 S State Highway 16,Fredericksburg,TX,78624,30.260456085205078,-98.88394927978516,Overture Places 2026-07-22.0,2026-07-22,open,packet_ready,primary_store_candidate
Burger King,25837d55-1bc2-4ed1-93f7-857ef4b2c32a,The Burger Joint,1350 W Bay Area Blvd,Friendswood,TX,77546,29.539291381835938,-95.14569091796875,Overture Places 2026-07-22.0,2026-07-22,open,exclude,brand_false_positive
Burger King,f4c816e2-f224-4139-95c2-55ac55c19052,Burger King,8725 Preston Rd,Frisco,TX,75034,33.14778518676758,-96.80513763427734,Overture Places 2026-07-22.0,2026-07-22,open,packet_ready,primary_store_candidate
Burger King,6b58404d-7ef6-4d6e-bdc4-e3e09a79b96c,Burger King,1711 I-35,Gainesville,TX,76240,33.64149475097656,-97.15782165527344,Overture Places 2026-07-22.0,2026-07-22,open,packet_ready,primary_store_candidate
Burger King,de36a885-7fbb-4ce2-a869-634ef38d5bac,Burger King,5815 Broadway Avenue,Galveston,TX,77551,29.288949966430664,-94.83287811279297,Overture Places 2026-07-22.0,2026-07-22,open,packet_ready,primary_store_candidate
Burger King,34dc5765-67dd-41c5-b192-5c188afce8d5,Burger King,802 E York St,Ganado,TX,77962,29.049707412719727,-96.5033187866211,Overture Places 2026-07-22.0,2026-07-22,open,packet_ready,primary_store_candidate
Burger King,0d82a208-5bd7-49f9-b07f-d8033e1a83e7,Burger King,106 S First St,Garland,TX,75040,32.91165542602539,-96.63034057617188,Overture Places 2026-07-22.0,2026-07-22,open,packet_ready,primary_store_candidate
Burger King,98a0fafd-e04a-4641-84ba-557e21a86724,Burger King,3215 Broadway Blvd,Garland,TX,75043-1530,32.877357482910156,-96.62027740478516,Overture Places 2026-07-22.0,2026-07-22,open,packet_ready,primary_store_candidate
Burger King,98e37d48-8e69-4d6c-80bc-0e8d5e82ef5f,Burger King,4940 N Garland Ave,Garland,TX,75040,32.960330963134766,-96.64778137207031,Overture Places 2026-07-22.0,2026-07-22,open,packet_ready,primary_store_candidate
Burger King,588ef6ca-6c18-4f21-a70d-43fc7aed8c8f,Burger King,522 N Plano Rd,Garland,TX,75042-5908,32.91757583618164,-96.6998519897461,Overture Places 2026-07-22.0,2026-07-22,open,packet_ready,primary_store_candidate
Burger King,012c124e-2ba3-441d-b3b4-4e827eb35d75,Burger King,5621 Broadway Blvd,Garland,TX,75043,32.8465461730957,-96.59614562988281,Overture Places 2026-07-22.0,2026-07-22,open,packet_ready,primary_store_candidate
Burger King,27a5bf1c-8a02-47f8-b252-ab44f53e277f,Burger King,100 River Oaks Cove,Georgetown,TX,78626,30.639238357543945,-97.68785858154297,Overture Places 2026-07-22.0,2026-07-22,open,packet_ready,primary_store_candidate
Burger King,3d1f00f3-01c1-4126-ab1e-752b767f5cbf,Burger King,476 E Austin St,Giddings,TX,78942,30.18155860900879,-96.93367004394531,Overture Places 2026-07-22.0,2026-07-22,open,packet_ready,primary_store_candidate
Burger King,44920130-d09b-4abf-9d4f-227c097c1c8a,Burger King,4025 S Great SW Pkwy,Grand Prairie,TX,75052,32.67412567138672,-97.04376220703125,Overture Places 2026-07-22.0,2026-07-22,open,packet_ready,primary_store_candidate
Burger King,92757c35-96a4-4580-ab82-3c4d262a12a1,Burger King,5060 S State Hwy 360,Grand Prairie,TX,75052,32.65007019042969,-97.06034088134766,Overture Places 2026-07-22.0,2026-07-22,open,packet_ready,primary_store_candidate
Burger King,4e018717-a15a-4084-9209-c81b840d12c6,Burger King,850 E Pioneer Pkwy,Grand Prairie,TX,75051-5348,32.70979690551758,-96.99298858642578,Overture Places 2026-07-22.0,2026-07-22,open,packet_ready,primary_store_candidate
Burger King,9d3858ee-214e-4ca9-86eb-72aa94fa8e09,Burger King,915 N Belt Line Rd,Grand Prairie,TX,75050,32.757205963134766,-96.9956283569336,Overture Places 2026-07-22.0,2026-07-22,open,packet_ready,primary_store_candidate
Burger King,4a0e2997-772b-4ea8-afa6-1010b63c1f1d,Burger King,1003 E Criner St,Grandview,TX,76050,32.272708892822266,-97.17180633544922,Overture Places 2026-07-22.0,2026-07-22,open,packet_ready,primary_store_candidate
Burger King,cb6e6cb5-6978-44f0-a582-74c100eb4859,Burger King,7315 I-30 Frontage Rd,Greenville,TX,75402,33.09529495239258,-96.10725402832031,Overture Places 2026-07-22.0,2026-07-22,open,packet_ready,primary_store_candidate
Burger King,93adade9-0a66-43cc-bca4-350f02592f4a,Burger King,151 W Main St,Gun Barrel City,TX,75156,32.33056640625,-96.11608123779297,Overture Places 2026-07-22.0,2026-07-22,open,packet_ready,primary_store_candidate
Burger King,7ac34d07-ee35-45be-91b3-191b4ecbf855,Burger King,3905 NE Loop 820,Haltom City,TX,76137,32.840328216552734,-97.2895278930664,Overture Places 2026-07-22.0,2026-07-22,open,packet_ready,primary_store_candidate
Burger King,1ff4e57e-e68e-4e3f-9e94-35ff2aa1be70,Burger King,680 Knight's Way,Harker Heights,TX,76548,31.058765411376953,-97.66107177734375,Overture Places 2026-07-22.0,2026-07-22,open,packet_ready,primary_store_candidate
Burger King,e458df61-df23-452e-94eb-3e672a364231,Burger King,1902 S 77 Sunshine Strip,Harlingen,TX,78550,26.173381805419922,-97.67428588867188,Overture Places 2026-07-22.0,2026-07-22,open,packet_ready,primary_store_candidate
Burger King,e8302091-38be-43a4-8826-4bd5c7353136,Burger King,1925 W Tyler Ave,Harlingen,TX,78550-5988,26.1887264251709,-97.71671295166016,Overture Places 2026-07-22.0,2026-07-22,open,packet_ready,primary_store_candidate
Burger King,fabfddfb-a11f-4366-8e66-c3259c9dd5a2,Burger King,13045 Bandera Rd,Helotes,TX,78023-4601,29.564533233642578,-98.68833923339844,Overture Places 2026-07-22.0,2026-07-22,open,packet_ready,primary_store_candidate
Burger King,801f1e89-e224-49a0-94ce-ebfbbeb08b38,Burger King,1005 W 1st St,Hereford,TX,79045,34.80917739868164,-102.40962982177734,Overture Places 2026-07-22.0,2026-07-22,open,packet_ready,primary_store_candidate
Burger King,bd30a027-7096-4980-9aa7-16a655851a3f,Burger King,100 S International Blvd,Hidalgo,TX,78557-2815,26.105255126953125,-98.26638793945312,Overture Places 2026-07-22.0,2026-07-22,open,packet_ready,primary_store_candidate
Burger King,b833f192-1c3f-4b7c-af0d-7bdeef6a132a,Burger King,160 US-77,Hillsboro,TX,76645,32.04533386230469,-97.09113311767578,Overture Places 2026-07-22.0,2026-07-22,open,packet_ready,primary_store_candidate
Burger King,aea9435b-546e-41eb-bece-2e7dc69902c1,Burger King,205 S Waco St,Hillsboro,TX,76645-3358,32.00779342651367,-97.1297607421875,Overture Places 2026-07-22.0,2026-07-22,open,packet_ready,primary_store_candidate
Burger King,c510be0f-74b4-4c8d-929b-3ee246479c2f,Burger King,32202 Hempstead Hwy,Hockley,TX,77447,30.01129150390625,-95.79988098144531,Overture Places 2026-07-22.0,2026-07-22,open,packet_ready,primary_store_candidate
Burger King,03ef4fb5-a877-4fd7-9aa5-9ec26651cd0c,Burger King,405 US-90,Hondo,TX,78861,29.347692489624023,-99.11813354492188,Overture Places 2026-07-22.0,2026-07-22,open,packet_ready,primary_store_candidate
Burger King,3cdd7e7f-35a9-4791-893c-1d9d1b1d9693,Burger King,580 Lone Star Dr,Hooks,TX,75561,33.467323303222656,-94.23632049560547,Overture Places 2026-07-22.0,2026-07-22,open,packet_ready,primary_store_candidate
Burger King,7dc798dd-ae02-418d-b9a1-8a05ab52bfd9,Burger King,14290 Horizon Blvd,Horizon City,TX,79928,31.682165145874023,-106.1879653930664,Overture Places 2026-07-22.0,2026-07-22,open,packet_ready,primary_store_candidate
Burger King,002162ad-f75c-40fb-aaa1-510571eb0d9e,Burger King,10075 Long Point Rd,Houston,TX,77055,29.794063568115234,-95.54361724853516,Overture Places 2026-07-22.0,2026-07-22,open,packet_ready,primary_store_candidate
Burger King,b5248533-e9c8-4f13-a1e8-b5c2e273c61d,Burger King,10205 East Fwy,Houston,TX,77029-1905,29.77427101135254,-95.24821472167969,Overture Places 2026-07-22.0,2026-07-22,open,packet_ready,primary_store_candidate
Burger King,7abd003b-f617-4fd7-aa87-3bd643739730,Burger King,1040 N Shepherd Dr,Houston,TX,77008,29.789962768554688,-95.40956115722656,Overture Places 2026-07-22.0,2026-07-22,open,packet_ready,primary_store_candidate
Burger King,3915d426-3f3f-47d3-85db-1470c004d079,Burger King,10414 Richmond Ave,Houston,TX,77042,29.728273391723633,-95.55845642089844,Overture Places 2026-07-22.0,2026-07-22,open,packet_ready,primary_store_candidate
Burger King,7a3487e4-a2dc-47cb-a5cd-997d32b21d1c,Burger King,105 Aldine Bender Rd,Houston,TX,77060-3801,29.93206787109375,-95.41063690185547,Overture Places 2026-07-22.0,2026-07-22,open,packet_ready,primary_store_candidate
Burger King,10cf584f-47a2-4702-a2bd-8de6d3bf5c70,Burger King,10680 Hammerly Blvd,Houston,TX,77043-2302,29.813276290893555,-95.56266021728516,Overture Places 2026-07-22.0,2026-07-22,open,packet_ready,primary_store_candidate
Burger King,cea0d448-0288-425f-a31a-071135d1fca0,Burger King,10801 S Post Oak Rd,Houston,TX,77035,29.663829803466797,-95.46356964111328,Overture Places 2026-07-22.0,2026-07-22,open,packet_ready,primary_store_candidate
Burger King,94c66842-a009-404b-a6c7-d7cab0149b42,Burger King,10927 S Sam Houston Pkwy W,Houston,TX,77031,29.644466400146484,-95.5406723022461,Overture Places 2026-07-22.0,2026-07-22,open,packet_ready,primary_store_candidate
Burger King,097109a3-e375-431b-8b85-a0bdaf2e3c4b,Burger King,1094 Federal Rd,Houston,TX,77015-4804,29.771333694458008,-95.21453857421875,Overture Places 2026-07-22.0,2026-07-22,open,packet_ready,primary_store_candidate
Burger King,74c0fb7a-9280-4e52-8351-d4fb2b990f95,Burger King,10991 Scarsdale Blvd,Houston,TX,77089,29.586761474609375,-95.21184539794922,Overture Places 2026-07-22.0,2026-07-22,open,packet_ready,primary_store_candidate
Burger King,4da3b4fe-cbe8-4bdb-b93c-616b6a4841a6,Burger King,11001A Fuqua St,Houston,TX,77089,29.612688064575195,-95.22306823730469,Overture Places 2026-07-22.0,2026-07-22,open,packet_ready,primary_store_candidate
Burger King,a865224f-5cbd-4b9c-9089-f7dff0106da0,Burger King,11102 Fondren Rd,Houston,TX,77096,29.65882110595703,-95.50889587402344,Overture Places 2026-07-22.0,2026-07-22,open,packet_ready,primary_store_candidate
Burger King,123096d7-c2e8-47f9-addf-4c81f82bbce4,Burger King,1154 Edgebrook Dr,Houston,TX,77034,29.641923904418945,-95.24095153808594,Overture Places 2026-07-22.0,2026-07-22,open,packet_ready,primary_store_candidate
Burger King,61dc00f3-dc47-4bc3-bbc3-2ad09740eccd,Burger King,11902 W Little York Rd,Houston,TX,77041-4502,29.86671257019043,-95.58889770507812,Overture Places 2026-07-22.0,2026-07-22,open,packet_ready,primary_store_candidate
Burger King,7a83dbd9-aaf7-439b-a6d4-f14edcff2cae,Burger King,11930 Bellaire Blvd,Houston,TX,77072,29.704011917114258,-95.58907318115234,Overture Places 2026-07-22.0,2026-07-22,open,packet_ready,primary_store_candidate
Burger King,c903775b-2b0c-47a7-b900-7598636e276a,Burger King,11935 Wilcrest Dr,Houston,TX,77031,29.64906120300293,-95.56566619873047,Overture Places 2026-07-22.0,2026-07-22,open,packet_ready,primary_store_candidate
Burger King,5dca8bf7-b6f3-4da8-a062-bfb579c997f7,Burger King,1200 Broadway St,Houston,TX,77012-3714,29.714649200439453,-95.27879333496094,Overture Places 2026-07-22.0,2026-07-22,open,packet_ready,primary_store_candidate
Burger King,70050032-7088-4ccb-91db-6c889fa65d81,Burger King,12404 Gessner Rd,Houston,TX,77064-1169,29.953649520874023,-95.5459976196289,Overture Places 2026-07-22.0,2026-07-22,open,packet_ready,primary_store_candidate
Burger King,86fb2192-746f-4ab6-8898-00c4d04f5fa9,Burger King,12590 Bissonnet St,Houston,TX,77099,29.6774959564209,-95.59923553466797,Overture Places 2026-07-22.0,2026-07-22,open,packet_ready,primary_store_candidate
Burger King,b54c259c-0e99-4d3a-98cb-e6730c92b205,Burger King,127 E Crosstimbers St,Houston,TX,77022-4415,29.828594207763672,-95.37516784667969,Overture Places 2026-07-22.0,2026-07-22,open,packet_ready,primary_store_candidate
Burger King,a21c4d02-f21d-4f58-9213-bb361c977ad7,Burger King,12716 Hempstead Rd,Houston,TX,77092,29.83328628540039,-95.50361633300781,Overture Places 2026-07-22.0,2026-07-22,open,packet_ready,primary_store_candidate
Burger King,f7c83fbd-3469-4e27-b269-bf95cf7839a9,Burger King,12929 FM 1960 Rd W,Houston,TX,77065-4010,29.91863441467285,-95.6104965209961,Overture Places 2026-07-22.0,2026-07-22,open,packet_ready,primary_store_candidate
Burger King,7f9e4a73-c131-47d2-8e9c-17f0f4d8fd14,Burger King,13535 S Post Oak Rd,Houston,TX,77045-4007,29.62865447998047,-95.4644546508789,Overture Places 2026-07-22.0,2026-07-22,open,packet_ready,primary_store_candidate
Burger King,676ea591-4302-4abb-b429-5e311acf0b21,Burger King,14001 TX-249,Houston,TX,77086,29.921079635620117,-95.4964828491211,Overture Places 2026-07-22.0,2026-07-22,open,packet_ready,primary_store_candidate
Burger King,ce497a06-0d64-4ea0-b554-779ca168a544,Burger King,14012 Stuebner Airline Rd,Houston,TX,77069,29.988834381103516,-95.49864959716797,Overture Places 2026-07-22.0,2026-07-22,open,packet_ready,primary_store_candidate
Burger King,23237d2f-e580-409e-b58a-610c69ba8cf9,Burger King,14501 Westheimer Rd,Houston,TX,77077,29.73501205444336,-95.64253997802734,Overture Places 2026-07-22.0,2026-07-22,open,packet_ready,primary_store_candidate
Burger King,10faec10-663d-4e25-8aa1-8ccbfbe5b906,Burger King,14504 Memorial Dr,Houston,TX,77079-5408,29.770511627197266,-95.60269927978516,Overture Places 2026-07-22.0,2026-07-22,open,packet_ready,primary_store_candidate
Burger King,29e60b54-4b83-4d0d-89a1-79d6533d4a29,Burger King,1620 S Loop W,Houston,TX,77054,29.679912567138672,-95.40235900878906,Overture Places 2026-07-22.0,2026-07-22,open,packet_ready,primary_store_candidate
Burger King,558dd47a-acd0-42d9-940e-13608100fdef,Burger King,1823 W Mt Houston Rd,Houston,TX,77038,29.897480010986328,-95.4308090209961,Overture Places 2026-07-22.0,2026-07-22,open,packet_ready,primary_store_candidate
Burger King,cbdecc7b-c818-40a1-81e1-b5f86ab0245b,Burger King,187 W Dyna Dr,Houston,TX,77037,29.921478271484375,-95.41096496582031,Overture Places 2026-07-22.0,2026-07-22,open,packet_ready,primary_store_candidate
Burger King,9a4f4e76-405e-479b-8985-6ea25a011e91,Burger King,19401 Aldine Westfield Rd,Houston,TX,77073,29.998462677001953,-95.37129211425781,Overture Places 2026-07-22.0,2026-07-22,open,packet_ready,primary_store_candidate
Burger King,e9e490aa-020a-48e2-9485-45debc74ef6a,Burger King,1950 N Sam Houston Pkwy E,Houston,TX,77032-3042,29.938039779663086,-95.35678100585938,Overture Places 2026-07-22.0,2026-07-22,open,packet_ready,primary_store_candidate
Burger King,15289f36-02b9-4459-b5d7-858b0da34e04,Burger King,207 W Greens Rd,Houston,TX,77067,29.948566436767578,-95.4200668334961,Overture Places 2026-07-22.0,2026-07-22,open,packet_ready,primary_store_candidate
Burger King,9d7c735c-a403-4de1-9e5e-daceb3b518ca,Burger King,2116 W Holcombe Blvd,Houston,TX,77030,29.706546783447266,-95.40594482421875,Overture Places 2026-07-22.0,2026-07-22,open,packet_ready,primary_store_candidate
Burger King,8da07df6-ca8d-40ae-9da9-b9b14d6ff453,Burger King,22536 TX-249,Houston,TX,77070,30.010820388793945,-95.58829498291016,Overture Places 2026-07-22.0,2026-07-22,open,packet_ready,primary_store_candidate
Burger King,1c13588f-3a49-499b-a38a-c290d6381bca,Burger King,2316 Scott St,Houston,TX,77004-2132,29.73407745361328,-95.34835052490234,Overture Places 2026-07-22.0,2026-07-22,open,packet_ready,primary_store_candidate
Burger King,0da7d0fb-e9c1-41f2-aef4-c16502bf25da,Burger King,2411 S Wayside Dr,Houston,TX,77023,29.713714599609375,-95.31551361083984,Overture Places 2026-07-22.0,2026-07-22,open,packet_ready,primary_store_candidate
Burger King,5dac1e3a-429b-413b-b5c3-fd0dbfe7a6b8,Burger King,2615 S Dairy Ashford St,Houston,TX,77082-2323,29.735380172729492,-95.6053695678711,Overture Places 2026-07-22.0,2026-07-22,open,packet_ready,primary_store_candidate
Burger King,fd2ac917-1ce5-435f-b0be-39c0c911a46d,Burger King,2803 Yale St,Houston,TX,77008,29.8122615814209,-95.39999389648438,Overture Places 2026-07-22.0,2026-07-22,open,packet_ready,primary_store_candidate
Burger King,a3987fa1-d8e8-45d7-bd03-6efc39f1ddb3,Burger King,2808 N Sam Houston Pkwy W,Houston,TX,77038-1212,29.938772201538086,-95.4614486694336,Overture Places 2026-07-22.0,2026-07-22,open,packet_ready,primary_store_candidate
Burger King,0a9d9443-b6a6-48ea-ad7d-397ddbcb65ce,Burger King,2902 Richey St,Houston,TX,77017,29.676006317138672,-95.23191833496094,Overture Places 2026-07-22.0,2026-07-22,open,packet_ready,primary_store_candidate
Burger King,b14a7821-070d-48e4-bf67-2cb6616c5c7c,Burger King,2910 Airport Blvd,Houston,TX,77051-4100,29.642757415771484,-95.38531494140625,Overture Places 2026-07-22.0,2026-07-22,open,packet_ready,primary_store_candidate
Burger King,498c78f0-186a-46cd-acf8-8cdba2f2b4d9,Burger King,3009 Collingsworth St,Houston,TX,77026-4641,29.79435157775879,-95.33890533447266,Overture Places 2026-07-22.0,2026-07-22,open,packet_ready,primary_store_candidate
Burger King,82174a26-c685-40ff-83e1-bbdf765d6df6,Burger King,3040 Ella Blvd,Houston,TX,77018-7314,29.814830780029297,-95.42903137207031,Overture Places 2026-07-22.0,2026-07-22,open,packet_ready,primary_store_candidate
Burger King,fd6fdb50-eec5-4850-8126-859977917163,Burger King,3211 Holcombe Blvd,Houston,TX,77021-2118,29.70240592956543,-95.3761978149414,Overture Places 2026-07-22.0,2026-07-22,open,packet_ready,primary_store_candidate
Burger King,d59ae8f9-7b7b-4ef1-8134-ad9e8c0e1f36,Burger King,330 W Little York Rd,Houston,TX,77076-1303,29.87021255493164,-95.40399169921875,Overture Places 2026-07-22.0,2026-07-22,open,packet_ready,primary_store_candidate
Burger King,4868479f-be43-4c3c-a6a0-9d9b46866aaa,Burger King,3405 S Sam Houston Pkwy E,Houston,TX,77047,29.599140167236328,-95.36756134033203,Overture Places 2026-07-22.0,2026-07-22,open,packet_ready,primary_store_candidate
Burger King,9c97c30d-e07c-42de-a200-f38b7b68d313,Burger King,3715 Little York Rd,Houston,TX,77093,29.871326446533203,-95.33183288574219,Overture Places 2026-07-22.0,2026-07-22,open,packet_ready,primary_store_candidate
Burger King,8fa77145-e519-41e4-8b09-441a27704233,Burger King,3730 Scott St,Houston,TX,77004-4745,29.721559524536133,-95.35234069824219,Overture Places 2026-07-22.0,2026-07-22,open,packet_ready,primary_store_candidate
Burger King,2ee45a13-16d7-48f3-8ac4-42191090696d,Burger King,4212 Richmond Ave,Houston,TX,77027,29.732826232910156,-95.44573211669922,Overture Places 2026-07-22.0,2026-07-22,open,packet_ready,primary_store_candidate
Burger King,f988f140-d759-4c71-9865-130b38f98a67,Burger King,4401 W 18th St,Houston,TX,77092-8502,29.801097869873047,-95.45209503173828,Overture Places 2026-07-22.0,2026-07-22,open,packet_ready,primary_store_candidate
Burger King,79962181-744c-4c21-b6a2-7e2095022934,Burger King,4639 Irvington Blvd,Houston,TX,77009-3345,29.80246925354004,-95.36143493652344,Overture Places 2026-07-22.0,2026-07-22,open,packet_ready,primary_store_candidate
Burger King,55e5a970-ed7b-46c4-83e2-929ab56dde90,Burger King,4676 Bellfort Ave,Houston,TX,77051,29.668926239013672,-95.35645294189453,Overture Places 2026-07-22.0,2026-07-22,open,packet_ready,primary_store_candidate
Burger King,f57a1118-ba01-4f18-a534-64ccb08b6ae0,Burger King,4755 TX-6,Houston,TX,77084-2714,29.84554672241211,-95.64613342285156,Overture Places 2026-07-22.0,2026-07-22,open,packet_ready,primary_store_candidate
Burger King,63d8a972-241f-43c3-a4d0-8c7afca49f45,Burger King,5001 E Crosstimbers St,Houston,TX,77016-6301,29.831384658813477,-95.31846618652344,Overture Places 2026-07-22.0,2026-07-22,open,packet_ready,primary_store_candidate
Burger King,5dd9140a-900a-4d34-9289-c5e4088b856d,Burger King,5115 Kirby Dr,Houston,TX,77098-5011,29.72662353515625,-95.41828155517578,Overture Places 2026-07-22.0,2026-07-22,open,packet_ready,primary_store_candidate
Burger King,7b43ce97-00a1-4bf8-8fb5-86b81070d049,Burger King,5240 Aldine Mail Rte Rd & Hwy. 59,Houston,TX,77039,29.902353286743164,-95.31300354003906,Overture Places 2026-07-22.0,2026-07-22,open,packet_ready,primary_store_candidate
Burger King,fb2a63dc-0210-41bf-a3bd-1e2fe8fce839,Burger King,5596 North Fwy,Houston,TX,77076,29.84722328186035,-95.39325714111328,Overture Places 2026-07-22.0,2026-07-22,open,packet_ready,primary_store_candidate
Burger King,29b382b1-e3e9-4106-8837-2c906ba20f8d,Burger King,5605 N Shepherd Dr,Houston,TX,77091,29.847543716430664,-95.41192626953125,Overture Places 2026-07-22.0,2026-07-22,open,packet_ready,primary_store_candidate
Burger King,1010d44b-1eeb-4200-96c0-b72f915e4f7c,Burger King,5698 W Little York Rd,Houston,TX,77091,29.863615036010742,-95.47392272949219,Overture Places 2026-07-22.0,2026-07-22,open,packet_ready,primary_store_candidate
Burger King,ad71630a-3ec6-4ddb-b428-79a06f20c837,Burger King,5750 East Sam Houston Pkwy N,Houston,TX,77015,29.8084774017334,-95.16228485107422,Overture Places 2026-07-22.0,2026-07-22,open,packet_ready,primary_store_candidate
Burger King,646d5107-d08d-4315-be16-2904dd24c0fe,Burger King,5811 S Gessner Dr,Houston,TX,77036,29.717023849487305,-95.53861999511719,Overture Places 2026-07-22.0,2026-07-22,open,packet_ready,primary_store_candidate
Burger King,2de0056b-a9ae-4a15-9b51-4802d5ca4c32,Burger King,5930 Richmond Ave,Houston,TX,77057-6317,29.731971740722656,-95.48391723632812,Overture Places 2026-07-22.0,2026-07-22,open,packet_ready,primary_store_candidate
Burger King,f42e9b08-61ad-4e41-9061-98aa67a2f81c,Burger King,603 FM 1960 W,Houston,TX,77090,30.017990112304688,-95.4383316040039,Overture Places 2026-07-22.0,2026-07-22,open,packet_ready,primary_store_candidate
Burger King,1fa44491-3a7c-4d63-8f34-56f26cd32f95,Burger King,6220 East Fwy,Houston,TX,77020,29.7735652923584,-95.30778503417969,Overture Places 2026-07-22.0,2026-07-22,open,packet_ready,primary_store_candidate
Burger King,1188ea6b-d5aa-42d4-add3-80b67a0150a4,Burger King,6730 Harrisburg Blvd,Houston,TX,77011,29.73685646057129,-95.3073959350586,Overture Places 2026-07-22.0,2026-07-22,open,packet_ready,primary_store_candidate
Burger King,cdf03cae-a58b-489a-b1f8-1057fa939810,Burger King,6815 Jensen Dr,Houston,TX,77093-9207,29.821468353271484,-95.34324645996094,Overture Places 2026-07-22.0,2026-07-22,open,packet_ready,primary_store_candidate
Burger King,bb4be562-dfde-40e5-8c36-e268d388d116,Burger King,6936 N Eldridge Pkwy,Houston,TX,77041,29.878480911254883,-95.60792541503906,Overture Places 2026-07-22.0,2026-07-22,open,packet_ready,primary_store_candidate
Burger King,7310893e-e990-43b1-ad36-c518b6513f02,Burger King,700 Travis St,Houston,TX,77002-3212,29.760000228881836,-95.3641128540039,Overture Places 2026-07-22.0,2026-07-22,open,packet_ready,primary_store_candidate
Burger King,4c8ed23d-7ae7-414b-b586-e0c18031595b,Burger King,7011 Gulf Fwy,Houston,TX,77087-2507,29.7012882232666,-95.29299926757812,Overture Places 2026-07-22.0,2026-07-22,open,packet_ready,primary_store_candidate
Burger King,b88328c4-504e-492c-842b-b726a1a0d351,Burger King,7607 W Tidwell Rd,Houston,TX,77040,29.851221084594727,-95.50525665283203,Overture Places 2026-07-22.0,2026-07-22,open,packet_ready,primary_store_candidate
Burger King,62bb4ad7-eba3-4c79-9f29-fb5abf68e77a,Burger King,7745 S Sam Houston Pkwy E,Houston,TX,77075-4651,29.601028442382812,-95.28702545166016,Overture Places 2026-07-22.0,2026-07-22,open,packet_ready,primary_store_candidate
Burger King,f0a2b486-d0c9-4a2c-b72c-f80a20a630c8,Burger King,7802 Hwy 6 N,Houston,TX,77095,29.89112663269043,-95.64053344726562,Overture Places 2026-07-22.0,2026-07-22,open,packet_ready,primary_store_candidate
Burger King,b7f82007-cb69-4769-b962-b9ec07fd60cc,Burger King,7806 Bellfort St,Houston,TX,77061-1140,29.672069549560547,-95.27839660644531,Overture Places 2026-07-22.0,2026-07-22,open,packet_ready,primary_store_candidate
Burger King,26ba51a8-6fd8-45ef-a2b2-0d98001f8cc9,Burger King,8003 Long Point Rd,Houston,TX,77055,29.802505493164062,-95.4872817993164,Overture Places 2026-07-22.0,2026-07-22,open,packet_ready,primary_store_candidate
Burger King,2e5cf514-3234-4972-9ccd-84181888b67e,Burger King,8181 W Sam Houston Pkwy S,Houston,TX,77072,29.689876556396484,-95.55630493164062,Overture Places 2026-07-22.0,2026-07-22,open,packet_ready,primary_store_candidate
Burger King,cb0b38d4-24e8-49d9-a5ce-db85ebb7218a,Burger King,8404 Highway 6 S,Houston,TX,77083-5707,29.688840866088867,-95.64431762695312,Overture Places 2026-07-22.0,2026-07-22,open,packet_ready,primary_store_candidate
Burger King,bca940ed-f2f1-436c-9c09-7851f34b80e7,Burger King,8930 E Sam Houston Pkwy N,Houston,TX,77044,29.852815628051758,-95.18856811523438,Overture Places 2026-07-22.0,2026-07-22,open,packet_ready,primary_store_candidate
Burger King,716c7066-0c22-4321-b59f-73924245b337,Burger King,9009 Clinton Dr,Houston,TX,77029-4311,29.739789962768555,-95.26690673828125,Overture Places 2026-07-22.0,2026-07-22,open,packet_ready,primary_store_candidate
Burger King,5ed3beb7-34d7-4602-ae1d-f3f8892266dd,Burger King,9349 Main St,Houston,TX,77025-4552,29.683006286621094,-95.42279052734375,Overture Places 2026-07-22.0,2026-07-22,open,packet_ready,primary_store_candidate
Burger King,542239c6-f5c9-4932-9577-9f97b628b89e,Burger King,9501 Jensen Dr,Houston,TX,77093,29.84862518310547,-95.3434829711914,Overture Places 2026-07-22.0,2026-07-22,open,packet_ready,primary_store_candidate
Burger King,ef89656f-c77c-409c-aa30-e49d99c23d90,Burger King,9519 Westheimer Rd,Houston,TX,77063-3369,29.736907958984375,-95.53277587890625,Overture Places 2026-07-22.0,2026-07-22,open,packet_ready,primary_store_candidate
Burger King,5ffefe27-2697-401e-9e5d-d3127dc0cedf,Burger King,9603 Bissonnet St,Houston,TX,77036-8005,29.675243377685547,-95.54640197753906,Overture Places 2026-07-22.0,2026-07-22,open,packet_ready,primary_store_candidate
Burger King,6318d529-1250-4cc4-a1e4-07b4918a49c8,Burger King,10035 FM-1960A-Br,Humble,TX,77338,30.00206756591797,-95.27088928222656,Overture Places 2026-07-22.0,2026-07-22,open,packet_ready,primary_store_candidate
Burger King,695304f7-235d-4d0b-81ec-e58621dd4300,Burger King,17950 W Lake Houston Pkwy,Humble,TX,77346-3967,29.980255126953125,-95.16389465332031,Overture Places 2026-07-22.0,2026-07-22,open,packet_ready,primary_store_candidate
Burger King,59d0b8e8-149d-4c71-ae3a-fbb0fc594998,Burger King,21505 Aldine Westfield Rd,Humble,TX,77338-1021,30.027484893798828,-95.38172149658203,Overture Places 2026-07-22.0,2026-07-22,open,packet_ready,primary_store_candidate
Burger King,2179721c-7d1f-44c6-b39f-8464c4912f4c,Burger King,3813 Atascocita Road,Humble,TX,77396,29.980554580688477,-95.21649169921875,Overture Places 2026-07-22.0,2026-07-22,open,packet_ready,primary_store_candidate
Burger King,e73d7dd7-2154-486a-8a3f-6c614aedcd4e,Burger King,6355 Will Clayton Pkwy,Humble,TX,77338,29.98408317565918,-95.29627227783203,Overture Places 2026-07-22.0,2026-07-22,open,packet_ready,primary_store_candidate
Burger King,85a170ab-3c4e-4677-8b0b-1de4a060889c,Burger King,6944 Farm to Market 1960 Rd E,Humble,TX,77346,29.99774742126465,-95.1742172241211,Overture Places 2026-07-22.0,2026-07-22,open,packet_ready,primary_store_candidate
Burger King,6273c055-4093-40ed-b766-12b4e4c409b0,Burger King,7015 N Sam Houston Pkwy E,Humble,TX,77396,29.94158172607422,-95.2817611694336,Overture Places 2026-07-22.0,2026-07-22,open,packet_ready,primary_store_candidate
Burger King,473f523c-fd24-4726-a847-3ffc933d4594,Burger King,8210 Will Clayton Pkwy,Humble,TX,77338-5834,29.978822708129883,-95.2605972290039,Overture Places 2026-07-22.0,2026-07-22,open,packet_ready,primary_store_candidate
Burger King,387ef445-1f75-43a1-b402-5ecac9794767,Burger King,9410 N Sam Houston Pkwy E,Humble,TX,77396,29.933345794677734,-95.25016784667969,Overture Places 2026-07-22.0,2026-07-22,open,packet_ready,primary_store_candidate
Burger King,f9f125f6-172d-474b-b474-a214073be8ef,Burger King,107 I-45,Huntsville,TX,77340,30.716978073120117,-95.57051086425781,Overture Places 2026-07-22.0,2026-07-22,open,packet_ready,primary_store_candidate
Burger King,316fea5f-34fa-4061-983f-85794ed6eaab,Burger King,1047 S Interstate 45 Service Rd,Hutchins,TX,75141,32.63339614868164,-96.70117950439453,Overture Places 2026-07-22.0,2026-07-22,open,packet_ready,primary_store_candidate
Burger King,b87fea53-8edd-41da-b6c9-136033abb6d8,Burger King,1950 Esters Rd,Irving,TX,75061,32.834163665771484,-97.00899505615234,Overture Places 2026-07-22.0,2026-07-22,open,packet_ready,primary_store_candidate
Burger King,7d77b027-329a-4094-bb4c-018d679d71a7,Burger King,200 W Irving Blvd,Irving,TX,75060,32.8134651184082,-96.9476089477539,Overture Places 2026-07-22.0,2026-07-22,open,packet_ready,primary_store_candidate
Burger King,c1917ecb-a0d3-48e3-9361-114af9a5a3ee,Burger King,2525 W Airport Fwy,Irving,TX,75062-6018,32.83793258666992,-96.98069763183594,Overture Places 2026-07-22.0,2026-07-22,open,packet_ready,primary_store_candidate
Burger King,20b4c215-dfca-4f26-8860-165bbf173147,Burger King,4095 N Belt Line Rd,Irving,TX,75038,32.86457824707031,-96.99229431152344,Overture Places 2026-07-22.0,2026-07-22,open,packet_ready,primary_store_candidate
Burger King,68d97ccd-0019-469c-af3b-2495dc2c2d14,Burger King,505 E Rusk St,Jacksonville,TX,75766-4947,31.9639835357666,-95.26854705810547,Overture Places 2026-07-22.0,2026-07-22,open,packet_ready,primary_store_candidate
Burger King,b98131fa-1dbd-4d2d-b88c-fdb6fee5e5f0,Burger King,11765 N Interstate 35,Jarrell,TX,76537-1833,30.81175994873047,-97.61134338378906,Overture Places 2026-07-22.0,2026-07-22,open,packet_ready,primary_store_candidate
Burger King,3047c33c-63e1-4596-a489-9cfc7896f291,Burger King,350 E Gibson St,Jasper,TX,75951,30.910966873168945,-93.9969711303711,Overture Places 2026-07-22.0,2026-07-22,open,packet_ready,primary_store_candidate
Burger King,cba0e7f6-3cea-4185-b02b-be91e762cf6c,Burger King,1709 N Fry Rd,Katy,TX,77449,29.791589736938477,-95.719482421875,Overture Places 2026-07-22.0,2026-07-22,open,packet_ready,primary_store_candidate
Burger King,cf1e0104-3fc8-4c3b-88f6-2148e196ef67,Burger King,19898 Kieth Harrow Blvd,Katy,TX,77449-7004,29.846240997314453,-95.71892547607422,Overture Places 2026-07-22.0,2026-07-22,open,packet_ready,primary_store_candidate
Burger King,c6e7d28e-c573-4a64-b8a2-e3fc9ea3e5b1,Burger King,25560 Kingsland Blvd,Katy,TX,77494,29.773733139038086,-95.81822204589844,Overture Places 2026-07-22.0,2026-07-22,open,packet_ready,primary_store_candidate
Burger King,5df0b54f-829c-4960-ad6b-0ab09d126a64,Burger King,3021 W Grand Pkwy N,Katy,TX,77449,29.818328857421875,-95.77159118652344,Overture Places 2026-07-22.0,2026-07-22,open,packet_ready,primary_store_candidate
Burger King,b77dc3bd-5edb-4488-aaa2-b2e69239bbc0,Burger King,5000 Katy Mills Cir,Katy,TX,77494,29.775833129882812,-95.81033325195312,Overture Places 2026-07-22.0,2026-07-22,open,packet_ready,primary_store_candidate
Burger King,2707d722-cca6-4049-bdf0-c3cdad774aa1,Burger King,603 S Mason Rd,Katy,TX,77450,29.774091720581055,-95.75121307373047,Overture Places 2026-07-22.0,2026-07-22,open,packet_ready,primary_store_candidate
Burger King,87cf92d7-86bc-48d0-a67a-6526bebfb139,Burger King,700 US-175 Frontage Rd,Kaufman,TX,75142,32.57005310058594,-96.3039321899414,Overture Places 2026-07-22.0,2026-07-22,open,packet_ready,primary_store_candidate
Burger King,27c9fb89-b3b0-4b5c-8a1e-b29d4edd309c,Burger King,123 S Sunset Strip St,Kenedy,TX,78119-3057,28.811613082885742,-97.85747528076172,Overture Places 2026-07-22.0,2026-07-22,open,packet_ready,primary_store_candidate
Burger King,627d613c-ab1d-479f-a133-ab1b9625f0a0,Burger King,611 Sidney Baker St,Kerrville,TX,78028-4555,30.050060272216797,-99.13720703125,Overture Places 2026-07-22.0,2026-07-22,open,packet_ready,primary_store_candidate
Burger King,afad2941-7d7c-4379-87a6-4fbfcc57e2a6,Burger King,803 US-259 BUS,Kilgore,TX,75662,32.3887939453125,-94.86702728271484,Overture Places 2026-07-22.0,2026-07-22,open,packet_ready,primary_store_candidate
Burger King,fb74cd9b-6656-4810-abf1-c23c00572d44,Burger King,1029 S Fort Hood St,Killeen,TX,76541-7436,31.112030029296875,-97.74686431884766,Overture Places 2026-07-22.0,2026-07-22,open,packet_ready,primary_store_candidate
Burger King,023b36ba-76c6-41a1-8c94-356a6851446c,Burger King,1105 - W Stan Schlueter Loop,Killeen,TX,76549-5079,31.080028533935547,-97.76179504394531,Overture Places 2026-07-22.0,2026-07-22,open,packet_ready,primary_store_candidate
Burger King,24406b2c-7cea-4141-b803-d4c64a7118e4,Burger King,2902 Clear Creek Rd,Killeen,TX,76549-6766,31.10797882080078,-97.80107879638672,Overture Places 2026-07-22.0,2026-07-22,open,packet_ready,primary_store_candidate
Burger King,e025b378-4514-4531-9b6e-e6def126a986,Burger King,3809 E Stan Schlueter Loop,Killeen,TX,76542-6623,31.072202682495117,-97.70977020263672,Overture Places 2026-07-22.0,2026-07-22,open,packet_ready,primary_store_candidate
Burger King,41e7c9c5-1e56-46d1-b5fd-370e122b26c8,Burger King,505 E Rancier Ave,Killeen,TX,76541-3548,31.12521743774414,-97.72264099121094,Overture Places 2026-07-22.0,2026-07-22,open,packet_ready,primary_store_candidate
Burger King,6fa520e9-41f8-4411-b9ed-e5978a4298e3,Burger King,911 E King Ave,Kingsville,TX,78363,27.515371322631836,-97.85693359375,Overture Places 2026-07-22.0,2026-07-22,open,packet_ready,primary_store_candidate
Burger King,0533d687-09c2-4731-b057-d8897e343fbb,Burger King,2915 W Lake Houston Pkwy,Kingwood,TX,77339-5218,30.04857063293457,-95.18433380126953,Overture Places 2026-07-22.0,2026-07-22,open,packet_ready,primary_store_candidate
Burger King,998a765b-1ab9-442e-9fc8-60d6a90391c5,Burger King,18600 S I-35 Frontage Rd,Kyle,TX,78640,30.03667640686035,-97.84628295898438,Overture Places 2026-07-22.0,2026-07-22,open,packet_ready,primary_store_candidate
Burger King,6c5240cf-2fae-4f17-9ffc-f1d700f30ea8,Burger King,1102 N Main St,La Feria,TX,78559,26.1672306060791,-97.82373046875,Overture Places 2026-07-22.0,2026-07-22,open,packet_ready,primary_store_candidate
Burger King,10bb84c1-e186-4667-860b-328bf7d5078b,Burger King,1102 TX-146,La Porte,TX,77571,29.651803970336914,-95.03089904785156,Overture Places 2026-07-22.0,2026-07-22,open,packet_ready,primary_store_candidate
Burger King,eb6e6c5e-3e5d-4eaa-9be3-c891fab66948,Burger King,103 N Loop 340,Lacy-Lakeview,TX,76705,31.603866577148438,-97.1080322265625,Overture Places 2026-07-22.0,2026-07-22,open,packet_ready,primary_store_candidate
Burger King,f6b17674-2ea0-4ad1-85e2-1d75d62cf118,Burger King,116 TX-332,Lake Jackson,TX,77566,29.048574447631836,-95.46089935302734,Overture Places 2026-07-22.0,2026-07-22,open,packet_ready,primary_store_candidate
Burger King,a8160ce2-e8da-48a9-8255-1091676966a0,Burger King,6625 Lake Worth Blvd,Lake Worth,TX,76135-2916,32.81146240234375,-97.43291473388672,Overture Places 2026-07-22.0,2026-07-22,open,packet_ready,primary_store_candidate
Burger King,e40e5e29-8198-49ce-8722-7eb7369c07c4,Burger King,1010 Beltway Pkwy,Laredo,TX,78045,27.68729591369629,-99.46357727050781,Overture Places 2026-07-22.0,2026-07-22,open,packet_ready,primary_store_candidate
Burger King,dd114221-9bd5-4295-b16b-8606fb55071b,Burger King,1301 Farragut St,Laredo,TX,78040-4902,27.50551986694336,-99.50884246826172,Overture Places 2026-07-22.0,2026-07-22,open,packet_ready,primary_store_candidate
Burger King,4a6bc80c-0591-4e7d-9ae5-3bb1e5d2205f,Burger King,1402 E Saunders St,Laredo,TX,78041,27.5308895111084,-99.48218536376953,Overture Places 2026-07-22.0,2026-07-22,open,packet_ready,primary_store_candidate
Burger King,4cba72d2-7310-4736-be34-1cbbc0f2c10a,Burger King,1419 Guadalupe St,Laredo,TX,78040-5344,27.50617027282715,-99.48158264160156,Overture Places 2026-07-22.0,2026-07-22,open,packet_ready,primary_store_candidate
Burger King,4a0ead00-eea9-4e89-b7c3-280f5f110da0,Burger King,1920 Shiloh Dr,Laredo,TX,78045,27.598793029785156,-99.45549774169922,Overture Places 2026-07-22.0,2026-07-22,open,packet_ready,primary_store_candidate
Burger King,9a778ab1-79a4-4112-8d60-81f81ce4a672,Burger King,4407 US-83,Laredo,TX,78046,27.4536075592041,-99.4768295288086,Overture Places 2026-07-22.0,2026-07-22,open,packet_ready,primary_store_candidate
Burger King,abd201bc-7372-4b9f-bef2-09935b7655ea,Burger King,4601 San Bernardo Ave,Laredo,TX,78041,27.542444229125977,-99.50385284423828,Overture Places 2026-07-22.0,2026-07-22,open,packet_ready,primary_store_candidate
Burger King,6fe03005-fb5c-4393-ae97-cc27dc3da309,Burger King,7515 McPherson Rd,Laredo,TX,78041,27.572315216064453,-99.47219848632812,Overture Places 2026-07-22.0,2026-07-22,open,packet_ready,primary_store_candidate
Burger King,17918dca-f377-4b0d-bbad-e92784b7bede,Burger King,801 Lafayette St,Laredo,TX,78041,27.530437469482422,-99.50383758544922,Overture Places 2026-07-22.0,2026-07-22,open,packet_ready,primary_store_candidate
Burger King,777a4128-0604-4de2-96bf-75047adaa2f2,Burger King,9810 Mines Rd,Laredo,TX,78045,27.58993148803711,-99.51225280761719,Overture Places 2026-07-22.0,2026-07-22,open,packet_ready,primary_store_candidate
Burger King,823baed1-160e-4216-8121-dc0d30e154b5,Burger King,3034 Marina Bay Dr,League City,TX,77573,29.54289436340332,-95.06022644042969,Overture Places 2026-07-22.0,2026-07-22,open,packet_ready,primary_store_candidate
Burger King,2e06a314-1b6b-4468-a839-b57d53c64c3c,Burger King,4898 W Main St,League City,TX,77573,29.49092674255371,-95.15252685546875,Overture Places 2026-07-22.0,2026-07-22,open,packet_ready,primary_store_candidate
Burger King,5a8465a1-1bef-4282-a87c-e17b32b8adb6,Burger King,651 Highway 183,Leander,TX,78641-7001,30.581851959228516,-97.85887145996094,Overture Places 2026-07-22.0,2026-07-22,open,packet_ready,primary_store_candidate
Burger King,b2b7c425-4d37-4a41-8588-adca234846c7,Burger King,1304 College Ave,Levelland,TX,79336,33.57888412475586,-102.36824798583984,Overture Places 2026-07-22.0,2026-07-22,open,packet_ready,primary_store_candidate
Burger King,cf4a8d3c-2c9b-41d1-b2cc-59f41acab856,Burger King,1104 W Main St,Lewisville,TX,75067-3473,33.04179000854492,-97.02114868164062,Overture Places 2026-07-22.0,2026-07-22,open,packet_ready,primary_store_candidate
Burger King,97a3db0c-0405-4879-8ece-c58e86b71703,Burger King,1313 State Hwy 121,Lewisville,TX,75067,33.02488327026367,-96.99347686767578,Overture Places 2026-07-22.0,2026-07-22,open,packet_ready,primary_store_candidate
Burger King,a1059f88-0023-4cd7-8694-3237683260cc,Burger King,908 Valley Ridge Blvd,Lewisville,TX,75077-2991,33.05556869506836,-97.01564025878906,Overture Places 2026-07-22.0,2026-07-22,open,packet_ready,primary_store_candidate
Burger King,762e148b-d1b6-4eca-a3cf-9997a6122bb7,Burger King,3404 S Main St,Lindale,TX,75771,32.470726013183594,-95.38800048828125,Overture Places 2026-07-22.0,2026-07-22,open,packet_ready,primary_store_candidate
Burger King,cb0b7ab2-cfc8-484f-adda-1a9b4ab85ef5,Burger King,2776 E Eldorado Pkwy,Little Elm,TX,75068-5998,33.17787551879883,-96.88885498046875,Overture Places 2026-07-22.0,2026-07-22,open,packet_ready,primary_store_candidate
Burger King,f09177f0-7815-495d-9aab-dfd866ed7655,Burger King,8131 Pat Booker Rd,Live Oak,TX,78233-2600,29.56232261657715,-98.32976531982422,Overture Places 2026-07-22.0,2026-07-22,open,packet_ready,primary_store_candidate
Burger King,f6990bb4-790f-4663-b710-a33074bb67a0,Burger King,1525 W Church St,Livingston,TX,77351,30.71038246154785,-94.95182037353516,Overture Places 2026-07-22.0,2026-07-22,open,packet_ready,primary_store_candidate
Burger King,1bdb1c50-6891-41ea-8fc0-e5f220a06eec,Burger King,1623 W Loop 281,Longview,TX,75604-2732,32.52711486816406,-94.77987670898438,Overture Places 2026-07-22.0,2026-07-22,open,packet_ready,primary_store_candidate
Burger King,c81fa98a-5a93-458b-9d03-93f24f2c09a3,Burger King,3306 S Eastman Rd,Longview,TX,75602,32.4516716003418,-94.70791625976562,Overture Places 2026-07-22.0,2026-07-22,open,packet_ready,primary_store_candidate
Burger King,fe603d9b-f697-4217-b010-d47a355109e0,Burger King,3511 McCann Rd,Longview,TX,75605,32.539825439453125,-94.75484466552734,Overture Places 2026-07-22.0,2026-07-22,open,packet_ready,primary_store_candidate
Burger King,39c7d47a-5df3-4910-911c-12338bbc2cbd,Burger King,701 W Marshall Ave,Longview,TX,75601,32.49940490722656,-94.75012969970703,Overture Places 2026-07-22.0,2026-07-22,open,packet_ready,primary_store_candidate
Burger King,2fb2f600-2d40-409b-bfab-cf7db0a7b355,Burger King,1804 E 4th St,Lubbock,TX,79403,33.59213638305664,-101.85688781738281,Overture Places 2026-07-22.0,2026-07-22,open,packet_ready,primary_store_candidate
Burger King,0465d4ed-701d-4738-a16e-856095363ad3,Burger King,2002 50th St,Lubbock,TX,79412-2708,33.549041748046875,-101.8602294921875,Overture Places 2026-07-22.0,2026-07-22,open,packet_ready,primary_store_candidate
Burger King,30a9096a-1e9b-4bd4-a696-8b638491b174,Burger King,4202 82nd St,Lubbock,TX,79423,33.52020263671875,-101.90174102783203,Overture Places 2026-07-22.0,2026-07-22,open,packet_ready,primary_store_candidate
Burger King,ec5911a6-d143-4761-b6f8-2cfdf3ec5c8a,Burger King,5112 Slide Rd,Lubbock,TX,79414-3722,33.54726791381836,-101.9229507446289,Overture Places 2026-07-22.0,2026-07-22,open,packet_ready,primary_store_candidate
Burger King,b3c36ca2-414a-48a0-812b-7be30ac990b5,Burger King,5212 4th St,Lubbock,TX,79416-4302,33.59271240234375,-101.92437744140625,Overture Places 2026-07-22.0,2026-07-22,open,packet_ready,primary_store_candidate
Burger King,2fbdebaf-1cfc-4265-b61a-eabcb90a7f25,Burger King,6003 19th St,Lubbock,TX,79407,33.577335357666016,-101.94775390625,Overture Places 2026-07-22.0,2026-07-22,open,packet_ready,primary_store_candidate
Burger King,20caa713-967e-4a68-82b2-f26b270a1f3b,Burger King,6311 82nd St,Lubbock,TX,79424-0837,33.519309997558594,-101.95492553710938,Overture Places 2026-07-22.0,2026-07-22,open,packet_ready,primary_store_candidate
Burger King,9e3e8d32-13f8-4eb5-bd30-cd896d862930,Burger King,7006 University Ave,Lubbock,TX,79413-6363,33.53083419799805,-101.8708267211914,Overture Places 2026-07-22.0,2026-07-22,open,packet_ready,primary_store_candidate
Burger King,2037e2c5-62da-4c94-a15f-b032d1b2bcf2,Burger King,209 S Timberland Dr,Lufkin,TX,75901-4065,31.333703994750977,-94.7195816040039,Overture Places 2026-07-22.0,2026-07-22,open,packet_ready,primary_store_candidate
Burger King,71e5164c-36a4-49b0-b6ce-902c4a13f5fd,Burger King,2402 S First St,Lufkin,TX,75901,31.2962703704834,-94.72892761230469,Overture Places 2026-07-22.0,2026-07-22,open,packet_ready,primary_store_candidate
Burger King,1ce8c622-858c-427e-ad27-e4a18adf69ce,Burger King,112 S Lhs Dr,Lumberton,TX,77657,30.25358009338379,-94.21475982666016,Overture Places 2026-07-22.0,2026-07-22,open,packet_ready,primary_store_candidate
Burger King,58a57893-51ed-4f91-85ac-4f3ee224811e,Burger King,19380 McDonald St,Lytle,TX,78052,29.232080459594727,-98.78889465332031,Overture Places 2026-07-22.0,2026-07-22,open,packet_ready,primary_store_candidate
Burger King,48e79559-a0ff-43d3-9917-ffbfdbfe11ea,Burger King,18665 Magnolia Pkwy,Magnolia,TX,77354-7624,30.211763381958008,-95.7532730102539,Overture Places 2026-07-22.0,2026-07-22,open,packet_ready,primary_store_candidate
Burger King,e45e2f6a-ea51-4f9f-8126-00ff871c00d8,Burger King,787 Honea Egypt Rd,Magnolia,TX,77354,30.230558395385742,-95.56841278076172,Overture Places 2026-07-22.0,2026-07-22,open,packet_ready,primary_store_candidate
Burger King,dc68a159-1565-42f9-99f6-1de1ba2c3b62,Burger King,3151 Matlock Rd,Mansfield,TX,76063,32.6085090637207,-97.11746978759766,Overture Places 2026-07-22.0,2026-07-22,open,packet_ready,primary_store_candidate
Burger King,5ffb8d7a-24e4-477e-9a86-b3bc432b7c21,Burger King,17657 Hwy 6,Manvel,TX,77578,29.48244857788086,-95.39833068847656,Overture Places 2026-07-22.0,2026-07-22,open,packet_ready,primary_store_candidate
Burger King,e6dfd59e-307e-43e7-9e80-fe1e4c60821c,Burger King,904 N US Highway 281,Marble Falls,TX,78654-5110,30.57762336730957,-98.27327728271484,Overture Places 2026-07-22.0,2026-07-22,open,packet_ready,primary_store_candidate
Burger King,806d994f-4e81-4209-9f76-a7ef4f1429c5,Burger King,1310 E Pinecrest Dr,Marshall,TX,75670,32.5263557434082,-94.35247039794922,Overture Places 2026-07-22.0,2026-07-22,open,packet_ready,primary_store_candidate
Burger King,5981fa3b-266e-4b84-b18e-9f915f886c21,Burger King,1101 S 10th St,McAllen,TX,78501-5043,26.193235397338867,-98.23148345947266,Overture Places 2026-07-22.0,2026-07-22,open,packet_ready,primary_store_candidate
Burger King,81d86e1d-966c-4f4b-a68c-369154b41175,Burger King,1700 N 23rd St,McAllen,TX,78501,26.221405029296875,-98.24229431152344,Overture Places 2026-07-22.0,2026-07-22,open,packet_ready,primary_store_candidate
Burger King,8a9dd07f-7e19-4357-a06f-a36b58e39c9c,Burger King,2313 W Military Hwy,McAllen,TX,78503,26.150150299072266,-98.25518798828125,Overture Places 2026-07-22.0,2026-07-22,open,packet_ready,primary_store_candidate
Burger King,f2f1b8ad-2980-408e-8c03-254e4d645f63,Burger King,3700 Buddy Owens Blvd,McAllen,TX,78504,26.25001335144043,-98.25493621826172,Overture Places 2026-07-22.0,2026-07-22,open,packet_ready,primary_store_candidate
Burger King,85308c8d-e898-429d-9553-e9c98f2efa73,Burger King,700 W Nolana Ave,McAllen,TX,78504,26.23931884765625,-98.22052764892578,Overture Places 2026-07-22.0,2026-07-22,open,packet_ready,primary_store_candidate
Burger King,74fdd48e-e01b-48ed-8f0e-881863630b1f,Burger King,7209 N 23rd St,McAllen,TX,78504,26.269807815551758,-98.23503875732422,Overture Places 2026-07-22.0,2026-07-22,open,packet_ready,primary_store_candidate
Burger King,9470d359-5436-453b-8f09-d1c6f6a0b686,Burger King,1700 W University Dr,McKinney,TX,75069,33.216976165771484,-96.63202667236328,Overture Places 2026-07-22.0,2026-07-22,open,packet_ready,primary_store_candidate
Burger King,2c874cc2-206c-43d1-9c34-13bed3426fee,Burger King,6510 State Highway 121,McKinney,TX,75070-4376,33.14055633544922,-96.69307708740234,Overture Places 2026-07-22.0,2026-07-22,open,packet_ready,primary_store_candidate
Burger King,52bc18a3-36a8-42e4-87a1-13295a108589,Burger King,2651 Sam Rayburn Hwy,Melissa,TX,75454,33.282569885253906,-96.56303405761719,Overture Places 2026-07-22.0,2026-07-22,open,packet_ready,primary_store_candidate
Burger King,b3705f64-e15b-41a2-90bd-84c6710a0a51,Burger King,16000 Lyndon B Johnson Fwy,Mesquite,TX,75150,32.835121154785156,-96.631103515625,Overture Places 2026-07-22.0,2026-07-22,open,packet_ready,primary_store_candidate
Burger King,fd0cf498-4187-4ab3-be47-82c4441c671c,Burger King,1730 Military Pkwy,Mesquite,TX,75149-3626,32.76747131347656,-96.62450408935547,Overture Places 2026-07-22.0,2026-07-22,open,packet_ready,primary_store_candidate
Burger King,dafb005c-b181-4c8f-a82f-4a4ed55f8c47,Burger King,1933 N Town E Blvd,Mesquite,TX,75150,32.81142044067383,-96.62967681884766,Overture Places 2026-07-22.0,2026-07-22,open,packet_ready,primary_store_candidate
Burger King,1d9269d1-0ec6-48c1-a746-0e79bfef6472,Burger King,2104 N Galloway Ave,Mesquite,TX,75150,32.793853759765625,-96.61155700683594,Overture Places 2026-07-22.0,2026-07-22,open,packet_ready,primary_store_candidate
Burger King,47552cf6-8d32-4d82-bf0d-d4cc2a137754,Burger King,2701 Rankin Hwy,Midland,TX,79706-4006,31.970190048217773,-102.07289123535156,Overture Places 2026-07-22.0,2026-07-22,open,packet_ready,primary_store_candidate
Burger King,0e866999-fef0-4253-8e59-89cd04c161fb,Burger King,4805 N Midkiff Rd,Midland,TX,79705,32.034488677978516,-102.1301040649414,Overture Places 2026-07-22.0,2026-07-22,open,packet_ready,primary_store_candidate
Burger King,edad2d95-3ecd-4a02-bdd2-2d37b6588bda,Burger King,710 Andrews Hwy,Midland,TX,79701,31.998918533325195,-102.10749816894531,Overture Places 2026-07-22.0,2026-07-22,open,packet_ready,primary_store_candidate
Burger King,b88796b8-601d-4c04-89ec-f332032bda99,Burger King,2251 FM 663,Midlothian,TX,76065,32.46006393432617,-96.99596405029297,Overture Places 2026-07-22.0,2026-07-22,open,packet_ready,primary_store_candidate
Burger King,4b535aae-d114-4e5d-8e51-2c09d75ec45e,Burger King,2301 N Conway Ave,Mission,TX,78574,26.22991371154785,-98.32389831542969,Overture Places 2026-07-22.0,2026-07-22,open,packet_ready,primary_store_candidate
Burger King,0cc2cec6-6c2b-4374-a583-3794ba0cdf2b,Burger King,2414 E Expressway 83,Mission,TX,78572-8101,26.194913864135742,-98.2876968383789,Overture Places 2026-07-22.0,2026-07-22,open,packet_ready,primary_store_candidate
Burger King,4f5db6f9-d41b-41e4-b1ea-505e33fa00a7,Burger King,10210 Hwy 6,Missouri City,TX,77459,29.531566619873047,-95.51145935058594,Overture Places 2026-07-22.0,2026-07-22,open,packet_ready,primary_store_candidate
Burger King,166c4b32-f984-4b29-b216-93d8f91106b7,Burger King,1254 FM 1092 Rd,Missouri City,TX,77459,29.601207733154297,-95.5649642944336,Overture Places 2026-07-22.0,2026-07-22,open,packet_ready,primary_store_candidate
Burger King,5487ebcc-6118-4d76-8943-b6a83dd4738c,Burger King,2207 Texas Pkwy,Missouri City,TX,77489,29.59501838684082,-95.52631378173828,Overture Places 2026-07-22.0,2026-07-22,open,packet_ready,primary_store_candidate
Burger King,76876686-189d-4be2-ada2-8ca9f9fa80a0,Burger King,1904 S Stockton Ave,Monahans,TX,79756,31.576356887817383,-102.89128875732422,Overture Places 2026-07-22.0,2026-07-22,open,packet_ready,primary_store_candidate
Burger King,ebdf281f-0448-4f56-9e77-0f60bda5fad8,Burger King,13113 I-10 E,Mont Belvieu,TX,77523,29.826251983642578,-94.85235595703125,Overture Places 2026-07-22.0,2026-07-22,open,packet_ready,primary_store_candidate
Burger King,5b483491-fab6-42d5-9484-3022457f23ae,Burger King,20180 Eva St,Montgomery,TX,77356,30.3885555267334,-95.67922973632812,Overture Places 2026-07-22.0,2026-07-22,open,packet_ready,primary_store_candidate
Burger King,199ec8eb-48e5-4111-8982-a4404ae3b129,Burger King,2000 N Jefferson Ave,Mt Pleasant,TX,75455,33.17595291137695,-94.97001647949219,Overture Places 2026-07-22.0,2026-07-22,open,packet_ready,primary_store_candidate
Burger King,d82ec22d-b4e9-46b9-8fec-8b080fa5d107,Burger King,2921 North St,Nacogdoches,TX,75965,31.63054656982422,-94.65293884277344,Overture Places 2026-07-22.0,2026-07-22,open,packet_ready,primary_store_candidate
Burger King,2de763ea-1422-4d14-8e3f-b7beb0f985ac,Burger King,3819 South St,Nacogdoches,TX,75964-7247,31.57040786743164,-94.6749038696289,Overture Places 2026-07-22.0,2026-07-22,open,packet_ready,primary_store_candidate
Burger King,c6b30db8-bf70-4453-91e9-7f1b8d282363,Burger King,1970 N Kings Hwy,Nash,TX,75569,33.45220184326172,-94.13032531738281,Overture Places 2026-07-22.0,2026-07-22,open,packet_ready,primary_store_candidate
Burger King,0a36a69f-ce08-4c12-adea-785f04ddc725,Burger King,1605 E Washington Ave,Navasota,TX,77868,30.39637565612793,-96.0739517211914,Overture Places 2026-07-22.0,2026-07-22,open,packet_ready,primary_store_candidate
Burger King,c22ad298-9c55-4f33-ba8c-ca9ed267672a,Burger King,3619 Nederland Ave,Nederland,TX,77627,29.956680297851562,-94.00568389892578,Overture Places 2026-07-22.0,2026-07-22,open,packet_ready,primary_store_candidate
Burger King,3f67b878-d7b1-41a9-bed6-71635e6fefe1,Burger King,900 N McCoy Blvd,New Boston,TX,75570,33.47608184814453,-94.40857696533203,Overture Places 2026-07-22.0,2026-07-22,open,packet_ready,primary_store_candidate
Burger King,15e2c0fb-bb0c-4c65-821a-b2d1331c77b0,Burger King,101 FM 306,New Braunfels,TX,78130-2559,29.729692459106445,-98.07978057861328,Overture Places 2026-07-22.0,2026-07-22,open,packet_ready,primary_store_candidate
Burger King,02ed607e-32c1-47af-bf74-4f9f8c847c41,Burger King,236 S I-35 South Frontage Rd,New Braunfels,TX,78130,29.690567016601562,-98.10892486572266,Overture Places 2026-07-22.0,2026-07-22,open,packet_ready,primary_store_candidate
Burger King,865d3618-f4d8-4c52-abbb-5ba0017819d7,Burger King,20189 US-59,New Caney,TX,77357,30.152956008911133,-95.21577453613281,Overture Places 2026-07-22.0,2026-07-22,open,packet_ready,primary_store_candidate
Burger King,64b21f59-c05d-4a4f-ac6a-cbac01cd4fa2,Burger King,6505D FM1374,New Waverly,TX,77358,30.549819946289062,-95.50038146972656,Overture Places 2026-07-22.0,2026-07-22,open,packet_ready,primary_store_candidate
Burger King,a2e0d905-ddd4-43e2-982a-7fdf6e058a9e,Burger King,7047 Blvd 26,North Richland Hills,TX,76180,32.82246017456055,-97.23027801513672,Overture Places 2026-07-22.0,2026-07-22,open,packet_ready,primary_store_candidate
Burger King,852e737c-309a-4609-834c-67df6d4cae08,Burger King,1625 N County Rd W,Odessa,TX,79763-2960,31.852317810058594,-102.39327239990234,Overture Places 2026-07-22.0,2026-07-22,open,packet_ready,primary_store_candidate
Burger King,9bcc1758-88a4-4d1a-a34e-ceab53603351,Burger King,1920 E 42nd St,Odessa,TX,79762,31.888431549072266,-102.35523223876953,Overture Places 2026-07-22.0,2026-07-22,open,packet_ready,primary_store_candidate
Burger King,21e0190e-e2cb-4727-af56-2ac4474a8362,Burger King,2302 Highway 62 South,Orange,TX,77630,30.100387573242188,-93.82028198242188,Overture Places 2026-07-22.0,2026-07-22,open,packet_ready,primary_store_candidate
Burger King,4d74d028-d243-4cbf-835f-9dd3af74c591,Burger King,2508 MacArthur Dr,Orange,TX,77630-4818,30.094751358032227,-93.75785827636719,Overture Places 2026-07-22.0,2026-07-22,open,packet_ready,primary_store_candidate
Burger King,db0ca1a9-022b-443e-ae76-4ed344fa210f,Burger King,2901 TX-256 Loop,Palestine,TX,75801,31.733295440673828,-95.62525939941406,Overture Places 2026-07-22.0,2026-07-22,open,packet_ready,primary_store_candidate
Burger King,aac68dd9-198b-41c9-be1d-cfcd96f02f18,Burger King,2120 N La Homa Rd,Palmview,TX,78572,26.23200798034668,-98.36210632324219,Overture Places 2026-07-22.0,2026-07-22,open,packet_ready,primary_store_candidate
Burger King,563a6365-e8b8-42d6-93ab-4c0861f4d15c,Burger King,3590 Lamar Ave,Paris,TX,75460,33.6607780456543,-95.51039123535156,Overture Places 2026-07-22.0,2026-07-22,open,packet_ready,primary_store_candidate
Burger King,25ebc3e4-92ce-4cbc-a234-051997ca3791,Burger King,1316 Southmore Ave,Pasadena,TX,77502-1210,29.691049575805664,-95.19400024414062,Overture Places 2026-07-22.0,2026-07-22,open,packet_ready,primary_store_candidate
Burger King,4deffb31-eb7a-4e77-b442-79bbc47f0cc6,Burger King,5475 Fairmont Pkwy,Pasadena,TX,77505,29.650257110595703,-95.15857696533203,Overture Places 2026-07-22.0,2026-07-22,open,packet_ready,primary_store_candidate
Burger King,3669816f-5bec-476d-b69a-50aa56b5a769,Burger King,7509 Spencer Hwy,Pasadena,TX,77505,29.66408348083496,-95.12200164794922,Overture Places 2026-07-22.0,2026-07-22,open,packet_ready,primary_store_candidate
Burger King,0952ed29-d116-4b4d-875c-16da69e9699b,Burger King,11310 W Broadway St,Pearland,TX,77584,29.55526351928711,-95.39575958251953,Overture Places 2026-07-22.0,2026-07-22,open,packet_ready,primary_store_candidate
Burger King,0d36c0a1-06fd-4457-8b8e-47beb91129a1,Burger King,12825 Shadow Creek Parkway,Pearland,TX,77584,29.58014678955078,-95.39302062988281,Overture Places 2026-07-22.0,2026-07-22,open,packet_ready,primary_store_candidate
Burger King,7a745fbf-4316-4a8d-acdb-a352a97d33cc,Burger King,12825 Shadow Creek Pkwy,Pearland,TX,77584,29.577838897705078,-95.41838073730469,Overture Places 2026-07-22.0,2026-07-22,open,packet_ready,primary_store_candidate
Burger King,35d5cf7a-f627-4b10-aca8-e3ebbacf116c,Burger King,3503 Broadway St,Pearland,TX,77581,29.562646865844727,-95.27778625488281,Overture Places 2026-07-22.0,2026-07-22,open,packet_ready,primary_store_candidate
Burger King,2981a27a-9237-403a-b4e8-0e50effa1f6e,Burger King,8210 Broadway St,Pearland,TX,77581-7763,29.558698654174805,-95.34730529785156,Overture Places 2026-07-22.0,2026-07-22,open,packet_ready,primary_store_candidate
Burger King,a5abe863-e39b-47c2-8731-ad64dee411d4,Burger King,105 Lincoln St,Pecos,TX,79772,31.406322479248047,-103.4864273071289,Overture Places 2026-07-22.0,2026-07-22,open,packet_ready,primary_store_candidate
Burger King,89d3d320-5ff8-4039-9f9b-ffcae271c8e3,Burger King,1420 Wells Branch Pkwy W,Pflugerville,TX,78660-3015,30.44119644165039,-97.66323852539062,Overture Places 2026-07-22.0,2026-07-22,open,packet_ready,primary_store_candidate
Burger King,09a8ec4b-5da6-4b7e-80ac-f4ba9e8e06df,Burger King,101 W Nolana Loop,Pharr,TX,78577,26.232887268066406,-98.1790542602539,Overture Places 2026-07-22.0,2026-07-22,open,packet_ready,primary_store_candidate
Burger King,4d9abacd-bb11-459b-ac6c-387932edb3ce,Burger King,1200 E Interstate Hwy 2,Pharr,TX,78577,26.203664779663086,-98.16617584228516,Overture Places 2026-07-22.0,2026-07-22,open,packet_ready,primary_store_candidate
Burger King,a57df5c8-525b-47de-bf10-654676903168,Burger King,2511 S Cage Blvd,Pharr,TX,78577,26.166648864746094,-98.18830871582031,Overture Places 2026-07-22.0,2026-07-22,open,packet_ready,primary_store_candidate
Burger King,ff6248c4-2a47-49b7-8ed6-74eca05fc172,Burger King,400 N Jackson Rd,Pharr,TX,78577-2591,26.200138092041016,-98.20332336425781,Overture Places 2026-07-22.0,2026-07-22,open,packet_ready,primary_store_candidate
Burger King,f16d5585-ba9c-48cd-8e95-279bf6e0af86,Burger King,1003 I-27,Plainview,TX,79072,34.19033432006836,-101.75077819824219,Overture Places 2026-07-22.0,2026-07-22,open,packet_ready,primary_store_candidate
Burger King,3f491d97-61b4-4fe3-8c83-31689cb23be6,Burger King,1700 Dallas Pkwy,Plano,TX,75093-4519,33.0246467590332,-96.82854461669922,Overture Places 2026-07-22.0,2026-07-22,open,packet_ready,primary_store_candidate
Burger King,56794ca3-1f16-4b67-a865-c3fbc335335f,Burger King,2009 Coit Rd,Plano,TX,75075,33.02835464477539,-96.77071380615234,Overture Places 2026-07-22.0,2026-07-22,open,packet_ready,primary_store_candidate
Burger King,7d6eb0d2-58de-410e-a9dd-c0964ca594e1,Burger King,2565 E President George Bush Hwy,Plano,TX,75074,33.003509521484375,-96.68093872070312,Overture Places 2026-07-22.0,2026-07-22,open,packet_ready,primary_store_candidate
Burger King,6972574c-68d3-48fa-b847-46cfad055674,Burger King,3332 K Ave,Plano,TX,75074-2306,33.038429260253906,-96.69857788085938,Overture Places 2026-07-22.0,2026-07-22,open,packet_ready,primary_store_candidate
Burger King,90300f66-cff3-4ef8-8a22-86575cc2f5b9,Burger King,8720 Ohio Dr,Plano,TX,75024-2265,33.0977897644043,-96.7961654663086,Overture Places 2026-07-22.0,2026-07-22,open,packet_ready,primary_store_candidate
Burger King,455cff50-962a-4ec5-afb5-87818a5c37a0,Burger King,2095 W Oaklawn,Pleasanton,TX,78064,28.940093994140625,-98.51219177246094,Overture Places 2026-07-22.0,2026-07-22,open,packet_ready,primary_store_candidate
Burger King,4c50750d-b09f-4a2c-96ac-81b2e42c2dc0,Burger King,3301 Twin City Hwy,Port Arthur,TX,77642,29.929195404052734,-93.92475128173828,Overture Places 2026-07-22.0,2026-07-22,open,packet_ready,primary_store_candidate
Burger King,74b00b4a-ba00-4846-a233-22c4255cf7b8,Burger King,24571 FM1314,Porter,TX,77365,30.10478973388672,-95.23834991455078,Overture Places 2026-07-22.0,2026-07-22,open,packet_ready,primary_store_candidate
Burger King,d7add117-d2dc-48c2-aa0a-c554919e5e63,Burger King,650 W Princeton Dr,Princeton,TX,75407-9135,33.17558288574219,-96.51029205322266,Overture Places 2026-07-22.0,2026-07-22,open,packet_ready,primary_store_candidate
Burger King,3768dad6-6d32-4eae-bba8-a7e6f6784d37,Burger King,301 Eagle Dr,Prosper,TX,75078,33.25941848754883,-96.79861450195312,Overture Places 2026-07-22.0,2026-07-22,open,packet_ready,primary_store_candidate
Burger King,d6cd9684-9e7e-4c52-a8d1-9b07416720c2,Burger King,4355 E University Dr,Prosper,TX,75078,33.219112396240234,-96.73397827148438,Overture Places 2026-07-22.0,2026-07-22,open,packet_ready,primary_store_candidate
Burger King,b1fb91aa-6e06-4d27-abb7-2bb4efd3406a,Burger King,8909 TX-34,Quinlan,TX,75474,32.905460357666016,-96.12759399414062,Overture Places 2026-07-22.0,2026-07-22,open,packet_ready,primary_store_candidate
Burger King,b2bff4a9-7e3a-4705-975d-628099adc754,Burger King,103 Ovilla Rd,Red Oak,TX,75154,32.531341552734375,-96.81890106201172,Overture Places 2026-07-22.0,2026-07-22,open,packet_ready,primary_store_candidate
Burger King,bbcbb839-420f-40a1-81f4-b16019bc68a6,Burger King,719 Victoria Hwy,Refugio,TX,78377,28.316268920898438,-97.27288055419922,Overture Places 2026-07-22.0,2026-07-22,open,packet_ready,primary_store_candidate
Burger King,c7d4b998-1cdd-4021-869d-32b2b6e782a3,Burger King,177 W Campbell Rd,Richardson,TX,75080,32.97495651245117,-96.71939086914062,Overture Places 2026-07-22.0,2026-07-22,open,packet_ready,primary_store_candidate
Burger King,cbc800b9-bb22-4c4e-9f4a-3c49d6261de4,Burger King,1750 Crabb River Rd,Richmond,TX,77469,29.55888557434082,-95.6909408569336,Overture Places 2026-07-22.0,2026-07-22,open,packet_ready,primary_store_candidate
Burger King,ad67b7da-15f4-4fe9-8b7d-fef86b606100,Burger King,24914 FM 1093,Richmond,TX,77406,29.69867706298828,-95.80949401855469,Overture Places 2026-07-22.0,2026-07-22,open,packet_ready,primary_store_candidate
Burger King,db826fe1-8e4f-4e8d-b6c1-305f913e61a4,Burger King,1100 E Main St,Rio Grande City,TX,78582,26.378177642822266,-98.81053161621094,Overture Places 2026-07-22.0,2026-07-22,open,packet_ready,primary_store_candidate
Burger King,560b2ca4-9a06-4618-b5c0-e1b7593f8377,Burger King,4534 E US Highway 83,Rio Grande City,TX,78582-6308,26.365997314453125,-98.79473876953125,Overture Places 2026-07-22.0,2026-07-22,open,packet_ready,primary_store_candidate
Burger King,e727279e-b30e-4e22-a6d9-87c7844160ac,Burger King,2605 Jacksboro Hwy,River Oaks,TX,76114,32.78630447387695,-97.38505554199219,Overture Places 2026-07-22.0,2026-07-22,open,packet_ready,primary_store_candidate
Burger King,ff1d8ad0-c95e-4e0b-9271-f2ae3abf2115,Burger King,6246 US-77,Riviera,TX,78379,27.302824020385742,-97.81558227539062,Overture Places 2026-07-22.0,2026-07-22,open,packet_ready,primary_store_candidate
Burger King,00357dac-3944-490c-982c-e95e78e81910,Burger King,2105 S Goliad St,Rockwall,TX,75032,32.90741729736328,-96.4499740600586,Overture Places 2026-07-22.0,2026-07-22,open,packet_ready,primary_store_candidate
Burger King,1d8a31fd-edb9-4df9-b9a3-012260a57ee7,Burger King,390 E Grant St,Roma,TX,78584,26.401748657226562,-99.0063247680664,Overture Places 2026-07-22.0,2026-07-22,open,packet_ready,primary_store_candidate
Burger King,2d400d4a-0f98-4454-a344-ed0b5c6c83ab,Burger King,23718 Commercial Dr,Rosenberg,TX,77471-6200,29.547800064086914,-95.74939727783203,Overture Places 2026-07-22.0,2026-07-22,open,packet_ready,primary_store_candidate
Burger King,c94a845c-503d-453b-94a2-4c67cfc38f15,Burger King,2805 Highway 59,Rosenberg,TX,77471,29.532297134399414,-95.85810089111328,Overture Places 2026-07-22.0,2026-07-22,open,packet_ready,primary_store_candidate
Burger King,a54f0f29-a2c7-4d61-a4a5-7e735dea214d,Burger King,3118 1st St,Rosenberg,TX,77471,29.535924911499023,-95.80888366699219,Overture Places 2026-07-22.0,2026-07-22,open,packet_ready,primary_store_candidate
Burger King,2f85dd0a-e50d-4b1f-ae8b-c4d5edc771c9,Burger King,5141 Avenue H,Rosenberg,TX,77471-2013,29.572566986083984,-95.77536010742188,Overture Places 2026-07-22.0,2026-07-22,open,packet_ready,primary_store_candidate
Burger King,cb555aec-b091-4ae0-9ed6-689320429ffb,Burger King,15013 Hwy 6,Rosharon,TX,77583,29.497066497802734,-95.43949127197266,Overture Places 2026-07-22.0,2026-07-22,open,packet_ready,primary_store_candidate
Burger King,ac32c52e-c0cd-4eb2-9ced-60e23ae6f620,Burger King,2390 W FM-1462,Rosharon,TX,77583-7628,29.35320472717285,-95.49390411376953,Overture Places 2026-07-22.0,2026-07-22,open,packet_ready,primary_store_candidate
Burger King,85722c48-f0b0-4484-9869-1ab2f3e7c094,Burger King,2500 S I-35 Frontage Rd,Round Rock,TX,78681,30.48650550842285,-97.67716979980469,Overture Places 2026-07-22.0,2026-07-22,open,packet_ready,primary_store_candidate
Burger King,5fcd0eec-5125-4e36-a7e0-0b8aa2e7ebd0,Burger King,4410 Sunrise Rd B,Round Rock,TX,78665,30.561952590942383,-97.68124389648438,Overture Places 2026-07-22.0,2026-07-22,open,packet_ready,primary_store_candidate
Burger King,e48b184f-d665-4415-ae7b-bb00c5cd1523,Burger King,440 I-30,Royse City,TX,75189,32.966102600097656,-96.3386459350586,Overture Places 2026-07-22.0,2026-07-22,open,packet_ready,primary_store_candidate
Burger King,21b59905-3739-4110-9675-543df754621c,Burger King,103 W Fisher Ave,Sabinal,TX,78881,29.317886352539062,-99.4666976928711,Overture Places 2026-07-22.0,2026-07-22,open,packet_ready,primary_store_candidate
Burger King,2877398b-a37a-4e92-852b-c65adb06ac8f,Burger King,102 N Abe St,San Angelo,TX,76903,31.463315963745117,-100.44474029541016,Overture Places 2026-07-22.0,2026-07-22,open,packet_ready,primary_store_candidate
Burger King,c0a3b0a6-8211-4f93-b7fb-41ff27324477,Burger King,3333 Knickerbocker Rd,San Angelo,TX,76904,31.421947479248047,-100.46678161621094,Overture Places 2026-07-22.0,2026-07-22,open,packet_ready,primary_store_candidate
Burger King,f10fd0ed-b252-4bb2-9f2f-b79159da74f6,Burger King,10903 Potranco Rd,San Antonio,TX,78251,29.435977935791016,-98.70628356933594,Overture Places 2026-07-22.0,2026-07-22,open,packet_ready,primary_store_candidate
Burger King,80a4b7b6-afc2-49e6-9704-8f91cd5ae2d4,Burger King,11006 Culebra Rd,San Antonio,TX,78253-4876,29.49580192565918,-98.71074676513672,Overture Places 2026-07-22.0,2026-07-22,open,packet_ready,primary_store_candidate
Burger King,a2278afc-6688-4a7f-967b-ce3f93378495,Burger King,11803 SE Loop 410 Acc Rd,San Antonio,TX,78221,29.322616577148438,-98.48362731933594,Overture Places 2026-07-22.0,2026-07-22,open,packet_ready,primary_store_candidate
Burger King,c4dcae9c-2f1f-49ef-840a-90a22f9fa1f4,Burger King,14112 Culebra Rd,San Antonio,TX,78254,29.518037796020508,-98.7756118774414,Overture Places 2026-07-22.0,2026-07-22,open,packet_ready,primary_store_candidate
Burger King,87287f28-a7ba-48d3-ac07-00bcf48b79cf,Burger King,14235 Potranco Rd,San Antonio,TX,78254,29.422082901000977,-98.77582550048828,Overture Places 2026-07-22.0,2026-07-22,open,packet_ready,primary_store_candidate
Burger King,115a7809-fa65-4643-9424-6500b9350f7c,Burger King,1530 Femoyer St,San Antonio,TX,78236-5475,29.39249038696289,-98.6301040649414,Overture Places 2026-07-22.0,2026-07-22,open,packet_ready,primary_store_candidate
Burger King,ef4b3ef5-fdb6-41bf-ac54-d8917c37656e,Burger King,16711 Nacogdoches Rd,San Antonio,TX,78266,29.592859268188477,-98.35077667236328,Overture Places 2026-07-22.0,2026-07-22,open,packet_ready,primary_store_candidate
Burger King,5fdb0e51-cc3d-4f87-ac4e-167401bc0506,Burger King,1874 S WW White Rd,San Antonio,TX,78220,29.398719787597656,-98.40421295166016,Overture Places 2026-07-22.0,2026-07-22,open,packet_ready,primary_store_candidate
Burger King,a764edeb-5e7e-4489-a282-0ded20fb555c,Burger King,2002 N Loop 1604 W,San Antonio,TX,78248,29.60719871520996,-98.52391815185547,Overture Places 2026-07-22.0,2026-07-22,open,packet_ready,primary_store_candidate
Burger King,00559e66-7afd-4158-971d-edd15dbc8355,Burger King,211 SW Military Dr,San Antonio,TX,78221-1615,29.35713768005371,-98.49488067626953,Overture Places 2026-07-22.0,2026-07-22,open,packet_ready,primary_store_candidate
Burger King,6d3d797d-a9e6-4ce5-910e-32213555dfd8,Burger King,2449 Winfield Scott Rd,San Antonio,TX,78234,29.450075149536133,-98.44990539550781,Overture Places 2026-07-22.0,2026-07-22,open,packet_ready,primary_store_candidate
Burger King,da311d45-db22-41d4-b26c-d2044cbdc022,Burger King,2449 Winfield Scott Rd,San Antonio,TX,78234,29.4482479095459,-98.45072937011719,Overture Places 2026-07-22.0,2026-07-22,open,packet_ready,primary_store_candidate
Burger King,f256a381-6869-427e-b1a2-131ff5373611,Burger King,2732 SW Military Dr,San Antonio,TX,78224,29.356163024902344,-98.541015625,Overture Places 2026-07-22.0,2026-07-22,open,packet_ready,primary_store_candidate
Burger King,e80e4bf2-3f67-4f46-9315-cbc6ce755093,Burger King,3102 Goliad Rd,San Antonio,TX,78223,29.351526260375977,-98.43045806884766,Overture Places 2026-07-22.0,2026-07-22,open,packet_ready,primary_store_candidate
Burger King,8d8f9347-3654-4798-a0f3-5b9410da0c56,Burger King,3400 Fredericksburg Rd,San Antonio,TX,78201,29.47447395324707,-98.53559112548828,Overture Places 2026-07-22.0,2026-07-22,open,packet_ready,primary_store_candidate
Burger King,7c572263-7c46-4158-b822-608e5d670dc9,Burger King,420 Valley Hi Dr,San Antonio,TX,78227,29.380435943603516,-98.64063262939453,Overture Places 2026-07-22.0,2026-07-22,open,packet_ready,primary_store_candidate
Burger King,2d54d42d-7938-4990-80c9-6b0c756fdcb3,Burger King,4520 W Commerce St,San Antonio,TX,78237-1668,29.430030822753906,-98.55098724365234,Overture Places 2026-07-22.0,2026-07-22,open,packet_ready,primary_store_candidate
Burger King,4305e3b3-c6f5-471a-81fa-42c029a8b5ca,Burger King,4618 Rittiman Rd,San Antonio,TX,78218-4628,29.483726501464844,-98.40117645263672,Overture Places 2026-07-22.0,2026-07-22,open,packet_ready,primary_store_candidate
Burger King,67f8076f-5dac-4a8e-8a6c-88b9e44d1fa7,Burger King,5007 Northwest Loop 410,San Antonio,TX,78229,29.488298416137695,-98.586181640625,Overture Places 2026-07-22.0,2026-07-22,open,packet_ready,primary_store_candidate
Burger King,c9237ff3-3d89-4f18-b902-d502917da9f4,Burger King,5218 De Zavala Rd,San Antonio,TX,78249,29.56441879272461,-98.58633422851562,Overture Places 2026-07-22.0,2026-07-22,open,packet_ready,primary_store_candidate
Burger King,f523792c-ec70-4345-a9ae-08a1b9d71c7d,Burger King,5562 Tezel Rd,San Antonio,TX,78250-4194,29.487085342407227,-98.66539001464844,Overture Places 2026-07-22.0,2026-07-22,open,packet_ready,primary_store_candidate
Burger King,19b71b52-86ba-4fbf-817b-2dc7259a85c1,Burger King,6003 West Ave,San Antonio,TX,78213,29.51568031311035,-98.52629852294922,Overture Places 2026-07-22.0,2026-07-22,open,packet_ready,primary_store_candidate
Burger King,0626f2f2-3e95-41ca-8342-d1e5a9a41c9a,Burger King,6170 I-10,San Antonio,TX,78219,29.44316291809082,-98.3614730834961,Overture Places 2026-07-22.0,2026-07-22,open,packet_ready,primary_store_candidate
Burger King,7893e968-ffd6-4224-b68d-1cf268d59dc8,Burger King,6359 Rittiman Rd,San Antonio,TX,78218,29.4810848236084,-98.36168670654297,Overture Places 2026-07-22.0,2026-07-22,open,packet_ready,primary_store_candidate
Burger King,eae10183-81ca-4fba-9ee3-db2b9663db20,Burger King,6617 TX-1604 Loop,San Antonio,TX,78252,29.365177154541016,-98.69583129882812,Overture Places 2026-07-22.0,2026-07-22,open,packet_ready,primary_store_candidate
Burger King,f3eda432-aed6-40a6-a12f-f5ac636f504e,Burger King,7400 San Pedro Ave,San Antonio,TX,78216,29.518526077270508,-98.49818420410156,Overture Places 2026-07-22.0,2026-07-22,open,packet_ready,primary_store_candidate
Burger King,a0b4b268-75c9-4faa-a393-eeb0028d90ca,Burger King,7997 Bandera Rd,San Antonio,TX,78250,29.514616012573242,-98.6346664428711,Overture Places 2026-07-22.0,2026-07-22,open,packet_ready,primary_store_candidate
Burger King,e48e2d95-2baa-429f-8cf4-57cff02ed3c8,Burger King,822 Evans Rd,San Antonio,TX,78258,29.641948699951172,-98.48133087158203,Overture Places 2026-07-22.0,2026-07-22,open,packet_ready,primary_store_candidate
Burger King,9b146155-4b7f-4aa4-8ea7-3f6003564ca6,Burger King,8296 Marbach Rd,San Antonio,TX,78227-1600,29.417354583740234,-98.65446472167969,Overture Places 2026-07-22.0,2026-07-22,open,packet_ready,primary_store_candidate
Burger King,8690cad3-2337-4057-b69e-862c6766c7e2,Burger King,8767 State Highway 151,San Antonio,TX,78245-2477,29.441980361938477,-98.66401672363281,Overture Places 2026-07-22.0,2026-07-22,open,packet_ready,primary_store_candidate
Burger King,2548e33d-1153-40d5-952d-e9bee9632746,Burger King,8922 Airport Blvd,San Antonio,TX,78216-1901,29.52124786376953,-98.47614288330078,Overture Places 2026-07-22.0,2026-07-22,open,packet_ready,primary_store_candidate
Burger King,dda2c08c-c937-4574-912a-d4a61c7a5a51,Burger King,601 S Sam Houston Blvd,San Benito,TX,78586,26.127307891845703,-97.63541412353516,Overture Places 2026-07-22.0,2026-07-22,open,packet_ready,primary_store_candidate
Burger King,8fdf371f-83c1-4d79-94c6-2785c0e41e16,Burger King,1012 TX-123,San Marcos,TX,78666,29.866844177246094,-97.93914794921875,Overture Places 2026-07-22.0,2026-07-22,open,packet_ready,primary_store_candidate
Burger King,ee19842e-d70d-4842-b1f3-bf87c7ef56d4,Burger King,1200 TX-46,Seguin,TX,78155,29.579008102416992,-97.99182891845703,Overture Places 2026-07-22.0,2026-07-22,open,packet_ready,primary_store_candidate
Burger King,1fca3035-35a4-4a4c-a472-c0d4b35de833,Burger King,550 South Highway 123 Bypass,Seguin,TX,78155,29.56565284729004,-97.94477081298828,Overture Places 2026-07-22.0,2026-07-22,open,packet_ready,primary_store_candidate
Burger King,9ecba50e-3d6f-4805-a4b4-2f6c2113490f,Burger King,1213 N Travis St,Sherman,TX,75090,33.64710235595703,-96.61164855957031,Overture Places 2026-07-22.0,2026-07-22,open,packet_ready,primary_store_candidate
Burger King,77f72a01-9875-4892-90da-6d7225aad557,Burger King,10690 N Loop Dr,Socorro,TX,79927,31.6530704498291,-106.26933288574219,Overture Places 2026-07-22.0,2026-07-22,open,packet_ready,primary_store_candidate
Burger King,44d62a0b-93c0-409b-93be-25b5e4f259c8,Burger King,1621 Spencer Hwy,South Houston,TX,77587-3762,29.66522789001465,-95.20954132080078,Overture Places 2026-07-22.0,2026-07-22,open,packet_ready,primary_store_candidate
Burger King,0df95b0d-df96-45e6-a2a4-d8c7668139e3,Burger King,125 N Kimball Ave,Southlake,TX,76092-8001,32.94179916381836,-97.11600494384766,Overture Places 2026-07-22.0,2026-07-22,open,packet_ready,primary_store_candidate
Burger King,497e0e4b-43c8-4458-ae63-fa3928c28118,Burger King,18219 Kuykendahl Rd,Spring,TX,77379,30.03672218322754,-95.48640441894531,Overture Places 2026-07-22.0,2026-07-22,open,packet_ready,primary_store_candidate
Burger King,b4dfb0e6-b709-4278-a5df-881e58877a93,Burger King,2215 Spring Stuebner Rd,Spring,TX,77389-4816,30.082504272460938,-95.44973754882812,Overture Places 2026-07-22.0,2026-07-22,open,packet_ready,primary_store_candidate
Burger King,634d17a0-ebff-4253-a73b-a7b5fffb2685,Burger King,2331 Rayford Rd,Spring,TX,77386,30.12347984313965,-95.4058837890625,Overture Places 2026-07-22.0,2026-07-22,open,packet_ready,primary_store_candidate
Burger King,ae49e15c-b223-4666-aa0c-fb29a5a4a324,Burger King,444 E Cypresswood Dr,Spring,TX,77373-3056,30.051471710205078,-95.42918395996094,Overture Places 2026-07-22.0,2026-07-22,open,packet_ready,primary_store_candidate
Burger King,389251ae-f1c2-4277-a004-72e79cb53081,Burger King,740 Sawdust Rd,Spring,TX,77380-2146,30.12753677368164,-95.4540023803711,Overture Places 2026-07-22.0,2026-07-22,open,packet_ready,primary_store_candidate
Burger King,83888569-3680-4efe-a629-9b313ac1582a,Burger King,8523 Spring Cypress Rd,Spring,TX,77379,30.03551483154297,-95.55223846435547,Overture Places 2026-07-22.0,2026-07-22,open,packet_ready,primary_store_candidate
Burger King,87210b94-d67d-4627-b802-79b63352292d,Burger King,9120 Gosling Rd,Spring,TX,77381-4841,30.183162689208984,-95.48853302001953,Overture Places 2026-07-22.0,2026-07-22,open,packet_ready,primary_store_candidate
Burger King,7dacb7f5-a679-41ff-a3c1-31de49640852,Burger King,334 Singing Oaks,Spring Branch,TX,78070,29.80057144165039,-98.41954040527344,Overture Places 2026-07-22.0,2026-07-22,open,packet_ready,primary_store_candidate
Burger King,81c50506-b467-4bf1-8a45-8945ea9ada03,Burger King,3030 W Washington St,Stephenville,TX,76401-3728,32.20025634765625,-98.24803161621094,Overture Places 2026-07-22.0,2026-07-22,open,packet_ready,primary_store_candidate
Burger King,91691d35-5ce9-435e-99ba-d7e66fabb1b0,Burger King,11765 Hwy 6,Sugar Land,TX,77498,29.64480209350586,-95.65086364746094,Overture Places 2026-07-22.0,2026-07-22,open,packet_ready,primary_store_candidate
Burger King,ded3108c-e1b3-4e00-ada2-37ee8959a7ee,Burger King,12401 W Airport Blvd,Sugar Land,TX,77478,29.64756965637207,-95.59835815429688,Overture Places 2026-07-22.0,2026-07-22,open,packet_ready,primary_store_candidate
Burger King,4d734196-3dae-4dd0-b063-fc13429b617a,Burger King,3549 Highway Six,Sugar Land,TX,77478-4465,29.59085464477539,-95.60011291503906,Overture Places 2026-07-22.0,2026-07-22,open,packet_ready,primary_store_candidate
Burger King,35f534bc-48e0-45a4-ad4a-c42af4c85540,Burger King,209 Shannon Rd E,Sulphur Springs,TX,75482,33.11589050292969,-95.59162902832031,Overture Places 2026-07-22.0,2026-07-22,open,packet_ready,primary_store_candidate
Burger King,21d27ae6-b957-4d2e-bc3d-7607bc088377,Burger King,478 US-80,Sunnyvale,TX,75182,32.78348922729492,-96.56098937988281,Overture Places 2026-07-22.0,2026-07-22,open,packet_ready,primary_store_candidate
Burger King,c6524b7a-3384-4c2a-9ac6-3eadb806b30f,Burger King,3509 N Main St,Taylor,TX,76574,30.598299026489258,-97.41596984863281,Overture Places 2026-07-22.0,2026-07-22,open,packet_ready,primary_store_candidate
Burger King,bf418e22-d0ab-44ac-aaa0-8402c806e8cb,Burger King,1415 SW H K Dodgen Loop,Temple,TX,76502-1835,31.07270622253418,-97.36986541748047,Overture Places 2026-07-22.0,2026-07-22,open,packet_ready,primary_store_candidate
Burger King,14215919-4a74-4762-8dc7-7daf9da441da,Burger King,2110 S 31st St,Temple,TX,76504,31.079750061035156,-97.36615753173828,Overture Places 2026-07-22.0,2026-07-22,open,packet_ready,primary_store_candidate
Burger King,e0fa22a9-71c5-4ffa-9a75-77207cf3c677,Burger King,4405 N. Bruce Drive,Temple,TX,76501,31.140674591064453,-97.32788848876953,Overture Places 2026-07-22.0,2026-07-22,open,packet_ready,primary_store_candidate
Burger King,f7252697-6021-4489-9504-b0fb30b50363,Burger King,6934 W Adams Ave,Temple,TX,76502,31.11787223815918,-97.41570281982422,Overture Places 2026-07-22.0,2026-07-22,open,packet_ready,primary_store_candidate
Burger King,0fe2df2e-d3c2-4bfb-8147-ce56b305dace,Burger King,1204 W Moore Ave,Terrell,TX,75160-3007,32.73940658569336,-96.29200744628906,Overture Places 2026-07-22.0,2026-07-22,open,packet_ready,primary_store_candidate
Burger King,952431c5-eab1-4ec3-8a78-1b15e3718bf4,Burger King,1900 W Moore Ave,Terrell,TX,75160-2346,32.73961639404297,-96.30602264404297,Overture Places 2026-07-22.0,2026-07-22,open,packet_ready,primary_store_candidate
Burger King,a2f95339-c240-4a21-b166-6ebcb353553b,Burger King,2626 Richmond Rd,Texarkana,TX,75503,33.459110260009766,-94.08905792236328,Overture Places 2026-07-22.0,2026-07-22,open,packet_ready,primary_store_candidate
Burger King,ca71cdaf-2cdb-4182-8d52-b643b7220124,Burger King,2631 New Boston Rd,Texarkana,TX,75501,33.434959411621094,-94.07502746582031,Overture Places 2026-07-22.0,2026-07-22,open,packet_ready,primary_store_candidate
Burger King,cc350f5d-52a8-49e5-8e2e-7bbff94e6719,Burger King,4621 S Lake Dr,Texarkana,TX,75501,33.388607025146484,-94.10784912109375,Overture Places 2026-07-22.0,2026-07-22,open,packet_ready,primary_store_candidate
Burger King,be70d72a-ebf7-4cfd-844a-f5edb6654ecb,Burger King,5025 N State Line Ave,Texarkana,TX,75503,33.467140197753906,-94.04420471191406,Overture Places 2026-07-22.0,2026-07-22,open,packet_ready,primary_store_candidate
Burger King,7ed5f890-8f51-4bda-b315-d86af43b89df,Burger King,2520 Palmer Hwy,Texas City,TX,77590,29.395532608032227,-94.93153381347656,Overture Places 2026-07-22.0,2026-07-22,open,packet_ready,primary_store_candidate
Burger King,13323b1e-13b2-4c76-8807-582a0992a6b3,Burger King,3700 Main St,The Colony,TX,75056-2809,33.06741714477539,-96.88941192626953,Overture Places 2026-07-22.0,2026-07-22,open,packet_ready,primary_store_candidate
Burger King,d8e35be1-d9c4-4714-9a5e-375c9e12e77c,Burger King,1201 Lake Woodlands Dr,The Woodlands,TX,77380-4521,30.163230895996094,-95.4555892944336,Overture Places 2026-07-22.0,2026-07-22,open,packet_ready,primary_store_candidate
Burger King,ef314fd9-7f05-4d7d-af09-81ed72cc5008,Burger King,3020 College Park Dr,The Woodlands,TX,77384,30.20818328857422,-95.45891571044922,Overture Places 2026-07-22.0,2026-07-22,open,packet_ready,primary_store_candidate
Burger King,165d2890-777e-49a9-94fb-9cfd0501b40d,Burger King,28534 Tomball Pkwy,Tomball,TX,77375,30.089263916015625,-95.63138580322266,Overture Places 2026-07-22.0,2026-07-22,open,packet_ready,primary_store_candidate
Burger King,d8b71a1a-291a-4060-920e-9c54313741b2,Burger King,1602 S SE Loop 323,Tyler,TX,75701,32.331871032714844,-95.26554870605469,Overture Places 2026-07-22.0,2026-07-22,open,packet_ready,primary_store_candidate
Burger King,670350c9-e72e-4187-9b02-54c1a4c588f0,Burger King,2801 W SW Loop 323,Tyler,TX,75701,32.30599594116211,-95.33467102050781,Overture Places 2026-07-22.0,2026-07-22,open,packet_ready,primary_store_candidate
Burger King,714a14ae-e83c-4987-9963-5e7af15fb41a,Burger King,4113 S Broadway Ave,Tyler,TX,75701,32.30527877807617,-95.30132293701172,Overture Places 2026-07-22.0,2026-07-22,open,packet_ready,primary_store_candidate
Burger King,0f5d8edc-f04f-46e6-a818-3b1224b7c575,Burger King,530 S SW Loop 323,Tyler,TX,75702,32.34307098388672,-95.34039306640625,Overture Places 2026-07-22.0,2026-07-22,open,packet_ready,primary_store_candidate
Burger King,7b1f75a1-fa57-48d2-84ff-44026565d40f,Burger King,7445 S Broadway Ave,Tyler,TX,75703,32.26797103881836,-95.30799102783203,Overture Places 2026-07-22.0,2026-07-22,open,packet_ready,primary_store_candidate
Burger King,66434800-3763-442e-aa20-771b94a469e5,Burger King,515 E Main St,Uvalde,TX,78801,29.212203979492188,-99.77734375,Overture Places 2026-07-22.0,2026-07-22,open,packet_ready,primary_store_candidate
Burger King,ff2e238c-f8a5-4ec8-95a6-3aae553bf185,Burger King,2103 Houston Hwy,Victoria,TX,77901,28.808332443237305,-96.98162078857422,Overture Places 2026-07-22.0,2026-07-22,open,packet_ready,primary_store_candidate
Burger King,d7299235-d3bb-41e8-b563-ae8acb0fcabf,Burger King,8401 N Navarro St,Victoria,TX,77904-2604,28.8719539642334,-96.99824523925781,Overture Places 2026-07-22.0,2026-07-22,open,packet_ready,primary_store_candidate
Burger King,8ca934f0-424f-44d5-b870-052db4b4bd77,Burger King,605 N Main St,Vidor,TX,77662,30.130399703979492,-94.0157470703125,Overture Places 2026-07-22.0,2026-07-22,open,packet_ready,primary_store_candidate
Burger King,9932152f-5435-40ce-b32e-956f963bfba2,Burger King,14710 Interstate 35 Access Rd,Von Ormy,TX,78073,29.277620315551758,-98.66844940185547,Overture Places 2026-07-22.0,2026-07-22,open,packet_ready,primary_store_candidate
Burger King,0ff67c0d-4d2b-4f4f-baff-3217d3b335fd,Burger King,1210 N Valley Mills Dr,Waco,TX,76710-4428,31.530609130859375,-97.18866729736328,Overture Places 2026-07-22.0,2026-07-22,open,packet_ready,primary_store_candidate
Burger King,ee1e5b97-9989-4c66-9247-143ca497c596,Burger King,1601 Hewitt Dr,Waco,TX,76712-8658,31.48138427734375,-97.20816040039062,Overture Places 2026-07-22.0,2026-07-22,open,packet_ready,primary_store_candidate
Burger King,b58b1e59-0ab1-465b-bab1-1640fd35fcd0,Burger King,2401 S New Rd,Waco,TX,76711,31.507925033569336,-97.14421844482422,Overture Places 2026-07-22.0,2026-07-22,open,packet_ready,primary_store_candidate
Burger King,3d176347-fed7-46e2-b0aa-770e5473c1e6,Burger King,825 TX-156 Spur,Waskom,TX,75692,32.46975326538086,-94.05623626708984,Overture Places 2026-07-22.0,2026-07-22,open,packet_ready,primary_store_candidate
Burger King,10cb9782-b31b-40b1-9dc8-ce521598254f,Burger King,8012 Denton Hwy,Watauga,TX,76148,32.890769958496094,-97.25871276855469,Overture Places 2026-07-22.0,2026-07-22,open,packet_ready,primary_store_candidate
Burger King,42d01fec-b3b3-4a4f-9b8e-b2d13ce020c5,Burger King,535 El Dorado Blvd,Webster,TX,77598,29.56136703491211,-95.1421127319336,Overture Places 2026-07-22.0,2026-07-22,open,packet_ready,primary_store_candidate
Burger King,bc6e0f2d-31c2-4262-a932-0454d402d46a,Burger King,1617 N Texas Blvd,Weslaco,TX,78596,26.17679214477539,-97.99146270751953,Overture Places 2026-07-22.0,2026-07-22,open,packet_ready,primary_store_candidate
Burger King,89c312f5-ae04-4fe5-93ac-4fa5c66afc71,Burger King,417 S International Blvd,Weslaco,TX,78596,26.15812873840332,-97.9580307006836,Overture Places 2026-07-22.0,2026-07-22,open,packet_ready,primary_store_candidate
Burger King,05d98b4b-858b-455d-be14-4ab307015d6d,Burger King,121 W Boling Hwy,Wharton,TX,77488-3105,29.32513427734375,-96.09539031982422,Overture Places 2026-07-22.0,2026-07-22,open,packet_ready,primary_store_candidate
Burger King,04e306b7-b391-4983-8891-ceec495c61e6,Burger King,1307 Holliday St,Wichita Falls,TX,76301,33.90151596069336,-98.4960708618164,Overture Places 2026-07-22.0,2026-07-22,open,packet_ready,primary_store_candidate
Burger King,2cddcf26-f81b-4863-ae2b-baab502c3b7a,Burger King,9614 FM 1097,Willis,TX,77318,30.42052459716797,-95.49694061279297,Overture Places 2026-07-22.0,2026-07-22,open,packet_ready,primary_store_candidate
Burger King,b280c71f-9f3d-4811-8e90-ef77989c4420,Burger King,5013 Walzem Rd,Windcrest,TX,78218,29.510652542114258,-98.390380859375,Overture Places 2026-07-22.0,2026-07-22,open,packet_ready,primary_store_candidate
Burger King,80e5508f-6b16-447b-92a1-930d4abc7467,Burger King,46135 Interstate Hwy 10 West,Winnie,TX,77665,29.836294174194336,-94.38287353515625,Overture Places 2026-07-22.0,2026-07-22,open,packet_ready,primary_store_candidate
Burger King,46d89222-958d-473c-baf2-ea0542011164,Burger King,920 FM 544,Wylie,TX,75098,33.00798416137695,-96.5514907836914,Overture Places 2026-07-22.0,2026-07-22,open,packet_ready,primary_store_candidate
Burger King,882f2c7f-d8ca-4184-bf40-61e709e4e4db,Burger King,702 & 706 N US Highway 83,Zapata,TX,78076,26.902406692504883,-99.26705932617188,Overture Places 2026-07-22.0,2026-07-22,open,packet_ready,primary_store_candidate
McDonald's,a0cf9448-6828-4302-ad00-037f96709962,McDonald's,1201 N Judge Ely Blvd,Abilene,TX,79601-3849,32.46246337890625,-99.70553588867188,Overture Places 2026-07-22.0,2026-07-22,open,packet_ready,primary_store_candidate
McDonald's,11fdcb6b-8238-4caa-a514-a7f3ef5158a1,McDonald's,3147 S 14th St,Abilene,TX,79605-4035,32.43175506591797,-99.76155090332031,Overture Places 2026-07-22.0,2026-07-22,open,packet_ready,primary_store_candidate
McDonald's,44a3de48-69a8-4dc7-9334-b35ad4567946,McDonald's,3602 N 1st St,Abilene,TX,79603-6822,32.452476501464844,-99.76763153076172,Overture Places 2026-07-22.0,2026-07-22,open,packet_ready,primary_store_candidate
McDonald's,59349fe7-2032-4105-819a-0bc350691109,McDonald's,4302 Buffalo Gap Rd,Abilene,TX,79606-2800,32.39976119995117,-99.75956726074219,Overture Places 2026-07-22.0,2026-07-22,open,packet_ready,primary_store_candidate
McDonald's,86eb25e7-d7ea-4b6c-b5b0-a8c60b880268,McDonald's,3795 Belt Line Rd,Addison,TX,75001-4302,32.95365524291992,-96.85179138183594,Overture Places 2026-07-22.0,2026-07-22,open,packet_ready,primary_store_candidate
McDonald's,a52addb3-d629-4daf-8dfb-ab85fc11f8de,McDonald's,1025 W Frontage Rd,Alamo,TX,78516,26.192073822021484,-98.12154388427734,Overture Places 2026-07-22.0,2026-07-22,open,packet_ready,primary_store_candidate
McDonald's,c570c82f-c66f-4929-86a8-5a424736684d,McDonald's,1119 W Ridge Road,Alamo,TX,78516,26.171756744384766,-98.12645721435547,Overture Places 2026-07-22.0,2026-07-22,open,packet_ready,primary_store_candidate
McDonald's,19b8f187-b7d2-4745-9801-853c28d8e570,McDonald's,1220 E Main St,Alice,TX,78332-5049,27.753355026245117,-98.060302734375,Overture Places 2026-07-22.0,2026-07-22,open,packet_ready,primary_store_candidate
McDonald's,7427357f-c18a-4bfb-a1a9-1e648f80272e,McDonald's,212 N Johnson St,Alice,TX,78332-4522,27.752397537231445,-98.08231353759766,Overture Places 2026-07-22.0,2026-07-22,open,packet_ready,primary_store_candidate
McDonald's,c2565a2f-4eb9-46f0-a8c9-36a9f43901c5,McDonald's,104 Central Expy S,Allen,TX,75013-2769,33.10102844238281,-96.67953491210938,Overture Places 2026-07-22.0,2026-07-22,open,packet_ready,primary_store_candidate
McDonald's,b1118e9f-bdc2-4b46-aee1-2207852c37bb,McDonald's,370 E Stacy Rd,Allen,TX,75002-8762,33.1291389465332,-96.65007019042969,Overture Places 2026-07-22.0,2026-07-22,open,packet_ready,primary_store_candidate
McDonald's,9f331358-5e26-491f-bb53-06d8c9b989ca,McDonald's,815 S Allen Heights Dr,Allen,TX,75002-1812,33.08420944213867,-96.64559173583984,Overture Places 2026-07-22.0,2026-07-22,open,packet_ready,primary_store_candidate
McDonald's,b4f936bf-83dc-46bf-9637-504926c48fc4,McDonald's,900 E Avenue E,Alpine,TX,79830-5018,30.360790252685547,-103.65348815917969,Overture Places 2026-07-22.0,2026-07-22,open,packet_ready,primary_store_candidate
McDonald's,0cfe8333-d973-458c-aab5-f79ad0a75f2f,McDonald's,217 N Alton Blvd,Alton,TX,78573-1667,26.2887020111084,-98.3139877319336,Overture Places 2026-07-22.0,2026-07-22,open,packet_ready,primary_store_candidate
McDonald's,67745d6e-78d2-41b6-a550-384af5d5aeeb,McDonald's,1200 W Highway 67,Alvarado,TX,76009-3212,32.41676330566406,-97.22586059570312,Overture Places 2026-07-22.0,2026-07-22,open,packet_ready,primary_store_candidate
McDonald's,f9954710-7c79-4971-8906-ae9a33baefe9,McDonald's,1103 FM 1462 Rd,Alvin,TX,77511-4053,29.400774002075195,-95.24636840820312,Overture Places 2026-07-22.0,2026-07-22,open,packet_ready,primary_store_candidate
McDonald's,eb37ec63-0fb1-4e8e-934b-d079cf92fd43,McDonald's,2150 E. State Hwy 6,Alvin,TX,77511,29.421113967895508,-95.22406005859375,Overture Places 2026-07-22.0,2026-07-22,open,packet_ready,primary_store_candidate
McDonald's,8d00600a-22fc-4578-90c7-7d8b331175a0,McDonald's,400 S BYPASS 35 (Walmart),Alvin,TX,77511,29.421751022338867,-95.23026275634766,Overture Places 2026-07-22.0,2026-07-22,open,packet_ready,primary_store_candidate
McDonald's,73ba3d21-db9f-4713-bc10-cec550074b51,McDonald's,1720 S Ross St,Amarillo,TX,79102-4420,35.193321228027344,-101.81788635253906,Overture Places 2026-07-22.0,2026-07-22,open,packet_ready,primary_store_candidate
McDonald's,d304b3a2-4e09-4ea0-ba14-881ad874d3c1,McDonald's,1815 S Grand St,Amarillo,TX,79103-4819,35.19136428833008,-101.79492950439453,Overture Places 2026-07-22.0,2026-07-22,open,packet_ready,primary_store_candidate
McDonald's,f1675d29-b070-4b2f-a831-fb4114907e29,McDonald's,2000 S Western St,Amarillo,TX,79106-5933,35.192543029785156,-101.8848876953125,Overture Places 2026-07-22.0,2026-07-22,open,packet_ready,primary_store_candidate
McDonald's,c1a65ec9-f7eb-48f2-bb2c-fdb8a578e730,McDonald's,2694 SW 58th Ave,Amarillo,TX,79110,35.14982223510742,-101.86551666259766,Overture Places 2026-07-22.0,2026-07-22,open,packet_ready,primary_store_candidate
McDonald's,ce3933ea-27b7-4fdb-8583-0c22d34066b3,McDonald's,2910 S Soncy Rd,Amarillo,TX,79124-2001,35.18073272705078,-101.93868255615234,Overture Places 2026-07-22.0,2026-07-22,open,packet_ready,primary_store_candidate
McDonald's,b2194977-1c85-4c84-8bbe-43f712332b93,McDonald's,3320 Coulter St S,Amarillo,TX,79106-2722,35.176841735839844,-101.92070770263672,Overture Places 2026-07-22.0,2026-07-22,open,packet_ready,primary_store_candidate
McDonald's,7769c3eb-3c23-4eb4-8585-75cdc341f8e6,McDonald's,400 Amarillo Blvd E,Amarillo,TX,79107-5314,35.221492767333984,-101.82976531982422,Overture Places 2026-07-22.0,2026-07-22,open,packet_ready,primary_store_candidate
McDonald's,78d84d22-9f68-4be5-94d1-3bedec627099,McDonald's,4402 Teckla Blvd,Amarillo,TX,79109-5424,35.16407012939453,-101.88732147216797,Overture Places 2026-07-22.0,2026-07-22,open,packet_ready,primary_store_candidate
McDonald's,8d65fa41-540d-433e-9756-463d7552b220,McDonald's,5620 W Amarillo Blvd,Amarillo,TX,79106-4142,35.215301513671875,-101.90179443359375,Overture Places 2026-07-22.0,2026-07-22,open,packet_ready,primary_store_candidate
McDonald's,311b261e-8489-4dfc-bab7-01052f719a64,McDonald's,6312 Hollywood Rd,Amarillo,TX,79118-5003,35.11724090576172,-101.9063949584961,Overture Places 2026-07-22.0,2026-07-22,open,packet_ready,primary_store_candidate
McDonald's,eb7113d6-53a4-4e4e-88e5-11d17c97b6d6,McDonald's,715 S Lakeside Dr,Amarillo,TX,79118-7310,35.19639205932617,-101.74101257324219,Overture Places 2026-07-22.0,2026-07-22,open,packet_ready,primary_store_candidate
McDonald's,cff31be6-3487-46bf-9965-f52e2a8160e2,McDonald's,1201 S Main St,Andrews,TX,79714-7607,32.30587387084961,-102.54141998291016,Overture Places 2026-07-22.0,2026-07-22,open,packet_ready,primary_store_candidate
McDonald's,5786f85b-c68f-4d8a-9b83-27032c60cde8,McDonald's,1716 N Velasco St,Angleton,TX,77515-3045,29.181808471679688,-95.43242645263672,Overture Places 2026-07-22.0,2026-07-22,open,packet_ready,primary_store_candidate
McDonald's,c619614a-cd03-4a30-a5db-a1d80310d4e9,McDonald's,1317 W White St,Anna,TX,75409-5007,33.34421920776367,-96.56590270996094,Overture Places 2026-07-22.0,2026-07-22,open,packet_ready,primary_store_candidate
McDonald's,8002275a-fa62-4f00-b0e5-887dd77cb17c,McDonald's,101 S Main St,Anthony,TX,79821,31.99972152709961,-106.605712890625,Overture Places 2026-07-22.0,2026-07-22,open,packet_ready,primary_store_candidate
McDonald's,a03acedd-f9d3-469d-bdac-52b3c9fce948,McDonald's,3000 Mountain Pass Blvd,Anthony,TX,79821,31.998441696166992,-106.58128356933594,Overture Places 2026-07-22.0,2026-07-22,open,packet_ready,primary_store_candidate
McDonald's,92f5021c-0dc4-4472-8d1b-d02b5d7f4a1c,McDonald's,2475 W Wheeler Ave,Aransas Pass,TX,78336,27.923526763916016,-97.17561340332031,Overture Places 2026-07-22.0,2026-07-22,open,packet_ready,primary_store_candidate
McDonald's,8568d424-aca0-4caf-ac25-c1d8e4ebfc5a,McDonald's,1226 FM-407,Argyle,TX,76226,33.101097106933594,-97.22801208496094,Overture Places 2026-07-22.0,2026-07-22,open,packet_ready,primary_store_candidate
McDonald's,baa2038e-0e4b-46a3-b5d2-621439128b32,McDonald's,1425 Debbie Ln,Arlington,TX,76002,32.60846710205078,-97.07987976074219,Overture Places 2026-07-22.0,2026-07-22,open,packet_ready,primary_store_candidate
McDonald's,0a8f76b8-cb00-4a0b-8488-a17a4c865f69,McDonald's,1704 W Randol Mill Rd,Arlington,TX,76012-3036,32.749820709228516,-97.1340103149414,Overture Places 2026-07-22.0,2026-07-22,open,packet_ready,primary_store_candidate
McDonald's,de4ddfd4-b5d6-4887-b4ed-40d2c8154bfa,McDonald's,2391 N Collins St,Arlington,TX,76011-2627,32.77433395385742,-97.09672546386719,Overture Places 2026-07-22.0,2026-07-22,open,packet_ready,primary_store_candidate
McDonald's,f0ed3277-f440-4980-a131-4da5a1e6240d,McDonald's,2575 E Arkansas Ln,Arlington,TX,76010-8701,32.70653533935547,-97.06449890136719,Overture Places 2026-07-22.0,2026-07-22,open,packet_ready,primary_store_candidate
McDonald's,13d30979-1162-4b5e-98f3-832b6661cb80,McDonald's,4300 S Cooper St,Arlington,TX,76015-4217,32.677467346191406,-97.13594818115234,Overture Places 2026-07-22.0,2026-07-22,open,packet_ready,primary_store_candidate
McDonald's,3e5e2a24-4bd4-4d67-ba59-f2156e1c651e,McDonald's,4801 W Pioneer Pkwy,Arlington,TX,76013,32.72311019897461,-97.1823959350586,Overture Places 2026-07-22.0,2026-07-22,open,packet_ready,primary_store_candidate
McDonald's,a6f58e2b-76f1-44c0-9e79-7827a6e4826a,McDonald's,4841 W Sublett Rd,Arlington,TX,76017-3907,32.64673614501953,-97.18433380126953,Overture Places 2026-07-22.0,2026-07-22,open,packet_ready,primary_store_candidate
McDonald's,0cec8309-0d60-4d06-82e1-b925b69e37f8,McDonald's,5404 S Cooper St,Arlington,TX,76017-6108,32.65879821777344,-97.1351089477539,Overture Places 2026-07-22.0,2026-07-22,open,packet_ready,primary_store_candidate
McDonald's,4b3738e2-28c6-4918-8f79-e8fbb1aed2be,McDonald's,5700 Forest Bend Dr,Arlington,TX,76017-1108,32.6726188659668,-97.19401550292969,Overture Places 2026-07-22.0,2026-07-22,open,packet_ready,primary_store_candidate
McDonald's,74143982-3952-4d31-b122-6c044fcbefde,McDonald's,611 W Abram St,Arlington,TX,76010-1018,32.7359733581543,-97.11370086669922,Overture Places 2026-07-22.0,2026-07-22,open,packet_ready,primary_store_candidate
McDonald's,62ee2f64-fc52-40d8-b98f-da52e5717c0c,McDonald's,6230 Matlock Rd,Arlington,TX,76002-2717,32.643836975097656,-97.11579895019531,Overture Places 2026-07-22.0,2026-07-22,open,packet_ready,primary_store_candidate
McDonald's,c5733c5b-79a2-4ff8-a12d-53c000e932c6,McDonald's,800 W Pioneer Pkwy,Arlington,TX,76013-6328,32.70794677734375,-97.11577606201172,Overture Places 2026-07-22.0,2026-07-22,open,packet_ready,primary_store_candidate
McDonald's,536c5d0e-78d0-4ed1-80f5-d2eda27d47ec,McDonald's,860 E I-20 Hwy,Arlington,TX,76018-1131,32.675537109375,-97.09342956542969,Overture Places 2026-07-22.0,2026-07-22,open,packet_ready,primary_store_candidate
McDonald's,0de9f98b-4f05-476e-b15d-1e1f0901d047,McDonald's,915 E Randol Mill Rd,Arlington,TX,76011-6017,32.75050735473633,-97.0947494506836,Overture Places 2026-07-22.0,2026-07-22,open,packet_ready,primary_store_candidate
McDonald's,098703b4-da5f-432e-9b82-092a7c4cf9f2,McDonald's,1105 E Tyler,Athens,TX,75751,32.20621871948242,-95.8361587524414,Overture Places 2026-07-22.0,2026-07-22,open,packet_ready,primary_store_candidate
McDonald's,f94b241d-f9e8-44af-843c-bdce62591abb,McDonald's,200 Loop 59,Atlanta,TX,75551-2012,33.11638259887695,-94.1808090209961,Overture Places 2026-07-22.0,2026-07-22,open,packet_ready,primary_store_candidate
McDonald's,66634e9f-a0ba-40f3-ac1f-f057707042ce,McDonald's,26761 E University Dr,Aubrey,TX,76227-1962,33.22099685668945,-96.92244720458984,Overture Places 2026-07-22.0,2026-07-22,open,packet_ready,primary_store_candidate
McDonald's,3d315ffc-605c-4f84-80d1-2d97bdedce07,McDonald's,1024 E Anderson Ln,Austin,TX,78752-1702,30.336891174316406,-97.69355773925781,Overture Places 2026-07-22.0,2026-07-22,open,packet_ready,primary_store_candidate
McDonald's,8a08f67b-163d-4350-aa86-d1eaa59fdf0c,McDonald's,10525 W Parmer Ln,Austin,TX,78717-4893,30.49625015258789,-97.77556610107422,Overture Places 2026-07-22.0,2026-07-22,open,packet_ready,primary_store_candidate
McDonald's,bdd86e9f-3378-4246-82c4-eef31b7d3298,McDonald's,10732 Research Blvd,Austin,TX,78759-5745,30.399181365966797,-97.74681854248047,Overture Places 2026-07-22.0,2026-07-22,open,packet_ready,primary_store_candidate
McDonald's,808a2ab9-aa74-4aa7-8d20-be586a1f49d6,McDonald's,110 Jena Marie Way,Austin,TX,78717,30.492799758911133,-97.72541046142578,Overture Places 2026-07-22.0,2026-07-22,open,packet_ready,primary_store_candidate
McDonald's,6deddf4e-f1f8-4ea7-808b-fa4dd65674e0,McDonald's,1143 Airport Blvd,Austin,TX,78702-3152,30.272235870361328,-97.69693756103516,Overture Places 2026-07-22.0,2026-07-22,open,packet_ready,primary_store_candidate
McDonald's,861db1fc-6c98-46b0-9108-0834301cdef7,McDonald's,1209 Barton Springs Rd,Austin,TX,78704-1007,30.260385513305664,-97.75818634033203,Overture Places 2026-07-22.0,2026-07-22,open,packet_ready,primary_store_candidate
McDonald's,37f8ee4c-bc29-4a90-bea3-5648761777ac,McDonald's,12443 Metric Blvd,Austin,TX,78758-2521,30.412527084350586,-97.69055938720703,Overture Places 2026-07-22.0,2026-07-22,open,packet_ready,primary_store_candidate
McDonald's,072db753-efd4-4139-b148-49e43b7b4eca,McDonald's,12801 Ranch Road 620 N,Austin,TX,78750-1219,30.465476989746094,-97.80329132080078,Overture Places 2026-07-22.0,2026-07-22,open,packet_ready,primary_store_candidate
McDonald's,93209054-01d8-40ad-b466-763a8b9da0fa,McDonald's,12900 N Interstate 35,Austin,TX,78753-1054,30.413982391357422,-97.67598724365234,Overture Places 2026-07-22.0,2026-07-22,open,packet_ready,primary_store_candidate
McDonald's,a2c85dab-a7ed-4bf3-8262-c4210627147f,McDonald's,13609 N Interstate 35,Austin,TX,78753-1012,30.4224853515625,-97.67093658447266,Overture Places 2026-07-22.0,2026-07-22,open,packet_ready,primary_store_candidate
McDonald's,f55cdbcf-a6f3-47a7-a838-9ffe111d561c,McDonald's,13749 US-183,Austin,TX,78750-1803,30.459651947021484,-97.79248046875,Overture Places 2026-07-22.0,2026-07-22,open,packet_ready,primary_store_candidate
McDonald's,c737a99e-19d5-44dc-8d3f-c99ebc886f65,McDonald's,13813 Burnet Rd,Austin,TX,78727-1208,30.43931007385254,-97.6977310180664,Overture Places 2026-07-22.0,2026-07-22,open,packet_ready,primary_store_candidate
McDonald's,4c999957-2840-4e65-9e11-4f244e05bdc7,McDonald's,15900 N Interstate 35,Austin,TX,78728-3907,30.456464767456055,-97.6678695678711,Overture Places 2026-07-22.0,2026-07-22,open,packet_ready,primary_store_candidate
McDonald's,0a89978a-369b-4e01-8536-abee4110b90c,McDonald's,1608 E Parmer Ln,Austin,TX,78753-7130,30.388154983520508,-97.64927673339844,Overture Places 2026-07-22.0,2026-07-22,open,packet_ready,primary_store_candidate
McDonald's,f0ecdee5-94fa-442f-9d47-45c29c4eaa81,McDonald's,2114 Slaughter Ln W,Austin,TX,78748-5977,30.174226760864258,-97.82657623291016,Overture Places 2026-07-22.0,2026-07-22,open,packet_ready,primary_store_candidate
McDonald's,c0e069b1-f461-4664-a3c8-6f83f060fb2d,McDonald's,2426 E Riverside Dr,Austin,TX,78741-3035,30.235692977905273,-97.72403717041016,Overture Places 2026-07-22.0,2026-07-22,open,packet_ready,primary_store_candidate
McDonald's,95434f87-47f2-49e1-bc8f-3d1390e94621,McDonald's,2608 W Braker Ln,Austin,TX,78758-4451,30.391359329223633,-97.7205581665039,Overture Places 2026-07-22.0,2026-07-22,open,packet_ready,primary_store_candidate
McDonald's,243fa8db-4cf2-4ae0-8ba8-82d73fdbe0cf,McDonald's,303 Oltorf St E,Austin,TX,78704-5532,30.237598419189453,-97.7519760131836,Overture Places 2026-07-22.0,2026-07-22,open,packet_ready,primary_store_candidate
McDonald's,c157aa9b-4195-4f5a-9885-59687dbe7bae,McDonald's,3909 S Congress Ave,Austin,TX,78704,30.22377586364746,-97.76302337646484,Overture Places 2026-07-22.0,2026-07-22,open,packet_ready,primary_store_candidate
McDonald's,f1177935-4aa7-4524-80a5-51e244957eb4,McDonald's,4501 E Ben White Blvd,Austin,TX,78741-7209,30.214420318603516,-97.73444366455078,Overture Places 2026-07-22.0,2026-07-22,open,packet_ready,primary_store_candidate
McDonald's,707fdfb6-fe94-4747-8e79-67b60445a368,McDonald's,500 W William Cannon Dr,Austin,TX,78745,30.19692039489746,-97.78626251220703,Overture Places 2026-07-22.0,2026-07-22,open,packet_ready,primary_store_candidate
McDonald's,919c5133-bbb5-429b-945c-3c3f550fc044,McDonald's,5017 W Highway 290,Austin,TX,78735-6703,30.23232078552246,-97.82292938232422,Overture Places 2026-07-22.0,2026-07-22,open,packet_ready,primary_store_candidate
McDonald's,78bd8888-cd86-420c-956e-06f908626233,McDonald's,5355 N Interstate 35,Austin,TX,78723-2428,30.313140869140625,-97.70750427246094,Overture Places 2026-07-22.0,2026-07-22,open,packet_ready,primary_store_candidate
McDonald's,045b046f-2ad4-4719-8b3d-e621da681a4d,McDonald's,5516 N Lamar Blvd,Austin,TX,78751-1016,30.323734283447266,-97.72828674316406,Overture Places 2026-07-22.0,2026-07-22,open,packet_ready,primary_store_candidate
McDonald's,05ba393e-7999-4177-8ac5-a0c231161f06,McDonald's,5762 N Mopac Expy,Austin,TX,78731-4251,30.33858299255371,-97.75568389892578,Overture Places 2026-07-22.0,2026-07-22,open,packet_ready,primary_store_candidate
McDonald's,825e788d-7d7c-4d90-afd4-181532640db1,McDonald's,6320 Ed Bluestein Blvd,Austin,TX,78723,30.30217933654785,-97.66165161132812,Overture Places 2026-07-22.0,2026-07-22,open,packet_ready,primary_store_candidate
McDonald's,0c76d2c9-38f1-4b9d-94b2-521a3a490971,McDonald's,6503 S IH-35 Svc Rd NB,Austin,TX,78744-4220,30.191139221191406,-97.76879119873047,Overture Places 2026-07-22.0,2026-07-22,open,packet_ready,primary_store_candidate
McDonald's,c0a1e0ef-ce5f-4024-8338-3cbdbe296bd6,McDonald's,7010 W Highway 71,Austin,TX,78735,30.23528289794922,-97.87580108642578,Overture Places 2026-07-22.0,2026-07-22,open,packet_ready,primary_store_candidate
McDonald's,b79193cd-8daa-4087-bec9-6da1248fd4b2,McDonald's,7101 E. William Cannon Dr. Building 2,Austin,TX,78744,30.16177749633789,-97.72551727294922,Overture Places 2026-07-22.0,2026-07-22,open,packet_ready,primary_store_candidate
McDonald's,58722c9b-a414-4265-8de1-54697defbcae,McDonald's,7409 FM-620,Austin,TX,78726,30.407241821289062,-97.851318359375,Overture Places 2026-07-22.0,2026-07-22,open,packet_ready,primary_store_candidate
McDonald's,4f42020f-6443-46ae-8475-9ec7d584bca1,McDonald's,7950 Burnet Rd,Austin,TX,78757-8116,30.358163833618164,-97.73090362548828,Overture Places 2026-07-22.0,2026-07-22,open,packet_ready,primary_store_candidate
McDonald's,8dca69ab-17f0-4312-a373-e1719027239a,McDonald's,8500 US Highway 290 E,Austin,TX,78724-2415,30.329099655151367,-97.6605453491211,Overture Places 2026-07-22.0,2026-07-22,open,packet_ready,primary_store_candidate
McDonald's,a56a08ca-8f60-4735-84c4-6db2cb154bc0,McDonald's,9422 N Lamar Blvd,Austin,TX,78753-4106,30.364093780517578,-97.69699096679688,Overture Places 2026-07-22.0,2026-07-22,open,packet_ready,primary_store_candidate
McDonald's,c0a4c182-c3f3-461b-97cf-ad1a911c58aa,McDonald's,Walmart 710 E Ben White Blvd,Austin,TX,78704,30.220661163330078,-97.75408172607422,Overture Places 2026-07-22.0,2026-07-22,open,packet_ready,primary_store_candidate
McDonald's,1455b7e6-6a2f-4c0a-a939-83d151399062,McDonald's,Walmart Supercenter 9300 S Interstate 35,Austin,TX,78748,30.16446304321289,-97.79013061523438,Overture Places 2026-07-22.0,2026-07-22,open,packet_ready,primary_store_candidate
McDonald's,6fc5216e-ad42-4bbc-a2be-b8048719d654,McDonald's,597 Northwest Pkwy,Azle,TX,76020-2913,32.899444580078125,-97.54589080810547,Overture Places 2026-07-22.0,2026-07-22,open,packet_ready,primary_store_candidate
McDonald's,ee476a22-c6ca-45d3-8cab-cf5325085525,McDonald's,4505 TX-146,Bacliff,TX,77518-2816,29.49966812133789,-94.99522399902344,Overture Places 2026-07-22.0,2026-07-22,open,packet_ready,primary_store_candidate
McDonald's,9c817113-92e2-401c-9b8c-a7d97ed64473,McDonald's,3535 Glenshire Dr,Balch Springs,TX,75180,32.719757080078125,-96.61758422851562,Overture Places 2026-07-22.0,2026-07-22,open,packet_ready,primary_store_candidate
McDonald's,3dadb8d1-7311-4041-8075-c131da745ae4,McDonald's,496 TX-71 W,Bastrop,TX,78602-3731,30.106399536132812,-97.33442687988281,Overture Places 2026-07-22.0,2026-07-22,open,packet_ready,primary_store_candidate
McDonald's,22c01cb2-4f80-4ddb-ae2a-e6112fe0407e,McDonald's,2101 7th St,Bay City,TX,77414-5114,28.983352661132812,-95.96495056152344,Overture Places 2026-07-22.0,2026-07-22,open,packet_ready,primary_store_candidate
McDonald's,a0d0eb19-17cd-4b62-8619-785a17c1be6d,McDonald's,1703 I-10,Baytown,TX,77521-1344,29.798215866088867,-95.0328140258789,Overture Places 2026-07-22.0,2026-07-22,open,packet_ready,primary_store_candidate
McDonald's,d2b1a89c-55d9-49b3-b2db-c282e606fb26,McDonald's,1770 Decker Dr,Baytown,TX,77520-2466,29.7403564453125,-94.98059844970703,Overture Places 2026-07-22.0,2026-07-22,open,packet_ready,primary_store_candidate
McDonald's,765e4cc7-f7b0-4493-b01a-7392b7d9bc8b,McDonald's,310 N Alexander Dr,Baytown,TX,77520-2282,29.73094940185547,-94.95734405517578,Overture Places 2026-07-22.0,2026-07-22,open,packet_ready,primary_store_candidate
McDonald's,965692f3-15ba-4afe-a1d2-8a53cd8b6e5e,McDonald's,4503 Garth Rd,Baytown,TX,77521-2123,29.770177841186523,-94.97819519042969,Overture Places 2026-07-22.0,2026-07-22,open,packet_ready,primary_store_candidate
McDonald's,9410222a-d91e-4c1a-b1ad-2635d2733eef,McDonald's,6026 Hwy 146,Baytown,TX,77523,29.783447265625,-94.91177368164062,Overture Places 2026-07-22.0,2026-07-22,open,packet_ready,primary_store_candidate
McDonald's,cb64a397-1cd9-4346-ae2c-87c0454098ed,McDonald's,7000 Garth Rd,Baytown,TX,77521-9595,29.803457260131836,-94.98108673095703,Overture Places 2026-07-22.0,2026-07-22,open,packet_ready,primary_store_candidate
McDonald's,073e0972-7cc6-46ba-9cbf-00bbf4832e11,McDonald's,8910 N Highway 146,Baytown,TX,77523,29.823516845703125,-94.8979721069336,Overture Places 2026-07-22.0,2026-07-22,open,packet_ready,primary_store_candidate
McDonald's,29a35a95-f95b-4a5d-9d3b-4918dbc12781,McDonald's,1555 Interstate 10 E,Beaumont,TX,77701-1115,30.095510482788086,-94.1114501953125,Overture Places 2026-07-22.0,2026-07-22,open,packet_ready,primary_store_candidate
McDonald's,a5985bdb-a83a-4a84-a39e-292cd80ea3bc,McDonald's,190 Interstate 10 N,Beaumont,TX,77702-2111,30.0820369720459,-94.13494110107422,Overture Places 2026-07-22.0,2026-07-22,open,packet_ready,primary_store_candidate
McDonald's,38d20d19-ff40-472a-a321-8a6117c65a25,McDonald's,2990 W Cardinal Dr,Beaumont,TX,77705-4536,30.03965950012207,-94.11495971679688,Overture Places 2026-07-22.0,2026-07-22,open,packet_ready,primary_store_candidate
McDonald's,72d7c3b2-1a9b-41f0-ad2c-69a08ab60c4f,McDonald's,3050 Martin Luther King Jr Pkwy,Beaumont,TX,77705,30.05777931213379,-94.0861587524414,Overture Places 2026-07-22.0,2026-07-22,open,packet_ready,primary_store_candidate
McDonald's,32a3309f-0cd4-42c9-b140-b368043eed3f,McDonald's,4515 N Dowlen Rd,Beaumont,TX,77706-6712,30.123252868652344,-94.15725708007812,Overture Places 2026-07-22.0,2026-07-22,open,packet_ready,primary_store_candidate
McDonald's,1b72f4e3-805d-4a06-83da-e0fa397d6376,McDonald's,5580 Highway 105,Beaumont,TX,77708-3806,30.13379669189453,-94.16617584228516,Overture Places 2026-07-22.0,2026-07-22,open,packet_ready,primary_store_candidate
McDonald's,06406094-56df-4798-b9b6-6c0665621f1e,McDonald's,6380 Phelan Blvd,Beaumont,TX,77706-6159,30.078615188598633,-94.16868591308594,Overture Places 2026-07-22.0,2026-07-22,open,packet_ready,primary_store_candidate
McDonald's,35daca54-cc76-4487-805a-a76daa115652,McDonald's,910 S Major Dr,Beaumont,TX,77707-2950,30.06641387939453,-94.1904296875,Overture Places 2026-07-22.0,2026-07-22,open,packet_ready,primary_store_candidate
McDonald's,80aad2a6-c89e-4b7f-b8ea-13d212388aee,McDonald's,2100 Central Park Blvd,Bedford,TX,76022-6100,32.83370590209961,-97.1329345703125,Overture Places 2026-07-22.0,2026-07-22,open,packet_ready,primary_store_candidate
McDonald's,27f14169-38ab-4080-a5a1-0e75231d1d8b,McDonald's,3350 Harwood Rd,Bedford,TX,76021-3904,32.85146713256836,-97.11292266845703,Overture Places 2026-07-22.0,2026-07-22,open,packet_ready,primary_store_candidate
McDonald's,f6aeace9-6fbe-46b4-b4fa-e0df876e23d3,McDonald's,12514 W Highway 71,Bee Cave,TX,78738-6510,30.30613899230957,-97.93705749511719,Overture Places 2026-07-22.0,2026-07-22,open,packet_ready,primary_store_candidate
McDonald's,5d4157f3-31bd-470c-ab73-634805a6aa97,McDonald's,2301 N St Marys St,Beeville,TX,78102-2436,28.42205238342285,-97.75736999511719,Overture Places 2026-07-22.0,2026-07-22,open,packet_ready,primary_store_candidate
McDonald's,d039fe43-61ea-4e7f-b12a-27c64d669fa6,McDonald's,1601 E 6th Ave,Belton,TX,76513-2852,31.055419921875,-97.44679260253906,Overture Places 2026-07-22.0,2026-07-22,open,packet_ready,primary_store_candidate
McDonald's,2cdb6f07-cf47-4cbc-a542-ec6698c029cc,McDonald's,3002 N Main St,Belton,TX,76513,31.087665557861328,-97.45724487304688,Overture Places 2026-07-22.0,2026-07-22,open,packet_ready,primary_store_candidate
McDonald's,9a8b5127-5ab1-4492-85c1-05ae97fa0b11,McDonald's,8516 Benbrook Blvd,Benbrook,TX,76126,32.681373596191406,-97.46255493164062,Overture Places 2026-07-22.0,2026-07-22,open,packet_ready,primary_store_candidate
McDonald's,293af443-ca5b-468b-834a-a0a1748fd688,McDonald's,3000 Speight Ave,Beverly Hills,TX,76711,31.52451515197754,-97.14153289794922,Overture Places 2026-07-22.0,2026-07-22,open,packet_ready,primary_store_candidate
McDonald's,1af1d886-ce60-4868-a809-80f54d3118f4,McDonald's,2600 S Gregg St,Big Spring,TX,79720-6550,32.22886276245117,-101.47096252441406,Overture Places 2026-07-22.0,2026-07-22,open,packet_ready,primary_store_candidate
McDonald's,660c630b-5730-4b89-8b43-70e151257245,McDonald's,706 I-20,Big Spring,TX,79720,32.26559066772461,-101.47472381591797,Overture Places 2026-07-22.0,2026-07-22,open,packet_ready,primary_store_candidate
McDonald's,b424ddac-5740-454c-aea3-d2c5d5127f95,McDonald's,28409 Ih 10 W.,Boerne,TX,78006,29.7193546295166,-98.66715240478516,Overture Places 2026-07-22.0,2026-07-22,open,packet_ready,primary_store_candidate
McDonald's,5e5571b4-4eab-4428-a776-b9bd12e878e0,McDonald's,2241 N Center St,Bonham,TX,75418-2112,33.60356903076172,-96.17548370361328,Overture Places 2026-07-22.0,2026-07-22,open,packet_ready,primary_store_candidate
McDonald's,27c5f737-55dc-4b55-a549-d6428602c712,McDonald's,304 S Cedar St,Borger,TX,79007-4648,35.66324234008789,-101.3987808227539,Overture Places 2026-07-22.0,2026-07-22,open,packet_ready,primary_store_candidate
McDonald's,1d823f7e-428b-4287-bf44-1d5cfca445b7,McDonald's,307 E Wise St,Bowie,TX,76230-5116,33.557769775390625,-97.84581756591797,Overture Places 2026-07-22.0,2026-07-22,open,packet_ready,primary_store_candidate
McDonald's,50387c15-99a9-493f-acfa-8b59c57cf360,McDonald's,2106 S Bridge St,Brady,TX,76825-7440,31.112730026245117,-99.33589172363281,Overture Places 2026-07-22.0,2026-07-22,open,packet_ready,primary_store_candidate
McDonald's,63a52dd0-cf74-4ae1-9f1f-14fb44a06034,McDonald's,3726 W Walker St,Breckenridge,TX,76424-3917,32.759300231933594,-98.94402313232422,Overture Places 2026-07-22.0,2026-07-22,open,packet_ready,primary_store_candidate
McDonald's,395cca2a-bc22-4d33-a99f-b3d2fff740b9,McDonald's,2135 US-290 W,Brenham,TX,77833-5229,30.165817260742188,-96.427978515625,Overture Places 2026-07-22.0,2026-07-22,open,packet_ready,primary_store_candidate
McDonald's,827dbc7a-30c9-422d-b860-a3b3602b1afb,McDonald's,500 US-290 W,Brenham,TX,77833-5401,30.14339828491211,-96.3974838256836,Overture Places 2026-07-22.0,2026-07-22,open,packet_ready,primary_store_candidate
McDonald's,a328a374-5b7e-4eb4-b11b-b71a635125fd,McDonald's,755 Texas Ave,Bridge City,TX,77611-4227,30.023006439208984,-93.84465026855469,Overture Places 2026-07-22.0,2026-07-22,open,packet_ready,primary_store_candidate
McDonald's,f18a3fc2-560f-4bf0-959a-be9f91d99ac5,McDonald's,501 US Highway 380,Bridgeport,TX,76426-2265,33.22404479980469,-97.7632827758789,Overture Places 2026-07-22.0,2026-07-22,open,packet_ready,primary_store_candidate
McDonald's,ffa4a82d-3a18-4698-8656-f368c5fa9098,McDonald's,308 FM 359 Rd S,Brookshire,TX,77423-9001,29.777633666992188,-95.95211029052734,Overture Places 2026-07-22.0,2026-07-22,open,packet_ready,primary_store_candidate
McDonald's,fdcfb1a9-fc52-45cc-85a0-3e6051dc9a3f,McDonald's,304 Lubbock Rd,Brownfield,TX,79316-3652,33.181819915771484,-102.2739028930664,Overture Places 2026-07-22.0,2026-07-22,open,packet_ready,primary_store_candidate
McDonald's,c0e96998-074b-4684-b8f3-270f2d842d4d,McDonald's,101 S Expressway 83,Brownsville,TX,78520-8049,25.92129898071289,-97.49146270751953,Overture Places 2026-07-22.0,2026-07-22,open,packet_ready,primary_store_candidate
McDonald's,ef1b0cd6-d42d-4cdc-a029-8717683b423b,McDonald's,1104 International Blvd,Brownsville,TX,78520-6844,25.90095329284668,-97.49105072021484,Overture Places 2026-07-22.0,2026-07-22,open,packet_ready,primary_store_candidate
McDonald's,06a10dbd-ceb3-4315-98b9-e78d31d983d2,McDonald's,117 America Dr,Brownsville,TX,78526-7415,25.9521484375,-97.48628234863281,Overture Places 2026-07-22.0,2026-07-22,open,packet_ready,primary_store_candidate
McDonald's,4e23bdca-337e-4cb6-83ec-0da3b52c9873,McDonald's,1609 Central Blvd,Brownsville,TX,78520-8326,25.92654800415039,-97.51190185546875,Overture Places 2026-07-22.0,2026-07-22,open,packet_ready,primary_store_candidate
McDonald's,fec4de73-352c-4715-8520-6a7b33de93a7,McDonald's,2025 U.S. Hwy 281,Brownsville,TX,78520,25.944936752319336,-97.54473114013672,Overture Places 2026-07-22.0,2026-07-22,open,packet_ready,primary_store_candidate
McDonald's,be043ed7-3c31-4f51-a007-cd9dfd62d615,McDonald's,2260 N Expressway,Brownsville,TX,78521-1535,25.948427200317383,-97.50419616699219,Overture Places 2026-07-22.0,2026-07-22,open,packet_ready,primary_store_candidate
McDonald's,53427394-e74a-48bd-8e51-99586a8464b8,McDonald's,4315 North Expy,Brownsville,TX,78526,25.967395782470703,-97.51349639892578,Overture Places 2026-07-22.0,2026-07-22,open,packet_ready,primary_store_candidate
McDonald's,a5092ff7-0f49-4af3-8276-f19644b969aa,McDonald's,4484 E 14th St,Brownsville,TX,78521-3240,25.91986656188965,-97.4670639038086,Overture Places 2026-07-22.0,2026-07-22,open,packet_ready,primary_store_candidate
McDonald's,f844f0b6-3ee8-446b-bac0-1ff5de276c31,McDonald's,4690 Southmost Rd,Brownsville,TX,78521-8000,25.893827438354492,-97.44725799560547,Overture Places 2026-07-22.0,2026-07-22,open,packet_ready,primary_store_candidate
McDonald's,a5f2da0e-5c41-4916-8fe6-29d544bd9537,McDonald's,5500 Paredes Line Rd,Brownsville,TX,78526,25.983415603637695,-97.48346710205078,Overture Places 2026-07-22.0,2026-07-22,open,packet_ready,primary_store_candidate
McDonald's,c09044d2-7532-46f1-aa7e-1fb7270fc45b,McDonald's,7400 Padre Island Hwy,Brownsville,TX,78521,25.94363784790039,-97.4267807006836,Overture Places 2026-07-22.0,2026-07-22,open,packet_ready,primary_store_candidate
McDonald's,5895962d-39c1-4e50-9e89-df3d4cb1d4bf,McDonald's,7980 Boca Chica Blvd,Brownsville,TX,78521,25.91667366027832,-97.40595245361328,Overture Places 2026-07-22.0,2026-07-22,open,packet_ready,primary_store_candidate
McDonald's,cce2f982-18f3-451a-87ca-1f5581719cac,McDonald's,204 E Commerce St,Brownwood,TX,76801-1803,31.729272842407227,-98.97834777832031,Overture Places 2026-07-22.0,2026-07-22,open,packet_ready,primary_store_candidate
McDonald's,f8923962-77ad-4154-bc61-3cb9aac43047,McDonald's,2930 Highway 21 E,Bryan,TX,77803-2926,30.695358276367188,-96.3614501953125,Overture Places 2026-07-22.0,2026-07-22,open,packet_ready,primary_store_candidate
McDonald's,ac85b196-91d6-41e7-8b01-2f622004f7c6,McDonald's,451 N Harvey Mitchell Pkwy,Bryan,TX,77807-1707,30.629751205444336,-96.37773895263672,Overture Places 2026-07-22.0,2026-07-22,open,packet_ready,primary_store_candidate
McDonald's,26eaff6e-e8cf-4ab7-b019-3e8a6c5a040a,McDonald's,608 N Earl Rudder Fwy,Bryan,TX,77802-2957,30.66584587097168,-96.32723999023438,Overture Places 2026-07-22.0,2026-07-22,open,packet_ready,primary_store_candidate
McDonald's,b8c8eaf4-543a-4dff-8301-bae9d4088db1,McDonald's,700 S Texas Ave,Bryan,TX,77803-3945,30.66750144958496,-96.37137603759766,Overture Places 2026-07-22.0,2026-07-22,open,packet_ready,primary_store_candidate
McDonald's,4fc49ef6-c49d-48df-9193-bc5ff4267c0e,McDonald's,825 E Villa Maria Rd,Bryan,TX,77802-5340,30.646162033081055,-96.34981536865234,Overture Places 2026-07-22.0,2026-07-22,open,packet_ready,primary_store_candidate
McDonald's,478cd001-0d1e-4900-9a36-1d6ae9223f17,McDonald's,10700 N US 183 Hwy,Buda,TX,78610,30.03488540649414,-97.6870346069336,Overture Places 2026-07-22.0,2026-07-22,open,packet_ready,primary_store_candidate
McDonald's,160351ff-1f23-42c0-900c-816d50559af1,McDonald's,15359 Ih 35,Buda,TX,78610-9716,30.089086532592773,-97.81732177734375,Overture Places 2026-07-22.0,2026-07-22,open,packet_ready,primary_store_candidate
McDonald's,8c0e6bb6-9e6e-41e7-afa5-ad5daa73f99c,McDonald's,3265 RR-967,Buda,TX,78610-3441,30.096126556396484,-97.87660217285156,Overture Places 2026-07-22.0,2026-07-22,open,packet_ready,primary_store_candidate
McDonald's,9403528c-4038-42ad-9776-5bea74837fa4,McDonald's,441 S Craig Dr,Buffalo,TX,75831,31.448030471801758,-96.07503509521484,Overture Places 2026-07-22.0,2026-07-22,open,packet_ready,primary_store_candidate
McDonald's,b0ae79ad-67df-49cd-bb36-2817b78d5901,McDonald's,819 Sheppard Rd,Burkburnett,TX,76354-2734,34.08226776123047,-98.56150817871094,Overture Places 2026-07-22.0,2026-07-22,open,packet_ready,primary_store_candidate
McDonald's,f32cdf5e-969c-4524-a3ff-7cc063905505,McDonald's,911 SW Wilshire Blvd,Burleson,TX,76028-5714,32.52964782714844,-97.3389663696289,Overture Places 2026-07-22.0,2026-07-22,open,packet_ready,primary_store_candidate
McDonald's,9e9b2f6f-d41e-42d5-9bb2-49915c992e1f,McDonald's,986 N Burleson Blvd,Burleson,TX,76028-2904,32.562767028808594,-97.31727600097656,Overture Places 2026-07-22.0,2026-07-22,open,packet_ready,primary_store_candidate
McDonald's,01e59402-38cb-4e9c-916a-342bab613ee6,McDonald's,200 N Water St,Burnet,TX,78611-2447,30.759431838989258,-98.22933197021484,Overture Places 2026-07-22.0,2026-07-22,open,packet_ready,primary_store_candidate
McDonald's,8b39d70c-2d20-4ab2-9976-69f3981da2f9,McDonald's,2725 FM1903,Caddo Mills,TX,75135,33.04359436035156,-96.17784118652344,Overture Places 2026-07-22.0,2026-07-22,open,packet_ready,primary_store_candidate
McDonald's,9ecd2426-6aa7-407d-b138-ba923a5072fb,McDonald's,303 N Green St,Caldwell,TX,77836,30.53618621826172,-96.69366455078125,Overture Places 2026-07-22.0,2026-07-22,open,packet_ready,primary_store_candidate
McDonald's,8c2ed686-e7f1-485c-83f9-bae3d2366647,McDonald Ranch,614 FM 60 S,Caldwell,TX,77836-7901,30.4511775970459,-96.77845001220703,Overture Places 2026-07-22.0,2026-07-22,open,packet_ready,primary_store_candidate
McDonald's,23d394ca-395c-4c78-8b76-7eabb2e92fbb,McDonald's,2254 N Trade Days Blvd,Canton,TX,75103-9795,32.57627868652344,-95.85466766357422,Overture Places 2026-07-22.0,2026-07-22,open,packet_ready,primary_store_candidate
McDonald's,ff2fc5ca-73c8-45c8-b4e4-d5c880f1c8a4,McDonald's,200 23rd St,Canyon,TX,79015-3027,34.98173904418945,-101.9197769165039,Overture Places 2026-07-22.0,2026-07-22,open,packet_ready,primary_store_candidate
McDonald's,ca116c4e-bec7-466f-a03a-950f4fff4f77,McDonald's,18381 Fm306,Canyon Lake,TX,78133,29.91584587097168,-98.21678924560547,Overture Places 2026-07-22.0,2026-07-22,open,packet_ready,primary_store_candidate
McDonald's,6897ef31-84da-4dd2-adc0-2df56be327a6,McDonald's,8036 FM2673,Canyon Lake,TX,78133,29.843965530395508,-98.2667465209961,Overture Places 2026-07-22.0,2026-07-22,open,packet_ready,primary_store_candidate
McDonald's,0858f68b-a031-42ff-84b0-fb50b5139550,McDonald's,503 N 1st St,Carrizo Springs,TX,78834-3309,28.523578643798828,-99.85601043701172,Overture Places 2026-07-22.0,2026-07-22,open,packet_ready,primary_store_candidate
McDonald's,effcfa6f-bf1c-4cdb-9509-c285ed3f8083,McDonald's,1050 W Frankford Rd,Carrollton,TX,75007,32.999061584472656,-96.9108657836914,Overture Places 2026-07-22.0,2026-07-22,open,packet_ready,primary_store_candidate
McDonald's,77bafd23-2beb-443e-8c1d-becbc295187a,McDonald's,1536 W Hebron Pkwy,Carrollton,TX,75010,33.02191925048828,-96.93252563476562,Overture Places 2026-07-22.0,2026-07-22,open,packet_ready,primary_store_candidate
McDonald's,29e8675e-b174-4722-b80f-6e3f8efec23e,McDonald's,1753 S I-35E,Carrollton,TX,75006,32.939517974853516,-96.90196990966797,Overture Places 2026-07-22.0,2026-07-22,open,packet_ready,primary_store_candidate
McDonald's,e607031a-935c-40ad-95dc-6893fa05d933,McDonald's,2151 N Josey Ln,Carrollton,TX,75006-2968,32.97491455078125,-96.89041900634766,Overture Places 2026-07-22.0,2026-07-22,open,packet_ready,primary_store_candidate
McDonald's,9a9934f0-1af4-493f-8372-92a5469e254f,McDonald's,4125 N Josey Ln,Carrollton,TX,75007-1522,33.024375915527344,-96.88551330566406,Overture Places 2026-07-22.0,2026-07-22,open,packet_ready,primary_store_candidate
McDonald's,7864b2cc-157f-4e68-a9a9-15e16f91c0af,McDonald's,4805 N Josey Ln,Carrollton,TX,75010,33.04506301879883,-96.88162994384766,Overture Places 2026-07-22.0,2026-07-22,open,packet_ready,primary_store_candidate
McDonald's,94c873ce-f038-4436-b085-cd9fd312e27c,McDonald's,1415 W Panola St,Carthage,TX,75633-2347,32.159053802490234,-94.36150360107422,Overture Places 2026-07-22.0,2026-07-22,open,packet_ready,primary_store_candidate
McDonald's,56b43499-b8b0-456e-b80d-2d900157fe93,McDonald's,801 US Highway 90 W,Castroville,TX,78009-3852,29.353744506835938,-98.88059997558594,Overture Places 2026-07-22.0,2026-07-22,open,packet_ready,primary_store_candidate
McDonald's,d3df5feb-a325-45a0-9de9-13fa8f77140a,McDonald's,2850 TX-71,Cedar Creek,TX,78612-3465,30.175785064697266,-97.52632141113281,Overture Places 2026-07-22.0,2026-07-22,open,packet_ready,primary_store_candidate
McDonald's,3377b68a-a02d-42d5-b182-560c152147d0,McDonald's,1382 N Highway 67,Cedar Hill,TX,75104-4018,32.61244201660156,-96.92202758789062,Overture Places 2026-07-22.0,2026-07-22,open,packet_ready,primary_store_candidate
McDonald's,e8765404-d50b-4c53-98ca-723c715f18f6,McDonald's,201 E FM-1382,Cedar Hill,TX,75104-2147,32.59706497192383,-96.9405288696289,Overture Places 2026-07-22.0,2026-07-22,open,packet_ready,primary_store_candidate
McDonald's,d2c5325d-5c6f-4130-81f5-e413a5ed3b2e,McDonald's,1103 N Bell Blvd,Cedar Park,TX,78613-7087,30.521379470825195,-97.83103942871094,Overture Places 2026-07-22.0,2026-07-22,open,packet_ready,primary_store_candidate
McDonald's,e3b4df50-cd19-47a1-b24c-a9ef1381ef34,McDonald's,1410 Cypress Creek Rd,Cedar Park,TX,78613-3605,30.48261833190918,-97.83137512207031,Overture Places 2026-07-22.0,2026-07-22,open,packet_ready,primary_store_candidate
McDonald's,ca18e530-8147-49c8-84bd-b336137a0daa,McDonald's,2733 E Whitestone Blvd,Cedar Park,TX,78613-6927,30.533628463745117,-97.78836059570312,Overture Places 2026-07-22.0,2026-07-22,open,packet_ready,primary_store_candidate
McDonald's,66f87a71-01a4-48f7-94f1-7b82d5c0651b,McDonald's,4565 S Preston Rd,Celina,TX,75009,33.263179779052734,-96.78497314453125,Overture Places 2026-07-22.0,2026-07-22,open,packet_ready,primary_store_candidate
McDonald's,59a27bf2-6fc0-41f0-b984-4bc8d6c0365e,McDonald's,994 S Preston Rd,Celina,TX,75009-3883,33.31239318847656,-96.78006744384766,Overture Places 2026-07-22.0,2026-07-22,open,packet_ready,primary_store_candidate
McDonald's,a7d7dbca-174f-4d7d-9946-c78d37f0bcfa,McDonald's,812 Hurst St,Center,TX,75935-3417,31.802427291870117,-94.1917495727539,Overture Places 2026-07-22.0,2026-07-22,open,packet_ready,primary_store_candidate
McDonald's,415182d3-40d1-44a5-91ea-0cf02ca6d67d,McDonald's,710 E TX-31,Chandler,TX,75758-2392,32.30961990356445,-95.47075653076172,Overture Places 2026-07-22.0,2026-07-22,open,packet_ready,primary_store_candidate
McDonald's,69a9e4b1-cd23-4ebe-a10a-85e843058fd5,McDonald's,406 Sheldon Rd,Channelview,TX,77530-3504,29.777408599853516,-95.12403106689453,Overture Places 2026-07-22.0,2026-07-22,open,packet_ready,primary_store_candidate
McDonald's,62bf8d7e-0756-487e-b6af-352c143be6a5,McDonald's,2111 Avenue F NW,Childress,TX,79201-2219,34.43490219116211,-100.22818756103516,Overture Places 2026-07-22.0,2026-07-22,open,packet_ready,primary_store_candidate
McDonald's,1d4477c0-f7c7-4972-b74c-382db5d9311f,McDonald's,1435 W Henderson St,Cleburne,TX,76033-5106,32.340293884277344,-97.40739440917969,Overture Places 2026-07-22.0,2026-07-22,open,packet_ready,primary_store_candidate
McDonald's,86983368-f24f-4221-8b99-7b67255ec1d9,McDonald's,2206 N Main St,Cleburne,TX,76033-5012,32.37956237792969,-97.3924331665039,Overture Places 2026-07-22.0,2026-07-22,open,packet_ready,primary_store_candidate
McDonald's,a65c79cf-9dfc-40c5-be0f-e458478bae23,McDonald's,1466 County Rd 3549,Cleveland,TX,77327,30.16824722290039,-95.08037567138672,Overture Places 2026-07-22.0,2026-07-22,open,packet_ready,primary_store_candidate
McDonald's,ed4bfa3a-025e-4583-ad9c-3a79169d5925,McDonald's,441 W Southline St,Cleveland,TX,77327-5030,30.33561134338379,-95.09770202636719,Overture Places 2026-07-22.0,2026-07-22,open,packet_ready,primary_store_candidate
McDonald's,802e0151-00af-4000-8534-bd5a9bcc48cb,McDonald's,1211 N Avenue G,Clifton,TX,76634,31.79463768005371,-97.58739471435547,Overture Places 2026-07-22.0,2026-07-22,open,packet_ready,primary_store_candidate
McDonald's,0aaa5cc2-d69b-47f2-9e3b-f3ad469d74eb,McDonald's,1028 Dixie Dr,Clute,TX,77531-5124,29.011917114257812,-95.42040252685547,Overture Places 2026-07-22.0,2026-07-22,open,packet_ready,primary_store_candidate
McDonald's,a360cc58-9ced-42d5-8d50-3edae5108403,McDonald's,1700 N Access Rd,Clyde,TX,79510-3352,32.412662506103516,-99.48934936523438,Overture Places 2026-07-22.0,2026-07-22,open,packet_ready,primary_store_candidate
McDonald's,8f0a6b47-a256-45f1-9b2a-65360eae2bd4,McDonald's,1015 Wellborn Rd,College Station,TX,77840-6169,30.59617805480957,-96.33369445800781,Overture Places 2026-07-22.0,2026-07-22,open,packet_ready,primary_store_candidate
McDonald's,d2dec9ea-f883-4eee-831b-c95118defd38,McDonald's,1750 Rock Prairie Rd,College Station,TX,77845-5900,30.58316421508789,-96.28739929199219,Overture Places 2026-07-22.0,2026-07-22,open,packet_ready,primary_store_candidate
McDonald's,4eaf801a-ccc0-4d69-8b37-f10d1e48a5d1,McDonald's,2420 Texas Ave S,College Station,TX,77840-4634,30.607192993164062,-96.30978393554688,Overture Places 2026-07-22.0,2026-07-22,open,packet_ready,primary_store_candidate
McDonald's,f0c8cfd5-862f-4357-a591-3e5e012691cc,McDonald's,4440 State Highway 6 S,College Station,TX,77845-4427,30.561372756958008,-96.26197052001953,Overture Places 2026-07-22.0,2026-07-22,open,packet_ready,primary_store_candidate
McDonald's,4be62d3e-4272-45ac-8ad3-ef1a2bd6722e,McDonald's,801 University Dr,College Station,TX,77840-1431,30.62209129333496,-96.34196472167969,Overture Places 2026-07-22.0,2026-07-22,open,packet_ready,primary_store_candidate
McDonald's,15370c81-651f-4e91-9f4e-2b0c2d1471ac,McDonald's,5609 Colleyville Blvd,Colleyville,TX,76034-6022,32.890296936035156,-97.14873504638672,Overture Places 2026-07-22.0,2026-07-22,open,packet_ready,primary_store_candidate
McDonald's,3d9f1d49-6a9d-4c72-a3bb-6cb2e6527d30,McDonald's,2421 Highway 71 S,Columbus,TX,78934-9205,29.691110610961914,-96.53842163085938,Overture Places 2026-07-22.0,2026-07-22,open,packet_ready,primary_store_candidate
McDonald's,757b6a4c-47bf-4ada-bcf1-5bdaba70e118,McDonald's,43 US-87,Comfort,TX,78013,29.982229232788086,-98.90257263183594,Overture Places 2026-07-22.0,2026-07-22,open,packet_ready,primary_store_candidate
McDonald's,cb1fee55-055d-4e1d-b136-03fa8c5026d0,McDonald's,2102 Live Oak St,Commerce,TX,75428-2438,33.247596740722656,-95.91039276123047,Overture Places 2026-07-22.0,2026-07-22,open,packet_ready,primary_store_candidate
McDonald's,d4c9d23e-8d34-4dc1-8a4b-b2a7df7b7281,McDonald's,10270 Highway 242,Conroe,TX,77385-4383,30.20793342590332,-95.42456817626953,Overture Places 2026-07-22.0,2026-07-22,open,packet_ready,primary_store_candidate
McDonald's,eca316b5-63bd-4bf9-8044-4b61978345c6,McDonald's,11000 Highway 105 E,Conroe,TX,77301-3300,30.32284927368164,-95.40178680419922,Overture Places 2026-07-22.0,2026-07-22,open,packet_ready,primary_store_candidate
McDonald's,98af7be4-7a6e-4208-a744-474285e8cd43,McDonald's,1200 League Line Rd,Conroe,TX,77303-1491,30.367156982421875,-95.48387908935547,Overture Places 2026-07-22.0,2026-07-22,open,packet_ready,primary_store_candidate
McDonald's,a7d6e0d0-b10b-4152-926c-42d3b7fb5c04,McDonald's,1574 N Loop 336 E,Conroe,TX,77301,30.340070724487305,-95.4273452758789,Overture Places 2026-07-22.0,2026-07-22,open,packet_ready,primary_store_candidate
McDonald's,80b5d82b-a2a3-45bf-87bd-f2a4605392b3,McDonald's,2640 N Loop 336 W,Conroe,TX,77304-3676,30.324087142944336,-95.49968719482422,Overture Places 2026-07-22.0,2026-07-22,open,packet_ready,primary_store_candidate
McDonald's,76483fbb-1c25-49cf-9072-afc8973056c8,McDonald's,316 S Loop 336 W,Conroe,TX,77304-3308,30.279443740844727,-95.46304321289062,Overture Places 2026-07-22.0,2026-07-22,open,packet_ready,primary_store_candidate
McDonald's,ef87fc4b-5280-4339-ae16-bc7a5f43f177,McDonald's,318 FM-1488,Conroe,TX,77384-4180,30.237192153930664,-95.46456909179688,Overture Places 2026-07-22.0,2026-07-22,open,packet_ready,primary_store_candidate
McDonald's,296ab340-b338-4087-919b-584a83148711,McDonald's,8001 Highway 242,Conroe,TX,77385-4303,30.208372116088867,-95.45497131347656,Overture Places 2026-07-22.0,2026-07-22,open,packet_ready,primary_store_candidate
McDonald's,03da5ff7-4a42-480d-9cd7-cf7d90f59c81,McDonald's,801 N Loop 336 E,Conroe,TX,77301-1440,30.335582733154297,-95.46790313720703,Overture Places 2026-07-22.0,2026-07-22,open,packet_ready,primary_store_candidate
McDonald's,53becf69-32a1-4a95-9204-29b449a12826,McDonald's,909 W Davis St,Conroe,TX,77301-2708,30.313169479370117,-95.46847534179688,Overture Places 2026-07-22.0,2026-07-22,open,packet_ready,primary_store_candidate
McDonald's,04084c13-558f-4ab9-9840-43890f6df98c,McDonald's,3835 E Loop 1604 N,Converse,TX,78109,29.464256286621094,-98.2894287109375,Overture Places 2026-07-22.0,2026-07-22,open,packet_ready,primary_store_candidate
McDonald's,eaa899e6-6db0-4dce-806c-87fb37f763db,McDonald's,5439 Fm 1516 N,Converse,TX,78109,29.478172302246094,-98.314453125,Overture Places 2026-07-22.0,2026-07-22,open,packet_ready,primary_store_candidate
McDonald's,ef79c291-da36-46ee-9f64-00e2d0fde9ad,McDonald's,7975 Kitty Hawk Rd,Converse,TX,78109-1676,29.535245895385742,-98.33187103271484,Overture Places 2026-07-22.0,2026-07-22,open,packet_ready,primary_store_candidate
McDonald's,3ad21cd4-a4f6-44b5-ac3e-d16d1b0cb385,McDonald's,9151 FM 78,Converse,TX,78109-2012,29.511980056762695,-98.30870819091797,Overture Places 2026-07-22.0,2026-07-22,open,packet_ready,primary_store_candidate
McDonald's,99ce9233-2c5b-4461-8137-071a5fecd509,McDonald's,125 S Denton Tap Rd,Coppell,TX,75019-3204,32.96832275390625,-96.994140625,Overture Places 2026-07-22.0,2026-07-22,open,packet_ready,primary_store_candidate
McDonald's,3f904eee-0d6a-4905-bb83-31cb38c06fcc,McDonald's,813 S MacArthur Blvd,Coppell,TX,75019-4213,32.952388763427734,-96.95854949951172,Overture Places 2026-07-22.0,2026-07-22,open,packet_ready,primary_store_candidate
McDonald's,e2e3f457-1dd3-411e-af5e-d5e2b1fa7f62,McDonald's,1418 E Business 190,Copperas Cove,TX,76522-2340,31.119531631469727,-97.88941955566406,Overture Places 2026-07-22.0,2026-07-22,open,packet_ready,primary_store_candidate
McDonald's,9e104376-8370-4921-b422-d1539c53c2a9,McDonald's,2706 E Business 190,Copperas Cove,TX,76522-2562,31.11814308166504,-97.87080383300781,Overture Places 2026-07-22.0,2026-07-22,open,packet_ready,primary_store_candidate
McDonald's,3b4cbb26-33e0-4aad-ac02-80dd9ca86d2d,McDonald's,11202 Leopard St,Corpus Christi,TX,78410-2633,27.846446990966797,-97.5866470336914,Overture Places 2026-07-22.0,2026-07-22,open,packet_ready,primary_store_candidate
McDonald's,ca862753-8d2b-4aaa-9490-220b5a18b0cc,McDonald's,1229 Waldron Rd,Corpus Christi,TX,78418-4428,27.666086196899414,-97.28362274169922,Overture Places 2026-07-22.0,2026-07-22,open,packet_ready,primary_store_candidate
McDonald's,c4e17646-e5cc-45f5-bc67-931e14e96102,McDonald's,1522 Rodd Field Rd,Corpus Christi,TX,78412-2700,27.692312240600586,-97.34175872802734,Overture Places 2026-07-22.0,2026-07-22,open,packet_ready,primary_store_candidate
McDonald's,4122e198-485e-49be-a414-506778f56bc2,McDonald's,1610 S Padre Island Dr,Corpus Christi,TX,78416-1338,27.74282455444336,-97.44046020507812,Overture Places 2026-07-22.0,2026-07-22,open,packet_ready,primary_store_candidate
McDonald's,71a16bcc-55ec-46af-a37f-6a24cd252171,McDonald's,2021 Morgan Ave,Corpus Christi,TX,78405-1541,27.777976989746094,-97.4122085571289,Overture Places 2026-07-22.0,2026-07-22,open,packet_ready,primary_store_candidate
McDonald's,8d0644b9-991b-47dd-b67f-0899a4ce2210,McDonald's,2222 S Staples St,Corpus Christi,TX,78404-3602,27.7642822265625,-97.4032211303711,Overture Places 2026-07-22.0,2026-07-22,open,packet_ready,primary_store_candidate
McDonald's,4038442e-f4a7-4e58-9adf-06dd16c53cb3,McDonald's,3211 S Padre Island Dr,Corpus Christi,TX,78415-2902,27.727401733398438,-97.41226959228516,Overture Places 2026-07-22.0,2026-07-22,open,packet_ready,primary_store_candidate
McDonald's,9d1012f2-f09b-4726-bf7a-1d7b23010439,McDonald's,3745 S Staples St,Corpus Christi,TX,78411-2345,27.739702224731445,-97.3884048461914,Overture Places 2026-07-22.0,2026-07-22,open,packet_ready,primary_store_candidate
McDonald's,0e991e62-e5a9-4919-bada-80aac595cc38,McDonald's,4031 Saratoga Blvd,Corpus Christi,TX,78413-2033,27.69853973388672,-97.41142272949219,Overture Places 2026-07-22.0,2026-07-22,open,packet_ready,primary_store_candidate
McDonald's,7bb64d94-efa1-4290-aee6-3d2cc707447e,McDonald's,4101 Leopard St,Corpus Christi,TX,78408-2825,27.796724319458008,-97.44091796875,Overture Places 2026-07-22.0,2026-07-22,open,packet_ready,primary_store_candidate
McDonald's,6ad784fc-47d0-420a-a08e-ccc6e14b1cc5,McDonald's,4102 S Port Ave,Corpus Christi,TX,78415-5310,27.752214431762695,-97.41959381103516,Overture Places 2026-07-22.0,2026-07-22,open,packet_ready,primary_store_candidate
McDonald's,3da2a1ef-c438-4b0a-883f-bc3721e44f64,McDonald's,4730 S Alameda St,Corpus Christi,TX,78412-2331,27.72504234313965,-97.36200714111328,Overture Places 2026-07-22.0,2026-07-22,open,packet_ready,primary_store_candidate
McDonald's,daeae80f-614a-4b63-b1c6-34e8d2a8b424,McDonald's,5560 S Padre Island Dr,Corpus Christi,TX,78411-4108,27.7083797454834,-97.37023162841797,Overture Places 2026-07-22.0,2026-07-22,open,packet_ready,primary_store_candidate
McDonald's,dbd14c90-d183-45db-87b1-f581697e2e5c,McDonald's,6306 Saratoga Blvd,Corpus Christi,TX,78414-3429,27.678424835205078,-97.368408203125,Overture Places 2026-07-22.0,2026-07-22,open,packet_ready,primary_store_candidate
McDonald's,308ece0f-c180-4757-8dcd-364b257bbad6,McDonald's,7522 S Staples St,Corpus Christi,TX,78413-5377,27.66530990600586,-97.39618682861328,Overture Places 2026-07-22.0,2026-07-22,open,packet_ready,primary_store_candidate
McDonald's,e611d354-1973-444a-b4c9-0e7e80ed87e2,McDonald's,1934 Martin Luther King Jr Blvd,Corsicana,TX,75110-6990,32.099212646484375,-96.44318389892578,Overture Places 2026-07-22.0,2026-07-22,open,packet_ready,primary_store_candidate
McDonald's,856c9c63-7852-4325-be55-fbbc808c9649,McDonald's,3500 W 7th Ave,Corsicana,TX,75110,32.066802978515625,-96.5057373046875,Overture Places 2026-07-22.0,2026-07-22,open,packet_ready,primary_store_candidate
McDonald's,fa9c5d0e-45d7-4273-9e44-e7435053ecc4,McDonald's,3900 W 7th Ave,Corsicana,TX,75110,32.068214416503906,-96.5087661743164,Overture Places 2026-07-22.0,2026-07-22,open,packet_ready,primary_store_candidate
McDonald's,0ab972e8-81df-45b9-b4d7-0f64a1cc1427,McDonald's,719 N Interstate 35,Cotulla,TX,78014-5163,28.450424194335938,-99.23960876464844,Overture Places 2026-07-22.0,2026-07-22,open,packet_ready,primary_store_candidate
McDonald's,de86f741-0ae0-4c82-9bc4-e5686abfcdf0,McDonald's,181 N FM 148,Crandall,TX,75114-3835,32.63055419921875,-96.44804382324219,Overture Places 2026-07-22.0,2026-07-22,open,packet_ready,primary_store_candidate
McDonald's,ab74cd3b-83cb-4e0b-a173-882bf578eed8,McDonald's,1107 Loop 304,Crockett,TX,75835,31.323347091674805,-95.4368667602539,Overture Places 2026-07-22.0,2026-07-22,open,packet_ready,primary_store_candidate
McDonald's,f62ec204-bb51-46ca-878d-fbdd2dc62a29,McDonald's,13770 FM 2100 Rd,Crosby,TX,77532-6156,29.88810920715332,-95.06278991699219,Overture Places 2026-07-22.0,2026-07-22,open,packet_ready,primary_store_candidate
McDonald's,94a2ed81-62b5-49d2-a2b4-7cbdf68d58d5,McDonald's,11201 US Highway 380 E,Cross Roads,TX,76227,33.225345611572266,-96.98802185058594,Overture Places 2026-07-22.0,2026-07-22,open,packet_ready,primary_store_candidate
McDonald's,f6722d88-6c49-4b33-889b-0491789b03a8,McDonald's,464 E Main St,Crowley,TX,76036-2613,32.578067779541016,-97.3537826538086,Overture Places 2026-07-22.0,2026-07-22,open,packet_ready,primary_store_candidate
McDonald's,1b152730-9ccc-4df3-a923-80448d9c0ce6,McDonald's,104 E Broadway St,Cuero,TX,77954-3700,29.093725204467773,-97.28860473632812,Overture Places 2026-07-22.0,2026-07-22,open,packet_ready,primary_store_candidate
McDonald's,387d79ca-671a-4d0c-b1bd-3746b9de4963,McDonald's,10912 Fry Rd,Cypress,TX,77433-4061,29.94292640686035,-95.7156982421875,Overture Places 2026-07-22.0,2026-07-22,open,packet_ready,primary_store_candidate
McDonald's,92524434-2114-41f0-8071-cf29591f6ce5,McDonald's,12906 Telge Rd,Cypress,TX,77429-5783,29.96487045288086,-95.64959716796875,Overture Places 2026-07-22.0,2026-07-22,open,packet_ready,primary_store_candidate
McDonald's,14ad4858-14a4-4bae-be72-67966ef7b1a6,McDonald's,13300 Louetta Rd,Cypress,TX,77429-3552,29.994733810424805,-95.62427520751953,Overture Places 2026-07-22.0,2026-07-22,open,packet_ready,primary_store_candidate
McDonald's,8780b95f-fa2d-446d-a7a5-744b6528cc7f,McDonald's,13785 Cypress North Houston Rd,Cypress,TX,77429,29.947145462036133,-95.62796783447266,Overture Places 2026-07-22.0,2026-07-22,open,packet_ready,primary_store_candidate
McDonald's,f44f1add-4649-4571-9b7a-532c161eb1d4,McDonald's,22302 FM 529,Cypress,TX,77433,29.87542152404785,-95.76107788085938,Overture Places 2026-07-22.0,2026-07-22,open,packet_ready,primary_store_candidate
McDonald's,31f71c35-355f-4f1e-b105-003824d36495,McDonald's,25666 Northwest Fwy,Cypress,TX,77429-1028,29.968421936035156,-95.69046783447266,Overture Places 2026-07-22.0,2026-07-22,open,packet_ready,primary_store_candidate
McDonald's,20af1941-0154-4b40-ad61-78d7c377cf8f,McDonald's,26270 Northwest Fwy,Cypress,TX,77429-1054,29.975534439086914,-95.69763946533203,Overture Places 2026-07-22.0,2026-07-22,open,packet_ready,primary_store_candidate
McDonald's,8a0774fa-8cba-4082-96ec-6235af753347,McDonald's,28624 Northwest Fwy,Cypress,TX,77433-4290,29.99199867248535,-95.7483139038086,Overture Places 2026-07-22.0,2026-07-22,open,packet_ready,primary_store_candidate
McDonald's,ed858be0-0f78-434e-b5f3-f2bb1e71d126,McDonald's,8779 Fry Rd.,Cypress,TX,77433,29.909780502319336,-95.72645568847656,Overture Places 2026-07-22.0,2026-07-22,open,packet_ready,primary_store_candidate
McDonald's,16e1ab86-0e06-4563-8cde-8745881d95ed,McDonald's,9715 Barker Cypress Rd,Cypress,TX,77433-1214,29.91912269592285,-95.68682861328125,Overture Places 2026-07-22.0,2026-07-22,open,packet_ready,primary_store_candidate
McDonald's,8440552e-d83b-4426-af67-aa6f8627798d,McDonald's,607 Linda Dr,Daingerfield,TX,75638-2115,33.02880859375,-94.72077941894531,Overture Places 2026-07-22.0,2026-07-22,open,packet_ready,primary_store_candidate
McDonald's,b5fac7e6-ce10-4d77-ba24-4edc3076a401,McDonald's,612 Tennessee Ave,Dalhart,TX,79022-3828,36.06047439575195,-102.51409149169922,Overture Places 2026-07-22.0,2026-07-22,open,packet_ready,primary_store_candidate
McDonald's,32713db8-10f0-4981-9f0d-a114fd22f590,McDonald's,1000 Commerce St,Dallas,TX,75202-3716,32.77877426147461,-96.80298614501953,Overture Places 2026-07-22.0,2026-07-22,open,packet_ready,primary_store_candidate
McDonald's,e4dbf9bb-b033-4e7f-897a-9f4a5b57c5d0,McDonald's,10320 Lake June Rd,Dallas,TX,75217-3377,32.733642578125,-96.64546966552734,Overture Places 2026-07-22.0,2026-07-22,open,packet_ready,primary_store_candidate
McDonald's,b1fda702-e33b-44b8-a8c8-6702bdc03eb6,McDonald's,10695 E Northwest Hwy,Dallas,TX,75238-4834,32.86457061767578,-96.70105743408203,Overture Places 2026-07-22.0,2026-07-22,open,packet_ready,primary_store_candidate
McDonald's,aad1ac6e-d1b9-4aae-8f19-c009532485f4,McDonald's,10720 Preston Rd,Dallas,TX,75230-3835,32.89447021484375,-96.8031997680664,Overture Places 2026-07-22.0,2026-07-22,open,packet_ready,primary_store_candidate
McDonald's,2e365516-995a-4e42-a465-509b41ab62ec,McDonald's,11102 N Central Expy,Dallas,TX,75243-6904,32.899288177490234,-96.76839447021484,Overture Places 2026-07-22.0,2026-07-22,open,packet_ready,primary_store_candidate
McDonald's,dd8bcd90-a27c-4331-809b-85208e3ea65e,McDonald's,11217 Garland Rd,Dallas,TX,75218-2513,32.848304748535156,-96.68500518798828,Overture Places 2026-07-22.0,2026-07-22,open,packet_ready,primary_store_candidate
McDonald's,95ae479b-cf45-4240-b043-6df642acbd1c,McDonald's,11749 Plano Rd,Dallas,TX,75243-5219,32.90824890136719,-96.70099639892578,Overture Places 2026-07-22.0,2026-07-22,open,packet_ready,primary_store_candidate
McDonald's,e4d81489-3960-42b3-816b-a25955a991a2,McDonald's,11820 Abrams Rd,Dallas,TX,75243-4502,32.91006088256836,-96.73497772216797,Overture Places 2026-07-22.0,2026-07-22,open,packet_ready,primary_store_candidate
McDonald's,ed2fc71b-ce45-4127-80d1-b2d9c54b69f9,McDonald's,125 W Camp Wisdom Rd,Dallas,TX,75232-3662,32.66282653808594,-96.82444763183594,Overture Places 2026-07-22.0,2026-07-22,open,packet_ready,primary_store_candidate
McDonald's,c61d82db-5593-4529-bc3c-473c0c5325f5,McDonald's,13040 Coit Rd,Dallas,TX,75240-5724,32.925743103027344,-96.76869201660156,Overture Places 2026-07-22.0,2026-07-22,open,packet_ready,primary_store_candidate
McDonald's,5fd576cb-0d2c-4963-b68f-427c9b614d05,McDonald's,13105 Montfort Dr,Dallas,TX,75240-5112,32.927024841308594,-96.8116455078125,Overture Places 2026-07-22.0,2026-07-22,open,packet_ready,primary_store_candidate
McDonald's,66b2363d-91c9-4c00-beb5-417348b75999,McDonald's,1415 E Illinois Ave,Dallas,TX,75216-2124,32.72037887573242,-96.80452728271484,Overture Places 2026-07-22.0,2026-07-22,open,packet_ready,primary_store_candidate
McDonald's,55137327-83ea-4b43-8312-49ea1ee514ea,McDonald's,14770 Preston Rd,Dallas,TX,75254-7808,32.94949722290039,-96.80299377441406,Overture Places 2026-07-22.0,2026-07-22,open,packet_ready,primary_store_candidate
McDonald's,16cb22a0-47d8-4809-a3db-ab5d796482c0,McDonald's,1717 W Mockingbird Ln,Dallas,TX,75235,32.82256317138672,-96.85607147216797,Overture Places 2026-07-22.0,2026-07-22,open,packet_ready,primary_store_candidate
McDonald's,ac07e2ab-a666-4f89-970c-8b503bcf1961,McDonald's,17250 Preston Rd,Dallas,TX,75252-4016,32.985843658447266,-96.80323028564453,Overture Places 2026-07-22.0,2026-07-22,open,packet_ready,primary_store_candidate
McDonald's,ce4fd730-50f1-47d3-9e9a-c85b74c5c170,McDonald's,17606 Midway Rd,Dallas,TX,75287-6739,32.987918853759766,-96.8416519165039,Overture Places 2026-07-22.0,2026-07-22,open,packet_ready,primary_store_candidate
McDonald's,9840171a-99ca-477c-a556-c50880b3835e,McDonald's,1808 S Belt Line Rd,Dallas,TX,75253-4907,32.676761627197266,-96.60095977783203,Overture Places 2026-07-22.0,2026-07-22,open,packet_ready,primary_store_candidate
McDonald's,eeb24f21-85db-450d-8b1a-c172350bbd67,McDonald's,18121 Marsh Ln,Dallas,TX,75287-5741,32.995361328125,-96.85753631591797,Overture Places 2026-07-22.0,2026-07-22,open,packet_ready,primary_store_candidate
McDonald's,d08bc9ff-a275-4a55-b75c-232ac2ba65af,McDonald's,2197 W Northwest Hwy,Dallas,TX,75220-4211,32.86540603637695,-96.90137481689453,Overture Places 2026-07-22.0,2026-07-22,open,packet_ready,primary_store_candidate
McDonald's,7e419ec3-2811-424f-b955-dc7f413796ce,McDonald's,2215 S Buckner Blvd,Dallas,TX,75227-8604,32.75096130371094,-96.68321228027344,Overture Places 2026-07-22.0,2026-07-22,open,packet_ready,primary_store_candidate
McDonald's,1b64eb87-de9a-467e-9a48-3b46775599c3,McDonald's,2407 S Hampton Rd,Dallas,TX,75224-1621,32.721649169921875,-96.85763549804688,Overture Places 2026-07-22.0,2026-07-22,open,packet_ready,primary_store_candidate
McDonald's,a851b0b1-eada-4f53-aff4-fab78f371745,McDonald's,2475 Royal Ln,Dallas,TX,75229-3453,32.896446228027344,-96.89634704589844,Overture Places 2026-07-22.0,2026-07-22,open,packet_ready,primary_store_candidate
McDonald's,691e2d1b-074b-47df-a64d-d9a162151ced,McDonald's,2551 Gus Thomasson Rd,Dallas,TX,75228-3016,32.835289001464844,-96.67131805419922,Overture Places 2026-07-22.0,2026-07-22,open,packet_ready,primary_store_candidate
McDonald's,d669df0f-bde8-444a-92ba-9cbabbccca92,McDonald's,2570 W Red Bird Ln,Dallas,TX,75237-2312,32.670711517333984,-96.86068725585938,Overture Places 2026-07-22.0,2026-07-22,open,packet_ready,primary_store_candidate
McDonald's,09bf41d0-7337-4256-a1aa-2d651a52d4bb,McDonald's,2747 Fort Worth Ave,Dallas,TX,75211-1701,32.75808334350586,-96.86601257324219,Overture Places 2026-07-22.0,2026-07-22,open,packet_ready,primary_store_candidate
McDonald's,98ad1e8d-a89a-42d3-a965-2738b6861bad,McDonald's,3026 N Hampton Rd,Dallas,TX,75212-3702,32.77947235107422,-96.85603332519531,Overture Places 2026-07-22.0,2026-07-22,open,packet_ready,primary_store_candidate
McDonald's,888c7370-9445-4ab1-bf0f-bc26c78e5c88,McDonald's,310 W Kiest Blvd,Dallas,TX,75224-3402,32.704856872558594,-96.82821655273438,Overture Places 2026-07-22.0,2026-07-22,open,packet_ready,primary_store_candidate
McDonald's,dfc844eb-49ca-45c7-9099-0f1eb42ed4a9,McDonald's,3310 Al Lipscomb Way,Dallas,TX,75210-2328,32.776771545410156,-96.7651596069336,Overture Places 2026-07-22.0,2026-07-22,open,packet_ready,primary_store_candidate
McDonald's,ff407f91-27aa-4013-8398-1b21d44377a8,McDonald's,3520 Storey Ln,Dallas,TX,75220-4801,32.86524200439453,-96.86405944824219,Overture Places 2026-07-22.0,2026-07-22,open,packet_ready,primary_store_candidate
McDonald's,ddb2a5e3-4b68-4323-9245-f6d3987c8862,McDonald's,3580 Frankford Rd,Dallas,TX,75287,32.99657440185547,-96.85613250732422,Overture Places 2026-07-22.0,2026-07-22,open,packet_ready,primary_store_candidate
McDonald's,5e44b759-4145-4963-a61b-38042be55e00,McDonald's,3750 Forest Ln,Dallas,TX,75244-7126,32.909183502197266,-96.85449981689453,Overture Places 2026-07-22.0,2026-07-22,open,packet_ready,primary_store_candidate
McDonald's,415a5aaa-f981-43ba-a101-fcb35976b27a,McDonald's,3802 Gaston Ave,Dallas,TX,75246-1508,32.792083740234375,-96.7786865234375,Overture Places 2026-07-22.0,2026-07-22,open,packet_ready,primary_store_candidate
McDonald's,53baad5f-29c4-4ba0-a23f-3add7e4f457b,McDonald's,4151 N Central Expy,Dallas,TX,75204-2128,32.81551742553711,-96.7906494140625,Overture Places 2026-07-22.0,2026-07-22,open,packet_ready,primary_store_candidate
McDonald's,a05beb86-ac5e-45f6-8f03-b70711b13e3b,McDonald's,4223 W Illinois Ave,Dallas,TX,75211-8458,32.72079849243164,-96.8893814086914,Overture Places 2026-07-22.0,2026-07-22,open,packet_ready,primary_store_candidate
McDonald's,625a8fbc-17d9-4740-9613-304bd7168c6c,McDonald's,4330 Dallas Fort Worth Tpke,Dallas,TX,75211-1304,32.76517105102539,-96.89688110351562,Overture Places 2026-07-22.0,2026-07-22,open,packet_ready,primary_store_candidate
McDonald's,1bfa00d9-940b-4c22-b8e5-263285261440,McDonald's,4439 Lemmon Ave,Dallas,TX,75219-2143,32.81854248046875,-96.81390380859375,Overture Places 2026-07-22.0,2026-07-22,open,packet_ready,primary_store_candidate
McDonald's,d443efb4-1adc-4cd9-86a2-f14176930135,McDonald's,4468 S Hampton Rd,Dallas,TX,75232,32.68965530395508,-96.85671997070312,Overture Places 2026-07-22.0,2026-07-22,open,packet_ready,primary_store_candidate
McDonald's,3e693c72-e86c-4576-8809-7f45b04b9067,McDonald's,450 N Merrifield Rd,Dallas,TX,75211-7048,32.748985290527344,-96.9222412109375,Overture Places 2026-07-22.0,2026-07-22,open,packet_ready,primary_store_candidate
McDonald's,8827710a-fc7f-48e1-9651-10b22cbfd4a2,McDonald's,5337 E Grand Ave,Dallas,TX,75223-1913,32.79193878173828,-96.74987030029297,Overture Places 2026-07-22.0,2026-07-22,open,packet_ready,primary_store_candidate
McDonald's,a88a3b3d-4cef-4150-aa1e-4466defe48b2,McDonald's,5337 E Grand Ave,Dallas,TX,75223,32.79194259643555,-96.74994659423828,Overture Places 2026-07-22.0,2026-07-22,open,packet_ready,primary_store_candidate
McDonald's,eb7c6fda-7e5f-4bbd-b542-4800a1a3d335,McDonald's,5403 Ross Ave,Dallas,TX,75206-7420,32.810768127441406,-96.77133178710938,Overture Places 2026-07-22.0,2026-07-22,open,packet_ready,primary_store_candidate
McDonald's,ba9bf7a2-5dbe-42d0-b530-61ea4c6187a3,McDonald's,5722 W Lovers Ln,Dallas,TX,75209-5116,32.85075378417969,-96.81400299072266,Overture Places 2026-07-22.0,2026-07-22,open,packet_ready,primary_store_candidate
McDonald's,8d910c24-bcda-4ac4-b2b9-7c834ea129c7,McDonald's,5934 Abrams Rd,Dallas,TX,75231-8002,32.85741424560547,-96.74827575683594,Overture Places 2026-07-22.0,2026-07-22,open,packet_ready,primary_store_candidate
McDonald's,a9d9f7b7-ccc7-48e3-b7a9-77d5d6728fdd,McDonald's,5960 Greenville Ave,Dallas,TX,75206-1907,32.85753631591797,-96.76812744140625,Overture Places 2026-07-22.0,2026-07-22,open,packet_ready,primary_store_candidate
McDonald's,594b8a7f-35cb-409f-aeeb-efec84cf72d1,McDonald's,632 S RL Thornton Fwy,Dallas,TX,75203-3013,32.7446403503418,-96.8123550415039,Overture Places 2026-07-22.0,2026-07-22,open,packet_ready,primary_store_candidate
McDonald's,0c64bc6d-20c8-4ca8-9101-3080023f7a00,McDonald's,650 N Riverfront Blvd,Dallas,TX,75207-4310,32.78293228149414,-96.8144760131836,Overture Places 2026-07-22.0,2026-07-22,open,packet_ready,primary_store_candidate
McDonald's,ab00e65c-83e0-4209-8faa-0aed777964a5,McDonald's,6950 Greenville Ave,Dallas,TX,75231-5904,32.872745513916016,-96.76300048828125,Overture Places 2026-07-22.0,2026-07-22,open,packet_ready,primary_store_candidate
McDonald's,55785bd9-abac-404f-92c1-1a88702381b8,McDonald's,7007 W Wheatland Rd,Dallas,TX,75249-1067,32.64760971069336,-96.94338989257812,Overture Places 2026-07-22.0,2026-07-22,open,packet_ready,primary_store_candidate
McDonald's,f25422a9-4cb1-42de-85c4-412d58fe27b4,McDonald's,705 W Jefferson Blvd,Dallas,TX,75208-4926,32.74344253540039,-96.83439636230469,Overture Places 2026-07-22.0,2026-07-22,open,packet_ready,primary_store_candidate
McDonald's,d29e5820-8e0b-4caa-8586-e364de33ea9f,McDonald's,7233 E John W Carpenter Fwy,Dallas,TX,75247-5113,32.816402435302734,-96.87085723876953,Overture Places 2026-07-22.0,2026-07-22,open,packet_ready,primary_store_candidate
McDonald's,c858ca4a-257a-4848-b1e3-71c5bb08b2c0,McDonald's,7401 Samuell Blvd,Dallas,TX,75228-6166,32.79411697387695,-96.68920135498047,Overture Places 2026-07-22.0,2026-07-22,open,packet_ready,primary_store_candidate
McDonald's,14eb33bb-f73d-4b59-888e-309edcc33d4d,McDonald's,8001 E Northwest Hwy,Dallas,TX,75238-4229,35.56645202636719,-97.6569595336914,Overture Places 2026-07-22.0,2026-07-22,open,packet_ready,primary_store_candidate
McDonald's,9e831c02-9bdc-47a2-ab01-4f091f8af60b,McDonald's,8055 S Great Trinity Forest Way,Dallas,TX,75217-6641,32.7130012512207,-96.68482208251953,Overture Places 2026-07-22.0,2026-07-22,open,packet_ready,primary_store_candidate
McDonald's,671c19f8-6402-4980-a449-8e703bf2a076,McDonald's,8117 E RL Thornton Fwy W,Dallas,TX,75228-7003,32.794921875,-96.70101928710938,Overture Places 2026-07-22.0,2026-07-22,open,packet_ready,primary_store_candidate
McDonald's,71709419-ef92-42a6-9dd5-b3f45cdfe217,McDonald's,8333 S Lancaster Rd,Dallas,TX,75241-6307,32.64604949951172,-96.7811508178711,Overture Places 2026-07-22.0,2026-07-22,open,packet_ready,primary_store_candidate
McDonald's,62fa1afd-8c61-42f3-850e-0685032fac23,McDonald's,8390 N Stemmons Fwy,Dallas,TX,75247-4108,32.826438903808594,-96.87117767333984,Overture Places 2026-07-22.0,2026-07-22,open,packet_ready,primary_store_candidate
McDonald's,8fd551c0-f9c1-4d02-a41b-00019c67f33d,McDonald's,8435 S Hampton Rd,Dallas,TX,75232-5122,32.64464569091797,-96.85771179199219,Overture Places 2026-07-22.0,2026-07-22,open,packet_ready,primary_store_candidate
McDonald's,af26d7a5-ef04-4129-8036-5a1d2b3702e8,McDonald's,8606 Skillman St,Dallas,TX,75243-8216,32.895721435546875,-96.7220687866211,Overture Places 2026-07-22.0,2026-07-22,open,packet_ready,primary_store_candidate
McDonald's,595fdd55-6ded-4415-bfd8-aec1c2b1453c,McDonald's,9301 Forest Ln,Dallas,TX,75243-4205,32.910552978515625,-96.73872375488281,Overture Places 2026-07-22.0,2026-07-22,open,packet_ready,primary_store_candidate
McDonald's,1e771b29-a0d7-4157-8b15-38ca68719a74,McDonald's,9403 Garland Rd,Dallas,TX,75218-3408,32.83319854736328,-96.70368194580078,Overture Places 2026-07-22.0,2026-07-22,open,packet_ready,primary_store_candidate
McDonald's,ed5b3552-7ab2-46ce-983d-18b0077be328,McDonald's,Aviation Dr Gate 34,Dallas,TX,75261,32.89942169189453,-97.04447174072266,Overture Places 2026-07-22.0,2026-07-22,open,packet_ready,primary_store_candidate
McDonald's,4eab4e0c-f086-44ba-b5f7-de7e826ec767,McDonald's,Dfw Airport - Dfw Term A Gate 16,Dallas,TX,75261,32.90615463256836,-97.03803253173828,Overture Places 2026-07-22.0,2026-07-22,open,packet_ready,primary_store_candidate
McDonald's,4da5d7c8-3b58-4778-a071-202256df6783,McDonald's,Dfw Airport - Dfw Terminal A Gate 35,Dallas,TX,75261,32.904876708984375,-97.03622436523438,Overture Places 2026-07-22.0,2026-07-22,open,packet_ready,primary_store_candidate
McDonald's,8a549cc3-2215-450c-8135-2b96f60ad8a9,McDonald's,Dfw Term B Gate 41 Terminal B,Dallas,TX,75261,32.906883239746094,-97.04373931884766,Overture Places 2026-07-22.0,2026-07-22,open,packet_ready,primary_store_candidate
McDonald's,238b3b63-ae78-4f02-b549-d949712dea9c,McDonald's,Dfw Term C Gate 22 Terminal C,Dallas,TX,75261,32.896995544433594,-97.03581237792969,Overture Places 2026-07-22.0,2026-07-22,open,packet_ready,primary_store_candidate
McDonald's,b412612d-e9b3-46c9-b646-45694b7a0d3d,McDonald's,210 W Highway 90,Dayton,TX,77535-2640,30.044410705566406,-94.88996887207031,Overture Places 2026-07-22.0,2026-07-22,open,packet_ready,primary_store_candidate
McDonald's,208edff9-ef45-41cd-9261-d1a8c7bf3b88,McDonald's,908 Hwy 380,Decatur,TX,76234,33.23170852661133,-97.59652709960938,Overture Places 2026-07-22.0,2026-07-22,open,packet_ready,primary_store_candidate
McDonald's,01a03193-79ad-462f-b5b5-6e85d3c22c67,McDonald's,1305 Center St,Deer Park,TX,77536-3501,29.699092864990234,-95.12335205078125,Overture Places 2026-07-22.0,2026-07-22,open,packet_ready,primary_store_candidate
McDonald's,f0fe24e5-59f1-4ded-b9d1-38c694dbf8db,McDonald's,7005 Highway 225,Deer Park,TX,77536,29.707448959350586,-95.09278869628906,Overture Places 2026-07-22.0,2026-07-22,open,packet_ready,primary_store_candidate
McDonald's,aa409c8d-d41b-4ce9-a557-ed92228c1aa0,McDonald's,9025 Spencer Hwy,Deer Park,TX,77571-3870,29.666616439819336,-95.10011291503906,Overture Places 2026-07-22.0,2026-07-22,open,packet_ready,primary_store_candidate
McDonald's,57e710c4-c3cd-417d-91c7-b59cb419eb5a,McDonald's,1504 E Gibbs St,Del Rio,TX,78840-7394,29.369482040405273,-100.8869400024414,Overture Places 2026-07-22.0,2026-07-22,open,packet_ready,primary_store_candidate
McDonald's,e7ef6cb1-2a76-44a2-a20e-5707a78bba19,McDonald's,1701 Veterans Blvd,Del Rio,TX,78840-3346,29.380043029785156,-100.90373229980469,Overture Places 2026-07-22.0,2026-07-22,open,packet_ready,primary_store_candidate
McDonald's,d6ad3e0e-5375-4cef-b978-0871c36778be,McDonald's,600 N US Highway 75,Denison,TX,75020-1323,33.76287078857422,-96.58438110351562,Overture Places 2026-07-22.0,2026-07-22,open,packet_ready,primary_store_candidate
McDonald's,e494fab0-a0f4-44df-bd4a-ad5b1a128154,McDonald's,2120 S Loop 288,Denton,TX,76205-4910,33.19027328491211,-97.10367584228516,Overture Places 2026-07-22.0,2026-07-22,open,packet_ready,primary_store_candidate
McDonald's,0533a195-20c7-4211-86a2-f4a87f56ee78,McDonald's,2930 W University Dr,Denton,TX,76201-1632,33.23045349121094,-97.17237091064453,Overture Places 2026-07-22.0,2026-07-22,open,packet_ready,primary_store_candidate
McDonald's,9596eb92-8312-4b60-8c17-e1ebea9cafbe,McDonald's,306 W University Dr,Denton,TX,76201-1840,33.23125457763672,-97.13509368896484,Overture Places 2026-07-22.0,2026-07-22,open,packet_ready,primary_store_candidate
McDonald's,fd97f23f-7d1c-4701-a49d-ca5d7987f4fa,McDonald's,3981 N Loop 288,Denton,TX,76208,33.25667953491211,-97.1093978881836,Overture Places 2026-07-22.0,2026-07-22,open,packet_ready,primary_store_candidate
McDonald's,36e26b49-e286-4913-9dbe-c45d2a348626,McDonald's,5016 Teasley Ln,Denton,TX,76210-3802,33.144989013671875,-97.10579681396484,Overture Places 2026-07-22.0,2026-07-22,open,packet_ready,primary_store_candidate
McDonald's,0acc7426-834e-4352-89c2-e84e44a967a7,McDonald's,735 Fort Worth Dr,Denton,TX,76201-7136,33.197105407714844,-97.13813781738281,Overture Places 2026-07-22.0,2026-07-22,open,packet_ready,primary_store_candidate
McDonald's,9a656a2c-d110-4c2f-b288-dbfe8a5ee939,McDonald's,515 W Broadway St,Denver City,TX,79323,32.96421432495117,-102.83474731445312,Overture Places 2026-07-22.0,2026-07-22,open,packet_ready,primary_store_candidate
McDonald's,fc802714-bb9b-4b12-af79-c6cbac2262b1,McDonald's,804 N Hampton Rd,Desoto,TX,75115-4512,32.60265350341797,-96.85662078857422,Overture Places 2026-07-22.0,2026-07-22,open,packet_ready,primary_store_candidate
McDonald's,f36b3351-5a5c-4bcf-a5ed-bae52af65e56,McDonald's,909 N Interstate 35 E,Desoto,TX,75115-4207,32.605064392089844,-96.82398223876953,Overture Places 2026-07-22.0,2026-07-22,open,packet_ready,primary_store_candidate
McDonald's,8980b764-2605-464a-b842-9b1009ff5d92,McDonald's,1009 E Hondo Ave,Devine,TX,78016-3332,29.13173484802246,-98.89554595947266,Overture Places 2026-07-22.0,2026-07-22,open,packet_ready,primary_store_candidate
McDonald's,d0be7cfe-64a9-495f-add4-b7d0eabf5108,McDonald's,3706 Gulf Fwy,Dickinson,TX,77539-6318,29.447967529296875,-95.07704162597656,Overture Places 2026-07-22.0,2026-07-22,open,packet_ready,primary_store_candidate
McDonald's,d4eb186d-afcd-4c93-9ca4-ed2df858d2d0,McDonald's,602 N Salinas Blvd,Donna,TX,78537-2958,26.178821563720703,-98.04108428955078,Overture Places 2026-07-22.0,2026-07-22,open,packet_ready,primary_store_candidate
McDonald's,705fd2c1-c353-4293-b42e-8cb6d8e00cc0,McDonald's,333 E Highway 290,Dripping Springs,TX,78620-5300,30.19207763671875,-98.08394622802734,Overture Places 2026-07-22.0,2026-07-22,open,packet_ready,primary_store_candidate
McDonald's,fb9a7d89-a826-4f86-8fa8-a15d33844d5c,McDonald's,1400 Dumas Ave,Dumas,TX,79029,35.85063171386719,-101.97386169433594,Overture Places 2026-07-22.0,2026-07-22,open,packet_ready,primary_store_candidate
McDonald's,e8c1391b-cdfb-421d-b489-52f70263fcb2,McDonald's,202 Ida Vista Ct,Duncanville,TX,75116-2801,32.66405487060547,-96.90789031982422,Overture Places 2026-07-22.0,2026-07-22,open,packet_ready,primary_store_candidate
McDonald's,f276accc-ca77-49cd-9035-16c85e98e87e,McDonald's,806 S Cockrell Hill Rd,Duncanville,TX,75137-2622,32.643741607666016,-96.89087677001953,Overture Places 2026-07-22.0,2026-07-22,open,packet_ready,primary_store_candidate
McDonald's,14b23be0-109e-4e7a-9675-b473d60d3dbd,McDonald's,1860 S Veterans Blvd,Eagle Pass,TX,78852-6739,28.6865291595459,-100.4731674194336,Overture Places 2026-07-22.0,2026-07-22,open,packet_ready,primary_store_candidate
McDonald's,e8bf5aa1-da6f-48a7-b8cb-29502d1b46c9,McDonald's,2130 E Main St,Eagle Pass,TX,78852-4719,28.708444595336914,-100.4854965209961,Overture Places 2026-07-22.0,2026-07-22,open,packet_ready,primary_store_candidate
McDonald's,d90f5ba9-aba5-42ca-b969-e10b0f08f276,McDonald's,2401 Del Rio Blvd,Eagle Pass,TX,78852-3674,28.73922348022461,-100.49697875976562,Overture Places 2026-07-22.0,2026-07-22,open,packet_ready,primary_store_candidate
McDonald's,64c74703-6edb-414b-bc32-9f220a1e34c0,McDonald's,350 E Walnut St,East Bernard,TX,77435-9129,29.392295837402344,-96.07695007324219,Overture Places 2026-07-22.0,2026-07-22,open,packet_ready,primary_store_candidate
McDonald's,48b33c8d-672c-49e9-8a18-fc1e22cbb125,McDonald's,1490 Main St,Eastland,TX,76448,32.40193557739258,-98.79161071777344,Overture Places 2026-07-22.0,2026-07-22,open,packet_ready,primary_store_candidate
McDonald's,05d1e1df-1f80-4597-984d-4368cdaf9e80,McDonald's,1605 E University Dr,Edinburg,TX,78542-3860,26.299545288085938,-98.1461181640625,Overture Places 2026-07-22.0,2026-07-22,open,packet_ready,primary_store_candidate
McDonald's,7179c337-1cf7-43a5-aeee-dd2a46ecdc93,McDonald's,202 W Monte Cristo Rd,Edinburg,TX,78541-2061,26.3370304107666,-98.15715789794922,Overture Places 2026-07-22.0,2026-07-22,open,packet_ready,primary_store_candidate
McDonald's,4e3bb617-a911-4411-8712-93ac5023ae0e,McDonald's,2120 W University Dr,Edinburg,TX,78539-2862,26.304277420043945,-98.18582916259766,Overture Places 2026-07-22.0,2026-07-22,open,packet_ready,primary_store_candidate
McDonald's,40cbf164-64ca-42ff-8548-d131d2c0d13d,McDonald's,401 E Trenton Rd,Edinburg,TX,78539-9150,26.261884689331055,-98.16815185546875,Overture Places 2026-07-22.0,2026-07-22,open,packet_ready,primary_store_candidate
McDonald's,6cd41c5f-b481-4e48-a565-21ba4276f223,McDonald's,817 N Wells St,Edna,TX,77957-2315,28.98512840270996,-96.65061950683594,Overture Places 2026-07-22.0,2026-07-22,open,packet_ready,primary_store_candidate
McDonald's,4f92261f-25dc-46f6-bbfb-a72e2e189bf3,McDonald's,1240 N Mechanic St,El Campo,TX,77437-2614,29.206762313842773,-96.27760314941406,Overture Places 2026-07-22.0,2026-07-22,open,packet_ready,primary_store_candidate
McDonald's,a305afac-7b7c-4217-bcda-ec433593a533,McDonald's,10727 Gateway Blvd W,El Paso,TX,79935-4906,31.75306510925293,-106.34087371826172,Overture Places 2026-07-22.0,2026-07-22,open,packet_ready,primary_store_candidate
McDonald's,f8e31bb5-3130-49dd-aa96-e42fb3a40472,McDonald's,1080 Sunland Park Dr,El Paso,TX,79922-1326,31.813119888305664,-106.55632019042969,Overture Places 2026-07-22.0,2026-07-22,open,packet_ready,primary_store_candidate
McDonald's,cc850957-ed3b-46ae-86f1-24d9de3546a6,McDonald's,1100 N Yarbrough Dr,El Paso,TX,79925-7902,31.753009796142578,-106.34449768066406,Overture Places 2026-07-22.0,2026-07-22,open,packet_ready,primary_store_candidate
McDonald's,315ed10b-26a1-4f58-a68c-880140539b81,McDonald's,11260 Montana Ave,El Paso,TX,79936-1242,31.80131721496582,-106.30282592773438,Overture Places 2026-07-22.0,2026-07-22,open,packet_ready,primary_store_candidate
McDonald's,7657fd0c-1bd2-4854-8e37-488fc4f667b4,McDonald's,11390 Gateway N Blvd,El Paso,TX,79934,31.938383102416992,-106.40830993652344,Overture Places 2026-07-22.0,2026-07-22,open,packet_ready,primary_store_candidate
McDonald's,3605d50a-373a-4316-9a51-8dfb9eb4406e,McDonald's,12181 Eastlake Blvd,El Paso,TX,79928-7809,31.6892147064209,-106.26422119140625,Overture Places 2026-07-22.0,2026-07-22,open,packet_ready,primary_store_candidate
McDonald's,7be51f66-f737-40af-acb1-f07a76136aba,McDonald's,12236 Montana Ave,El Paso,TX,79938-4851,31.805301666259766,-106.26223754882812,Overture Places 2026-07-22.0,2026-07-22,open,packet_ready,primary_store_candidate
McDonald's,c7e4cdd0-d9d3-4ccb-aa7f-7331b2a64eae,McDonald's,12400 Pellicano Dr,El Paso,TX,79928-5605,31.726701736450195,-106.26290893554688,Overture Places 2026-07-22.0,2026-07-22,open,packet_ready,primary_store_candidate
McDonald's,8757b592-dcda-4bbf-b7da-d23e404cd877,McDonald's,12726 Montana Ave,El Paso,TX,79938-9622,31.808809280395508,-106.24613952636719,Overture Places 2026-07-22.0,2026-07-22,open,packet_ready,primary_store_candidate
McDonald's,f0b28639-b521-46a8-945e-adfc3e3eeae6,McDonald's,1351 George Dieter Dr,El Paso,TX,79936-7410,31.728317260742188,-106.30348205566406,Overture Places 2026-07-22.0,2026-07-22,open,packet_ready,primary_store_candidate
McDonald's,6fc43e00-4f1c-4d31-ad76-f86e8914307f,McDonald's,13990 Horizon Blvd,El Paso,TX,79928-2001,31.68228530883789,-106.19944763183594,Overture Places 2026-07-22.0,2026-07-22,open,packet_ready,primary_store_candidate
McDonald's,2a57cf8a-e771-43d7-bc37-6df74983b464,McDonald's,14230 Edgemere Blvd,El Paso,TX,79938-5170,31.796916961669922,-106.22962951660156,Overture Places 2026-07-22.0,2026-07-22,open,packet_ready,primary_store_candidate
McDonald's,671edde0-7340-4c95-8dd2-bb9acfd6e2ef,McDonald's,1515 Airway Blvd,El Paso,TX,79925-2216,31.788881301879883,-106.39607238769531,Overture Places 2026-07-22.0,2026-07-22,open,packet_ready,primary_store_candidate
McDonald's,14e445fa-00ee-4e78-8811-a3a6bac87c5d,McDonald's,1598 George Dieter Dr,El Paso,TX,79936-7661,31.751123428344727,-106.30146026611328,Overture Places 2026-07-22.0,2026-07-22,open,packet_ready,primary_store_candidate
McDonald's,03972f3b-8eaa-4cb9-abca-e26297d1ea8a,McDonald's,1895 N Lee Trevino Dr,El Paso,TX,79936-4111,31.76811981201172,-106.31964111328125,Overture Places 2026-07-22.0,2026-07-22,open,packet_ready,primary_store_candidate
McDonald's,9ecea85a-2064-431b-88e0-c2fe0cc23170,McDonald's,1896 N Zaragoza Rd,El Paso,TX,79936,31.759843826293945,-106.2695083618164,Overture Places 2026-07-22.0,2026-07-22,open,packet_ready,primary_store_candidate
McDonald's,01cbd166-54dd-417a-ad71-ef1d52966c37,McDonald's,217 E Paisano Dr,El Paso,TX,79901-2700,31.755815505981445,-106.48648071289062,Overture Places 2026-07-22.0,2026-07-22,open,packet_ready,primary_store_candidate
McDonald's,1e4b429c-9d0a-4295-873e-f3e1a084e623,McDonald's,2401 N Mesa St,El Paso,TX,79902-3108,31.775066375732422,-106.50205993652344,Overture Places 2026-07-22.0,2026-07-22,open,packet_ready,primary_store_candidate
McDonald's,a260efa6-09fd-4a1b-9308-7b875d91862c,McDonald's,2811 Gateway Blvd W,El Paso,TX,79903-3926,31.77901268005371,-106.46183776855469,Overture Places 2026-07-22.0,2026-07-22,open,packet_ready,primary_store_candidate
McDonald's,ca5aa36c-af27-4ce2-a362-fc9ce58dca24,McDonald's,3420 Joe Battle Blvd,El Paso,TX,79938-2638,31.79363250732422,-106.26715850830078,Overture Places 2026-07-22.0,2026-07-22,open,packet_ready,primary_store_candidate
McDonald's,f323a1c9-de0f-463d-97cc-7b66e4bc8ef9,McDonald's,430 N Yarbrough Dr,El Paso,TX,79915-3363,31.728830337524414,-106.34675598144531,Overture Places 2026-07-22.0,2026-07-22,open,packet_ready,primary_store_candidate
McDonald's,ee1511be-e0d4-482f-b09b-dc311d920c7f,McDonald's,4545 Woodrow Bean,El Paso,TX,79924-4409,31.899126052856445,-106.43802642822266,Overture Places 2026-07-22.0,2026-07-22,open,packet_ready,primary_store_candidate
McDonald's,0d74761b-c9c6-4c7b-92d5-d101b1d9b666,McDonald's,5305 E Paisano Dr,El Paso,TX,79905-2921,31.769731521606445,-106.4262924194336,Overture Places 2026-07-22.0,2026-07-22,open,packet_ready,primary_store_candidate
McDonald's,baec690d-9043-465b-9489-ec55912fddea,McDonald's,5440 Dyer St,El Paso,TX,79904-6238,31.827608108520508,-106.44468688964844,Overture Places 2026-07-22.0,2026-07-22,open,packet_ready,primary_store_candidate
McDonald's,c29d462e-74f7-42f0-81dd-911154633023,McDonald's,5620 Montana Ave,El Paso,TX,79925-3305,31.783294677734375,-106.42123413085938,Overture Places 2026-07-22.0,2026-07-22,open,packet_ready,primary_store_candidate
McDonald's,0a2ce9b0-4684-4753-8fc7-d07152aaf9df,McDonald's,6101 N Mesa St,El Paso,TX,79912-4515,31.830463409423828,-106.53128814697266,Overture Places 2026-07-22.0,2026-07-22,open,packet_ready,primary_store_candidate
McDonald's,43643450-9286-4165-b4fd-619fee2fb709,McDonald's,625 Zaragoza Rd,El Paso,TX,79907,31.70401382446289,-106.32019805908203,Overture Places 2026-07-22.0,2026-07-22,open,packet_ready,primary_store_candidate
McDonald's,65c8dba6-c0f7-4e75-8d6a-cd83703e7ffb,McDonald's,6450 N Desert Blvd,El Paso,TX,79912-8506,31.88439178466797,-106.5809326171875,Overture Places 2026-07-22.0,2026-07-22,open,packet_ready,primary_store_candidate
McDonald's,2cb979e9-a25f-41b7-b098-bad5bdd18a10,McDonald's,6999 S Desert Blvd,El Paso,TX,79932,31.90943145751953,-106.584716796875,Overture Places 2026-07-22.0,2026-07-22,open,packet_ready,primary_store_candidate
McDonald's,6e1523b0-defb-4e2b-974c-279af66ea4fc,McDonald's,7101 Gateway Blvd W,El Paso,TX,79925-5604,31.77704620361328,-106.38465118408203,Overture Places 2026-07-22.0,2026-07-22,open,packet_ready,primary_store_candidate
McDonald's,300de718-79d3-4aaa-9774-07b8590de92f,McDonald's,7110 Gateway Blvd E,El Paso,TX,79915-1201,31.770442962646484,-106.37677764892578,Overture Places 2026-07-22.0,2026-07-22,open,packet_ready,primary_store_candidate
McDonald's,7da28ddb-d5c1-4d16-9dba-b36917ef8645,McDonald's,7392 Alameda Ave,El Paso,TX,79915-3644,31.74168586730957,-106.37806701660156,Overture Places 2026-07-22.0,2026-07-22,open,packet_ready,primary_store_candidate
McDonald's,aa018ab6-8986-457e-bbc1-6fb983fb229b,McDonald's,7555 N Mesa St,El Paso,TX,79912-3505,31.836336135864258,-106.56571960449219,Overture Places 2026-07-22.0,2026-07-22,open,packet_ready,primary_store_candidate
McDonald's,36dc24da-de80-447c-b855-c018b746d263,McDonald's,7900 N Mesa St,El Paso,TX,79932-1626,31.84042739868164,-106.57357025146484,Overture Places 2026-07-22.0,2026-07-22,open,packet_ready,primary_store_candidate
McDonald's,d5bed562-0e03-4b91-b856-c043ccbeec71,McDonald's,8401 Gateway Blvd W,El Paso,TX,79925-5500,31.775848388671875,-106.3791275024414,Overture Places 2026-07-22.0,2026-07-22,open,packet_ready,primary_store_candidate
McDonald's,6ebc4581-5e26-4b8d-9bbc-31fe7f9defb3,McDonald's,8500 Dyer St Ste 90,El Paso,TX,79904,31.85780906677246,-106.43557739257812,Overture Places 2026-07-22.0,2026-07-22,open,packet_ready,primary_store_candidate
McDonald's,302a4814-e2da-4a78-bc74-d5cbfe99ddae,McDonald's,8675 Alameda Ave,El Paso,TX,79907-6130,31.7003173828125,-106.3394775390625,Overture Places 2026-07-22.0,2026-07-22,open,packet_ready,primary_store_candidate
McDonald's,2cf4478d-a1a5-44a1-890e-96fffa6952d0,McDonald's,901 N Resler Dr,El Paso,TX,79912-1452,31.859880447387695,-106.55850982666016,Overture Places 2026-07-22.0,2026-07-22,open,packet_ready,primary_store_candidate
McDonald's,6a22fb5f-21a5-48d4-8df2-ddcaf59b5f11,McDonald's,9441 Alameda Ave,El Paso,TX,79907-5601,31.682836532592773,-106.31159973144531,Overture Places 2026-07-22.0,2026-07-22,open,packet_ready,primary_store_candidate
McDonald's,bf1f0c95-bd14-4312-840f-bf9e669bda79,McDonald's,9461 Dyer St,El Paso,TX,79924-6407,31.8797664642334,-106.42207336425781,Overture Places 2026-07-22.0,2026-07-22,open,packet_ready,primary_store_candidate
McDonald's,db6924b2-ceb4-47f6-811e-df86fcd3dbca,McDonald's,Walmart Supercenter 4530 Woodrow Bean,El Paso,TX,79924,31.896677017211914,-106.4377212524414,Overture Places 2026-07-22.0,2026-07-22,open,packet_ready,primary_store_candidate
McDonald's,53aae025-ee14-47f1-a7d3-339cf18ebc6b,McDonald's,220 Highway 290 W,Elgin,TX,78621-3214,30.33760643005371,-97.3724594116211,Overture Places 2026-07-22.0,2026-07-22,open,packet_ready,primary_store_candidate
McDonald's,852d4a85-8c3f-44fa-b366-b8877f687a4b,McDonald's,112 E Edinburg Ave,Elsa,TX,78543,26.293113708496094,-97.99288940429688,Overture Places 2026-07-22.0,2026-07-22,open,packet_ready,primary_store_candidate
McDonald's,c4989770-de17-45a4-a659-d3f9fdeb54cc,McDonald's,1203 E Ennis Ave,Ennis,TX,75119-5120,32.33465576171875,-96.61467742919922,Overture Places 2026-07-22.0,2026-07-22,open,packet_ready,primary_store_candidate
McDonald's,ab9189e5-7f6d-4672-a6f2-48701c21048d,McDonald's,2200 W Lake Bardwell Dr,Ennis,TX,75119-9710,32.30192565917969,-96.63742065429688,Overture Places 2026-07-22.0,2026-07-22,open,packet_ready,primary_store_candidate
McDonald's,140394c9-56cd-4ea0-aad1-afdd0a8446e0,McDonald's,105 Spur 350,Euless,TX,76039,32.83781433105469,-97.083740234375,Overture Places 2026-07-22.0,2026-07-22,open,packet_ready,primary_store_candidate
McDonald's,d18c40fb-c51e-4912-afcc-91dfa41c87ef,McDonald's,1251 Fabens Rd,Fabens,TX,79838,31.5095157623291,-106.1495361328125,Overture Places 2026-07-22.0,2026-07-22,open,packet_ready,primary_store_candidate
McDonald's,ee7a297c-f2cd-4d62-9138-31f4d44cc7c2,McDonald's,669 W US-84,Fairfield,TX,75840-2405,31.717937469482422,-96.17414855957031,Overture Places 2026-07-22.0,2026-07-22,open,packet_ready,primary_store_candidate
McDonald's,100fb7b2-576f-4f55-99e1-ea9b484838dc,McDonald's,118 US-281,Falfurrias,TX,78355,27.22691535949707,-98.1400146484375,Overture Places 2026-07-22.0,2026-07-22,open,packet_ready,primary_store_candidate
McDonald's,f8c76913-afa2-4aaa-a23f-6a59b0f5d710,McDonald's,13950 Midway Rd,Farmers Branch,TX,75244-4317,32.939456939697266,-96.83849334716797,Overture Places 2026-07-22.0,2026-07-22,open,packet_ready,primary_store_candidate
McDonald's,6fd53ef1-660f-4b3f-9b35-c19b1738bffb,McDonald's,2899 Valley View Ln,Farmers Branch,TX,75234-4926,32.924869537353516,-96.88214111328125,Overture Places 2026-07-22.0,2026-07-22,open,packet_ready,primary_store_candidate
McDonald's,bf10d03b-728d-4bef-bdc0-0eb96549bf14,McDonald's,1801 W Audie Murphy Pkwy,Farmersville,TX,75442,33.15840530395508,-96.38970184326172,Overture Places 2026-07-22.0,2026-07-22,open,packet_ready,primary_store_candidate
McDonald's,fe4cd04b-72a1-45be-b9cb-c1226f427631,McDonald's,5020 E. I-30,Fate,TX,75189,32.93232727050781,-96.38095092773438,Overture Places 2026-07-22.0,2026-07-22,open,packet_ready,primary_store_candidate
McDonald's,d5435ad5-7a03-4c70-b69a-8cb420be719b,McDonald's,709 N La Grange St,Flatonia,TX,78941-2550,29.695350646972656,-97.10394287109375,Overture Places 2026-07-22.0,2026-07-22,open,packet_ready,primary_store_candidate
McDonald's,31b9dc64-08cd-42d0-a6b1-1518cf80a1aa,McDonald's,530 10th St,Floresville,TX,78114-3126,29.155994415283203,-98.16838073730469,Overture Places 2026-07-22.0,2026-07-22,open,packet_ready,primary_store_candidate
McDonald's,f1e58334-25e5-4e20-b6e8-2d9183546f93,McDonald's,2109 Long Prairie Rd,Flower Mound,TX,75022-4830,33.014671325683594,-97.07151794433594,Overture Places 2026-07-22.0,2026-07-22,open,packet_ready,primary_store_candidate
McDonald's,6b22773a-07ba-4f6b-aeaa-befb3d76a9e4,McDonald's,3200 SE Loop 820,Forest Hill,TX,76140-1107,32.66062927246094,-97.28053283691406,Overture Places 2026-07-22.0,2026-07-22,open,packet_ready,primary_store_candidate
McDonald's,c9071198-22cb-4afd-8d6d-1d343f3251a9,McDonald's,102 E US-80,Forney,TX,75126-8663,32.755775451660156,-96.46589660644531,Overture Places 2026-07-22.0,2026-07-22,open,packet_ready,primary_store_candidate
McDonald's,3d955378-f5d4-481c-9e84-c59d95020af4,McDonald's,15541 Fm 460,Forney,TX,75126,32.78095245361328,-96.47711181640625,Overture Places 2026-07-22.0,2026-07-22,open,packet_ready,primary_store_candidate
McDonald's,f4c2dafe-3553-4baa-8eb4-90acc3c19efd,McDonald's,60 FM 1641,Forney,TX,75126,32.73928451538086,-96.44812774658203,Overture Places 2026-07-22.0,2026-07-22,open,packet_ready,primary_store_candidate
McDonald's,f53cf6d1-f9f6-4753-93de-f3412569edc9,University of Texas McDonald Observatory,3640 Dark Sky Dr,Fort Davis,TX,79734,30.679489135742188,-104.02501678466797,Overture Places 2026-07-22.0,2026-07-22,open,packet_ready,primary_store_candidate
McDonald's,cd4e6bd3-f6c8-404b-b118-c94efa248fe6,McDonald's,1500 N US Highway 285,Fort Stockton,TX,79735-4400,30.89916229248047,-102.90563201904297,Overture Places 2026-07-22.0,2026-07-22,open,packet_ready,primary_store_candidate
McDonald's,e52688de-3f1a-4dae-9d57-bae00cde7ca6,McDonald's,101 Roberts Cut Off Road Fort Worth Tx,Fort Worth,TX,76114,32.760276794433594,-97.40019989013672,Overture Places 2026-07-22.0,2026-07-22,open,packet_ready,primary_store_candidate
McDonald's,ae90a13b-2bfc-44cc-9522-34e74243bacc,McDonald's,12540 N Beach St,Fort Worth,TX,76244-4246,32.954376220703125,-97.2801742553711,Overture Places 2026-07-22.0,2026-07-22,open,packet_ready,primary_store_candidate
McDonald's,92745aa4-924e-4cb5-8c6b-57db1667578d,McDonald's,13124 Highway 287,Fort Worth,TX,76052-2619,32.96639633178711,-97.41498565673828,Overture Places 2026-07-22.0,2026-07-22,open,packet_ready,primary_store_candidate
McDonald's,dc9c17be-7d17-479a-9be2-2b6fbafaedc1,McDonald's,14100 Centre Station Dr,Fort Worth,TX,76155-3584,32.8250617980957,-97.06024169921875,Overture Places 2026-07-22.0,2026-07-22,open,packet_ready,primary_store_candidate
McDonald's,50ffe8c0-9478-4e42-97a3-4311676ee417,McDonald's,1420 Eastchase Pkwy,Fort Worth,TX,76120-4402,32.75832748413086,-97.16773986816406,Overture Places 2026-07-22.0,2026-07-22,open,packet_ready,primary_store_candidate
McDonald's,fda59225-8d60-43a9-bc36-b59e1f26b265,McDonald's,1500 S Main St,Fort Worth,TX,76104-4917,32.72671890258789,-97.3271713256836,Overture Places 2026-07-22.0,2026-07-22,open,packet_ready,primary_store_candidate
McDonald's,3bf8ba32-41fd-46fd-ad2d-638082f8e25a,McDonald's,15957 North Fwy,Fort Worth,TX,76177,33.025760650634766,-97.27567291259766,Overture Places 2026-07-22.0,2026-07-22,open,packet_ready,primary_store_candidate
McDonald's,a4432bd3-caf0-4280-837f-47affbd93251,McDonald's,1664 Basswood Blvd.,Fort Worth,TX,76131,32.8703498840332,-97.34032440185547,Overture Places 2026-07-22.0,2026-07-22,open,packet_ready,primary_store_candidate
McDonald's,e398c9c6-b121-4b19-9d66-557ff191b1cc,McDonald's,1908 W Everman Pkwy,Fort Worth,TX,76134-4314,32.635284423828125,-97.346923828125,Overture Places 2026-07-22.0,2026-07-22,open,packet_ready,primary_store_candidate
McDonald's,38f2abe1-c14c-4b08-94f1-06e3267f1a0e,McDonald's,2248 Jacksboro Hwy,Fort Worth,TX,76114-5309,32.7856330871582,-97.3821029663086,Overture Places 2026-07-22.0,2026-07-22,open,packet_ready,primary_store_candidate
McDonald's,b0bf1316-8ac7-4b1e-989e-3715c44ed836,McDonald's,2250 E Loop 820,Fort Worth,TX,76112-4013,32.74675750732422,-97.22335052490234,Overture Places 2026-07-22.0,2026-07-22,open,packet_ready,primary_store_candidate
McDonald's,6f04ec31-2f25-4aa5-85d5-d94073e0455f,McDonald's,2400 Alliance Gateway Fwy,Fort Worth,TX,76177-2440,32.957828521728516,-97.30754852294922,Overture Places 2026-07-22.0,2026-07-22,open,packet_ready,primary_store_candidate
McDonald's,1ddeb614-17ef-4f94-adc3-e4771af45bdc,McDonald's,2451 Meacham Blvd,Fort Worth,TX,76106-2310,32.82482147216797,-97.31446838378906,Overture Places 2026-07-22.0,2026-07-22,open,packet_ready,primary_store_candidate
McDonald's,10c43ee4-8802-48de-a52a-67766347160e,McDonald's,2832 N Main St,Fort Worth,TX,76106-7106,32.79716491699219,-97.34923553466797,Overture Places 2026-07-22.0,2026-07-22,open,packet_ready,primary_store_candidate
McDonald's,af6bde30-83bc-4ccb-9113-f5c8888718e0,McDonald's,2908 Chapel Creek Blvd,Fort Worth,TX,76108,32.73112106323242,-97.50414276123047,Overture Places 2026-07-22.0,2026-07-22,open,packet_ready,primary_store_candidate
McDonald's,087056ee-518e-4d96-aecd-40f1eedc76a1,McDonald's,3000 E Berry St,Fort Worth,TX,76105-4756,32.71284866333008,-97.28160095214844,Overture Places 2026-07-22.0,2026-07-22,open,packet_ready,primary_store_candidate
McDonald's,a6de166a-cdf9-400a-883f-d7d3f8a8dd08,McDonald's,3012 W Berry St,Fort Worth,TX,76109-2260,32.70635986328125,-97.36141204833984,Overture Places 2026-07-22.0,2026-07-22,open,packet_ready,primary_store_candidate
McDonald's,0cb204e2-9466-40b8-bd6d-befd41722220,McDonald's,3041 Western Center Blvd,Fort Worth,TX,76131-1330,32.861446380615234,-97.31575012207031,Overture Places 2026-07-22.0,2026-07-22,open,packet_ready,primary_store_candidate
McDonald's,ab1628f5-7e6a-46ac-8c03-1225a21628a2,McDonald's,3250 Heritage Trace Pkwy,Fort Worth,TX,76177-7588,32.913536071777344,-97.3096923828125,Overture Places 2026-07-22.0,2026-07-22,open,packet_ready,primary_store_candidate
McDonald's,4dabeba9-4101-44d9-9902-567dacd6046a,McDonald's,3300 Hulen St,Fort Worth,TX,76107-6173,32.72758102416992,-97.38854217529297,Overture Places 2026-07-22.0,2026-07-22,open,packet_ready,primary_store_candidate
McDonald's,83c16722-a5c8-48da-bedf-46beb1465ff3,McDonald's,3500 Altamesa Blvd,Fort Worth,TX,76133-5602,32.650211334228516,-97.3675308227539,Overture Places 2026-07-22.0,2026-07-22,open,packet_ready,primary_store_candidate
McDonald's,52b15386-b8bf-418d-bc62-f60e7dcad8e6,McDonald's,3601 Camp Bowie Blvd,Fort Worth,TX,76107-3351,32.7471809387207,-97.37065124511719,Overture Places 2026-07-22.0,2026-07-22,open,packet_ready,primary_store_candidate
McDonald's,b9d66a4c-b79e-45a0-b5a6-aa372ed25c61,McDonald's,3901 Airport Fwy,Fort Worth,TX,76111-5938,32.77547073364258,-97.28868865966797,Overture Places 2026-07-22.0,2026-07-22,open,packet_ready,primary_store_candidate
McDonald's,22db763f-4e32-4375-ab7b-8231744bc1dc,McDonald's,4101 E Lancaster Ave,Fort Worth,TX,76103-3614,32.7413215637207,-97.26324462890625,Overture Places 2026-07-22.0,2026-07-22,open,packet_ready,primary_store_candidate
McDonald's,f774226a-96db-41a2-a919-e0edda2deb32,McDonald's,4375 W Risinger Rd,Fort Worth,TX,76123-2357,32.61668014526367,-97.38719177246094,Overture Places 2026-07-22.0,2026-07-22,open,packet_ready,primary_store_candidate
McDonald's,0aa9fc0f-46d2-4788-b268-141e870eb8cb,McDonald's,4405 SW Loop 820,Fort Worth,TX,76132-1519,32.67946243286133,-97.39264678955078,Overture Places 2026-07-22.0,2026-07-22,open,packet_ready,primary_store_candidate
McDonald's,f13a002e-6548-4912-bcf3-c03c0877df12,McDonald's,4420 Western Center Blvd,Fort Worth,TX,76137-2044,32.86063766479492,-97.29120635986328,Overture Places 2026-07-22.0,2026-07-22,open,packet_ready,primary_store_candidate
McDonald's,76f4bba1-2f1d-4d50-9015-bda9b6f180cd,McDonald's,4800 South Fwy,Fort Worth,TX,76115-3901,32.67605972290039,-97.32122039794922,Overture Places 2026-07-22.0,2026-07-22,open,packet_ready,primary_store_candidate
McDonald's,f6033712-cd6a-4ca6-bea9-1258d9e233d4,McDonald's,5124 N Tarrant Pkwy,Fort Worth,TX,76244-1308,32.893978118896484,-97.27299499511719,Overture Places 2026-07-22.0,2026-07-22,open,packet_ready,primary_store_candidate
McDonald's,690ea614-d48f-44e3-8234-521e8e0a9911,McDonald's,525 Alta Mere Dr,Fort Worth,TX,76114-4054,32.75175476074219,-97.430908203125,Overture Places 2026-07-22.0,2026-07-22,open,packet_ready,primary_store_candidate
McDonald's,5a1db1b7-ea9d-4416-a561-2c2f4e5e9a17,McDonald's,5253 Golden Triangle Blvd,Fort Worth,TX,76244-4468,32.932456970214844,-97.2710952758789,Overture Places 2026-07-22.0,2026-07-22,open,packet_ready,primary_store_candidate
McDonald's,b65cdbf3-c54d-4c73-befd-d04b0887fd8f,McDonald's,5421 Sycamore School Rd,Fort Worth,TX,76123-4813,32.63041305541992,-97.4105453491211,Overture Places 2026-07-22.0,2026-07-22,open,packet_ready,primary_store_candidate
McDonald's,d922b868-8902-45ce-aedd-6f3c51a12ffc,McDonald's,5901 Bryant Irvin Rd,Fort Worth,TX,76132-4211,32.66267395019531,-97.42146301269531,Overture Places 2026-07-22.0,2026-07-22,open,packet_ready,primary_store_candidate
McDonald's,03101ed7-7b87-46d8-a346-0618552bd54c,McDonald's,6401 Camp Bowie Blvd,Fort Worth,TX,76116,32.72502136230469,-97.42281341552734,Overture Places 2026-07-22.0,2026-07-22,open,packet_ready,primary_store_candidate
McDonald's,4096f7c0-f90f-4f03-a150-e1039ef7b550,McDonald's,700 E Berry St,Fort Worth,TX,76110-4411,32.70532989501953,-97.31995391845703,Overture Places 2026-07-22.0,2026-07-22,open,packet_ready,primary_store_candidate
McDonald's,bf8055bf-27d5-4f3b-a01e-2a5bdfb0779f,McDonald Sanders,777 Main St,Fort Worth,TX,76102-0018,32.75300979614258,-97.3295669555664,Overture Places 2026-07-22.0,2026-07-22,open,exclude,brand_false_positive
McDonald's,8ca860a9-0e64-4a13-8238-f995da0d2c3e,McDonald's,8540 West Fwy,Fort Worth,TX,76108-3403,32.73885726928711,-97.46651458740234,Overture Places 2026-07-22.0,2026-07-22,open,packet_ready,primary_store_candidate
McDonald's,ef158243-fb43-42cd-9cd0-f966df7b61c8,McDonald's,8551 Boat Club Rd,Fort Worth,TX,76179-3638,32.8795280456543,-97.42642974853516,Overture Places 2026-07-22.0,2026-07-22,open,packet_ready,primary_store_candidate
McDonald's,dab657be-c0cd-4207-813f-f0373f78c61f,McDonald's,8651 South Fwy,Fort Worth,TX,76134-5109,32.62807083129883,-97.32056427001953,Overture Places 2026-07-22.0,2026-07-22,open,packet_ready,primary_store_candidate
McDonald's,7897c786-708a-4894-93fd-c134a75449fa,McDonald's,9559 Clifford St,Fort Worth,TX,76108-4404,32.76262283325195,-97.48311614990234,Overture Places 2026-07-22.0,2026-07-22,open,packet_ready,primary_store_candidate
McDonald's,889fcefe-ef21-4114-af2a-28280cdb3350,McDonald's,9945 Blue Mound Rd,Fort Worth,TX,76131-3306,32.91653060913086,-97.34883880615234,Overture Places 2026-07-22.0,2026-07-22,open,packet_ready,primary_store_candidate
McDonald's,46274634-ecc0-41c9-8ba8-0f4de2a516ce,McDonald's,611 E Main St,Fredericksburg,TX,78624-4641,30.267972946166992,-98.86280822753906,Overture Places 2026-07-22.0,2026-07-22,open,packet_ready,primary_store_candidate
McDonald's,119f202d-3e5d-42e6-95a9-a9aebc68bbc9,McDonald's,923 N Brazosport Blvd,Freeport,TX,77541-3811,28.968982696533203,-95.37127685546875,Overture Places 2026-07-22.0,2026-07-22,open,packet_ready,primary_store_candidate
McDonald's,5c121854-fdf6-4986-90de-172952014fe8,McDonald's,100 W Parkwood Ave,Friendswood,TX,77546-5419,29.50927734375,-95.18912506103516,Overture Places 2026-07-22.0,2026-07-22,open,packet_ready,primary_store_candidate
McDonald's,098a52ab-4387-4349-8bf6-9f7e1daca13f,McDonald's,150 W El Dorado Blvd,Friendswood,TX,77546-6500,29.55253791809082,-95.15940856933594,Overture Places 2026-07-22.0,2026-07-22,open,packet_ready,primary_store_candidate
McDonald's,39e9232e-46aa-468b-9737-618eb5c02d2c,McDonald's,302 S Friendswood Dr,Friendswood,TX,77546-3904,29.530773162841797,-95.2030258178711,Overture Places 2026-07-22.0,2026-07-22,open,packet_ready,primary_store_candidate
McDonald's,a9e410c4-8fc7-40f5-9754-13ec7e816c5a,McDonald's,16125 Eldorado Pkwy,Frisco,TX,75035-5817,33.17372131347656,-96.73428344726562,Overture Places 2026-07-22.0,2026-07-22,open,packet_ready,primary_store_candidate
McDonald's,a17b3558-72b2-4174-9a85-02fb40498543,McDonald's,4360 Legacy Dr,Frisco,TX,75034-0813,33.115596771240234,-96.83909606933594,Overture Places 2026-07-22.0,2026-07-22,open,packet_ready,primary_store_candidate
McDonald's,adfd26ae-12c8-49a4-a870-52de713058ec,McDonald's,5555 FM 423,Frisco,TX,75036-8975,33.1253547668457,-96.89183807373047,Overture Places 2026-07-22.0,2026-07-22,open,packet_ready,primary_store_candidate
McDonald's,44f39185-325d-440c-9c3f-71cd39b8131b,McDonald's,5615 Eldorado Pkwy,Frisco,TX,75033-3205,33.17438507080078,-96.83747863769531,Overture Places 2026-07-22.0,2026-07-22,open,packet_ready,primary_store_candidate
McDonald's,62539321-0533-4d6d-8b90-ff97a0209759,McDonald's,6225 Custer Rd,Frisco,TX,75035-9307,33.12830352783203,-96.73384094238281,Overture Places 2026-07-22.0,2026-07-22,open,packet_ready,primary_store_candidate
McDonald's,15157c5d-2bc9-43f1-8447-6d0364c5b63e,McDonald's,8888 Teel Pkwy,Frisco,TX,75034-4406,33.1519775390625,-96.8635025024414,Overture Places 2026-07-22.0,2026-07-22,open,packet_ready,primary_store_candidate
McDonald's,b48bafe4-1951-43ec-99be-9fea957ce128,McDonald's,8970 Preston Rd,Frisco,TX,75034-3098,33.150978088378906,-96.80342102050781,Overture Places 2026-07-22.0,2026-07-22,open,packet_ready,primary_store_candidate
McDonald's,b956b16b-78a9-4864-9b9d-c82b96054127,McDonald's,29910 Jordan Crossing Blvd.,Fulshear,TX,77423,29.756357192993164,-95.88551330566406,Overture Places 2026-07-22.0,2026-07-22,open,packet_ready,primary_store_candidate
McDonald's,ea55d6ff-0e57-4e37-b111-531d51b5e3ab,McDonald's,1402 N Grand Ave,Gainesville,TX,76240,33.64087677001953,-97.1329574584961,Overture Places 2026-07-22.0,2026-07-22,open,packet_ready,primary_store_candidate
McDonald's,a70c9834-85a2-4611-a119-d709c0bd3d65,McDonald's,514 W California St,Gainesville,TX,76240-3802,33.6241569519043,-97.14965057373047,Overture Places 2026-07-22.0,2026-07-22,open,packet_ready,primary_store_candidate
McDonald's,1ef46fa9-cb7e-4dfe-9f76-855b86e10f1d,McDonald's,1812 Clinton Dr,Galena Park,TX,77547-3227,29.732345581054688,-95.23978424072266,Overture Places 2026-07-22.0,2026-07-22,open,packet_ready,primary_store_candidate
McDonald's,94a4930a-8bdf-48ef-99c6-2043a69e0f90,McDonald's,2912 61st St,Galveston,TX,77551-2004,29.267406463623047,-94.82640838623047,Overture Places 2026-07-22.0,2026-07-22,open,packet_ready,primary_store_candidate
McDonald's,30e1d950-7bfd-4331-ab09-e37f91c8bb6a,McDonald's,517 Seawall Blvd,Galveston,TX,77550-5525,29.305068969726562,-94.77165985107422,Overture Places 2026-07-22.0,2026-07-22,open,packet_ready,primary_store_candidate
McDonald's,b23a5f7e-2fda-478d-b9be-c16d0eb35684,McDonald's,5223 Broadway St,Galveston,TX,77551-4161,29.290830612182617,-94.8258285522461,Overture Places 2026-07-22.0,2026-07-22,open,packet_ready,primary_store_candidate
McDonald's,6d1579fe-c7e9-4456-8c6f-1050c9592a6e,McDonald's,1110 W Centerville Rd,Garland,TX,75041-5903,32.85783386230469,-96.64586639404297,Overture Places 2026-07-22.0,2026-07-22,open,packet_ready,primary_store_candidate
McDonald's,9f9d00d8-59c9-4542-a8ff-2991994e9600,McDonald's,119 E Buckingham Rd,Garland,TX,75040-4707,32.9311637878418,-96.6296157836914,Overture Places 2026-07-22.0,2026-07-22,open,packet_ready,primary_store_candidate
McDonald's,611ddb1b-2644-47c7-a00a-c95a188f1d20,McDonald's,1404 W Walnut St,Garland,TX,75042-5841,32.915836334228516,-96.64873504638672,Overture Places 2026-07-22.0,2026-07-22,open,packet_ready,primary_store_candidate
McDonald's,e70b9724-69de-4be7-8327-7ae28287ed64,McDonald's,190 N Shiloh Rd,Garland,TX,75042-6639,32.97897720336914,-96.66388702392578,Overture Places 2026-07-22.0,2026-07-22,open,packet_ready,primary_store_candidate
McDonald's,af38358c-069c-40ec-af33-2c1d2418041c,McDonald's,3205 S Garland Ave,Garland,TX,75041-4002,32.87705993652344,-96.66207122802734,Overture Places 2026-07-22.0,2026-07-22,open,packet_ready,primary_store_candidate
McDonald's,f4ea508d-85e3-4370-a907-0b63c2683795,McDonald's,3285 Broadway Blvd,Garland,TX,75043-1530,32.876060485839844,-96.61898803710938,Overture Places 2026-07-22.0,2026-07-22,open,packet_ready,primary_store_candidate
McDonald's,a769aa35-dd75-4abd-bb2a-2035e5915278,McDonald's,3310 Lavon Dr,Garland,TX,75040-2910,32.9472541809082,-96.61946105957031,Overture Places 2026-07-22.0,2026-07-22,open,packet_ready,primary_store_candidate
McDonald's,f6c244b7-03b8-4aa6-9f53-731aeadeec36,McDonald's,4680 N Shiloh Rd,Garland,TX,75044,32.95815658569336,-96.66481018066406,Overture Places 2026-07-22.0,2026-07-22,open,packet_ready,primary_store_candidate
McDonald's,d9bbea2b-6e99-4ad0-b112-3bc56aa27b7d,McDonald's,509 W Interstate 30,Garland,TX,75043-5702,32.84040832519531,-96.59696197509766,Overture Places 2026-07-22.0,2026-07-22,open,packet_ready,primary_store_candidate
McDonald's,964f9a0e-9a1d-40a0-b4ba-d2e861032a66,McDonald's,2302 E Main St,Gatesville,TX,76528-1732,31.434404373168945,-97.73145294189453,Overture Places 2026-07-22.0,2026-07-22,open,packet_ready,primary_store_candidate
McDonald's,26076742-5748-4cb7-a374-cf6ba485beb3,McDonald's,4066 US-59,George West,TX,78022,28.33710289001465,-98.02383422851562,Overture Places 2026-07-22.0,2026-07-22,open,packet_ready,primary_store_candidate
McDonald's,fab4b197-5e75-480a-b149-171e23b5c2ad,McDonald's,1300 W University Ave,Georgetown,TX,78628,30.633474349975586,-97.70087432861328,Overture Places 2026-07-22.0,2026-07-22,open,packet_ready,primary_store_candidate
McDonald's,de95e879-eb40-43a8-8361-70c4774dcc0c,McDonald's,28709 Ronald Reagan Boulevard,Georgetown,TX,78633,30.741687774658203,-97.79974365234375,Overture Places 2026-07-22.0,2026-07-22,open,packet_ready,primary_store_candidate
McDonald's,eeae29c7-44b9-4848-9536-2375f825af81,McDonald's,2981 FM 1460,Georgetown,TX,78626,30.58952522277832,-97.65757751464844,Overture Places 2026-07-22.0,2026-07-22,open,packet_ready,primary_store_candidate
McDonald's,f45623d9-8967-4bad-866c-68252a0816c0,McDonald's,4418 Williams Dr,Georgetown,TX,78628-1341,30.681827545166016,-97.71672058105469,Overture Places 2026-07-22.0,2026-07-22,open,packet_ready,primary_store_candidate
McDonald's,59586290-aae7-4f71-8de8-32fd968b8fb6,McDonald's,806 N Austin Ave,Georgetown,TX,78626-4212,30.648502349853516,-97.6780014038086,Overture Places 2026-07-22.0,2026-07-22,open,packet_ready,primary_store_candidate
McDonald's,5e4b4005-1748-4564-b5ef-e1ece4d1fd0d,McDonald's,8221 W. State Hwy 29,Georgetown,TX,78628,30.63661003112793,-97.8272705078125,Overture Places 2026-07-22.0,2026-07-22,open,packet_ready,primary_store_candidate
McDonald's,d34656db-5e4f-466e-bdab-4f51c074c295,McDonald's,2146 E Austin St,Giddings,TX,78942-3600,30.179122924804688,-96.91629028320312,Overture Places 2026-07-22.0,2026-07-22,open,packet_ready,primary_store_candidate
McDonald's,43e6f9b7-32c8-4b74-bab7-97d3b56fb5a3,McDonald's,1700 N Wood St,Gilmer,TX,75644-3560,32.74161911010742,-94.94221496582031,Overture Places 2026-07-22.0,2026-07-22,open,packet_ready,primary_store_candidate
McDonald's,45670ac9-f7d2-4ab0-8b24-31704f3a5323,McDonald's,1100 E Broadway Ave,Gladewater,TX,75647-2503,32.5338134765625,-94.93077850341797,Overture Places 2026-07-22.0,2026-07-22,open,packet_ready,primary_store_candidate
McDonald's,fecbd44c-59dc-449f-962d-71c28f0254e5,McDonald's,2130 E. Us Highway 67,Glen Rose,TX,76043,32.25154113769531,-97.72740173339844,Overture Places 2026-07-22.0,2026-07-22,open,packet_ready,primary_store_candidate
McDonald's,c5d59c50-6311-4f0e-a0f5-18a94bcacdf3,McDonald's,309 Hwy 90 Alt,Gonzales,TX,78629,29.51646614074707,-97.46031951904297,Overture Places 2026-07-22.0,2026-07-22,open,packet_ready,primary_store_candidate
McDonald's,a1747b46-0548-41cb-b829-cde92f6c0fcf,McDonald's,1701 TX-16 S,Graham,TX,76450-4607,33.08802032470703,-98.58600616455078,Overture Places 2026-07-22.0,2026-07-22,open,packet_ready,primary_store_candidate
McDonald's,6b35530f-c4f2-48e8-87f4-755aa6ddd4e2,McDonald's,1101 S Morgan St,Granbury,TX,76048-1985,32.43217849731445,-97.79375457763672,Overture Places 2026-07-22.0,2026-07-22,open,packet_ready,primary_store_candidate
McDonald's,e83a0d11-243d-4dd6-8f51-48e509951e5c,McDonald's,3908 E US Highway 377,Granbury,TX,76049-7430,32.45778274536133,-97.7267837524414,Overture Places 2026-07-22.0,2026-07-22,open,packet_ready,primary_store_candidate
McDonald's,44a602b7-c2dc-4063-ac8a-fdb1f49e9bdf,McDonald's,102 W Pioneer Pkwy,Grand Prairie,TX,75051-4987,32.71003341674805,-97.00270080566406,Overture Places 2026-07-22.0,2026-07-22,open,packet_ready,primary_store_candidate
McDonald's,6fae120e-3bcc-443f-a9a0-b397437bf6c5,McDonald's,2225 W Interstate 20,Grand Prairie,TX,75052-3926,32.67345428466797,-97.03624725341797,Overture Places 2026-07-22.0,2026-07-22,open,packet_ready,primary_store_candidate
McDonald's,97e62340-c09a-4e71-85d3-57e91691054a,McDonald's,2810 NE Green Oaks Blvd,Grand Prairie,TX,75050-7817,32.78582000732422,-97.0609359741211,Overture Places 2026-07-22.0,2026-07-22,open,packet_ready,primary_store_candidate
McDonald's,195d3882-443f-4366-a688-c45dfef56d09,McDonald's,3031 W Camp Wisdom Rd,Grand Prairie,TX,75052-4463,32.647647857666016,-97.05826568603516,Overture Places 2026-07-22.0,2026-07-22,open,packet_ready,primary_store_candidate
McDonald's,454d0551-1184-4482-95ff-7dfa5e9e396a,McDonald's,308 Westchase Dr,Grand Prairie,TX,75052-3204,32.673675537109375,-97.00574493408203,Overture Places 2026-07-22.0,2026-07-22,open,packet_ready,primary_store_candidate
McDonald's,f8e46c5e-9ffc-4f73-8605-7485b7ce93dc,McDonald's,3902 S Great Southwest Pkwy,Grand Prairie,TX,75052-7274,32.67875289916992,-97.04487609863281,Overture Places 2026-07-22.0,2026-07-22,open,packet_ready,primary_store_candidate
McDonald's,df0732f0-7a69-4b92-9d6d-5e3bf7a65a7b,McDonald's,813 E Main St,Grand Prairie,TX,75050-5836,32.74578094482422,-96.99393463134766,Overture Places 2026-07-22.0,2026-07-22,open,packet_ready,primary_store_candidate
McDonald's,9aff2b83-3f7e-4640-8d88-7b6bdb5b80d3,McDonald's,101 E State Highway 114,Grapevine,TX,76051-4173,32.92448425292969,-97.0776596069336,Overture Places 2026-07-22.0,2026-07-22,open,packet_ready,primary_store_candidate
McDonald's,1907963c-e723-43e3-ab06-40bde329dbf4,McDonald's,5345 William D Tate Ave,Grapevine,TX,76051-7357,32.88216018676758,-97.09805297851562,Overture Places 2026-07-22.0,2026-07-22,open,packet_ready,primary_store_candidate
McDonald's,12b104e1-143e-4bb8-a4f4-e2c16b971d5c,McDonald's,4705 Moulton St,Greenville,TX,75401-5939,33.11897277832031,-96.09490966796875,Overture Places 2026-07-22.0,2026-07-22,open,packet_ready,primary_store_candidate
McDonald's,d0e43980-7461-4a78-af12-19cfb1d2e654,McDonald's,7600 Wesley St,Greenville,TX,75402-8324,33.093658447265625,-96.11070251464844,Overture Places 2026-07-22.0,2026-07-22,open,packet_ready,primary_store_candidate
McDonald's,3e7e1b1e-9bfe-407b-b728-a6e83ed8323b,McDonald's,412 E Yeagua St,Groesbeck,TX,76642,31.51758575439453,-96.53043365478516,Overture Places 2026-07-22.0,2026-07-22,open,packet_ready,primary_store_candidate
McDonald's,b9fe0251-b3b5-4ec0-b239-b8da323c3eae,McDonald's,4500 Twin City Hwy,Groves,TX,77619-3036,29.937129974365234,-93.93443298339844,Overture Places 2026-07-22.0,2026-07-22,open,packet_ready,primary_store_candidate
McDonald's,af986591-68fe-4761-acee-5a9f8e9a24ce,McDonald's,104 W Main St,Gun Barrel City,TX,75156-5297,32.33110809326172,-96.11321258544922,Overture Places 2026-07-22.0,2026-07-22,open,packet_ready,primary_store_candidate
McDonald's,6c0f71f2-c184-4f87-8d8b-0322be621b6e,McDonald's,404 W Main St,Hallsville,TX,75650-5188,32.507545471191406,-94.58575439453125,Overture Places 2026-07-22.0,2026-07-22,open,packet_ready,primary_store_candidate
McDonald's,7f1f2aaa-b797-4976-ba40-119c2ef87595,McDonald's,5641 E Belknap St,Haltom City,TX,76117-4143,32.80217742919922,-97.26406860351562,Overture Places 2026-07-22.0,2026-07-22,open,packet_ready,primary_store_candidate
McDonald's,83b0f5e9-b6f6-4a10-8fa8-60b2afd7d671,McDonald's,630 Indian Trl,Harker Heights,TX,76548-1348,31.07693862915039,-97.65511322021484,Overture Places 2026-07-22.0,2026-07-22,open,packet_ready,primary_store_candidate
McDonald's,47bf67be-37b3-432c-8b8e-de649bdd7bcc,McDonald's,920 Knights Way,Harker Heights,TX,76548-7131,31.056533813476562,-97.65682220458984,Overture Places 2026-07-22.0,2026-07-22,open,packet_ready,primary_store_candidate
McDonald's,b412642c-be2b-4bcf-9175-9a27151aa03c,McDonald's,2020 S 77 Sunshine Strip,Harlingen,TX,78550-8312,26.172029495239258,-97.67277526855469,Overture Places 2026-07-22.0,2026-07-22,open,packet_ready,primary_store_candidate
McDonald's,c31ef3c3-caf4-44d2-9053-b7d1146f5e33,McDonald's,2305 W Lincoln Ave,Harlingen,TX,78552-5917,26.181303024291992,-97.7203598022461,Overture Places 2026-07-22.0,2026-07-22,open,packet_ready,primary_store_candidate
McDonald's,9aa3d838-3d80-40c2-95e5-d4630d76da15,McDonald's,23994 Stuart Place Rd,Harlingen,TX,78552,26.21160888671875,-97.75837707519531,Overture Places 2026-07-22.0,2026-07-22,open,packet_ready,primary_store_candidate
McDonald's,ad27cd40-1aea-4579-8b0b-c89238ee5f14,McDonald's,602 N 77 Sunshine Strip,Harlingen,TX,78550-8846,26.1984920501709,-97.67976379394531,Overture Places 2026-07-22.0,2026-07-22,open,packet_ready,primary_store_candidate
McDonald's,2f85f06c-b962-4295-a1b4-e0bf9b878db7,McDonald's,1425 N Market St,Hearne,TX,77859,30.89548683166504,-96.60275268554688,Overture Places 2026-07-22.0,2026-07-22,open,packet_ready,primary_store_candidate
McDonald's,2ed7d391-c111-4fb5-bf91-0dfc1a236893,McDonald's,906 S Market St,Hearne,TX,77859-3719,30.875825881958008,-96.59130859375,Overture Places 2026-07-22.0,2026-07-22,open,packet_ready,primary_store_candidate
McDonald's,2d59d910-a3d0-4a6b-981e-8e810b486bd7,McDonald's,6616 Fm 741,Heartland,TX,75126,32.69746017456055,-96.45362854003906,Overture Places 2026-07-22.0,2026-07-22,open,packet_ready,primary_store_candidate
McDonald's,1d191c3e-6854-4195-ab15-bbad235c6b9f,McDonald's,711 N Smith Ave,Hebbronville,TX,78361,27.312902450561523,-98.67837524414062,Overture Places 2026-07-22.0,2026-07-22,open,packet_ready,primary_store_candidate
McDonald's,00d00c87-ef8b-4195-9fbe-b785b0e6fd71,McDonald's,1005 Austin St,Hempstead,TX,77445-4516,30.097013473510742,-96.0788345336914,Overture Places 2026-07-22.0,2026-07-22,open,packet_ready,primary_store_candidate
McDonald's,cb0fd312-4f59-4959-8307-0de98600a5b7,McDonald's,2100 FM 1488,Hempstead,TX,77445,30.108142852783203,-96.0467300415039,Overture Places 2026-07-22.0,2026-07-22,open,packet_ready,primary_store_candidate
McDonald's,ba8cea69-c6c0-46e3-8dea-15dc52d280f6,McDonald's,2130 US Highway 79 S,Henderson,TX,75654-4406,32.1326789855957,-94.80464172363281,Overture Places 2026-07-22.0,2026-07-22,open,packet_ready,primary_store_candidate
McDonald's,2f9419ea-d27f-4ee8-a564-aa0c5c2eac86,McDonald's,1112 W 1st St,Hereford,TX,79045-6008,34.810279846191406,-102.40927124023438,Overture Places 2026-07-22.0,2026-07-22,open,packet_ready,primary_store_candidate
McDonald's,139c9af7-8b49-43cb-8773-c7bba559de2e,McDonald's,616 N 25 Mile Ave,Hereford,TX,79045,34.837772369384766,-102.4049301147461,Overture Places 2026-07-22.0,2026-07-22,open,packet_ready,primary_store_candidate
McDonald's,784e1941-0a03-4f05-b0e2-b8fd7fd7604f,McDonald's,1450 S Hewitt Dr,Hewitt,TX,76643,31.4255313873291,-97.19910430908203,Overture Places 2026-07-22.0,2026-07-22,open,packet_ready,primary_store_candidate
McDonald's,ffdc36a2-f5b1-4d43-a996-ca6219e6d1ac,McDonald's,8300 S Stemmons Fwy,Hickory Creek,TX,75065-7590,33.12944030761719,-97.04033660888672,Overture Places 2026-07-22.0,2026-07-22,open,packet_ready,primary_store_candidate
McDonald's,4a8d2eea-9788-4623-8a76-1402872c9d48,McDonald's,15715 San Pedro Ave,Hill Country Village,TX,78232-3726,29.58566665649414,-98.47592163085938,Overture Places 2026-07-22.0,2026-07-22,open,packet_ready,primary_store_candidate
McDonald's,b1b7a9f1-1c6b-4598-8e95-1955b7ea4280,McDonald's,1504 Corsicana Hwy,Hillsboro,TX,76645-2720,32.00861740112305,-97.09241485595703,Overture Places 2026-07-22.0,2026-07-22,open,packet_ready,primary_store_candidate
McDonald's,872509d5-3f41-478c-9550-bf3dcf2a98d5,McDonald's,269 US Highway 90 E,Hondo,TX,78861-2555,29.34827423095703,-99.12323760986328,Overture Places 2026-07-22.0,2026-07-22,open,packet_ready,primary_store_candidate
McDonald's,b198d4bb-eca9-4a5e-8edf-ec848255e616,McDonald's,13651 Eastlake Blvd,Horizon City,TX,79928,31.699792861938477,-106.2152099609375,Overture Places 2026-07-22.0,2026-07-22,open,packet_ready,primary_store_candidate
McDonald's,da3f7f08-ac7d-4b4a-987e-823295065b04,McDonald's,100 E Crosstimbers St,Houston,TX,77022-4416,29.827966690063477,-95.37581634521484,Overture Places 2026-07-22.0,2026-07-22,open,packet_ready,primary_store_candidate
McDonald's,5fa6fb85-4f98-45a7-9cdc-54f1d819756a,McDonald's,10170 Hammerly Blvd,Houston,TX,77080-5010,29.812923431396484,-95.54447174072266,Overture Places 2026-07-22.0,2026-07-22,open,packet_ready,primary_store_candidate
McDonald's,11c15737-6136-4220-8500-74eedc6d3719,McDonald's,10315 S Post Oak Rd,Houston,TX,77035-3301,29.669925689697266,-95.46148681640625,Overture Places 2026-07-22.0,2026-07-22,open,packet_ready,primary_store_candidate
McDonald's,223c871d-4760-4147-92c6-71f811384661,McDonald's,10323 East Fwy,Houston,TX,77029-1907,29.77421760559082,-95.24662780761719,Overture Places 2026-07-22.0,2026-07-22,open,packet_ready,primary_store_candidate
McDonald's,aeb066d7-0cfd-4e18-9f7e-a2c1f0c85bdd,McDonald's,10411 North Fwy,Houston,TX,77037-1124,29.918228149414062,-95.41522979736328,Overture Places 2026-07-22.0,2026-07-22,open,packet_ready,primary_store_candidate
McDonald's,cf7a83fb-27b7-4238-b1da-93aabc9d40d1,McDonald's,10415 Bissonnet St,Houston,TX,77099-2171,29.674158096313477,-95.56135559082031,Overture Places 2026-07-22.0,2026-07-22,open,packet_ready,primary_store_candidate
McDonald's,0ad38e38-ce82-4563-909b-87113ea3d5c8,McDonald's,10450 Northwest Fwy,Houston,TX,77092-8214,29.8123779296875,-95.45967864990234,Overture Places 2026-07-22.0,2026-07-22,open,packet_ready,primary_store_candidate
McDonald's,e8fdffe4-d8f8-4395-a27f-4c1689047ae4,McDonald's,10515 Pearland Parkway,Houston,TX,77075,29.599651336669922,-95.26642608642578,Overture Places 2026-07-22.0,2026-07-22,open,packet_ready,primary_store_candidate
McDonald's,508e09db-16a1-4c26-94d7-712b733e5632,McDonald's,10638 W Bellfort Ave,Houston,TX,77099-4747,29.654645919799805,-95.56668090820312,Overture Places 2026-07-22.0,2026-07-22,open,packet_ready,primary_store_candidate
McDonald's,9b445826-1d6f-4dbc-886e-7d059882b4f6,McDonald's,10703 Westheimer Rd,Houston,TX,77042-3497,29.736312866210938,-95.56458282470703,Overture Places 2026-07-22.0,2026-07-22,open,packet_ready,primary_store_candidate
McDonald's,b8a25a0f-fb61-4342-a785-25ae17918a6a,McDonald's,10760 Eastex Fwy,Houston,TX,77093-4343,29.870450973510742,-95.32899475097656,Overture Places 2026-07-22.0,2026-07-22,open,packet_ready,primary_store_candidate
McDonald's,dcb7ca5a-7772-4c11-b244-2e7165006f03,McDonald's,10777 Beechnut St,Houston,TX,77072-4416,29.688350677490234,-95.5678482055664,Overture Places 2026-07-22.0,2026-07-22,open,packet_ready,primary_store_candidate
McDonald's,083ccba8-aa76-4865-b059-ca4d9f21a005,McDonald's,10802 Scarsdale Blvd,Houston,TX,77089,29.5830020904541,-95.2147445678711,Overture Places 2026-07-22.0,2026-07-22,open,packet_ready,primary_store_candidate
McDonald's,9bd95bf8-372f-44c3-9933-5d7664d8f20f,McDonald's,10890 S Sam Houston Pkwy W,Houston,TX,77031,29.644433975219727,-95.5381088256836,Overture Places 2026-07-22.0,2026-07-22,open,packet_ready,primary_store_candidate
McDonald's,a62063ee-8e54-464c-8217-11bf5fffbf22,McDonald's,10966 Bammel North Houston Rd,Houston,TX,77086-1318,29.936731338500977,-95.49736785888672,Overture Places 2026-07-22.0,2026-07-22,open,packet_ready,primary_store_candidate
McDonald's,6e38d0b9-3318-450d-8ef9-f99847c41828,McDonald's,111 W Rankin Rd,Houston,TX,77090-6928,29.96506690979004,-95.420166015625,Overture Places 2026-07-22.0,2026-07-22,open,packet_ready,primary_store_candidate
McDonald's,dd867722-aa49-4b64-bb15-5531e164c582,McDonald's,11101 S Sam Houston Pkwy E,Houston,TX,77089-3993,29.601831436157227,-95.22796630859375,Overture Places 2026-07-22.0,2026-07-22,open,packet_ready,primary_store_candidate
McDonald's,ac91181e-83d7-4ef4-a9eb-5e873bb51ba9,McDonald's,1118 Silber Rd,Houston,TX,77055-7126,29.78905487060547,-95.46551513671875,Overture Places 2026-07-22.0,2026-07-22,open,packet_ready,primary_store_candidate
McDonald's,f8ecd64c-e1bd-46bd-a6f6-3309d0ddd773,McDonald's,11311 Fondren Rd,Houston,TX,77035-2009,29.65486717224121,-95.50796508789062,Overture Places 2026-07-22.0,2026-07-22,open,packet_ready,primary_store_candidate
McDonald's,b616d534-c884-4812-9ced-418baa79f812,McDonald's,11323 Fuqua St,Houston,TX,77089-2516,29.614307403564453,-95.21875,Overture Places 2026-07-22.0,2026-07-22,open,packet_ready,primary_store_candidate
McDonald's,26c9c2ab-5e0c-4319-88d4-3c5783a73399,McDonald's,11695 Gulf Fwy,Houston,TX,77034-3531,29.628921508789062,-95.22899627685547,Overture Places 2026-07-22.0,2026-07-22,open,packet_ready,primary_store_candidate
McDonald's,48b9aaa7-7b52-4f24-93d2-c41d31303590,McDonald's,11825 Bellaire Blvd,Houston,TX,77072-2453,29.7032413482666,-95.58708953857422,Overture Places 2026-07-22.0,2026-07-22,open,packet_ready,primary_store_candidate
McDonald's,f5122fb5-1448-4ae7-a995-2b5782fa2316,McDonald's,12020 Northwest Fwy,Houston,TX,77092-4902,29.832563400268555,-95.48199462890625,Overture Places 2026-07-22.0,2026-07-22,open,packet_ready,primary_store_candidate
McDonald's,fb16dbe4-bbee-4dcd-990b-341a29e12865,McDonald's,12085 Veterans Memorial Dr,Houston,TX,77067-1001,29.959857940673828,-95.47777557373047,Overture Places 2026-07-22.0,2026-07-22,open,packet_ready,primary_store_candidate
McDonald's,97042893-a137-4b30-8b32-db0806f901fe,McDonald's,122 E Richey Rd,Houston,TX,77073-6438,29.997634887695312,-95.42308044433594,Overture Places 2026-07-22.0,2026-07-22,open,packet_ready,primary_store_candidate
McDonald's,04662c26-ad1d-4364-a656-d5eff124343c,McDonald's,12350 Eastex Fwy,Houston,TX,77039-4914,29.90213966369629,-95.3108901977539,Overture Places 2026-07-22.0,2026-07-22,open,packet_ready,primary_store_candidate
McDonald's,e9245ffa-228c-4608-97b3-3655ce3d157b,McDonald's,12353 FM 1960 Rd W,Houston,TX,77065-4993,29.920101165771484,-95.60260009765625,Overture Places 2026-07-22.0,2026-07-22,open,packet_ready,primary_store_candidate
McDonald's,974e104a-a348-4975-90a1-5d0d8307b0fb,McDonald's,12559 W Lake Houston Pkwy,Houston,TX,77044-6186,29.925395965576172,-95.19763946533203,Overture Places 2026-07-22.0,2026-07-22,open,packet_ready,primary_store_candidate
McDonald's,c0849c6a-e2d0-4a41-9fe8-337a7f94d1ff,McDonald's,12614 Tomball Pkwy,Houston,TX,77086-3327,29.912425994873047,-95.48095703125,Overture Places 2026-07-22.0,2026-07-22,open,packet_ready,primary_store_candidate
McDonald's,602de7cb-487b-474f-868b-8c25176cebc2,McDonald's,12625 Westheimer Rd,Houston,TX,77077-5707,29.735721588134766,-95.60684967041016,Overture Places 2026-07-22.0,2026-07-22,open,packet_ready,primary_store_candidate
McDonald's,f0972b6c-8585-4f68-9e40-746071bf6b27,McDonald's,1302 Westheimer Rd,Houston,TX,77006-2615,29.744125366210938,-95.39492797851562,Overture Places 2026-07-22.0,2026-07-22,open,packet_ready,primary_store_candidate
McDonald's,f933f3c6-dad1-4ff1-95e6-13f1758c9456,McDonald's,1303 Gessner Rd,Houston,TX,77055-4004,29.791215896606445,-95.54512786865234,Overture Places 2026-07-22.0,2026-07-22,open,packet_ready,primary_store_candidate
McDonald's,7bb95743-d695-48e1-87e8-6209d6f2d5c6,McDonald's,13145 FM 1960 Rd W,Houston,TX,77065-4006,29.91704559326172,-95.61405944824219,Overture Places 2026-07-22.0,2026-07-22,open,packet_ready,primary_store_candidate
McDonald's,34bae445-c503-44dd-bf4f-c0a4d35ecc9a,McDonald's,1320 Nasa One,Houston,TX,77058-3113,29.54726791381836,-95.10000610351562,Overture Places 2026-07-22.0,2026-07-22,open,packet_ready,primary_store_candidate
McDonald's,cfc349a2-d110-4da7-91fa-73ea742292ec,McDonald's,13255 Jones Rd,Houston,TX,77070-4439,29.966045379638672,-95.58586883544922,Overture Places 2026-07-22.0,2026-07-22,open,packet_ready,primary_store_candidate
McDonald's,aa0bbaa4-a0b3-42dd-8235-fe5cd6440276,McDonald's,13402 Almeda Rd,Houston,TX,77053-1602,29.613218307495117,-95.42009735107422,Overture Places 2026-07-22.0,2026-07-22,open,packet_ready,primary_store_candidate
McDonald's,ed65a060-616d-4666-bc49-3e9bb9bb9de0,McDonald's,13532 Beechnut St,Houston,TX,77083-6055,29.688997268676758,-95.62113952636719,Overture Places 2026-07-22.0,2026-07-22,open,packet_ready,primary_store_candidate
McDonald's,7ccbe297-6ebd-43aa-8e06-7f7cd32eaabb,McDonald's,13750 East Fwy,Houston,TX,77015-5929,29.768081665039062,-95.17704772949219,Overture Places 2026-07-22.0,2026-07-22,open,packet_ready,primary_store_candidate
McDonald's,2cdbf5b6-6195-4a41-b62b-33639b0189f6,McDonald's,13882 S Post Oak Rd,Houston,TX,77045-5102,29.6256103515625,-95.46551513671875,Overture Places 2026-07-22.0,2026-07-22,open,packet_ready,primary_store_candidate
McDonald's,defc72c4-8ddc-4ae5-b568-443e9b94d3d8,McDonald's,1405 Post Oak Blvd,Houston,TX,77056-3001,29.752796173095703,-95.45891571044922,Overture Places 2026-07-22.0,2026-07-22,open,packet_ready,primary_store_candidate
McDonald's,c6a30cc6-5336-4485-812e-a743b1a7f438,McDonald's,14099 Northwest Fwy,Houston,TX,77040-5117,29.85848617553711,-95.52393341064453,Overture Places 2026-07-22.0,2026-07-22,open,packet_ready,primary_store_candidate
McDonald's,c68ee84e-214c-4d03-9ea8-20f3cf165b76,McDonald's,14270 Gulf Fwy,Houston,TX,77034-5348,29.592641830444336,-95.19235229492188,Overture Places 2026-07-22.0,2026-07-22,open,packet_ready,primary_store_candidate
McDonald's,ce64b89f-6524-4d2f-9269-c09151355d9f,McDonald's,14450 Memorial Dr,Houston,TX,77079-6706,29.770517349243164,-95.60162353515625,Overture Places 2026-07-22.0,2026-07-22,open,packet_ready,primary_store_candidate
McDonald's,c366e1ae-8c3d-4b10-9a11-5fd2b367d210,McDonald's,1504 Eldridge Pkwy,Houston,TX,77077-1759,29.757429122924805,-95.62577056884766,Overture Places 2026-07-22.0,2026-07-22,open,packet_ready,primary_store_candidate
McDonald's,dfa65638-68ff-40c4-843a-95efe26e22f7,McDonald's,1510 Studemont St,Houston,TX,77007-3824,29.775022506713867,-95.38976287841797,Overture Places 2026-07-22.0,2026-07-22,open,packet_ready,primary_store_candidate
McDonald's,ae9f31f4-1d0f-4471-bf9a-2b5d754930e5,McDonald's,15505 Wallisville Rd,Houston,TX,77049-4611,29.80952262878418,-95.1622085571289,Overture Places 2026-07-22.0,2026-07-22,open,packet_ready,primary_store_candidate
McDonald's,4cb2ed27-1959-4be0-a5de-c471892eaf65,McDonald's,15955 FM 529 Rd,Houston,TX,77095-2513,29.877504348754883,-95.65203857421875,Overture Places 2026-07-22.0,2026-07-22,open,packet_ready,primary_store_candidate
McDonald's,1aee769c-7bf6-4324-8d8f-2d54704fd034,McDonald's,1619 S Loop W,Houston,TX,77054-4814,29.678260803222656,-95.40262603759766,Overture Places 2026-07-22.0,2026-07-22,open,packet_ready,primary_store_candidate
McDonald's,c72b2e3d-9f8f-4af7-bdb7-5be0780729c1,McDonald's,16327 S Post Oak Rd,Houston,TX,77053,29.589853286743164,-95.46973419189453,Overture Places 2026-07-22.0,2026-07-22,open,packet_ready,primary_store_candidate
McDonald's,e533671b-5475-44ef-8842-524f40b84aba,McDonald's,17250 State Highway 249,Houston,TX,77064-1106,29.958044052124023,-95.54304504394531,Overture Places 2026-07-22.0,2026-07-22,open,packet_ready,primary_store_candidate
McDonald's,aa1f99ca-c4f5-45ba-b5a1-748419416586,McDonald's,1736 Wirt Rd,Houston,TX,77055-3506,29.801870346069336,-95.48446655273438,Overture Places 2026-07-22.0,2026-07-22,open,packet_ready,primary_store_candidate
McDonald's,f7904e5c-276b-4bd0-907e-47f04aed61eb,McDonald's,17970 FM 529 Rd,Houston,TX,77095-1000,29.880237579345703,-95.68214416503906,Overture Places 2026-07-22.0,2026-07-22,open,packet_ready,primary_store_candidate
McDonald's,a72b51c5-7ccc-4671-9afe-c1974cb59ada,McDonald's,1819 W Mount Houston Rd,Houston,TX,77038-3603,29.89748764038086,-95.42999267578125,Overture Places 2026-07-22.0,2026-07-22,open,packet_ready,primary_store_candidate
McDonald's,26ca956c-0d47-4d45-ae7d-9b0a76472149,McDonald's,185 West Rd,Houston,TX,77037-1144,29.914644241333008,-95.41128540039062,Overture Places 2026-07-22.0,2026-07-22,open,packet_ready,primary_store_candidate
McDonald's,519f28f5-58bd-4035-93e5-117c90b225e8,McDonald's,1914 Aldine Bender Rd,Houston,TX,77032-3014,29.930727005004883,-95.3563003540039,Overture Places 2026-07-22.0,2026-07-22,open,packet_ready,primary_store_candidate
McDonald's,cbf47ae7-3f57-4092-b77c-e4c98f894e0e,McDonald's,1920 Wilcrest Dr,Houston,TX,77042-2638,29.746994018554688,-95.57250213623047,Overture Places 2026-07-22.0,2026-07-22,open,packet_ready,primary_store_candidate
McDonald's,74e8ad97-decc-489c-abd1-11089ca116fe,McDonald's,2022 Yale St,Houston,TX,77008-2540,29.804643630981445,-95.39893341064453,Overture Places 2026-07-22.0,2026-07-22,open,packet_ready,primary_store_candidate
McDonald's,68bda2e5-7197-40e9-a1a0-954a2eeed30e,McDonald's,2040 Aldine Mail Route Rd.,Houston,TX,77039,29.901947021484375,-95.3533935546875,Overture Places 2026-07-22.0,2026-07-22,open,packet_ready,primary_store_candidate
McDonald's,84080e82-cfea-4cf0-ab91-f0e2e4deceed,McDonald's,21189 Tomball Pkwy,Houston,TX,77070-1655,29.999135971069336,-95.582275390625,Overture Places 2026-07-22.0,2026-07-22,open,packet_ready,primary_store_candidate
McDonald's,88e5d64d-4453-49c0-81bb-0e5efc8c63cf,McDonald's,2249 W Holcombe Blvd,Houston,TX,77030-2007,29.70561981201172,-95.41179656982422,Overture Places 2026-07-22.0,2026-07-22,open,packet_ready,primary_store_candidate
McDonald's,8091aec2-f008-45bc-8a58-4164f2e12ee0,McDonald's,22605 State Highway 249,Houston,TX,77375-3521,30.014089584350586,-95.5947036743164,Overture Places 2026-07-22.0,2026-07-22,open,packet_ready,primary_store_candidate
McDonald's,fc7bef1e-ca23-4af5-83ba-1b4b3343e980,McDonald's,2303 TX-6 S,Houston,TX,77077-5229,29.7396297454834,-95.64368438720703,Overture Places 2026-07-22.0,2026-07-22,open,packet_ready,primary_store_candidate
McDonald's,ff0358b3-2c92-4f07-aae6-4e5329062570,McDonald's,2391 S Wayside Dr,Houston,TX,77023-3910,29.715953826904297,-95.31327819824219,Overture Places 2026-07-22.0,2026-07-22,open,packet_ready,primary_store_candidate
McDonald's,812b19ed-37dc-4a6d-838e-3d62a0301d09,McDonald's,2424 Cypress Creek Pkwy,Houston,TX,77068-3704,30.00586700439453,-95.46690368652344,Overture Places 2026-07-22.0,2026-07-22,open,packet_ready,primary_store_candidate
McDonald's,65a7a024-f0d3-4966-997d-3acc597d04c6,McDonald's,2503 Almeda Genoa Rd,Houston,TX,77047-4511,29.614755630493164,-95.38556671142578,Overture Places 2026-07-22.0,2026-07-22,open,packet_ready,primary_store_candidate
McDonald's,83c5e1e1-206d-479a-9fa8-0b2c2ddc4cc1,McDonald's,2515 Fulton St,Houston,TX,77009-6830,29.785127639770508,-95.36112213134766,Overture Places 2026-07-22.0,2026-07-22,open,packet_ready,primary_store_candidate
McDonald's,86a6724f-a7b6-4e7b-baa0-fc9f09f22bca,McDonald's,255 Greens Rd,Houston,TX,77060-1332,29.95061683654785,-95.41170501708984,Overture Places 2026-07-22.0,2026-07-22,open,packet_ready,primary_store_candidate
McDonald's,ef82cf31-826e-4680-9043-ab365720d203,McDonald's,2727 Bay Area Blvd,Houston,TX,77058-1001,29.577661514282227,-95.10729217529297,Overture Places 2026-07-22.0,2026-07-22,open,packet_ready,primary_store_candidate
McDonald's,d02a3a83-46e0-42d9-98e5-a0fd5714c8ab,McDonald's,3025 Ella Blvd,Houston,TX,77018-7313,29.81459617614746,-95.42994689941406,Overture Places 2026-07-22.0,2026-07-22,open,packet_ready,primary_store_candidate
McDonald's,77fb9fcc-c309-489a-bceb-056e45767155,McDonald's,339 Cypress Creek Pkwy,Houston,TX,77090-3517,30.019269943237305,-95.43386840820312,Overture Places 2026-07-22.0,2026-07-22,open,packet_ready,primary_store_candidate
McDonald's,2b579f86-9b3f-4e45-bbdb-55ac0f8529d0,McDonald's,3450 FM-1960 W,Houston,TX,77068,29.997737884521484,-95.4842529296875,Overture Places 2026-07-22.0,2026-07-22,open,packet_ready,primary_store_candidate
McDonald's,f45ed2f1-1035-4541-b7ac-d877260df692,McDonald's,3611 N Main St,Houston,TX,77009-5408,29.790050506591797,-95.37258911132812,Overture Places 2026-07-22.0,2026-07-22,open,packet_ready,primary_store_candidate
McDonald's,411b7505-eff2-487c-a8c5-4f47173158e3,McDonald's,3820 Old Spanish Trl,Houston,TX,77021-1329,29.701873779296875,-95.35992431640625,Overture Places 2026-07-22.0,2026-07-22,open,packet_ready,primary_store_candidate
McDonald's,c5cedc57-00f0-44fa-9301-eee68518a6de,McDonald's,392 N Sam Houston Pkwy E,Houston,TX,77060-3328,29.938411712646484,-95.39790344238281,Overture Places 2026-07-22.0,2026-07-22,open,packet_ready,primary_store_candidate
McDonald's,53724d19-392f-4cc4-8eb5-8626a0179377,McDonald's,3941 Fondren Rd,Houston,TX,77063-4956,29.721952438354492,-95.51992797851562,Overture Places 2026-07-22.0,2026-07-22,open,packet_ready,primary_store_candidate
McDonald's,ec0ec5b0-5e66-4fa3-94b0-1735d79a6c70,McDonald's,3971 Barker Cypress Rd,Houston,TX,77084-3934,29.830102920532227,-95.68577575683594,Overture Places 2026-07-22.0,2026-07-22,open,packet_ready,primary_store_candidate
McDonald's,f07b7f58-a679-4e0c-9309-6a467aa5644c,McDonald's,4005 Elgin St,Houston,TX,77004-2557,29.727970123291016,-95.34516906738281,Overture Places 2026-07-22.0,2026-07-22,open,packet_ready,primary_store_candidate
McDonald's,e0922435-3ab0-4aea-9de3-79641857e322,McDonald's,4100 University Dr,Houston,TX,77004,29.720108032226562,-95.34093475341797,Overture Places 2026-07-22.0,2026-07-22,open,packet_ready,primary_store_candidate
McDonald's,89f188c2-da93-4e83-a22b-d74b050f8847,McDonald's,4121 S Sam Houston Pkwy E,Houston,TX,77047,29.600040435791016,-95.3508529663086,Overture Places 2026-07-22.0,2026-07-22,open,packet_ready,primary_store_candidate
McDonald's,618b05ad-3ef5-4561-a68f-2cb697f2257e,McDonald's,430 Uvalde Rd,Houston,TX,77015-3718,29.790544509887695,-95.18749237060547,Overture Places 2026-07-22.0,2026-07-22,open,packet_ready,primary_store_candidate
McDonald's,d81f2ddf-baaf-4721-9342-b449671ed6b5,McDonald's,4390 W Sam Houston Pkwy N,Houston,TX,77043-1218,29.831403732299805,-95.56255340576172,Overture Places 2026-07-22.0,2026-07-22,open,packet_ready,primary_store_candidate
McDonald's,3f411678-8cad-49a7-9423-077bdff7e8c4,McDonald's,4412 North Fwy,Houston,TX,77022-3606,29.829774856567383,-95.37757110595703,Overture Places 2026-07-22.0,2026-07-22,open,packet_ready,primary_store_candidate
McDonald's,42a28c2d-3ddd-4df3-8d0f-2d1ffc0b14ea,McDonald's,4440 N McCarty St,Houston,TX,77013-3648,29.800416946411133,-95.26762390136719,Overture Places 2026-07-22.0,2026-07-22,open,packet_ready,primary_store_candidate
McDonald's,ebe4a9e7-5538-4983-9711-f9be2eb5d5d9,McDonald's,4643 Beechnut St,Houston,TX,77096-1803,29.688814163208008,-95.4581527709961,Overture Places 2026-07-22.0,2026-07-22,open,packet_ready,primary_store_candidate
McDonald's,885fce38-d1c4-42f2-9304-6483bcbfb4d3,McDonald's,4650 Highway 6 N,Houston,TX,77084-2822,29.8425350189209,-95.64522552490234,Overture Places 2026-07-22.0,2026-07-22,open,packet_ready,primary_store_candidate
McDonald's,fcd8a37f-2229-49b7-acf3-0c2e51f08f37,McDonald's,4803 FM 1960 Rd W,Houston,TX,77069-4607,29.985008239746094,-95.50267791748047,Overture Places 2026-07-22.0,2026-07-22,open,packet_ready,primary_store_candidate
McDonald's,9f14f15f-b436-49dc-85e5-a48045cf50b8,McDonald's,4919 N Sam Houston Pkwy W,Houston,TX,77086-1451,29.936504364013672,-95.49812316894531,Overture Places 2026-07-22.0,2026-07-22,open,packet_ready,primary_store_candidate
McDonald's,06780c69-ebaa-4a5a-8a27-38aeb1b6727c,McDonald's,4920 Kirby Dr,Houston,TX,77098-5008,29.727855682373047,-95.41901397705078,Overture Places 2026-07-22.0,2026-07-22,open,packet_ready,primary_store_candidate
McDonald's,c2ff87d6-02a1-4431-94de-61758cbe5b5e,McDonald's,505 Bay Area Blvd,Houston,TX,77058-2602,29.551410675048828,-95.12637329101562,Overture Places 2026-07-22.0,2026-07-22,open,packet_ready,primary_store_candidate
McDonald's,ccc787d3-3c65-4dd9-b483-1d6b2c3f4f65,McDonald's,511 Lockwood Dr,Houston,TX,77011-2102,29.751461029052734,-95.3228530883789,Overture Places 2026-07-22.0,2026-07-22,open,packet_ready,primary_store_candidate
McDonald's,badb7506-058b-410f-8640-f882f70c4bee,McDonald's,530 Maxey Rd,Houston,TX,77013-5036,29.785659790039062,-95.21932983398438,Overture Places 2026-07-22.0,2026-07-22,open,packet_ready,primary_store_candidate
McDonald's,14f4155c-d7e5-4090-999f-1a72fcc3601a,McDonald's,5301 East Fwy,Houston,TX,77020-4758,29.77499771118164,-95.31717681884766,Overture Places 2026-07-22.0,2026-07-22,open,packet_ready,primary_store_candidate
McDonald's,5eff64ec-5f45-4a9b-84d1-2dd99928f15f,McDonald's,5401 Telephone Rd,Houston,TX,77087-4413,29.685609817504883,-95.29618072509766,Overture Places 2026-07-22.0,2026-07-22,open,packet_ready,primary_store_candidate
McDonald's,785ba45c-c339-46ae-9c72-5403e792f349,McDonald's,5414 Airline Dr,Houston,TX,77076-4902,29.84626007080078,-95.38407897949219,Overture Places 2026-07-22.0,2026-07-22,open,packet_ready,primary_store_candidate
McDonald's,e20ab34b-d5a5-420d-898b-ba244846e533,McDonald's,5505 Lockwood Dr,Houston,TX,77026-1918,29.810222625732422,-95.31774139404297,Overture Places 2026-07-22.0,2026-07-22,open,packet_ready,primary_store_candidate
McDonald's,152b9717-292c-48c6-8b91-8c8ea7ed6b0b,McDonald's,5512 Bellaire Blvd,Houston,TX,77081-5616,29.706024169921875,-95.47802734375,Overture Places 2026-07-22.0,2026-07-22,open,packet_ready,primary_store_candidate
McDonald's,ef6a267f-f0f6-4eb2-8b70-933ece06153d,McDonald's,5655 E Sam Houston Pkwy N,Houston,TX,77015-3250,29.806564331054688,-95.1651840209961,Overture Places 2026-07-22.0,2026-07-22,open,packet_ready,primary_store_candidate
McDonald's,c4e6a4b2-f632-418c-8c66-617e9f7f0d59,McDonald's,5800 S Gessner Rd,Houston,TX,77036-2606,29.717357635498047,-95.5394287109375,Overture Places 2026-07-22.0,2026-07-22,open,packet_ready,primary_store_candidate
McDonald's,83cc2e75-0210-4c27-997c-a07a1e21b732,McDonald's,5911 S Braeswood Blvd,Houston,TX,77096-3813,29.677392959594727,-95.4940185546875,Overture Places 2026-07-22.0,2026-07-22,open,packet_ready,primary_store_candidate
McDonald's,893532c9-30b2-4e44-b4d0-10ab5d28d3ef,McDonald's,6000 Gulf Fwy,Houston,TX,77023-5418,29.712890625,-95.31348419189453,Overture Places 2026-07-22.0,2026-07-22,open,packet_ready,primary_store_candidate
McDonald's,e02dce64-b64d-457a-be2f-23c131fd7406,McDonald's,6000 Richmond Ave,Houston,TX,77057-6208,29.731962203979492,-95.48473358154297,Overture Places 2026-07-22.0,2026-07-22,open,packet_ready,primary_store_candidate
McDonald's,396d579e-84e9-48e7-b003-1e728cc24583,McDonald's,6031 North Fwy,Houston,TX,77076-3913,29.853925704956055,-95.39945983886719,Overture Places 2026-07-22.0,2026-07-22,open,packet_ready,primary_store_candidate
McDonald's,2b5794f4-11af-48c3-8b67-dfa69eb4c626,McDonald's,6330 N Eldridge Pkwy,Houston,TX,77041-3504,29.864009857177734,-95.60772705078125,Overture Places 2026-07-22.0,2026-07-22,open,packet_ready,primary_store_candidate
McDonald's,93db6a4c-ee78-4075-803a-a7264811e853,McDonald's,6509 Washington Ave,Houston,TX,77007-2112,29.77549934387207,-95.42724609375,Overture Places 2026-07-22.0,2026-07-22,open,packet_ready,primary_store_candidate
McDonald's,3f183878-8b7f-4017-8194-5582a99d6f09,McDonald's,6615 Tidwell Rd,Houston,TX,77016-4823,29.8488712310791,-95.30306243896484,Overture Places 2026-07-22.0,2026-07-22,open,packet_ready,primary_store_candidate
McDonald's,3e1997bb-331d-4487-9413-e672dcad979f,McDonald's,6707 W Sam Houston Pkwy S,Houston,TX,77072-1615,29.704038619995117,-95.55613708496094,Overture Places 2026-07-22.0,2026-07-22,open,packet_ready,primary_store_candidate
McDonald's,4a7374bd-f2de-4e72-9f9d-a8b5c99574ed,McDonald's,6815 Harrisburg Blvd,Houston,TX,77011-4625,29.737016677856445,-95.30536651611328,Overture Places 2026-07-22.0,2026-07-22,open,packet_ready,primary_store_candidate
McDonald's,07bfa360-bcab-4fb5-9470-0b605b7262ae,McDonald's,6901 TX-6 S,Houston,TX,77083-3303,29.702394485473633,-95.64347076416016,Overture Places 2026-07-22.0,2026-07-22,open,packet_ready,primary_store_candidate
McDonald's,41d8b093-2edc-44d3-abcb-e0b80208e41b,McDonald's,6924 Antoine Dr,Houston,TX,77091-1212,29.862306594848633,-95.47295379638672,Overture Places 2026-07-22.0,2026-07-22,open,packet_ready,primary_store_candidate
McDonald's,b476dd93-e812-4525-b739-da3de76b60f5,McDonald's,6950 Woodridge Dr,Houston,TX,77087-2717,29.702880859375,-95.29434967041016,Overture Places 2026-07-22.0,2026-07-22,open,packet_ready,primary_store_candidate
McDonald's,f998a3f9-3303-42cc-87ff-d4ce6cbecad2,McDonald's,7302 Highway 6 N,Houston,TX,77095-2512,29.884170532226562,-95.64420318603516,Overture Places 2026-07-22.0,2026-07-22,open,packet_ready,primary_store_candidate
McDonald's,f5f17678-8832-40f8-9333-bbf311d7af38,McDonald's,7410 Cullen Blvd,Houston,TX,77051-1714,29.6798095703125,-95.35633087158203,Overture Places 2026-07-22.0,2026-07-22,open,packet_ready,primary_store_candidate
McDonald's,2925bc08-a9ca-4de4-bc3b-0728495bd55c,McDonald's,7518 North Fwy,Houston,TX,77037-4202,29.870590209960938,-95.40742492675781,Overture Places 2026-07-22.0,2026-07-22,open,packet_ready,primary_store_candidate
McDonald's,0b3b748a-c282-4664-82a8-eef4dcf91c6f,McDonald's,7606 Westheimer Rd,Houston,TX,77063-4617,29.738176345825195,-95.50247192382812,Overture Places 2026-07-22.0,2026-07-22,open,packet_ready,primary_store_candidate
McDonald's,9b2ee7e3-22e0-4804-93a5-711bcd3f420d,McDonald's,7850 W Tidwell Rd,Houston,TX,77040-5702,29.851938247680664,-95.50863647460938,Overture Places 2026-07-22.0,2026-07-22,open,packet_ready,primary_store_candidate
McDonald's,16d2fce8-6eee-4ac1-8f88-756345ef32be,McDonald's,8010 S Gessner Rd,Houston,TX,77036-7418,29.690290451049805,-95.53498840332031,Overture Places 2026-07-22.0,2026-07-22,open,packet_ready,primary_store_candidate
McDonald's,18c0a3f4-7cdf-47f2-a212-712dc1672da4,McDonald's,8147 Katy Fwy,Houston,TX,77024-1909,29.78298568725586,-95.48341369628906,Overture Places 2026-07-22.0,2026-07-22,open,packet_ready,primary_store_candidate
McDonald's,77a91301-e30c-4a8a-b19d-d5b8961cc626,McDonald's,8325 Broadway St,Houston,TX,77061-1801,29.671478271484375,-95.27655792236328,Overture Places 2026-07-22.0,2026-07-22,open,packet_ready,primary_store_candidate
McDonald's,da1dad31-47e8-436e-b050-13ab605ad5c6,McDonald's,8520 Bissonnet St,Houston,TX,77074-3910,29.677440643310547,-95.5280990600586,Overture Places 2026-07-22.0,2026-07-22,open,packet_ready,primary_store_candidate
McDonald's,d6a39f6e-d146-4cc5-977f-e5b77d157c0e,McDonald's,8543 C E King Pkwy,Houston,TX,77044-2001,29.8485107421875,-95.2148666381836,Overture Places 2026-07-22.0,2026-07-22,open,packet_ready,primary_store_candidate
McDonald's,6899a961-d098-4e8d-aa18-ac8d0ee42fd6,McDonald's,8920 Clearwood Dr,Houston,TX,77075-1802,29.640703201293945,-95.24433898925781,Overture Places 2026-07-22.0,2026-07-22,open,packet_ready,primary_store_candidate
McDonald's,7faba28f-0659-4fbb-a46c-6472757e1699,McDonald's,8940 W Sam Houston Pkwy N,Houston,TX,77040-5319,29.901317596435547,-95.5517807006836,Overture Places 2026-07-22.0,2026-07-22,open,packet_ready,primary_store_candidate
McDonald's,73f75110-3264-4533-8fd0-dadff555c0bb,McDonald's,900 Gessner Rd,Houston,TX,77024-2505,29.780372619628906,-95.54020690917969,Overture Places 2026-07-22.0,2026-07-22,open,packet_ready,primary_store_candidate
McDonald's,eb485d71-f577-4416-8827-ded58af50f8f,McDonald's,9126 Cullen Blvd,Houston,TX,77051-2818,29.65883445739746,-95.35589599609375,Overture Places 2026-07-22.0,2026-07-22,open,packet_ready,primary_store_candidate
McDonald's,191cc812-2201-41aa-b08b-e21670af8c2f,McDonald's,9303 Katy Fwy,Houston,TX,77024-1502,29.783203125,-95.52067565917969,Overture Places 2026-07-22.0,2026-07-22,open,packet_ready,primary_store_candidate
McDonald's,52da57d8-c35b-4cab-b6c5-c759806842e0,McDonald's,9310 Highway 6 S,Houston,TX,77083-6380,29.67807388305664,-95.64424896240234,Overture Places 2026-07-22.0,2026-07-22,open,packet_ready,primary_store_candidate
McDonald's,bcad042e-8d66-4c02-ad94-7c277f84c173,McDonald's,9351 Cypress Creek Pkwy,Houston,TX,77070-6212,29.946218490600586,-95.56349182128906,Overture Places 2026-07-22.0,2026-07-22,open,packet_ready,primary_store_candidate
McDonald's,ab211688-01bc-4f24-9d93-1e640b3e65bb,McDonald's,940 N Wilcrest Dr,Houston,TX,77079-3504,29.783367156982422,-95.57537078857422,Overture Places 2026-07-22.0,2026-07-22,open,packet_ready,primary_store_candidate
McDonald's,0b372e99-e1cb-44f5-a50a-7e380bdb5ab5,McDonald's,9411 Jensen Dr,Houston,TX,77093-6820,29.847122192382812,-95.34333038330078,Overture Places 2026-07-22.0,2026-07-22,open,packet_ready,primary_store_candidate
McDonald's,d937fd49-c158-4c35-89e8-0c0263150a9c,McDonald's,9452 Jones Rd,Houston,TX,77065-4409,29.90913200378418,-95.58419036865234,Overture Places 2026-07-22.0,2026-07-22,open,packet_ready,primary_store_candidate
McDonald's,42fff02c-90b8-49ca-8d0d-08b19c11df5f,McDonald's,9460 W Sam Houston Pkwy S,Houston,TX,77099-1850,29.67963981628418,-95.56158447265625,Overture Places 2026-07-22.0,2026-07-22,open,packet_ready,primary_store_candidate
McDonald's,f7261319-8e6a-4cc1-a86f-4f57b4025f4d,McDonald's,9601 Westheimer Rd,Houston,TX,77063-3204,29.736858367919922,-95.53563690185547,Overture Places 2026-07-22.0,2026-07-22,open,packet_ready,primary_store_candidate
McDonald's,80905ba1-2bab-41cb-bc1a-06dd7904d26e,McDonald's,9805 S Main St,Houston,TX,77025,29.67831802368164,-95.42605590820312,Overture Places 2026-07-22.0,2026-07-22,open,packet_ready,primary_store_candidate
McDonald's,01ed05be-9db4-4c63-a981-d4496536c481,McDonald's,Walmart Supercenter 9598 Rowlett Rd,Houston,TX,77075,29.630523681640625,-95.23725891113281,Overture Places 2026-07-22.0,2026-07-22,open,packet_ready,primary_store_candidate
McDonald's,deddd0e5-ade7-44aa-bbff-56307a2b2076,McDonald's,2980 Fort Worth Hwy,Hudson Oaks,TX,76087-4927,32.756465911865234,-97.71112823486328,Overture Places 2026-07-22.0,2026-07-22,open,packet_ready,primary_store_candidate
McDonald's,037f322c-71d4-4912-a4fa-8260e6c997d5,McDonald's,13755 Will Clayton Pkwy,Humble,TX,77346-3787,29.981033325195312,-95.16490173339844,Overture Places 2026-07-22.0,2026-07-22,open,packet_ready,primary_store_candidate
McDonald's,bbf1e318-e2b2-4e8d-b785-8dff495a11e7,McDonald's,15015 Mesa Dr,Humble,TX,77396-4717,29.939603805541992,-95.26885223388672,Overture Places 2026-07-22.0,2026-07-22,open,packet_ready,primary_store_candidate
McDonald's,eb046861-0b58-4d5b-9b0e-0f64226f2d3b,McDonald's,152 W 1st St,Humble,TX,77338-3622,30.002689361572266,-95.26805877685547,Overture Places 2026-07-22.0,2026-07-22,open,packet_ready,primary_store_candidate
McDonald's,e5113011-35d8-4405-ad70-c74670d90c62,McDonald's,3110 FM 1960 Rd E,Humble,TX,77338,30.019577026367188,-95.37944030761719,Overture Places 2026-07-22.0,2026-07-22,open,packet_ready,primary_store_candidate
McDonald's,8aa29e5f-660b-4470-b9c9-b33910ee4bfd,McDonald's,6904 FM 1960 Rd E,Humble,TX,77346-2706,29.997760772705078,-95.17318725585938,Overture Places 2026-07-22.0,2026-07-22,open,packet_ready,primary_store_candidate
McDonald's,4230adba-3cf2-4426-aac4-34734ecf4268,McDonald's,8425 FM-1960 W,Humble,TX,77338-4013,30.005386352539062,-95.29790496826172,Overture Places 2026-07-22.0,2026-07-22,open,packet_ready,primary_store_candidate
McDonald's,88491395-4f99-4f3a-b3dc-eb4cb7c7bb28,McDonald's,9021 Will Clayton Pkwy,Humble,TX,77338-5862,29.979515075683594,-95.24801635742188,Overture Places 2026-07-22.0,2026-07-22,open,packet_ready,primary_store_candidate
McDonald's,fdff07e0-25d5-4303-8f1e-86da7b363eb9,McDonald's,9235 N Sam Houston Pkwy E,Humble,TX,77396-3160,29.93663787841797,-95.25238037109375,Overture Places 2026-07-22.0,2026-07-22,open,packet_ready,primary_store_candidate
McDonald's,81f0b6e4-6310-474a-88a6-b514295754dd,McDonald's,2502 Sam Houston Ave,Huntsville,TX,77340-6153,30.70600700378418,-95.54583740234375,Overture Places 2026-07-22.0,2026-07-22,open,packet_ready,primary_store_candidate
McDonald's,ec37172d-51bd-4932-b74f-3bf86728247b,McDonald's,2719 11th St,Huntsville,TX,77340-3730,30.718055725097656,-95.5677261352539,Overture Places 2026-07-22.0,2026-07-22,open,packet_ready,primary_store_candidate
McDonald's,4d7c9830-2600-4067-b822-4e7a602a6416,McDonald's,1401 W Pipeline Rd,Hurst,TX,76053-4628,32.82319641113281,-97.20246124267578,Overture Places 2026-07-22.0,2026-07-22,open,packet_ready,primary_store_candidate
McDonald's,cf83ed29-50f7-4c63-96fa-bcc3eefdff87,McDonald's,201 E Pipeline Rd,Hurst,TX,76053,32.823997497558594,-97.16502380371094,Overture Places 2026-07-22.0,2026-07-22,open,packet_ready,primary_store_candidate
McDonald's,7c42e577-e5da-4fae-8715-75c1c0abc3b5,McDonald's,450 Grapevine Hwy,Hurst,TX,76054-2743,32.86555862426758,-97.17487335205078,Overture Places 2026-07-22.0,2026-07-22,open,packet_ready,primary_store_candidate
McDonald's,6b98fd83-2678-4bdd-800e-1dd26f2993ce,McDonald's,769 W Airport Fwy,Hurst,TX,76053-3954,32.83871078491211,-97.18450927734375,Overture Places 2026-07-22.0,2026-07-22,open,packet_ready,primary_store_candidate
McDonald's,782207a7-2694-4f3e-8923-852b0aad0379,McDonald's,108 N Interstate 45 Service Rd,Hutchins,TX,75141-4051,32.64986801147461,-96.70697784423828,Overture Places 2026-07-22.0,2026-07-22,open,packet_ready,primary_store_candidate
McDonald's,37f1b67a-59c6-4396-b7f0-22e421c64560,McDonald's,4929 Gattis School Rd,Hutto,TX,78634-2155,30.500307083129883,-97.58294677734375,Overture Places 2026-07-22.0,2026-07-22,open,packet_ready,primary_store_candidate
McDonald's,e2f5726b-3803-44a8-adee-cb8ce0883456,McDonald's,608 W Highway 79,Hutto,TX,78634-5326,30.541492462158203,-97.55937957763672,Overture Places 2026-07-22.0,2026-07-22,open,packet_ready,primary_store_candidate
McDonald's,bbe628ee-8cba-47d9-ac61-68bcd51f4496,McDonald's,401 SW Access Rd,Iowa Park,TX,76367-1290,33.965152740478516,-98.67161560058594,Overture Places 2026-07-22.0,2026-07-22,open,packet_ready,primary_store_candidate
McDonald's,ccfca3c4-2484-4416-9600-525a851b0ba4,McDonald's,1308 E Airport Fwy,Irving,TX,75062-4817,32.83618927001953,-96.92948913574219,Overture Places 2026-07-22.0,2026-07-22,open,packet_ready,primary_store_candidate
McDonald's,b76595fd-678a-4452-a0e5-dfd13ddd14a3,McDonald's,2410 N Story Rd,Irving,TX,75062-7068,32.839778900146484,-96.9760513305664,Overture Places 2026-07-22.0,2026-07-22,open,packet_ready,primary_store_candidate
McDonald's,b2376560-c319-4b76-9ee2-ec4912813d34,McDonald's,302 W Irving Blvd,Irving,TX,75060-2921,32.81361389160156,-96.94892883300781,Overture Places 2026-07-22.0,2026-07-22,open,packet_ready,primary_store_candidate
McDonald's,cc6894ca-cf9c-43a2-8229-b58ee2bca2c1,McDonald's,4098 N Belt Line Rd,Irving,TX,75038-5043,32.86470413208008,-96.99109649658203,Overture Places 2026-07-22.0,2026-07-22,open,packet_ready,primary_store_candidate
McDonald's,9db7d9ad-58c6-4785-8477-14b56c3fc045,McDonald's,4202 W Airport Fwy,Irving,TX,75062-5915,32.83562469482422,-97.01029968261719,Overture Places 2026-07-22.0,2026-07-22,open,packet_ready,primary_store_candidate
McDonald's,af4f3e05-558d-4d4e-8704-6a8e25597cc3,McDonald's,4959 N O'Connor Rd,Irving,TX,75062-2719,32.86678695678711,-96.94636535644531,Overture Places 2026-07-22.0,2026-07-22,open,packet_ready,primary_store_candidate
McDonald's,610c6b39-46d9-4afe-9707-b905fc3ca70c,McDonald's,5220 N MacArthur Blvd,Irving,TX,75038-3807,32.878414154052734,-96.9626693725586,Overture Places 2026-07-22.0,2026-07-22,open,packet_ready,primary_store_candidate
McDonald's,0af5377e-32ed-4714-95ef-4a402122731b,McDonald's,750 W Lyndon B Johnson Fwy,Irving,TX,75063-3713,32.913795471191406,-96.95732879638672,Overture Places 2026-07-22.0,2026-07-22,open,packet_ready,primary_store_candidate
McDonald's,cb336762-d390-4804-abcd-f465e1fd3451,McDonald's,8435 N Belt Line Rd,Irving,TX,75063-6088,32.92143249511719,-96.99440002441406,Overture Places 2026-07-22.0,2026-07-22,open,packet_ready,primary_store_candidate
McDonald's,fb3aad19-b878-43e7-af57-c41e57b684c3,McDonald's,950 S Belt Line Rd,Irving,TX,75060-2124,32.80461120605469,-96.99430847167969,Overture Places 2026-07-22.0,2026-07-22,open,packet_ready,primary_store_candidate
McDonald's,84b55c34-d926-4b5d-ac7c-e7b7e6c5e296,McDonald's,100 Kinfolks Ln,Italy,TX,76651,32.19645690917969,-96.89806365966797,Overture Places 2026-07-22.0,2026-07-22,open,packet_ready,primary_store_candidate
McDonald's,6a89cbd8-fe50-4224-925a-ef9c04f22249,McDonald's,402 S Jackson St,Jacksonville,TX,75766-4916,31.962562561035156,-95.26947021484375,Overture Places 2026-07-22.0,2026-07-22,open,packet_ready,primary_store_candidate
McDonald's,306ba7ab-9d5d-4679-805d-4c364f31fa2c,McDonald's,11640 I-35 N,Jarrell,TX,76537-1486,30.810527801513672,-97.61209869384766,Overture Places 2026-07-22.0,2026-07-22,open,packet_ready,primary_store_candidate
McDonald's,22eb09de-4988-4641-bd21-078cc8798a08,McDonald's,1265 S Wheeler St,Jasper,TX,75951-5119,30.909334182739258,-93.99540710449219,Overture Places 2026-07-22.0,2026-07-22,open,packet_ready,primary_store_candidate
McDonald's,6ca46004-4b2f-474c-bd6f-2fc75b2d0c50,McDonald's,109 S Walcott St,Jefferson,TX,75657-1735,32.760643005371094,-94.35548400878906,Overture Places 2026-07-22.0,2026-07-22,open,packet_ready,primary_store_candidate
McDonald's,b8d2d267-4b89-4678-9ce2-81b12409cf6c,McDonald's,2416 N Main St,Junction,TX,76849,30.509057998657227,-99.77287292480469,Overture Places 2026-07-22.0,2026-07-22,open,packet_ready,primary_store_candidate
McDonald's,6befa633-2e9b-4d6f-bab6-5e564c41abb0,McDonald's,1280 Tx-114,Justin,TX,76247,33.034637451171875,-97.33051300048828,Overture Places 2026-07-22.0,2026-07-22,open,packet_ready,primary_store_candidate
McDonald's,ce6531fa-53e9-4c75-8d63-4d39413c3c59,McDonald's,1313 Fry Rd,Katy,TX,77449-3343,29.789203643798828,-95.72184753417969,Overture Places 2026-07-22.0,2026-07-22,open,packet_ready,primary_store_candidate
McDonald's,5dcdcc73-62ce-4260-ad38-2c636b1fb7a4,McDonald's,1845 N Fry Rd,Katy,TX,77449-3386,29.793317794799805,-95.71952056884766,Overture Places 2026-07-22.0,2026-07-22,open,packet_ready,primary_store_candidate
McDonald's,8889c534-ef58-4b2e-a861-4f610d248fe4,McDonald's,22003 Katy Fwy,Katy,TX,77450-1739,29.78300666809082,-95.75321960449219,Overture Places 2026-07-22.0,2026-07-22,open,packet_ready,primary_store_candidate
McDonald's,debf8986-4657-41b6-a735-ab9dbb882f4c,McDonald's,22148 Westheimer Pkwy,Katy,TX,77450-8296,29.734464645385742,-95.75376892089844,Overture Places 2026-07-22.0,2026-07-22,open,packet_ready,primary_store_candidate
McDonald's,c3696fbb-422f-431d-9fa1-1bc793b9ab8c,McDonald's,22914 Morton Rd,Katy,TX,77449-2156,29.817581176757812,-95.76937866210938,Overture Places 2026-07-22.0,2026-07-22,open,packet_ready,primary_store_candidate
McDonald's,cffbd4ad-719d-4de5-a8a4-3db638217bbb,McDonald's,24730 Morton Ranch Rd,Katy,TX,77493,29.817344665527344,-95.8033218383789,Overture Places 2026-07-22.0,2026-07-22,open,packet_ready,primary_store_candidate
McDonald's,ec173285-25d3-4d21-aa17-b4ee2fea1843,McDonald's,25238 Farm To Market 1093,Katy,TX,77494,29.697744369506836,-95.81570434570312,Overture Places 2026-07-22.0,2026-07-22,open,packet_ready,primary_store_candidate
McDonald's,e6dcf649-66f2-4787-871e-e38cf01177dd,McDonald's,25647 Westheimer Pkwy,Katy,TX,77494-1401,29.74979019165039,-95.7988510131836,Overture Places 2026-07-22.0,2026-07-22,open,packet_ready,primary_store_candidate
McDonald's,5514ad6a-a6d8-4a04-8832-d7dc05fc0e38,McDonald's,26149 Katy Fwy,Katy,TX,77494-1386,29.776336669921875,-95.831298828125,Overture Places 2026-07-22.0,2026-07-22,open,packet_ready,primary_store_candidate
McDonald's,d52c9bbd-cbae-4166-b24a-0dd69a61158c,McDonald's,27140 Cinco Ranch Blvd,Katy,TX,77494-2664,29.715595245361328,-95.81383514404297,Overture Places 2026-07-22.0,2026-07-22,open,packet_ready,primary_store_candidate
McDonald's,5c44ecee-51d3-4943-9b16-04db157025aa,McDonald's,3010 Fm 1463 Rd.,Katy,TX,77494,29.745975494384766,-95.85343933105469,Overture Places 2026-07-22.0,2026-07-22,open,packet_ready,primary_store_candidate
McDonald's,45e03e59-11fb-40c3-aaa0-745e11976fd0,McDonald's,406 S Fry Rd,Katy,TX,77450-2213,29.780574798583984,-95.71856689453125,Overture Places 2026-07-22.0,2026-07-22,open,packet_ready,primary_store_candidate
McDonald's,74bc2a36-f3c9-4ea1-86e6-d9aba7be5a60,McDonald's,5701 Highway Blvd,Katy,TX,77494-1204,29.7855224609375,-95.82261657714844,Overture Places 2026-07-22.0,2026-07-22,open,packet_ready,primary_store_candidate
McDonald's,adcb4d57-e2a0-4215-9625-0b1b15bc4f39,McDonald's,6060 Fry Rd,Katy,TX,77449,29.860145568847656,-95.71699523925781,Overture Places 2026-07-22.0,2026-07-22,open,packet_ready,primary_store_candidate
McDonald's,db631858-a471-40b9-92bc-a6508ebdff2c,McDonald's,6110 Fry Rd,Katy,TX,77449-5562,29.862218856811523,-95.71997833251953,Overture Places 2026-07-22.0,2026-07-22,open,packet_ready,primary_store_candidate
McDonald's,02e6b0d1-b208-4f2f-8ad9-8da89046af1d,McDonald's,6748 FM 1463 Rd,Katy,TX,77494-7970,29.696033477783203,-95.846923828125,Overture Places 2026-07-22.0,2026-07-22,open,packet_ready,primary_store_candidate
McDonald's,f1011967-d5b0-4e9e-9962-c78360ecc709,McDonald's,7104 S Fry Rd,Katy,TX,77494-8408,29.716489791870117,-95.77806854248047,Overture Places 2026-07-22.0,2026-07-22,open,packet_ready,primary_store_candidate
McDonald's,a69ab6e8-775f-45e5-aa9b-1b5c416652f9,McDonald's,2205 S Washington,Kaufman,TX,75142,32.57263946533203,-96.310302734375,Overture Places 2026-07-22.0,2026-07-22,open,packet_ready,primary_store_candidate
McDonald's,c1804472-9983-43d1-94ac-fcff65b744e6,McDonald's,2001 Rufe Snow Dr,Keller,TX,76248-5634,32.898529052734375,-97.23798370361328,Overture Places 2026-07-22.0,2026-07-22,open,packet_ready,primary_store_candidate
McDonald's,7acebe6a-3db6-4af3-97bc-0497d56c00c4,McDonald's,989 E Price St,Keller,TX,76248-3610,32.93473434448242,-97.22969818115234,Overture Places 2026-07-22.0,2026-07-22,open,packet_ready,primary_store_candidate
McDonald's,2de799db-9958-42c0-9ec7-5c8ce1c5e52b,McDonald's,109 N Sunset Strip Dr,Kenedy,TX,78119-2208,28.814817428588867,-97.85901641845703,Overture Places 2026-07-22.0,2026-07-22,open,packet_ready,primary_store_candidate
McDonald's,97337526-8421-4c97-a5c4-4070a1a617ed,McDonald's,1298 Mansfield Hwy,Kennedale,TX,76140,32.66481018066406,-97.2398452758789,Overture Places 2026-07-22.0,2026-07-22,open,packet_ready,primary_store_candidate
McDonald's,104eeee2-b3d6-482f-beab-65e1f6c2c5c5,McDonald's,902 TX-302,Kermit,TX,79745,31.852991104125977,-103.07101440429688,Overture Places 2026-07-22.0,2026-07-22,open,packet_ready,primary_store_candidate
McDonald's,99310d6b-b27a-4b5e-9f22-29e1ed129007,McDonald's,1308 Junction Hwy,Kerrville,TX,78028-4807,30.062679290771484,-99.17091369628906,Overture Places 2026-07-22.0,2026-07-22,open,packet_ready,primary_store_candidate
McDonald's,0779e598-54a2-4c8d-9a23-c19f17ba8bea,McDonald's,2128 Sidney Baker St,Kerrville,TX,78028-2535,30.06902313232422,-99.11341094970703,Overture Places 2026-07-22.0,2026-07-22,open,packet_ready,primary_store_candidate
McDonald's,18bc1d21-1c72-45f6-ad59-1957c530b3a6,McDonald's,600 Sidney Baker St,Kerrville,TX,78028-4556,30.05007553100586,-99.13784790039062,Overture Places 2026-07-22.0,2026-07-22,open,packet_ready,primary_store_candidate
McDonald's,75cd82c6-4b58-420b-a924-19c3abe6db8f,McDonald's,906 US-259 N,Kilgore,TX,75662-6046,32.38969421386719,-94.86519622802734,Overture Places 2026-07-22.0,2026-07-22,open,packet_ready,primary_store_candidate
McDonald's,584251a3-79fe-479e-ab80-136e2ace0dfc,McDonald's,109 E Rancier Ave,Killeen,TX,76541-3422,31.126482009887695,-97.72730255126953,Overture Places 2026-07-22.0,2026-07-22,open,packet_ready,primary_store_candidate
McDonald's,7f68c583-8422-4e95-99a1-bb7ca5903408,McDonald's,1105 S Fort Hood St,Killeen,TX,76541-7451,31.110342025756836,-97.7481460571289,Overture Places 2026-07-22.0,2026-07-22,open,packet_ready,primary_store_candidate
McDonald's,31213f46-c144-4930-a800-1fb2f22a71e7,McDonald's,2102 E Veterans Memorial Blvd,Killeen,TX,76541-7362,31.108739852905273,-97.71507263183594,Overture Places 2026-07-22.0,2026-07-22,open,packet_ready,primary_store_candidate
McDonald's,83b4075d-baf8-41e9-8faf-fc8d419da1bd,McDonald's,3700 S Clear Creek Rd,Killeen,TX,76549,31.101768493652344,-97.8033676147461,Overture Places 2026-07-22.0,2026-07-22,open,packet_ready,primary_store_candidate
McDonald's,a0c45589-d97b-489f-9d0e-28a2ba3e6c03,McDonald's,4300 E Central Texas Expy,Killeen,TX,76543,31.079374313354492,-97.69942474365234,Overture Places 2026-07-22.0,2026-07-22,open,packet_ready,primary_store_candidate
McDonald's,a0135998-e772-4da0-aa37-22b912871596,McDonald's,4622 S Fort Hood St,Killeen,TX,76542-3371,31.078378677368164,-97.75714874267578,Overture Places 2026-07-22.0,2026-07-22,open,packet_ready,primary_store_candidate
McDonald's,d33df1c0-3c50-42e6-a09d-9c42957e0685,McDonald's,208 S 14th St,Kingsville,TX,78363-5839,27.515575408935547,-97.85575103759766,Overture Places 2026-07-22.0,2026-07-22,open,packet_ready,primary_store_candidate
McDonald's,f93aa944-2d5f-4b76-a7cc-65dfca7ff206,McDonald's,2702 S US-77 Byp,Kingsville,TX,78363-9669,27.490821838378906,-97.84587097167969,Overture Places 2026-07-22.0,2026-07-22,open,packet_ready,primary_store_candidate
McDonald's,1b128cf6-605c-4f1d-a5be-8a59bc2a6917,McDonald's,2162 North Park Dr,Kingwood,TX,77339,30.06815528869629,-95.21501922607422,Overture Places 2026-07-22.0,2026-07-22,open,packet_ready,primary_store_candidate
McDonald's,95c3e3cb-5a30-48db-b090-9afece02259a,McDonald's,25669 US-59,Kingwood,TX,77339,30.070409774780273,-95.24446868896484,Overture Places 2026-07-22.0,2026-07-22,open,packet_ready,primary_store_candidate
McDonald's,83d857be-578c-47c7-ab8f-5e31575480a6,McDonald's,4406 Kingwood Dr,Kingwood,TX,77339-3708,30.049102783203125,-95.18544006347656,Overture Places 2026-07-22.0,2026-07-22,open,packet_ready,primary_store_candidate
McDonald's,1e65ef38-4f1a-4f22-8ae7-294faaa2f0b8,McDonald's,18775 Ih 35,Kyle,TX,78640,30.034133911132812,-97.844970703125,Overture Places 2026-07-22.0,2026-07-22,open,packet_ready,primary_store_candidate
McDonald's,77648bbb-1d64-4aea-8c2d-4af4a84db78d,McDonald's,5325 Kyle Center Dr,Kyle,TX,78640-6318,30.011350631713867,-97.86277770996094,Overture Places 2026-07-22.0,2026-07-22,open,packet_ready,primary_store_candidate
McDonald's,a23e4a7f-62b9-4bb3-82f5-ba3fe66a7e80,McDonald's,204 E TX-83-EXPY,La Feria,TX,78559,26.164966583251953,-97.82280731201172,Overture Places 2026-07-22.0,2026-07-22,open,packet_ready,primary_store_candidate
McDonald's,d89290d5-6367-4bb3-8e0d-eea793082622,McDonald's,2304 W Travis St,La Grange,TX,78945-5028,29.904708862304688,-96.91044616699219,Overture Places 2026-07-22.0,2026-07-22,open,packet_ready,primary_store_candidate
McDonald's,b97d6f3d-d551-405a-bfd5-93fa2bc09e9c,McDonald's,401 E Expressway 83,La Joya,TX,78560,26.24823760986328,-98.4753189086914,Overture Places 2026-07-22.0,2026-07-22,open,packet_ready,primary_store_candidate
McDonald's,47fc06ee-9777-4c3d-9924-bfed3604dd37,McDonald's,2300 Gulf Fwy,La Marque,TX,77568-4916,29.35890007019043,-94.98101806640625,Overture Places 2026-07-22.0,2026-07-22,open,packet_ready,primary_store_candidate
McDonald's,6b3dcb3a-ff04-43be-973e-3e165b0239e1,McDonald's,2701 Fm 1764,La Marque,TX,77568,29.400985717773438,-95.03450775146484,Overture Places 2026-07-22.0,2026-07-22,open,packet_ready,primary_store_candidate
McDonald's,5949a956-3c92-4f48-a2c2-77ebc7917403,McDonald's,6410 Gulf Fwy,La Marque,TX,77568-3085,29.40279769897461,-95.03760528564453,Overture Places 2026-07-22.0,2026-07-22,open,packet_ready,primary_store_candidate
McDonald's,e4b9954b-be2f-4263-9bab-2854a05ff0ca,McDonald's,1102 S 8th St,La Porte,TX,77571-6202,29.651899337768555,-95.02761840820312,Overture Places 2026-07-22.0,2026-07-22,open,packet_ready,primary_store_candidate
McDonald's,a38f9296-7f63-4ee5-8945-4e39c6e42087,McDonald's,9323 Spencer Hwy,La Porte,TX,77571-3876,29.66465187072754,-95.09369659423828,Overture Places 2026-07-22.0,2026-07-22,open,packet_ready,primary_store_candidate
McDonald's,364ee3b8-1186-422b-8faa-a1d530e9ccf0,McDonald's,14091 US Highway 87 W,La Vernia,TX,78121-5963,29.356809616088867,-98.1301498413086,Overture Places 2026-07-22.0,2026-07-22,open,packet_ready,primary_store_candidate
McDonald's,6d508681-c6ab-4349-a621-0b6b718700e0,McDonald's,4503 Interstate 35 N,Lacy-Lakeview,TX,76705-7006,31.60512351989746,-97.10758209228516,Overture Places 2026-07-22.0,2026-07-22,open,packet_ready,primary_store_candidate
McDonald's,b937cc33-55d5-47e1-8995-736d55cdb36f,McDonald's,118 Highway 332 W,Lake Jackson,TX,77566-4014,29.048791885375977,-95.46160888671875,Overture Places 2026-07-22.0,2026-07-22,open,packet_ready,primary_store_candidate
McDonald's,3de034fb-1feb-466a-a6ba-2391209a2fa2,McDonald's,505 N Dallas Ave,Lamesa,TX,79331-4612,32.737606048583984,-101.9510726928711,Overture Places 2026-07-22.0,2026-07-22,open,packet_ready,primary_store_candidate
McDonald's,b4151fb5-b977-49f1-9dd6-de94007b3de3,McDonald's,804 S Key Ave,Lampasas,TX,76550-3152,31.060338973999023,-98.18103790283203,Overture Places 2026-07-22.0,2026-07-22,open,packet_ready,primary_store_candidate
McDonald's,c23cba8e-3dd5-46fe-8f8a-5bcb846a9014,McDonald's,1463 W Pleasant Run Rd,Lancaster,TX,75146-1327,32.604793548583984,-96.7877197265625,Overture Places 2026-07-22.0,2026-07-22,open,packet_ready,primary_store_candidate
McDonald's,7e3b4b4f-572f-4df9-a2a2-7df440bd7e96,McDonald's,102 W Del Mar Blvd,Laredo,TX,78041-2203,27.567487716674805,-99.50154113769531,Overture Places 2026-07-22.0,2026-07-22,open,packet_ready,primary_store_candidate
McDonald's,92ac1ae5-0b14-44bc-bd8e-ad974aefc53c,McDonald's,1101 Uniroyal Dr,Laredo,TX,78045-9406,27.68437957763672,-99.4614028930664,Overture Places 2026-07-22.0,2026-07-22,open,packet_ready,primary_store_candidate
McDonald's,349f2202-4c45-4e47-ba72-89e976868ec5,McDonald's,1120 Santa Ursula Ave,Laredo,TX,78040-4542,27.509414672851562,-99.50379943847656,Overture Places 2026-07-22.0,2026-07-22,open,packet_ready,primary_store_candidate
McDonald's,4ba2fb30-2c1c-4e91-9e53-b5375c8563d8,McDonald's,2101 E Saunders St,Laredo,TX,78041-5430,27.530298233032227,-99.47589111328125,Overture Places 2026-07-22.0,2026-07-22,open,packet_ready,primary_store_candidate
McDonald's,981438a1-5ebd-42d6-8257-3be330523e4d,McDonald's,2301 Guadalupe St,Laredo,TX,78043-3457,27.505966186523438,-99.472900390625,Overture Places 2026-07-22.0,2026-07-22,open,packet_ready,primary_store_candidate
McDonald's,8bf14e3d-8884-4f69-a564-5edfcda7000b,McDonald's,2311 NE Bob Bullock Loop,Laredo,TX,78045-6649,27.61040687561035,-99.47238159179688,Overture Places 2026-07-22.0,2026-07-22,open,packet_ready,primary_store_candidate
McDonald's,00831c62-ccda-4c9c-9c91-66c4c6782e92,McDonald's,2320 Bob Bullock Loop,Laredo,TX,78043-9772,27.518720626831055,-99.45106506347656,Overture Places 2026-07-22.0,2026-07-22,open,packet_ready,primary_store_candidate
McDonald's,5fbf7393-b60d-401d-901c-eef1be5fa04d,McDonald's,2502 US Highway 83,Laredo,TX,78046-6825,27.474546432495117,-99.47612762451172,Overture Places 2026-07-22.0,2026-07-22,open,packet_ready,primary_store_candidate
McDonald's,9b6d6c2c-c029-4f36-a8ae-8338c4fdd495,McDonald's,2515 Jacaman Rd,Laredo,TX,78041-6238,27.558765411376953,-99.44717407226562,Overture Places 2026-07-22.0,2026-07-22,open,packet_ready,primary_store_candidate
McDonald's,b6814d1b-ac31-495a-bad1-11d7a83aa6e1,McDonald's,2615 Bob Bullock Loop,Laredo,TX,78045-6785,27.610595703125,-99.462646484375,Overture Places 2026-07-22.0,2026-07-22,open,packet_ready,primary_store_candidate
McDonald's,fe191a3a-c356-4093-9c4e-1cfdafbfa8e6,McDonald's,3320 Lomas Del Sur Boulevard,Laredo,TX,78046,27.464780807495117,-99.4609603881836,Overture Places 2026-07-22.0,2026-07-22,open,packet_ready,primary_store_candidate
McDonald's,986894f6-86ca-483d-b690-29a14d3801e1,McDonald's,4401 US Highway 83,Laredo,TX,78046-8677,27.453624725341797,-99.4745101928711,Overture Places 2026-07-22.0,2026-07-22,open,packet_ready,primary_store_candidate
McDonald's,13efd9cb-13ab-4164-9985-4c425b599ec8,McDonald's,4717 San Bernardo Ave,Laredo,TX,78041-5721,27.5435733795166,-99.50382995605469,Overture Places 2026-07-22.0,2026-07-22,open,packet_ready,primary_store_candidate
McDonald's,dc9ddac3-6138-4ce1-8a75-f561b95c5b20,McDonald's,4719 US Highway 83,Laredo,TX,78046-7490,27.446866989135742,-99.47734069824219,Overture Places 2026-07-22.0,2026-07-22,open,packet_ready,primary_store_candidate
McDonald's,e85a582d-03c6-4cda-9867-0dd9554d556c,McDonald's,5300 N San Dario,Laredo,TX,78041,27.551088333129883,-99.50138092041016,Overture Places 2026-07-22.0,2026-07-22,open,packet_ready,primary_store_candidate
McDonald's,db9bd64a-589b-4232-a58d-f3dd570a9de0,McDonald's,7701 McPherson Rd,Laredo,TX,78045-2800,27.574695587158203,-99.47289276123047,Overture Places 2026-07-22.0,2026-07-22,open,packet_ready,primary_store_candidate
McDonald's,3f76e87f-633b-462f-9c37-76d323032405,McDonald's,9814 Mines Rd,Laredo,TX,78045-8217,27.59039306640625,-99.51224517822266,Overture Places 2026-07-22.0,2026-07-22,open,packet_ready,primary_store_candidate
McDonald's,1f1064ae-9a6e-4973-bf17-0192a0d612e1,McDonald's,102 Highway 3 S,League City,TX,77573-3753,29.507423400878906,-95.09442901611328,Overture Places 2026-07-22.0,2026-07-22,open,packet_ready,primary_store_candidate
McDonald's,dc2f0eaf-5d62-47d5-b147-661d2931247c,McDonald's,113 Gulf Fwy N,League City,TX,77573-2000,29.503742218017578,-95.11534881591797,Overture Places 2026-07-22.0,2026-07-22,open,packet_ready,primary_store_candidate
McDonald's,5f4e5595-cd89-4a04-b73e-8ce5f86eba8f,McDonald's,1701 FM-646 W,League City,TX,77573-4968,29.46986961364746,-95.09002685546875,Overture Places 2026-07-22.0,2026-07-22,open,packet_ready,primary_store_candidate
McDonald's,c0bf9707-e233-4b2f-ae91-e3a293c8f571,McDonald's,2550 E League City Pkwy,League City,TX,77573-6459,29.50410270690918,-95.04380798339844,Overture Places 2026-07-22.0,2026-07-22,open,packet_ready,primary_store_candidate
McDonald's,3d3bd6c0-e474-47c4-8753-f542149c5251,McDonald's,3022 Marina Bay Dr,League City,TX,77573-2768,29.54216766357422,-95.06218719482422,Overture Places 2026-07-22.0,2026-07-22,open,packet_ready,primary_store_candidate
McDonald's,346874ed-8696-4cbe-a001-ee502b48c679,McDonald's,3140 Gulf Fwy S,League City,TX,77573,29.466318130493164,-95.08796691894531,Overture Places 2026-07-22.0,2026-07-22,open,packet_ready,primary_store_candidate
McDonald's,eab68703-6251-4a62-ac2e-3b56e96973c3,McDonald's,4590 W League City Pkwy,League City,TX,77573,29.47828483581543,-95.1457748413086,Overture Places 2026-07-22.0,2026-07-22,open,packet_ready,primary_store_candidate
McDonald's,fa3572ac-1feb-4831-a2bc-da0469ecdf16,McDonald's,1445 S Highway 183,Leander,TX,78641-2170,30.560354232788086,-97.84573364257812,Overture Places 2026-07-22.0,2026-07-22,open,packet_ready,primary_store_candidate
McDonald's,49ef1b1d-2f25-4f44-8610-c8c5b4bd4fb3,McDonald's,541 N Bagdad Rd,Leander,TX,78641-5983,30.577665328979492,-97.87309265136719,Overture Places 2026-07-22.0,2026-07-22,open,packet_ready,primary_store_candidate
McDonald's,c157c3d9-5810-492c-b57f-7b541cdf5750,McDonald's,102 S Hwy 69,Leonard,TX,75452,33.379608154296875,-96.23794555664062,Overture Places 2026-07-22.0,2026-07-22,open,packet_ready,primary_store_candidate
McDonald's,74fa99a9-80a5-460a-a9d3-c01352ce6600,McDonald's,605 S College Ave,Levelland,TX,79336-4807,33.58684158325195,-102.36717987060547,Overture Places 2026-07-22.0,2026-07-22,open,packet_ready,primary_store_candidate
McDonald's,7a1a7798-7123-4c0e-9b7a-dbd6011ad283,McDonald's,1107 FM-3040,Lewisville,TX,75067-7900,33.00707244873047,-97.02079772949219,Overture Places 2026-07-22.0,2026-07-22,open,packet_ready,primary_store_candidate
McDonald's,e7ce2826-25af-4b37-9c42-ccbdb225f944,McDonald's,1201 Justin Rd,Lewisville,TX,75077-2232,33.071693420410156,-97.02318572998047,Overture Places 2026-07-22.0,2026-07-22,open,packet_ready,primary_store_candidate
McDonald's,d8a19af3-c12a-4186-a256-d4732a9e2c0c,McDonald's,1598 W Main St,Lewisville,TX,75067-3393,33.041839599609375,-97.03569793701172,Overture Places 2026-07-22.0,2026-07-22,open,packet_ready,primary_store_candidate
McDonald's,31daae38-8e46-4fc5-bacd-6aca39fa72d9,McDonald's,2301 S State Highway 121,Lewisville,TX,75067-8130,33.01369857788086,-96.99361419677734,Overture Places 2026-07-22.0,2026-07-22,open,packet_ready,primary_store_candidate
McDonald's,5dfc80cd-cb7a-444c-a72b-955a0f5df400,McDonald's,3580 Justin Rd,Lewisville,TX,75077-3222,33.07148742675781,-97.08528137207031,Overture Places 2026-07-22.0,2026-07-22,open,packet_ready,primary_store_candidate
McDonald's,088eb141-8d3d-4acb-8f21-6572de99cf7a,McDonald's,4640 TX-121,Lewisville,TX,75056-4530,33.064292907714844,-96.88959503173828,Overture Places 2026-07-22.0,2026-07-22,open,packet_ready,primary_store_candidate
McDonald's,8860b02a-e2b3-4c43-8bc8-d3f577a1e58c,McDonald's,501 W Round Grove Rd,Lewisville,TX,75067,33.00521469116211,-96.97724151611328,Overture Places 2026-07-22.0,2026-07-22,open,packet_ready,primary_store_candidate
McDonald's,d21607f4-bfb5-4531-b04e-48b0001a6d9d,McDonald's,765 W Main St,Lewisville,TX,75067-3513,33.04644775390625,-97.01145935058594,Overture Places 2026-07-22.0,2026-07-22,open,packet_ready,primary_store_candidate
McDonald's,371e3740-d3d1-41a9-8b67-aa933b1cf27f,McDonald's,1923 Highway 90,Liberty,TX,77575-5807,30.056921005249023,-94.7962646484375,Overture Places 2026-07-22.0,2026-07-22,open,packet_ready,primary_store_candidate
McDonald's,6d7d636c-4fc0-4eff-9e10-70f9bd16199e,McDonald's,12236 W TX-29,Liberty Hill,TX,78642-6333,30.658143997192383,-97.88809967041016,Overture Places 2026-07-22.0,2026-07-22,open,packet_ready,primary_store_candidate
McDonald's,58a5bb1b-f888-4432-8c75-a183f5313493,McDonald's,3511 S Main St,Lindale,TX,75771-7791,32.46974182128906,-95.3889389038086,Overture Places 2026-07-22.0,2026-07-22,open,packet_ready,primary_store_candidate
McDonald's,9d706095-1d17-4903-bd1e-f34c5b9f1aee,McDonald's,2670 FM 423,Little Elm,TX,75068-7656,33.176780700683594,-96.88817596435547,Overture Places 2026-07-22.0,2026-07-22,open,packet_ready,primary_store_candidate
McDonald's,e465e297-d497-4169-a8ff-e3822fa12f63,McDonald's,2330 S Hall Ave,Littlefield,TX,79339-5546,33.9045295715332,-102.32695007324219,Overture Places 2026-07-22.0,2026-07-22,open,packet_ready,primary_store_candidate
McDonald's,5ce36c65-6c41-4564-b4bb-ad824d314a79,McDonald's,1601 W Church St,Livingston,TX,77351-9044,30.711946487426758,-94.95458221435547,Overture Places 2026-07-22.0,2026-07-22,open,packet_ready,primary_store_candidate
McDonald's,579b1656-3c25-4c87-8cb9-958b877045a8,McDonald's,1330 S Colorado St,Lockhart,TX,78644-3904,29.86959457397461,-97.66838836669922,Overture Places 2026-07-22.0,2026-07-22,open,packet_ready,primary_store_candidate
McDonald's,fd655e31-e54d-42e2-8fab-64b5a81c8d2a,McDonald's,128 W Loop 281,Longview,TX,75605-4652,32.54131317138672,-94.7484359741211,Overture Places 2026-07-22.0,2026-07-22,open,packet_ready,primary_store_candidate
McDonald's,cb2e89a0-d289-414b-8b48-7b598d027450,McDonald's,1803 W Loop 281,Longview,TX,75604-2542,32.52437973022461,-94.78382110595703,Overture Places 2026-07-22.0,2026-07-22,open,packet_ready,primary_store_candidate
McDonald's,fcb665aa-485f-4c0f-bed8-3b479cc334cc,McDonald's,3086 N Eastman Rd,Longview,TX,75605-5093,32.54877471923828,-94.72704315185547,Overture Places 2026-07-22.0,2026-07-22,open,packet_ready,primary_store_candidate
McDonald's,f968c9bd-d5cc-4ff2-aa0f-9229724e69d2,McDonald's,3118 Estes Pkwy,Longview,TX,75602,32.448883056640625,-94.72267150878906,Overture Places 2026-07-22.0,2026-07-22,open,packet_ready,primary_store_candidate
McDonald's,978fcfbf-1063-4dbc-9825-1b9e2c6566c6,McDonald's,408 E Marshall Ave,Longview,TX,75601-5422,32.500179290771484,-94.73429107666016,Overture Places 2026-07-22.0,2026-07-22,open,packet_ready,primary_store_candidate
McDonald's,fdf67c4c-2c30-4e9e-ba98-6ef29874a332,McDonald's,115 E Ocean Blvd,Los Fresnos,TX,78566-3226,26.07185173034668,-97.47492980957031,Overture Places 2026-07-22.0,2026-07-22,open,packet_ready,primary_store_candidate
McDonald's,440b3cb5-550f-4d1f-b777-92b87f591b46,McDonald's,102 N University Ave,Lubbock,TX,79415-2843,33.598114013671875,-101.8699722290039,Overture Places 2026-07-22.0,2026-07-22,open,packet_ready,primary_store_candidate
McDonald's,26e890ec-3ac2-48a3-af39-280881da913a,McDonald's,12806 Indiana Ave,Lubbock,TX,79423,33.47779083251953,-101.88834381103516,Overture Places 2026-07-22.0,2026-07-22,open,packet_ready,primary_store_candidate
McDonald's,1d42cdcc-1637-4563-b24f-f971911da8ef,McDonald's,1910 50th St,Lubbock,TX,79412-2706,33.5492057800293,-101.85899353027344,Overture Places 2026-07-22.0,2026-07-22,open,packet_ready,primary_store_candidate
McDonald's,653f153b-8030-4674-9c37-e26a4b623d4a,McDonald's,1911 E 4th St,Lubbock,TX,79403,33.59023666381836,-101.8585433959961,Overture Places 2026-07-22.0,2026-07-22,open,packet_ready,primary_store_candidate
McDonald's,7234fd7b-0fc7-4900-a8ec-243e675d2e2b,McDonald's,2339 19th St,Lubbock,TX,79401-4411,33.57767105102539,-101.86632537841797,Overture Places 2026-07-22.0,2026-07-22,open,packet_ready,primary_store_candidate
McDonald's,6b688eff-32c8-42d4-8b7c-ababd3a4e67c,McDonald's,2433 S TX-289-LOOP,Lubbock,TX,79423-1519,33.5286979675293,-101.86819458007812,Overture Places 2026-07-22.0,2026-07-22,open,packet_ready,primary_store_candidate
McDonald's,3153ec78-e3d7-4f1c-bc80-777deea7f18b,McDonald's,3403 Quaker Ave,Lubbock,TX,79413-2135,33.56266784667969,-101.90495300292969,Overture Places 2026-07-22.0,2026-07-22,open,packet_ready,primary_store_candidate
McDonald's,285f0df2-91cb-4bf4-9a9c-1aa52b38f654,McDonald's,4220 98th St,Lubbock,TX,79423-3957,33.504730224609375,-101.90318298339844,Overture Places 2026-07-22.0,2026-07-22,open,packet_ready,primary_store_candidate
McDonald's,890c435e-c42c-4ce6-b27a-83b39c7732ca,McDonald's,4540 Milwaukee Ave,Lubbock,TX,79407-3801,33.5491943359375,-101.9573974609375,Overture Places 2026-07-22.0,2026-07-22,open,packet_ready,primary_store_candidate
McDonald's,9080a787-ed78-4237-90e1-575fa29599fc,McDonald's,5010 Avenue H,Lubbock,TX,79404-4432,33.54829025268555,-101.84610748291016,Overture Places 2026-07-22.0,2026-07-22,open,packet_ready,primary_store_candidate
McDonald's,8ea86d99-8643-42c7-be36-8318d98befd0,McDonald's,5201 4th St,Lubbock,TX,79416-4350,33.591880798339844,-101.92286682128906,Overture Places 2026-07-22.0,2026-07-22,open,packet_ready,primary_store_candidate
McDonald's,90b38226-731f-4a16-bbc5-35e770c6dc01,McDonald's,6001 19th St,Lubbock,TX,79407-1631,33.57725524902344,-101.9471664428711,Overture Places 2026-07-22.0,2026-07-22,open,packet_ready,primary_store_candidate
McDonald's,0ada90d8-b70a-4297-a185-778f035ad2cd,McDonald's,6007 Slide Rd,Lubbock,TX,79414-4309,33.53904724121094,-101.92179107666016,Overture Places 2026-07-22.0,2026-07-22,open,packet_ready,primary_store_candidate
McDonald's,8e91d8de-df6d-46e2-986d-b5ee1fb414d0,McDonald's,6501 4th St,Lubbock,TX,79416,33.59187316894531,-101.95777893066406,Overture Places 2026-07-22.0,2026-07-22,open,packet_ready,primary_store_candidate
McDonald's,0d2afd8b-1930-4165-8c01-fe4bf89b20fe,McDonald's,6511 82nd St,Lubbock,TX,79424-7008,33.51919174194336,-101.95832061767578,Overture Places 2026-07-22.0,2026-07-22,open,packet_ready,primary_store_candidate
McDonald's,6921bf71-a6ab-427a-85f0-8c6a180044fc,McDonald's,7634 82nd St,Lubbock,TX,79424,33.52012634277344,-101.98863983154297,Overture Places 2026-07-22.0,2026-07-22,open,packet_ready,primary_store_candidate
McDonald's,e3302c12-58b5-4ac1-8d20-5a3e302b1624,McDonald's,8011 Slide Rd,Lubbock,TX,79424-2805,33.520042419433594,-101.92186737060547,Overture Places 2026-07-22.0,2026-07-22,open,packet_ready,primary_store_candidate
McDonald's,20f10261-95d7-444b-82a1-ddeeca9fcb62,McDonald's,110 S John Redditt Dr,Lufkin,TX,75904,31.332035064697266,-94.75981903076172,Overture Places 2026-07-22.0,2026-07-22,open,packet_ready,primary_store_candidate
McDonald's,bf5346c8-bcd0-4f5f-90db-b2198056c8e1,McDonald's,1118 S Timberland Dr,Lufkin,TX,75901-4726,31.32518768310547,-94.72679138183594,Overture Places 2026-07-22.0,2026-07-22,open,packet_ready,primary_store_candidate
McDonald's,1ff0f9b6-cf9c-4df2-9631-2d57ac13c59d,McDonald's,3301 S 1st St,Lufkin,TX,75901-7315,31.28851890563965,-94.72930908203125,Overture Places 2026-07-22.0,2026-07-22,open,packet_ready,primary_store_candidate
McDonald's,0242729a-58b4-4816-b5c2-2094834b4941,McDonald's,103 N Main St,Lumberton,TX,77657-7344,30.256574630737305,-94.19876098632812,Overture Places 2026-07-22.0,2026-07-22,open,packet_ready,primary_store_candidate
McDonald's,68d19901-8f3a-4ec9-b857-48a44db58988,McDonald's,14830 Lytle Somerset Rd,Lytle,TX,78052-3581,29.228567123413086,-98.78994750976562,Overture Places 2026-07-22.0,2026-07-22,open,packet_ready,primary_store_candidate
McDonald's,d46100d1-73b1-4386-aca1-4a497c209075,McDonald's,19001 E US Highway 175,Mabank,TX,75147-2708,32.37220001220703,-96.09729766845703,Overture Places 2026-07-22.0,2026-07-22,open,packet_ready,primary_store_candidate
McDonald's,e4fc4e06-b516-405c-b7a9-dbf6ccccaf8e,McDonald's,2602 E Main St,Madisonville,TX,77864-2228,30.963674545288086,-95.88639831542969,Overture Places 2026-07-22.0,2026-07-22,open,packet_ready,primary_store_candidate
McDonald's,5b413564-6c70-4b66-96d7-e6c615efa74c,McDonald's,13337 FM-1488,Magnolia,TX,77354,30.222793579101562,-95.67537689208984,Overture Places 2026-07-22.0,2026-07-22,open,packet_ready,primary_store_candidate
McDonald's,dabeb911-53ba-4658-896f-4e0c9b7c2a61,McDonald's,18630 Magnolia Pkwy,Magnolia,TX,77355-8608,30.21274757385254,-95.7535400390625,Overture Places 2026-07-22.0,2026-07-22,open,packet_ready,primary_store_candidate
McDonald's,eef3cf8f-0efe-44ac-aedf-294bf9ea28a2,McDonald's,6745 FM 1488 Rd,Magnolia,TX,77354-1534,30.220373153686523,-95.56963348388672,Overture Places 2026-07-22.0,2026-07-22,open,packet_ready,primary_store_candidate
McDonald's,08a18e00-afa9-4879-964d-c302d3348397,McDonald's,101 E Royall Blvd,Malakoff,TX,75148-9169,32.170982360839844,-96.01268768310547,Overture Places 2026-07-22.0,2026-07-22,open,packet_ready,primary_store_candidate
McDonald's,89b5fa09-c41e-4a67-ae2d-238c4b67fbc5,McDonald's,12608 Lexington St,Manor,TX,78653,30.34969139099121,-97.5555419921875,Overture Places 2026-07-22.0,2026-07-22,open,packet_ready,primary_store_candidate
McDonald's,15c4572e-3c1f-436c-b7b3-e039bd784230,McDonald's,13620 E 290 Hwy,Manor,TX,78653,30.350553512573242,-97.50981903076172,Overture Places 2026-07-22.0,2026-07-22,open,packet_ready,primary_store_candidate
McDonald's,5f521598-1404-4495-8746-1102480a3cd6,McDonald's,1001 N US 287 Hwy,Mansfield,TX,76063-4801,32.58062744140625,-97.13274383544922,Overture Places 2026-07-22.0,2026-07-22,open,packet_ready,primary_store_candidate
McDonald's,8b4b716d-66b2-4a02-aaef-48719c80abf8,McDonald's,1250 N Holland Rd,Mansfield,TX,76063-9001,32.58085250854492,-97.07550811767578,Overture Places 2026-07-22.0,2026-07-22,open,packet_ready,primary_store_candidate
McDonald's,ce3e6d97-da54-4d1e-80bc-0cec9682d910,McDonald's,141 S Us 287,Mansfield,TX,76063,32.564483642578125,-97.11446380615234,Overture Places 2026-07-22.0,2026-07-22,open,packet_ready,primary_store_candidate
McDonald's,46247633-366d-40f7-9e4c-ebb4a6fbd145,McDonald's,10421 Bailey Rd,Manvel,TX,77578,29.526817321777344,-95.38261413574219,Overture Places 2026-07-22.0,2026-07-22,open,packet_ready,primary_store_candidate
McDonald's,23ec0caa-e7a5-4153-8d14-f4d0b43f1223,McDonald's,17213 Hwy 6,Manvel,TX,77578,29.484386444091797,-95.40469360351562,Overture Places 2026-07-22.0,2026-07-22,open,packet_ready,primary_store_candidate
McDonald's,ca90be76-10b2-4ab9-8df1-d1ef9fe773c3,McDonald's,19706 Morris Ave,Manvel,TX,77578,29.4694766998291,-95.3642349243164,Overture Places 2026-07-22.0,2026-07-22,open,packet_ready,primary_store_candidate
McDonald's,5df0edc4-77bf-4ec0-8812-806d3ce2fdb5,McDonald's,1605 FM-1431,Marble Falls,TX,78654-4919,30.58265495300293,-98.28096008300781,Overture Places 2026-07-22.0,2026-07-22,open,packet_ready,primary_store_candidate
McDonald's,d5b03b24-f088-43ab-a694-a4d2f2a1cd7b,McDonald's,1430 Live Oak St,Marlin,TX,76661-2650,31.305875778198242,-96.87553405761719,Overture Places 2026-07-22.0,2026-07-22,open,packet_ready,primary_store_candidate
McDonald's,4fe0cba1-76c0-4a31-9e35-785f6393ca62,McDonald's,2000 Victory Dr,Marshall,TX,75672-3624,32.5478401184082,-94.34761810302734,Overture Places 2026-07-22.0,2026-07-22,open,packet_ready,primary_store_candidate
McDonald's,fa792048-546c-48da-8a37-d2e657874f9f,McDonald's,5408 S East End Blvd,Marshall,TX,75672-9764,32.49400329589844,-94.35780334472656,Overture Places 2026-07-22.0,2026-07-22,open,packet_ready,primary_store_candidate
McDonald's,30cfe67d-7039-4099-a652-4f466b913862,McDonald's,10539 TX-359,Mathis,TX,78368,28.112443923950195,-97.81974792480469,Overture Places 2026-07-22.0,2026-07-22,open,packet_ready,primary_store_candidate
McDonald's,981b91d2-83ba-46e5-8896-9e86e0cca7b8,McDonald's,1200 E Jackson Ave,McAllen,TX,78503-1611,26.18886947631836,-98.20980072021484,Overture Places 2026-07-22.0,2026-07-22,open,packet_ready,primary_store_candidate
McDonald's,aae162c9-6332-469b-ae6c-a163db16a59b,McDonald's,1217 E US Highway 83,McAllen,TX,78501-8843,26.199615478515625,-98.20573425292969,Overture Places 2026-07-22.0,2026-07-22,open,packet_ready,primary_store_candidate
McDonald's,e46cb64a-7eda-4f3b-94d8-09c6b2b13159,McDonald's,1901 S 10th St,McAllen,TX,78503-5403,26.186540603637695,-98.23241424560547,Overture Places 2026-07-22.0,2026-07-22,open,packet_ready,primary_store_candidate
McDonald's,d7bcf925-f716-4126-ba91-6efe1d709c98,McDonald's,2801 Nolana Ave,McAllen,TX,78504-4659,26.24064064025879,-98.24658203125,Overture Places 2026-07-22.0,2026-07-22,open,packet_ready,primary_store_candidate
McDonald's,c5b8fcdb-3600-47dd-95d1-6365ae7a9485,McDonald's,2808 N 10th St,McAllen,TX,78501-1915,26.228994369506836,-98.22504425048828,Overture Places 2026-07-22.0,2026-07-22,open,packet_ready,primary_store_candidate
McDonald's,0246f4c2-9840-4a96-9ab7-d044d295079d,McDonald's,3700 W Pecan Blvd,McAllen,TX,78501-3603,26.22011375427246,-98.25978088378906,Overture Places 2026-07-22.0,2026-07-22,open,packet_ready,primary_store_candidate
McDonald's,5c2a42c2-53e1-429c-8845-1aacd9d92fc7,McDonald's,7320 N 10th St,McAllen,TX,78504-9581,26.26881980895996,-98.21842193603516,Overture Places 2026-07-22.0,2026-07-22,open,packet_ready,primary_store_candidate
McDonald's,1af25390-6a9a-483c-9544-7b905b57a999,McDonald's,1810 W University Dr,McKinney,TX,75069-3221,33.217044830322266,-96.63378143310547,Overture Places 2026-07-22.0,2026-07-22,open,packet_ready,primary_store_candidate
McDonald's,46489e7d-2ebb-4cff-86c2-ba5c634ee329,McDonald's,240 Eldorado Pkwy,McKinney,TX,75069-8023,33.18022918701172,-96.6200942993164,Overture Places 2026-07-22.0,2026-07-22,open,packet_ready,primary_store_candidate
McDonald's,0732b2ea-f47c-4c67-9415-b28b7a42c0c4,McDonald's,3200 Eldorado Pkwy,McKinney,TX,75070-4218,33.16825485229492,-96.6666488647461,Overture Places 2026-07-22.0,2026-07-22,open,packet_ready,primary_store_candidate
McDonald's,4fe8113c-cddc-40ff-9285-765e965c6a7d,McDonald's,402 N Central Expy,McKinney,TX,75070-3524,33.20079803466797,-96.63778686523438,Overture Places 2026-07-22.0,2026-07-22,open,packet_ready,primary_store_candidate
McDonald's,4cf12835-5e24-4ad8-b14d-adf88d975449,McDonald's,5251 W University Dr,McKinney,TX,75071-7093,33.21796798706055,-96.68106079101562,Overture Places 2026-07-22.0,2026-07-22,open,packet_ready,primary_store_candidate
McDonald's,d2d7320d-07b4-453e-8d2e-a18e7a83a0dc,McDonald's,6750 Virginia Pkwy,McKinney,TX,75071-5514,33.199462890625,-96.70642852783203,Overture Places 2026-07-22.0,2026-07-22,open,packet_ready,primary_store_candidate
McDonald's,6fcbde49-9023-4a75-8614-a09113c86fd6,McDonald's,302 W Mcgregor Dr,Mcgregor,TX,76657,31.44382667541504,-97.40791320800781,Overture Places 2026-07-22.0,2026-07-22,open,packet_ready,primary_store_candidate
McDonald's,b85f29d7-547a-4fb8-926c-f83a1e35c1fc,McDonald's,12299 E University Dr,Mckinney,TX,75071,33.217994689941406,-96.76274871826172,Overture Places 2026-07-22.0,2026-07-22,open,packet_ready,primary_store_candidate
McDonald's,e6207f93-13c2-4c76-801e-c0556ee2f58e,McDonald's,2960 Taylor Burk Dr,Mckinney,TX,75071,33.224830627441406,-96.6548080444336,Overture Places 2026-07-22.0,2026-07-22,open,packet_ready,primary_store_candidate
McDonald's,2668905d-7161-450a-9113-ac576b8aa687,McDonald's,2810 Washington Dr,Melissa,TX,75454,33.28406524658203,-96.5611801147461,Overture Places 2026-07-22.0,2026-07-22,open,packet_ready,primary_store_candidate
McDonald's,89da1e34-970f-4e91-aea1-d2797e8b0e9e,McDonald's,216 N Texas Ave,Mercedes,TX,78570-2747,26.15315055847168,-97.91386413574219,Overture Places 2026-07-22.0,2026-07-22,open,packet_ready,primary_store_candidate
McDonald's,e9bc8f75-b063-48b8-88f7-f04374bacca8,McDonald's,1444 S Belt Line Rd,Mesquite,TX,75149-5941,32.74674606323242,-96.59622192382812,Overture Places 2026-07-22.0,2026-07-22,open,packet_ready,primary_store_candidate
McDonald's,19559f62-f5f0-4844-a82d-4f4a00f2dbe3,McDonald's,1531 N Town East Blvd,Mesquite,TX,75150-4112,32.81121826171875,-96.61991119384766,Overture Places 2026-07-22.0,2026-07-22,open,packet_ready,primary_store_candidate
McDonald's,e6f0b4a0-1a64-4c0b-9681-f76fab31f5bc,McDonald's,1817 N Belt Line Rd,Mesquite,TX,75149-1718,32.78925704956055,-96.59644317626953,Overture Places 2026-07-22.0,2026-07-22,open,packet_ready,primary_store_candidate
McDonald's,aeb8bc5a-b196-439e-a311-6c7f20710f95,McDonald's,18751 I-635 S,Mesquite,TX,75150-6408,32.80138397216797,-96.62794494628906,Overture Places 2026-07-22.0,2026-07-22,open,packet_ready,primary_store_candidate
McDonald's,ae7911be-9279-4852-82c7-5f8238bffef8,McDonald's,2012 W Scyene Rd,Mesquite,TX,75149-3644,32.76652908325195,-96.62926483154297,Overture Places 2026-07-22.0,2026-07-22,open,packet_ready,primary_store_candidate
McDonald's,921e8af1-fd90-48a0-a1f9-bba3bc8a9375,McDonald's,2700 Faithon P Lucas Sr Blvd,Mesquite,TX,75181,32.734230041503906,-96.55921173095703,Overture Places 2026-07-22.0,2026-07-22,open,packet_ready,primary_store_candidate
McDonald's,bb930a5f-0089-46bb-b656-6302945e3852,McDonald's,4450 Gus Thomasson Rd,Mesquite,TX,75150-2232,32.82377243041992,-96.64554595947266,Overture Places 2026-07-22.0,2026-07-22,open,packet_ready,primary_store_candidate
McDonald's,49db7cd8-412a-4ec1-abec-e1763ab81d59,McDonald's,903 E Milam St,Mexia,TX,76667-2526,31.684988021850586,-96.4731674194336,Overture Places 2026-07-22.0,2026-07-22,open,packet_ready,primary_store_candidate
McDonald's,2bd94e5f-943d-47ef-8b61-999243821c42,McDonald's,1111 Andrews Hwy,Midland,TX,79701-3826,32.00141525268555,-102.11642456054688,Overture Places 2026-07-22.0,2026-07-22,open,packet_ready,primary_store_candidate
McDonald's,96d05ea1-583f-454b-bb6c-c597fb7ad65e,McDonald's,2301 W Missouri Ave,Midland,TX,79701,31.992183685302734,-102.09818267822266,Overture Places 2026-07-22.0,2026-07-22,open,packet_ready,primary_store_candidate
McDonald's,56f398aa-7807-4575-9a95-f3b428e2e51a,McDonald's,2307 Rankin Hwy,Midland,TX,79701-1808,31.974666595458984,-102.0740737915039,Overture Places 2026-07-22.0,2026-07-22,open,packet_ready,primary_store_candidate
McDonald's,d5bb0065-8aa8-4498-a8d7-6e27d356bdeb,McDonald's,3310 W Loop 250 N,Midland,TX,79707-3420,32.034019470214844,-102.13027954101562,Overture Places 2026-07-22.0,2026-07-22,open,packet_ready,primary_store_candidate
McDonald's,e656d59d-d42d-491f-a426-9de69133e8b0,McDonald's,4015 S FM 1788,Midland,TX,79706-2603,31.914976119995117,-102.21560668945312,Overture Places 2026-07-22.0,2026-07-22,open,packet_ready,primary_store_candidate
McDonald's,e2514d5c-eaf0-4be7-bde8-d0a42a22ed81,McDonald's,6410 Highway 191,Midland,TX,79707,31.994178771972656,-102.17276000976562,Overture Places 2026-07-22.0,2026-07-22,open,packet_ready,primary_store_candidate
McDonald's,4b7e5347-80b7-41e9-9cd3-7639244f1a94,McDonald's,1310 E Main St,Midlothian,TX,76065-5573,32.47449493408203,-96.97870635986328,Overture Places 2026-07-22.0,2026-07-22,open,packet_ready,primary_store_candidate
McDonald's,96be683f-3add-4d0c-b9f6-b4d5c47177b5,McDonald's,2230 FM-663,Midlothian,TX,76065-5600,32.45829772949219,-96.9957275390625,Overture Places 2026-07-22.0,2026-07-22,open,packet_ready,primary_store_candidate
McDonald's,f5da3345-f267-4664-844e-5236e59c1fc6,McDonald's,522 N Walnut Grove Rd.,Midlothian,TX,76065,32.486942291259766,-96.94182586669922,Overture Places 2026-07-22.0,2026-07-22,open,packet_ready,primary_store_candidate
McDonald's,354aff74-ff49-4321-9ef1-0d3e4fe78662,McDonald's,1202 N Pacific St,Mineola,TX,75773-1020,32.6750602722168,-95.48452758789062,Overture Places 2026-07-22.0,2026-07-22,open,packet_ready,primary_store_candidate
McDonald's,a037045b-d25a-4800-8065-c67275f91095,McDonald's,100 Garrett Morris Pkwy,Mineral Wells,TX,76067-9038,32.8101806640625,-98.08338928222656,Overture Places 2026-07-22.0,2026-07-22,open,packet_ready,primary_store_candidate
McDonald's,b0e0e530-253e-49f7-9eda-c432993359f5,McDonald's,303 US-83 W,Mission,TX,78572-5560,26.201519012451172,-98.32427215576172,Overture Places 2026-07-22.0,2026-07-22,open,packet_ready,primary_store_candidate
McDonald's,4ad103ee-e3b3-4a4b-abe0-43a8de57cec2,McDonald's,804 S Shary Rd,Mission,TX,78572-8100,26.194534301757812,-98.28910827636719,Overture Places 2026-07-22.0,2026-07-22,open,packet_ready,primary_store_candidate
McDonald's,d0b6e1f0-638f-4843-b92f-0ffa19a4caa9,McDonald's,1605 Cartwright Rd,Missouri City,TX,77489-4016,29.583162307739258,-95.52742767333984,Overture Places 2026-07-22.0,2026-07-22,open,packet_ready,primary_store_candidate
McDonald's,3339c9df-5fdb-4fad-b647-48b17731cbf1,McDonald's,4525 Sienna Parkway,Missouri City,TX,77459,29.51433563232422,-95.52848052978516,Overture Places 2026-07-22.0,2026-07-22,open,packet_ready,primary_store_candidate
McDonald's,8e54f5f3-4124-47dc-a6eb-a66a5c435ff0,McDonald's,6129 Highway Six,Missouri City,TX,77459-4068,29.56800079345703,-95.56560516357422,Overture Places 2026-07-22.0,2026-07-22,open,packet_ready,primary_store_candidate
McDonald's,efbbfd07-f50b-4e55-9c78-496d985bb797,McDonald's,9934 Highway 6,Missouri City,TX,77459-4105,29.53453254699707,-95.51628875732422,Overture Places 2026-07-22.0,2026-07-22,open,packet_ready,primary_store_candidate
McDonald's,ba242f1e-f7f4-4f78-8924-a4f26884bc76,McDonald's,1905 S Stockton Ave,Monahans,TX,79756-6507,31.57697868347168,-102.89212799072266,Overture Places 2026-07-22.0,2026-07-22,open,packet_ready,primary_store_candidate
McDonald's,5b03d341-186a-4e45-8515-cd891463036e,McDonald's,3535 Briarwood Bnd,Mont Belvieu,TX,77523-4005,29.832799911499023,-94.84862518310547,Overture Places 2026-07-22.0,2026-07-22,open,packet_ready,primary_store_candidate
McDonald's,72f12d53-e19a-41af-bd1c-c76467047191,McDonald's,15476 Highway 105 W,Montgomery,TX,77356-6085,30.35980224609375,-95.59773254394531,Overture Places 2026-07-22.0,2026-07-22,open,packet_ready,primary_store_candidate
McDonald's,9f05eb79-4e4c-47db-9c09-b1f503ad5064,McDonald's,20943 Eva St,Montgomery,TX,77356-1895,30.388614654541016,-95.6948013305664,Overture Places 2026-07-22.0,2026-07-22,open,packet_ready,primary_store_candidate
McDonald's,92f7b502-de45-4d7f-b95a-682e98bfcc7a,McDonald's,749 Fish Creek Thoroughfare,Montgomery,TX,77316-6837,30.285804748535156,-95.5732192993164,Overture Places 2026-07-22.0,2026-07-22,open,packet_ready,primary_store_candidate
McDonald's,9dc25d9a-6ae3-4e8e-af60-aac82371b6aa,McDonald's,102 Cedar St,Mt Pleasant,TX,75455-5908,33.137306213378906,-94.96773529052734,Overture Places 2026-07-22.0,2026-07-22,open,packet_ready,primary_store_candidate
McDonald's,5246b0e0-17f7-4e6d-8727-f14cc9793196,McDonald's,2002 N Jefferson Ave,Mt Pleasant,TX,75455-2337,33.17652893066406,-94.97017669677734,Overture Places 2026-07-22.0,2026-07-22,open,packet_ready,primary_store_candidate
McDonald's,ed7ed8f1-f796-4d4a-a4f7-d242254fdbe3,McDonald's,906 S State Highway 37,Mt Vernon,TX,75457,33.15964889526367,-95.23548126220703,Overture Places 2026-07-22.0,2026-07-22,open,packet_ready,primary_store_candidate
McDonald's,ceafc5bf-279d-4b12-9d5b-5c7be6862d55,McDonald's,1025 W American Blvd,Muleshoe,TX,79347-3240,34.23212814331055,-102.73418426513672,Overture Places 2026-07-22.0,2026-07-22,open,packet_ready,primary_store_candidate
McDonald's,a2fbfa41-d6bd-49bc-af5e-46dd8ca8ef00,McDonald's,114 E FM 544,Murphy,TX,75094-4000,33.010986328125,-96.61168670654297,Overture Places 2026-07-22.0,2026-07-22,open,packet_ready,primary_store_candidate
McDonald's,5cb60391-3378-4175-91b0-523067ac323b,McDonald's,1717 North St,Nacogdoches,TX,75965-3973,31.618289947509766,-94.65306854248047,Overture Places 2026-07-22.0,2026-07-22,open,packet_ready,primary_store_candidate
McDonald's,c923a4b9-ccba-41d6-953b-35e294987dd9,McDonald's,3120 N University Dr,Nacogdoches,TX,75965-2677,31.632720947265625,-94.63971710205078,Overture Places 2026-07-22.0,2026-07-22,open,packet_ready,primary_store_candidate
McDonald's,c40bba5d-bb84-4119-ad39-8f5e4f6d5983,McDonald's,8737 Highway 6,Navasota,TX,77868-3276,30.398122787475586,-96.07080841064453,Overture Places 2026-07-22.0,2026-07-22,open,packet_ready,primary_store_candidate
McDonald's,71d72dd5-6ef5-47ba-857a-6b702156c135,McDonald's,3728 Nederland Ave,Nederland,TX,77627-7247,29.95655632019043,-94.00688171386719,Overture Places 2026-07-22.0,2026-07-22,open,packet_ready,primary_store_candidate
McDonald's,7fe1f4d9-c35e-482b-9f22-25ec4c785533,McDonald's,2727 School St.,Needville,TX,77461,29.402027130126953,-95.83460235595703,Overture Places 2026-07-22.0,2026-07-22,open,packet_ready,primary_store_candidate
McDonald's,d74bba65-ece4-4228-bd39-9d7694cfd1fe,McDonald's,702 N McCoy Blvd,New Boston,TX,75570,33.471900939941406,-94.40839385986328,Overture Places 2026-07-22.0,2026-07-22,open,packet_ready,primary_store_candidate
McDonald's,aab4e52d-77df-47b0-ad33-7bfa57fbbe38,McDonald's,1035 N Interstate 35,New Braunfels,TX,78130-3784,29.68524169921875,-98.12501525878906,Overture Places 2026-07-22.0,2026-07-22,open,packet_ready,primary_store_candidate
McDonald's,2a3f8d7a-53d8-4ebd-b8df-10ed2dba710e,McDonald's,1201 N Interstate 35,New Braunfels,TX,78130-2812,29.70107650756836,-98.09416961669922,Overture Places 2026-07-22.0,2026-07-22,open,packet_ready,primary_store_candidate
McDonald's,4ee2bbff-6eaa-4c53-a819-f1a8aae3efae,McDonald's,1761 W State Highway 46,New Braunfels,TX,78132-4750,29.717832565307617,-98.16232299804688,Overture Places 2026-07-22.0,2026-07-22,open,packet_ready,primary_store_candidate
McDonald's,e74ee0b1-d2c2-4356-818b-216b19881a28,McDonald's,304 FM 306,New Braunfels,TX,78130-2556,29.732749938964844,-98.08172607421875,Overture Places 2026-07-22.0,2026-07-22,open,packet_ready,primary_store_candidate
McDonald's,68fbaa1f-91b6-4b41-89a1-6e6609bc58e1,McDonald's,4142 Loop 337,New Braunfels,TX,78130-6096,29.676227569580078,-98.15599822998047,Overture Places 2026-07-22.0,2026-07-22,open,packet_ready,primary_store_candidate
McDonald's,d51e9091-fc43-479d-b0e4-5d411840e5e0,McDonald's,23005 Speed St.,New Caney,TX,77357,30.19347381591797,-95.19670867919922,Overture Places 2026-07-22.0,2026-07-22,open,packet_ready,primary_store_candidate
McDonald's,4e2314d1-3860-4dc7-982d-04ccb07a4b35,McDonald's,23871 Walton Ave,New Caney,TX,77357-2225,30.152833938598633,-95.21807861328125,Overture Places 2026-07-22.0,2026-07-22,open,packet_ready,primary_store_candidate
McDonald's,599ccb7a-9018-4d7d-bb50-a3a324d50637,McDonald's,5140 Rufe Snow Dr,North Richland Hills,TX,76180-6656,32.841705322265625,-97.23816680908203,Overture Places 2026-07-22.0,2026-07-22,open,packet_ready,primary_store_candidate
McDonald's,af09d401-1c8c-41c1-b360-c1fc61bf0878,McDonald's,7451 Davis Blvd,North Richland Hills,TX,76182-6162,32.88356018066406,-97.20433807373047,Overture Places 2026-07-22.0,2026-07-22,open,packet_ready,primary_store_candidate
McDonald's,26938e36-a0ac-4a05-be67-045a9517248f,McDonald's,8549 Davis Blvd,North Richland Hills,TX,76182-8311,32.909427642822266,-97.19026184082031,Overture Places 2026-07-22.0,2026-07-22,open,packet_ready,primary_store_candidate
McDonald's,5381cd9f-16c9-4662-b83a-280f7ecaa40e,McDonald's,2950 Farm to Market Rd 720,Oak Point,TX,75068,33.184844970703125,-96.97763061523438,Overture Places 2026-07-22.0,2026-07-22,open,packet_ready,primary_store_candidate
McDonald's,4863b2b0-ebba-47eb-ae88-351b28c4dc13,McDonald's,1347 University Blvd,Odessa,TX,79764,31.864181518554688,-102.39830780029297,Overture Places 2026-07-22.0,2026-07-22,open,packet_ready,primary_store_candidate
McDonald's,fb787d73-4563-41d5-bde7-0f2bcceca50e,McDonald's,1800 E 8th St,Odessa,TX,79761-4811,31.859949111938477,-102.34894561767578,Overture Places 2026-07-22.0,2026-07-22,open,packet_ready,primary_store_candidate
McDonald's,e1c3aab4-7298-47d3-ab78-4a596e1d3d18,McDonald's,1901 S County Rd W FM 1882,Odessa,TX,79763,31.817508697509766,-102.3808364868164,Overture Places 2026-07-22.0,2026-07-22,open,packet_ready,primary_store_candidate
McDonald's,7511d476-5c14-4fbd-ade2-bc884ffe4818,McDonald's,2570 E. Yukon Rd. Odessa Tx Usa,Odessa,TX,79762,31.916847229003906,-102.36309051513672,Overture Places 2026-07-22.0,2026-07-22,open,packet_ready,primary_store_candidate
McDonald's,46071aff-4041-4cf6-a0c5-688521f54329,McDonald's,4115 Andrews Hwy,Odessa,TX,79762-5505,31.881406784057617,-102.38494873046875,Overture Places 2026-07-22.0,2026-07-22,open,packet_ready,primary_store_candidate
McDonald's,7f1c3162-3c93-4f9e-91e9-5342b9116a37,McDonald's,5141 E 42nd St,Odessa,TX,79762-5207,31.89487075805664,-102.32897186279297,Overture Places 2026-07-22.0,2026-07-22,open,packet_ready,primary_store_candidate
McDonald's,6e81535f-dcfb-4c8d-b928-99c8e80eb508,McDonald's,5900 I-20,Odessa,TX,79761,31.864604949951172,-102.30192565917969,Overture Places 2026-07-22.0,2026-07-22,open,packet_ready,primary_store_candidate
McDonald's,080ec319-88fb-4c50-bf65-7bc90de37411,McDonald's,8000 E 56th St,Odessa,TX,79762,31.901338577270508,-102.36492156982422,Overture Places 2026-07-22.0,2026-07-22,open,packet_ready,primary_store_candidate
McDonald's,4ecdcd69-58a3-460f-ae59-fc5223931a88,McDonald's,8000 E. 56th,Odessa,TX,79765,31.920446395874023,-102.29349517822266,Overture Places 2026-07-22.0,2026-07-22,open,packet_ready,primary_store_candidate
McDonald's,4204f3cb-616f-456c-9f15-3114b506804d,McDonald's,1710 N 16th St,Orange,TX,77630-3355,30.107566833496094,-93.74678802490234,Overture Places 2026-07-22.0,2026-07-22,open,packet_ready,primary_store_candidate
McDonald's,7dcf0eb5-7ba3-4a1b-bdfa-31616cf038f5,McDonald's,2311 Highway 62 S,Orange,TX,77630-8498,30.1141357421875,-93.82138061523438,Overture Places 2026-07-22.0,2026-07-22,open,packet_ready,primary_store_candidate
McDonald's,966df718-f1df-4df8-b57c-851b08b2999f,McDonald's,2120 S TX-256-LOOP,Palestine,TX,75801-5920,31.73374366760254,-95.61095428466797,Overture Places 2026-07-22.0,2026-07-22,open,packet_ready,primary_store_candidate
McDonald's,c376bae8-fc8c-4dd8-9353-328a9b634bce,McDonald's,224 3 Mile North Rd,Palmhurst,TX,78573-5078,26.257417678833008,-98.31560516357422,Overture Places 2026-07-22.0,2026-07-22,open,packet_ready,primary_store_candidate
McDonald's,869e2aba-8f45-46a1-87f7-6d07032545d3,McDonald's,1201 N Hobart St,Pampa,TX,79065-4605,35.545188903808594,-100.97244262695312,Overture Places 2026-07-22.0,2026-07-22,open,packet_ready,primary_store_candidate
McDonald's,d29b0fc5-38e9-4a8f-a28c-87ac780391f5,McDonald's,2422 W Pioneer Pkwy,Pantego,TX,76013-6011,32.70917892456055,-97.14798736572266,Overture Places 2026-07-22.0,2026-07-22,open,packet_ready,primary_store_candidate
McDonald's,9b7edbb5-e0a5-442d-b5e6-0b044b7bafcd,McDonald's,3825 Lamar Ave,Paris,TX,75462-5210,33.662254333496094,-95.50629425048828,Overture Places 2026-07-22.0,2026-07-22,open,packet_ready,primary_store_candidate
McDonald's,3f3db4a1-8c0c-4aec-91a8-d92b5e121fbe,McDonald's,1107 Shaver St,Pasadena,TX,77506-4405,29.693098068237305,-95.21062469482422,Overture Places 2026-07-22.0,2026-07-22,open,packet_ready,primary_store_candidate
McDonald's,ee4e1d8e-da30-49cd-97bb-7db6f8887f6e,McDonald's,1300 Richey St,Pasadena,TX,77502-1842,29.690214157104492,-95.22013092041016,Overture Places 2026-07-22.0,2026-07-22,open,packet_ready,primary_store_candidate
McDonald's,da2ff99f-ca8d-4007-a19b-c325ff29f9ac,McDonald's,131 Pasadena Blvd,Pasadena,TX,77506-2362,29.711164474487305,-95.20097351074219,Overture Places 2026-07-22.0,2026-07-22,open,packet_ready,primary_store_candidate
McDonald's,10db3ec7-c0cd-46f0-9928-aab6232daaac,McDonald's,135 Fairmont Pkwy,Pasadena,TX,77504,29.651609420776367,-95.20611572265625,Overture Places 2026-07-22.0,2026-07-22,open,packet_ready,primary_store_candidate
McDonald's,f87a2147-8a58-45ea-b4c8-4bf4f8d04e38,McDonald's,2001 Genoa Red Bluff Rd,Pasadena,TX,77505-5003,29.63115119934082,-95.16849517822266,Overture Places 2026-07-22.0,2026-07-22,open,packet_ready,primary_store_candidate
McDonald's,bb8303df-5830-4a28-9be1-831148fe4a55,McDonald's,3223 Spencer Hwy,Pasadena,TX,77504-1103,29.665424346923828,-95.19407653808594,Overture Places 2026-07-22.0,2026-07-22,open,packet_ready,primary_store_candidate
McDonald's,33491c8c-3f05-4947-817a-6b65a8c4819c,McDonald's,3815 Red Bluff Rd,Pasadena,TX,77503-3601,29.68488311767578,-95.15567779541016,Overture Places 2026-07-22.0,2026-07-22,open,packet_ready,primary_store_candidate
McDonald's,970b2de6-1a45-4cb0-bb35-467aaec1c807,McDonald's,4625 Fairmont Pkwy,Pasadena,TX,77504-3311,29.65007209777832,-95.17210388183594,Overture Places 2026-07-22.0,2026-07-22,open,packet_ready,primary_store_candidate
McDonald's,d77ce198-3199-43c0-8c62-6dbf83da5658,McDonald's,5200 Fairmont Pkwy,Pasadena,TX,77505-3802,29.64688491821289,-95.16118621826172,Overture Places 2026-07-22.0,2026-07-22,open,packet_ready,primary_store_candidate
McDonald's,d5dff323-2c7e-44cd-8e8d-72cfa45b055f,McDonald's,7437 Spencer Hwy,Pasadena,TX,77505-1811,29.66410255432129,-95.12388610839844,Overture Places 2026-07-22.0,2026-07-22,open,packet_ready,primary_store_candidate
McDonald's,c8418f28-4a17-4f10-b49a-a166b61770aa,McDonald's,10505 Broadway St,Pearland,TX,77584-8076,29.558103561401367,-95.38260650634766,Overture Places 2026-07-22.0,2026-07-22,open,packet_ready,primary_store_candidate
McDonald's,26d429b1-71b7-452d-9f2d-92c0501377f8,McDonald's,2120 N Main St,Pearland,TX,77581-3310,29.567720413208008,-95.28672790527344,Overture Places 2026-07-22.0,2026-07-22,open,packet_ready,primary_store_candidate
McDonald's,8e24aeff-57eb-46d2-be28-8a1b83a1e3a8,McDonald's,2815 Business Center Dr,Pearland,TX,77584-2149,29.556859970092773,-95.39083099365234,Overture Places 2026-07-22.0,2026-07-22,open,packet_ready,primary_store_candidate
McDonald's,e1580f48-a51a-490f-a8fb-f205f750d781,McDonald's,8303 Broadway St,Pearland,TX,77581-7766,29.55955696105957,-95.34809875488281,Overture Places 2026-07-22.0,2026-07-22,open,packet_ready,primary_store_candidate
McDonald's,1817af63-6117-4e33-93ed-ca5fcc56db10,McDonald's,625 N Oak St,Pearsall,TX,78061-3322,28.897647857666016,-99.09394836425781,Overture Places 2026-07-22.0,2026-07-22,open,packet_ready,primary_store_candidate
McDonald's,dc5e10ce-bb8a-41f2-b968-1011b0e00e20,McDonald's,5202 US Hwy 285,Pecos,TX,79772,31.399295806884766,-103.48052215576172,Overture Places 2026-07-22.0,2026-07-22,open,packet_ready,primary_store_candidate
McDonald's,9a5e907c-88e8-4ff8-8b7d-d650e866c402,McDonald's,1703 Expressway 83,Penitas,TX,78576-8626,26.24628257751465,-98.44293212890625,Overture Places 2026-07-22.0,2026-07-22,open,packet_ready,primary_store_candidate
McDonald's,727c97ed-2b4d-419f-ad32-10a8e5c29e01,McDonald's,1109 S Main St,Perryton,TX,79070-4247,36.388519287109375,-100.80244445800781,Overture Places 2026-07-22.0,2026-07-22,open,packet_ready,primary_store_candidate
McDonald's,60374f48-33d3-449b-b0e8-0bd77a671890,McDonald's,1517 FM-685,Pflugerville,TX,78660-3576,30.451478958129883,-97.60394287109375,Overture Places 2026-07-22.0,2026-07-22,open,packet_ready,primary_store_candidate
McDonald's,25359efc-f387-4155-93a8-90befff34b68,McDonald's,1700 W Pecan St,Pflugerville,TX,78660,30.447711944580078,-97.63970184326172,Overture Places 2026-07-22.0,2026-07-22,open,packet_ready,primary_store_candidate
McDonald's,efdb039f-fa10-45d9-aa75-5257f9019920,McDonald's,104 W Nolana Loop,Pharr,TX,78577-9666,26.234092712402344,-98.17955017089844,Overture Places 2026-07-22.0,2026-07-22,open,packet_ready,primary_store_candidate
McDonald's,41cef0e8-8dd9-4ff3-ac54-74282350bf0f,McDonald's,301 W Ridge Rd,Pharr,TX,78577-6048,26.180639266967773,-98.18988800048828,Overture Places 2026-07-22.0,2026-07-22,open,packet_ready,primary_store_candidate
McDonald's,cedd8eee-ca91-47a3-9dbb-5f9b8c8be491,McDonald's,7501 S Jackson Rd,Pharr,TX,78577,26.124622344970703,-98.21630859375,Overture Places 2026-07-22.0,2026-07-22,open,packet_ready,primary_store_candidate
McDonald's,a13b498b-9e9e-4e66-954b-5236619e194e,McDonald's,1230 S Highway 377,Pilot Point,TX,76258-4353,33.382686614990234,-96.96027374267578,Overture Places 2026-07-22.0,2026-07-22,open,packet_ready,primary_store_candidate
McDonald's,e87060eb-fe2d-4c14-9af4-92e7a347eb5c,McDonald's,32323 State Highway 249,Pinehurst,TX,77362-3885,30.134550094604492,-95.65576171875,Overture Places 2026-07-22.0,2026-07-22,open,packet_ready,primary_store_candidate
McDonald's,543dab4e-0384-488b-9bd8-8837a31bd7a6,McDonald's,101 S Greer Blvd,Pittsburg,TX,75686-1407,32.99618911743164,-94.95955657958984,Overture Places 2026-07-22.0,2026-07-22,open,packet_ready,primary_store_candidate
McDonald's,83c7edd9-db64-4966-9d1a-d6a3826163b3,McDonald's,815 Interstate 27 Access Rd,Plainview,TX,79072-5831,34.188873291015625,-101.75079345703125,Overture Places 2026-07-22.0,2026-07-22,open,packet_ready,primary_store_candidate
McDonald's,ee40e5b2-0376-4f15-90bf-a209dad7e071,McDonald's,Walmart Supercenter 1501 N Interstate 27,Plainview,TX,79072-3916,34.196311950683594,-101.75292205810547,Overture Places 2026-07-22.0,2026-07-22,open,packet_ready,primary_store_candidate
McDonald's,83b4f396-fec5-411a-a80c-71cd6220b99b,McDonald's,2100 W 15th St,Plano,TX,75075-7432,33.01902770996094,-96.73423767089844,Overture Places 2026-07-22.0,2026-07-22,open,packet_ready,primary_store_candidate
McDonald's,81d89948-7c8c-4315-bb89-1c5dd701fcde,McDonald's,216 Coit Rd,Plano,TX,75075-5714,33.0008659362793,-96.76714324951172,Overture Places 2026-07-22.0,2026-07-22,open,packet_ready,primary_store_candidate
McDonald's,311879f7-e060-433d-8ed4-00839c35c804,McDonald's,2205 McDermott Rd,Plano,TX,75025-4613,33.101436614990234,-96.73455810546875,Overture Places 2026-07-22.0,2026-07-22,open,packet_ready,primary_store_candidate
McDonald's,cf7e1f89-ef8f-4c22-bea6-e01f5041a04e,McDonald's,3880 State Hwy 121,Plano,TX,75024,33.10962677001953,-96.77141571044922,Overture Places 2026-07-22.0,2026-07-22,open,packet_ready,primary_store_candidate
McDonald's,9b430629-807d-43b6-bbdf-1bdbf8705c01,McDonald's,3957 Legacy Dr,Plano,TX,75023-8320,33.07219696044922,-96.77091217041016,Overture Places 2026-07-22.0,2026-07-22,open,packet_ready,primary_store_candidate
McDonald's,bd76706f-a4f6-4060-81ff-5e4401b7afda,McDonald's,400 Jupiter Rd,Plano,TX,75074-7498,33.00355911254883,-96.68152618408203,Overture Places 2026-07-22.0,2026-07-22,open,packet_ready,primary_store_candidate
McDonald's,19b2e1ff-bc36-4e27-ba5b-a16d4bdb1428,McDonald's,4005 W Parker Rd,Plano,TX,75093-3100,33.04213333129883,-96.77112579345703,Overture Places 2026-07-22.0,2026-07-22,open,packet_ready,primary_store_candidate
McDonald's,b826f98a-7dba-4000-992a-238de555edaa,McDonald's,4925 W Park Blvd,Plano,TX,75093-2333,33.027523040771484,-96.79341888427734,Overture Places 2026-07-22.0,2026-07-22,open,packet_ready,primary_store_candidate
McDonald's,8a23d419-0708-42b3-bdac-7be4aef85153,McDonald's,5004 TX-121,Plano,TX,75024-2208,33.096256256103516,-96.80406951904297,Overture Places 2026-07-22.0,2026-07-22,open,packet_ready,primary_store_candidate
McDonald's,270a41a2-db79-4099-8f48-d5b37a68f3e9,McDonald's,6001 W Parker Rd,Plano,TX,75093-7911,33.04584503173828,-96.8306655883789,Overture Places 2026-07-22.0,2026-07-22,open,packet_ready,primary_store_candidate
McDonald's,9d3b43f6-47d8-4f2f-8a11-5b977b7375ed,McDonald's,605 E 15th St,Plano,TX,75074-5709,33.02012252807617,-96.70720672607422,Overture Places 2026-07-22.0,2026-07-22,open,packet_ready,primary_store_candidate
McDonald's,9e0a7411-fb1c-457f-a97d-6c75ab47226a,McDonald's,6201 Independence Pkwy,Plano,TX,75023-4030,33.05841064453125,-96.75096130371094,Overture Places 2026-07-22.0,2026-07-22,open,packet_ready,primary_store_candidate
McDonald's,17dccca9-684f-4732-9f12-ce0a70b246d2,McDonald's,6220 W Park Blvd,Plano,TX,75093-6204,33.02706527709961,-96.83403778076172,Overture Places 2026-07-22.0,2026-07-22,open,packet_ready,primary_store_candidate
McDonald's,d6ef3ba6-7710-4ab8-8f6e-bcc82ab2ae9b,McDonald's,701 W Spring Creek Pkwy,Plano,TX,75023-4604,33.05756378173828,-96.70709991455078,Overture Places 2026-07-22.0,2026-07-22,open,packet_ready,primary_store_candidate
McDonald's,51f58582-e45a-460c-b51c-f1cd8a8a107f,McDonald's,1733 W Oaklawn,Pleasanton,TX,78064-4602,28.9443302154541,-98.50596618652344,Overture Places 2026-07-22.0,2026-07-22,open,packet_ready,primary_store_candidate
McDonald's,8cfc166f-ba1b-40ec-8fd8-2e18a1766c38,McDonald's,8435 Memorial Blvd,Port Arthur,TX,77640-7010,29.942081451416016,-93.99000549316406,Overture Places 2026-07-22.0,2026-07-22,open,packet_ready,primary_store_candidate
McDonald's,e86745d8-43b9-4253-91f3-9ae3adac50b2,McDonald's,801 TX-35,Port Lavaca,TX,77979-2415,28.619550704956055,-96.63932800292969,Overture Places 2026-07-22.0,2026-07-22,open,packet_ready,primary_store_candidate
McDonald's,a84d3d72-b87a-4e42-a3bb-67e3d02cec19,McDonald's,21871 FM 1314 Rd,Porter,TX,77365-7062,30.134126663208008,-95.28646850585938,Overture Places 2026-07-22.0,2026-07-22,open,packet_ready,primary_store_candidate
McDonald's,d27cc229-4467-46ab-863c-d6b77778b454,McDonald's,24610 FM 1314 Rd,Porter,TX,77365-4974,30.10410499572754,-95.23820495605469,Overture Places 2026-07-22.0,2026-07-22,open,packet_ready,primary_store_candidate
McDonald's,66c3ebef-078a-4463-9fe3-c847ee0ce15a,McDonald's,1300 Wildcat Dr,Portland,TX,78374-2812,27.882577896118164,-97.31869506835938,Overture Places 2026-07-22.0,2026-07-22,open,packet_ready,primary_store_candidate
McDonald's,42714195-cfd3-467d-83c6-ec536483d470,McDonald's,102 N Broadway St,Post,TX,79356-3220,33.19121170043945,-101.3778305053711,Overture Places 2026-07-22.0,2026-07-22,open,packet_ready,primary_store_candidate
McDonald's,93ed693a-250a-41a3-a433-7b136304e427,McDonald's,103 E Princeton Dr,Princeton,TX,75407-8811,33.173805236816406,-96.49984741210938,Overture Places 2026-07-22.0,2026-07-22,open,packet_ready,primary_store_candidate
McDonald's,ee94c82f-dc27-4dc8-a79f-464ffc8d69e0,McDonald's,4500 W University Dr,Prosper,TX,75078,33.21963119506836,-96.87476348876953,Overture Places 2026-07-22.0,2026-07-22,open,packet_ready,primary_store_candidate
McDonald's,682997a1-10a2-4064-b5ba-154db98cf116,McDonald's,8840 S TX-34,Quinlan,TX,75474-9421,32.90715789794922,-96.12861633300781,Overture Places 2026-07-22.0,2026-07-22,open,packet_ready,primary_store_candidate
McDonald's,01e51057-5545-4854-be5d-af343ccea773,McDonald's,1105 Highway 186 E,Raymondville,TX,78580,26.482402801513672,-97.76827239990234,Overture Places 2026-07-22.0,2026-07-22,open,packet_ready,primary_store_candidate
McDonald's,412943ae-95fa-49d7-b77a-4b2248f35361,McDonald's,109 Harris Ave,Red Oak,TX,75154-4216,32.53141403198242,-96.819580078125,Overture Places 2026-07-22.0,2026-07-22,open,packet_ready,primary_store_candidate
McDonald's,ec8b745f-eaed-4358-b21a-f223529a1270,McDonald's,427 N Alamo St,Refugio,TX,78377-2503,28.31085968017578,-97.27450561523438,Overture Places 2026-07-22.0,2026-07-22,open,packet_ready,primary_store_candidate
McDonald's,10231a44-db2a-4ae6-a17d-ab6b10dfee6c,McDonald's,4800 Highway 114,Rhome,TX,76078,33.056854248046875,-97.48346710205078,Overture Places 2026-07-22.0,2026-07-22,open,packet_ready,primary_store_candidate
McDonald's,e5e63623-b375-4b75-8610-40fe23167824,McDonald's,105 S Coit Rd,Richardson,TX,75080,32.950687408447266,-96.76835632324219,Overture Places 2026-07-22.0,2026-07-22,open,packet_ready,primary_store_candidate
McDonald's,45dc5306-feae-4561-be00-7f3c6bedc73f,McDonald's,120 S Central Expy,Richardson,TX,75080,32.95018005371094,-96.73578643798828,Overture Places 2026-07-22.0,2026-07-22,open,packet_ready,primary_store_candidate
McDonald's,1b3f1fb2-2059-4656-90ec-2a6a3ce29518,McDonald's,1251 E Belt Line Rd,Richardson,TX,75081-3708,32.94575500488281,-96.70267486572266,Overture Places 2026-07-22.0,2026-07-22,open,packet_ready,primary_store_candidate
McDonald's,1be44ee3-76d7-4eba-ba87-6a00a49a1a42,McDonald's,170 W Campbell Rd,Richardson,TX,75080-3510,32.975807189941406,-96.71932220458984,Overture Places 2026-07-22.0,2026-07-22,open,packet_ready,primary_store_candidate
McDonald's,be4a2dac-aa31-4ec8-8a14-5f12d2a554e7,McDonald's,2198 E Arapaho Rd,Richardson,TX,75081-3147,32.96015548706055,-96.68345642089844,Overture Places 2026-07-22.0,2026-07-22,open,packet_ready,primary_store_candidate
McDonald's,25231855-d375-4a33-9bf4-f7f1e6bd7d89,McDonald's,550 Centennial Blvd,Richardson,TX,75081-5147,32.93780517578125,-96.71916961669922,Overture Places 2026-07-22.0,2026-07-22,open,packet_ready,primary_store_candidate
McDonald's,d557f64c-e411-4c52-b8cd-931eaeeda1e1,McDonald's,7305 Airport Fwy,Richland Hills,TX,76118-6902,32.802303314208984,-97.22037506103516,Overture Places 2026-07-22.0,2026-07-22,open,packet_ready,primary_store_candidate
McDonald's,0b9be965-7341-4ca5-bb20-38fd4d0968bc,McDonald's,10513 Grand Pkwy,Richmond,TX,77407,29.651430130004883,-95.7095718383789,Overture Places 2026-07-22.0,2026-07-22,open,packet_ready,primary_store_candidate
McDonald's,73174a79-9f2f-4844-b6fb-0e170b771839,McDonald's,1125 Crabb River Rd,Richmond,TX,77469-3800,29.55101203918457,-95.69766235351562,Overture Places 2026-07-22.0,2026-07-22,open,packet_ready,primary_store_candidate
McDonald's,fbf99fb2-1b70-43c2-9306-39ec13b86af6,McDonald's,2025 FM-359,Richmond,TX,77406-1971,29.623916625976562,-95.74447631835938,Overture Places 2026-07-22.0,2026-07-22,open,packet_ready,primary_store_candidate
McDonald's,6824eaa2-9385-40fd-a336-aa89d1a9ccff,McDonald's,22327 Southwest Freeway,Richmond,TX,77469,29.554595947265625,-95.7198715209961,Overture Places 2026-07-22.0,2026-07-22,open,packet_ready,primary_store_candidate
McDonald's,14657ce3-44b2-444e-9eaf-f5aef428058e,McDonald's,5660 Grand Pkwy,Richmond,TX,77406-5880,29.690155029296875,-95.77430725097656,Overture Places 2026-07-22.0,2026-07-22,open,packet_ready,primary_store_candidate
McDonald's,f9d5c891-c4cd-4022-b4c5-cbca6f5ab516,McDonald's,7003 FM 1464 Rd,Richmond,TX,77407-9542,29.70280647277832,-95.68724060058594,Overture Places 2026-07-22.0,2026-07-22,open,packet_ready,primary_store_candidate
McDonald's,c185169d-bad1-4712-8701-1bde662f428e,McDonald's,7805 W Grand Pkwy S,Richmond,TX,77407-8615,29.663867950439453,-95.74211883544922,Overture Places 2026-07-22.0,2026-07-22,open,packet_ready,primary_store_candidate
McDonald's,37c0f614-5c00-41fe-a742-80d926b58852,McDonald's,4290 W US Highway 83,Rio Grande City,TX,78582-5500,26.37042808532715,-98.79842376708984,Overture Places 2026-07-22.0,2026-07-22,open,packet_ready,primary_store_candidate
McDonald's,5815954c-0bc4-4c49-9e2f-e7e98c877ed4,McDonald's,1100 N US-377,Roanoke,TX,76262,33.009151458740234,-97.22309112548828,Overture Places 2026-07-22.0,2026-07-22,open,packet_ready,primary_store_candidate
McDonald's,682f3cf4-f0a8-4620-9088-32eee0f98b2c,McDonald's,500 N Robinson Dr,Robinson,TX,76706-5348,31.47980499267578,-97.12018585205078,Overture Places 2026-07-22.0,2026-07-22,open,packet_ready,primary_store_candidate
McDonald's,2ada8378-aa64-456b-947c-1098cab82d50,McDonald's,7961 Interstate 35 S,Robinson,TX,76706-7286,31.457508087158203,-97.17142486572266,Overture Places 2026-07-22.0,2026-07-22,open,packet_ready,primary_store_candidate
McDonald's,f30f5ab5-1b68-40b8-8ca4-db135e88e78a,McDonald's,301 US-77 S,Robstown,TX,78380-4310,27.785348892211914,-97.65555572509766,Overture Places 2026-07-22.0,2026-07-22,open,packet_ready,primary_store_candidate
McDonald's,d7e4ae0c-8ab1-401f-bea0-7bd377d7b2a6,McDonald's,1521 W Cameron Ave,Rockdale,TX,76567-2606,30.647489547729492,-97.01838684082031,Overture Places 2026-07-22.0,2026-07-22,open,packet_ready,primary_store_candidate
McDonald's,5577ad3f-6ed5-49b3-8c89-7e2acf1c898d,McDonald's,1302 Highway 35 N,Rockport,TX,78382-3313,28.036781311035156,-97.04212951660156,Overture Places 2026-07-22.0,2026-07-22,open,packet_ready,primary_store_candidate
McDonald's,b0cea2ad-8689-46c8-adff-ae1930252f94,McDonald's,3066 N Goliad St,Rockwall,TX,75087-7049,32.9636344909668,-96.46417999267578,Overture Places 2026-07-22.0,2026-07-22,open,packet_ready,primary_store_candidate
McDonald's,90cef6f9-0811-41fa-bd3a-1cca1aa997b4,McDonald's,4901 S Goliad,Rockwall,TX,75032,32.879638671875,-96.42512512207031,Overture Places 2026-07-22.0,2026-07-22,open,packet_ready,primary_store_candidate
McDonald's,b2918505-012a-47d3-81a8-216c7d007b62,McDonald's,610 I-30 E,Rockwall,TX,75087-5501,32.898338317871094,-96.46829223632812,Overture Places 2026-07-22.0,2026-07-22,open,packet_ready,primary_store_candidate
McDonald's,4c512d26-3ba4-40db-91b7-bc4a26312664,McDonald's,104 E Grant St,Roma,TX,78584-8074,26.402265548706055,-99.01129150390625,Overture Places 2026-07-22.0,2026-07-22,open,packet_ready,primary_store_candidate
McDonald's,9e79d7e9-d959-4115-a222-4aa39a911f7e,McDonald's,24501 Southwest Fwy,Rosenberg,TX,77471-5781,29.543251037597656,-95.75192260742188,Overture Places 2026-07-22.0,2026-07-22,open,packet_ready,primary_store_candidate
McDonald's,79f17919-eda3-4ff2-9f3e-fdb131713800,McDonald's,2805 Highway 59,Rosenberg,TX,77471,29.531980514526367,-95.8584213256836,Overture Places 2026-07-22.0,2026-07-22,open,packet_ready,primary_store_candidate
McDonald's,bd7e7b9d-f737-4c46-b569-c8cf4009932b,McDonald's,3417 1st St,Rosenberg,TX,77471-5854,29.53307342529297,-95.80790710449219,Overture Places 2026-07-22.0,2026-07-22,open,packet_ready,primary_store_candidate
McDonald's,e04dbb6e-1b0b-486c-a4db-d06c95271b03,McDonald's,3627 Avenue H,Rosenberg,TX,77471-2835,29.559938430786133,-95.78936004638672,Overture Places 2026-07-22.0,2026-07-22,open,packet_ready,primary_store_candidate
McDonald's,39537b3b-3767-4dcb-af89-ae43632cb7a7,McDonald's,106 Louis Henna Blvd,Round Rock,TX,78664-7300,30.481386184692383,-97.67256164550781,Overture Places 2026-07-22.0,2026-07-22,open,packet_ready,primary_store_candidate
McDonald's,49127cd5-8432-475b-be23-c539c05ef6f6,McDonald's,1850 E Palm Valley Blvd,Round Rock,TX,78664-4689,30.518417358398438,-97.65689849853516,Overture Places 2026-07-22.0,2026-07-22,open,packet_ready,primary_store_candidate
McDonald's,4248ebe9-97a6-4cc4-bbb2-b2f912a9dcce,McDonald's,2401 S I-35,Round Rock,TX,78664-9700,30.535140991210938,-97.69068908691406,Overture Places 2026-07-22.0,2026-07-22,open,packet_ready,primary_store_candidate
McDonald's,2826cacf-5d2a-42a4-8133-95af8f5329d7,McDonald's,310 N I-35,Round Rock,TX,78681-5083,30.5093994140625,-97.68717956542969,Overture Places 2026-07-22.0,2026-07-22,open,packet_ready,primary_store_candidate
McDonald's,9770932b-f0c7-4001-b84d-62efe85f9c54,McDonald's,319 University Blvd,Round Rock,TX,78665-1045,30.559967041015625,-97.68431091308594,Overture Places 2026-07-22.0,2026-07-22,open,packet_ready,primary_store_candidate
McDonald's,a1832b08-ea7e-4456-99bd-99442957a79a,McDonald's,4700 E Palm Valley Blvd,Round Rock,TX,78665-2586,30.534391403198242,-97.61206817626953,Overture Places 2026-07-22.0,2026-07-22,open,packet_ready,primary_store_candidate
McDonald's,ea79ccc9-6812-4bd9-a208-ae8f543c3c61,McDonald's,795 Louis Henna Blvd,Round Rock,TX,78664,30.484209060668945,-97.65119934082031,Overture Places 2026-07-22.0,2026-07-22,open,packet_ready,primary_store_candidate
McDonald's,d32e8e1d-1123-48d0-8111-e9aec0415828,McDonald's,3505 Lakeview Pkwy,Rowlett,TX,75088-4004,32.90799331665039,-96.56842803955078,Overture Places 2026-07-22.0,2026-07-22,open,packet_ready,primary_store_candidate
McDonald's,01a92a3b-c429-4983-9e85-622e4d150a3c,McDonald's,8503 Lakeview Pkwy,Rowlett,TX,75088-9305,32.91689682006836,-96.52010345458984,Overture Places 2026-07-22.0,2026-07-22,open,packet_ready,primary_store_candidate
McDonald's,0b8030b0-0cef-42bf-9ce8-e00dfcc106d0,McDonald's,200 I-30 W,Royse City,TX,75189,32.96963882446289,-96.33280181884766,Overture Places 2026-07-22.0,2026-07-22,open,packet_ready,primary_store_candidate
McDonald's,b1ff4ec7-0776-4543-b744-42b1c78a5801,McDonald's,5005 E Interstate 30,Royse City,TX,75189,32.89933395385742,-96.46260833740234,Overture Places 2026-07-22.0,2026-07-22,open,packet_ready,primary_store_candidate
McDonald's,afbd9724-b134-40ea-ac97-7ddb2fc1db52,McDonald's,516 Dickinson Dr,Rusk,TX,75785,31.806705474853516,-95.15178680419922,Overture Places 2026-07-22.0,2026-07-22,open,packet_ready,primary_store_candidate
McDonald's,91afd5c8-e092-4175-a1d0-d3079c9b46a2,McDonald's,5230 Highway 78,Sachse,TX,75048-4204,32.970245361328125,-96.60394287109375,Overture Places 2026-07-22.0,2026-07-22,open,packet_ready,primary_store_candidate
McDonald's,08fd3133-49b0-4269-b9cc-90f1f1993915,McDonald's,1165 N Saginaw Blvd,Saginaw,TX,76179-1149,32.87918472290039,-97.38102722167969,Overture Places 2026-07-22.0,2026-07-22,open,packet_ready,primary_store_candidate
McDonald's,6cb4d27e-8a6f-4ae3-83e0-54343d274d8d,McDonald's,5321 Blue Mound Rd,Saginaw,TX,76106,32.84029769897461,-97.34361267089844,Overture Places 2026-07-22.0,2026-07-22,open,packet_ready,primary_store_candidate
McDonald's,5d20bf71-3699-48c8-80e5-c4c698a7aa50,McDonald's,305 Williams Rd.,Salado,TX,76571,30.95648193359375,-97.53642272949219,Overture Places 2026-07-22.0,2026-07-22,open,packet_ready,primary_store_candidate
McDonald's,b894a520-81da-4ff4-88ef-8971a42ff3e6,McDonald's,1802 S Bryant Blvd,San Angelo,TX,76903-8708,31.442554473876953,-100.44160461425781,Overture Places 2026-07-22.0,2026-07-22,open,packet_ready,primary_store_candidate
McDonald's,bd7cd9ad-bfa0-4c97-b941-1aa805e892e2,McDonald's,4330 Southwest Blvd,San Angelo,TX,76904-6318,31.423175811767578,-100.49635314941406,Overture Places 2026-07-22.0,2026-07-22,open,packet_ready,primary_store_candidate
McDonald's,14a3a22f-0d99-40bb-9e1a-f93a8123f00b,McDonald's,520 N Bryant Blvd,San Angelo,TX,76903-5200,31.466508865356445,-100.44601440429688,Overture Places 2026-07-22.0,2026-07-22,open,packet_ready,primary_store_candidate
McDonald's,b88ff4e6-e36b-4560-ab18-fbc7ba860242,McDonald's,Walmart Supercenter 610 W 29th St,San Angelo,TX,76903-2828,31.487808227539062,-100.4610366821289,Overture Places 2026-07-22.0,2026-07-22,open,packet_ready,primary_store_candidate
McDonald's,c81d1d30-1e09-4ea2-93cc-27638907d1c2,McDonald's,10042 S Zarzamora Street,San Antonio,TX,78224,29.318668365478516,-98.53239440917969,Overture Places 2026-07-22.0,2026-07-22,open,packet_ready,primary_store_candidate
McDonald's,170641cf-3f09-486c-a704-411a132c1f32,McDonald's,101 Alamo Plz,San Antonio,TX,78205-2655,29.423770904541016,-98.48756408691406,Overture Places 2026-07-22.0,2026-07-22,open,packet_ready,primary_store_candidate
McDonald's,f38d7c91-f4bc-4db3-922f-93c1e80192f2,McDonald's,102 S WW White Rd,San Antonio,TX,78219-4220,29.430831909179688,-98.40495300292969,Overture Places 2026-07-22.0,2026-07-22,open,packet_ready,primary_store_candidate
McDonald's,e4937bb7-dd67-4b6e-8a79-0e12eff7bd31,McDonald's,10950 State Highway 151,San Antonio,TX,78251-3000,29.461477279663086,-98.69225311279297,Overture Places 2026-07-22.0,2026-07-22,open,packet_ready,primary_store_candidate
McDonald's,4e6b0f7d-f5c9-4193-a236-0afbe593157b,McDonald's,11031 Culebra Rd,San Antonio,TX,78253-7291,29.49685287475586,-98.7106704711914,Overture Places 2026-07-22.0,2026-07-22,open,packet_ready,primary_store_candidate
McDonald's,4f9d40f6-117c-4f3b-a0c8-b9e7259c50ee,McDonald's,11038 Potranco Rd,San Antonio,TX,78251-3215,29.435258865356445,-98.70935821533203,Overture Places 2026-07-22.0,2026-07-22,open,packet_ready,primary_store_candidate
McDonald's,c95c93f5-6a37-4a54-a1dc-62de39cbf073,McDonald's,1142 Culebra Rd,San Antonio,TX,78201-6005,29.444929122924805,-98.52680969238281,Overture Places 2026-07-22.0,2026-07-22,open,packet_ready,primary_store_candidate
McDonald's,6e7a0a0f-95cd-4799-ae79-fd4e80e44ef3,McDonald's,11443 Shaenfield Rd,San Antonio,TX,78254,29.52564811706543,-98.71714782714844,Overture Places 2026-07-22.0,2026-07-22,open,packet_ready,primary_store_candidate
McDonald's,e3820479-9c8b-4c91-869e-9c71179d5a20,McDonald's,11482 Perrin Beitel Rd,San Antonio,TX,78217-2536,29.5440731048584,-98.41062927246094,Overture Places 2026-07-22.0,2026-07-22,open,packet_ready,primary_store_candidate
McDonald's,64a153e5-f8e8-479a-8cd0-361b485863fa,McDonald's,11611 Bandera Rd,San Antonio,TX,78250-6818,29.55034828186035,-98.66442108154297,Overture Places 2026-07-22.0,2026-07-22,open,packet_ready,primary_store_candidate
McDonald's,3d4ea364-e8e5-466f-ba2b-0bca4664cc7b,McDonald's,11700 Blanco Rd,San Antonio,TX,78216-2404,29.546964645385742,-98.50872802734375,Overture Places 2026-07-22.0,2026-07-22,open,packet_ready,primary_store_candidate
McDonald's,3ffbc32d-39f4-4779-88e1-7f444afb7963,McDonald's,11710 N I-35,San Antonio,TX,78233-5317,29.545761108398438,-98.36705780029297,Overture Places 2026-07-22.0,2026-07-22,open,packet_ready,primary_store_candidate
McDonald's,209115f3-064f-48fd-98bb-c0212b0b74e9,McDonald's,12203 Jones Maltsberger Rd,San Antonio,TX,78247-4204,29.5532283782959,-98.46817016601562,Overture Places 2026-07-22.0,2026-07-22,open,packet_ready,primary_store_candidate
McDonald's,7c8abc53-5ca8-407b-9bdc-c24fb0afa5f7,McDonald's,12844 Potranco Road,San Antonio,TX,78245,29.428804397583008,-98.74835205078125,Overture Places 2026-07-22.0,2026-07-22,open,packet_ready,primary_store_candidate
McDonald's,7995b232-d9a4-447f-8442-3c485baa3285,McDonald's,1330 S Laredo St,San Antonio,TX,78204-3217,29.41172981262207,-98.50651550292969,Overture Places 2026-07-22.0,2026-07-22,open,packet_ready,primary_store_candidate
McDonald's,c322f7d8-696e-425d-a237-4531ba507d77,McDonald's,13919 Nacogdoches Rd,San Antonio,TX,78217-1283,29.567996978759766,-98.3858871459961,Overture Places 2026-07-22.0,2026-07-22,open,packet_ready,primary_store_candidate
McDonald's,92805d12-5fa5-45ce-86a2-f7deb9a9ee90,McDonald's,14060 Culebra Rd,San Antonio,TX,78254,29.51905059814453,-98.7736587524414,Overture Places 2026-07-22.0,2026-07-22,open,packet_ready,primary_store_candidate
McDonald's,cf61675c-e9c9-429f-9c54-ca5abbcfaa89,McDonald's,14250 Potranco Rd,San Antonio,TX,78253-2133,29.421253204345703,-98.77777862548828,Overture Places 2026-07-22.0,2026-07-22,open,packet_ready,primary_store_candidate
McDonald's,64a5a15d-163a-4d9e-8ed9-a2737f299254,McDonald's,14630 Huebner Rd,San Antonio,TX,78230-5429,29.57427406311035,-98.54537200927734,Overture Places 2026-07-22.0,2026-07-22,open,packet_ready,primary_store_candidate
McDonald's,cd808c58-4add-4554-a4c6-f649fd7e41af,McDonald's,15011 Jones Maltsberger Rd,San Antonio,TX,78247-3702,29.57902717590332,-98.44153594970703,Overture Places 2026-07-22.0,2026-07-22,open,packet_ready,primary_store_candidate
McDonald's,164e521d-d000-49a5-88dc-39b56425dadc,McDonald's,1643 Pleasanton Rd,San Antonio,TX,78221-1150,29.366214752197266,-98.50459289550781,Overture Places 2026-07-22.0,2026-07-22,open,packet_ready,primary_store_candidate
McDonald's,7887daed-5342-4563-b321-683aa36fe9b4,McDonald's,16522 Nacogdoches Rd,San Antonio,TX,78247-1006,29.59016990661621,-98.35444641113281,Overture Places 2026-07-22.0,2026-07-22,open,packet_ready,primary_store_candidate
McDonald's,c2517c83-3be2-4da5-b0a5-188f35c2d131,McDonald's,1733 SW Loop 410,San Antonio,TX,78227-1601,29.41710662841797,-98.65045166015625,Overture Places 2026-07-22.0,2026-07-22,open,packet_ready,primary_store_candidate
McDonald's,0b350d45-e7f8-4379-ae65-17bc7be00b05,McDonald's,18146 Blanco Rd,San Antonio,TX,78232-1018,29.607027053833008,-98.50775909423828,Overture Places 2026-07-22.0,2026-07-22,open,packet_ready,primary_store_candidate
McDonald's,8c46582e-e115-449a-adbd-dfbd24638e5c,McDonald's,1819 S New Braunfels Ave,San Antonio,TX,78210-3013,29.400917053222656,-98.4615707397461,Overture Places 2026-07-22.0,2026-07-22,open,packet_ready,primary_store_candidate
McDonald's,c823978b-808d-4230-8a21-4e3c3aa9a976,McDonald's,1846 S General McMullen Dr,San Antonio,TX,78226-1128,29.397485733032227,-98.5576400756836,Overture Places 2026-07-22.0,2026-07-22,open,packet_ready,primary_store_candidate
McDonald's,0a9e2663-30a5-49c5-a76b-598397d32d42,McDonald's,18503 W Interstate 10,San Antonio,TX,78257-9541,29.615480422973633,-98.60472869873047,Overture Places 2026-07-22.0,2026-07-22,open,packet_ready,primary_store_candidate
McDonald's,cfa628bf-0cd7-4492-801d-4fa6bc287a39,McDonald's,1852 N Foster Rd,San Antonio,TX,78244-1916,29.446805953979492,-98.36067199707031,Overture Places 2026-07-22.0,2026-07-22,open,packet_ready,primary_store_candidate
McDonald's,9c0023bb-55b9-49d1-bf1b-433d0608605b,McDonald's,19915 Stone Oak Pkwy,San Antonio,TX,78258-6951,29.642372131347656,-98.4898910522461,Overture Places 2026-07-22.0,2026-07-22,open,packet_ready,primary_store_candidate
McDonald's,a8dbe545-5425-43f4-aaf8-3079dca73c96,McDonald's,20115 S US Highway 281,San Antonio,TX,78221-3262,29.220590591430664,-98.47846984863281,Overture Places 2026-07-22.0,2026-07-22,open,packet_ready,primary_store_candidate
McDonald's,d6733ce7-d6c6-44a5-a31b-561c40503a7f,McDonald's,20203 Ih 37 S,San Antonio,TX,78264,29.219806671142578,-98.41292572021484,Overture Places 2026-07-22.0,2026-07-22,open,packet_ready,primary_store_candidate
McDonald's,c771b718-6988-47c9-97b7-04ea841fcce5,McDonald's,20750 US Highway 281 N,San Antonio,TX,78258-7501,29.635597229003906,-98.45608520507812,Overture Places 2026-07-22.0,2026-07-22,open,packet_ready,primary_store_candidate
McDonald's,bdcd2f17-5ff5-4619-b1a6-5d89f4ef22e3,McDonald's,2135 SW Military Dr,San Antonio,TX,78224-1402,29.35713768005371,-98.528076171875,Overture Places 2026-07-22.0,2026-07-22,open,packet_ready,primary_store_candidate
McDonald's,9da83dfe-3e5e-4a53-9cce-bdfde849fc8d,McDonald's,2315 SW 36th St,San Antonio,TX,78237-4013,29.405595779418945,-98.57576751708984,Overture Places 2026-07-22.0,2026-07-22,open,packet_ready,primary_store_candidate
McDonald's,49105efb-d2b3-4212-a875-a8451095fd31,McDonald's,2402 E Southcross Blvd,San Antonio,TX,78223-2206,29.375038146972656,-98.4563980102539,Overture Places 2026-07-22.0,2026-07-22,open,packet_ready,primary_store_candidate
McDonald's,adf87e11-622f-4ec5-8000-6e1b066062e4,McDonald's,2512 W TX-1604-LOOP S,San Antonio,TX,78245-4234,29.40341567993164,-98.70597839355469,Overture Places 2026-07-22.0,2026-07-22,open,packet_ready,primary_store_candidate
McDonald's,f218a541-d360-4614-a68a-bd5663d3e49c,McDonald's,25200 W I-10,San Antonio,TX,78257-9528,29.675947189331055,-98.63432312011719,Overture Places 2026-07-22.0,2026-07-22,open,packet_ready,primary_store_candidate
McDonald's,a52ebdc9-8879-47b2-b98e-98b9094711ca,McDonald's,2646 N Panam Expy,San Antonio,TX,78208,29.438379287719727,-98.44987487792969,Overture Places 2026-07-22.0,2026-07-22,open,packet_ready,primary_store_candidate
McDonald's,62a9f94f-3a1b-487d-b580-668e439336c9,McDonald's,26523 US-281 N,San Antonio,TX,78260-2125,29.69345474243164,-98.45249938964844,Overture Places 2026-07-22.0,2026-07-22,open,packet_ready,primary_store_candidate
McDonald's,0d8dae35-dd1f-4f01-9a95-75bdda62a061,McDonald's,2811 Se Military Dr,San Antonio,TX,78223,29.352397918701172,-98.44699096679688,Overture Places 2026-07-22.0,2026-07-22,open,packet_ready,primary_store_candidate
McDonald's,7016be99-98b7-4b73-90fa-ab4f208eb4d1,McDonald's,2922 Blanco Rd,San Antonio,TX,78212-1813,29.473833084106445,-98.50750732421875,Overture Places 2026-07-22.0,2026-07-22,open,packet_ready,primary_store_candidate
McDonald's,f081ba7f-0c45-4919-9fb7-4e6373d97a3d,McDonald's,3033 Nogalitos St,San Antonio,TX,78225-1926,29.386137008666992,-98.52442169189453,Overture Places 2026-07-22.0,2026-07-22,open,packet_ready,primary_store_candidate
McDonald's,8669fa59-f289-41d9-9ba3-8549e58ecc1c,McDonald's,3231 SW Military Dr,San Antonio,TX,78211-3617,29.357881546020508,-98.55035400390625,Overture Places 2026-07-22.0,2026-07-22,open,packet_ready,primary_store_candidate
McDonald's,0d24ad4a-5fc1-4013-84db-d5a78dcf0a95,McDonald's,330 Valley Hi Dr,San Antonio,TX,78227-4602,29.381250381469727,-98.63838195800781,Overture Places 2026-07-22.0,2026-07-22,open,packet_ready,primary_store_candidate
McDonald's,4873dfbc-fa1c-4da5-b3ef-9329db027bc4,McDonald's,3302 SE Military Dr,San Antonio,TX,78223-3734,29.348514556884766,-98.43341827392578,Overture Places 2026-07-22.0,2026-07-22,open,packet_ready,primary_store_candidate
McDonald's,85f8897c-5cef-4b1d-8006-c6eb833bedd4,McDonald's,3502 Roosevelt Ave,San Antonio,TX,78214-2845,29.354883193969727,-98.48076629638672,Overture Places 2026-07-22.0,2026-07-22,open,packet_ready,primary_store_candidate
McDonald's,9fa2789c-0bbc-4a89-a4f8-1837a2b6aa12,McDonald's,3515 Culebra Rd,San Antonio,TX,78228-5945,29.449806213378906,-98.56976318359375,Overture Places 2026-07-22.0,2026-07-22,open,packet_ready,primary_store_candidate
McDonald's,24853a62-bb73-4e8d-bbf2-d3c720c2f11e,McDonald's,3701 Pleasanton Rd,San Antonio,TX,78221-2815,29.342267990112305,-98.5042953491211,Overture Places 2026-07-22.0,2026-07-22,open,packet_ready,primary_store_candidate
McDonald's,0b42468f-2999-4def-92cb-1104156c304f,McDonald's,3806 N Loop 1604 E,San Antonio,TX,78247-2307,29.599775314331055,-98.41941833496094,Overture Places 2026-07-22.0,2026-07-22,open,packet_ready,primary_store_candidate
McDonald's,3b71ac9e-406d-4240-aa97-f7058ee74b25,McDonald's,3971 Fredericksburg Rd,San Antonio,TX,78201-3231,29.483932495117188,-98.54595947265625,Overture Places 2026-07-22.0,2026-07-22,open,packet_ready,primary_store_candidate
McDonald's,a03e9b81-5599-4fef-a887-666ee95dd627,McDonald's,4331 Vance Jackson Rd,San Antonio,TX,78230-5320,29.514244079589844,-98.5354995727539,Overture Places 2026-07-22.0,2026-07-22,open,packet_ready,primary_store_candidate
McDonald's,c66e7ea9-d938-4f1a-97f2-d77fe0804188,McDonald's,4422 W Commerce St,San Antonio,TX,78237-1669,29.429780960083008,-98.54918670654297,Overture Places 2026-07-22.0,2026-07-22,open,packet_ready,primary_store_candidate
McDonald's,506c9d81-fe57-447d-85de-992c6dfbcd49,McDonald's,4619 Rittiman Rd,San Antonio,TX,78218-4629,29.484710693359375,-98.40157318115234,Overture Places 2026-07-22.0,2026-07-22,open,packet_ready,primary_store_candidate
McDonald's,20bd324c-8e30-4faa-93e8-a949e6c41c4b,McDonald's,4720 Broadway St,San Antonio,TX,78209,29.469932556152344,-98.46307373046875,Overture Places 2026-07-22.0,2026-07-22,open,packet_ready,primary_store_candidate
McDonald's,74377996-ce48-4864-8000-8f531ba0c323,McDonald's,5235 De Zavala Rd,San Antonio,TX,78249-1712,29.563995361328125,-98.58954620361328,Overture Places 2026-07-22.0,2026-07-22,open,packet_ready,primary_store_candidate
McDonald's,e740a599-7071-4998-88f8-096718f3a30c,McDonald's,5304 Rigsby Ave,San Antonio,TX,78222-1461,29.397794723510742,-98.38748931884766,Overture Places 2026-07-22.0,2026-07-22,open,packet_ready,primary_store_candidate
McDonald's,10a8af49-3a7f-4816-82e6-76dacd8f9ea3,McDonald's,5346 Roosevelt Ave,San Antonio,TX,78214-3224,29.322978973388672,-98.47750091552734,Overture Places 2026-07-22.0,2026-07-22,open,packet_ready,primary_store_candidate
McDonald's,ae0e837c-6d12-4370-80a5-0713a575abea,McDonald's,5402 Wiseman,San Antonio,TX,78251,29.460338592529297,-98.73028564453125,Overture Places 2026-07-22.0,2026-07-22,open,packet_ready,primary_store_candidate
McDonald's,3d37ab7d-0a11-43b2-9842-51c8ae13126d,McDonald's,5503 NW Loop 410,San Antonio,TX,78238-1817,29.485538482666016,-98.5942611694336,Overture Places 2026-07-22.0,2026-07-22,open,packet_ready,primary_store_candidate
McDonald's,5196ec11-688a-487a-b81f-6a864b17539d,McDonald's,5700 Walzem Rd,San Antonio,TX,78218-2107,29.509872436523438,-98.37306213378906,Overture Places 2026-07-22.0,2026-07-22,open,packet_ready,primary_store_candidate
McDonald's,7275ecc2-e089-41c7-964f-386b48dc6cf0,McDonald's,6069 Ingram Rd,San Antonio,TX,78238-4403,29.466772079467773,-98.60433197021484,Overture Places 2026-07-22.0,2026-07-22,open,packet_ready,primary_store_candidate
McDonald's,844832ca-4960-40ff-ab68-d5f7f109344f,McDonald's,6350 Pearsall Rd,San Antonio,TX,78242,29.33965301513672,-98.62246704101562,Overture Places 2026-07-22.0,2026-07-22,open,packet_ready,primary_store_candidate
McDonald's,8eba2b69-9fb3-4433-8d49-433e8f02306a,McDonald's,6363 FM 78,San Antonio,TX,78244-1016,29.479963302612305,-98.36255645751953,Overture Places 2026-07-22.0,2026-07-22,open,packet_ready,primary_store_candidate
McDonald's,e2a9ea99-2714-4702-b18e-9df912d5b8eb,McDonald's,6370 Babcock Rd,San Antonio,TX,78240-2515,29.54372215270996,-98.61492156982422,Overture Places 2026-07-22.0,2026-07-22,open,packet_ready,primary_store_candidate
McDonald's,02b084c9-ae2a-4764-ac1a-976632a9029a,McDonald's,6921 W Military Dr,San Antonio,TX,78227-3619,29.406600952148438,-98.62966918945312,Overture Places 2026-07-22.0,2026-07-22,open,packet_ready,primary_store_candidate
McDonald's,b9921ca6-ff23-4b7b-8e15-e0abc31534fe,McDonald's,6967 San Pedro Ave,San Antonio,TX,78216-6206,29.507062911987305,-98.49980926513672,Overture Places 2026-07-22.0,2026-07-22,open,packet_ready,primary_store_candidate
McDonald's,9910e118-a935-4b72-a618-961226398834,McDonald's,703 W Houston St,San Antonio,TX,78207-3017,29.42706871032715,-98.50165557861328,Overture Places 2026-07-22.0,2026-07-22,open,packet_ready,primary_store_candidate
McDonald's,19d7e6f6-916e-4fa6-aa96-a4c894eb865a,McDonald's,721 San Pedro Ave,San Antonio,TX,78212-4611,29.44007110595703,-98.4991683959961,Overture Places 2026-07-22.0,2026-07-22,open,packet_ready,primary_store_candidate
McDonald's,58a70c06-14e5-4fc6-9435-e0dacce666f3,McDonald's,7212 NW I-410-LOOP,San Antonio,TX,78245-2150,29.451759338378906,-98.6300048828125,Overture Places 2026-07-22.0,2026-07-22,open,packet_ready,primary_store_candidate
McDonald's,cb9953bb-1996-4965-94b2-7f54f9afbb18,McDonald's,7257 N TX-1604-LOOP W,San Antonio,TX,78249-2544,29.588333129882812,-98.62947845458984,Overture Places 2026-07-22.0,2026-07-22,open,packet_ready,primary_store_candidate
McDonald's,799e1f62-a7b0-453f-9c3f-65979c29f1e9,McDonald's,7267 Wurzbach Rd,San Antonio,TX,78240-3853,29.50398826599121,-98.58501434326172,Overture Places 2026-07-22.0,2026-07-22,open,packet_ready,primary_store_candidate
McDonald's,6ad71b1e-709d-4098-b686-93cf50923461,McDonald's,7663 Guilbeau Rd,San Antonio,TX,78250-3226,29.519493103027344,-98.63855743408203,Overture Places 2026-07-22.0,2026-07-22,open,packet_ready,primary_store_candidate
McDonald's,2702fe85-d688-4b24-9550-8b5e907faf4c,McDonald's,8007 Tezel Rd,San Antonio,TX,78250,29.51577377319336,-98.6627426147461,Overture Places 2026-07-22.0,2026-07-22,open,packet_ready,primary_store_candidate
McDonald's,d6256332-e398-4fde-87d3-07e9ea2264db,McDonald's,8107 Leslie Rd,San Antonio,TX,78254,29.515886306762695,-98.69567108154297,Overture Places 2026-07-22.0,2026-07-22,open,packet_ready,primary_store_candidate
McDonald's,f2a41664-b1db-4c15-93be-2742b50ef251,McDonald's,826 S Zarzamora St,San Antonio,TX,78207-5362,29.41995620727539,-98.52762603759766,Overture Places 2026-07-22.0,2026-07-22,open,packet_ready,primary_store_candidate
McDonald's,d7f837bd-3ddd-4f2e-ba13-ecc55df957f4,McDonald's,8349 Culebra Rd,San Antonio,TX,78251-1602,29.468740463256836,-98.64886474609375,Overture Places 2026-07-22.0,2026-07-22,open,packet_ready,primary_store_candidate
McDonald's,0fa83f9a-22f8-48bf-a338-6b2d44d6751f,McDonald's,8631 Broadway St,San Antonio,TX,78217,29.519804000854492,-98.46208953857422,Overture Places 2026-07-22.0,2026-07-22,open,packet_ready,primary_store_candidate
McDonald's,47a8e3ab-1b80-4c81-bbda-da4ef6d8ddb2,McDonald's,8815 Poteet Jourdanton Fwy,San Antonio,TX,78224-2411,29.336101531982422,-98.5519027709961,Overture Places 2026-07-22.0,2026-07-22,open,packet_ready,primary_store_candidate
McDonald's,80bb9ef5-95aa-463b-8bf3-fa5ea516368e,McDonald's,8819 State Highway 151,San Antonio,TX,78251-4611,29.44426918029785,-98.66349792480469,Overture Places 2026-07-22.0,2026-07-22,open,packet_ready,primary_store_candidate
McDonald's,02811f95-f3c9-4962-a702-26dc348d5243,McDonald's,926 Bandera Rd,San Antonio,TX,78228-4923,29.45787239074707,-98.5549545288086,Overture Places 2026-07-22.0,2026-07-22,open,packet_ready,primary_store_candidate
McDonald's,9b666872-54c2-4a20-a4c7-031fae4cb240,McDonald's,9358 Culebra Rd,San Antonio,TX,78251,29.484426498413086,-98.66764831542969,Overture Places 2026-07-22.0,2026-07-22,open,packet_ready,primary_store_candidate
McDonald's,6e58e401-cf82-4a13-a1f1-6ce1285cc963,McDonald's,9600 W Interstate 10,San Antonio,TX,78230-2223,29.52959632873535,-98.56185150146484,Overture Places 2026-07-22.0,2026-07-22,open,packet_ready,primary_store_candidate
McDonald's,c631dfbd-1086-4e9f-a3e3-d75076becf5a,McDonald's,Alamo Pkwy,San Antonio,TX,78253,29.486251831054688,-98.73326110839844,Overture Places 2026-07-22.0,2026-07-22,open,packet_ready,primary_store_candidate
McDonald's,28f6110b-ddfa-47b0-b7f6-020a91e57aa7,McDonald's,1144 US-77-Br,San Benito,TX,78586,26.146472930908203,-97.63694763183594,Overture Places 2026-07-22.0,2026-07-22,open,packet_ready,primary_store_candidate
McDonald's,f3082783-e9c5-4385-87ab-3f92e589d100,McDonald's,821 Sam Houston Blvd,San Benito,TX,78586,26.12600326538086,-97.63667297363281,Overture Places 2026-07-22.0,2026-07-22,open,packet_ready,primary_store_candidate
McDonald's,894a92c4-9303-4c60-8ca5-ae1e1be1307b,McDonald's,3701 Raul Longoria Rd,San Juan,TX,78589-3738,26.22947883605957,-98.14826202392578,Overture Places 2026-07-22.0,2026-07-22,open,packet_ready,primary_store_candidate
McDonald's,6ebddce5-b1f3-4a49-8d71-f2118d65fcd2,McDonald's,824 W US Highway 83,San Juan,TX,78589-2177,26.191320419311523,-98.16688537597656,Overture Places 2026-07-22.0,2026-07-22,open,packet_ready,primary_store_candidate
McDonald's,caa6c38e-f17a-4cad-a1b2-be463d52ac44,McDonald's,1001 N TX-123,San Marcos,TX,78666-7733,29.86783218383789,-97.93840026855469,Overture Places 2026-07-22.0,2026-07-22,open,packet_ready,primary_store_candidate
McDonald's,45e97031-06d4-4aef-a498-f3dcf47221c5,McDonald's,1105 N I-35,San Marcos,TX,78666,29.88416290283203,-97.9222412109375,Overture Places 2026-07-22.0,2026-07-22,open,packet_ready,primary_store_candidate
McDonald's,88281a72-8779-4ef5-9999-fdab82e1d457,McDonald's,185 Wonder World Dr.,San Marcos,TX,78666,29.864675521850586,-97.96145629882812,Overture Places 2026-07-22.0,2026-07-22,open,packet_ready,primary_store_candidate
McDonald's,e77656bd-6cca-4f9a-9008-fd9be031e84e,McDonald's,4060 S Interstate 35,San Marcos,TX,78666-9358,29.827198028564453,-97.98745727539062,Overture Places 2026-07-22.0,2026-07-22,open,packet_ready,primary_store_candidate
McDonald's,70a800b8-1cab-4a1d-8eab-e277d238aaaa,McDonald's,601 N Stemmons St,Sanger,TX,76266-9377,33.3656005859375,-97.18065643310547,Overture Places 2026-07-22.0,2026-07-22,open,packet_ready,primary_store_candidate
McDonald's,22978ea1-1348-438a-ade9-2f8ee580e284,McDonald's,12400 Highway 6,Santa Fe,TX,77510-7608,29.373620986938477,-95.09073638916016,Overture Places 2026-07-22.0,2026-07-22,open,packet_ready,primary_store_candidate
McDonald's,c10b95d0-1086-4376-b562-a2d40e290478,McDonald's,17480 I-35 N,Schertz,TX,78154,29.598644256591797,-98.2772216796875,Overture Places 2026-07-22.0,2026-07-22,open,packet_ready,primary_store_candidate
McDonald's,b4592ce5-766d-4a0c-9c6d-e1dec7212891,McDonald's,21600 I-35 N,Schertz,TX,78132-4840,29.62419891357422,-98.24017333984375,Overture Places 2026-07-22.0,2026-07-22,open,packet_ready,primary_store_candidate
McDonald's,c2489023-db0a-4b4b-b4bc-72962ae1ac18,McDonald's,2800 Bayport Blvd,Seabrook,TX,77586-1566,29.57645034790039,-95.02739715576172,Overture Places 2026-07-22.0,2026-07-22,open,packet_ready,primary_store_candidate
McDonald's,9208510f-a58e-489f-b34b-d7d65cfa2f19,McDonald's,100 N US-175,Seagoville,TX,75159-1843,32.64802169799805,-96.5345687866211,Overture Places 2026-07-22.0,2026-07-22,open,packet_ready,primary_store_candidate
McDonald's,39ff4853-0d06-43d9-bd24-6cdffb248de4,McDonald's,1724 Meyer St,Sealy,TX,77474-3928,29.766559600830078,-96.15322875976562,Overture Places 2026-07-22.0,2026-07-22,open,packet_ready,primary_store_candidate
McDonald's,f452b19d-f852-49a6-b330-20e13116fbd9,McDonald's,1388 E Court St,Seguin,TX,78155-5131,29.56964683532715,-97.94268035888672,Overture Places 2026-07-22.0,2026-07-22,open,packet_ready,primary_store_candidate
McDonald's,bc406509-9b94-4bd2-b8b5-2cafb86a11b3,McDonald's,1811 I-10 W,Seguin,TX,78155-2354,29.582103729248047,-97.9943618774414,Overture Places 2026-07-22.0,2026-07-22,open,packet_ready,primary_store_candidate
McDonald's,647aa704-8c2b-4a36-ad6f-e5e06649dce7,McDonald's,3740 Sh 46 N,Seguin,TX,78155,29.626672744750977,-98.02375793457031,Overture Places 2026-07-22.0,2026-07-22,open,packet_ready,primary_store_candidate
McDonald's,c46e4b8b-f2a6-46f2-b944-aa8b14bdb379,McDonald's,1001 Hobbs Hwy,Seminole,TX,79360-3321,32.720054626464844,-102.65682220458984,Overture Places 2026-07-22.0,2026-07-22,open,packet_ready,primary_store_candidate
McDonald's,5fc456cf-6f54-44bc-ba2f-ee1bb1d40f83,McDonald's,1235 N Main St,Shamrock,TX,79079-1615,35.22870635986328,-100.24938201904297,Overture Places 2026-07-22.0,2026-07-22,open,packet_ready,primary_store_candidate
McDonald's,f24c7e1b-ac9f-40e4-97ff-bb18ff07eed3,McDonald's,2217 Texoma Pkwy,Sherman,TX,75090-2417,33.66257858276367,-96.59766387939453,Overture Places 2026-07-22.0,2026-07-22,open,packet_ready,primary_store_candidate
McDonald's,e285ac7c-71c7-4003-838f-f2f0b5714ebe,McDonald's,3612 US-75,Sherman,TX,75090,33.59605026245117,-96.60701751708984,Overture Places 2026-07-22.0,2026-07-22,open,packet_ready,primary_store_candidate
McDonald's,7059577c-37fc-4639-ab0c-e0b513e11136,McDonald's,610 Highway 96 S,Silsbee,TX,77656-5510,30.344526290893555,-94.18150329589844,Overture Places 2026-07-22.0,2026-07-22,open,packet_ready,primary_store_candidate
McDonald's,b42f2b58-f126-4a1c-a602-ff04cd123ef7,McDonald's,13888 FM1945,Sinton,TX,78387,28.011674880981445,-97.53290557861328,Overture Places 2026-07-22.0,2026-07-22,open,packet_ready,primary_store_candidate
McDonald's,791d76a7-1a37-4b34-beca-0fd6912f05a1,McDonald's,655 US-84 E,Slaton,TX,79364-4630,33.43182373046875,-101.66358184814453,Overture Places 2026-07-22.0,2026-07-22,open,packet_ready,primary_store_candidate
McDonald's,f0fb59c5-cda1-47d9-80ea-7c84e12efd01,McDonald's,3414 College Ave,Snyder,TX,79549-4633,32.70736312866211,-100.91876983642578,Overture Places 2026-07-22.0,2026-07-22,open,packet_ready,primary_store_candidate
McDonald's,ebd3982a-c95e-45a5-926d-29aaac45d1a0,McDonald's,10303 Alameda Ave,Socorro,TX,79927-1605,31.654476165771484,-106.2900390625,Overture Places 2026-07-22.0,2026-07-22,open,packet_ready,primary_store_candidate
McDonald's,a3d13232-e400-41f2-859f-1d4e21f93c67,McDonald's,1274 Horizon Blvd,Socorro,TX,79927-4840,31.65787696838379,-106.24252319335938,Overture Places 2026-07-22.0,2026-07-22,open,packet_ready,primary_store_candidate
McDonald's,12364df2-4382-4400-b36a-7000fdc1e53f,McDonald's,503 College Ave,South Houston,TX,77587-4201,29.663057327270508,-95.23628997802734,Overture Places 2026-07-22.0,2026-07-22,open,packet_ready,primary_store_candidate
McDonald's,aedebf76-7a8c-4764-b8c7-a3e8ee3ed207,McDonald's,908 Padre Blvd,South Padre Island,TX,78597-6607,26.091083526611328,-97.16455841064453,Overture Places 2026-07-22.0,2026-07-22,open,packet_ready,primary_store_candidate
McDonald's,b9e6ab0d-278a-4cd0-ac70-138361ad0aef,McDonald's,225 N Kimball Ave,Southlake,TX,76092-6677,32.9426155090332,-97.115966796875,Overture Places 2026-07-22.0,2026-07-22,open,packet_ready,primary_store_candidate
McDonald's,fdd2a7b2-11dd-4cfd-854c-4826a52f4319,McDonald's,26015 Fm 2090,Splendora,TX,77372,30.23322296142578,-95.16170501708984,Overture Places 2026-07-22.0,2026-07-22,open,packet_ready,primary_store_candidate
McDonald's,8a38bbbd-66e5-4cee-a66f-07001fab0981,McDonald's,10611 Grand Pkwy,Spring,TX,77379,30.05677032470703,-95.57457733154297,Overture Places 2026-07-22.0,2026-07-22,open,packet_ready,primary_store_candidate
McDonald's,0adf5486-12cf-4253-9eb1-ec06a0a5d7a5,McDonald's,18604 Kuykendahl Rd,Spring,TX,77379-3452,30.041393280029297,-95.48859405517578,Overture Places 2026-07-22.0,2026-07-22,open,packet_ready,primary_store_candidate
McDonald's,a9a5e16c-cddc-42d6-8dff-5fc0acb5c081,McDonald's,21150 Kuykendahl Rd,Spring,TX,77379-3300,30.0773983001709,-95.5126724243164,Overture Places 2026-07-22.0,2026-07-22,open,packet_ready,primary_store_candidate
McDonald's,506a5a6b-7ed5-40fe-bede-b69eefeac68f,McDonald's,2125 FM 2920 Rd,Spring,TX,77388-3412,30.070005416870117,-95.44928741455078,Overture Places 2026-07-22.0,2026-07-22,open,packet_ready,primary_store_candidate
McDonald's,f7b84be5-be2c-4399-bbf9-ad5e10088fee,McDonald's,21330 Interstate 45,Spring,TX,77373-2901,30.073318481445312,-95.43490600585938,Overture Places 2026-07-22.0,2026-07-22,open,packet_ready,primary_store_candidate
McDonald's,88c7b29d-7432-4a5f-8c73-b371ad7a13a0,McDonald's,22815 Cypresswood Dr,Spring,TX,77373-6921,30.04425048828125,-95.34650421142578,Overture Places 2026-07-22.0,2026-07-22,open,packet_ready,primary_store_candidate
McDonald's,3fc1ed90-c423-4c08-bc3c-0f6f33796897,McDonald's,25222 Interstate 45 N,Spring,TX,77386-1432,30.12870216369629,-95.44268035888672,Overture Places 2026-07-22.0,2026-07-22,open,packet_ready,primary_store_candidate
McDonald's,91eec76c-7c0d-48ab-be27-22fe6e9dcc89,McDonald's,27515 Cypresswood,Spring,TX,77373,30.06589698791504,-95.40363311767578,Overture Places 2026-07-22.0,2026-07-22,open,packet_ready,primary_store_candidate
McDonald's,fa190006-2900-4763-8b3e-bf9ec0c9798b,McDonald's,2911 Rayford Rd,Spring,TX,77386,30.120988845825195,-95.39850616455078,Overture Places 2026-07-22.0,2026-07-22,open,packet_ready,primary_store_candidate
McDonald's,18e0b544-070f-4f72-bd31-d2287b612868,McDonald's,5905 FM 2920 Rd,Spring,TX,77388-3016,30.073570251464844,-95.510009765625,Overture Places 2026-07-22.0,2026-07-22,open,packet_ready,primary_store_candidate
McDonald's,d94567d8-daee-4478-b738-08f798a15fcb,McDonald's,7140 Louetta Rd,Spring,TX,77379-7452,30.022335052490234,-95.52236938476562,Overture Places 2026-07-22.0,2026-07-22,open,packet_ready,primary_store_candidate
McDonald's,33ac6c95-2e38-4968-876e-0c1cbf85e422,McDonald's,8718 Spring-Cypress Rd,Spring,TX,77379-3135,30.034997940063477,-95.5549087524414,Overture Places 2026-07-22.0,2026-07-22,open,packet_ready,primary_store_candidate
McDonald's,b4bbd89e-b61d-414f-bb36-a06236eff141,McDonald's,Walmart Supercenter 1025 Sawdust Rd,Spring,TX,77380,30.12384605407715,-95.45781707763672,Overture Places 2026-07-22.0,2026-07-22,open,packet_ready,primary_store_candidate
McDonald's,48fcf73f-ecc2-45c2-bcea-8e59da0645d2,McDonald's,20615 State Highway 46 W,Spring Branch,TX,78070-6872,29.79781723022461,-98.42913818359375,Overture Places 2026-07-22.0,2026-07-22,open,packet_ready,primary_store_candidate
McDonald's,c5c24047-6ff7-4e60-8937-5281656d8f3e,McDonald's,7765 US Highway 281 N,Spring Branch,TX,78070-5624,29.850780487060547,-98.40918731689453,Overture Places 2026-07-22.0,2026-07-22,open,packet_ready,primary_store_candidate
McDonald's,03ff5625-40a1-4225-9760-a1500ff26f31,McDonald's,421 E Highway 199,Springtown,TX,76082-2766,32.96248245239258,-97.67848205566406,Overture Places 2026-07-22.0,2026-07-22,open,packet_ready,primary_store_candidate
McDonald's,f6528fa7-5122-4bd3-80a9-a7a7a1f4c49c,McDonald's,11210 W Airport Blvd,Stafford,TX,77477-3068,29.643970489501953,-95.57347106933594,Overture Places 2026-07-22.0,2026-07-22,open,packet_ready,primary_store_candidate
McDonald's,1dfc61ba-9bec-482d-8a6f-f040943acd5d,McDonald's,3643 S Main St,Stafford,TX,77477-5406,29.620744705200195,-95.56975555419922,Overture Places 2026-07-22.0,2026-07-22,open,packet_ready,primary_store_candidate
McDonald's,7d355c7f-6dc8-488b-acf4-1913cfc3f723,McDonald's,1416 W Washington St,Stephenville,TX,76401-4141,32.213924407958984,-98.21526336669922,Overture Places 2026-07-22.0,2026-07-22,open,packet_ready,primary_store_candidate
McDonald's,434c3e30-9964-4b04-b6cb-2360b99ff8d1,McDonald's,2819 W Washington St,Stephenville,TX,76401-3706,32.203765869140625,-98.2408447265625,Overture Places 2026-07-22.0,2026-07-22,open,packet_ready,primary_store_candidate
McDonald's,3b3d41a4-2787-4aa4-8381-ef90cf81ba57,McDonald's,1053 Eldridge Rd,Sugar Land,TX,77478-2811,29.634798049926758,-95.6190414428711,Overture Places 2026-07-22.0,2026-07-22,open,packet_ready,primary_store_candidate
McDonald's,cd251fa4-dcb4-4332-939b-de179f81ba8d,McDonald's,1460 Highway 6,Sugar Land,TX,77478-4907,29.60141372680664,-95.63223266601562,Overture Places 2026-07-22.0,2026-07-22,open,packet_ready,primary_store_candidate
McDonald's,b47c9891-20ad-4f99-804b-055f9a30e20d,McDonald's,3401 Highway Six,Sugar Land,TX,77478-4463,29.591535568237305,-95.60218811035156,Overture Places 2026-07-22.0,2026-07-22,open,packet_ready,primary_store_candidate
McDonald's,568bc95f-57cc-403e-bc65-a33f8832488a,McDonald's,345 State Highway 6 N,Sugar Land,TX,77478-4933,29.612773895263672,-95.64443969726562,Overture Places 2026-07-22.0,2026-07-22,open,packet_ready,primary_store_candidate
McDonald's,38c98c65-1a3c-4f3c-98e5-662d1c4e54f8,McDonald's,121 E Shannon Rd,Sulphur Springs,TX,75482-4822,33.11546325683594,-95.59333801269531,Overture Places 2026-07-22.0,2026-07-22,open,packet_ready,primary_store_candidate
McDonald's,0e91910b-1a53-4703-acb5-40bb98a4a052,McDonald's,201 NE Georgia Ave,Sweetwater,TX,79556-8236,32.45100402832031,-100.39720153808594,Overture Places 2026-07-22.0,2026-07-22,open,packet_ready,primary_store_candidate
McDonald's,1b97b959-879b-4ec2-8a62-7998dc2b2f3d,McDonald's,2501 N Main St,Taylor,TX,76574-1834,30.589563369750977,-97.4123306274414,Overture Places 2026-07-22.0,2026-07-22,open,packet_ready,primary_store_candidate
McDonald's,dab10a6b-7feb-4349-9019-815f2d597e7d,McDonald's,12731 Ne H K Dodgen Loop,Temple,TX,76501,31.13838768005371,-97.3267822265625,Overture Places 2026-07-22.0,2026-07-22,open,packet_ready,primary_store_candidate
McDonald's,488d9fc8-8c3c-4c36-bc2d-2a2d3e43f9c1,McDonald's,1601 W Adams Ave,Temple,TX,76504-2467,31.1020565032959,-97.3577880859375,Overture Places 2026-07-22.0,2026-07-22,open,packet_ready,primary_store_candidate
McDonald's,4dc2dc11-dd24-459a-9d76-434e95b928a1,McDonald's,3403 S 31st St,Temple,TX,76502-1902,31.06764030456543,-97.36959838867188,Overture Places 2026-07-22.0,2026-07-22,open,packet_ready,primary_store_candidate
McDonald's,d7ceafd1-d20d-45fe-8284-b07c4e8d8bde,McDonald's,3814 S General Bruce Dr,Temple,TX,76502-4840,31.090923309326172,-97.38895416259766,Overture Places 2026-07-22.0,2026-07-22,open,packet_ready,primary_store_candidate
McDonald's,a5d93d3b-3020-4112-9b2f-fe8a1fb065d3,McDonald's,6811 W Adams Ave,Temple,TX,76502-0005,31.116430282592773,-97.41432189941406,Overture Places 2026-07-22.0,2026-07-22,open,packet_ready,primary_store_candidate
McDonald's,0178bf1b-bf03-43e4-949c-18374a2e6698,McDonald's,1704 State Highway 34 S,Terrell,TX,75160-2092,32.69938278198242,-96.27556610107422,Overture Places 2026-07-22.0,2026-07-22,open,packet_ready,primary_store_candidate
McDonald's,e89ebe32-96c7-45f6-bf4b-a369fc2b2cac,McDonald's,91 State Highway 205,Terrell,TX,75160-2370,32.738197326660156,-96.3039321899414,Overture Places 2026-07-22.0,2026-07-22,open,packet_ready,primary_store_candidate
McDonald's,aa0f337d-462a-4d5e-8222-874f93e4b2b7,McDonald's,1701 New Boston Rd,Texarkana,TX,75501-3501,33.43441390991211,-94.06246948242188,Overture Places 2026-07-22.0,2026-07-22,open,packet_ready,primary_store_candidate
McDonald's,e74d64f5-4c4c-4dcd-ab55-b1740bc10569,McDonald's,2105 Richmond Rd,Texarkana,TX,75503-2430,33.45318603515625,-94.08253479003906,Overture Places 2026-07-22.0,2026-07-22,open,packet_ready,primary_store_candidate
McDonald's,f2c324b6-986c-42b0-908c-a805a7d1fc8b,McDonald's,4411 W 7th St,Texarkana,TX,75501-6351,33.41817855834961,-94.09822845458984,Overture Places 2026-07-22.0,2026-07-22,open,packet_ready,primary_store_candidate
McDonald's,0603ffc7-5288-4d6c-9ad9-c8eb8cb094a7,McDonald's,451 Leary Rd,Texarkana,TX,75501-2892,33.4637565612793,-94.2040023803711,Overture Places 2026-07-22.0,2026-07-22,open,packet_ready,primary_store_candidate
McDonald's,c39df57c-8f3a-4171-ae28-dd6b80ae0071,McDonald's,4929 N State Line Ave,Texarkana,TX,75503-2955,33.46453857421875,-94.04366302490234,Overture Places 2026-07-22.0,2026-07-22,open,packet_ready,primary_store_candidate
McDonald's,a37f586e-95b3-402e-b07e-dd327fa78b8f,McDonald's,5102 Summer Xing,Texarkana,TX,75503-2376,33.466339111328125,-94.06832122802734,Overture Places 2026-07-22.0,2026-07-22,open,packet_ready,primary_store_candidate
McDonald's,24f44ca5-308a-4b35-9aa9-e6ee36a095aa,McDonald's,3545 Palmer Hwy,Texas City,TX,77590-6513,29.394899368286133,-94.94976043701172,Overture Places 2026-07-22.0,2026-07-22,open,packet_ready,primary_store_candidate
McDonald's,a1a4e12e-1717-49f4-9cc6-5b0d796fc3f9,McDonald's,4600 Woodlands Pkwy,The Woodlands,TX,77381-3586,30.166763305664062,-95.50446319580078,Overture Places 2026-07-22.0,2026-07-22,open,packet_ready,primary_store_candidate
McDonald's,2e0df0c5-ab75-489b-890e-ee542d87bd4e,McDonald's,6730 Woodlands Pkwy,The Woodlands,TX,77382-2572,30.181541442871094,-95.5372085571289,Overture Places 2026-07-22.0,2026-07-22,open,packet_ready,primary_store_candidate
McDonald's,d89c8abc-49e3-4088-a914-2485bc5608bb,McDonald's,9110 Gosling Rd,The Woodlands,TX,77381-4841,30.18353843688965,-95.48827362060547,Overture Places 2026-07-22.0,2026-07-22,open,packet_ready,primary_store_candidate
McDonald's,4bb0e1be-a76b-44e7-811c-1c3b644624c6,McDonald's,2645 Hwy 37 S,Three Rivers,TX,78071,28.52131462097168,-98.18536376953125,Overture Places 2026-07-22.0,2026-07-22,open,packet_ready,primary_store_candidate
McDonald's,4c25e4e1-3958-4ab8-8c8f-3676313f56e0,McDonald's,11355 FM 2920 Rd,Tomball,TX,77375-8925,30.099225997924805,-95.593505859375,Overture Places 2026-07-22.0,2026-07-22,open,packet_ready,primary_store_candidate
McDonald's,aa8b94f5-aa0a-41d3-a688-b658628cc089,McDonald's,1406 W Main St,Tomball,TX,77375-5518,30.09009552001953,-95.6314468383789,Overture Places 2026-07-22.0,2026-07-22,open,packet_ready,primary_store_candidate
McDonald's,9cbb9189-0d90-4d39-ab4f-4bfcab896ed4,McDonald's,17902 FM-2920,Tomball,TX,77377-5821,30.080507278442383,-95.7008285522461,Overture Places 2026-07-22.0,2026-07-22,open,packet_ready,primary_store_candidate
McDonald's,2d41d6d8-b844-4944-867d-0d8797702e0d,McDonald's,24104 Kuykendahl Rd,Tomball,TX,77375-5117,30.1125431060791,-95.55331420898438,Overture Places 2026-07-22.0,2026-07-22,open,packet_ready,primary_store_candidate
McDonald's,1f9ab696-193e-46aa-b7c3-271d8cb0e74d,McDonald's,24421 State Highway 249,Tomball,TX,77375-8214,30.036657333374023,-95.60550689697266,Overture Places 2026-07-22.0,2026-07-22,open,packet_ready,primary_store_candidate
McDonald's,d74b018d-50c6-45d5-9dfa-03061622985d,McDonald's,505 S Robb St,Trinity,TX,75862-7618,30.937849044799805,-95.37561798095703,Overture Places 2026-07-22.0,2026-07-22,open,packet_ready,primary_store_candidate
McDonald's,2c2f0ec4-b25a-478a-9195-51670e0472b9,McDonald's,1610 Cotton Gin Rd,Troy,TX,76579,31.191410064697266,-97.31195068359375,Overture Places 2026-07-22.0,2026-07-22,open,packet_ready,primary_store_candidate
McDonald's,da81a4e5-61dc-46ad-ad66-e7f1ba7a95b1,McDonald's,2851 Tx-86,Tulia,TX,79088,34.5272216796875,-101.79279327392578,Overture Places 2026-07-22.0,2026-07-22,open,packet_ready,primary_store_candidate
McDonald's,c8c330ff-cc25-422d-9cee-ad0262c29e8c,McDonald's,1091 E Gentry Pkwy,Tyler,TX,75702,32.36077880859375,-95.29232788085938,Overture Places 2026-07-22.0,2026-07-22,open,packet_ready,primary_store_candidate
McDonald's,f609bd0e-5bb7-4d06-a3ba-464726604a19,McDonald's,12881 FM 14,Tyler,TX,75706-5320,32.45089340209961,-95.2835693359375,Overture Places 2026-07-22.0,2026-07-22,open,packet_ready,primary_store_candidate
McDonald's,e4fc4f0c-8d3c-475b-a076-28bf211ed959,McDonald's,1300 S Beckham Ave,Tyler,TX,75701-3322,32.334407806396484,-95.29039001464844,Overture Places 2026-07-22.0,2026-07-22,open,packet_ready,primary_store_candidate
McDonald's,6a941003-ee01-433f-80a3-f75febf29735,McDonald's,180 S Southwest Loop 323,Tyler,TX,75702-6508,32.35163116455078,-95.3431396484375,Overture Places 2026-07-22.0,2026-07-22,open,packet_ready,primary_store_candidate
McDonald's,98a424b1-2e85-4474-a625-1a2fbe8e9054,McDonald's,2034 E Southeast Loop 323,Tyler,TX,75701-8316,32.31059646606445,-95.275634765625,Overture Places 2026-07-22.0,2026-07-22,open,packet_ready,primary_store_candidate
McDonald's,9c77ddea-b7de-4dd6-a7d3-cc8da044bce2,McDonald's,2705 E 5th St,Tyler,TX,75701-5022,32.33185577392578,-95.26510620117188,Overture Places 2026-07-22.0,2026-07-22,open,packet_ready,primary_store_candidate
McDonald's,d22d0112-d3c6-4c89-8d1f-26aae69383b6,McDonald's,3109 W Gentry Pkwy,Tyler,TX,75702-1310,32.375362396240234,-95.33162689208984,Overture Places 2026-07-22.0,2026-07-22,open,packet_ready,primary_store_candidate
McDonald's,e81b5a26-2e6c-48a9-8e99-f5ce1b23e2f7,McDonald's,3798 Dallas Hwy,Tyler,TX,75702-6523,32.3514289855957,-95.34577178955078,Overture Places 2026-07-22.0,2026-07-22,open,packet_ready,primary_store_candidate
McDonald's,ebc8ef11-fabc-4743-b94c-92450c0be724,McDonald's,4014 S Broadway Ave,Tyler,TX,75701-8717,32.306419372558594,-95.30017852783203,Overture Places 2026-07-22.0,2026-07-22,open,packet_ready,primary_store_candidate
McDonald's,b60b4c7d-74c9-483a-9da9-07932846633c,McDonald's,5802 S Broadway Ave,Tyler,TX,75703-4349,32.285614013671875,-95.30377197265625,Overture Places 2026-07-22.0,2026-07-22,open,packet_ready,primary_store_candidate
McDonald's,9e3e3cba-b390-4413-b933-5dbfdd2e6b5a,McDonald's,5894 Old Jacksonville Hwy,Tyler,TX,75703-0593,32.284324645996094,-95.33051300048828,Overture Places 2026-07-22.0,2026-07-22,open,packet_ready,primary_store_candidate
McDonald's,1ddc17b2-113b-4331-8f92-7281826b77be,McDonald's,713 Pat Booker Rd,Universal City,TX,78148-4127,29.548316955566406,-98.2919921875,Overture Places 2026-07-22.0,2026-07-22,open,packet_ready,primary_store_candidate
McDonald's,681631d0-09c5-4103-97b3-4db0369d6ff7,McDonald's,510 E Main St,Uvalde,TX,78801-5715,29.212480545043945,-99.77798461914062,Overture Places 2026-07-22.0,2026-07-22,open,packet_ready,primary_store_candidate
McDonald's,aaedf2c8-02cb-49e2-b215-7dc904503291,McDonald's,1001 W Van Alstyne Pkwy,Van Alstyne,TX,75495-4369,33.42102813720703,-96.59009552001953,Overture Places 2026-07-22.0,2026-07-22,open,packet_ready,primary_store_candidate
McDonald's,862e399b-fd13-49ee-92b7-12301a850a30,McDonald's,1809 Frontage Rd,Van Horn,TX,79855,31.034744262695312,-104.85555267333984,Overture Places 2026-07-22.0,2026-07-22,open,packet_ready,primary_store_candidate
McDonald's,a2a06a1c-d5bb-4050-aa82-82bccdb52d2b,McDonald's,436 E Us Highway 67,Venus,TX,76084,32.441627502441406,-97.0882797241211,Overture Places 2026-07-22.0,2026-07-22,open,packet_ready,primary_store_candidate
McDonald's,ff8c8346-bec2-45bf-9e21-171a55079b50,McDonald's,801 Hillcrest Dr,Vernon,TX,76384-3129,34.1616325378418,-99.31375885009766,Overture Places 2026-07-22.0,2026-07-22,open,packet_ready,primary_store_candidate
McDonald's,4b006e86-7110-4eb7-a01f-43017e5ca538,McDonald's,1310 N John Stockbauer Dr,Victoria,TX,77904,28.833797454833984,-96.95978546142578,Overture Places 2026-07-22.0,2026-07-22,open,packet_ready,primary_store_candidate
McDonald's,2fb18760-e23d-4230-9423-df3c3a1967fe,McDonald's,2701 Houston Hwy,Victoria,TX,77901-5740,28.810298919677734,-96.9771957397461,Overture Places 2026-07-22.0,2026-07-22,open,packet_ready,primary_store_candidate
McDonald's,b577b7fc-f76b-4bde-a15a-e797bedbf691,McDonald's,3112 N Navarro St,Victoria,TX,77901-3910,28.82396125793457,-97.00019836425781,Overture Places 2026-07-22.0,2026-07-22,open,packet_ready,primary_store_candidate
McDonald's,223b5784-ef0b-401c-80ac-fedf94bbef29,McDonald's,3112 S Laurent St,Victoria,TX,77901-1400,28.76778793334961,-96.97820281982422,Overture Places 2026-07-22.0,2026-07-22,open,packet_ready,primary_store_candidate
McDonald's,eea0a049-052d-4bce-8e58-0e57f68249da,McDonald's,7808 N Navarro St,Victoria,TX,77904-2608,28.867938995361328,-96.99720001220703,Overture Places 2026-07-22.0,2026-07-22,open,packet_ready,primary_store_candidate
McDonald's,e20fa928-f066-44b6-b8d7-7a9af2e79bfc,McDonald's,765 N Main St,Vidor,TX,77662-4535,30.132295608520508,-94.0162353515625,Overture Places 2026-07-22.0,2026-07-22,open,packet_ready,primary_store_candidate
McDonald's,7aa1b77c-9a61-4a59-be4a-b1253d527a36,McDonald's,10200 China Spring Rd,Waco,TX,76708-6144,31.6284122467041,-97.239990234375,Overture Places 2026-07-22.0,2026-07-22,open,packet_ready,primary_store_candidate
McDonald's,d1ec3db8-0f4e-41e2-82b9-10bc6a365ec5,McDonald's,1225 N Valley Mills Dr,Waco,TX,76710-4427,31.531429290771484,-97.188720703125,Overture Places 2026-07-22.0,2026-07-22,open,packet_ready,primary_store_candidate
McDonald's,e6eab56f-8a18-4f33-b76c-a1e1c71e2232,McDonald's,3733 N 19th St,Waco,TX,76708-2071,31.58021354675293,-97.17208099365234,Overture Places 2026-07-22.0,2026-07-22,open,packet_ready,primary_store_candidate
McDonald's,3e115dce-ade2-44f9-9cc4-a2edd19d98d5,McDonald's,4330 Franklin Ave,Waco,TX,76710-6906,31.52271842956543,-97.16773986816406,Overture Places 2026-07-22.0,2026-07-22,open,packet_ready,primary_store_candidate
McDonald's,bb7339a9-cde6-403f-a0ec-a5dcc537fd2f,McDonald's,906 S 6th St,Waco,TX,76706-1121,31.549470901489258,-97.12462615966797,Overture Places 2026-07-22.0,2026-07-22,open,packet_ready,primary_store_candidate
McDonald's,698373e2-efb8-4cdc-b296-06f467ad7b35,McDonald's,913 Hewitt Dr,Waco,TX,76712-8484,31.4886417388916,-97.21324157714844,Overture Places 2026-07-22.0,2026-07-22,open,packet_ready,primary_store_candidate
McDonald's,897ad97f-972a-49f2-b66a-359efe85740d,McDonald's,510 N Interstate 20 E,Waskom,TX,75692-9650,32.46895980834961,-94.05498504638672,Overture Places 2026-07-22.0,2026-07-22,open,packet_ready,primary_store_candidate
McDonald's,1b19bcc0-32a5-4371-86fd-5346b0ccd880,McDonald's,7040 Denton Hwy,Watauga,TX,76148-1911,32.87319564819336,-97.26156616210938,Overture Places 2026-07-22.0,2026-07-22,open,packet_ready,primary_store_candidate
McDonald's,d6d9c0a8-155f-49c6-9201-246f83081115,McDonald's,120 W. Butcher Rd.,Waxahachie,TX,75165,32.45964431762695,-96.83618927001953,Overture Places 2026-07-22.0,2026-07-22,open,packet_ready,primary_store_candidate
McDonald's,c4214335-78e8-4655-98ec-e7d965df674f,McDonald's,1207 N Highway 77,Waxahachie,TX,75165-5115,32.417964935302734,-96.84123229980469,Overture Places 2026-07-22.0,2026-07-22,open,packet_ready,primary_store_candidate
McDonald's,7d441674-47bb-4e40-b677-ee2490a85aec,McDonald's,1449 S Rogers St,Waxahachie,TX,75167-5503,32.373172760009766,-96.86554718017578,Overture Places 2026-07-22.0,2026-07-22,open,packet_ready,primary_store_candidate
McDonald's,a1b04784-0ce4-4bb0-8016-7f3503c45328,McDonald's,2407 S Main St,Weatherford,TX,76086-5584,32.731224060058594,-97.79004669189453,Overture Places 2026-07-22.0,2026-07-22,open,packet_ready,primary_store_candidate
McDonald's,6baac896-70a1-4b9a-b55d-0d675fdccf77,McDonald's,1453 W Bay Area Blvd,Webster,TX,77598-3831,29.538341522216797,-95.14622497558594,Overture Places 2026-07-22.0,2026-07-22,open,packet_ready,primary_store_candidate
McDonald's,b32745da-94bf-4e90-a21b-d37a2c0f6f2b,McDonald's,534 El Dorado Blvd,Webster,TX,77598-2202,29.560287475585938,-95.14226531982422,Overture Places 2026-07-22.0,2026-07-22,open,packet_ready,primary_store_candidate
McDonald's,b28f789d-da2b-4c3b-860f-b542416233df,McDonald's,722 S Eagle St,Weimar,TX,78962-3304,29.693016052246094,-96.77676391601562,Overture Places 2026-07-22.0,2026-07-22,open,packet_ready,primary_store_candidate
McDonald's,7d640714-dc95-483b-a562-c4440c243ea1,McDonald's,1025 N Texas Blvd,Weslaco,TX,78596-4519,26.172224044799805,-97.99141693115234,Overture Places 2026-07-22.0,2026-07-22,open,packet_ready,primary_store_candidate
McDonald's,cfc6a8cf-63de-47fe-bf5d-60db54a6eb7d,McDonald's,200 W. 18th St.,Weslaco,TX,78596,26.1412296295166,-97.99251556396484,Overture Places 2026-07-22.0,2026-07-22,open,packet_ready,primary_store_candidate
McDonald's,cfae5deb-bbcd-4448-8d7d-23323571cde7,McDonald's,2510 N. International Blvd.,Weslaco,TX,78599,26.185152053833008,-97.95826721191406,Overture Places 2026-07-22.0,2026-07-22,open,packet_ready,primary_store_candidate
McDonald's,4b7a0c0c-263e-4253-b88c-4b03ba4ba5c0,McDonald's,3318 Business Hwy 83 E,Weslaco,TX,78596,26.153207778930664,-97.95740509033203,Overture Places 2026-07-22.0,2026-07-22,open,packet_ready,primary_store_candidate
McDonald's,90d4103e-6c4a-42d4-ad7b-cd0d22cffabe,McDonald's,22119 I-35 N,West,TX,76691,31.804723739624023,-97.10126495361328,Overture Places 2026-07-22.0,2026-07-22,open,packet_ready,primary_store_candidate
McDonald's,9e05470f-0be4-47c6-a19e-b18e6b35bc02,McDonald's,808 S Columbia Dr,West Columbia,TX,77486-3636,29.13679313659668,-95.65324401855469,Overture Places 2026-07-22.0,2026-07-22,open,packet_ready,primary_store_candidate
McDonald's,b3d724a1-ad40-4f44-99ad-2f56d4d4822e,McDonald's,3300 Bee Caves Rd,West Lake Hills,TX,78746-6600,30.27369499206543,-97.79865264892578,Overture Places 2026-07-22.0,2026-07-22,open,packet_ready,primary_store_candidate
McDonald's,9dddd550-e24a-4029-b1fa-a45f35fd80bc,McDonald's,1404 N Richmond Rd,Wharton,TX,77488-3018,29.322668075561523,-96.09800720214844,Overture Places 2026-07-22.0,2026-07-22,open,packet_ready,primary_store_candidate
McDonald's,a5d55cf8-3b4c-4854-8ec2-4dbac789c6bb,McDonald's,609 E US Highway 80,White Oak,TX,75693-2111,32.51811599731445,-94.85132598876953,Overture Places 2026-07-22.0,2026-07-22,open,packet_ready,primary_store_candidate
McDonald's,c9d69a11-1082-4fec-9e69-bef0024c174e,McDonald's,603 State Highway 110 N,Whitehouse,TX,75791-3037,32.235511779785156,-95.22840881347656,Overture Places 2026-07-22.0,2026-07-22,open,packet_ready,primary_store_candidate
McDonald's,7d5e2311-92ef-4a0a-bd4d-4b59fa4e6e99,McDonald's,871 Highway 377 N,Whitesboro,TX,76273-3207,33.67023849487305,-96.90572357177734,Overture Places 2026-07-22.0,2026-07-22,open,packet_ready,primary_store_candidate
McDonald's,7f4ba6b9-c54e-4f04-9812-1f554cd7305b,McDonald's,1317 N Brazos St,Whitney,TX,76692,31.963285446166992,-97.32442474365234,Overture Places 2026-07-22.0,2026-07-22,open,packet_ready,primary_store_candidate
McDonald's,466a7f73-3642-4cd6-aabe-d6b984463433,McDonald's,1412 Holliday St,Wichita Falls,TX,76301-7107,33.90005111694336,-98.49625396728516,Overture Places 2026-07-22.0,2026-07-22,open,packet_ready,primary_store_candidate
McDonald's,4673b503-862e-482b-bc3e-6dc50aa9fbe2,McDonald's,1423 Southwest Pkwy,Wichita Falls,TX,76302-5114,33.853759765625,-98.50069427490234,Overture Places 2026-07-22.0,2026-07-22,open,packet_ready,primary_store_candidate
McDonald's,60fb5a38-0a45-4440-b62e-98053b479a8b,McDonald's,1607 Enterprise St,Wichita Falls,TX,76306-2401,33.96033477783203,-98.51467895507812,Overture Places 2026-07-22.0,2026-07-22,open,packet_ready,primary_store_candidate
McDonald's,15cf03ec-faa7-4697-aa36-79cec2a047df,McDonald's,3103 Kemp Blvd,Wichita Falls,TX,76308-1829,33.881282806396484,-98.52852630615234,Overture Places 2026-07-22.0,2026-07-22,open,packet_ready,primary_store_candidate
McDonald's,7b492db3-b333-4686-b3a8-a5f58e6f1e58,McDonald's,4035 Southwest Pkwy,Wichita Falls,TX,76308-3562,33.8574104309082,-98.54766082763672,Overture Places 2026-07-22.0,2026-07-22,open,packet_ready,primary_store_candidate
McDonald's,452093f2-c896-40a1-9892-02dad182a6eb,McDonald's,1002 Interstate 45 S,Willis,TX,77318,30.41985511779785,-95.49291229248047,Overture Places 2026-07-22.0,2026-07-22,open,packet_ready,primary_store_candidate
McDonald's,0dbd23b5-bb96-4e6c-85c5-bf8ae8fa9956,McDonald's,5090 E Interstate 20 Service Rd S,Willow Park,TX,76008,32.733848571777344,-97.63355255126953,Overture Places 2026-07-22.0,2026-07-22,open,packet_ready,primary_store_candidate
McDonald's,94300ac2-1109-43ea-927b-48156de7699c,McDonald's,136 E South Commerce St,Wills Point,TX,75169-2612,32.70740509033203,-96.00786590576172,Overture Places 2026-07-22.0,2026-07-22,open,packet_ready,primary_store_candidate
McDonald's,307319a1-037f-41ca-be24-3af92aa53a04,McDonald's,45951 I-10 W,Winnie,TX,77665,29.83396339416504,-94.38500213623047,Overture Places 2026-07-22.0,2026-07-22,open,packet_ready,primary_store_candidate
McDonald's,46a01097-1db9-401e-a3c2-aaed5f1cf539,McDonald's,314 E Coke Rd,Winnsboro,TX,75494-3414,32.948272705078125,-95.28974151611328,Overture Places 2026-07-22.0,2026-07-22,open,packet_ready,primary_store_candidate
McDonald's,0b78dd81-5532-4ce1-a827-a9a0ba1a03b3,McDonald's,1100 S Magnolia St,Woodville,TX,75979-5608,30.764564514160156,-94.41637420654297,Overture Places 2026-07-22.0,2026-07-22,open,packet_ready,primary_store_candidate
McDonald's,a770b90c-0e9e-4401-b737-06e047e0297b,McDonald's,415 S Highway 78,Wylie,TX,75098-3946,33.008338928222656,-96.54463195800781,Overture Places 2026-07-22.0,2026-07-22,open,packet_ready,primary_store_candidate
McDonald's,a2488c9b-d1ff-4f41-817e-679c4c1d490e,McDonald's,116 S US Highway 83,Zapata,TX,78076-3763,26.894155502319336,-99.263671875,Overture Places 2026-07-22.0,2026-07-22,open,packet_ready,primary_store_candidate
Taco Bell,6812434c-ff3a-4cd4-b15c-3a29c5730878,Taco Bell,2201 Pine St,Abilene,TX,79601-1947,32.47486877441406,-99.73076629638672,Overture Places 2026-07-22.0,2026-07-22,open,packet_ready,primary_store_candidate
Taco Bell,d04c988b-74f7-4c2a-9a8c-c6b13b7b631b,Taco Bell,2542 S 14th St,Abilene,TX,79605-5135,32.43195724487305,-99.75749969482422,Overture Places 2026-07-22.0,2026-07-22,open,packet_ready,primary_store_candidate
Taco Bell,4fe6c192-5206-4752-9a25-a86d48b36e18,Taco Bell,4165 S Danville Dr,Abilene,TX,79605-7230,32.4029426574707,-99.75861358642578,Overture Places 2026-07-22.0,2026-07-22,open,packet_ready,primary_store_candidate
Taco Bell,3f778572-f843-4e20-97b1-753cd990ac0c,Taco Bell,4341 S 1st St,Abilene,TX,79605-1469,32.45132064819336,-99.78103637695312,Overture Places 2026-07-22.0,2026-07-22,open,packet_ready,primary_store_candidate
Taco Bell,c411aa61-d5a4-4906-a82a-324b5484da07,Taco Bell,Bailey Ranch Road And FM 1187,Aledo,TX,76008,32.7099609375,-97.60354614257812,Overture Places 2026-07-22.0,2026-07-22,open,packet_ready,primary_store_candidate
Taco Bell,4ff98ed1-ac9e-4fa4-8a18-db1aba6d5563,Taco Bell,1250 E Main St,Alice,TX,78332-5049,27.754051208496094,-98.0594711303711,Overture Places 2026-07-22.0,2026-07-22,open,packet_ready,primary_store_candidate
Taco Bell,35992717-b2e6-412d-9b71-93cf770822cb,Taco Bell,1809 E Bethany Dr,Allen,TX,75002-1882,33.08610916137695,-96.62210083007812,Overture Places 2026-07-22.0,2026-07-22,open,packet_ready,primary_store_candidate
Taco Bell,d5b92a4f-3465-415f-b980-841948271233,Taco Bell,215 S Custer Rd,Allen,TX,75013-2982,33.09919357299805,-96.73290252685547,Overture Places 2026-07-22.0,2026-07-22,open,packet_ready,primary_store_candidate
Taco Bell,da3922f2-299c-43d6-83e3-aa0ee3194a2f,Taco Bell,380 E Stacy Rd,Allen,TX,75002-8762,33.129127502441406,-96.64974212646484,Overture Places 2026-07-22.0,2026-07-22,open,packet_ready,primary_store_candidate
Taco Bell,a1ddc710-415f-4fe1-aa8a-cf24613d1c72,Taco Bell,505 W McDermott Dr,Allen,TX,75013-2705,33.10137176513672,-96.67537689208984,Overture Places 2026-07-22.0,2026-07-22,open,packet_ready,primary_store_candidate
Taco Bell,272ebc9c-1a0e-48dd-b2b7-89f33582ee80,Taco Bell,4800 I-10,Alleyton,TX,78935-9727,29.708919525146484,-96.50184631347656,Overture Places 2026-07-22.0,2026-07-22,open,packet_ready,primary_store_candidate
Taco Bell,31c093fa-637d-49ad-b80f-9f42a9e49d07,Taco Bell,1130 W Highway 67,Alvarado,TX,76009-3211,32.41670608520508,-97.22537231445312,Overture Places 2026-07-22.0,2026-07-22,open,packet_ready,primary_store_candidate
Taco Bell,5cfb33ca-4e10-4507-9597-a042058a60e0,Taco Bell,1660 S Loop 35,Alvin,TX,77511,29.4085636138916,-95.23390197753906,Overture Places 2026-07-22.0,2026-07-22,open,packet_ready,primary_store_candidate
Taco Bell,cb3820fd-54d0-4907-9c98-f2d8fd6eccd6,Taco Bell,2000 Coulter St S,Amarillo,TX,79106-2520,35.19102096557617,-101.92088317871094,Overture Places 2026-07-22.0,2026-07-22,open,packet_ready,primary_store_candidate
Taco Bell,28b88e56-cd4d-45b2-b730-8b4381cbd6d3,Taco Bell,2010 S Ross St,Amarillo,TX,79103-3024,35.19142532348633,-101.817626953125,Overture Places 2026-07-22.0,2026-07-22,open,packet_ready,primary_store_candidate
Taco Bell,169dfaf1-44d6-42ec-96c9-1f6fc77b4c33,Taco Bell,300 E Amarillo Blvd,Amarillo,TX,79107-5204,35.22151565551758,-101.83116149902344,Overture Places 2026-07-22.0,2026-07-22,open,packet_ready,primary_store_candidate
Taco Bell,c525fbf8-884c-4479-a2e8-763d24fe0afe,Taco Bell,3309 S Washington St,Amarillo,TX,79109-3633,35.17857360839844,-101.84819793701172,Overture Places 2026-07-22.0,2026-07-22,open,packet_ready,primary_store_candidate
Taco Bell,03f55774-28d0-4d42-9f12-cdd70fba0695,Taco Bell,4116 Interstate Dr W,Amarillo,TX,79102-1713,35.19194793701172,-101.88317108154297,Overture Places 2026-07-22.0,2026-07-22,open,packet_ready,primary_store_candidate
Taco Bell,7e477f5a-a708-4200-9489-9f5f72ee4f82,Taco Bell,5807 W 45th Ave,Amarillo,TX,79109-5257,35.16120529174805,-101.9001693725586,Overture Places 2026-07-22.0,2026-07-22,open,packet_ready,primary_store_candidate
Taco Bell,1a2e169c-78a8-4cda-a7d2-5312b4753402,Taco Bell,2605 N Velasco St,Angleton,TX,77515-3043,29.187898635864258,-95.43389892578125,Overture Places 2026-07-22.0,2026-07-22,open,packet_ready,primary_store_candidate
Taco Bell,01947c58-0c82-4118-ae07-b6d41c54c644,Taco Bell,1811 Antonio Street,Anthony,TX,79821,31.997276306152344,-106.58786010742188,Overture Places 2026-07-22.0,2026-07-22,open,packet_ready,primary_store_candidate
Taco Bell,3dd1b9cc-37ab-4e92-bca9-303498bd8663,Taco Bell,8125 Gateway Dr,Argyle,TX,76226-5736,33.10002517700195,-97.21652221679688,Overture Places 2026-07-22.0,2026-07-22,open,packet_ready,primary_store_candidate
Taco Bell,70492da0-49c9-41ea-86ae-e26cb8c577b9,Taco Bell,1101 N Collins St,Arlington,TX,76011-6135,32.75192642211914,-97.09685516357422,Overture Places 2026-07-22.0,2026-07-22,open,packet_ready,primary_store_candidate
Taco Bell,b729a972-d565-413b-b36b-7bd653bfe87b,Taco Bell,1316 S Cooper St,Arlington,TX,76013,32.722930908203125,-97.11512756347656,Overture Places 2026-07-22.0,2026-07-22,open,packet_ready,primary_store_candidate
Taco Bell,7c3f731d-8923-4712-afe9-7663c834b45e,Taco Bell,215 S Watson Rd,Arlington,TX,76010-2493,32.73423385620117,-97.06150817871094,Overture Places 2026-07-22.0,2026-07-22,open,packet_ready,primary_store_candidate
Taco Bell,24479b49-501f-4050-a2a2-4fc49ffcec86,Taco Bell,2364 E Pioneer Pkwy,Arlington,TX,76010-8789,32.71196746826172,-97.06829833984375,Overture Places 2026-07-22.0,2026-07-22,open,packet_ready,primary_store_candidate
Taco Bell,a0af905e-5dec-4f39-8801-2141cc7163c9,Taco Bell,4431 S Collins St,Arlington,TX,76018-1122,32.6737060546875,-97.09188842773438,Overture Places 2026-07-22.0,2026-07-22,open,packet_ready,primary_store_candidate
Taco Bell,d3ed8099-4728-42b2-891a-9e2f7a11fabc,Taco Bell,5305 W Sublett Rd,Arlington,TX,76017-1183,32.64683151245117,-97.18875885009766,Overture Places 2026-07-22.0,2026-07-22,open,packet_ready,primary_store_candidate
Taco Bell,83de4b0c-59ed-4843-af3b-adf24b7ed7a7,Taco Bell,5401 S Cooper St,Arlington,TX,76017-6148,32.65913772583008,-97.134033203125,Overture Places 2026-07-22.0,2026-07-22,open,packet_ready,primary_store_candidate
Taco Bell,077be9ce-cf5b-4fe6-9d3a-f3131418c71f,Taco Bell,5745 W I-20 Hwy,Arlington,TX,76017-1142,32.67567443847656,-97.19535064697266,Overture Places 2026-07-22.0,2026-07-22,open,packet_ready,primary_store_candidate
Taco Bell,ebff0ec8-cccf-4008-a86f-b7252ca067d2,Taco Bell,8110 Matlock Rd,Arlington,TX,76002-4102,32.613494873046875,-97.11797332763672,Overture Places 2026-07-22.0,2026-07-22,open,packet_ready,primary_store_candidate
Taco Bell,e85ecc89-9102-4295-b93d-320f944e91f2,Taco Bell,208 US-175-BR,Athens,TX,75751-2504,32.20415115356445,-95.85335540771484,Overture Places 2026-07-22.0,2026-07-22,open,packet_ready,primary_store_candidate
Taco Bell,dca204ec-bcba-4db6-ab76-f2eccb557b7d,Taco Bell,601 US-59,Atlanta,TX,75551-1509,33.126155853271484,-94.17840576171875,Overture Places 2026-07-22.0,2026-07-22,open,packet_ready,primary_store_candidate
Taco Bell,ec6ee43d-1ec4-4a5b-a06a-934d1d123289,Taco Bell,915 S Hwy 377,Aubrey,TX,76227,33.2930908203125,-96.98518371582031,Overture Places 2026-07-22.0,2026-07-22,open,packet_ready,primary_store_candidate
Taco Bell,0c85b862-659d-44dc-99f9-8e37127129e7,Taco Bell,1016 Anderson Ln E,Austin,TX,78752,30.337060928344727,-97.69428253173828,Overture Places 2026-07-22.0,2026-07-22,open,packet_ready,primary_store_candidate
Taco Bell,5ea2eb55-a912-498a-b095-711278b85da7,Taco Bell,13770 N Highway 183,Austin,TX,78750-1811,30.461694717407227,-97.79508972167969,Overture Places 2026-07-22.0,2026-07-22,open,packet_ready,primary_store_candidate
Taco Bell,f3638a9a-f1b8-46e7-9994-0f75365bf911,Taco Bell,1548 E Parmer Ln,Austin,TX,78753-7131,30.389080047607422,-97.65081787109375,Overture Places 2026-07-22.0,2026-07-22,open,packet_ready,primary_store_candidate
Taco Bell,08180611-bd35-4c15-8ae8-d3a887208e5d,Taco Bell,161 Slaughter Ln W,Austin,TX,78748-1772,30.16602897644043,-97.79161071777344,Overture Places 2026-07-22.0,2026-07-22,open,packet_ready,primary_store_candidate
Taco Bell,a8ecff80-f54f-428f-8247-8e09505b745a,Taco Bell,1701 W Ben White Blvd,Austin,TX,78704-7646,30.226675033569336,-97.78435516357422,Overture Places 2026-07-22.0,2026-07-22,open,packet_ready,primary_store_candidate
Taco Bell,3b6942ae-df0f-428a-a984-91be1bb7acc4,Taco Bell,1825 Parmer Ln W,Austin,TX,78727-4508,30.41366958618164,-97.6927719116211,Overture Places 2026-07-22.0,2026-07-22,open,packet_ready,primary_store_candidate
Taco Bell,0b0a5a09-cf59-4cd0-815a-d3108c73c572,Taco Bell,1925 Airport Blvd,Austin,TX,78722-1401,30.28324317932129,-97.70393371582031,Overture Places 2026-07-22.0,2026-07-22,open,packet_ready,primary_store_candidate
Taco Bell,6bf834b5-2e60-42da-8b73-f36b70129d34,Taco Bell,201 E Oltorf St,Austin,TX,78704-5530,30.237821578979492,-97.75257110595703,Overture Places 2026-07-22.0,2026-07-22,open,packet_ready,primary_store_candidate
Taco Bell,39d6c0ad-8d97-44bc-8b8b-920df0403642,Taco Bell,2308 E Riverside Dr,Austin,TX,78741-3033,30.23808479309082,-97.72530364990234,Overture Places 2026-07-22.0,2026-07-22,open,packet_ready,primary_store_candidate
Taco Bell,d270ed53-0cec-41e6-aba3-742eac1e6fd3,Taco Bell,2600 W Braker Ln,Austin,TX,78758-4451,30.391225814819336,-97.72006225585938,Overture Places 2026-07-22.0,2026-07-22,open,packet_ready,primary_store_candidate
Taco Bell,9e3aedca-05ae-4bbe-ab9f-776c7ee31c86,Taco Bell,3324 Slaughter Ln W,Austin,TX,78748-6297,30.182458877563477,-97.8466796875,Overture Places 2026-07-22.0,2026-07-22,open,packet_ready,primary_store_candidate
Taco Bell,73fe9abc-9c1c-441b-88bf-92268bb89f8c,Taco Bell,3421 W William Cannon Dr,Austin,TX,78745-5000,30.212961196899414,-97.8296127319336,Overture Places 2026-07-22.0,2026-07-22,open,packet_ready,primary_store_candidate
Taco Bell,970a93ac-a1ea-4871-9a25-17b3b95f69fc,Taco Bell,3501 Wells Branch Pkwy W,Austin,TX,78728-6601,30.439443588256836,-97.69709777832031,Overture Places 2026-07-22.0,2026-07-22,open,packet_ready,primary_store_candidate
Taco Bell,5a7fdb04-96fd-418e-add2-d0a72ca31957,Taco Bell,4811 W Braker Ln,Austin,TX,78759-5616,30.400253295898438,-97.74737548828125,Overture Places 2026-07-22.0,2026-07-22,open,packet_ready,primary_store_candidate
Taco Bell,7a0cdb7b-11d3-4ebb-8779-ba3659dadd86,Taco Bell,502 William Cannon Dr W,Austin,TX,78745-5878,30.19664764404297,-97.78582763671875,Overture Places 2026-07-22.0,2026-07-22,open,packet_ready,primary_store_candidate
Taco Bell,923b02af-0ff3-44a3-81c0-04081406f653,Taco Bell,5604 Cameron Rd,Austin,TX,78723-2424,30.314172744750977,-97.7041015625,Overture Places 2026-07-22.0,2026-07-22,open,packet_ready,primary_store_candidate
Taco Bell,82ffc556-b636-49ae-9e08-5aeabc8666ed,Taco Bell,6511 S IH-35 Svc Rd NB,Austin,TX,78744-4220,30.1908016204834,-97.76908874511719,Overture Places 2026-07-22.0,2026-07-22,open,packet_ready,primary_store_candidate
Taco Bell,80463ce9-2414-4089-9eb9-45dd9b5b16db,Taco Bell,7515 N FM 620,Austin,TX,78726,30.407798767089844,-97.85102081298828,Overture Places 2026-07-22.0,2026-07-22,open,packet_ready,primary_store_candidate
Taco Bell,89548196-8c25-4121-accb-396582e9aa3e,Taco Bell,7793 Burnet Rd,Austin,TX,78757-1276,30.354406356811523,-97.73145294189453,Overture Places 2026-07-22.0,2026-07-22,open,packet_ready,primary_store_candidate
Taco Bell,2c402c8a-e665-410f-b12d-803899c938c4,Taco Bell,9504 N Lamar Blvd,Austin,TX,78753-4108,30.364835739135742,-97.69657897949219,Overture Places 2026-07-22.0,2026-07-22,open,packet_ready,primary_store_candidate
Taco Bell,cc4c3ef7-f088-4ea8-a653-968c61050722,Taco Bell,9900 W Parmer Ln,Austin,TX,78717-4909,30.486557006835938,-97.77020263671875,Overture Places 2026-07-22.0,2026-07-22,open,packet_ready,primary_store_candidate
Taco Bell,50069e00-cb76-4382-8906-82780ff0890a,Taco Bell,100 Southeast Pkwy,Azle,TX,76020-3200,32.89145278930664,-97.54110717773438,Overture Places 2026-07-22.0,2026-07-22,open,packet_ready,primary_store_candidate
Taco Bell,dacf8c89-8e00-4832-83fe-a0ec32627bf6,Taco Bell,12002 Elam Rd,Balch Springs,TX,75180-2823,32.7190055847168,-96.61873626708984,Overture Places 2026-07-22.0,2026-07-22,open,packet_ready,primary_store_candidate
Taco Bell,7c808049-7d14-4b25-8701-1b0260aac8e7,Taco Bell,502 Highway 71 W,Bastrop,TX,78602-3735,30.106475830078125,-97.33528137207031,Overture Places 2026-07-22.0,2026-07-22,open,packet_ready,primary_store_candidate
Taco Bell,17615da9-633e-4634-8272-20ccc3de579e,Taco Bell,3018 7th St,Bay City,TX,77414-5410,28.982778549194336,-95.9536361694336,Overture Places 2026-07-22.0,2026-07-22,open,packet_ready,primary_store_candidate
Taco Bell,4c12dc89-d228-4109-b61d-abb0e780d0f9,Taco Bell,1117 N Alexander Dr,Baytown,TX,77520-2328,29.736709594726562,-94.95570373535156,Overture Places 2026-07-22.0,2026-07-22,open,packet_ready,primary_store_candidate
Taco Bell,5e27c18c-99ab-426c-aca2-83edbb67fabb,Taco Bell,2206 N Alexander Dr,Baytown,TX,77520-2682,29.744531631469727,-94.94964599609375,Overture Places 2026-07-22.0,2026-07-22,open,packet_ready,primary_store_candidate
Taco Bell,b24b977f-2107-48db-913a-0eb39a574bc8,Taco Bell,3520 Garth Rd,Baytown,TX,77521-3812,29.760887145996094,-94.97704315185547,Overture Places 2026-07-22.0,2026-07-22,open,packet_ready,primary_store_candidate
Taco Bell,9ba4de9b-be68-4972-80a2-c902c34f04d3,Taco Bell,6800 Garth Rd,Baytown,TX,77521-9649,29.799901962280273,-94.9806900024414,Overture Places 2026-07-22.0,2026-07-22,open,packet_ready,primary_store_candidate
Taco Bell,75486b9c-3932-45aa-9ff9-b7c945309e64,Taco Bell,8302 N Highway 146,Baytown,TX,77523,29.812984466552734,-94.90109252929688,Overture Places 2026-07-22.0,2026-07-22,open,packet_ready,primary_store_candidate
Taco Bell,0baa21fc-a395-4709-960a-0d2f0452883c,Taco Bell,3725 College St,Beaumont,TX,77701-4619,30.06790542602539,-94.13160705566406,Overture Places 2026-07-22.0,2026-07-22,open,packet_ready,primary_store_candidate
Taco Bell,fe9ab46d-d82b-42c9-bb76-d5e8109f9dba,Taco Bell,3950 Walden Rd,Beaumont,TX,77705,30.038982391357422,-94.15796661376953,Overture Places 2026-07-22.0,2026-07-22,open,packet_ready,primary_store_candidate
Taco Bell,8a54ddce-2ff8-47cf-99e4-2ae3f523b416,Taco Bell,6105 Eastex Fwy,Beaumont,TX,77706,30.125694274902344,-94.1567611694336,Overture Places 2026-07-22.0,2026-07-22,open,packet_ready,primary_store_candidate
Taco Bell,9affe864-37b5-4644-bdf4-b31f61312a5b,Taco Bell,6365 Phelan Blvd,Beaumont,TX,77706-6149,30.07780647277832,-94.16889190673828,Overture Places 2026-07-22.0,2026-07-22,open,packet_ready,primary_store_candidate
Taco Bell,b4fac7ed-4b42-4cd3-9650-9699a1410256,Taco Bell,3351 Harwood Rd,Bedford,TX,76021-3903,32.85232925415039,-97.1121597290039,Overture Places 2026-07-22.0,2026-07-22,open,packet_ready,primary_store_candidate
Taco Bell,ba43915d-075f-462a-8c04-a99da364af20,Taco Bell,2302 N St Marys St,Beeville,TX,78102-2437,28.421703338623047,-97.75637817382812,Overture Places 2026-07-22.0,2026-07-22,open,packet_ready,primary_store_candidate
Taco Bell,9ab940f0-0e99-4ce3-a586-4fd383929838,Taco Bell,1000 Spring St,Belton,TX,76513-3626,31.05234718322754,-97.45467376708984,Overture Places 2026-07-22.0,2026-07-22,open,packet_ready,primary_store_candidate
Taco Bell,68e68216-941c-4de1-a68f-bc4b5620a8f6,Taco Bell,2600 N Main St,Belton,TX,76513-1545,31.080787658691406,-97.45817565917969,Overture Places 2026-07-22.0,2026-07-22,open,packet_ready,primary_store_candidate
Taco Bell,3fd6736c-55ad-4880-9b27-fc45a17de00f,Taco Bell,8636 Benbrook Blvd,Benbrook,TX,76126,32.680519104003906,-97.4636459350586,Overture Places 2026-07-22.0,2026-07-22,open,packet_ready,primary_store_candidate
Taco Bell,7a1bc7cc-a7ae-49c0-9107-a90450990c54,Taco Bell,NWQ US 67 & TX-137,Big Lake,TX,76932,31.19056510925293,-101.44963836669922,Overture Places 2026-07-22.0,2026-07-22,open,packet_ready,primary_store_candidate
Taco Bell,1b2fcb8e-d83b-4599-84e9-809c58c901ae,Taco Bell,2403 S Gregg St,Big Spring,TX,79720-2556,32.23073959350586,-101.47058868408203,Overture Places 2026-07-22.0,2026-07-22,open,packet_ready,primary_store_candidate
Taco Bell,666d6102-b3ca-499c-879b-74f2f86225e2,Taco Bell,440 W Bandera Rd,Boerne,TX,78006-2553,29.78120231628418,-98.73667907714844,Overture Places 2026-07-22.0,2026-07-22,open,packet_ready,primary_store_candidate
Taco Bell,0c4f0806-17ec-4d44-99af-f3b0afa4d5d2,Taco Bell,203 W Sam Rayburn Dr,Bonham,TX,75418-4325,33.57694625854492,-96.18038177490234,Overture Places 2026-07-22.0,2026-07-22,open,packet_ready,primary_store_candidate
Taco Bell,576e439d-0815-4b8e-a28e-1972ccac5b0d,Taco Bell,207 S Cedar St,Borger,TX,79007-4645,35.66462326049805,-101.39791870117188,Overture Places 2026-07-22.0,2026-07-22,open,packet_ready,primary_store_candidate
Taco Bell,6ba14829-0d6c-45fe-9b7c-5a75aa9479ec,Taco Bell,841 E. Hwy 287 N.,Bowie,TX,76230,33.543296813964844,-97.84461212158203,Overture Places 2026-07-22.0,2026-07-22,open,packet_ready,primary_store_candidate
Taco Bell,3896c341-b47e-49a1-bed0-2937432f4d54,Taco Bell,2607 Highway 36 S,Brenham,TX,77833-9606,30.141151428222656,-96.3954849243164,Overture Places 2026-07-22.0,2026-07-22,open,packet_ready,primary_store_candidate
Taco Bell,6d1f0788-0848-4db9-bc41-3ab4f3fff049,Taco Bell,835 Texas Ave,Bridge City,TX,77611-4229,30.023853302001953,-93.84367370605469,Overture Places 2026-07-22.0,2026-07-22,open,packet_ready,primary_store_candidate
Taco Bell,3ec54ad1-1833-47d7-bc57-a631ab0fc8ed,Taco Bell,425 US Highway 380,Bridgeport,TX,76426-2281,33.2237663269043,-97.76423645019531,Overture Places 2026-07-22.0,2026-07-22,open,packet_ready,primary_store_candidate
Taco Bell,e425e71a-4caf-4cc3-b269-cb99289cd500,Taco Bell,34003 Katy Fwy,Brookshire,TX,77423-6501,29.77826499938965,-95.95295715332031,Overture Places 2026-07-22.0,2026-07-22,open,packet_ready,primary_store_candidate
Taco Bell,2e183731-df99-4160-9553-d860df1ba80b,Taco Bell,301 Lubbock Rd,Brownfield,TX,79316-3651,33.181251525878906,-102.27471923828125,Overture Places 2026-07-22.0,2026-07-22,open,packet_ready,primary_store_candidate
Taco Bell,047d51f2-636a-425a-b2be-44c67e6f6440,Taco Bell,3801 International Blvd,Brownsville,TX,78521-3257,25.91629981994629,-97.4711685180664,Overture Places 2026-07-22.0,2026-07-22,open,packet_ready,primary_store_candidate
Taco Bell,7d56ee7a-7c53-49e7-b5eb-76fc74cd8a03,Taco Bell,925 E Rueben M Torres Sr Blvd,Brownsville,TX,78520,25.949480056762695,-97.50686645507812,Overture Places 2026-07-22.0,2026-07-22,open,packet_ready,primary_store_candidate
Taco Bell,34101ac6-6e7d-4cbc-9d7e-29eb213c01d7,Taco Bell,547 W Commerce St,Brownwood,TX,76801-1705,31.729440689086914,-98.98580932617188,Overture Places 2026-07-22.0,2026-07-22,open,packet_ready,primary_store_candidate
Taco Bell,e98db7ba-b292-4e70-8019-db13e439d191,Taco Bell,2305 Boonville Rd,Bryan,TX,77808-0002,30.672508239746094,-96.33438873291016,Overture Places 2026-07-22.0,2026-07-22,open,packet_ready,primary_store_candidate
Taco Bell,281c6f1e-9386-4d53-85b8-20699a65352b,Taco Bell,3501 E 29th St,Bryan,TX,77802-3802,30.65214729309082,-96.3353500366211,Overture Places 2026-07-22.0,2026-07-22,open,packet_ready,primary_store_candidate
Taco Bell,3fc8fbbb-3fff-4182-8d4d-ff5f888c3fb4,Taco Bell,920 S Texas Ave,Bryan,TX,77803-4553,30.663818359375,-96.37181091308594,Overture Places 2026-07-22.0,2026-07-22,open,packet_ready,primary_store_candidate
Taco Bell,19d01edc-5702-48ed-b51d-a2b8c87397de,Taco Bell,580 Old San Antonio Rd,Buda,TX,78610-8917,30.085546493530273,-97.82242584228516,Overture Places 2026-07-22.0,2026-07-22,open,packet_ready,primary_store_candidate
Taco Bell,cd228494-bcc5-4180-aa02-dbb4e8a36e0a,Taco Bell,358 Singing Oaks,Bulverde,TX,78070-6510,29.802051544189453,-98.41913604736328,Overture Places 2026-07-22.0,2026-07-22,open,packet_ready,primary_store_candidate
Taco Bell,11530cbd-2d38-4a5c-a5ef-c7e6ec66a0ed,Taco Bell,1100 S Red River Expy,Burkburnett,TX,76354-3713,34.07687759399414,-98.55819702148438,Overture Places 2026-07-22.0,2026-07-22,open,packet_ready,primary_store_candidate
Taco Bell,6127df11-2495-465b-bea2-ab06c52f14bf,Taco Bell,821 SW Wilshire Blvd,Burleson,TX,76028-5712,32.530887603759766,-97.33781433105469,Overture Places 2026-07-22.0,2026-07-22,open,packet_ready,primary_store_candidate
Taco Bell,18ade095-633c-49df-a372-48f814885210,Taco Bell,1400 S Water St,Burnet,TX,78611,30.745256423950195,-98.23188018798828,Overture Places 2026-07-22.0,2026-07-22,open,packet_ready,primary_store_candidate
Taco Bell,4cab82a5-8859-4d53-9b00-89d54085484c,Taco Bell,1999 N Trade Days Blvd,Canton,TX,75103-9778,32.574283599853516,-95.856201171875,Overture Places 2026-07-22.0,2026-07-22,open,packet_ready,primary_store_candidate
Taco Bell,3c94ff29-291a-4689-b6fc-3027b60ebc29,Taco Bell,611 23rd St,Canyon,TX,79015-4045,34.976932525634766,-101.91888427734375,Overture Places 2026-07-22.0,2026-07-22,open,packet_ready,primary_store_candidate
Taco Bell,82843320-46d7-4f52-b0d4-1f1743f47996,Taco Bell,1008 E Frankford Rd,Carrollton,TX,75007-5006,32.99850082397461,-96.90888977050781,Overture Places 2026-07-22.0,2026-07-22,open,packet_ready,primary_store_candidate
Taco Bell,4dc56f94-84bc-49b6-b782-e16edd5033ea,Taco Bell,1907 E Belt Line Rd,Carrollton,TX,75006-5850,32.95406723022461,-96.88890075683594,Overture Places 2026-07-22.0,2026-07-22,open,packet_ready,primary_store_candidate
Taco Bell,ff8bfcb8-5a8e-4a2b-b6e8-61d7337c8bf4,Taco Bell,3420 E Hebron Pkwy,Carrollton,TX,75010,33.02609634399414,-96.84153747558594,Overture Places 2026-07-22.0,2026-07-22,open,packet_ready,primary_store_candidate
Taco Bell,9e5f5932-112c-4692-9a15-de5f90b4a98a,Taco Bell,1529 W Panola St,Carthage,TX,75633-2349,32.1595573425293,-94.3642578125,Overture Places 2026-07-22.0,2026-07-22,open,packet_ready,primary_store_candidate
Taco Bell,49873f34-0b6c-4936-935a-8a6b03956c3d,Taco Bell,395 N US-67 S,Cedar Hill,TX,75104-2134,32.596282958984375,-96.94136047363281,Overture Places 2026-07-22.0,2026-07-22,open,packet_ready,primary_store_candidate
Taco Bell,b3dae752-e937-492c-ada4-2fe4be3fde22,Taco Bell,1810 S Lakeline Blvd,Cedar Park,TX,78613-3872,30.481557846069336,-97.8313217163086,Overture Places 2026-07-22.0,2026-07-22,open,packet_ready,primary_store_candidate
Taco Bell,a7d45532-e753-44c9-99c8-5d7c5f720c23,Taco Bell,950 N Bell Blvd,Cedar Park,TX,78613-2266,30.519954681396484,-97.82909393310547,Overture Places 2026-07-22.0,2026-07-22,open,packet_ready,primary_store_candidate
Taco Bell,af50c844-779d-49c3-bfd8-f8729d600345,Taco Bell,1002 S Preston Rd,Celina,TX,75009-3884,33.31203079223633,-96.78045654296875,Overture Places 2026-07-22.0,2026-07-22,open,packet_ready,primary_store_candidate
Taco Bell,ee611634-6d3b-4307-8b59-3c2f944cb10d,Taco Bell,1315 Tenaha St,Center,TX,75935,31.81105613708496,-94.19313049316406,Overture Places 2026-07-22.0,2026-07-22,open,packet_ready,primary_store_candidate
Taco Bell,df8571b8-8e78-4125-8d1b-4977054bbf88,Taco Bell,656 E TX-31,Chandler,TX,75758-2384,32.3093147277832,-95.47232055664062,Overture Places 2026-07-22.0,2026-07-22,open,packet_ready,primary_store_candidate
Taco Bell,ba112d1e-c913-45ab-b074-f4b258241bc6,Taco Bell,475 Sheldon Rd,Channelview,TX,77530-3542,29.780298233032227,-95.12496185302734,Overture Places 2026-07-22.0,2026-07-22,open,packet_ready,primary_store_candidate
Taco Bell,0d65be88-1f1c-41cf-9a8c-95d5ea16635c,Taco Bell,2707 Avenue F NW,Childress,TX,79201-2228,34.436527252197266,-100.23235321044922,Overture Places 2026-07-22.0,2026-07-22,open,packet_ready,primary_store_candidate
Taco Bell,7426de89-4f78-4d6c-a061-41f744d6c712,Taco Bell,603 Cibolo Valley Dr,Cibolo,TX,78108-3801,29.571887969970703,-98.23533630371094,Overture Places 2026-07-22.0,2026-07-22,open,packet_ready,primary_store_candidate
Taco Bell,3a095042-6790-464d-bf56-7e1a380e7ada,Taco Bell,2008 N Main St,Cleburne,TX,76033-5008,32.377830505371094,-97.39334869384766,Overture Places 2026-07-22.0,2026-07-22,open,packet_ready,primary_store_candidate
Taco Bell,ba7e65d2-31c5-458f-8e2a-c96ed20ca8f1,Taco Bell,621 W Henderson St,Cleburne,TX,76033-4847,32.34547424316406,-97.39447021484375,Overture Places 2026-07-22.0,2026-07-22,open,packet_ready,primary_store_candidate
Taco Bell,b45bf54e-052e-4d42-a51c-baef0ebf6734,Taco Bell,435 W Southline St,Cleveland,TX,77327-5030,30.335716247558594,-95.09720611572266,Overture Places 2026-07-22.0,2026-07-22,open,packet_ready,primary_store_candidate
Taco Bell,b8676240-2682-44c2-bced-f5f5443f4137,Taco Bell,1025 Dixie Dr,Clute,TX,77531-5123,29.011537551879883,-95.4190444946289,Overture Places 2026-07-22.0,2026-07-22,open,packet_ready,primary_store_candidate
Taco Bell,d88f3af5-13c1-4003-adf4-775ed9744217,Taco Bell,310 Harvey Rd,College Station,TX,77840-3332,30.61693000793457,-96.31610107421875,Overture Places 2026-07-22.0,2026-07-22,open,packet_ready,primary_store_candidate
Taco Bell,6102de03-b02b-4e00-b4f2-ecbf6a5e0b28,Taco Bell,731 University Dr,College Station,TX,77840-1430,30.621788024902344,-96.3421859741211,Overture Places 2026-07-22.0,2026-07-22,open,packet_ready,primary_store_candidate
Taco Bell,8ecaeaca-918b-4cd2-9006-13d35665961e,Taco Bell,911 William D Fitch Pkwy,College Station,TX,77845-4638,30.556232452392578,-96.262939453125,Overture Places 2026-07-22.0,2026-07-22,open,packet_ready,primary_store_candidate
Taco Bell,774f0479-e409-4322-b442-be3e1987a704,Taco Bell,8170 Precinct Line Rd,Colleyville,TX,76034-7674,32.90189743041992,-97.18547058105469,Overture Places 2026-07-22.0,2026-07-22,open,packet_ready,primary_store_candidate
Taco Bell,24388c54-8db6-46cb-a4ad-da43129287a9,Taco Bell,2203 Live Oak St,Commerce,TX,75428-2404,33.24713134765625,-95.9129409790039,Overture Places 2026-07-22.0,2026-07-22,open,packet_ready,primary_store_candidate
Taco Bell,91b9b144-6ef8-4ee8-9b45-939f3c069c52,Taco Bell,1114 League Line Rd,Conroe,TX,77303-1445,30.36651611328125,-95.48258209228516,Overture Places 2026-07-22.0,2026-07-22,open,packet_ready,primary_store_candidate
Taco Bell,fb5c73c2-4b50-45b5-9ed6-aa057a637243,Taco Bell,1123 N Frazier St,Conroe,TX,77301-2341,30.31926727294922,-95.46443176269531,Overture Places 2026-07-22.0,2026-07-22,open,packet_ready,primary_store_candidate
Taco Bell,f9ddbfc7-05ce-41a9-ad27-45fbc63e5472,Taco Bell,17693 TX-105,Conroe,TX,77306,30.331226348876953,-95.29658508300781,Overture Places 2026-07-22.0,2026-07-22,open,packet_ready,primary_store_candidate
Taco Bell,e04cde0b-aac5-448d-9355-5e591653cc73,Taco Bell,3207 W Davis St,Conroe,TX,77304-2039,30.32121467590332,-95.48695373535156,Overture Places 2026-07-22.0,2026-07-22,open,packet_ready,primary_store_candidate
Taco Bell,517bc23a-582d-44c4-b89f-2dd17559d1d5,Taco Bell,8630 FM 78,Converse,TX,78109-1035,29.49896240234375,-98.31819915771484,Overture Places 2026-07-22.0,2026-07-22,open,packet_ready,primary_store_candidate
Taco Bell,bac0256b-fb59-413a-8244-f38c4502025d,Taco Bell,115 N Denton Tap Rd,Coppell,TX,75019-2902,32.971336364746094,-96.99420166015625,Overture Places 2026-07-22.0,2026-07-22,open,packet_ready,primary_store_candidate
Taco Bell,d55064a5-a820-4819-942b-9ca1b5332e21,Taco Bell,1110 E Highway 190,Copperas Cove,TX,76522-2257,31.119504928588867,-97.89308166503906,Overture Places 2026-07-22.0,2026-07-22,open,packet_ready,primary_store_candidate
Taco Bell,4c08db4d-4dc9-436c-89b7-a45104fafa6f,Taco Bell,4471 FM-2181,Corinth,TX,76210-4216,33.13060760498047,-97.04238891601562,Overture Places 2026-07-22.0,2026-07-22,open,packet_ready,primary_store_candidate
Taco Bell,3b85204f-e3af-499d-9046-2ee848cdf2d1,Taco Bell,11328 Leopard St,Corpus Christi,TX,78410-2616,27.847768783569336,-97.58885955810547,Overture Places 2026-07-22.0,2026-07-22,open,packet_ready,primary_store_candidate
Taco Bell,45171860-e780-4f37-a182-9e036cb82f66,Taco Bell,1217 Waldron Rd,Corpus Christi,TX,78418-4428,27.66637420654297,-97.28327178955078,Overture Places 2026-07-22.0,2026-07-22,open,packet_ready,primary_store_candidate
Taco Bell,ca5375f6-80d5-47d4-865a-71707482f316,Taco Bell,14601 Northwest Blvd,Corpus Christi,TX,78410-5500,27.8572940826416,-97.6509780883789,Overture Places 2026-07-22.0,2026-07-22,open,packet_ready,primary_store_candidate
Taco Bell,2cf48149-8eab-4abc-b8fb-22f365f3f2fb,Taco Bell,1501 Nile Dr,Corpus Christi,TX,78412-4928,27.69564437866211,-97.34750366210938,Overture Places 2026-07-22.0,2026-07-22,open,packet_ready,primary_store_candidate
Taco Bell,bfb69289-a11f-4276-80aa-854995c5d1d5,Taco Bell,2201 Morgan Ave,Corpus Christi,TX,78405-1908,27.777851104736328,-97.41348266601562,Overture Places 2026-07-22.0,2026-07-22,open,packet_ready,primary_store_candidate
Taco Bell,adab2efd-ff44-49f8-9c04-084fbc3781c7,Taco Bell,3221 S Staples St,Corpus Christi,TX,78411-2524,27.752513885498047,-97.3970718383789,Overture Places 2026-07-22.0,2026-07-22,open,packet_ready,primary_store_candidate
Taco Bell,68adde1c-21bc-4f27-8bee-5c679d0bde73,Taco Bell,4434 Ayers St,Corpus Christi,TX,78415-5320,27.74597930908203,-97.42050170898438,Overture Places 2026-07-22.0,2026-07-22,open,packet_ready,primary_store_candidate
Taco Bell,ba55bfe1-9167-4119-8d18-45b272a52317,Taco Bell,5530 Everhart Rd,Corpus Christi,TX,78411-4903,27.707056045532227,-97.3887939453125,Overture Places 2026-07-22.0,2026-07-22,open,packet_ready,primary_store_candidate
Taco Bell,94b19f77-3e15-4c5c-9641-bd3072aa2ade,Taco Bell,5722 Yorktown Blvd,Corpus Christi,TX,78414,27.665536880493164,-97.39328002929688,Overture Places 2026-07-22.0,2026-07-22,open,packet_ready,primary_store_candidate
Taco Bell,f3efa26f-d39c-4235-abe8-cb657634505f,Taco Bell,5821 Saratoga Blvd,Corpus Christi,TX,78414-4197,27.682861328125,-97.37970733642578,Overture Places 2026-07-22.0,2026-07-22,open,packet_ready,primary_store_candidate
Taco Bell,edd542f7-9755-4c92-91d7-690ce160383e,Taco Bell,6506 Weber Rd,Corpus Christi,TX,78413-4010,27.69875717163086,-97.41267395019531,Overture Places 2026-07-22.0,2026-07-22,open,packet_ready,primary_store_candidate
Taco Bell,76335cb5-3fdf-479b-aedb-c0cdf880fafa,Taco Bell,2937 S US Highway 287,Corsicana,TX,75109-8954,32.072853088378906,-96.44386291503906,Overture Places 2026-07-22.0,2026-07-22,open,packet_ready,primary_store_candidate
Taco Bell,17ff7d07-41a5-42e3-8d29-5e39bd3117e2,Taco Bell,807 W 7th Ave,Corsicana,TX,75110-6373,32.087467193603516,-96.4714126586914,Overture Places 2026-07-22.0,2026-07-22,open,packet_ready,primary_store_candidate
Taco Bell,fdb48556-92f3-4bcf-a2c1-1acfc654e6ec,Taco Bell,940 TX-304-LOOP,Crockett,TX,75835,31.32773208618164,-95.43986511230469,Overture Places 2026-07-22.0,2026-07-22,open,packet_ready,primary_store_candidate
Taco Bell,b4b1b8f5-f599-4618-80d7-a4df41992bf2,Taco Bell,13727 Crosby Lynchburg Rd,Crosby,TX,77532-6149,29.886985778808594,-95.06362915039062,Overture Places 2026-07-22.0,2026-07-22,open,packet_ready,primary_store_candidate
Taco Bell,79b297ec-dcc7-4e1a-aa16-579ed786362d,Taco Bell,14000 US Highway 380 E,Cross Roads,TX,76227,33.22469711303711,-96.97727966308594,Overture Places 2026-07-22.0,2026-07-22,open,packet_ready,primary_store_candidate
Taco Bell,9418b16c-631e-43aa-a9cb-6da69ea332a2,Taco Bell,1008 S Crowley Rd,Crowley,TX,76036-3670,32.563133239746094,-97.35253143310547,Overture Places 2026-07-22.0,2026-07-22,open,packet_ready,primary_store_candidate
Taco Bell,7a59806f-3eb5-4cbf-a9dd-189313ed68f8,Taco Bell,12727 Telge Rd,Cypress,TX,77429-2289,29.9617977142334,-95.65050506591797,Overture Places 2026-07-22.0,2026-07-22,open,packet_ready,primary_store_candidate
Taco Bell,5ea2ef3e-af4b-4ce9-9ed8-04a32a2d52bc,Taco Bell,17525 Spring-Cypress Rd,Cypress,TX,77429-2687,29.969972610473633,-95.69158172607422,Overture Places 2026-07-22.0,2026-07-22,open,packet_ready,primary_store_candidate
Taco Bell,59deea59-3240-4e7a-b640-c87b71a948d6,Taco Bell,22318 FM 529 Rd,Cypress,TX,77433-2101,29.875431060791016,-95.76194763183594,Overture Places 2026-07-22.0,2026-07-22,open,packet_ready,primary_store_candidate
Taco Bell,d298c244-3b78-4f39-b330-bce3ccfee074,Taco Bell,28638 US-290,Cypress,TX,77433-4290,29.992277145385742,-95.74939727783203,Overture Places 2026-07-22.0,2026-07-22,open,packet_ready,primary_store_candidate
Taco Bell,7ef45217-954d-4490-90f3-3d9d11cd7806,Taco Bell,8923 Fry Rd,Cypress,TX,77433-5143,29.911935806274414,-95.72697448730469,Overture Places 2026-07-22.0,2026-07-22,open,packet_ready,primary_store_candidate
Taco Bell,f8ebccbb-4838-4f10-a2fd-b8cbc316c385,Taco Bell,303 S Highway 87,Dalhart,TX,79022-2842,36.062904357910156,-102.5175552368164,Overture Places 2026-07-22.0,2026-07-22,open,packet_ready,primary_store_candidate
Taco Bell,45cf39f4-7448-44d4-b61a-17620f86e92c,Taco Bell,10310 Lake June Rd,Dallas,TX,75217,32.733680725097656,-96.64580535888672,Overture Places 2026-07-22.0,2026-07-22,open,packet_ready,primary_store_candidate
Taco Bell,e72c9c87-80c4-4a4d-87d3-ecb26d7e9788,Taco Bell,11441 Jupiter Rd,Dallas,TX,75218-2556,32.849918365478516,-96.68345642089844,Overture Places 2026-07-22.0,2026-07-22,open,packet_ready,primary_store_candidate
Taco Bell,4fa4bb45-9c92-4fb8-b2b3-e787522a7c75,Taco Bell,11702 Plano Rd,Dallas,TX,75243-5218,32.90801239013672,-96.70000457763672,Overture Places 2026-07-22.0,2026-07-22,open,packet_ready,primary_store_candidate
Taco Bell,ba785494-4f31-48fc-838f-4aed68cb8a1c,Taco Bell,11829 Abrams Rd,Dallas,TX,75243-6022,32.9101448059082,-96.73592376708984,Overture Places 2026-07-22.0,2026-07-22,open,packet_ready,primary_store_candidate
Taco Bell,42f94b90-c89e-45bc-8f86-4d19ba7b9005,Taco Bell,13670 Preston Rd,Dallas,TX,75240-4708,32.93409729003906,-96.80339813232422,Overture Places 2026-07-22.0,2026-07-22,open,packet_ready,primary_store_candidate
Taco Bell,2e28d765-558a-448d-929c-c2be0d42235f,Taco Bell,15208 Montfort Dr,Dallas,TX,75248-6401,32.956443786621094,-96.81800842285156,Overture Places 2026-07-22.0,2026-07-22,open,packet_ready,primary_store_candidate
Taco Bell,a784fd98-2ebb-4b6a-97ea-3b0634b9baa9,Taco Bell,1702 N Cockrell Hill Rd,Dallas,TX,75211-1385,32.76830291748047,-96.89542388916016,Overture Places 2026-07-22.0,2026-07-22,open,packet_ready,primary_store_candidate
Taco Bell,9658099b-8539-4dc7-9c2e-690f7bdd89e9,Taco Bell,17530 Marsh Ln,Dallas,TX,75287-6251,32.989192962646484,-96.85430908203125,Overture Places 2026-07-22.0,2026-07-22,open,packet_ready,primary_store_candidate
Taco Bell,77878d47-c61c-4d40-baee-0a423ddb72e5,Taco Bell,1955 S Buckner Blvd,Dallas,TX,75217-1822,32.746097564697266,-96.68325805664062,Overture Places 2026-07-22.0,2026-07-22,open,packet_ready,primary_store_candidate
Taco Bell,0f65b920-140a-4762-bd4a-a14a017f8ae9,Taco Bell,2245 W Northwest Hwy,Dallas,TX,75220-4304,32.86360549926758,-96.89608001708984,Overture Places 2026-07-22.0,2026-07-22,open,packet_ready,primary_store_candidate
Taco Bell,bd77b5ae-9965-4247-a7f4-af9f6d74a1c9,Taco Bell,2404 N Washington Ave,Dallas,TX,75204-3741,32.80219650268555,-96.79063415527344,Overture Places 2026-07-22.0,2026-07-22,open,packet_ready,primary_store_candidate
Taco Bell,bbac632d-dfa4-4816-a07e-f9cd8bb66b81,Taco Bell,2972 W Wheatland Rd,Dallas,TX,75237-3535,32.647151947021484,-96.8689193725586,Overture Places 2026-07-22.0,2026-07-22,open,packet_ready,primary_store_candidate
Taco Bell,fb6899c3-5676-4b85-9671-ca9d8ba17dfe,Taco Bell,3127 Inwood Rd,Dallas,TX,75235-7600,32.826751708984375,-96.83056640625,Overture Places 2026-07-22.0,2026-07-22,open,packet_ready,primary_store_candidate
Taco Bell,ea0dc4d1-6bb9-4bb9-ba23-171df4f07cb7,Taco Bell,3223 Fort Worth Ave,Dallas,TX,75211-2421,32.7544059753418,-96.87313842773438,Overture Places 2026-07-22.0,2026-07-22,open,packet_ready,primary_store_candidate
Taco Bell,a6d20dee-4b0d-41b3-914a-ce8468b87108,Taco Bell,3470 W Illinois Ave,Dallas,TX,75211-8722,32.71997833251953,-96.87847137451172,Overture Places 2026-07-22.0,2026-07-22,open,packet_ready,primary_store_candidate
Taco Bell,7d9ef19c-aaa5-4120-9250-255a2331ad5b,Taco Bell,3636 Forest Ln,Dallas,TX,75234-7922,32.9091911315918,-96.8564682006836,Overture Places 2026-07-22.0,2026-07-22,open,packet_ready,primary_store_candidate
Taco Bell,b17c8cd4-7ee4-4e23-beea-0ceb754f598c,Taco Bell,4151 LBJ Fwy,Dallas,TX,75244-5704,32.92570495605469,-96.84044647216797,Overture Places 2026-07-22.0,2026-07-22,open,packet_ready,primary_store_candidate
Taco Bell,b08fe5f9-386b-450f-ba9f-d9f7506b60da,Taco Bell,4341 Lemmon Ave,Dallas,TX,75219-2706,32.81751251220703,-96.8125228881836,Overture Places 2026-07-22.0,2026-07-22,open,packet_ready,primary_store_candidate
Taco Bell,f9d9e8c6-ed5d-4b25-ae5a-d5937b99f92b,Taco Cabana,4355 W Camp Wisdom Rd,Dallas,TX,75237-2418,32.662384033203125,-96.89095306396484,Overture Places 2026-07-22.0,2026-07-22,open,exclude,brand_false_positive
Taco Bell,e8c5f55e-2846-4baa-938a-af1659d40770,Taco Bell,4616 Frankford Rd,Dallas,TX,75287-7107,32.99726867675781,-96.82755279541016,Overture Places 2026-07-22.0,2026-07-22,open,packet_ready,primary_store_candidate
Taco Bell,cb91ede7-043f-4f23-a901-9d1d16a4df53,Taco Bell,4717 Vista Wood Blvd,Dallas,TX,75232-1301,32.68724060058594,-96.82622528076172,Overture Places 2026-07-22.0,2026-07-22,open,packet_ready,primary_store_candidate
Taco Bell,3ccdc5b5-07a8-464d-91c3-193b52806f44,Taco Bell,505 W Illinois Ave,Dallas,TX,75224-1815,32.72071075439453,-96.83069610595703,Overture Places 2026-07-22.0,2026-07-22,open,packet_ready,primary_store_candidate
Taco Bell,b22830e5-e6a5-4fa6-8362-d5473618b8aa,Taco Bell,5506 E Mockingbird Ln,Dallas,TX,75206-5344,32.83625793457031,-96.77330017089844,Overture Places 2026-07-22.0,2026-07-22,open,packet_ready,primary_store_candidate
Taco Bell,8c528cad-c191-405c-ba3d-df40a629e27e,Taco Bell,5509 E R L Thornton Fwy,Dallas,TX,75223-1939,32.79206848144531,-96.74755096435547,Overture Places 2026-07-22.0,2026-07-22,open,packet_ready,primary_store_candidate
Taco Bell,ef3e134f-859d-4582-b123-4e27430df8e6,Taco Bell,5575 N Jim Miller Rd,Dallas,TX,75228-7010,32.79265594482422,-96.70043182373047,Overture Places 2026-07-22.0,2026-07-22,open,packet_ready,primary_store_candidate
Taco Bell,a70c0fea-fedf-4143-94ce-f254d62f0550,Taco Bell,7110 Greenville Ave,Dallas,TX,75231-5127,32.87582015991211,-96.76158142089844,Overture Places 2026-07-22.0,2026-07-22,open,packet_ready,primary_store_candidate
Taco Bell,8d7f36e5-3d1c-4212-ad7b-b909b76fad81,Taco Bell,8407 S Lancaster Rd,Dallas,TX,75241-6309,32.645450592041016,-96.78079986572266,Overture Places 2026-07-22.0,2026-07-22,open,packet_ready,primary_store_candidate
Taco Bell,afe42d8b-2b6d-4b5f-9752-12484463515f,Taco Bell,9820 Walnut Hill Ln,Dallas,TX,75238-2061,32.87859344482422,-96.71662902832031,Overture Places 2026-07-22.0,2026-07-22,open,packet_ready,primary_store_candidate
Taco Bell,6eba10b8-1bf3-423d-85af-a68960e69a15,Taco Bell,402 US 90 W,Dayton,TX,77535-2520,30.043643951416016,-94.8910140991211,Overture Places 2026-07-22.0,2026-07-22,open,packet_ready,primary_store_candidate
Taco Bell,6e83aac3-73a3-48a4-8a49-6e89641e8f4c,Taco Bell,800 N Business 287,Decatur,TX,76234,33.23288345336914,-97.59429931640625,Overture Places 2026-07-22.0,2026-07-22,open,packet_ready,primary_store_candidate
Taco Bell,c1473837-b2f5-452b-ae40-f34311203e1e,Taco Bell,3421 Center St,Deer Park,TX,77536-5055,29.680299758911133,-95.1229476928711,Overture Places 2026-07-22.0,2026-07-22,open,packet_ready,primary_store_candidate
Taco Bell,029da376-32a8-4f4c-83cd-086b0e7dd45c,Taco Bell,9047 Spencer Hwy,Deer Park,TX,77571-3870,29.664539337158203,-95.09923553466797,Overture Places 2026-07-22.0,2026-07-22,open,packet_ready,primary_store_candidate
Taco Bell,c15c8586-ec7e-411f-812d-e483ae3c179f,Taco Bell,1809 Veterans Blvd,Del Rio,TX,78840-3348,29.381118774414062,-100.90464782714844,Overture Places 2026-07-22.0,2026-07-22,open,packet_ready,primary_store_candidate
Taco Bell,e4fcec05-f100-4628-b579-9b98506016c2,Taco Bell,3420 W 668 FM 120,Denison,TX,75020,33.761051177978516,-96.58769226074219,Overture Places 2026-07-22.0,2026-07-22,open,packet_ready,primary_store_candidate
Taco Bell,50b2b8dc-d1e6-4234-8b1a-186d4dab888d,Taco Bell,900 S Austin Ave,Denison,TX,75020-4902,33.74702072143555,-96.53703308105469,Overture Places 2026-07-22.0,2026-07-22,open,packet_ready,primary_store_candidate
Taco Bell,d456ac50-d23f-4860-9e23-123740e6f896,Taco Bell,1800 W University Dr,Denton,TX,76201-1787,33.229957580566406,-97.15190124511719,Overture Places 2026-07-22.0,2026-07-22,open,packet_ready,primary_store_candidate
Taco Bell,ef65e82d-73e2-4863-8ae4-a77315d8a6bc,Taco Bell,2124 Sadau Ct,Denton,TX,76210-4942,33.18882369995117,-97.10365295410156,Overture Places 2026-07-22.0,2026-07-22,open,packet_ready,primary_store_candidate
Taco Bell,e6127b4a-a93c-4c70-930f-90138cf36728,Taco Bell,3971 N Loop 288,Denton,TX,76208-7504,33.25674057006836,-97.10874938964844,Overture Places 2026-07-22.0,2026-07-22,open,packet_ready,primary_store_candidate
Taco Bell,5bb8b5a1-49da-45f7-80fd-27903061c3eb,Taco Bell,5050 Teasley Ln,Denton,TX,76210-3905,33.14437484741211,-97.10581970214844,Overture Places 2026-07-22.0,2026-07-22,open,packet_ready,primary_store_candidate
Taco Bell,fe1974ea-2276-4b71-8a10-6c5ca4cc16fe,Taco Bell,681 Fort Worth Dr,Denton,TX,76201-7134,33.198822021484375,-97.13748168945312,Overture Places 2026-07-22.0,2026-07-22,open,packet_ready,primary_store_candidate
Taco Bell,71ce9aec-710c-489d-8e5f-ea339f12b34b,Taco Bell,1011 Belt Line Rd W,Desoto,TX,75115-3702,32.59027099609375,-96.88101959228516,Overture Places 2026-07-22.0,2026-07-22,open,packet_ready,primary_store_candidate
Taco Bell,45afabad-87f4-4ef6-b260-f793c30c9138,Taco Bell,104 W FM 517 Rd,Dickinson,TX,77539-4112,29.448148727416992,-95.07813262939453,Overture Places 2026-07-22.0,2026-07-22,open,packet_ready,primary_store_candidate
Taco Bell,dcb1b913-a798-4d56-9aa0-e134a6ff38bf,Taco Bell,2301 N Farm To Market 493,Donna,TX,78537,26.184011459350586,-98.04043579101562,Overture Places 2026-07-22.0,2026-07-22,open,packet_ready,primary_store_candidate
Taco Bell,e0c42a56-bc90-4ae3-a2ce-e3bd394c7b24,Taco Bell,230 E US 290,Dripping Springs,TX,78620,30.19031524658203,-98.0853042602539,Overture Places 2026-07-22.0,2026-07-22,open,packet_ready,primary_store_candidate
Taco Bell,affcdb78-9b0d-4779-be40-0338ca2f0a0c,Taco Bell,1401 Dumas Ave,Dumas,TX,79029,35.85078048706055,-101.97314453125,Overture Places 2026-07-22.0,2026-07-22,open,packet_ready,primary_store_candidate
Taco Bell,0e350e18-99c8-42e3-9224-409fb56b92e0,Taco Bell,323 S Cedar Ridge Dr,Duncanville,TX,75116-4526,32.648860931396484,-96.92594146728516,Overture Places 2026-07-22.0,2026-07-22,open,packet_ready,primary_store_candidate
Taco Bell,aa616f7e-9ad2-467c-9e7f-d4c876e8149d,Taco Bell,2127 E Garrison St,Eagle Pass,TX,78852-5043,28.70606803894043,-100.48445892333984,Overture Places 2026-07-22.0,2026-07-22,open,packet_ready,primary_store_candidate
Taco Bell,b8a6332d-d178-4277-9306-ba169661d506,Taco Bell,1804 W University Dr,Edinburg,TX,78539-2826,26.303693771362305,-98.18150329589844,Overture Places 2026-07-22.0,2026-07-22,open,packet_ready,primary_store_candidate
Taco Bell,36d51545-2f50-42f0-8461-9187f2b316b2,Taco Bell,1611 N Mechanic St,El Campo,TX,77437-2639,29.210296630859375,-96.28146362304688,Overture Places 2026-07-22.0,2026-07-22,open,packet_ready,primary_store_candidate
Taco Bell,d7b7fe7b-c51d-4667-bf93-029eb31c3e21,Taco Bell,11300 McCombs St,El Paso,TX,79934-3453,31.938325881958008,-106.40719604492188,Overture Places 2026-07-22.0,2026-07-22,open,packet_ready,primary_store_candidate
Taco Bell,ade4e819-68cc-4d07-b6a6-73aa12320b54,Taco Bell,12230 Montana Ave,El Paso,TX,79938-4874,31.806684494018555,-106.26323699951172,Overture Places 2026-07-22.0,2026-07-22,open,packet_ready,primary_store_candidate
Taco Bell,3a2034b4-27ba-44d9-8edc-c06477f25ebf,Taco Bell,1337 George Dieter Dr,El Paso,TX,79936-7410,31.726272583007812,-106.30339050292969,Overture Places 2026-07-22.0,2026-07-22,open,packet_ready,primary_store_candidate
Taco Bell,24f83f89-05ce-40fc-a2f2-b72eb6b5b8a3,Taco Bell,13910 Horizon Blvd,El Paso,TX,79928-6593,31.682214736938477,-106.20211029052734,Overture Places 2026-07-22.0,2026-07-22,open,packet_ready,primary_store_candidate
Taco Bell,d346e82b-a26c-405f-baac-4c1562885b32,Taco Bell,1500 N Lee Trevino Dr,El Paso,TX,79936-5102,31.752378463745117,-106.31842803955078,Overture Places 2026-07-22.0,2026-07-22,open,packet_ready,primary_store_candidate
Taco Bell,d4512342-eacb-48be-ba2b-2f8ce52fc3bb,Taco Bell,1611 Marshall Rd,El Paso,TX,79906-6111,31.81711769104004,-106.42901611328125,Overture Places 2026-07-22.0,2026-07-22,open,packet_ready,primary_store_candidate
Taco Bell,8ac741dd-4338-4ae9-bf7d-7771b078f50a,Taco Bell,1895 N Zaragoza Rd,El Paso,TX,79936,31.759794235229492,-106.2707290649414,Overture Places 2026-07-22.0,2026-07-22,open,packet_ready,primary_store_candidate
Taco Bell,43ad29fc-71e2-449a-9d2d-2139681f8b2e,Taco Bell,2103 N Mesa St,El Paso,TX,79902-3311,31.772613525390625,-106.49971771240234,Overture Places 2026-07-22.0,2026-07-22,open,packet_ready,primary_store_candidate
Taco Bell,866b6506-c333-40f0-921c-d75732b95e81,Taco Bell,3570 N Zaragoza Rd,El Paso,TX,79938-8090,31.79511833190918,-106.23128509521484,Overture Places 2026-07-22.0,2026-07-22,open,packet_ready,primary_store_candidate
Taco Bell,a87fec71-04b8-488c-b59f-7c0abed6f28a,Taco Bell,4515 Woodrow Bean,El Paso,TX,79924-4409,31.899045944213867,-106.4399185180664,Overture Places 2026-07-22.0,2026-07-22,open,packet_ready,primary_store_candidate
Taco Bell,b9a1f07f-128b-4666-8d17-1cefdcf128a3,Taco Bell,5300 Dyer St,El Paso,TX,79904-6236,31.826005935668945,-106.44454956054688,Overture Places 2026-07-22.0,2026-07-22,open,packet_ready,primary_store_candidate
Taco Bell,7f267c93-def9-4d31-ae2c-738bb45b86bc,Taco Bell,6000 N Mesa St,El Paso,TX,79912-4606,31.829700469970703,-106.52803039550781,Overture Places 2026-07-22.0,2026-07-22,open,packet_ready,primary_store_candidate
Taco Bell,2566f4fc-11ec-4e78-8df2-5cf52d938cce,Taco Bell,6055 Montana Ave,El Paso,TX,79925-1826,31.78533363342285,-106.41439056396484,Overture Places 2026-07-22.0,2026-07-22,open,packet_ready,primary_store_candidate
Taco Bell,8aa47682-b23b-4b15-98a9-e7d1d2f663a2,Taco Bell,6450 N Desert Blvd,El Paso,TX,79912-8506,31.887056350708008,-106.57888793945312,Overture Places 2026-07-22.0,2026-07-22,open,packet_ready,primary_store_candidate
Taco Bell,45d49abb-b865-4da6-a7ee-51099aff9c90,Taco Bell,6850 State Highway Spur 16,El Paso,TX,79932,31.907581329345703,-106.58647918701172,Overture Places 2026-07-22.0,2026-07-22,open,packet_ready,primary_store_candidate
Taco Bell,d86d282a-0683-4691-a75d-52a33979beb6,Taco Bell,7410 Remcon Cir,El Paso,TX,79912-3500,31.837461471557617,-106.56168365478516,Overture Places 2026-07-22.0,2026-07-22,open,packet_ready,primary_store_candidate
Taco Bell,60740479-298e-4b78-976b-22eaaae2a242,Taco Bell,91 S Americas Ave,El Paso,TX,79907-6917,31.68061637878418,-106.31375122070312,Overture Places 2026-07-22.0,2026-07-22,open,packet_ready,primary_store_candidate
Taco Bell,47a45a92-0d1a-4ce0-ad43-70141e524561,Taco Bell,911 N Resler Dr,El Paso,TX,79912-1452,31.86024284362793,-106.55850982666016,Overture Places 2026-07-22.0,2026-07-22,open,packet_ready,primary_store_candidate
Taco Bell,d1c9dd13-3d45-43f4-9c5e-6ef7800a72ed,Taco Bell,9159 Dyer St,El Paso,TX,79924-6401,31.873716354370117,-106.4262466430664,Overture Places 2026-07-22.0,2026-07-22,open,packet_ready,primary_store_candidate
Taco Bell,8646b39c-fb5b-4c65-875f-fad3f7cee9da,Taco Bell,9523 Viscount Blvd,El Paso,TX,79925-7051,31.765480041503906,-106.36312103271484,Overture Places 2026-07-22.0,2026-07-22,open,packet_ready,primary_store_candidate
Taco Bell,de4bfa5f-92a4-4e1c-96a1-6cc74ec184b1,Taco Bell,9620 Montana Ave,El Paso,TX,79925,31.794109344482422,-106.35680389404297,Overture Places 2026-07-22.0,2026-07-22,open,packet_ready,primary_store_candidate
Taco Bell,09dfe00a-124c-4c1c-a6ac-fb415b7230b5,Taco Bell,1090 Highway 290 W,Elgin,TX,78621-1463,30.347421646118164,-97.38360595703125,Overture Places 2026-07-22.0,2026-07-22,open,packet_ready,primary_store_candidate
Taco Bell,d162f893-c724-43b2-83e0-f1ee4a53c352,Taco Bell,404 S Broadway St,Elsa,TX,78543,26.287561416625977,-97.9935531616211,Overture Places 2026-07-22.0,2026-07-22,open,packet_ready,primary_store_candidate
Taco Bell,6d12d8a5-732e-40f2-a71d-18a8f671f9f1,Taco Bell,218 E Lennon Dr,Emory,TX,75440-3219,32.8720703125,-95.76471710205078,Overture Places 2026-07-22.0,2026-07-22,open,packet_ready,primary_store_candidate
Taco Bell,a5074d1c-ff87-4cfa-b2d9-921d1b27e4f2,Taco Bell,1107 E Ennis Ave,Ennis,TX,75119-4342,32.3336067199707,-96.61619567871094,Overture Places 2026-07-22.0,2026-07-22,open,packet_ready,primary_store_candidate
Taco Bell,66c5e776-33b5-4232-b7e7-a279bda2a014,Taco Bell,100 E Euless Blvd,Euless,TX,76040-4584,32.83673095703125,-97.0821304321289,Overture Places 2026-07-22.0,2026-07-22,open,packet_ready,primary_store_candidate
Taco Bell,c93f0ade-8415-454e-8418-f05f92102b62,Taco Bell,1201 W Glade Rd,Euless,TX,76039-5420,32.88113021850586,-97.10086822509766,Overture Places 2026-07-22.0,2026-07-22,open,packet_ready,primary_store_candidate
Taco Bell,ccc57987-709e-4750-98e5-6b5afe8c4364,Taco Bell,474 Interstate 45 N,Fairfield,TX,75840-5235,31.713375091552734,-96.17823028564453,Overture Places 2026-07-22.0,2026-07-22,open,packet_ready,primary_store_candidate
Taco Bell,3b3110c0-afac-4aa5-948c-627874746e70,Taco Bell,1210 Memorial Pkwy,Fate,TX,75189,32.93031692504883,-96.37955474853516,Overture Places 2026-07-22.0,2026-07-22,open,packet_ready,primary_store_candidate
Taco Bell,4c8f97fd-024d-4748-919a-a9f3ae1fc1ca,Taco Bell,314 I-45,Ferris,TX,75125,32.53263473510742,-96.65835571289062,Overture Places 2026-07-22.0,2026-07-22,open,packet_ready,primary_store_candidate
Taco Bell,67567be1-1aab-4fad-b45c-ca48be1975ce,Taco Bell,19901 State Highway 155 S,Flint,TX,75762-4629,32.190608978271484,-95.43412780761719,Overture Places 2026-07-22.0,2026-07-22,open,packet_ready,primary_store_candidate
Taco Bell,e340850a-b4ec-4dd4-ba59-7c04267a5498,Taco Bell,931 10th St,Floresville,TX,78114-1851,29.142593383789062,-98.15452575683594,Overture Places 2026-07-22.0,2026-07-22,open,packet_ready,primary_store_candidate
Taco Bell,59f00700-74b5-45f0-911b-66bb648e4540,Taco Bell,2708 Flower Mound Rd,Flower Mound,TX,75022-4817,33.01456832885742,-97.0727310180664,Overture Places 2026-07-22.0,2026-07-22,open,packet_ready,primary_store_candidate
Taco Bell,679d7458-ea01-4e6e-8dbc-0e227b8697c6,Taco Bell,6040 Long Prairie Rd,Flower Mound,TX,75028-2294,33.0678596496582,-97.0810546875,Overture Places 2026-07-22.0,2026-07-22,open,packet_ready,primary_store_candidate
Taco Bell,0342049c-8afe-4e93-904f-618cc9a5c532,Taco Bell,3324 SE Loop 820,Forest Hill,TX,76140-1108,32.6607780456543,-97.27118682861328,Overture Places 2026-07-22.0,2026-07-22,open,packet_ready,primary_store_candidate
Taco Bell,b6140c88-4e56-4fa6-a8e0-8596ce4fe513,Taco Bell,6610 FM 741,Forney,TX,75126-8214,32.69713592529297,-96.45396423339844,Overture Places 2026-07-22.0,2026-07-22,open,packet_ready,primary_store_candidate
Taco Bell,3ed60082-a411-4857-9bf6-12e645c328f8,Taco Bell,748 Pinson Rd,Forney,TX,75126-9628,32.756717681884766,-96.4660873413086,Overture Places 2026-07-22.0,2026-07-22,open,packet_ready,primary_store_candidate
Taco Bell,055f0fe9-0cd6-4387-b6f6-95ef715deca0,Taco Bell,20752 Gulf Victory Way,Fort Bliss,TX,79916,31.84867286682129,-106.35581970214844,Overture Places 2026-07-22.0,2026-07-22,open,packet_ready,primary_store_candidate
Taco Bell,8a530210-588e-49fe-aa5f-d31834cc50f6,Taco Bell,1060 N Beach St,Fort Worth,TX,76111-6044,32.77794647216797,-97.28936004638672,Overture Places 2026-07-22.0,2026-07-22,open,packet_ready,primary_store_candidate
Taco Bell,a2dc8de5-5b9e-4762-9ff4-47af19beedb6,Taco Bell,10800 South Fwy,Fort Worth,TX,76140-7515,32.59882736206055,-97.32080841064453,Overture Places 2026-07-22.0,2026-07-22,open,packet_ready,primary_store_candidate
Taco Bell,4ffaeaf9-7ba6-4aa7-8a87-95efe8eeae31,Taco Bell,1221 Oakland Blvd,Fort Worth,TX,76103-1125,32.759586334228516,-97.26150512695312,Overture Places 2026-07-22.0,2026-07-22,open,packet_ready,primary_store_candidate
Taco Bell,371f7e43-cb47-4475-98a1-9885603855b9,Taco Bell,13050 Highway 287,Fort Worth,TX,76052-2618,32.96553421020508,-97.41376495361328,Overture Places 2026-07-22.0,2026-07-22,open,packet_ready,primary_store_candidate
Taco Bell,5e8f4609-2324-4d28-abe8-c55db4e8ca2e,Taco Bell,13149 N Beach St.,Fort Worth,TX,76244,32.9666748046875,-97.2880630493164,Overture Places 2026-07-22.0,2026-07-22,open,packet_ready,primary_store_candidate
Taco Bell,cb814f5a-0074-40c0-8c70-aa20b47d2602,Taco Bell,1435 Eastchase Pkwy,Fort Worth,TX,76120-4403,32.75825119018555,-97.1666259765625,Overture Places 2026-07-22.0,2026-07-22,open,packet_ready,primary_store_candidate
Taco Bell,a0355a07-5f3d-436b-be22-105025831990,Taco Bell,1701 California Pkwy S,Fort Worth,TX,76134-1110,32.66516876220703,-97.34544372558594,Overture Places 2026-07-22.0,2026-07-22,open,packet_ready,primary_store_candidate
Taco Bell,60981f9f-c4de-4898-b203-37b44534a9b7,Taco Bell,1913 W Berry St,Fort Worth,TX,76110-3406,32.70564270019531,-97.34786987304688,Overture Places 2026-07-22.0,2026-07-22,open,packet_ready,primary_store_candidate
Taco Bell,89a6653d-88ca-4ded-8794-f89263358a14,Taco Bell,2824 N Main St,Fort Worth,TX,76106-7106,32.79679489135742,-97.34919738769531,Overture Places 2026-07-22.0,2026-07-22,open,packet_ready,primary_store_candidate
Taco Bell,f3124ff4-c816-44bc-b27d-264487ac31d9,Taco Bell,3150 Sycamore School Rd,Fort Worth,TX,76133-7774,32.63529586791992,-97.36648559570312,Overture Places 2026-07-22.0,2026-07-22,open,packet_ready,primary_store_candidate
Taco Bell,6d30f392-800e-468d-8a81-9e6a253df3d3,Taco Bell,3801 Valentine St,Fort Worth,TX,76107-5677,32.731937408447266,-97.37254333496094,Overture Places 2026-07-22.0,2026-07-22,open,packet_ready,primary_store_candidate
Taco Bell,29f06771-9d51-42f0-83c1-232504a20f67,Taco Bell,4300 Highway 360,Fort Worth,TX,76155-2531,32.82582092285156,-97.06031799316406,Overture Places 2026-07-22.0,2026-07-22,open,packet_ready,primary_store_candidate
Taco Bell,02c5159b-512d-476a-abb8-27f1e0041a85,Taco Bell,4650 N Tarrant Pkwy,Fort Worth,TX,76244-4926,32.892845153808594,-97.28744506835938,Overture Places 2026-07-22.0,2026-07-22,open,packet_ready,primary_store_candidate
Taco Bell,a638c187-dc70-48fd-b9cc-4aab80b87095,Taco Bell,4725 Golden Triangle Blvd,Fort Worth,TX,76244-6323,32.93198776245117,-97.2846450805664,Overture Places 2026-07-22.0,2026-07-22,open,packet_ready,primary_store_candidate
Taco Bell,f31b5a07-1d22-4f35-a11e-4b95ef25d822,Taco Bell,5340 Blue Mound Rd,Fort Worth,TX,76106-1967,32.8404655456543,-97.34233856201172,Overture Places 2026-07-22.0,2026-07-22,open,packet_ready,primary_store_candidate
Taco Bell,5ab30775-667d-4bd9-b880-6c23ea3fbcfd,Taco Bell,6040 S Hulen St,Fort Worth,TX,76132-2686,32.663246154785156,-97.4031753540039,Overture Places 2026-07-22.0,2026-07-22,open,packet_ready,primary_store_candidate
Taco Bell,3c9040da-7819-40e6-821a-d94bddac2924,Taco Bell,6162 Meadowbrook Dr,Fort Worth,TX,76112-4017,32.745731353759766,-97.22332763671875,Overture Places 2026-07-22.0,2026-07-22,open,packet_ready,primary_store_candidate
Taco Bell,00084486-7d61-4890-bf4b-a15633aa6c1f,Taco Bell,7200 North Fwy,Fort Worth,TX,76137-2481,32.87117004394531,-97.31494903564453,Overture Places 2026-07-22.0,2026-07-22,open,packet_ready,primary_store_candidate
Taco Bell,deb54784-466e-4ef8-aa90-00ec5a9a13ca,Taco Bell,8945 Lower Sonoma Ln,Fort Worth,TX,76177-1844,32.90094757080078,-97.33109283447266,Overture Places 2026-07-22.0,2026-07-22,open,packet_ready,primary_store_candidate
Taco Bell,c4b3c95f-5deb-401e-bbc2-810653eff6b8,Taco Bell,900 W Weatherford St,Fort Worth,TX,76102-1840,32.7542724609375,-97.33941650390625,Overture Places 2026-07-22.0,2026-07-22,open,packet_ready,primary_store_candidate
Taco Bell,6e98153f-524f-46d2-a3d5-ecf852774e20,Taco Bell,9180 Camp Bowie W,Fort Worth,TX,76116-6023,32.72499084472656,-97.47779083251953,Overture Places 2026-07-22.0,2026-07-22,open,packet_ready,primary_store_candidate
Taco Bell,664a6e8e-cc93-41a0-a804-fadc846eded8,Taco Bell,9616 White Settlement Rd,Fort Worth,TX,76108-4407,32.762229919433594,-97.4829330444336,Overture Places 2026-07-22.0,2026-07-22,open,packet_ready,primary_store_candidate
Taco Bell,dfe6e30c-3b1f-464a-90f9-a37317486a74,Taco Bell,1102 N Brazosport Blvd,Freeport,TX,77541-3504,28.97083282470703,-95.36990356445312,Overture Places 2026-07-22.0,2026-07-22,open,packet_ready,primary_store_candidate
Taco Bell,f950a766-dc15-4aee-9c60-c57b86ce9b19,Taco Bell,209 E Parkwood Ave,Friendswood,TX,77546-5145,29.509990692138672,-95.18699645996094,Overture Places 2026-07-22.0,2026-07-22,open,packet_ready,primary_store_candidate
Taco Bell,f815fc6b-92fd-4758-857e-6906d438836f,Taco Bell,12015 W University Dr,Frisco,TX,75035,33.217655181884766,-96.77156066894531,Overture Places 2026-07-22.0,2026-07-22,open,packet_ready,primary_store_candidate
Taco Bell,0891645c-fbd7-4799-8907-208adf5d4f8e,Taco Bell,2101 W University Dr,Frisco,TX,75033,33.21875,-96.87146759033203,Overture Places 2026-07-22.0,2026-07-22,open,packet_ready,primary_store_candidate
Taco Bell,45be5d9c-93eb-49a8-8ec3-c282698d6629,Taco Bell,5359 Lebanon Rd,Frisco,TX,75034,33.11545181274414,-96.8417739868164,Overture Places 2026-07-22.0,2026-07-22,open,packet_ready,primary_store_candidate
Taco Bell,c6d1acc6-52a1-4a98-91db-f32800cad044,Taco Bell,5656 Eldorado Pkwy,Frisco,TX,75033-3207,33.175445556640625,-96.8373794555664,Overture Places 2026-07-22.0,2026-07-22,open,packet_ready,primary_store_candidate
Taco Bell,29638c39-c409-4d1a-87a2-c444f08ef2e0,Taco Bell,6929 Preston Rd,Frisco,TX,75034-5817,33.13590621948242,-96.8048324584961,Overture Places 2026-07-22.0,2026-07-22,open,packet_ready,primary_store_candidate
Taco Bell,ab52167c-4ea4-436a-ab81-d950d2e5d3ef,Taco Bell,601 Medal of Honor Blvd,Gainesville,TX,76240-4750,33.62378692626953,-97.15052795410156,Overture Places 2026-07-22.0,2026-07-22,open,packet_ready,primary_store_candidate
Taco Bell,c8e3be03-e748-4677-97d0-064252755475,Taco Bell,5701 Broadway St,Galveston,TX,77551-4302,29.289365768432617,-94.83125305175781,Overture Places 2026-07-22.0,2026-07-22,open,packet_ready,primary_store_candidate
Taco Bell,641d09b2-e23c-48cf-ad3d-da4110bb3167,Taco Bell,1050 Northwest Hwy,Garland,TX,75041-5828,32.86211395263672,-96.64421844482422,Overture Places 2026-07-22.0,2026-07-22,open,packet_ready,primary_store_candidate
Taco Bell,56ee9682-e8d3-414c-9ac3-09f883cbfc16,Taco Bell,3178 Lavon Dr,Garland,TX,75040-2940,32.94578552246094,-96.62031555175781,Overture Places 2026-07-22.0,2026-07-22,open,packet_ready,primary_store_candidate
Taco Bell,2bbde1be-8384-4f84-b8a9-5443034c4750,Taco Bell,502 S Garland Ave,Garland,TX,75040-6933,32.908851623535156,-96.64757537841797,Overture Places 2026-07-22.0,2026-07-22,open,packet_ready,primary_store_candidate
Taco Bell,3a4a58a3-9590-4f32-abda-f55b24aeaf65,Taco Bell,5322 N Garland Ave,Garland,TX,75040-2715,32.963844299316406,-96.64366912841797,Overture Places 2026-07-22.0,2026-07-22,open,packet_ready,primary_store_candidate
Taco Bell,74fbe4fe-4c1c-4423-bd06-1b61ebdacc0a,Taco Bell,5709 Broadway Blvd,Garland,TX,75043-5819,32.84564208984375,-96.59595489501953,Overture Places 2026-07-22.0,2026-07-22,open,packet_ready,primary_store_candidate
Taco Bell,41bd0b17-5e05-48f4-bb10-9aec7f7d4d94,Taco Bell,2318 S Highway 36,Gatesville,TX,76528-2553,31.433149337768555,-97.7309341430664,Overture Places 2026-07-22.0,2026-07-22,open,packet_ready,primary_store_candidate
Taco Bell,c3895a4d-b394-4ea4-86a2-2abcb26881cd,Taco Bell,1001 I-35 N,Georgetown,TX,78626-5465,30.635454177856445,-97.68933868408203,Overture Places 2026-07-22.0,2026-07-22,open,packet_ready,primary_store_candidate
Taco Bell,a7dfe3ad-a906-4b1b-9f09-79d39b5676c6,Taco Bell,2941 Williams Dr,Georgetown,TX,78628-2701,30.66221809387207,-97.69070434570312,Overture Places 2026-07-22.0,2026-07-22,open,packet_ready,primary_store_candidate
Taco Bell,2b1529b2-1b66-4beb-8770-ef4d592d84a5,Taco Bell,2222 E Austin St,Giddings,TX,78942-3642,30.178955078125,-96.9157485961914,Overture Places 2026-07-22.0,2026-07-22,open,packet_ready,primary_store_candidate
Taco Bell,ad23d4b8-344e-4c46-a728-1bf10393d992,Taco Bell,404 N Wood St,Gilmer,TX,75644-1936,32.73197555541992,-94.94293212890625,Overture Places 2026-07-22.0,2026-07-22,open,packet_ready,primary_store_candidate
Taco Bell,abe9020c-e68d-4bc1-9b64-9bbf569beaa4,Taco Bell,1225 E Sarah Dewitt Dr,Gonzales,TX,78629-2503,29.520845413208008,-97.4485855102539,Overture Places 2026-07-22.0,2026-07-22,open,packet_ready,primary_store_candidate
Taco Bell,ed0f18fe-58f1-4c91-be22-7646a15cf4d4,Taco Bell,1607 TX-16 S,Graham,TX,76450,33.08836364746094,-98.58625030517578,Overture Places 2026-07-22.0,2026-07-22,open,packet_ready,primary_store_candidate
Taco Bell,e51eb555-4f88-45ad-a9b5-1575ef0d0104,Taco Bell,835 E US Highway 377,Granbury,TX,76048-2580,32.43393325805664,-97.7786636352539,Overture Places 2026-07-22.0,2026-07-22,open,packet_ready,primary_store_candidate
Taco Bell,66cf7e72-708c-4abe-980d-bbbfd409d187,Taco Bell,2815 NE Green Oaks Blvd,Grand Prairie,TX,75050-7819,32.78518295288086,-97.06099700927734,Overture Places 2026-07-22.0,2026-07-22,open,packet_ready,primary_store_candidate
Taco Bell,f8ee6f26-edef-4d4c-9916-018851b78c54,Taco Bell,3192 SH 161 NBFR,Grand Prairie,TX,75052-7685,32.69284439086914,-97.02339172363281,Overture Places 2026-07-22.0,2026-07-22,open,packet_ready,primary_store_candidate
Taco Bell,72a27c22-17ac-4118-a5ce-5defb91f8241,Taco Bell,381 W Pioneer Pkwy,Grand Prairie,TX,75051-4804,32.70926284790039,-97.00557708740234,Overture Places 2026-07-22.0,2026-07-22,open,packet_ready,primary_store_candidate
Taco Bell,9763c947-2d3f-4fa3-accf-2f92ade682c2,Taco Bell,3890 S Great Southwest Pkwy,Grand Prairie,TX,75052-7272,32.679264068603516,-97.04469299316406,Overture Places 2026-07-22.0,2026-07-22,open,packet_ready,primary_store_candidate
Taco Bell,b1424a2f-27ed-4326-8609-711f7d1d29e2,Taco Bell,728 E Main St,Grand Prairie,TX,75050-5833,32.74647521972656,-96.99493408203125,Overture Places 2026-07-22.0,2026-07-22,open,packet_ready,primary_store_candidate
Taco Bell,c7cbed07-9185-4e6a-b2a0-bd2a7523b5e9,Taco Bell,3000 Grapevine Mills Pkwy,Grapevine,TX,76051,32.965389251708984,-97.04407501220703,Overture Places 2026-07-22.0,2026-07-22,open,packet_ready,primary_store_candidate
Taco Bell,7d584057-57fe-46ae-acbf-006f1b19dbd7,Taco Bell,6605 Wesley St,Greenville,TX,75402-7370,33.1025276184082,-96.10944366455078,Overture Places 2026-07-22.0,2026-07-22,open,packet_ready,primary_store_candidate
Taco Bell,a7b2278f-1f3c-4da7-8606-43a9ddef81ff,Taco Bell,4630 Twin City Hwy,Groves,TX,77619-3037,29.937833786010742,-93.93556213378906,Overture Places 2026-07-22.0,2026-07-22,open,packet_ready,primary_store_candidate
Taco Bell,016e6f57-8b36-4d4a-8bef-9bcdeafb1a1e,Taco Bell,215 W Main St,Gun Barrel City,TX,75156-5300,32.33067321777344,-96.11678314208984,Overture Places 2026-07-22.0,2026-07-22,open,packet_ready,primary_store_candidate
Taco Bell,9116f81c-64a4-4e74-b849-736aef2cebf3,Taco Bell,2808 Denton Hwy,Haltom City,TX,76117-3705,32.80263900756836,-97.26422119140625,Overture Places 2026-07-22.0,2026-07-22,open,packet_ready,primary_store_candidate
Taco Bell,9c0a1059-0bd5-4dc1-8751-bcffddcb6cd6,Taco Bell,4500 Western Center Blvd,Haltom City,TX,76137-2635,32.86063766479492,-97.28955841064453,Overture Places 2026-07-22.0,2026-07-22,open,packet_ready,primary_store_candidate
Taco Bell,0a788446-054a-41ec-ac8b-ef23757e4185,Taco Bell,521 E FM 2410 Rd,Harker Heights,TX,76548-5623,31.06443977355957,-97.6641616821289,Overture Places 2026-07-22.0,2026-07-22,open,packet_ready,primary_store_candidate
Taco Bell,eb5f9b18-6b8b-4e4d-bbc6-b97ab2d855d7,Taco Bell,1518 N Ed Carey Dr,Harlingen,TX,78550-8210,26.1723690032959,-97.67374420166016,Overture Places 2026-07-22.0,2026-07-22,open,packet_ready,primary_store_candidate
Taco Bell,4537c7ba-bc9f-47ab-92d5-76ae00a81b8b,Taco Bell,402 Dixieland Rd,Harlingen,TX,78552-5907,26.187129974365234,-97.72166442871094,Overture Places 2026-07-22.0,2026-07-22,open,packet_ready,primary_store_candidate
Taco Bell,e68ebc46-8da4-4418-a368-d45f7991eb09,Taco Bell,12360 Leslie Rd,Helotes,TX,78023-4683,29.55852508544922,-98.68126678466797,Overture Places 2026-07-22.0,2026-07-22,open,packet_ready,primary_store_candidate
Taco Bell,297f9a11-abc6-4339-b3af-6f12e5815c40,Taco Bell,2150 FM 1488 Rd,Hempstead,TX,77445-9674,30.108264923095703,-96.04622650146484,Overture Places 2026-07-22.0,2026-07-22,open,packet_ready,primary_store_candidate
Taco Bell,0ddd7cf3-152e-428b-a7e2-b6ff0fe36d07,Taco Bell,300 S US-79,Henderson,TX,75654-3608,32.14948272705078,-94.7875747680664,Overture Places 2026-07-22.0,2026-07-22,open,packet_ready,primary_store_candidate
Taco Bell,dc6a1ea7-4152-4b49-ac9f-22a6273bd89e,Taco Bell,1200 W 1st St,Hereford,TX,79045-6010,34.809688568115234,-102.4097900390625,Overture Places 2026-07-22.0,2026-07-22,open,packet_ready,primary_store_candidate
Taco Bell,43a781e4-8b03-4b20-8b77-ec37c49b9d55,Taco Bell,300 I-35 Hwy NE,Hillsboro,TX,76645-2741,32.01754379272461,-97.09456634521484,Overture Places 2026-07-22.0,2026-07-22,open,packet_ready,primary_store_candidate
Taco Bell,732fcaef-73ec-4038-a70c-508a554dbc7b,Taco Bell,32150 Hempstead Hwy,Hockley,TX,77447,30.010997772216797,-95.79886627197266,Overture Places 2026-07-22.0,2026-07-22,open,packet_ready,primary_store_candidate
Taco Bell,f3805004-7272-4103-a33d-187d401207f2,Taco Bell,303 US Highway 90 E,Hondo,TX,78861-6087,29.34821128845215,-99.12155151367188,Overture Places 2026-07-22.0,2026-07-22,open,packet_ready,primary_store_candidate
Taco Bell,06e06630-87b1-4027-b6e5-fba329ac9662,Taco Bell,10 E Crosstimbers St,Houston,TX,77022-6217,29.82831573486328,-95.37958526611328,Overture Places 2026-07-22.0,2026-07-22,open,packet_ready,primary_store_candidate
Taco Bell,ed7f8853-a151-4729-ad13-d2ea581be88b,Taco Bell,10006 Cypresswood Dr,Houston,TX,77070-3408,29.981821060180664,-95.56641387939453,Overture Places 2026-07-22.0,2026-07-22,open,packet_ready,primary_store_candidate
Taco Bell,0822daf6-c6e7-4126-9433-02cd26a02486,Taco Bell,10231 Clay Rd,Houston,TX,77041,29.831951141357422,-95.54669952392578,Overture Places 2026-07-22.0,2026-07-22,open,packet_ready,primary_store_candidate
Taco Bell,eeb2027b-e194-4db2-be5b-e40c84c7ef64,Taco Bell,10255 East FWY,Houston,TX,77029,29.774396896362305,-95.2477035522461,Overture Places 2026-07-22.0,2026-07-22,open,packet_ready,primary_store_candidate
Taco Bell,d1183ac0-1898-4a08-a556-a8152899b70b,Taco Bell,10535 Bissonnet St,Houston,TX,77099-2147,29.674081802368164,-95.5648422241211,Overture Places 2026-07-22.0,2026-07-22,open,packet_ready,primary_store_candidate
Taco Bell,32da038e-ec60-4888-ae0d-b4b5ae60cb96,Taco Bell,10615 Westheimer Rd,Houston,TX,77042-3401,29.73639488220215,-95.5639419555664,Overture Places 2026-07-22.0,2026-07-22,open,packet_ready,primary_store_candidate
Taco Bell,583b0fe9-9683-4051-9cb9-470e2a646045,Taco Bell,1082 Edgebrook Dr,Houston,TX,77034-1802,29.6424617767334,-95.2403335571289,Overture Places 2026-07-22.0,2026-07-22,open,packet_ready,primary_store_candidate
Taco Bell,7a0ea054-f05b-4396-adf9-52fdd3c15233,Taco Bell,10906 Scarsdale Blvd,Houston,TX,77089-6023,29.585847854614258,-95.21170806884766,Overture Places 2026-07-22.0,2026-07-22,open,packet_ready,primary_store_candidate
Taco Bell,afdff32f-36e4-418d-9abf-ad84af17453e,Taco Bell,11110 Fuqua St,Houston,TX,77089-2507,29.612594604492188,-95.22063446044922,Overture Places 2026-07-22.0,2026-07-22,open,packet_ready,primary_store_candidate
Taco Bell,5f5ea5fd-bd5f-4191-995b-703c9eb4563c,Taco Bell,1178 Willowbrook Mall,Houston,TX,77070-5789,29.959569931030273,-95.53840637207031,Overture Places 2026-07-22.0,2026-07-22,open,packet_ready,primary_store_candidate
Taco Bell,8c74941a-5304-4475-b8ad-cfb2971696d7,Taco Bell,12025 Greenspoint Dr,Houston,TX,77060-2025,29.942018508911133,-95.40792846679688,Overture Places 2026-07-22.0,2026-07-22,open,packet_ready,primary_store_candidate
Taco Bell,11393bd1-2293-4a9b-b686-7a6b10e85bb9,Taco Bell,1216 Barker Cypress Rd,Houston,TX,77084-49ND,29.78719711303711,-95.68800354003906,Overture Places 2026-07-22.0,2026-07-22,open,packet_ready,primary_store_candidate
Taco Bell,60216ee0-fd41-4bc1-8978-57b504455e30,Taco Bell,1223 Gessner Rd,Houston,TX,77055-6013,29.790170669555664,-95.54501342773438,Overture Places 2026-07-22.0,2026-07-22,open,packet_ready,primary_store_candidate
Taco Bell,adc7ac87-2715-4410-bc55-4543a7ae1e10,Taco Bell,12351 FM 1960 Rd W,Houston,TX,77065-4808,29.922956466674805,-95.60125732421875,Overture Places 2026-07-22.0,2026-07-22,open,packet_ready,primary_store_candidate
Taco Bell,863ac1cc-e1ce-4834-972d-c927ae77bf23,Taco Bell,12352 Tidwell Rd,Houston,TX,77044-2194,29.84946060180664,-95.21566772460938,Overture Places 2026-07-22.0,2026-07-22,open,packet_ready,primary_store_candidate
Taco Bell,475807b9-6eeb-4c13-929c-89f37c95cbd7,Taco Bell,13002 Cutten Rd,Houston,TX,77066-1010,29.9671630859375,-95.53217315673828,Overture Places 2026-07-22.0,2026-07-22,open,packet_ready,primary_store_candidate
Taco Bell,f920f8d6-99a8-4c49-93f5-f9fb91efa081,Taco Bell,13470 East Fwy,Houston,TX,77015-5900,29.769554138183594,-95.18563842773438,Overture Places 2026-07-22.0,2026-07-22,open,packet_ready,primary_store_candidate
Taco Bell,821f1650-5a3a-465d-8ace-17804745974c,Taco Bell,14127 State Highway 249,Houston,TX,77086-2713,29.92205810546875,-95.49754333496094,Overture Places 2026-07-22.0,2026-07-22,open,packet_ready,primary_store_candidate
Taco Bell,8ae85e1c-f368-4cce-8026-80fb5dd0b885,Taco Bell,14329 E Sam Houston Pkwy N,Houston,TX,77044-6363,29.9290771484375,-95.20451354980469,Overture Places 2026-07-22.0,2026-07-22,open,packet_ready,primary_store_candidate
Taco Bell,7d700f0c-4ee1-4988-99fc-05dcaa9313a2,Taco Bell,14601 Memorial Dr,Houston,TX,77079-7501,29.76968002319336,-95.60652923583984,Overture Places 2026-07-22.0,2026-07-22,open,packet_ready,primary_store_candidate
Taco Bell,00d460c8-ba5c-449e-bce1-433e7046ecfa,Taco Bell,1484 Lockwood Dr,Houston,TX,77020-4724,29.775550842285156,-95.31502532958984,Overture Places 2026-07-22.0,2026-07-22,open,packet_ready,primary_store_candidate
Taco Bell,8adff2cd-a5f9-4cd9-ac78-7047e35679f4,Taco Bell,15255 Wallisville Rd,Houston,TX,77049-4617,29.807968139648438,-95.16851043701172,Overture Places 2026-07-22.0,2026-07-22,open,packet_ready,primary_store_candidate
Taco Bell,543477d9-9bd3-40b6-8604-05661dc9b9fa,Taco Bell,15740 North Fwy,Houston,TX,77090-5807,29.996980667114258,-95.42430114746094,Overture Places 2026-07-22.0,2026-07-22,open,packet_ready,primary_store_candidate
Taco Bell,0317accb-8c1b-4ed3-a8b6-2ec2da550b69,Taco Bell,15797 John F Kennedy Blvd,Houston,TX,77032-2315,29.947509765625,-95.33218383789062,Overture Places 2026-07-22.0,2026-07-22,open,packet_ready,primary_store_candidate
Taco Bell,69ea770c-0c96-48f5-9972-96b30da16759,Taco Bell,1730 Fry Rd,Houston,TX,77084-5801,29.791065216064453,-95.71862030029297,Overture Places 2026-07-22.0,2026-07-22,open,packet_ready,primary_store_candidate
Taco Bell,c77356ff-315b-4cab-b446-025ffb4f5c14,Taco Bell,17721 FM 529 Rd,Houston,TX,77095-1007,29.878704071044922,-95.67977142333984,Overture Places 2026-07-22.0,2026-07-22,open,packet_ready,primary_store_candidate
Taco Bell,84c96798-cb65-4198-a640-19216c13598f,Taco Bell,1817 S Shepherd Dr,Houston,TX,77019-7003,29.74932861328125,-95.41050720214844,Overture Places 2026-07-22.0,2026-07-22,open,packet_ready,primary_store_candidate
Taco Bell,3c43ce76-2fb9-4a60-9815-38933bdb85d7,Taco Bell,2093 Taylor St,Houston,TX,77007-2820,29.775754928588867,-95.38184356689453,Overture Places 2026-07-22.0,2026-07-22,open,packet_ready,primary_store_candidate
Taco Bell,012771bf-db5b-451b-83b9-6b2da25b1993,Taco Bell,213 West Rd,Houston,TX,77038-2601,29.914703369140625,-95.41394805908203,Overture Places 2026-07-22.0,2026-07-22,open,packet_ready,primary_store_candidate
Taco Bell,71ead79a-6373-4f98-a0be-dcac763cb9bb,Taco Bell,2245 W Holcombe Blvd,Houston,TX,77030-2007,29.705957412719727,-95.4113540649414,Overture Places 2026-07-22.0,2026-07-22,open,packet_ready,primary_store_candidate
Taco Bell,7ffb1983-2fff-4ada-8e24-1521e95a9066,Taco Bell,2701 Yale St,Houston,TX,77008-2119,29.811233520507812,-95.39974975585938,Overture Places 2026-07-22.0,2026-07-22,open,packet_ready,primary_store_candidate
Taco Bell,547dce7a-403e-487a-94a7-dba9ed327fa2,Taco Bell,303 Memorial City Way 760 Memorial City Mall,Houston,TX,77024,29.780643463134766,-95.53993225097656,Overture Places 2026-07-22.0,2026-07-22,open,packet_ready,primary_store_candidate
Taco Bell,7ce633d5-abcd-45c8-9081-4179937243d7,Taco Bell,3034 Ella Blvd,Houston,TX,77018-7314,29.81460189819336,-95.42913818359375,Overture Places 2026-07-22.0,2026-07-22,open,packet_ready,primary_store_candidate
Taco Bell,8b01a9f6-ec52-479e-9701-177754bf3766,Taco Bell,3155 South Loop W,Houston,TX,77054-1303,29.6768798828125,-95.42701721191406,Overture Places 2026-07-22.0,2026-07-22,open,packet_ready,primary_store_candidate
Taco Bell,a64c365f-50f5-4580-ae3e-297c4fbef437,Taco Bell,3356 Scott St,Houston,TX,77004-3611,29.72612190246582,-95.35042572021484,Overture Places 2026-07-22.0,2026-07-22,open,packet_ready,primary_store_candidate
Taco Bell,906b31e0-55d2-4960-9a08-13d8d8b9baf5,Taco Bell,370 Uvalde Rd,Houston,TX,77015-2213,29.793685913085938,-95.1868667602539,Overture Places 2026-07-22.0,2026-07-22,open,packet_ready,primary_store_candidate
Taco Bell,fe032d6c-aab1-4fa5-9547-4cc1b2d37df8,Taco Bell,3703 Cypress Creek Pkwy,Houston,TX,77068-3501,29.994787216186523,-95.48509979248047,Overture Places 2026-07-22.0,2026-07-22,open,packet_ready,primary_store_candidate
Taco Bell,84ce5c6c-3c62-4a23-8ced-6f5a647c6273,Taco Bell,3720 Old Spanish Trl,Houston,TX,77021-1327,29.70195198059082,-95.36042022705078,Overture Places 2026-07-22.0,2026-07-22,open,packet_ready,primary_store_candidate
Taco Bell,145aa20a-cdd0-4af6-979c-9a844a39d960,Taco Bell,3956 Little York Rd,Houston,TX,77093-3803,29.870250701904297,-95.32840728759766,Overture Places 2026-07-22.0,2026-07-22,open,packet_ready,primary_store_candidate
Taco Bell,831f5c48-6840-4ed8-8ad9-ffff25c0294b,Taco Bell,4970 TX-6 N,Houston,TX,77084-2719,29.848270416259766,-95.64531707763672,Overture Places 2026-07-22.0,2026-07-22,open,packet_ready,primary_store_candidate
Taco Bell,54c6ccaf-6187-4983-8e82-48e5da410f07,Taco Bell,5211 W 34th St,Houston,TX,77092-6623,29.819110870361328,-95.46663665771484,Overture Places 2026-07-22.0,2026-07-22,open,packet_ready,primary_store_candidate
Taco Bell,fb3195bb-5fc1-4215-b633-befa8de5be74,Taco Bell,5425 Aldine Mail Route Rd,Houston,TX,77039-4921,29.90241241455078,-95.30915832519531,Overture Places 2026-07-22.0,2026-07-22,open,packet_ready,primary_store_candidate
Taco Bell,9e7b0a03-8cb6-4abf-bd44-0475a82e76ab,Taco Bell,5550 W Orem Dr,Houston,TX,77085-1250,29.627592086791992,-95.46662139892578,Overture Places 2026-07-22.0,2026-07-22,open,packet_ready,primary_store_candidate
Taco Bell,737d566e-fe1f-4ac4-899f-3dec1ee355a7,Taco Bell,5600 Bellaire Blvd,Houston,TX,77081-5618,29.705942153930664,-95.47879791259766,Overture Places 2026-07-22.0,2026-07-22,open,packet_ready,primary_store_candidate
Taco Bell,d2ea0b37-e9b7-45ed-aafa-8dac26b0fd80,Taco Bell,5772 Hollister St,Houston,TX,77040-5716,29.851945877075195,-95.50430297851562,Overture Places 2026-07-22.0,2026-07-22,open,packet_ready,primary_store_candidate
Taco Bell,67bd1e54-1c8c-40ef-9432-9530627fe7fb,Taco Bell,5818 Richmond Ave,Houston,TX,77057-6315,29.7319278717041,-95.4816665649414,Overture Places 2026-07-22.0,2026-07-22,open,packet_ready,primary_store_candidate
Taco Bell,52ea8767-df1e-403e-a187-bada5206ccfb,Taco Bell,619 FM-1960 W,Houston,TX,77090-3007,30.017898559570312,-95.43876647949219,Overture Places 2026-07-22.0,2026-07-22,open,packet_ready,primary_store_candidate
Taco Bell,2bd1a4c6-9c12-4c31-ab6a-522e4be98b01,Taco Bell,6360 N Elridge Pkwy,Houston,TX,77041,29.864513397216797,-95.60781860351562,Overture Places 2026-07-22.0,2026-07-22,open,packet_ready,primary_store_candidate
Taco Bell,23cdee2e-4d89-4c7e-8a12-4b382f79b96b,Taco Bell,6436 Antoine Dr,Houston,TX,77091-1202,29.86064338684082,-95.47309875488281,Overture Places 2026-07-22.0,2026-07-22,open,packet_ready,primary_store_candidate
Taco Bell,eea1088c-8aed-4098-b8cf-283b4f08eb10,Taco Bell,6907 Highway 6 S,Houston,TX,77083-3303,29.701440811157227,-95.64348602294922,Overture Places 2026-07-22.0,2026-07-22,open,packet_ready,primary_store_candidate
Taco Bell,a2781470-94fb-46c6-b419-377e103d4fa0,Taco Bell,7422 S Sam Houston Pkwy W,Houston,TX,77085-2252,29.61603355407715,-95.49703216552734,Overture Places 2026-07-22.0,2026-07-22,open,packet_ready,primary_store_candidate
Taco Bell,7d23f948-0e39-4cef-981f-4e9ae55d1098,Taco Bell,7502 Highway 6 N,Houston,TX,77095-2604,29.886722564697266,-95.64338684082031,Overture Places 2026-07-22.0,2026-07-22,open,packet_ready,primary_store_candidate
Taco Bell,39582c2b-5abf-4062-9d07-1fcf65814443,Taco Bell,7506 Westheimer Rd,Houston,TX,77063-4615,29.738019943237305,-95.50205993652344,Overture Places 2026-07-22.0,2026-07-22,open,packet_ready,primary_store_candidate
Taco Bell,0ee56d52-c01f-4bcc-9c19-b2343032aadf,Taco Bell,7540 Bellfort St,Houston,TX,77061-1702,29.672422409057617,-95.28754425048828,Overture Places 2026-07-22.0,2026-07-22,open,packet_ready,primary_store_candidate
Taco Bell,43654cf6-fec2-4832-a484-82f25d43eb14,Taco Bell,7720 W Bellfort Ave,Houston,TX,77071-2105,29.65630340576172,-95.51183319091797,Overture Places 2026-07-22.0,2026-07-22,open,packet_ready,primary_store_candidate
Taco Bell,3d8879ec-dce5-4e1f-900a-a2d3e7aae668,Taco Bell,904 S Wayside Dr,Houston,TX,77023-3412,29.729469299316406,-95.30960083007812,Overture Places 2026-07-22.0,2026-07-22,open,packet_ready,primary_store_candidate
Taco Bell,4d1e6659-a6b5-4985-a29a-c35054e78a80,Taco Cabana,913 Westheimer Rd,Houston,TX,77006-3919,29.744434356689453,-95.3909912109375,Overture Places 2026-07-22.0,2026-07-22,open,exclude,brand_false_positive
Taco Bell,2ac2fb7a-8d22-4377-996e-45aaafa4b2b1,Taco Bell,9145 W Sam Houston Pkwy N,Houston,TX,77064-6302,29.904436111450195,-95.55449676513672,Overture Places 2026-07-22.0,2026-07-22,open,packet_ready,primary_store_candidate
Taco Bell,ab6ace68-61f9-459f-8644-64c582a7da1b,Taco Bell,9406 Cullen Blvd,Houston,TX,77051-3321,29.655580520629883,-95.35572814941406,Overture Places 2026-07-22.0,2026-07-22,open,packet_ready,primary_store_candidate
Taco Bell,1c53c21f-13ed-4240-b858-81b421299820,Taco Bell,9601 Westheimer Rd,Houston,TX,77063-3204,29.736881256103516,-95.53519439697266,Overture Places 2026-07-22.0,2026-07-22,open,packet_ready,primary_store_candidate
Taco Bell,c58adf4e-f6c5-45eb-a7d3-e90eb24bbe0f,Taco Bell,9922 Beechnut St,Houston,TX,77036-6506,29.689624786376953,-95.55590057373047,Overture Places 2026-07-22.0,2026-07-22,open,packet_ready,primary_store_candidate
Taco Bell,c97b6ac8-38b5-45e0-9871-863b4556fe24,Taco Bell,2930 Fort Worth Hwy,Hudson Oaks,TX,76087-4927,32.75640869140625,-97.71340942382812,Overture Places 2026-07-22.0,2026-07-22,open,packet_ready,primary_store_candidate
Taco Bell,801939de-b88e-4172-b2cc-39320a3c9827,Taco Bell,10022 FM 1960 Rd W,Humble,TX,77338-3516,30.005443572998047,-95.2702407836914,Overture Places 2026-07-22.0,2026-07-22,open,packet_ready,primary_store_candidate
Taco Bell,b2b94f43-b14a-4a14-8bab-a9715653e616,Taco Bell,10811 Will Clayton Pkwy,Humble,TX,77338-8195,29.98056411743164,-95.21842193603516,Overture Places 2026-07-22.0,2026-07-22,open,packet_ready,primary_store_candidate
Taco Bell,aff9c024-bcc7-47fc-8324-ff99651a02a0,Taco Bell,3140 FM 1960 Rd W,Humble,TX,77338,30.019153594970703,-95.37648010253906,Overture Places 2026-07-22.0,2026-07-22,open,packet_ready,primary_store_candidate
Taco Bell,a6d2741a-f582-4f58-950d-9caccb5e6bf2,Taco Bell,7126 FM 1960 Rd E,Humble,TX,77346-2702,29.99782371520996,-95.16804504394531,Overture Places 2026-07-22.0,2026-07-22,open,packet_ready,primary_store_candidate
Taco Bell,7644c936-ca43-492b-a7c7-1d55e98fa6b0,Taco Bell,9639 N Sam Houston Pkwy E,Humble,TX,77396-4383,29.935518264770508,-95.24757385253906,Overture Places 2026-07-22.0,2026-07-22,open,packet_ready,primary_store_candidate
Taco Bell,b11a4baf-ec6e-4624-97ec-dcd24cf51c67,Taco Bell,129 I-45 S,Huntsville,TX,77340-4243,30.715700149536133,-95.56957244873047,Overture Places 2026-07-22.0,2026-07-22,open,packet_ready,primary_store_candidate
Taco Bell,3911f0ce-0fe4-4b9e-9df0-44b025d0096a,Taco Bell,2103 Sam Houston Ave,Huntsville,TX,77340-5145,30.710147857666016,-95.55104064941406,Overture Places 2026-07-22.0,2026-07-22,open,packet_ready,primary_store_candidate
Taco Bell,33ded336-07e5-4bd9-97b6-dfae69ddcd8e,Taco Bell,756 W Pipeline Rd,Hurst,TX,76053-4928,32.8239631652832,-97.1855697631836,Overture Places 2026-07-22.0,2026-07-22,open,packet_ready,primary_store_candidate
Taco Bell,465acbc8-9b65-4bc1-be61-27764b8d80a3,Taco Bell,2320 FM 685,Hutto,TX,78634,30.51236915588379,-97.57720184326172,Overture Places 2026-07-22.0,2026-07-22,open,packet_ready,primary_store_candidate
Taco Bell,a5e7b52c-dd1c-48df-81a5-0b2cf9bb7df8,Taco Bell,600 W Highway 79,Hutto,TX,78634-5326,30.541656494140625,-97.5575180053711,Overture Places 2026-07-22.0,2026-07-22,open,packet_ready,primary_store_candidate
Taco Bell,66652fc2-ea9d-44c4-9ad5-649ac4a0d250,Taco Bell,2494 State Highway 361,Ingleside,TX,78362-4109,27.88072967529297,-97.20734405517578,Overture Places 2026-07-22.0,2026-07-22,open,packet_ready,primary_store_candidate
Taco Bell,32888ed2-d80c-448b-86ac-67d62507457d,Taco Bell,301 Southwest Access Roa,Iowa Park,TX,76367,33.964935302734375,-98.67156982421875,Overture Places 2026-07-22.0,2026-07-22,open,packet_ready,primary_store_candidate
Taco Bell,5a0d27de-3644-4f62-aabd-e4bdc92683e7,Taco Bell,1022 W Shady Grove Rd,Irving,TX,75060-5867,32.80086898803711,-96.9579086303711,Overture Places 2026-07-22.0,2026-07-22,open,packet_ready,primary_store_candidate
Taco Bell,bd2d1b93-8db4-4b62-8f22-4814671da3a1,Taco Bell,1025 W Airport Fwy,Irving,TX,75062-6219,32.83772659301758,-96.9586181640625,Overture Places 2026-07-22.0,2026-07-22,open,packet_ready,primary_store_candidate
Taco Bell,356154f7-f49d-4741-8390-92a3cc185c81,Taco Bell,3255 Regent Blvd,Irving,TX,75063-3142,32.92076873779297,-96.98733520507812,Overture Places 2026-07-22.0,2026-07-22,open,packet_ready,primary_store_candidate
Taco Bell,c8dc9403-63d9-4547-8461-463b0d7a8fe9,Taco Bell,3321 N Belt Line Rd,Irving,TX,75062-6875,32.85066223144531,-96.99290466308594,Overture Places 2026-07-22.0,2026-07-22,open,packet_ready,primary_store_candidate
Taco Bell,80509e90-88fe-47b5-b470-f45561ad46b3,Taco Bell,5360 N MacArthur Blvd,Irving,TX,75038-3101,32.882965087890625,-96.96367645263672,Overture Places 2026-07-22.0,2026-07-22,open,packet_ready,primary_store_candidate
Taco Bell,adad23fc-f809-4c32-b2b4-b8d2fe61c838,Taco Bell,801 S Belt Line Rd,Irving,TX,75060-2116,32.806190490722656,-96.99479675292969,Overture Places 2026-07-22.0,2026-07-22,open,packet_ready,primary_store_candidate
Taco Bell,84cecb02-79a9-4af4-ae4b-91f1098ec272,Taco Bell,100 L R Campbell Rd,Italy,TX,76651,32.19633102416992,-96.90030670166016,Overture Places 2026-07-22.0,2026-07-22,open,packet_ready,primary_store_candidate
Taco Bell,c98befd3-360b-46ba-a573-dda316c6cdd3,Taco Bell,302 S Jackson St,Jacksonville,TX,75766-4914,31.963481903076172,-95.26995086669922,Overture Places 2026-07-22.0,2026-07-22,open,packet_ready,primary_store_candidate
Taco Bell,f64ca340-412f-4da2-bbf0-1b9991c3f770,Taco Bell,11900 I-35 N,Jarrell,TX,76537,30.815410614013672,-97.60985565185547,Overture Places 2026-07-22.0,2026-07-22,open,packet_ready,primary_store_candidate
Taco Bell,2ba5ce8e-b174-49d3-90d7-8a8bc38290f1,Taco Bell,475 E Gibson St,Jasper,TX,75951-5112,30.91145896911621,-93.99359130859375,Overture Places 2026-07-22.0,2026-07-22,open,packet_ready,primary_store_candidate
Taco Bell,38b72c40-525f-455f-8cc4-e88db6874b22,Taco Bell,113 S Broadway St,Joshua,TX,76058-3122,32.46019744873047,-97.38390350341797,Overture Places 2026-07-22.0,2026-07-22,open,packet_ready,primary_store_candidate
Taco Bell,da4aa052-10a9-46c6-875f-1c3039082039,Taco Bell,780 S FM-156,Justin,TX,76247,33.07279968261719,-97.29595947265625,Overture Places 2026-07-22.0,2026-07-22,open,packet_ready,primary_store_candidate
Taco Bell,53a6b60e-8ecf-4820-b5ca-5a58744e0b63,Taco Bell,22642 Morton Ranch Rd,Katy,TX,77449-1969,29.817651748657227,-95.76524353027344,Overture Places 2026-07-22.0,2026-07-22,open,packet_ready,primary_store_candidate
Taco Bell,e5be4763-e0cb-432a-ab20-4d1f059ece30,Taco Bell,23557 Westheimer Pkwy,Katy,TX,77494-3593,29.73331642150879,-95.77528381347656,Overture Places 2026-07-22.0,2026-07-22,open,packet_ready,primary_store_candidate
Taco Bell,fa2ac876-6fe1-4ffb-a293-48632347825d,Taco Bell,25109 Market Place Dr,Katy,TX,77494-4431,29.781875610351562,-95.80326080322266,Overture Places 2026-07-22.0,2026-07-22,open,packet_ready,primary_store_candidate
Taco Bell,bab05ce2-6524-470f-aa48-2450477511e8,Taco Bell,3130 FM 1463,Katy,TX,77494,29.74693489074707,-95.85271453857422,Overture Places 2026-07-22.0,2026-07-22,open,packet_ready,primary_store_candidate
Taco Bell,d8bfe129-61dd-4338-b481-7b0678a4e18f,Taco Bell,601 S Mason Rd,Katy,TX,77450-3419,29.774473190307617,-95.75122833251953,Overture Places 2026-07-22.0,2026-07-22,open,packet_ready,primary_store_candidate
Taco Bell,8a6a0429-90eb-4761-a32c-f4b911bce127,Taco Bell,6117 N Fry Rd,Katy,TX,77449,29.862796783447266,-95.72095489501953,Overture Places 2026-07-22.0,2026-07-22,open,packet_ready,primary_store_candidate
Taco Bell,372bef70-6515-44f5-8701-3b8576b2af82,Taco Bell,1800 S Washington St,Kaufman,TX,75142-3438,32.57717514038086,-96.30941772460938,Overture Places 2026-07-22.0,2026-07-22,open,packet_ready,primary_store_candidate
Taco Bell,374e20d3-7062-4758-8d3f-27e309712791,Taco Bell,340 N Sunset Strip Dr,Kenedy,TX,78119-2008,28.824438095092773,-97.85932159423828,Overture Places 2026-07-22.0,2026-07-22,open,packet_ready,primary_store_candidate
Taco Bell,34d03556-d079-4a08-ba99-918105c077ee,Taco Bell,725 Sidney Baker St,Kerrville,TX,78028-3348,30.051179885864258,-99.13602447509766,Overture Places 2026-07-22.0,2026-07-22,open,packet_ready,primary_store_candidate
Taco Bell,b370dab7-7481-4047-a6c5-9e637ed020f1,Taco Bell,1000 US Highway 259 N,Kilgore,TX,75662-6048,32.39065170288086,-94.86470794677734,Overture Places 2026-07-22.0,2026-07-22,open,packet_ready,primary_store_candidate
Taco Bell,fa85ba67-9de3-4222-9886-e902b5d4dc86,Taco Bell,1313 S Fort Hood St,Killeen,TX,76542-1305,31.104713439941406,-97.7497329711914,Overture Places 2026-07-22.0,2026-07-22,open,packet_ready,primary_store_candidate
Taco Bell,443acc9b-ded2-4e6e-8c04-d2905f5a452c,Taco Bell,1318 W Stan Schlueter Loop,Killeen,TX,76549-7639,31.0789794921875,-97.7629165649414,Overture Places 2026-07-22.0,2026-07-22,open,packet_ready,primary_store_candidate
Taco Bell,baf836f1-ac78-475d-9857-c476c00372c8,Taco Bell,1807 S WS Young Dr,Killeen,TX,76543-5309,31.096460342407227,-97.72149658203125,Overture Places 2026-07-22.0,2026-07-22,open,packet_ready,primary_store_candidate
Taco Bell,1177a0a2-a46d-4fbe-9693-6ec7bb980df7,Taco Bell,404 N Fort Hood St,Killeen,TX,76541-5027,31.124696731567383,-97.74101257324219,Overture Places 2026-07-22.0,2026-07-22,open,packet_ready,primary_store_candidate
Taco Bell,c994906f-128d-4ee5-8217-df1ce82449a6,Taco Bell,419 E Rancier Ave,Killeen,TX,76541-3528,31.125396728515625,-97.72395324707031,Overture Places 2026-07-22.0,2026-07-22,open,packet_ready,primary_store_candidate
Taco Bell,7dd1b186-db9f-474d-9d06-504df401378f,Taco Bell,4400 S Clear Creek Rd,Killeen,TX,76549,31.095178604125977,-97.80607604980469,Overture Places 2026-07-22.0,2026-07-22,open,packet_ready,primary_store_candidate
Taco Bell,50cea47f-fe0d-4234-a815-d3a1d3730328,Taco Bell,1005 S 14th St,Kingsville,TX,78363-6421,27.507417678833008,-97.85629272460938,Overture Places 2026-07-22.0,2026-07-22,open,packet_ready,primary_store_candidate
Taco Bell,41d67f15-a04f-4d6b-b76d-b39091edbfdf,Taco Bell,1710 Kingwood Dr,Kingwood,TX,77339-3046,30.04964256286621,-95.23081970214844,Overture Places 2026-07-22.0,2026-07-22,open,packet_ready,primary_store_candidate
Taco Bell,e639cbbd-5d56-4152-869e-468d7599c86f,Taco Bell,24300 Eastex Fwy,Kingwood,TX,77339-2586,30.066822052001953,-95.24684143066406,Overture Places 2026-07-22.0,2026-07-22,open,packet_ready,primary_store_candidate
Taco Bell,e5587025-55fd-48c0-a1a6-ef649983dbad,Taco Bell,1651 E. McCart,Krum,TX,76249,33.261146545410156,-97.21243286132812,Overture Places 2026-07-22.0,2026-07-22,open,packet_ready,primary_store_candidate
Taco Bell,dc56d737-8085-47a2-a416-4f175460166a,Taco Bell,1750 Rebel Rd,Kyle,TX,78640-9415,30.01183319091797,-97.89048767089844,Overture Places 2026-07-22.0,2026-07-22,open,packet_ready,primary_store_candidate
Taco Bell,fff9a992-60f5-42e1-bf50-add788d4b475,Taco Bell,20347 Interstate 35,Kyle,TX,78640-5139,30.014812469482422,-97.85841369628906,Overture Places 2026-07-22.0,2026-07-22,open,packet_ready,primary_store_candidate
Taco Bell,f58be092-46f2-45cc-8984-d0af2384d859,Taco Bell,2201 W State Highway 71,La Grange,TX,78945-5140,29.903608322143555,-96.90895080566406,Overture Places 2026-07-22.0,2026-07-22,open,packet_ready,primary_store_candidate
Taco Bell,251617f9-34f5-44ca-b284-417f91904e8f,Taco Bell,3020 FM 1764 Rd,La Marque,TX,77568-2452,29.399551391601562,-95.03785705566406,Overture Places 2026-07-22.0,2026-07-22,open,packet_ready,primary_store_candidate
Taco Bell,4455cb13-a8af-4fd5-9429-d140ae2935b2,Taco Bell,1502 W Fairmont Pkwy,La Porte,TX,77571-6139,29.652721405029297,-95.03398132324219,Overture Places 2026-07-22.0,2026-07-22,open,packet_ready,primary_store_candidate
Taco Bell,4bb08086-13b0-4c20-bb8f-a71cbd46de25,Taco Bell,14421 US-87,La Vernia,TX,78121-4648,29.35689353942871,-98.1347427368164,Overture Places 2026-07-22.0,2026-07-22,open,packet_ready,primary_store_candidate
Taco Bell,986dd443-6723-4d8d-a5bb-df35fff7d3eb,Taco Bell,4513 I-35 N,Lacy-Lakeview,TX,76705-7006,31.605770111083984,-97.10714721679688,Overture Places 2026-07-22.0,2026-07-22,open,packet_ready,primary_store_candidate
Taco Bell,d6ffcd19-d00c-4e15-a18d-ee23b35462d1,Taco Bell,207 TX-332 W,Lake Jackson,TX,77566-4019,29.048084259033203,-95.46495819091797,Overture Places 2026-07-22.0,2026-07-22,open,packet_ready,primary_store_candidate
Taco Bell,36ab6ae0-68ef-4cf0-bb71-25900a3f62c5,Taco Bell,6331 Lake Worth Blvd,Lake Worth,TX,76135-3601,32.809852600097656,-97.42533111572266,Overture Places 2026-07-22.0,2026-07-22,open,packet_ready,primary_store_candidate
Taco Bell,9798aff3-3915-4a1a-9a9f-be89a6e83f42,Taco Bell,1703 Ranch Road 620 S,Lakeway,TX,78734-2609,30.345794677734375,-97.9643783569336,Overture Places 2026-07-22.0,2026-07-22,open,packet_ready,primary_store_candidate
Taco Bell,cea6b9a7-892e-4c55-ad5a-1cbeddae929f,Taco Bell,802 N Lynn Ave,Lamesa,TX,79331-3802,32.73976516723633,-101.95166015625,Overture Places 2026-07-22.0,2026-07-22,open,packet_ready,primary_store_candidate
Taco Bell,3884c1d2-f8d5-4f4d-a716-c3c8e4d4746a,Taco Bell,908 S Key Ave,Lampasas,TX,76550-3154,31.059444427490234,-98.18109893798828,Overture Places 2026-07-22.0,2026-07-22,open,packet_ready,primary_store_candidate
Taco Bell,f191bcf9-7703-4057-96a0-df6b70a5b742,Taco Bell,526 N I-35E,Lancaster,TX,75146-1874,32.59492492675781,-96.82173156738281,Overture Places 2026-07-22.0,2026-07-22,open,packet_ready,primary_store_candidate
Taco Bell,2c99b903-f1f8-4e5d-a6e2-bbf3c26ae1ea,Taco Bell,2306 E Saunders St,Laredo,TX,78041-5435,27.530990600585938,-99.47360229492188,Overture Places 2026-07-22.0,2026-07-22,open,packet_ready,primary_store_candidate
Taco Bell,adf09a9e-93bb-451d-a011-9c06ff6acf89,Taco Bell,2455 Monarch Dr,Laredo,TX,78045-6002,27.610647201538086,-99.470703125,Overture Places 2026-07-22.0,2026-07-22,open,packet_ready,primary_store_candidate
Taco Bell,cc5f1f29-f0cb-43a3-9277-7534ccfe1744,Taco Bell,891 S State Hwy 78,Lavon,TX,75166,33.02277755737305,-96.45323181152344,Overture Places 2026-07-22.0,2026-07-22,open,packet_ready,primary_store_candidate
Taco Bell,8394712a-3e8b-4834-b930-6c220fb92376,Taco Bell,1755 W Main St,League City,TX,77573-3546,29.50238037109375,-95.11552429199219,Overture Places 2026-07-22.0,2026-07-22,open,packet_ready,primary_store_candidate
Taco Bell,7b6a95c9-87f5-4676-97d3-e2ee8c7fc999,Taco Bell,2103 E Main St,League City,TX,77573-2746,29.520801544189453,-95.07682800292969,Overture Places 2026-07-22.0,2026-07-22,open,packet_ready,primary_store_candidate
Taco Bell,c2f35fe2-d348-4a8d-860f-952e405f12b5,Taco Bell,2660 E League City Pkwy,League City,TX,77573-3357,29.5062255859375,-95.04154205322266,Overture Places 2026-07-22.0,2026-07-22,open,packet_ready,primary_store_candidate
Taco Bell,62b52c3c-7846-4ef7-a4a2-a59e0e1b2f54,Taco Bell,11940 Hero Way W,Leander,TX,78641,30.577526092529297,-97.87138366699219,Overture Places 2026-07-22.0,2026-07-22,open,packet_ready,primary_store_candidate
Taco Bell,b7bf7c46-0c2d-4192-ac15-0e1417bc429f,Taco Bell,1545 S Highway 183,Leander,TX,78641-2283,30.559661865234375,-97.84553527832031,Overture Places 2026-07-22.0,2026-07-22,open,packet_ready,primary_store_candidate
Taco Bell,6dc20beb-645f-4e2c-ae50-a2f6a2573164,Taco Bell,405 E TX-114,Levelland,TX,79336-2629,33.59441375732422,-102.3615951538086,Overture Places 2026-07-22.0,2026-07-22,open,packet_ready,primary_store_candidate
Taco Bell,a6f26e5f-ccab-4c92-8f2f-8872becabd83,Taco Bell,1025 W Round Grove Rd,Lewisville,TX,75067-7904,33.006202697753906,-97.01495361328125,Overture Places 2026-07-22.0,2026-07-22,open,packet_ready,primary_store_candidate
Taco Bell,857137c6-b973-4f1f-adec-cfcc8596bf8d,Taco Bell,1311 S State Highway 121,Lewisville,TX,75067-5902,33.02540588378906,-96.99344635009766,Overture Places 2026-07-22.0,2026-07-22,open,packet_ready,primary_store_candidate
Taco Bell,ec848f12-bf92-46a9-a0f4-6355f4f6cb3f,Taco Bell,731 Hebron Pkwy,Lewisville,TX,75057-5001,33.01081085205078,-96.96826934814453,Overture Places 2026-07-22.0,2026-07-22,open,packet_ready,primary_store_candidate
Taco Bell,dcb4eeb6-4672-43db-ad0c-94185203dfc1,Taco Bell,855 W Main St,Lewisville,TX,75067-3556,33.0451774597168,-97.01409149169922,Overture Places 2026-07-22.0,2026-07-22,open,packet_ready,primary_store_candidate
Taco Bell,f61d2291-4784-416a-bceb-6a87461af4bd,Taco Bell,1830 Highway 90,Liberty,TX,77575-5806,30.056385040283203,-94.79718780517578,Overture Places 2026-07-22.0,2026-07-22,open,packet_ready,primary_store_candidate
Taco Bell,86353680-0270-4729-a0ac-7b7aa09c0273,Taco Bell,11730 TX-29,Liberty Hill,TX,78642,30.65827751159668,-97.88764190673828,Overture Places 2026-07-22.0,2026-07-22,open,packet_ready,primary_store_candidate
Taco Bell,e1496af3-5300-4672-9e1b-829c89cc4c76,Taco Bell,3401 S Main St,Lindale,TX,75771-7749,32.47081756591797,-95.38949584960938,Overture Places 2026-07-22.0,2026-07-22,open,packet_ready,primary_store_candidate
Taco Bell,9e4d918b-97d3-40ae-a3d4-2891969fab73,Taco Bell,2589 FM-423,Little Elm,TX,75068-6664,33.17731475830078,-96.8868179321289,Overture Places 2026-07-22.0,2026-07-22,open,packet_ready,primary_store_candidate
Taco Bell,fafb7846-3355-454c-99c1-a293d6fd12b6,Taco Bell,8040 Pat Booker Rd,Live Oak,TX,78233-2605,29.561222076416016,-98.33063507080078,Overture Places 2026-07-22.0,2026-07-22,open,packet_ready,primary_store_candidate
Taco Bell,15b5c478-ed45-4653-8740-97b412cffa3a,Taco Bell,1610 W Church St,Livingston,TX,77351-9043,30.71359634399414,-94.95489501953125,Overture Places 2026-07-22.0,2026-07-22,open,packet_ready,primary_store_candidate
Taco Bell,8cb46a5a-b983-4fa5-b27e-73421c159318,Taco Bell,309 W Young St,Llano,TX,78643-1266,30.759851455688477,-98.67922973632812,Overture Places 2026-07-22.0,2026-07-22,open,packet_ready,primary_store_candidate
Taco Bell,5bb0e765-4825-418f-a7cf-59656301ce30,Taco Bell,1400 S Colorado St,Lockhart,TX,78644-3940,29.86859130859375,-97.6682357788086,Overture Places 2026-07-22.0,2026-07-22,open,packet_ready,primary_store_candidate
Taco Bell,ec7478c3-9034-4342-ad76-0762db9d7d7f,Taco Bell,1899 Northwest Dr,Longview,TX,75604-2626,32.52323913574219,-94.78531646728516,Overture Places 2026-07-22.0,2026-07-22,open,packet_ready,primary_store_candidate
Taco Bell,3de1a5d6-2f41-4a2f-b5d6-8e351137f4e8,Taco Bell,200 W Marshall Ave,Longview,TX,75601-5341,32.50048065185547,-94.74067687988281,Overture Places 2026-07-22.0,2026-07-22,open,packet_ready,primary_store_candidate
Taco Bell,bdab1ac8-0db1-40ef-8e54-112796001942,Taco Bell,2553 Judson Rd,Longview,TX,75605-4643,32.5403938293457,-94.74652099609375,Overture Places 2026-07-22.0,2026-07-22,open,packet_ready,primary_store_candidate
Taco Bell,8ce53f96-9a8b-4483-bc8e-7ab6278fa1d3,Taco Bell,3603 Estes Pkwy,Longview,TX,75603-1702,32.44377136230469,-94.71975708007812,Overture Places 2026-07-22.0,2026-07-22,open,packet_ready,primary_store_candidate
Taco Bell,f9917605-6d9e-4eeb-8802-ce232186baba,Taco Bell,1905 50th St,Lubbock,TX,79412-2705,33.54817199707031,-101.85809326171875,Overture Places 2026-07-22.0,2026-07-22,open,packet_ready,primary_store_candidate
Taco Bell,0211e0da-413b-417d-89ff-8ed8dfc0d6e6,Taco Bell,2408 82nd St,Lubbock,TX,79423-2314,33.520301818847656,-101.87001037597656,Overture Places 2026-07-22.0,2026-07-22,open,packet_ready,primary_store_candidate
Taco Bell,4f67a364-a8b6-44fa-89c7-6d01821e5f16,Taco Bell,402 Avenue Q,Lubbock,TX,79401-2610,33.5920524597168,-101.8556900024414,Overture Places 2026-07-22.0,2026-07-22,open,packet_ready,primary_store_candidate
Taco Bell,dae72980-b102-46b0-897d-be6be359e577,Taco Bell,4618 50th St,Lubbock,TX,79414-3508,33.549461364746094,-101.91120910644531,Overture Places 2026-07-22.0,2026-07-22,open,packet_ready,primary_store_candidate
Taco Bell,93762b7e-d203-4755-a625-dfad9b6f238f,Taco Bell,5713 4th St,Lubbock,TX,79416-4241,33.59196090698242,-101.93878173828125,Overture Places 2026-07-22.0,2026-07-22,open,packet_ready,primary_store_candidate
Taco Bell,df4e9b63-7e2c-41af-8564-8f263261ddcd,Taco Bell,6512 82nd St,Lubbock,TX,79424-7012,33.52016067504883,-101.9583969116211,Overture Places 2026-07-22.0,2026-07-22,open,packet_ready,primary_store_candidate
Taco Bell,cc4ab672-917b-452e-b5d7-e18b1f59f4b4,Taco Bell,9832 Slide Rd,Lubbock,TX,79424-5781,33.50475311279297,-101.92272186279297,Overture Places 2026-07-22.0,2026-07-22,open,packet_ready,primary_store_candidate
Taco Bell,108bac88-77f5-4532-88ee-524a637c3827,Taco Bell,1102 S Timberland Dr,Lufkin,TX,75901-4726,31.326187133789062,-94.7257080078125,Overture Places 2026-07-22.0,2026-07-22,open,packet_ready,primary_store_candidate
Taco Bell,27e9caf7-1e24-43af-b014-da5336ef8b6e,Taco Bell,2213 S 1st St,Lufkin,TX,75901-5903,31.29880142211914,-94.72857666015625,Overture Places 2026-07-22.0,2026-07-22,open,packet_ready,primary_store_candidate
Taco Bell,90911ee6-96f9-4cd5-b5ab-12f0ac9aa3bf,Taco Bell,239 S Main St,Lumberton,TX,77657-7370,30.25267791748047,-94.19709777832031,Overture Places 2026-07-22.0,2026-07-22,open,packet_ready,primary_store_candidate
Taco Bell,8160255f-06c9-4272-8785-b3a4da8d5d41,Taco Bell,19563 I-35,Lytle,TX,78052-3493,29.229158401489258,-98.78948211669922,Overture Places 2026-07-22.0,2026-07-22,open,packet_ready,primary_store_candidate
Taco Bell,a977975a-211c-4c0b-808b-c3813727bcff,Taco Bell,2806 E Main St,Madisonville,TX,77864-2232,30.96406364440918,-95.8856430053711,Overture Places 2026-07-22.0,2026-07-22,open,packet_ready,primary_store_candidate
Taco Bell,71d84f4d-c9aa-47ca-a67e-15a18bdd847d,Taco Bell,17725 FM 1488 Rd,Magnolia,TX,77354-5599,30.21759796142578,-95.74368286132812,Overture Places 2026-07-22.0,2026-07-22,open,packet_ready,primary_store_candidate
Taco Bell,b25013d8-1a40-4195-bda2-df7711c4ba5a,Taco Bell,32902 FM 2978 Rd,Magnolia,TX,77354-6136,30.21840476989746,-95.56755828857422,Overture Places 2026-07-22.0,2026-07-22,open,packet_ready,primary_store_candidate
Taco Bell,f61df62c-93e5-4ef9-9bc1-99287af83131,Taco Bell,11032 US Highway 290 E,Manor,TX,78653-9713,30.349605560302734,-97.5568618774414,Overture Places 2026-07-22.0,2026-07-22,open,packet_ready,primary_store_candidate
Taco Bell,b6927d46-ff1d-47a2-b8d8-63df4cfc0c29,Taco Bell,1101 Highway 287 N,Mansfield,TX,76063-4803,32.58091735839844,-97.13317108154297,Overture Places 2026-07-22.0,2026-07-22,open,packet_ready,primary_store_candidate
Taco Bell,5ff06e33-3374-4858-b330-7fb839a02a3f,Taco Bell,17514 Highway 6,Manvel,TX,77578-3749,29.480640411376953,-95.39765930175781,Overture Places 2026-07-22.0,2026-07-22,open,packet_ready,primary_store_candidate
Taco Bell,cd3e4bb9-7058-40bb-89c3-705b4c746b1a,Taco Bell,1431 E Highway 71,Marble Falls,TX,78654,30.58200454711914,-98.28086853027344,Overture Places 2026-07-22.0,2026-07-22,open,packet_ready,primary_store_candidate
Taco Bell,ee3fede3-4ffe-49a8-b1db-3d23be0ae6a7,Taco Bell,618 E End Blvd S,Marshall,TX,75670-5614,32.53889083862305,-94.34882354736328,Overture Places 2026-07-22.0,2026-07-22,open,packet_ready,primary_store_candidate
Taco Bell,ab18b8a4-7c9a-40ca-99ae-935f8c8af167,Taco Bell,420 S 10th St,McAllen,TX,78501-4948,26.19916343688965,-98.23098754882812,Overture Places 2026-07-22.0,2026-07-22,open,packet_ready,primary_store_candidate
Taco Bell,00a20368-a7ad-4785-8586-79e5875f405b,Taco Bell,6617 N 10th St,McAllen,TX,78504-3289,26.263498306274414,-98.22028350830078,Overture Places 2026-07-22.0,2026-07-22,open,packet_ready,primary_store_candidate
Taco Bell,a78a9a6f-a2ae-47c6-b0e2-2ce46262b440,Taco Bell,320 N Custer Rd,McKinney,TX,75071-4706,33.2055778503418,-96.73234558105469,Overture Places 2026-07-22.0,2026-07-22,open,packet_ready,primary_store_candidate
Taco Bell,00bec662-417c-4594-8d8c-ecd3d8677f57,Taco Bell,404 N Central Expy,McKinney,TX,75070-3524,33.20127868652344,-96.63789367675781,Overture Places 2026-07-22.0,2026-07-22,open,packet_ready,primary_store_candidate
Taco Bell,15104cdb-481b-44db-94ec-1dc438d7e7b5,Taco Bell,4980 W University Dr,McKinney,TX,75071-4802,33.21877670288086,-96.67817687988281,Overture Places 2026-07-22.0,2026-07-22,open,packet_ready,primary_store_candidate
Taco Bell,8d8eaa05-20db-46b9-92c7-dc5add9f9676,Taco Bell,6101 Eldorado Pkwy,McKinney,TX,75070-8485,33.17356491088867,-96.69561767578125,Overture Places 2026-07-22.0,2026-07-22,open,packet_ready,primary_store_candidate
Taco Bell,61e60312-34d0-4e91-a831-2a403ed5bc50,Taco Bell,8658 State Highway 121,McKinney,TX,75070-6474,33.12786102294922,-96.72798156738281,Overture Places 2026-07-22.0,2026-07-22,open,packet_ready,primary_store_candidate
Taco Bell,ea03e5bf-a48b-4cf2-8421-6b4317158f99,Taco Bell,2641 Sam Rayburn Hwy,Melissa,TX,75454,33.28326416015625,-96.56285858154297,Overture Places 2026-07-22.0,2026-07-22,open,packet_ready,primary_store_candidate
Taco Bell,9c7537e1-e2a6-48c6-825b-ba609546f2ef,Taco Bell,1931 Military Pkwy,Mesquite,TX,75149-3629,32.768455505371094,-96.62767791748047,Overture Places 2026-07-22.0,2026-07-22,open,packet_ready,primary_store_candidate
Taco Bell,e4433256-210a-4732-8e71-a7d03c1befdf,Taco Bell - Live Más Café,201 W Cartwright Rd,Mesquite,TX,75149,32.74726104736328,-96.59861755371094,Overture Places 2026-07-22.0,2026-07-22,open,packet_ready,primary_store_candidate
Taco Bell,c8106485-32c6-425a-b929-c25ab858c0dd,Taco Bell,2114 N Galloway Ave,Mesquite,TX,75150-5730,32.79457092285156,-96.61148071289062,Overture Places 2026-07-22.0,2026-07-22,open,packet_ready,primary_store_candidate
Taco Bell,b2b9e861-d2ef-4765-8513-0b62c3768323,Taco Bell,4500 Gus Thomasson Rd,Mesquite,TX,75150-1729,32.82406997680664,-96.64630126953125,Overture Places 2026-07-22.0,2026-07-22,open,packet_ready,primary_store_candidate
Taco Bell,fa01e5e5-574e-476c-8269-57770db0c00f,Taco Bell,405 N Ross Ave,Mexia,TX,76667-2924,31.684263229370117,-96.47453308105469,Overture Places 2026-07-22.0,2026-07-22,open,packet_ready,primary_store_candidate
Taco Bell,c6d29c5e-1fbc-4477-b78f-d92b160c355c,Taco Bell,2300 West Indiana Ave,Midland,TX,79701,31.991727828979492,-102.09808349609375,Overture Places 2026-07-22.0,2026-07-22,open,packet_ready,primary_store_candidate
Taco Bell,437950ff-9dde-4479-a117-3a19f67cf016,Taco Bell,631 E Main St,Midlothian,TX,76065,32.48023986816406,-96.98695373535156,Overture Places 2026-07-22.0,2026-07-22,open,packet_ready,primary_store_candidate
Taco Bell,94bc0e43-a7f5-41ca-aa52-743ba838508b,Taco Bell,125 NE Loop 564,Mineola,TX,75773,32.68873596191406,-95.48359680175781,Overture Places 2026-07-22.0,2026-07-22,open,packet_ready,primary_store_candidate
Taco Bell,40d65309-7fda-4be5-be91-d87df22d3d1c,Taco Bell,2203 E Hubbard St,Mineral Wells,TX,76067-5614,32.80936813354492,-98.0951919555664,Overture Places 2026-07-22.0,2026-07-22,open,packet_ready,primary_store_candidate
Taco Bell,c255804f-d456-4129-864e-8c0521f071e3,Taco Bell,2300 E Business Highway 83,Mission,TX,78572,26.21001434326172,-98.28749084472656,Overture Places 2026-07-22.0,2026-07-22,open,packet_ready,primary_store_candidate
Taco Bell,9f85cabb-86dd-46b7-8353-b090b73e7e52,Taco Bell,5511 Highway Six,Missouri City,TX,77459-3969,29.572879791259766,-95.57064056396484,Overture Places 2026-07-22.0,2026-07-22,open,packet_ready,primary_store_candidate
Taco Bell,26e1441c-6ef8-44da-b3d3-78089a9a7217,Taco Bell,9945 Highway Six,Missouri City,TX,77459-4149,29.534515380859375,-95.51703643798828,Overture Places 2026-07-22.0,2026-07-22,open,packet_ready,primary_store_candidate
Taco Bell,836a0626-1e79-4044-9a47-352b93ab01d0,Taco Bell,1200 S Stockton Ave,Monahans,TX,79756,31.58207130432129,-102.89092254638672,Overture Places 2026-07-22.0,2026-07-22,open,packet_ready,primary_store_candidate
Taco Bell,8d0dac1e-2b7f-4bf4-a19a-260e932655fd,Taco Bell,9521 Eagle Dr,Mont Belvieu,TX,77523-56ND,29.833250045776367,-94.84884643554688,Overture Places 2026-07-22.0,2026-07-22,open,packet_ready,primary_store_candidate
Taco Bell,34a71b75-a9e7-4603-9796-73dc59b60e94,Taco Bell,15255 TX-105 W,Montgomery,TX,77356-5685,30.356616973876953,-95.59309387207031,Overture Places 2026-07-22.0,2026-07-22,open,packet_ready,primary_store_candidate
Taco Bell,e4ccdcaf-40a3-4366-a9f6-27299f112faf,Taco Bell,19560 TX-105 W,Montgomery,TX,77356-6049,30.38521385192871,-95.6622085571289,Overture Places 2026-07-22.0,2026-07-22,open,packet_ready,primary_store_candidate
Taco Bell,89be9f33-2d1b-4dfb-a147-67aa2b39fb5f,Taco Bell,905 S Jefferson Ave,Mt Pleasant,TX,75455-4839,33.14820861816406,-94.96845245361328,Overture Places 2026-07-22.0,2026-07-22,open,packet_ready,primary_store_candidate
Taco Bell,bf084d49-696d-4111-a882-3b090910a01f,Taco Bell,121 S Murphy Rd,Murphy,TX,75094-3401,33.00974655151367,-96.61351013183594,Overture Places 2026-07-22.0,2026-07-22,open,packet_ready,primary_store_candidate
Taco Bell,1f0f0189-0baf-4b9a-b0b2-4103fbdc0c59,Taco Bell,1605 North St,Nacogdoches,TX,75965-4042,31.617107391357422,-94.65314483642578,Overture Places 2026-07-22.0,2026-07-22,open,packet_ready,primary_store_candidate
Taco Bell,1ac55680-fcc8-42e9-9a28-48bfeeb60e66,Taco Bell,3805 South St,Nacogdoches,TX,75964-7247,31.57115936279297,-94.67479705810547,Overture Places 2026-07-22.0,2026-07-22,open,packet_ready,primary_store_candidate
Taco Bell,0e11c2ea-1228-4a96-85ee-8e93dcc87047,Taco Bell,9101 State Hwy 6,Navasota,TX,77868,30.3918399810791,-96.06819152832031,Overture Places 2026-07-22.0,2026-07-22,open,packet_ready,primary_store_candidate
Taco Bell,52cd7b8d-0bf0-4554-95ce-491f6f1c4091,Taco Bell,2816 FM-365,Nederland,TX,77627-7827,29.953819274902344,-93.98755645751953,Overture Places 2026-07-22.0,2026-07-22,open,packet_ready,primary_store_candidate
Taco Bell,7e627edd-9743-4c07-b367-18ca3263ce57,Taco Bell,15621 Hwy 36,Needville,TX,77461,29.377164840698242,-95.81060028076172,Overture Places 2026-07-22.0,2026-07-22,open,packet_ready,primary_store_candidate
Taco Bell,8b0d3517-5c70-44ac-983f-705e441f2032,Taco Bell,1074 S Walnut Ave,New Braunfels,TX,78130-5919,29.68340301513672,-98.12545013427734,Overture Places 2026-07-22.0,2026-07-22,open,packet_ready,primary_store_candidate
Taco Bell,aaefe07d-f802-4c4e-bf6a-3a01f67ca157,Taco Bell,1838 W State Highway 46,New Braunfels,TX,78132-4707,29.71973419189453,-98.16374206542969,Overture Places 2026-07-22.0,2026-07-22,open,packet_ready,primary_store_candidate
Taco Bell,588b7b64-1a12-4579-a3ef-31d8198b178c,Taco Bell,249 Loop 337,New Braunfels,TX,78130-3219,29.703035354614258,-98.09722137451172,Overture Places 2026-07-22.0,2026-07-22,open,packet_ready,primary_store_candidate
Taco Bell,d6ffa889-5d26-4e5d-ba52-c26818137685,Taco Bell,20193 US Highway 59,New Caney,TX,77357-4997,30.15264892578125,-95.21600341796875,Overture Places 2026-07-22.0,2026-07-22,open,packet_ready,primary_store_candidate
Taco Bell,52242d63-6a4e-47d2-855f-75c6150f35cf,Taco Bell,22832 TX-242,New Caney,TX,77357,30.1924991607666,-95.19850158691406,Overture Places 2026-07-22.0,2026-07-22,open,packet_ready,primary_store_candidate
Taco Bell,3339f5fb-35ee-4062-b9a7-e96ac928988d,Taco Bell,8389 Boulevard 26,North Richland Hills,TX,76180-5801,32.84300994873047,-97.20228576660156,Overture Places 2026-07-22.0,2026-07-22,open,packet_ready,primary_store_candidate
Taco Bell,ea134565-afcf-4753-9d3a-c16f2227e72f,Taco Bell,3807 E 42nd St,Odessa,TX,79762-5947,31.890775680541992,-102.34883117675781,Overture Places 2026-07-22.0,2026-07-22,open,packet_ready,primary_store_candidate
Taco Bell,29410c8d-a333-4957-8e61-b944a839bc98,Taco Bell,8005 E 56th St A,Odessa,TX,79765,31.916067123413086,-102.30418395996094,Overture Places 2026-07-22.0,2026-07-22,open,packet_ready,primary_store_candidate
Taco Bell,1d43a742-c5f4-4c8d-a694-d9ce05b5c7f1,Taco Bell,2901 N 16th St,Orange,TX,77630-2301,30.116500854492188,-93.74777221679688,Overture Places 2026-07-22.0,2026-07-22,open,packet_ready,primary_store_candidate
Taco Bell,fbdde6cf-a917-4f19-9ef5-f0bab1cea958,Taco Bell,7243 I-10 E,Orange,TX,77630-8032,30.11455535888672,-93.81953430175781,Overture Places 2026-07-22.0,2026-07-22,open,packet_ready,primary_store_candidate
Taco Bell,90082394-1180-4a70-a3be-23fdd474873d,Taco Bell,2104 Crockett Rd,Palestine,TX,75801-6014,31.73590087890625,-95.60685729980469,Overture Places 2026-07-22.0,2026-07-22,open,packet_ready,primary_store_candidate
Taco Bell,ec1a35cc-ba51-4354-b6e4-2cf2a4847f2b,Taco Bell,1002 N Hobart St,Pampa,TX,79065-5206,35.542694091796875,-100.97174835205078,Overture Places 2026-07-22.0,2026-07-22,open,packet_ready,primary_store_candidate
Taco Bell,12d36b0c-4908-4bf6-a0ac-61f49645d1d5,Taco Bell,3922 Lamar Ave,Paris,TX,75462-5206,33.66154098510742,-95.50421905517578,Overture Places 2026-07-22.0,2026-07-22,open,packet_ready,primary_store_candidate
Taco Bell,cb449303-774a-4369-b86d-08041f4b901b,Taco Bell,120 Pasadena Blvd,Pasadena,TX,77506-2308,29.71108627319336,-95.20158386230469,Overture Places 2026-07-22.0,2026-07-22,open,packet_ready,primary_store_candidate
Taco Bell,32dd1624-82a7-4245-bc9f-86dcda2715fa,Taco Bell,302 E Southmore Ave,Pasadena,TX,77502-1102,29.690637588500977,-95.20874786376953,Overture Places 2026-07-22.0,2026-07-22,open,packet_ready,primary_store_candidate
Taco Bell,7795bac7-3b4b-4bd1-acaf-5873902a9db6,Taco Bell,3816 Red Bluff Rd,Pasadena,TX,77503-3602,29.68421173095703,-95.15597534179688,Overture Places 2026-07-22.0,2026-07-22,open,packet_ready,primary_store_candidate
Taco Bell,7cd16104-5429-4d07-b732-233795dfe73b,Taco Bell,3998 Mickey Gilley Blvd,Pasadena,TX,77505-3005,29.648544311523438,-95.16321563720703,Overture Places 2026-07-22.0,2026-07-22,open,packet_ready,primary_store_candidate
Taco Bell,7b450657-dfa2-4ee7-af97-a19b323fae0f,Taco Bell,11623 Shadow Creek Pkwy,Pearland,TX,77584-7262,29.58003807067871,-95.39776611328125,Overture Places 2026-07-22.0,2026-07-22,open,packet_ready,primary_store_candidate
Taco Bell,6f4e785e-ad73-4379-9253-ead59b4260df,Taco Bell,1310 Broadway St,Pearland,TX,77581-6306,29.543502807617188,-95.22484588623047,Overture Places 2026-07-22.0,2026-07-22,open,packet_ready,primary_store_candidate
Taco Bell,7c4822a6-314f-4f53-a7c4-b24e8a0c3245,Taco Bell,2110 N Main St,Pearland,TX,77581-3310,29.56827163696289,-95.28652954101562,Overture Places 2026-07-22.0,2026-07-22,open,packet_ready,primary_store_candidate
Taco Bell,496fd67c-9bbd-4cf3-91b9-35674cd88d0a,Taco Bell,5102 S Cedar Street,Pecos,TX,79772,31.40376091003418,-103.48350524902344,Overture Places 2026-07-22.0,2026-07-22,open,packet_ready,primary_store_candidate
Taco Bell,c59386c6-60d4-41b9-bd52-7408d49e199b,Taco Bell,1605 Pecan St W,Pflugerville,TX,78660-2526,30.447046279907227,-97.63829803466797,Overture Places 2026-07-22.0,2026-07-22,open,packet_ready,primary_store_candidate
Taco Bell,16a96d4d-79c4-4242-a547-0e66dc6b9018,Taco Bell,1712 FM-685,Pflugerville,TX,78660-3601,30.454744338989258,-97.60331726074219,Overture Places 2026-07-22.0,2026-07-22,open,packet_ready,primary_store_candidate
Taco Bell,8ed11c95-15fd-4cf4-bb5d-25f91396c3e2,Taco Bell,911 N Interstate 27,Plainview,TX,79072-5821,34.18952178955078,-101.75094604492188,Overture Places 2026-07-22.0,2026-07-22,open,packet_ready,primary_store_candidate
Taco Bell,56c20a35-0d6f-4bcb-a570-ea80d3d9463f,Taco Bell,1020 Preston Rd,Plano,TX,75093-5315,33.01494598388672,-96.79473876953125,Overture Places 2026-07-22.0,2026-07-22,open,packet_ready,primary_store_candidate
Taco Bell,b0e74ebe-855d-48ff-9794-6d53886694db,Taco Bell,1340 Jupiter Rd,Plano,TX,75074-7019,33.0173454284668,-96.68199157714844,Overture Places 2026-07-22.0,2026-07-22,open,packet_ready,primary_store_candidate
Taco Bell,4d6a71f9-961d-4822-b377-8f66462fbee2,Taco Bell,150 W Parker Rd,Plano,TX,75075-2331,33.03883743286133,-96.70791625976562,Overture Places 2026-07-22.0,2026-07-22,open,packet_ready,primary_store_candidate
Taco Bell,f3acfd5b-e288-425a-8a21-9aabde607380,Taco Bell,7020 Coit Rd,Plano,TX,75025-2001,33.07292175292969,-96.77167510986328,Overture Places 2026-07-22.0,2026-07-22,open,packet_ready,primary_store_candidate
Taco Bell,50ee8d9d-6961-4614-9733-cda82fb4e279,Taco Bell,8613 Ohio Dr,Plano,TX,75024-2264,33.09588623046875,-96.79734802246094,Overture Places 2026-07-22.0,2026-07-22,open,packet_ready,primary_store_candidate
Taco Bell,95f1a441-5d37-4727-a18a-71e2983ac7fe,Taco Bell,2052 W Oaklawn Rd,Pleasanton,TX,78064-4607,28.94137191772461,-98.51204681396484,Overture Places 2026-07-22.0,2026-07-22,open,packet_ready,primary_store_candidate
Taco Bell,44528061-9cca-4e16-9c62-986484f6d70a,Taco Bell,1782 State Highway 35 N,Port Lavaca,TX,77979-2272,28.634220123291016,-96.62464141845703,Overture Places 2026-07-22.0,2026-07-22,open,packet_ready,primary_store_candidate
Taco Bell,775fb7eb-e6ec-4eb6-a0c7-6646433821aa,Taco Bell,24891 FM 1314 Rd,Porter,TX,77365-4981,30.10411834716797,-95.23375701904297,Overture Places 2026-07-22.0,2026-07-22,open,packet_ready,primary_store_candidate
Taco Bell,087d5d33-dc8f-4674-aad7-1c807070b6a5,Taco Bell,1043 US Highway 181,Portland,TX,78374-1733,27.880882263183594,-97.32015991210938,Overture Places 2026-07-22.0,2026-07-22,open,packet_ready,primary_store_candidate
Taco Bell,53ed3378-5e76-46fb-90e1-6c284145ef31,Taco Bell,705 E Princeton Dr,Princeton,TX,75407-9176,33.173397064208984,-96.49140167236328,Overture Places 2026-07-22.0,2026-07-22,open,packet_ready,primary_store_candidate
Taco Bell,f0f3f0de-af0a-4852-8201-89608337464a,Taco Bell,614 E Quinlan Pkwy,Quinlan,TX,75474-8639,32.903690338134766,-96.12608337402344,Overture Places 2026-07-22.0,2026-07-22,open,packet_ready,primary_store_candidate
Taco Bell,cecc772b-a9d5-4f93-85b8-d8f6d965726a,Taco Bell,410 N I-35E,Red Oak,TX,75154,32.52985382080078,-96.82135009765625,Overture Places 2026-07-22.0,2026-07-22,open,packet_ready,primary_store_candidate
Taco Bell,a9e7f043-3190-4962-bce8-4d72ea8a44af,Taco Bell,1606 E Belt Line Rd,Richardson,TX,75081-4620,32.94495391845703,-96.69416809082031,Overture Places 2026-07-22.0,2026-07-22,open,packet_ready,primary_store_candidate
Taco Bell,fc07bd74-c507-40d9-802d-6714163e0e29,Taco Bell,2828 Rutford Ave,Richardson,TX,75080,32.990230560302734,-96.75028991699219,Overture Places 2026-07-22.0,2026-07-22,open,packet_ready,primary_store_candidate
Taco Bell,0bc4281e-6290-46a9-83f4-ba862549c05c,Taco Bell,517 W Arapaho Rd,Richardson,TX,75080-4340,32.961849212646484,-96.73628234863281,Overture Places 2026-07-22.0,2026-07-22,open,packet_ready,primary_store_candidate
Taco Bell,50afc715-1eb1-4209-bfa6-10811c258e24,Taco Bell,20440 Southwest Fwy,Richmond,TX,77469-7173,29.561538696289062,-95.69450378417969,Overture Places 2026-07-22.0,2026-07-22,open,packet_ready,primary_store_candidate
Taco Bell,20c8b2f4-ec96-4ffd-9614-2fed83f21ce9,Taco Bell,26628 FM 1093 Rd,Richmond,TX,77406-2714,29.696077346801758,-95.83894348144531,Overture Places 2026-07-22.0,2026-07-22,open,packet_ready,primary_store_candidate
Taco Bell,90f07446-f629-4ad4-9f3e-7130d48920c3,Taco Bell,3802 FM 762 Rd,Richmond,TX,77469-5548,29.545185089111328,-95.74623107910156,Overture Places 2026-07-22.0,2026-07-22,open,packet_ready,primary_store_candidate
Taco Bell,f0afd2c7-9f58-4b87-a41c-464ae7423651,Taco Bell,5640 W Grand Pkwy S,Richmond,TX,77406-5880,29.691415786743164,-95.7716293334961,Overture Places 2026-07-22.0,2026-07-22,open,packet_ready,primary_store_candidate
Taco Bell,60b11247-ac56-4cd0-ba2e-edf9a619db6f,Taco Bell,7967 W Grand Pkwy S,Richmond,TX,77407-8602,29.662729263305664,-95.7404556274414,Overture Places 2026-07-22.0,2026-07-22,open,packet_ready,primary_store_candidate
Taco Bell,f487a74b-8229-46d0-b9cf-6773658bb61c,Taco Bell,8030 FM 1464 Rd,Richmond,TX,77407-8087,29.692502975463867,-95.68860626220703,Overture Places 2026-07-22.0,2026-07-22,open,packet_ready,primary_store_candidate
Taco Bell,3585f195-2a14-4b42-8200-4e870d30c978,Taco Bell,4147 E US Highway 83,Rio Grande City,TX,78582-4801,26.371383666992188,-98.79857635498047,Overture Places 2026-07-22.0,2026-07-22,open,packet_ready,primary_store_candidate
Taco Bell,2496cfef-5806-41a3-aeea-e520b90b1eef,Taco Bell,5304 River Oaks Blvd,River Oaks,TX,76114-3303,32.772891998291016,-97.40078735351562,Overture Places 2026-07-22.0,2026-07-22,open,packet_ready,primary_store_candidate
Taco Bell,8bf9aeea-10b0-4593-a0af-62cb0e0d282d,Taco Bell,702 E Highway 114,Roanoke,TX,76262-6901,33.001319885253906,-97.21881866455078,Overture Places 2026-07-22.0,2026-07-22,open,packet_ready,primary_store_candidate
Taco Bell,7c53e965-c5e0-454d-b0e9-8a98db0dfb08,Taco Bell,765 N Robinson Dr,Robinson,TX,76706-5049,31.493392944335938,-97.1227798461914,Overture Places 2026-07-22.0,2026-07-22,open,packet_ready,primary_store_candidate
Taco Bell,2e432f9b-c4c7-4dc7-9c6f-23df99a4c020,Taco Bell,1601 Highway 35 N,Rockport,TX,78382-3318,28.04045295715332,-97.0428695678711,Overture Places 2026-07-22.0,2026-07-22,open,packet_ready,primary_store_candidate
Taco Bell,9700cd65-f396-443f-aa6c-ae24ed099f7e,Taco Bell,2815 Ridge Rd,Rockwall,TX,75032-5528,32.89500045776367,-96.47038269042969,Overture Places 2026-07-22.0,2026-07-22,open,packet_ready,primary_store_candidate
Taco Bell,45dedcbd-1a6e-4001-a28b-c3b222e8ee5f,Taco Bell,3408 1st St,Rosenberg,TX,77471-5853,29.53322410583496,-95.80856323242188,Overture Places 2026-07-22.0,2026-07-22,open,packet_ready,primary_store_candidate
Taco Bell,43b57bca-e8c6-4fe4-a43e-bc7df4a6393a,Taco Bell,1108 N I-35,Round Rock,TX,78681,30.517515182495117,-97.68920135498047,Overture Places 2026-07-22.0,2026-07-22,open,packet_ready,primary_store_candidate
Taco Bell,d0c92cb5-5f55-4e9c-b84b-33057c1483b8,Taco Bell,1775 A W Grimes Blvd,Round Rock,TX,78664,30.495267868041992,-97.65605926513672,Overture Places 2026-07-22.0,2026-07-22,open,packet_ready,primary_store_candidate
Taco Bell,ca906a07-f3d7-464a-a7b1-b73fce9aca7c,Taco Bell,2010 E Palm Valley Blvd,Round Rock,TX,78665-9402,30.518735885620117,-97.654052734375,Overture Places 2026-07-22.0,2026-07-22,open,packet_ready,primary_store_candidate
Taco Bell,74f15f17-df30-4605-a70f-21224253038f,Taco Bell,4301 Sunrise Rd,Round Rock,TX,78665-0200,30.560619354248047,-97.67947387695312,Overture Places 2026-07-22.0,2026-07-22,open,packet_ready,primary_store_candidate
Taco Bell,7aa5cb2b-40e4-4529-bfca-6f60540ddced,Taco Bell,5402 Rowlett Rd,Rowlett,TX,75089,32.90841293334961,-96.56880187988281,Overture Places 2026-07-22.0,2026-07-22,open,packet_ready,primary_store_candidate
Taco Bell,12a76cda-3f33-46aa-9669-e05f5b05116f,Taco Bell,6606 Dalrock Rd,Rowlett,TX,75089-2633,32.91966247558594,-96.51731872558594,Overture Places 2026-07-22.0,2026-07-22,open,packet_ready,primary_store_candidate
Taco Bell,d4565941-6f77-41da-ae7d-85e0e8775ca5,Taco Bell,115 I-30 E,Royse City,TX,75189-4509,32.96906280517578,-96.33074188232422,Overture Places 2026-07-22.0,2026-07-22,open,packet_ready,primary_store_candidate
Taco Bell,271ec1a9-9ad6-4709-9a5e-02a4a3ef2284,Taco Bell,1207 N Dickinson Dr,Rusk,TX,75785-1061,31.802427291870117,-95.1484603881836,Overture Places 2026-07-22.0,2026-07-22,open,packet_ready,primary_store_candidate
Taco Bell,6bdf1f71-3332-4aba-9317-92269a823c5d,Taco Bell,1117 N Saginaw Blvd,Saginaw,TX,76179-1149,32.877620697021484,-97.37950897216797,Overture Places 2026-07-22.0,2026-07-22,open,packet_ready,primary_store_candidate
Taco Bell,bce10fd2-a877-49c6-a103-620d73437d4b,Taco Bell,10375 Lark Trail,Salado,TX,76571,30.96599578857422,-97.532958984375,Overture Places 2026-07-22.0,2026-07-22,open,packet_ready,primary_store_candidate
Taco Bell,9198be12-8d3a-4b44-bb11-b9fd7b809d11,Taco Bell,1504 Pulliam St,San Angelo,TX,76903-5029,31.470947265625,-100.41436767578125,Overture Places 2026-07-22.0,2026-07-22,open,packet_ready,primary_store_candidate
Taco Bell,45661384-714d-4758-8f83-7a86c2c4bce6,Taco Bell,1701 Knickerbocker Rd,San Angelo,TX,76904-5521,31.43025779724121,-100.4560317993164,Overture Places 2026-07-22.0,2026-07-22,open,packet_ready,primary_store_candidate
Taco Bell,8169cb43-ecb2-441e-b0d0-71fbafcba547,Taco Bell,1901 N Bryant Blvd,San Angelo,TX,76903-3743,31.47685432434082,-100.45408630371094,Overture Places 2026-07-22.0,2026-07-22,open,packet_ready,primary_store_candidate
Taco Bell,13331c8e-2260-4a6b-a29d-3d4a969b387a,Taco Bell,3444 Sherwood Way,San Angelo,TX,76901-3531,31.443788528442383,-100.48311614990234,Overture Places 2026-07-22.0,2026-07-22,open,packet_ready,primary_store_candidate
Taco Bell,0b9ecefb-c048-4fa8-ac11-3ff35ba11c41,Taco Bell,11215 Culebra Rd,San Antonio,TX,78253-4990,29.49752426147461,-98.7125015258789,Overture Places 2026-07-22.0,2026-07-22,open,packet_ready,primary_store_candidate
Taco Bell,71e83515-2f99-46e3-b442-e0ad3ef77a40,Taco Bell,11238 Potranco Rd,San Antonio,TX,78253-5844,29.434206008911133,-98.71576690673828,Overture Places 2026-07-22.0,2026-07-22,open,packet_ready,primary_store_candidate
Taco Bell,bdf126a1-f235-4881-bcf3-758a04c201ce,Taco Bell,11461 Perrin Beitel Rd,San Antonio,TX,78217-2537,29.543413162231445,-98.4113998413086,Overture Places 2026-07-22.0,2026-07-22,open,packet_ready,primary_store_candidate
Taco Bell,22e1c850-ca9c-4f7a-b9cd-48e14a0481f1,Taco Bell,11711 Oconnor Rd,San Antonio,TX,78233-5318,29.547115325927734,-98.37056732177734,Overture Places 2026-07-22.0,2026-07-22,open,packet_ready,primary_store_candidate
Taco Bell,47d19c46-42e6-444c-a8d9-da7fa2969fa4,Taco Bell,11731 SE I-410-LOOP,San Antonio,TX,78221-4212,29.322662353515625,-98.48253631591797,Overture Places 2026-07-22.0,2026-07-22,open,packet_ready,primary_store_candidate
Taco Bell,0fc43696-7afd-4563-9167-289ff08da1a1,Taco Bell,12538 SW Loop 410,San Antonio,TX,78224-3113,29.321123123168945,-98.55342102050781,Overture Places 2026-07-22.0,2026-07-22,open,packet_ready,primary_store_candidate
Taco Bell,5f17f4e8-5056-439a-a9d5-44ec45e0ff84,Taco Bell,1327 Austin Hwy,San Antonio,TX,78209-4329,29.49077033996582,-98.44088745117188,Overture Places 2026-07-22.0,2026-07-22,open,packet_ready,primary_store_candidate
Taco Bell,67a0f605-32d6-49f9-aa5c-87bbe7b8e4fd,Taco Bell,1770 S General McMullen Dr,San Antonio,TX,78237-4423,29.399124145507812,-98.55733489990234,Overture Places 2026-07-22.0,2026-07-22,open,packet_ready,primary_store_candidate
Taco Bell,2c624a88-a476-4553-9131-83921e838f7b,Taco Bell,17822 Bulverde Rd,San Antonio,TX,78259-3742,29.603315353393555,-98.41831970214844,Overture Places 2026-07-22.0,2026-07-22,open,packet_ready,primary_store_candidate
Taco Bell,04a3a301-6c1d-4b2b-8208-2a0e807930db,Taco Bell,21118 US-281 N,San Antonio,TX,78258-7553,29.639741897583008,-98.45391082763672,Overture Places 2026-07-22.0,2026-07-22,open,packet_ready,primary_store_candidate
Taco Bell,a364ed62-436e-493e-a49d-540831bb7590,Taco Bell,2316 W. Loop 1604 S.,San Antonio,TX,78245,29.406829833984375,-98.70831298828125,Overture Places 2026-07-22.0,2026-07-22,open,packet_ready,primary_store_candidate
Taco Bell,45ce599f-e3bd-41a5-8fec-d463257ce583,Taco Bell,2501 Babcock Rd,San Antonio,TX,78229-5061,29.50670051574707,-98.5862045288086,Overture Places 2026-07-22.0,2026-07-22,open,packet_ready,primary_store_candidate
Taco Bell,22089d34-73de-47f9-92e7-4fc582c74281,Taco Bell,3006 SW Military Dr,San Antonio,TX,78224-1036,29.35675048828125,-98.54667663574219,Overture Places 2026-07-22.0,2026-07-22,open,packet_ready,primary_store_candidate
Taco Bell,1a4c9421-d35f-431e-b106-5c704e48d7bb,Taco Bell,319 Valley Hi Dr,San Antonio,TX,78227-4601,29.381826400756836,-98.63916778564453,Overture Places 2026-07-22.0,2026-07-22,open,packet_ready,primary_store_candidate
Taco Bell,d1d0eeb1-ee80-4f55-a268-639a8e2a0c21,Taco Bell,3213 Wurzbach Rd,San Antonio,TX,78238-4002,29.4663028717041,-98.6233901977539,Overture Places 2026-07-22.0,2026-07-22,open,packet_ready,primary_store_candidate
Taco Bell,bf9c22d3-6696-4acc-98c3-eba03b5ca4b4,Taco bell,323 SW Loop 410,San Antonio,TX,78245-2166,29.4394588470459,-98.64257049560547,Overture Places 2026-07-22.0,2026-07-22,open,packet_ready,primary_store_candidate
Taco Bell,4bed58a1-4186-42c6-8a05-fe3b83073f1c,Taco Bell,3906 S New Braunfels Ave,San Antonio,TX,78223-1729,29.379961013793945,-98.46019744873047,Overture Places 2026-07-22.0,2026-07-22,open,packet_ready,primary_store_candidate
Taco Bell,05eaa411-9bed-474a-be78-729febbbbcce,Taco Bell,414 SW Military Dr,San Antonio,TX,78221-1618,29.356271743774414,-98.49796295166016,Overture Places 2026-07-22.0,2026-07-22,open,packet_ready,primary_store_candidate
Taco Bell,daf90337-a2d8-41ed-a793-d74eac4ef694,Taco Bell,4242 De Zavala Rd,San Antonio,TX,78249-3082,29.57392120361328,-98.56916809082031,Overture Places 2026-07-22.0,2026-07-22,open,packet_ready,primary_store_candidate
Taco Bell,197e72b4-f7c4-4df4-96a5-986a7de46d0f,Taco Bell,4714 Rittiman Rd,San Antonio,TX,78218-4630,29.48369598388672,-98.39936065673828,Overture Places 2026-07-22.0,2026-07-22,open,packet_ready,primary_store_candidate
Taco Bell,b35b6f71-450e-4c83-abb1-bb2bc2e888e2,Taco Bell,505 Fair Ave,San Antonio,TX,78223-1301,29.385509490966797,-98.46910095214844,Overture Places 2026-07-22.0,2026-07-22,open,packet_ready,primary_store_candidate
Taco Bell,1bd0fef7-c450-458c-8823-9a3e546ad621,Taco Bell,5315 Rigsby Ave,San Antonio,TX,78222-1419,29.39871597290039,-98.38618469238281,Overture Places 2026-07-22.0,2026-07-22,open,packet_ready,primary_store_candidate
Taco Bell,99b4426b-6b90-475e-ad54-b9f3eb646d12,Taco Bell,5318 Walzem Rd,San Antonio,TX,78218-2123,29.50987434387207,-98.38693237304688,Overture Places 2026-07-22.0,2026-07-22,open,packet_ready,primary_store_candidate
Taco Bell,7c8fc24f-121c-4fb4-9ef2-205a5957365c,Taco Bell,615 San Pedro Ave,San Antonio,TX,78212-4609,29.439393997192383,-98.49872589111328,Overture Places 2026-07-22.0,2026-07-22,open,packet_ready,primary_store_candidate
Taco Bell,65d09664-1e08-4d99-a7e5-9b0e55cb54ab,Taco Bell,6322 Old Pearsall Rd,San Antonio,TX,78242-2607,29.340316772460938,-98.62167358398438,Overture Places 2026-07-22.0,2026-07-22,open,packet_ready,primary_store_candidate
Taco Bell,89b193e0-7a29-4d7c-85c3-e5cf0c542050,Taco Bell,6815 Bandera Rd,San Antonio,TX,78238-1359,29.4976806640625,-98.6210708618164,Overture Places 2026-07-22.0,2026-07-22,open,packet_ready,primary_store_candidate
Taco Bell,0c330ca9-d634-4dd1-bdaf-7d5fff6708a2,Taco Bell,6938 N Loop 1604 E,San Antonio,TX,78247,29.59276008605957,-98.35384368896484,Overture Places 2026-07-22.0,2026-07-22,open,packet_ready,primary_store_candidate
Taco Bell,b11048c7-cbc2-495a-8de0-8d03e42206fc,Taco Bell,722 Seguin St,San Antonio,TX,78208-2044,29.43805694580078,-98.45186614990234,Overture Places 2026-07-22.0,2026-07-22,open,packet_ready,primary_store_candidate
Taco Bell,c6279692-7c02-4675-bece-00f97d306346,Taco Bell,7323 N Loop 1604 W,San Antonio,TX,78249-2500,29.587902069091797,-98.63278198242188,Overture Places 2026-07-22.0,2026-07-22,open,packet_ready,primary_store_candidate
Taco Bell,881a4eb9-b848-4d13-9e4c-7236a9ea0d6a,Taco Bell,8288 Marbach Rd,San Antonio,TX,78227-1600,29.41754913330078,-98.65380859375,Overture Places 2026-07-22.0,2026-07-22,open,packet_ready,primary_store_candidate
Taco Bell,0202b446-34dd-48cc-9282-c61c88c0f93c,Taco Bell,923 Bandera Rd,San Antonio,TX,78228-4924,29.457416534423828,-98.55591583251953,Overture Places 2026-07-22.0,2026-07-22,open,packet_ready,primary_store_candidate
Taco Bell,8297268b-f9c5-4ba4-ac10-10f559b259fc,Taco Bell,9263 Culebra Rd,San Antonio,TX,78251-2804,29.483503341674805,-98.66657257080078,Overture Places 2026-07-22.0,2026-07-22,open,packet_ready,primary_store_candidate
Taco Bell,363f571f-8fb7-4519-b04f-f71ac76f1ad0,Taco Bell,9300 Wurzbach Rd,San Antonio,TX,78240-1064,29.52849578857422,-98.56446838378906,Overture Places 2026-07-22.0,2026-07-22,open,packet_ready,primary_store_candidate
Taco Bell,416c4c93-14ab-4645-b8d7-4cb147f12b14,Taco Bell,9315 Potranco Rd,San Antonio,TX,78251-3028,29.442012786865234,-98.6678237915039,Overture Places 2026-07-22.0,2026-07-22,open,packet_ready,primary_store_candidate
Taco Bell,b0c02fe5-c5c9-47e5-8a4e-75dc6bdeef4e,Taco Bell,101 University Dr,San Marcos,TX,78666-5735,29.885602951049805,-97.94143676757812,Overture Places 2026-07-22.0,2026-07-22,open,packet_ready,primary_store_candidate
Taco Bell,8932ed0f-b295-4952-aa42-ebbbc7aaec96,Taco Bell,4002 IH-35 S,San Marcos,TX,78666-0205,29.826322555541992,-97.9861068725586,Overture Places 2026-07-22.0,2026-07-22,open,packet_ready,primary_store_candidate
Taco Bell,0f3831f7-1b9f-4ab1-948c-cf74f7ce9e8f,Taco Bell,700 N I-35,Sanger,TX,76266-9380,33.36588668823242,-97.17881774902344,Overture Places 2026-07-22.0,2026-07-22,open,packet_ready,primary_store_candidate
Taco Bell,5bdba54d-6aea-4fc9-a90d-1876491893d0,Taco Bell,22 N Kessler Ave,Schulenburg,TX,78956-5661,29.692468643188477,-96.9022445678711,Overture Places 2026-07-22.0,2026-07-22,open,packet_ready,primary_store_candidate
Taco Bell,9ca1fb1e-33bf-47ac-ae35-b0a954b3103e,Taco Bell,550 E Malloy Bridge Rd,Seagoville,TX,75159-3118,32.64646911621094,-96.53422546386719,Overture Places 2026-07-22.0,2026-07-22,open,packet_ready,primary_store_candidate
Taco Bell,72533bfe-ef0c-437d-aaa8-58a1cb92e347,Taco Bell,2200 Highway 36 S,Sealy,TX,77474-4221,29.761137008666992,-96.1523666381836,Overture Places 2026-07-22.0,2026-07-22,open,packet_ready,primary_store_candidate
Taco Bell,c2e83957-e085-4ed6-830e-05ad203eaf23,Taco Bell,1494 E Court St,Seguin,TX,78155-5164,29.569547653198242,-97.93952941894531,Overture Places 2026-07-22.0,2026-07-22,open,packet_ready,primary_store_candidate
Taco Bell,be3b0ec4-98f0-4a0f-b54e-e3a2633c16c4,Taco Bell,930 N TX-46,Seguin,TX,78155,29.576955795288086,-97.9912338256836,Overture Places 2026-07-22.0,2026-07-22,open,packet_ready,primary_store_candidate
Taco Bell,009b330b-4c11-48d6-b7da-12ffddbf6f1d,Taco Bell,1201 Hobbs Hwy,Seminole,TX,79360,32.72076416015625,-102.6588134765625,Overture Places 2026-07-22.0,2026-07-22,open,packet_ready,primary_store_candidate
Taco Bell,405fa556-c4e1-494b-a617-ba4cf5c84aa7,Taco Bell,1629 N Main St,Shamrock,TX,79079-1600,35.23210525512695,-100.24957275390625,Overture Places 2026-07-22.0,2026-07-22,open,packet_ready,primary_store_candidate
Taco Bell,d6a6b027-a357-4fd1-8eb1-be8ecf15058f,Taco Bell,740 Avenue H,Sheppard Afb,TX,76351,33.97585678100586,-98.50720977783203,Overture Places 2026-07-22.0,2026-07-22,open,packet_ready,primary_store_candidate
Taco Bell,f1957350-bb1e-4b9d-84ec-feaf6650d762,Taco Bell,1800 Texoma Pkwy,Sherman,TX,75090-2616,33.65464401245117,-96.60674285888672,Overture Places 2026-07-22.0,2026-07-22,open,packet_ready,primary_store_candidate
Taco Bell,ea12905c-7ef3-4fe0-809a-d7e08e92ce85,Taco Bell,3310 N US Highway 75,Sherman,TX,75090-2524,33.675296783447266,-96.6101303100586,Overture Places 2026-07-22.0,2026-07-22,open,packet_ready,primary_store_candidate
Taco Bell,e8e1ffed-51ba-4a22-9c7b-a66939503036,Taco Bell,4214 US-75 N,Sherman,TX,75090-0531,33.683509826660156,-96.60865020751953,Overture Places 2026-07-22.0,2026-07-22,open,packet_ready,primary_store_candidate
Taco Bell,454f9d2e-55f9-4932-ada8-06df0b04f464,Taco Bell,4508 College Ave,Snyder,TX,79549-6013,32.69684600830078,-100.9186782836914,Overture Places 2026-07-22.0,2026-07-22,open,packet_ready,primary_store_candidate
Taco Bell,51452cbc-6943-414d-b17a-880a97d8e49b,Taco Bell,1041 Nuevo Hueco Tanks Rd,Socorro,TX,79927,31.68496322631836,-106.26898193359375,Overture Places 2026-07-22.0,2026-07-22,open,packet_ready,primary_store_candidate
Taco Bell,2b66500f-6e2c-4909-a9db-e08a01e3beeb,Taco Bell,1833 Spring Stuebner Road,Spring,TX,77388,30.08269691467285,-95.4432144165039,Overture Places 2026-07-22.0,2026-07-22,open,packet_ready,primary_store_candidate
Taco Bell,c4866692-97c5-4f9d-b4b5-ed15244f5340,Taco Bell,19400 North Fwy,Spring,TX,77373-5358,30.049131393432617,-95.43047332763672,Overture Places 2026-07-22.0,2026-07-22,open,packet_ready,primary_store_candidate
Taco Bell,4161fe44-5eaa-4eef-a84b-08e567f932d3,Taco Bell,20232 Champion Forest Dr,Spring,TX,77379-8698,30.055879592895508,-95.57410430908203,Overture Places 2026-07-22.0,2026-07-22,open,packet_ready,primary_store_candidate
Taco Bell,702a8df9-62db-4040-8b52-ed20e23d04e6,Taco Bell,21115 Kuykendahl Rd,Spring,TX,77379-3307,30.07522964477539,-95.51520538330078,Overture Places 2026-07-22.0,2026-07-22,open,packet_ready,primary_store_candidate
Taco Bell,06df3ca0-851c-42f3-9b6a-b2c175b55d32,Taco Bell,2681 Rayford Rd,Spring,TX,77386-4125,30.12237548828125,-95.40120697021484,Overture Places 2026-07-22.0,2026-07-22,open,packet_ready,primary_store_candidate
Taco Bell,4be1d9dd-565f-4188-aedd-dd6d8483c156,Taco Bell,28785 Birnham Woods Dr,Spring,TX,77386-7113,30.11652374267578,-95.38350677490234,Overture Places 2026-07-22.0,2026-07-22,open,packet_ready,primary_store_candidate
Taco Bell,2ed9e176-fca3-44e3-b994-bbb7d15b5af6,Taco Bell,650 Sawdust Rd,Spring,TX,77380-2247,30.12703514099121,-95.45263671875,Overture Places 2026-07-22.0,2026-07-22,open,packet_ready,primary_store_candidate
Taco Bell,319a1480-5d92-46ff-ae29-638831765128,Taco Bell,7139 Louetta Rd,Spring,TX,77379-7444,30.02212142944336,-95.52081298828125,Overture Places 2026-07-22.0,2026-07-22,open,packet_ready,primary_store_candidate
Taco Bell,55db0fb9-e1b2-47bb-8632-ac67a4b95030,Taco Bell,8919 Spring-Cypress Rd,Spring,TX,77379-3138,30.031160354614258,-95.5561752319336,Overture Places 2026-07-22.0,2026-07-22,open,packet_ready,primary_store_candidate
Taco Bell,4eeca703-47b7-4a20-8d26-1e5536cd3a34,Taco Bell,301 W Highway 199,Springtown,TX,76082-2624,32.963802337646484,-97.68737030029297,Overture Places 2026-07-22.0,2026-07-22,open,packet_ready,primary_store_candidate
Taco Bell,be47f398-a7c2-45e7-adbe-e53ecb1ab948,Taco Bell,12560 Southwest Fwy,Stafford,TX,77477-2907,29.64043426513672,-95.58122253417969,Overture Places 2026-07-22.0,2026-07-22,open,packet_ready,primary_store_candidate
Taco Bell,61f8f095-5f40-4aef-9e75-d7e004399e46,Taco Bell,2769 W Washington St,Stephenville,TX,76401-3740,32.204833984375,-98.23809051513672,Overture Places 2026-07-22.0,2026-07-22,open,packet_ready,primary_store_candidate
Taco Bell,a571ab4c-283d-4f9c-a6f5-c43acc951ae3,Taco Bell,11719 S Highway Six,Sugar Land,TX,77498-5721,29.646995544433594,-95.65081024169922,Overture Places 2026-07-22.0,2026-07-22,open,packet_ready,primary_store_candidate
Taco Bell,093ae2a6-7b08-467e-8161-ac60ce961bc6,Taco Bell,13325 University Blvd,Sugar Land,TX,77479-4797,29.58780860900879,-95.6478500366211,Overture Places 2026-07-22.0,2026-07-22,open,packet_ready,primary_store_candidate
Taco Bell,28f23d5e-9d23-4a65-8a5d-1047715df639,Taco Bell,3453 Highway Six,Sugar Land,TX,77478-4464,29.591400146484375,-95.6016616821289,Overture Places 2026-07-22.0,2026-07-22,open,packet_ready,primary_store_candidate
Taco Bell,882f3607-7a9c-4478-8df6-d70b563b697f,Taco Bell,4950 Highway 90A,Sugar Land,TX,77498-2047,29.601261138916016,-95.68246459960938,Overture Places 2026-07-22.0,2026-07-22,open,packet_ready,primary_store_candidate
Taco Bell,89abb1ca-3322-48bd-a89a-03e4f59fd5a3,Taco Bell,1338 S Broadway St,Sulphur Springs,TX,75482-4829,33.113983154296875,-95.59626007080078,Overture Places 2026-07-22.0,2026-07-22,open,packet_ready,primary_store_candidate
Taco Bell,ed9bbdd7-ca37-4009-9e28-a5b3aa87cd3c,Taco Bell,2009 N Main St,Taylor,TX,76574-1825,30.586896896362305,-97.41207885742188,Overture Places 2026-07-22.0,2026-07-22,open,packet_ready,primary_store_candidate
Taco Bell,ba1a5dbe-bbb1-4b4c-a002-0a68781ec951,Taco Bell,1201 SW H K Dodgen Loop,Temple,TX,76502-1844,31.07254409790039,-97.36918640136719,Overture Places 2026-07-22.0,2026-07-22,open,packet_ready,primary_store_candidate
Taco Bell,1c89c408-91e6-491f-8593-434f7f68803c,Taco Bell,1508 W Adams Ave,Temple,TX,76504-2452,31.10214614868164,-97.35640716552734,Overture Places 2026-07-22.0,2026-07-22,open,packet_ready,primary_store_candidate
Taco Bell,9329a550-8021-49cb-8941-fe679a58ea6e,Taco Bell,4331 N General Bruce Dr,Temple,TX,76501,31.140268325805664,-97.32808685302734,Overture Places 2026-07-22.0,2026-07-22,open,packet_ready,primary_store_candidate
Taco Bell,9f5b940e-adcb-4ddc-b24d-4ccd0684b063,Taco Bell,6820 W Adams Ave,Temple,TX,76502-5885,31.1175537109375,-97.41483306884766,Overture Places 2026-07-22.0,2026-07-22,open,packet_ready,primary_store_candidate
Taco Bell,6b68e5ab-69e0-44b7-a42c-68d7fc3c05ef,Taco Bell,604 W Moore Ave,Terrell,TX,75160-3124,32.737422943115234,-96.28308868408203,Overture Places 2026-07-22.0,2026-07-22,open,packet_ready,primary_store_candidate
Taco Bell,5a3279de-519d-403d-aef2-80afedd413b5,Taco Bell,3820 St Michael Dr,Texarkana,TX,75503-2567,33.457008361816406,-94.08895874023438,Overture Places 2026-07-22.0,2026-07-22,open,packet_ready,primary_store_candidate
Taco Bell,e4eae003-e159-4121-8820-27b9ba9fc6ed,Taco Bell,4507 W 7th St,Texarkana,TX,75501-6353,33.41804122924805,-94.09964752197266,Overture Places 2026-07-22.0,2026-07-22,open,packet_ready,primary_store_candidate
Taco Bell,2d7ef2dc-0a93-432d-9399-4d5bc80daabe,Taco Bell,5021 N State Line Ave,Texarkana,TX,75503-2956,33.46627426147461,-94.04367065429688,Overture Places 2026-07-22.0,2026-07-22,open,packet_ready,primary_store_candidate
Taco Bell,2bf9f408-5eb4-43c3-8b94-7c56e60bd77b,Taco Bell,3531 Palmer Hwy,Texas City,TX,77590-6513,29.39504051208496,-94.94905853271484,Overture Places 2026-07-22.0,2026-07-22,open,packet_ready,primary_store_candidate
Taco Bell,d8a8894c-191f-4754-8010-65353664ab61,Taco Bell,3561 Plano Pkwy,The Colony,TX,75056-5245,33.06961441040039,-96.87388610839844,Overture Places 2026-07-22.0,2026-07-22,open,packet_ready,primary_store_candidate
Taco Bell,1c4d67f1-0fdf-4529-80fc-9157966bc164,Taco Bell,5005 Main St,The Colony,TX,75056-2256,33.08144760131836,-96.8933334350586,Overture Places 2026-07-22.0,2026-07-22,open,packet_ready,primary_store_candidate
Taco Bell,344bde50-790e-400e-a674-203821e84e48,Taco Bell,3103 College Park Dr,The Woodlands,TX,77384-4099,30.206430435180664,-95.46492004394531,Overture Places 2026-07-22.0,2026-07-22,open,packet_ready,primary_store_candidate
Taco Bell,43284eb5-c197-490e-b6cf-205fd394d701,Taco Bell,4490 Panther Creek Pnes,The Woodlands,TX,77381-2798,30.166095733642578,-95.50594329833984,Overture Places 2026-07-22.0,2026-07-22,open,packet_ready,primary_store_candidate
Taco Bell,1651fc94-145c-4672-bab2-7a9a88dc0a94,Taco Bell,9945 Six Pines Dr,The Woodlands,TX,77380-1506,30.16703987121582,-95.46222686767578,Overture Places 2026-07-22.0,2026-07-22,open,packet_ready,primary_store_candidate
Taco Bell,954ae35f-a59c-4fd3-baf6-7799bab3f90f,Taco Bell,24220 Kuykendahl Rd,Tomball,TX,77375-5176,30.11308479309082,-95.55394744873047,Overture Places 2026-07-22.0,2026-07-22,open,packet_ready,primary_store_candidate
Taco Bell,95b63efa-4b95-4f30-a618-a462403ce0c2,Taco Bell,27550 State Highway 249,Tomball,TX,77375-6503,30.07432746887207,-95.62654113769531,Overture Places 2026-07-22.0,2026-07-22,open,packet_ready,primary_store_candidate
Taco Bell,ef3f1e71-2bc4-4b3f-b314-b17541a0c300,Taco Bell,2611 W Gentry Pkwy,Tyler,TX,75702-2756,32.36919021606445,-95.3297348022461,Overture Places 2026-07-22.0,2026-07-22,open,packet_ready,primary_store_candidate
Taco Bell,73c9919a-5652-43b5-ac05-35268abf3f8d,Taco Bell,2760 E 5th St,Tyler,TX,75701-5021,32.33279037475586,-95.2632827758789,Overture Places 2026-07-22.0,2026-07-22,open,packet_ready,primary_store_candidate
Taco Bell,d3f5382e-df0c-45c1-a337-9bf1a26c9be8,Taco Bell,3808 S Broadway Ave,Tyler,TX,75701-8713,32.30833053588867,-95.30021667480469,Overture Places 2026-07-22.0,2026-07-22,open,packet_ready,primary_store_candidate
Taco Bell,886f6ac8-494a-4d26-b454-f03316c6a9db,Taco Bell,3825 Troup Hwy,Tyler,TX,75703-1734,32.30742645263672,-95.27223205566406,Overture Places 2026-07-22.0,2026-07-22,open,packet_ready,primary_store_candidate
Taco Bell,6c3a05b7-88ca-4b3f-851d-ca8476658a53,Taco Bell,500 S Southwest Loop 323,Tyler,TX,75702-7678,32.34489822387695,-95.34117889404297,Overture Places 2026-07-22.0,2026-07-22,open,packet_ready,primary_store_candidate
Taco Bell,8eebbee1-5f73-4924-8488-96d20ac739c5,Taco Bell,5978 Old Jacksonville Hwy,Tyler,TX,75703-0582,32.282711029052734,-95.33151245117188,Overture Places 2026-07-22.0,2026-07-22,open,packet_ready,primary_store_candidate
Taco Bell,14dcee9f-fa21-4d86-9f84-e074e6da22da,Taco Bell,7425 S Broadway Ave,Tyler,TX,75703-5005,32.26829528808594,-95.30779266357422,Overture Places 2026-07-22.0,2026-07-22,open,packet_ready,primary_store_candidate
Taco Bell,8eb8c417-bc30-4e07-a182-932fd8d21dd4,Taco Bell,514 E Main St,Uvalde,TX,78801-5715,29.21284294128418,-99.77774810791016,Overture Places 2026-07-22.0,2026-07-22,open,packet_ready,primary_store_candidate
Taco Bell,9e347a89-6ec2-43aa-a02c-8da01c188d5d,Taco Bell,1100 S Oak St,Van,TX,75790-3599,32.50978088378906,-95.64361572265625,Overture Places 2026-07-22.0,2026-07-22,open,packet_ready,primary_store_candidate
Taco Bell,6c0893bd-0631-49d8-8e09-207e094284e8,Taco Bell,4112 Western Trail Dr,Vernon,TX,76384-3187,34.16172409057617,-99.31327056884766,Overture Places 2026-07-22.0,2026-07-22,open,packet_ready,primary_store_candidate
Taco Bell,ded9b024-387b-4e2b-9ae3-8d41b12efbf1,Taco Bell,1602 N Navarro St,Victoria,TX,77901-5218,28.809682846069336,-96.99930572509766,Overture Places 2026-07-22.0,2026-07-22,open,packet_ready,primary_store_candidate
Taco Bell,05699f31-5780-4ee2-8f12-528d825479f0,Taco Bell,7902 N Navarro St,Victoria,TX,77904-2657,28.86834716796875,-96.99724578857422,Overture Places 2026-07-22.0,2026-07-22,open,packet_ready,primary_store_candidate
Taco Bell,15882a1a-0129-4a75-ae9a-dc66781a7fa7,Taco Bell,455 N Main St,Vidor,TX,77662-4937,30.128883361816406,-94.01485443115234,Overture Places 2026-07-22.0,2026-07-22,open,packet_ready,primary_store_candidate
Taco Bell,d3f7f07e-f60d-4d02-bdf4-fc1420fee929,Taco Bell,1101 Hewitt Dr,Waco,TX,76712-8488,31.487375259399414,-97.2122802734375,Overture Places 2026-07-22.0,2026-07-22,open,packet_ready,primary_store_candidate
Taco Bell,3b723a1d-1c99-4252-af87-fd6e02d4cc15,Taco Bell,120 N Valley Mills Dr,Waco,TX,76710-7037,31.52763557434082,-97.1656723022461,Overture Places 2026-07-22.0,2026-07-22,open,packet_ready,primary_store_candidate
Taco Bell,4b7c09e5-1b65-46a8-9480-6a0a4b3d3bea,Taco Bell,1515 N Valley Mills Dr,Waco,TX,76710-4433,31.531930923461914,-97.19412231445312,Overture Places 2026-07-22.0,2026-07-22,open,packet_ready,primary_store_candidate
Taco Bell,8fcc6898-d153-451c-abd2-ee1efb268198,Taco Bell,500 Cleveland Ave,Waco,TX,76706,31.550018310546875,-97.1250991821289,Overture Places 2026-07-22.0,2026-07-22,open,packet_ready,primary_store_candidate
Taco Bell,0d9be696-498b-407d-83ab-11ee84ad0603,Taco Bell,9520 China Spring Rd,Waco,TX,76708-9701,31.626230239868164,-97.22964477539062,Overture Places 2026-07-22.0,2026-07-22,open,packet_ready,primary_store_candidate
Taco Bell,bbefc3a0-f45e-47b3-8530-eab70738abd9,Taco Bell,6261 Rufe Snow Dr,Watauga,TX,76148-3316,32.85952377319336,-97.23845672607422,Overture Places 2026-07-22.0,2026-07-22,open,packet_ready,primary_store_candidate
Taco Bell,a98ecb06-573c-4973-a864-8a1f4752c759,Taco Bell,141 Butcher Rd,Waxahachie,TX,75165,32.459529876708984,-96.84149169921875,Overture Places 2026-07-22.0,2026-07-22,open,packet_ready,primary_store_candidate
Taco Bell,06d7016b-5466-4698-aae3-a4e1b575d955,Taco Bell,602 N Highway 77,Waxahachie,TX,75165-1870,32.40977478027344,-96.84174346923828,Overture Places 2026-07-22.0,2026-07-22,open,packet_ready,primary_store_candidate
Taco Bell,2a1f1991-f46d-4f9b-b48e-f5fbbba3be2a,Taco Bell,1814 S Main St,Weatherford,TX,76086-5506,32.7339973449707,-97.79439544677734,Overture Places 2026-07-22.0,2026-07-22,open,packet_ready,primary_store_candidate
Taco Bell,27d3b0d3-2c3b-43a5-8dd6-446478f8b68d,Taco Bell,18327 Gulf Fwy,Webster,TX,77598,29.55565071105957,-95.1530532836914,Overture Places 2026-07-22.0,2026-07-22,open,packet_ready,primary_store_candidate
Taco Bell,ec2a28c5-2ba0-435a-bd9b-79aeae7d6216,Taco Bell,1006 N Texas Blvd,Weslaco,TX,78596-4511,26.17215347290039,-97.99031829833984,Overture Places 2026-07-22.0,2026-07-22,open,packet_ready,primary_store_candidate
Taco Bell,33063d50-2c78-4da3-9d8e-e1f9053adfa4,Taco Bell,107 US-80,White Oak,TX,75693,32.52041244506836,-94.85981750488281,Overture Places 2026-07-22.0,2026-07-22,open,packet_ready,primary_store_candidate
Taco Bell,47d948f4-001c-42d5-87ef-bcdbc76fa305,Taco Bell,1415 Southwest Pkwy,Wichita Falls,TX,76302-5112,33.853660583496094,-98.499755859375,Overture Places 2026-07-22.0,2026-07-22,open,packet_ready,primary_store_candidate
Taco Bell,96686318-d804-49ae-a3cd-fd56175c4077,Taco Bell,2512 Kemp Blvd,Wichita Falls,TX,76309-5347,33.88727951049805,-98.52821350097656,Overture Places 2026-07-22.0,2026-07-22,open,packet_ready,primary_store_candidate
Taco Bell,a205ff23-c7fa-468c-94c0-180254dede2b,Taco Bell,2803 Southwest Pkwy,Wichita Falls,TX,76308-4119,33.857337951660156,-98.53662872314453,Overture Places 2026-07-22.0,2026-07-22,open,packet_ready,primary_store_candidate
Taco Bell,c6256917-ab8c-4dac-a60e-06f0fc68259b,Taco Bell,4600 Bel-Air Blvd,Wichita Falls,TX,76310-1450,33.876399993896484,-98.56135559082031,Overture Places 2026-07-22.0,2026-07-22,open,packet_ready,primary_store_candidate
Taco Bell,b5e72515-b4f4-4201-8009-38f376f7fd98,Taco Bell,803 W Montgomery St,Willis,TX,77378-8683,30.42176628112793,-95.48729705810547,Overture Places 2026-07-22.0,2026-07-22,open,packet_ready,primary_store_candidate
Taco Bell,cfd9ef57-74a6-46e6-b5e3-8ed13b27e841,Taco Bell,14940 FM-1663,Winnie,TX,77665,29.8353271484375,-94.38450622558594,Overture Places 2026-07-22.0,2026-07-22,open,packet_ready,primary_store_candidate
Taco Bell,b0434a62-1894-466a-b418-1dd8809af937,Taco Bell,46002 I-10,Winnie,TX,77665,29.83294677734375,-94.38307189941406,Overture Places 2026-07-22.0,2026-07-22,open,packet_ready,primary_store_candidate
Taco Bell,0008805d-6cef-4339-85f0-927d66dcc579,Taco Bell,1601 FM 544,Wylie,TX,75098,33.00726318359375,-96.5559310913086,Overture Places 2026-07-22.0,2026-07-22,open,packet_ready,primary_store_candidate
Wendy's,17cec671-55be-400b-aa25-00da59c3b04c,Wendy's,4374 Southwest Dr,Abilene,TX,79606-8207,32.409236907958984,-99.78087615966797,Overture Places 2026-07-22.0,2026-07-22,open,packet_ready,primary_store_candidate
Wendy's,3353f5c7-6d06-4dce-90d0-3f84369507d6,Wendy's,2670 W Lucas Rd,Allen,TX,75002-7513,33.08610534667969,-96.61849975585938,Overture Places 2026-07-22.0,2026-07-22,open,packet_ready,primary_store_candidate
Wendy's,1e219098-d2d0-46ac-b1c9-9d6575ef597d,Wendy's,601 W McDermott Dr,Allen,TX,75013-2703,33.10142135620117,-96.67608642578125,Overture Places 2026-07-22.0,2026-07-22,open,packet_ready,primary_store_candidate
Wendy's,db5b492b-7f80-4476-b9a5-a63aa0860aef,Wendy's,853 W Stacy Rd,Allen,TX,75013-4812,33.12936782836914,-96.66539764404297,Overture Places 2026-07-22.0,2026-07-22,open,packet_ready,primary_store_candidate
Wendy's,b16d038b-ad45-417e-8502-18df773e5e15,Wendy's,1215 FM-1462,Alvin,TX,77511-4055,29.400646209716797,-95.24678802490234,Overture Places 2026-07-22.0,2026-07-22,open,packet_ready,primary_store_candidate
Wendy's,8f9b03c7-7844-4272-8995-c19072d31491,Wendy's,2000 S Ross St,Amarillo,TX,79103-3024,35.191951751708984,-101.81769561767578,Overture Places 2026-07-22.0,2026-07-22,open,packet_ready,primary_store_candidate
Wendy's,18fbd510-1822-46d7-8522-cfc27e3ad60f,Wendy's,4206 Interstate Dr W,Amarillo,TX,79106-5919,35.19211959838867,-101.88438415527344,Overture Places 2026-07-22.0,2026-07-22,open,packet_ready,primary_store_candidate
Wendy's,60362b66-8c9d-4c23-a5e0-fa4f103eefe9,Wendy's,4613 S Western St,Amarillo,TX,79109-6024,35.16110610961914,-101.88369750976562,Overture Places 2026-07-22.0,2026-07-22,open,packet_ready,primary_store_candidate
Wendy's,4bc59457-f1b7-47a6-b1f4-7e97b64aa174,Wendy's,5418 River Rd,Amarillo,TX,79108-4608,35.26438522338867,-101.83113098144531,Overture Places 2026-07-22.0,2026-07-22,open,packet_ready,primary_store_candidate
Wendy's,a7243bc2-a9ad-4765-869b-0a14d46ee2f8,Wendy's,5638 W Amarillo Blvd,Amarillo,TX,79106-4142,35.21437072753906,-101.90234375,Overture Places 2026-07-22.0,2026-07-22,open,packet_ready,primary_store_candidate
Wendy's,1a209a8c-c234-4969-857f-0bc8f92f7dd5,Wendy's,6082 Hollywood Rd,Amarillo,TX,79118-5094,35.11717224121094,-101.90330505371094,Overture Places 2026-07-22.0,2026-07-22,open,packet_ready,primary_store_candidate
Wendy's,b85b6361-04e7-47e5-ad85-de1edd4d0ea9,Wendy's,7236 SW 34th Ave,Amarillo,TX,79109-3904,35.176841735839844,-101.91963958740234,Overture Places 2026-07-22.0,2026-07-22,open,packet_ready,primary_store_candidate
Wendy's,fecca2ca-4289-48e7-989e-972180a6e672,Wendy's,7909 I-40 EAST,Amarillo,TX,79118,35.19309616088867,-101.75285339355469,Overture Places 2026-07-22.0,2026-07-22,open,packet_ready,primary_store_candidate
Wendy's,05466fe5-21fb-4035-8d67-20b09f502062,Wendy Carnero Realtor,8005 SW 34th Ave,Amarillo,TX,79121-1042,35.17616653442383,-101.93338012695312,Overture Places 2026-07-22.0,2026-07-22,open,packet_ready,primary_store_candidate
Wendy's,ac38f738-b6b2-4354-a9cc-825590649542,Wendy's,8507 I-40,Amarillo,TX,79118,35.19411087036133,-101.74392700195312,Overture Places 2026-07-22.0,2026-07-22,open,packet_ready,primary_store_candidate
Wendy's,9d32b483-f0e3-4814-a5a5-e4e998983323,Wendy's,709 S Main St,Andrews,TX,79714-8131,32.31158447265625,-102.54407501220703,Overture Places 2026-07-22.0,2026-07-22,open,packet_ready,primary_store_candidate
Wendy's,3e9582a7-e670-405f-af3b-02046962e527,Wendy's,1401 N Velasco St,Angleton,TX,77515-3050,29.18135643005371,-95.4333724975586,Overture Places 2026-07-22.0,2026-07-22,open,packet_ready,primary_store_candidate
Wendy's,d33e69fc-2122-41be-a757-c53aa0f3248c,Wendy's,2015 Antonio St,Anthony,TX,79821-7309,31.996850967407227,-106.58599853515625,Overture Places 2026-07-22.0,2026-07-22,open,packet_ready,primary_store_candidate
Wendy's,e1a313bd-4caf-429b-a6e0-6f0d41d8db09,Wendy's,1197 N Watson Rd,Arlington,TX,76011-5162,32.766971588134766,-97.0638427734375,Overture Places 2026-07-22.0,2026-07-22,open,packet_ready,primary_store_candidate
Wendy's,5f138396-650c-4079-bb6d-38111eb8f09e,Wendy's,1311 N Collins St,Arlington,TX,76011-5062,32.754791259765625,-97.09700012207031,Overture Places 2026-07-22.0,2026-07-22,open,packet_ready,primary_store_candidate
Wendy's,ff469fd4-1165-483a-b567-ea7ef8c8c8eb,Wendy's,2550 E Pioneer Pkwy,Arlington,TX,76010-8786,32.71186065673828,-97.06563568115234,Overture Places 2026-07-22.0,2026-07-22,open,packet_ready,primary_store_candidate
Wendy's,8525dd92-325a-4790-8b86-7ee5c0740e95,Wendy's,3400 S Cooper St,Arlington,TX,76015-3473,32.69071960449219,-97.12957000732422,Overture Places 2026-07-22.0,2026-07-22,open,packet_ready,primary_store_candidate
Wendy's,6f124001-1b72-4cc4-8f31-476bf847b007,Wendy's,3911 Matlock Rd,Arlington,TX,76015-4305,32.68129348754883,-97.11446380615234,Overture Places 2026-07-22.0,2026-07-22,open,packet_ready,primary_store_candidate
Wendy's,2c066322-03e1-46b0-869d-7f4b649af7dc,Wendy's,4410 W Green Oaks Blvd,Arlington,TX,76016-5608,32.6763916015625,-97.19400024414062,Overture Places 2026-07-22.0,2026-07-22,open,packet_ready,primary_store_candidate
Wendy's,8eaa3352-9b78-4dbf-b01e-861f0418fd10,Wendy's,5821 S Cooper St,Arlington,TX,76017-4445,32.65343475341797,-97.13424682617188,Overture Places 2026-07-22.0,2026-07-22,open,packet_ready,primary_store_candidate
Wendy's,eece6846-9275-44b7-8557-9ac965e06c1c,Wendy's,26751 E University Dr,Aubrey,TX,76227-1962,33.22132873535156,-96.93113708496094,Overture Places 2026-07-22.0,2026-07-22,open,packet_ready,primary_store_candidate
Wendy's,b30073bf-e529-4c9c-bf4e-0c76a1c27c85,Wendy's,10203 Lake Creek Pkwy,Austin,TX,78729-1712,30.461456298828125,-97.79222869873047,Overture Places 2026-07-22.0,2026-07-22,open,packet_ready,primary_store_candidate
Wendy's,bd5f3517-bf6c-48a6-911c-351525daea23,Wendy's,11606 FM-620,Austin,TX,78750-1344,30.45641326904297,-97.82555389404297,Overture Places 2026-07-22.0,2026-07-22,open,packet_ready,primary_store_candidate
Wendy's,897bd2ac-81c1-454c-a027-05f21682e78c,Wendy's,12421 N Mopac Expy,Austin,TX,78758-2410,30.418603897094727,-97.70364379882812,Overture Places 2026-07-22.0,2026-07-22,open,packet_ready,primary_store_candidate
Wendy's,451b8d67-0eb4-41ef-b09b-d92d7c0abce7,Wendy's,1418 E Anderson Ln,Austin,TX,78752-1810,30.333593368530273,-97.68701171875,Overture Places 2026-07-22.0,2026-07-22,open,packet_ready,primary_store_candidate
Wendy's,62861780-3220-4f36-87f9-ff5596dcf7d6,Wendy's,1910 W Braker Ln,Austin,TX,78758-4174,30.392269134521484,-97.70668029785156,Overture Places 2026-07-22.0,2026-07-22,open,packet_ready,primary_store_candidate
Wendy's,8a48a29f-4a51-4755-af84-e5d1fe53de69,Wendy's,201 E 21st St,Austin,TX,78705-0016,30.282817840576172,-97.73710632324219,Overture Places 2026-07-22.0,2026-07-22,open,packet_ready,primary_store_candidate
Wendy's,c5f099f4-e1c8-4f0b-bed0-45b91b3aaa66,Wendy's,305 Slaughter Ln W,Austin,TX,78748-1665,30.167646408081055,-97.79430389404297,Overture Places 2026-07-22.0,2026-07-22,open,packet_ready,primary_store_candidate
Wendy's,890064fe-0dac-403c-bd19-398f00339c91,Wendy's,3596 Far West Blvd,Austin,TX,78731-3065,30.35455894470215,-97.75480651855469,Overture Places 2026-07-22.0,2026-07-22,open,packet_ready,primary_store_candidate
Wendy's,0e3044c1-ff48-4ce9-812a-e2d553bc6f16,Wendy's,4115 S Congress Ave,Austin,TX,78745-1101,30.22174835205078,-97.76422882080078,Overture Places 2026-07-22.0,2026-07-22,open,packet_ready,primary_store_candidate
Wendy's,82774dfe-74d2-429a-bea0-34646986df91,Wendy's,5000 W Slaughter Ln,Austin,TX,78749-3997,30.200115203857422,-97.8635482788086,Overture Places 2026-07-22.0,2026-07-22,open,packet_ready,primary_store_candidate
Wendy's,416e2433-1fe3-4d85-96ee-0ee6c01a153c,Wendy's,5752 Airport Blvd,Austin,TX,78752-4211,30.32111167907715,-97.714111328125,Overture Places 2026-07-22.0,2026-07-22,open,packet_ready,primary_store_candidate
Wendy's,0b0b83a6-fabf-41d4-bafc-5f0cb0518bbc,Wendy's,619 N Interstate 35,Austin,TX,78702-3202,30.266193389892578,-97.7337646484375,Overture Places 2026-07-22.0,2026-07-22,open,packet_ready,primary_store_candidate
Wendy's,70d6a0f9-8801-44b5-9788-3b67c935dff5,Wendy's,6210 E Ben White Blvd,Austin,TX,78741-7508,30.212980270385742,-97.71248626708984,Overture Places 2026-07-22.0,2026-07-22,open,packet_ready,primary_store_candidate
Wendy's,a0071314-5358-482e-bac6-109ed601efcf,Wendy's,6247 McNeil Dr,Austin,TX,78729-7506,30.441831588745117,-97.74654388427734,Overture Places 2026-07-22.0,2026-07-22,open,packet_ready,primary_store_candidate
Wendy's,0f5040bf-fb1b-4a98-843d-19d215e037d1,Wendy's,6428 S IH-35 Svc Rd SB,Austin,TX,78745-4523,30.1917667388916,-97.77068328857422,Overture Places 2026-07-22.0,2026-07-22,open,packet_ready,primary_store_candidate
Wendy's,00f0e573-f4b2-43c8-a5c7-3bb5347c2fc3,Wendy's,12415 Lake June Rd,Balch Springs,TX,75180-1637,32.734317779541016,-96.61408233642578,Overture Places 2026-07-22.0,2026-07-22,open,packet_ready,primary_store_candidate
Wendy's,808f24d2-6d92-4640-80f8-0c88b9c3816d,Wendy's,514 TX-71 W,Bastrop,TX,78602-3735,30.10786247253418,-97.33897399902344,Overture Places 2026-07-22.0,2026-07-22,open,packet_ready,primary_store_candidate
Wendy's,86019bfc-2f1c-487d-8c60-5fc2af763723,Wendy's,6806 Garth Rd,Baytown,TX,77521-9649,29.800907135009766,-94.98092651367188,Overture Places 2026-07-22.0,2026-07-22,open,packet_ready,primary_store_candidate
Wendy's,a89e483f-9349-41ca-84f7-5dc301d057db,Wendy's,8823 N Highway 146,Baytown,TX,77523,29.81723403930664,-94.89982604980469,Overture Places 2026-07-22.0,2026-07-22,open,packet_ready,primary_store_candidate
Wendy's,f3658b18-60e4-4dc1-bce0-cc051265920b,Wendy's,3685 College St,Beaumont,TX,77701-4617,30.067874908447266,-94.13103485107422,Overture Places 2026-07-22.0,2026-07-22,open,packet_ready,primary_store_candidate
Wendy's,41f14ea0-f632-4c95-8c98-919f0fc3f968,Wendy's,4590 N Dowlen Rd,Beaumont,TX,77706-6713,30.124744415283203,-94.15596771240234,Overture Places 2026-07-22.0,2026-07-22,open,packet_ready,primary_store_candidate
Wendy's,b0f1cdce-4eca-4da7-b83d-9b94765ab663,Wendy's,1509 Brown Trl,Bedford,TX,76022-6405,32.83879852294922,-97.16009521484375,Overture Places 2026-07-22.0,2026-07-22,open,packet_ready,primary_store_candidate
Wendy's,97ffadb1-43e8-4849-a97b-58864fac6e1a,Wendy's,3924 Highway 121,Bedford,TX,76021-3122,32.86542892456055,-97.10072326660156,Overture Places 2026-07-22.0,2026-07-22,open,packet_ready,primary_store_candidate
Wendy's,feebd83d-65e2-42fd-9d2d-cac82b441361,Wendy's,4544 Bissonnet St,Bellaire,TX,77401-3102,29.714982986450195,-95.45386505126953,Overture Places 2026-07-22.0,2026-07-22,open,packet_ready,primary_store_candidate
Wendy's,05587df8-d281-4570-ba9c-990d73085155,Wendy's,1004 N Loop 340,Bellmead,TX,76705,31.60441780090332,-97.10421752929688,Overture Places 2026-07-22.0,2026-07-22,open,packet_ready,primary_store_candidate
Wendy's,a4e1e8e3-7534-4173-b4aa-98a75ffaa86c,Wendy's,2906 N Main St,Belton,TX,76513-1104,31.08687400817871,-97.45756530761719,Overture Places 2026-07-22.0,2026-07-22,open,packet_ready,primary_store_candidate
Wendy's,a2b38d42-7ea3-4373-a44b-cf102725e477,Wendy's,9221 Benbrook Blvd,Benbrook,TX,76126,32.67237854003906,-97.46953582763672,Overture Places 2026-07-22.0,2026-07-22,open,packet_ready,primary_store_candidate
Wendy's,ec18b8b1-bfbb-410c-a3b9-b690fd9246a7,Wendy's,2311 S Gregg St,Big Spring,TX,79720-5531,32.231563568115234,-101.47062683105469,Overture Places 2026-07-22.0,2026-07-22,open,packet_ready,primary_store_candidate
Wendy's,17008101-df12-4fcd-ad96-cda5b297178e,Wendy's,1242 S Main St,Boerne,TX,78006-2814,29.78069305419922,-98.72936248779297,Overture Places 2026-07-22.0,2026-07-22,open,packet_ready,primary_store_candidate
Wendy's,77b722b9-b7ef-4c03-8dbd-0eac2fe3750f,Wendy's,1419 W Wilson St,Borger,TX,79007-4403,35.65834426879883,-101.409912109375,Overture Places 2026-07-22.0,2026-07-22,open,packet_ready,primary_store_candidate
Wendy's,8819361e-09e5-4c7d-8fd5-8270dd5476ca,Wendy's,1001 Main St,Brownsville,TX,78526-7417,25.952760696411133,-97.48629760742188,Overture Places 2026-07-22.0,2026-07-22,open,packet_ready,primary_store_candidate
Wendy's,5ef727cc-7f49-4a41-bddc-130d09cbd224,Wendy's,891 N Earl Rudder Fwy,Bryan,TX,77802-2962,30.671478271484375,-96.33963775634766,Overture Places 2026-07-22.0,2026-07-22,open,packet_ready,primary_store_candidate
Wendy's,34215b3a-d454-4a10-9383-5fa35f3e4d67,Wendy's,2020 Main St.,Buda,TX,78610,30.088970184326172,-97.81629943847656,Overture Places 2026-07-22.0,2026-07-22,open,packet_ready,primary_store_candidate
Wendy's,b613b20d-44fd-4ae8-8f83-5ea8604ac80a,Wendy's,270 NW John Jones Dr,Burleson,TX,76028,32.524227142333984,-97.35125732421875,Overture Places 2026-07-22.0,2026-07-22,open,packet_ready,primary_store_candidate
Wendy's,54ffff40-72b7-4622-9e54-b1e58e655316,Wendy's,881 NE Alsbury Blvd,Burleson,TX,76028-2659,32.56532287597656,-97.31990051269531,Overture Places 2026-07-22.0,2026-07-22,open,packet_ready,primary_store_candidate
Wendy's,7011cdff-4aa8-4c4e-affe-164bb4854a7c,Wendy's,407 23rd St,Canyon,TX,79015-4041,34.97903823852539,-101.91899108886719,Overture Places 2026-07-22.0,2026-07-22,open,packet_ready,primary_store_candidate
Wendy's,adaff814-31e8-4bdb-b3ea-097d0213c8ec,Wendy's,1005 Trinity Mills Rd W,Carrollton,TX,75006-1324,32.982147216796875,-96.91053771972656,Overture Places 2026-07-22.0,2026-07-22,open,packet_ready,primary_store_candidate
Wendy's,c12f1f38-b247-41e6-bebe-11a7ca36dbc0,Wendy's,1908 E Hebron Pkwy,Carrollton,TX,75007-1525,33.02433395385742,-96.8839340209961,Overture Places 2026-07-22.0,2026-07-22,open,packet_ready,primary_store_candidate
Wendy's,b057cad2-e250-4706-9bdb-67c8ff5b43b9,Wendy's,2003 E Belt Line Rd,Carrollton,TX,75006-5701,32.95402526855469,-96.8859634399414,Overture Places 2026-07-22.0,2026-07-22,open,packet_ready,primary_store_candidate
Wendy's,00232dbf-9af4-4437-a44a-12eb094b8b01,Wendy's,2655 Midway Rd,Carrollton,TX,75006-2308,32.98528289794922,-96.84263610839844,Overture Places 2026-07-22.0,2026-07-22,open,packet_ready,primary_store_candidate
Wendy's,853505af-066f-45e0-84bc-40ec8de44290,Wendy's,975 E Sabine St,Carthage,TX,75633-2019,32.15812683105469,-94.3226547241211,Overture Places 2026-07-22.0,2026-07-22,open,packet_ready,primary_store_candidate
Wendy's,f399a6d1-a1c6-434e-ac69-9f980cc29ade,Wendy's,404 E FM-1382,Cedar Hill,TX,75104-6025,32.59188461303711,-96.93755340576172,Overture Places 2026-07-22.0,2026-07-22,open,packet_ready,primary_store_candidate
Wendy's,1cf6872e-54e9-42b0-81db-1fc492c931ea,Wendy's,2901 E Whitestone Blvd,Cedar Park,TX,78613-6948,30.53473472595215,-97.78448486328125,Overture Places 2026-07-22.0,2026-07-22,open,packet_ready,primary_store_candidate
Wendy's,3c8ac9de-c0a1-4f3f-8195-2ae6561ff04a,Wendy's,810 N Bell Blvd,Cedar Park,TX,78613-2213,30.518898010253906,-97.82832336425781,Overture Places 2026-07-22.0,2026-07-22,open,packet_ready,primary_store_candidate
Wendy's,becd3a9b-cb69-4e37-bf72-f80952a97514,Wendy's,202 Ih 20 W,Cisco,TX,76437,32.37370300292969,-98.96919250488281,Overture Places 2026-07-22.0,2026-07-22,open,packet_ready,primary_store_candidate
Wendy's,0f660cc5-6264-46db-a4f7-253cb5f20bbf,Wendy's,1604 W Henderson St,Cleburne,TX,76033-4123,32.33932113647461,-97.41204071044922,Overture Places 2026-07-22.0,2026-07-22,open,packet_ready,primary_store_candidate
Wendy's,c5a13f97-4568-4326-a227-d39ab9eded10,Wendy's,202 Southwest Pkwy E,College Station,TX,77840-4662,30.60883331298828,-96.30689239501953,Overture Places 2026-07-22.0,2026-07-22,open,packet_ready,primary_store_candidate
Wendy's,9887c731-5958-4a17-93f1-0c74defd79aa,Wendy's,10377 Highway 242,Conroe,TX,77385-4384,30.20907974243164,-95.4263687133789,Overture Places 2026-07-22.0,2026-07-22,open,packet_ready,primary_store_candidate
Wendy's,dd0e1c88-224a-41a7-8492-ad203c9b99fd,Wendy's,1109 League Line Rd,Conroe,TX,77303-1446,30.365684509277344,-95.48187255859375,Overture Places 2026-07-22.0,2026-07-22,open,packet_ready,primary_store_candidate
Wendy's,cbe6e948-e7f8-4594-be57-936e50113b4d,Wendy's,8646 FM 78,Converse,TX,78109-1035,29.4992618560791,-98.31769561767578,Overture Places 2026-07-22.0,2026-07-22,open,packet_ready,primary_store_candidate
Wendy's,aa89dec9-8280-401e-af80-b38501d9b072,Wendy's,112 N Denton Tap Rd,Coppell,TX,75019-2901,32.9714241027832,-96.99327087402344,Overture Places 2026-07-22.0,2026-07-22,open,packet_ready,primary_store_candidate
Wendy's,810396b5-89c9-44eb-9fb7-20d17c86618d,Wendy's,821 S MacArthur Blvd,Coppell,TX,75019-4213,32.95106887817383,-96.95854949951172,Overture Places 2026-07-22.0,2026-07-22,open,packet_ready,primary_store_candidate
Wendy's,c40bc06e-43eb-4203-99ed-16c837accdb6,Wendy's,2740 E Business 190,Copperas Cove,TX,76522-2562,31.120256423950195,-97.86783599853516,Overture Places 2026-07-22.0,2026-07-22,open,packet_ready,primary_store_candidate
Wendy's,6fa546b0-7fc7-4808-8550-89db86575dba,Wendy's,10414 S Padre Island Dr,Corpus Christi,TX,78418,27.6684627532959,-97.28153991699219,Overture Places 2026-07-22.0,2026-07-22,open,packet_ready,primary_store_candidate
Wendy's,7f7a9fd7-0acb-428c-9015-4f880f36adcd,Wendy's,15038 Northwest Blvd,Corpus Christi,TX,78410,27.858976364135742,-97.6601333618164,Overture Places 2026-07-22.0,2026-07-22,open,packet_ready,primary_store_candidate
Wendy's,6edd1934-ff8c-44be-87a0-1009cb2895d0,Wendy's,4105 Ayers St,Corpus Christi,TX,78415-5314,27.75095558166504,-97.41822052001953,Overture Places 2026-07-22.0,2026-07-22,open,packet_ready,primary_store_candidate
Wendy's,b53cc23f-331c-4a26-a6f7-8d5a6a6e3771,Wendy's,4123 S Staples St,Corpus Christi,TX,78411-2134,27.726823806762695,-97.37984466552734,Overture Places 2026-07-22.0,2026-07-22,open,packet_ready,primary_store_candidate
Wendy's,0c9ab400-22ad-41f8-a69c-1280c932929b,Wendy's,5934 Spid,Corpus Christi,TX,78412-3908,27.705059051513672,-97.3636703491211,Overture Places 2026-07-22.0,2026-07-22,open,packet_ready,primary_store_candidate
Wendy's,f2149655-6814-493e-bd5b-219e47e32044,Wendy's,6438 S Staples St,Corpus Christi,TX,78413-2910,27.686206817626953,-97.38301849365234,Overture Places 2026-07-22.0,2026-07-22,open,packet_ready,primary_store_candidate
Wendy's,f775c5b0-c610-4bb8-863d-d30001aef0df,Wendy's,2900 S US Highway 287,Corsicana,TX,75109-8945,32.07292556762695,-96.44500732421875,Overture Places 2026-07-22.0,2026-07-22,open,packet_ready,primary_store_candidate
Wendy's,517e4aad-42c2-4923-ab5e-77c2d3f11097,Wendy's,35 W FM 468,Cotulla,TX,78014-5059,28.44330406188965,-99.24824523925781,Overture Places 2026-07-22.0,2026-07-22,open,packet_ready,primary_store_candidate
Wendy's,7dddf8c1-d665-4461-9d0b-0e4904110e56,Wendy's,14425 FM-2100,Crosby,TX,77532-6571,29.895822525024414,-95.06389617919922,Overture Places 2026-07-22.0,2026-07-22,open,packet_ready,primary_store_candidate
Wendy's,7dcbc6fe-66e7-4436-99ef-37aae32a433c,Wendy's,17545 Spring-Cypress Rd,Cypress,TX,77429-2687,29.971818923950195,-95.69235229492188,Overture Places 2026-07-22.0,2026-07-22,open,packet_ready,primary_store_candidate
Wendy's,499b613c-bc91-4002-ba86-423dc1d3c8a9,Wendy's,18025 FM 529 Rd,Cypress,TX,77433-1181,29.879491806030273,-95.68457794189453,Overture Places 2026-07-22.0,2026-07-22,open,packet_ready,primary_store_candidate
Wendy's,a35dd079-5cef-4934-867f-5b3e444bf9d2,Wendy's,28060 US-290,Cypress,TX,77433-5450,29.989152908325195,-95.738037109375,Overture Places 2026-07-22.0,2026-07-22,open,packet_ready,primary_store_candidate
Wendy's,801f1639-819c-408c-9536-a1f1dbd6a92f,Wendy's,9806 Fry Rd,Cypress,TX,77433-5360,29.926359176635742,-95.72838592529297,Overture Places 2026-07-22.0,2026-07-22,open,packet_ready,primary_store_candidate
Wendy's,5f3feeae-155e-4b26-acdb-1c8a22921f4a,Wendy's,1107 S US-87,Dalhart,TX,79022-4730,36.05610656738281,-102.50782012939453,Overture Places 2026-07-22.0,2026-07-22,open,packet_ready,primary_store_candidate
Wendy's,c7b431e5-71c3-4600-b54e-379941c7451a,Wendy's,10046 Marsh Ln,Dallas,TX,75229-6065,32.88202667236328,-96.85578918457031,Overture Places 2026-07-22.0,2026-07-22,open,packet_ready,primary_store_candidate
Wendy's,38b9e77f-726b-432d-b2c8-305423be32ea,Wendy's,11711 E Northwest Hwy,Dallas,TX,75218-1409,32.86467742919922,-96.67850494384766,Overture Places 2026-07-22.0,2026-07-22,open,packet_ready,primary_store_candidate
Wendy's,1acfad4a-ca9c-4414-9afd-147f85b83b4c,Wendy's,11722 N Central Expy,Dallas,TX,75243-3806,32.90837478637695,-96.76811981201172,Overture Places 2026-07-22.0,2026-07-22,open,packet_ready,primary_store_candidate
Wendy's,bbad8c07-cb41-4504-904b-8bea212afc2d,Wendy's,1326 S Lamar St,Dallas,TX,75215-1039,32.76808547973633,-96.79573059082031,Overture Places 2026-07-22.0,2026-07-22,open,packet_ready,primary_store_candidate
Wendy's,eeb2e750-5340-4050-a964-0419a25b41bf,Wendy's,135 Short Blvd,Dallas,TX,75232-1361,32.686058044433594,-96.82530975341797,Overture Places 2026-07-22.0,2026-07-22,open,packet_ready,primary_store_candidate
Wendy's,6002d7b8-4ed1-4223-a50c-804391a23096,Wendy's,1507 E Kiest Blvd,Dallas,TX,75216-4514,32.70901870727539,-96.80203247070312,Overture Places 2026-07-22.0,2026-07-22,open,packet_ready,primary_store_candidate
Wendy's,4b65139f-bae3-4efa-9cf0-6f1096f440be,Wendy's,17981 Preston Rd,Dallas,TX,75252-5739,32.99738311767578,-96.79853820800781,Overture Places 2026-07-22.0,2026-07-22,open,packet_ready,primary_store_candidate
Wendy's,7aa1d110-cffd-499d-8ced-109022d07ed5,Wendy's,17989 Marsh Ln,Dallas,TX,75287-6108,32.994712829589844,-96.8558349609375,Overture Places 2026-07-22.0,2026-07-22,open,packet_ready,primary_store_candidate
Wendy's,eb18f214-fdaa-4054-ac57-45b0fab73a63,Wendy's,1910 S Buckner Blvd,Dallas,TX,75217-1821,32.74457931518555,-96.68246459960938,Overture Places 2026-07-22.0,2026-07-22,open,packet_ready,primary_store_candidate
Wendy's,52054dbd-08b5-4eb7-b669-d6811116ac51,Wendy's,1981 Fort Worth Ave,Dallas,TX,75208-1323,32.76380157470703,-96.85395050048828,Overture Places 2026-07-22.0,2026-07-22,open,packet_ready,primary_store_candidate
Wendy's,899e4f65-2c07-44b8-9ff8-678234466726,Wendy's,2241 W Northwest Hwy,Dallas,TX,75220-4304,32.86383819580078,-96.89653015136719,Overture Places 2026-07-22.0,2026-07-22,open,packet_ready,primary_store_candidate
Wendy's,0ec222f5-eaeb-4ccc-85d9-a01b0b131c01,Wendy's,2328 W Illinois Ave,Dallas,TX,75224-1638,32.71999740600586,-96.85675048828125,Overture Places 2026-07-22.0,2026-07-22,open,packet_ready,primary_store_candidate
Wendy's,0a5a393b-b3c5-4699-9d8e-9190d90d0d7c,Wendy's,2507 Royal Ln,Dallas,TX,75229-3418,32.8963737487793,-96.89564514160156,Overture Places 2026-07-22.0,2026-07-22,open,packet_ready,primary_store_candidate
Wendy's,ba2c1ccd-854c-4e4c-9bf0-3c8fd8724313,Wendy's,2625 N International Pkwy Gate 34,Dallas,TX,75261,32.88837432861328,-97.037109375,Overture Places 2026-07-22.0,2026-07-22,open,packet_ready,primary_store_candidate
Wendy's,92924d65-6170-47af-a4c8-ab53e242f73a,Wendy's,2828 W Wheatland Rd,Dallas,TX,75237-3533,32.6470947265625,-96.86676788330078,Overture Places 2026-07-22.0,2026-07-22,open,packet_ready,primary_store_candidate
Wendy's,ba596081-2aae-412c-8101-47505622fdc4,Wendy's,4018 Lemmon Ave,Dallas,TX,75219-3736,32.81440734863281,-96.80818939208984,Overture Places 2026-07-22.0,2026-07-22,open,packet_ready,primary_store_candidate
Wendy's,9f46b889-4488-4749-b676-0dd4e82f9dbf,Wendy's,4380 Dallas Fort Worth Tpke,Dallas,TX,75211-1304,32.765323638916016,-96.89823913574219,Overture Places 2026-07-22.0,2026-07-22,open,packet_ready,primary_store_candidate
Wendy's,66799074-3730-4f1e-8b20-cf5af8a79b6f,Wendy's,510 S Beckley Ave,Dallas,TX,75203-2644,32.741580963134766,-96.82250213623047,Overture Places 2026-07-22.0,2026-07-22,open,packet_ready,primary_store_candidate
Wendy's,07d8c5ef-b330-44e2-b527-e86146d0eefc,Wendy's,5215 Spring Valley Rd,Dallas,TX,75254-3007,32.93988037109375,-96.82103729248047,Overture Places 2026-07-22.0,2026-07-22,open,packet_ready,primary_store_candidate
Wendy's,3fdd4770-42f8-4d9a-9339-5ff3844bfd0e,Wendy's,5502 Harry Hines Blvd,Dallas,TX,75235-7213,32.81472396850586,-96.84015655517578,Overture Places 2026-07-22.0,2026-07-22,open,packet_ready,primary_store_candidate
Wendy's,d5fc2126-4490-4a50-8cc8-07e6123a741d,Wendy's,5555 N Jim Miller Rd,Dallas,TX,75228-7010,32.79218292236328,-96.70049285888672,Overture Places 2026-07-22.0,2026-07-22,open,packet_ready,primary_store_candidate
Wendy's,2bc0dbdc-19b6-41bb-88c6-abd4663ffd4c,Wendy's,7544 E Grand Ave,Dallas,TX,75214-4135,32.810855865478516,-96.72911834716797,Overture Places 2026-07-22.0,2026-07-22,open,packet_ready,primary_store_candidate
Wendy's,521c1a0e-914e-4dae-9944-6a2c8bc6a111,Wendy's,811 Dragon St,Dallas,TX,75207,32.78512954711914,-96.81546020507812,Overture Places 2026-07-22.0,2026-07-22,open,packet_ready,primary_store_candidate
Wendy's,56fb0062-cc92-4c8c-9736-dc7e911c9623,Wendy's,8787 S Lancaster Rd,Dallas,TX,75241-6314,32.64223861694336,-96.78025817871094,Overture Places 2026-07-22.0,2026-07-22,open,packet_ready,primary_store_candidate
Wendy's,f5b13748-f7dc-45fc-bae1-ce1958fd95d5,Wendy's,9680 Audelia Rd,Dallas,TX,75238-2632,32.87853240966797,-96.71741485595703,Overture Places 2026-07-22.0,2026-07-22,open,packet_ready,primary_store_candidate
Wendy's,b9ad7394-326b-415f-878e-4ba3ee716f00,Wendy's,502 US-90,Dayton,TX,77535,30.04364585876465,-94.89144134521484,Overture Places 2026-07-22.0,2026-07-22,open,packet_ready,primary_store_candidate
Wendy's,3a222035-d91a-4d95-b341-63991370e6f0,Wendy's,1180 S FM-51,Decatur,TX,76234-2431,33.2263069152832,-97.59443664550781,Overture Places 2026-07-22.0,2026-07-22,open,packet_ready,primary_store_candidate
Wendy's,906e66ee-bc79-4afc-a4ec-b22a3c797dcf,Wendy's,2213 Veterans Blvd,Del Rio,TX,78840-3120,29.393136978149414,-100.9043960571289,Overture Places 2026-07-22.0,2026-07-22,open,packet_ready,primary_store_candidate
Wendy's,323c7b36-4621-4c6f-bdb9-94afcb154407,Wendy's,1576 W University Dr,Denton,TX,76201-1790,33.22970199584961,-97.1470947265625,Overture Places 2026-07-22.0,2026-07-22,open,packet_ready,primary_store_candidate
Wendy's,699cd783-b232-4d05-8b11-bcef276faa67,Wendy's,2213 S I-35E,Denton,TX,76205-8188,33.18800735473633,-97.10871887207031,Overture Places 2026-07-22.0,2026-07-22,open,packet_ready,primary_store_candidate
Wendy's,716dd6a1-9896-4087-adc3-0ce560d4d74f,Wendy's,4900 Teasley Ln,Denton,TX,76210-3801,33.148460388183594,-97.1058349609375,Overture Places 2026-07-22.0,2026-07-22,open,packet_ready,primary_store_candidate
Wendy's,b5cd2e60-187d-4a4b-8657-321f25f48a7c,Wendy's,1304 E Pleasant Run Rd,Desoto,TX,75115-4206,32.60386657714844,-96.82417297363281,Overture Places 2026-07-22.0,2026-07-22,open,packet_ready,primary_store_candidate
Wendy's,e9978ec7-88d1-4539-94e4-b6f667e137fd,Wendy's,124 W FM 517 Rd,Dickinson,TX,77539-4112,29.447921752929688,-95.07893371582031,Overture Places 2026-07-22.0,2026-07-22,open,packet_ready,primary_store_candidate
Wendy's,22948a07-2685-4afb-9298-491930681aa2,Wendy's,102 S Dumas Ave,Dumas,TX,79029-3728,35.8651237487793,-101.97347259521484,Overture Places 2026-07-22.0,2026-07-22,open,packet_ready,primary_store_candidate
Wendy's,04c76dcd-85eb-4484-b618-3bb77025063f,Wendy's,622 E Camp Wisdom Rd,Duncanville,TX,75116-2766,32.66167068481445,-96.89802551269531,Overture Places 2026-07-22.0,2026-07-22,open,packet_ready,primary_store_candidate
Wendy's,52ed4538-9614-4d7f-973f-97f71cd83a65,Wendy's,2419 Main St,Eagle Pass,TX,78852-4420,28.709136962890625,-100.47940063476562,Overture Places 2026-07-22.0,2026-07-22,open,packet_ready,primary_store_candidate
Wendy's,7964016c-cb3a-4617-a5d9-ad723c03ba0a,Wendy's,4011 S McColl Rd,Edinburg,TX,78539,26.268774032592773,-98.20186614990234,Overture Places 2026-07-22.0,2026-07-22,open,packet_ready,primary_store_candidate
Wendy's,4560b5b3-11f1-440f-8ac3-e4646764eaaf,Wendy's,10710 Gateway Blvd N,El Paso,TX,79924-1739,31.925031661987305,-106.43824005126953,Overture Places 2026-07-22.0,2026-07-22,open,packet_ready,primary_store_candidate
Wendy's,3f93b6b0-306f-450e-ac34-13cd0eef323e,Wendy's,1176 N Yarbrough Dr,El Paso,TX,79925-7902,31.75486946105957,-106.3429946899414,Overture Places 2026-07-22.0,2026-07-22,open,packet_ready,primary_store_candidate
Wendy's,e6ff1025-abe7-42ae-8a12-7fbd6c9ba239,Wendy's,12701 Montana Ave,El Paso,TX,79938-9623,31.80995750427246,-106.24736022949219,Overture Places 2026-07-22.0,2026-07-22,open,packet_ready,primary_store_candidate
Wendy's,49667012-9268-41ca-b352-77e037dc0a8a,Wendy's,13008 Eastlake Blvd,El Paso,TX,79928,31.69896697998047,-106.2496337890625,Overture Places 2026-07-22.0,2026-07-22,open,packet_ready,primary_store_candidate
Wendy's,acd63ec1-d204-428c-97b7-4aa7adb67183,Wendy's,1501 George Dieter Dr,El Paso,TX,79936-7637,31.744829177856445,-106.30245208740234,Overture Places 2026-07-22.0,2026-07-22,open,packet_ready,primary_store_candidate
Wendy's,2e191933-b9a5-4542-9b6d-4e2dc2da1159,Wendy's,1890 N Zaragoza Rd,El Paso,TX,79936,31.759443283081055,-106.26986694335938,Overture Places 2026-07-22.0,2026-07-22,open,packet_ready,primary_store_candidate
Wendy's,f1366064-2284-4a92-8432-defdc5af6938,Wendy's,6201 Montana Ave,El Paso,TX,79925-2023,31.78753662109375,-106.41072082519531,Overture Places 2026-07-22.0,2026-07-22,open,packet_ready,primary_store_candidate
Wendy's,fbff392d-9a6c-4d3f-b737-ed2d6c6871c1,Wendy's,7453 N Mesa St,El Paso,TX,79912-3503,31.837600708007812,-106.56269073486328,Overture Places 2026-07-22.0,2026-07-22,open,packet_ready,primary_store_candidate
Wendy's,022d2ce8-9b0d-4a75-881a-5098b4ef2be8,Wendy's,7731 Paseo del Norte,El Paso,TX,79912,31.884723663330078,-106.57553100585938,Overture Places 2026-07-22.0,2026-07-22,open,packet_ready,primary_store_candidate
Wendy's,8e35effc-d3b0-450e-b9c8-78d74d3ebc00,Wendy's,8100 N Loop Dr,El Paso,TX,79907-4113,31.727327346801758,-106.34652709960938,Overture Places 2026-07-22.0,2026-07-22,open,packet_ready,primary_store_candidate
Wendy's,2d895542-b408-4451-9f53-52ee2bb01745,Wendy's,825 Zaragoza Rd,El Paso,TX,79907,31.70650291442871,-106.31658935546875,Overture Places 2026-07-22.0,2026-07-22,open,packet_ready,primary_store_candidate
Wendy's,86caaad3-1b4f-4913-9bfd-b19d7f54431e,Wendy's,911 Sunland Park Dr,El Paso,TX,79922-1323,31.814189910888672,-106.55220031738281,Overture Places 2026-07-22.0,2026-07-22,open,packet_ready,primary_store_candidate
Wendy's,117745ef-633d-4d43-a1c9-493bcb5d354d,Wendy's,9150 Viscount Blvd,El Paso,TX,79925-6512,31.773027420043945,-106.36769104003906,Overture Places 2026-07-22.0,2026-07-22,open,packet_ready,primary_store_candidate
Wendy's,31d053b6-1df6-4a26-8a47-452d77a27782,Wendy's,9516 Dyer St,El Paso,TX,79924-4702,31.882123947143555,-106.41973114013672,Overture Places 2026-07-22.0,2026-07-22,open,packet_ready,primary_store_candidate
Wendy's,df7ccd75-2e46-472a-8e77-c3ff763271b4,Wendy's,1002 E Ennis Ave,Ennis,TX,75119-4341,32.33293533325195,-96.6179428100586,Overture Places 2026-07-22.0,2026-07-22,open,packet_ready,primary_store_candidate
Wendy's,9e5ef38d-d580-484a-b25e-05080d13377d,Wendy's,1600 10th St,Floresville,TX,78114-2412,29.136804580688477,-98.1474609375,Overture Places 2026-07-22.0,2026-07-22,open,packet_ready,primary_store_candidate
Wendy's,5bfa613e-9602-4ff6-8278-5196fbc5b6a1,Wendy's,2041 FM-407,Flower Mound,TX,75028-3800,33.07133102416992,-97.05947875976562,Overture Places 2026-07-22.0,2026-07-22,open,packet_ready,primary_store_candidate
Wendy's,d0f71c27-9a73-42ac-9a7c-7b9b6812ee1f,Wendy's,2120 Long Prairie Rd,Flower Mound,TX,75022-4829,33.01572799682617,-97.0699234008789,Overture Places 2026-07-22.0,2026-07-22,open,packet_ready,primary_store_candidate
Wendy's,261f1ab1-514b-4641-97c1-6382be9b4374,Wendy's,850 E US-80,Forney,TX,75126-8603,32.742889404296875,-96.44662475585938,Overture Places 2026-07-22.0,2026-07-22,open,packet_ready,primary_store_candidate
Wendy's,d93d3521-885c-40d3-94fa-65be3a86fcce,Wendy's,14160 Trinity Blvd,Fort Worth,TX,76155-2502,32.821773529052734,-97.05848693847656,Overture Places 2026-07-22.0,2026-07-22,open,packet_ready,primary_store_candidate
Wendy's,5f6d4bae-e3cb-4a93-90bd-b24e67cc82b2,Wendy's,1500 Eastchase Pkwy,Fort Worth,TX,76120-4404,32.75688934326172,-97.16832733154297,Overture Places 2026-07-22.0,2026-07-22,open,packet_ready,primary_store_candidate
Wendy's,19037f0d-3520-452c-bf38-2a47e762818d,Wendy's,1751 S Cherry Ln,Fort Worth,TX,76108-3601,32.74020004272461,-97.45140075683594,Overture Places 2026-07-22.0,2026-07-22,open,packet_ready,primary_store_candidate
Wendy's,bb9f6a4e-de0d-439c-86e6-aaca2d28c51e,Wendy's,2101 Sycamore School Rd,Fort Worth,TX,76134-5039,32.634456634521484,-97.35076904296875,Overture Places 2026-07-22.0,2026-07-22,open,packet_ready,primary_store_candidate
Wendy's,01dd62c0-db46-46c1-809c-7362c1db2768,Wendy's,2317 W Berry St,Fort Worth,TX,76110-2817,32.71287155151367,-97.28466033935547,Overture Places 2026-07-22.0,2026-07-22,open,packet_ready,primary_store_candidate
Wendy's,82b6433b-d1e8-45f5-a45b-1dfcd3c2d641,Wendy's,2801 N Tarrant Pkwy,Fort Worth,TX,76177-2215,32.899017333984375,-97.31986236572266,Overture Places 2026-07-22.0,2026-07-22,open,packet_ready,primary_store_candidate
Wendy's,4b985070-d44b-443d-a118-4de07e31e108,Wendy's,3815 SW Loop 820,Fort Worth,TX,76133-2025,32.672271728515625,-97.3764419555664,Overture Places 2026-07-22.0,2026-07-22,open,packet_ready,primary_store_candidate
Wendy's,038b3cd4-8452-4a68-b31f-4d979928177b,Wendy's,5900 Camp Bowie Blvd,Fort Worth,TX,76107-5010,32.73051452636719,-97.41180419921875,Overture Places 2026-07-22.0,2026-07-22,open,packet_ready,primary_store_candidate
Wendy's,050d474c-c83a-4cdf-9644-0f316b03944f,Wendy's,6250 Oakmont Blvd,Fort Worth,TX,76132,32.663291931152344,-97.40353393554688,Overture Places 2026-07-22.0,2026-07-22,open,packet_ready,primary_store_candidate
Wendy's,fc4d9b7e-414a-49e3-919b-ed92e191ace1,Wendy's,6716 Bridge St,Fort Worth,TX,76112-0816,32.76515197753906,-97.2166519165039,Overture Places 2026-07-22.0,2026-07-22,open,packet_ready,primary_store_candidate
Wendy's,4c1c06ed-3f3d-4181-94a3-f47515210a14,Wendy's,7701 Summer Creek Dr,Fort Worth,TX,76123-2497,32.63133239746094,-97.4068832397461,Overture Places 2026-07-22.0,2026-07-22,open,packet_ready,primary_store_candidate
Wendy's,8abd5d82-2b62-4716-8216-ab140fb71891,Wendy's,9541 White Settlement Rd,Fort Worth,TX,76108-4405,32.761234283447266,-97.48262786865234,Overture Places 2026-07-22.0,2026-07-22,open,packet_ready,primary_store_candidate
Wendy's,b24acb27-2df1-413d-887c-5a022aee5d95,Wendy's,104 E Edgewood Dr,Friendswood,TX,77546-3819,29.53424644470215,-95.2056884765625,Overture Places 2026-07-22.0,2026-07-22,open,packet_ready,primary_store_candidate
Wendy's,60a52d25-2c7d-470c-a5f4-a112d77cfe3a,Wendy's,3101 FM 528 Rd,Friendswood,TX,77546,29.52216911315918,-95.15873718261719,Overture Places 2026-07-22.0,2026-07-22,open,packet_ready,primary_store_candidate
Wendy's,dca878d1-f552-4017-ab49-6cd2cf59c86e,Wendy's,12150 FM 423,Frisco,TX,75033-5219,33.179344177246094,-96.88651275634766,Overture Places 2026-07-22.0,2026-07-22,open,packet_ready,primary_store_candidate
Wendy's,9323df42-1381-4050-a4ca-0e0f26d5b4c7,Wendy's,3208 Preston Rd,Frisco,TX,75034-9445,33.10519027709961,-96.80498504638672,Overture Places 2026-07-22.0,2026-07-22,open,packet_ready,primary_store_candidate
Wendy's,2e7949b4-7944-4c31-a131-a52420cfad9a,Wendy's,5555 Eldorado Pkwy,Frisco,TX,75033-3204,33.174400329589844,-96.8380355834961,Overture Places 2026-07-22.0,2026-07-22,open,packet_ready,primary_store_candidate
Wendy's,92378c17-e7bc-4ff6-8fd5-2298475f5b61,Wendy's,5622 FM 423,Frisco,TX,75036-9218,33.12583923339844,-96.89048767089844,Overture Places 2026-07-22.0,2026-07-22,open,packet_ready,primary_store_candidate
Wendy's,ab921ee0-c77c-4694-ace3-9381b0128481,Wendy's,7201 Preston Rd,Frisco,TX,75034-5617,33.138145446777344,-96.80500793457031,Overture Places 2026-07-22.0,2026-07-22,open,packet_ready,primary_store_candidate
Wendy's,9d58beac-cc46-4cac-a883-1e68316d950a,Wendy's,8820 FM 423,Frisco,TX,75036-8719,33.152061462402344,-96.89031982421875,Overture Places 2026-07-22.0,2026-07-22,open,packet_ready,primary_store_candidate
Wendy's,7d84da00-7588-45d5-a42b-427515bca618,Wendy's,3707 I-35 Frontage Rd,Gainesville,TX,76240,33.66954803466797,-97.15264892578125,Overture Places 2026-07-22.0,2026-07-22,open,packet_ready,primary_store_candidate
Wendy's,49897547-0735-4d47-bf4b-8c5151c18a90,Wendy's,2328 Seawall Blvd,Galveston,TX,77550-7940,29.289514541625977,-94.78949737548828,Overture Places 2026-07-22.0,2026-07-22,open,packet_ready,primary_store_candidate
Wendy's,d181e31f-64cb-4e65-91aa-f67307fa91b1,Wendy's,1310 W Centerville Rd,Garland,TX,75041-5907,32.85676574707031,-96.6472396850586,Overture Places 2026-07-22.0,2026-07-22,open,packet_ready,primary_store_candidate
Wendy's,a86a7688-dcbc-4ce6-9b13-420d6ff4c265,Wendy's,1905 S Garland Ave,Garland,TX,75040-7640,32.89540100097656,-96.6493911743164,Overture Places 2026-07-22.0,2026-07-22,open,packet_ready,primary_store_candidate
Wendy's,20966e1b-88d9-4b4d-a41c-233a7d59fcee,Wendy's,3232 Lavon Dr,Garland,TX,75040-2908,32.9466438293457,-96.62008666992188,Overture Places 2026-07-22.0,2026-07-22,open,packet_ready,primary_store_candidate
Wendy's,1f051f7d-0b61-4d0e-acf1-e5ac7a0334c4,Wendy's,501 W I-30 W,Garland,TX,75043,32.84084701538086,-96.59632110595703,Overture Places 2026-07-22.0,2026-07-22,open,packet_ready,primary_store_candidate
Wendy's,301b7274-554e-40d2-8952-d78f548eb7f6,Wendy's,5235 N Garland Ave,Garland,TX,75040-2714,32.96376419067383,-96.64525604248047,Overture Places 2026-07-22.0,2026-07-22,open,packet_ready,primary_store_candidate
Wendy's,7a90a21b-5382-4556-9179-d1ddccd07c28,Wendy's,1102 Rivery Blvd,Georgetown,TX,78628-3009,30.645008087158203,-97.68647766113281,Overture Places 2026-07-22.0,2026-07-22,open,packet_ready,primary_store_candidate
Wendy's,4f2e0fcf-7e78-4d2d-b2d7-6bff5bae17da,Wendy's,425 E US Highway 377,Granbury,TX,76048-2555,32.4338493347168,-97.78208923339844,Overture Places 2026-07-22.0,2026-07-22,open,packet_ready,primary_store_candidate
Wendy's,88b0e1e4-13c7-4eed-9ef6-96c6c192e794,Wendy's,1130 Arkansas Ln,Grand Prairie,TX,75052-7371,32.70573043823242,-97.02182006835938,Overture Places 2026-07-22.0,2026-07-22,open,packet_ready,primary_store_candidate
Wendy's,da6892bd-7c6c-49b4-803f-71ef0cf9f499,Wendy's,2554 I-20 W,Grand Prairie,TX,75052-7280,32.677940368652344,-97.0429916381836,Overture Places 2026-07-22.0,2026-07-22,open,packet_ready,primary_store_candidate
Wendy's,da0a29b9-406e-458b-9a9d-a11a36944eb5,Wendy's,2964 W Camp Wisdom Rd,Grand Prairie,TX,75052-4460,32.648231506347656,-97.05711364746094,Overture Places 2026-07-22.0,2026-07-22,open,packet_ready,primary_store_candidate
Wendy's,af7f3309-243e-4fc5-81d3-3e8804eaa0ae,Wendy's,Crossroads Mall 6834 Wesley St,Greenville,TX,75402,33.102359771728516,-96.1100845336914,Overture Places 2026-07-22.0,2026-07-22,open,packet_ready,primary_store_candidate
Wendy's,5b3ba879-ed25-42ba-a683-bbc66b1baf2e,Wendy's,4600 Twin City Hwy,Groves,TX,77619-3037,29.93758773803711,-93.93524169921875,Overture Places 2026-07-22.0,2026-07-22,open,packet_ready,primary_store_candidate
Wendy's,b3d1598d-3950-454a-9770-6a640d31f567,Wendy's,1415 N Ed Carey Dr,Harlingen,TX,78550-8220,26.171876907348633,-97.67484283447266,Overture Places 2026-07-22.0,2026-07-22,open,packet_ready,primary_store_candidate
Wendy's,7ce25c25-8253-4e80-b5b3-91dfbe597860,Wendy's,401 Dixieland Rd,Harlingen,TX,78552-5908,26.187522888183594,-97.72106170654297,Overture Places 2026-07-22.0,2026-07-22,open,packet_ready,primary_store_candidate
Wendy's,19ff26a9-bbd7-4b45-9018-1fa8a650e22c,Wendy's,902 N 77 Sunshine Strip,Harlingen,TX,78550,26.20145034790039,-97.68152618408203,Overture Places 2026-07-22.0,2026-07-22,open,packet_ready,primary_store_candidate
Wendy's,d1c32320-384c-4b04-8aae-9fac150e2e39,Wendy's,1100 W 1st St,Hereford,TX,79045-6008,34.81024932861328,-102.40837097167969,Overture Places 2026-07-22.0,2026-07-22,open,packet_ready,primary_store_candidate
Wendy's,2aa59b95-aebb-4b58-bcd9-65e58dda6375,Wendy's,302 I-35 Hwy NE,Hillsboro,TX,76645-2741,32.017974853515625,-97.09468078613281,Overture Places 2026-07-22.0,2026-07-22,open,packet_ready,primary_store_candidate
Wendy's,3cff0ede-bc36-4792-9a34-61dff8e3b282,Wendy's,14493 Horizon Blvd,Horizon City,TX,79928,31.68349266052246,-106.18802642822266,Overture Places 2026-07-22.0,2026-07-22,open,packet_ready,primary_store_candidate
Wendy's,a7ce1301-851f-44af-b34a-9a19e67e88e0,Wendy's,10235 Almeda Genoa Rd,Houston,TX,77075-2421,29.627954483032227,-95.23188018798828,Overture Places 2026-07-22.0,2026-07-22,open,packet_ready,primary_store_candidate
Wendy's,c7671977-2b6a-445e-b0f9-de772f10ca9b,Wendy's,10715 North Fwy,Houston,TX,77037-1129,29.920825958251953,-95.4134292602539,Overture Places 2026-07-22.0,2026-07-22,open,packet_ready,primary_store_candidate
Wendy's,75f7d828-27ce-4524-83dd-2382e0103209,Wendy's,10731 W Bellfort St,Houston,TX,77099-4748,29.654762268066406,-95.56953430175781,Overture Places 2026-07-22.0,2026-07-22,open,packet_ready,primary_store_candidate
Wendy's,cc48d487-646b-4dc5-b3b9-b1e94cc1fbf9,Wendy's,10780 Westheimer Rd,Houston,TX,77042-3404,29.737205505371094,-95.56674194335938,Overture Places 2026-07-22.0,2026-07-22,open,packet_ready,primary_store_candidate
Wendy's,7babedf9-996f-4fb4-be19-e5a55a148863,Wendy's,10953 FM-1960 W,Houston,TX,77070-6315,29.93317222595215,-95.58360290527344,Overture Places 2026-07-22.0,2026-07-22,open,packet_ready,primary_store_candidate
Wendy's,a5342987-5922-46e0-9cde-5ab7ba6e1e8b,Wendy's,1127 W Rankin Rd,Houston,TX,77067,29.964820861816406,-95.43592071533203,Overture Places 2026-07-22.0,2026-07-22,open,packet_ready,primary_store_candidate
Wendy's,826caa46-7b75-417f-8272-a28be133b4c5,Wendy's,1225 Gessner Dr,Houston,TX,77055-6013,29.79060173034668,-95.54505157470703,Overture Places 2026-07-22.0,2026-07-22,open,packet_ready,primary_store_candidate
Wendy's,d3a562fd-f360-4a46-a48e-b4b53ab86931,Wendy's,12486 Northwest Fwy,Houston,TX,77092-3114,29.83814239501953,-95.488037109375,Overture Places 2026-07-22.0,2026-07-22,open,packet_ready,primary_store_candidate
Wendy's,72698dcc-92dd-443f-8c97-73d25e9fba48,Wendy's,12611 Louetta Rd,Houston,TX,77429-5136,29.9959774017334,-95.6155776977539,Overture Places 2026-07-22.0,2026-07-22,open,packet_ready,primary_store_candidate
Wendy's,24258ba9-96c4-43c2-acdd-68aaf3197def,Wendy's,12707 N Gessner Dr,Houston,TX,77064-1175,29.95564842224121,-95.54534149169922,Overture Places 2026-07-22.0,2026-07-22,open,packet_ready,primary_store_candidate
Wendy's,e5e4efee-5df7-4a92-a861-d843bbad1fe1,Wendy's,13334 State Highway 249,Houston,TX,77086-3129,29.915090560913086,-95.48524475097656,Overture Places 2026-07-22.0,2026-07-22,open,packet_ready,primary_store_candidate
Wendy's,67edcb79-83e5-4bb2-907f-0c7323e5721c,Wendy's,14027 Westheimer Rd,Houston,TX,77077-5360,29.735437393188477,-95.63707733154297,Overture Places 2026-07-22.0,2026-07-22,open,packet_ready,primary_store_candidate
Wendy's,2bd38de1-5075-40ff-88be-eef7153e77bc,Wendy's,14304 Gulf Fwy,Houston,TX,77034,29.597501754760742,-95.19906616210938,Overture Places 2026-07-22.0,2026-07-22,open,packet_ready,primary_store_candidate
Wendy's,bbb29644-cdc5-4d5f-8139-4e955cb3eefe,Wendy's,14323 E Sam Houston Pkwy N,Houston,TX,77044-6363,29.928808212280273,-95.2040023803711,Overture Places 2026-07-22.0,2026-07-22,open,packet_ready,primary_store_candidate
Wendy's,58dceb47-58e1-48ae-b71d-b8a111c58df9,Wendy's,14602 Perthshire Rd,Houston,TX,77079-7651,29.773937225341797,-95.60679626464844,Overture Places 2026-07-22.0,2026-07-22,open,packet_ready,primary_store_candidate
Wendy's,f40e0965-2f33-4f7b-b8cf-f8105fcf6343,Wendy's,15130 Aldine Westfield Rd,Houston,TX,77032-3004,29.93790626525879,-95.35584259033203,Overture Places 2026-07-22.0,2026-07-22,open,packet_ready,primary_store_candidate
Wendy's,963a3476-68d9-4e8b-8996-a83a0da719e1,Wendy's,15355 Wallisville Rd,Houston,TX,77049-4615,29.80867576599121,-95.16563415527344,Overture Places 2026-07-22.0,2026-07-22,open,packet_ready,primary_store_candidate
Wendy's,5703d0a5-7bbe-4293-90dc-a7a5f6024ac1,Wendy's,16500 El Camino Real,Houston,TX,77062-5723,29.55780029296875,-95.12361907958984,Overture Places 2026-07-22.0,2026-07-22,open,packet_ready,primary_store_candidate
Wendy's,64b80e2f-8d5c-4e66-ba40-6d2311820f84,Wendy's,2007 Durham Dr,Houston,TX,77007-1947,29.778261184692383,-95.41107177734375,Overture Places 2026-07-22.0,2026-07-22,open,packet_ready,primary_store_candidate
Wendy's,4c4289eb-a5bf-49c0-a776-c1619de44404,Wendy's,210 Patton St,Houston,TX,77009-3916,29.797571182250977,-95.36991119384766,Overture Places 2026-07-22.0,2026-07-22,open,packet_ready,primary_store_candidate
Wendy's,cee3d810-dc5d-493c-9aa5-85675c83fac0,Wendy's,22523 Imperial Valley Dr,Houston,TX,77073,30.022062301635742,-95.4205551147461,Overture Places 2026-07-22.0,2026-07-22,open,packet_ready,primary_store_candidate
Wendy's,c8adde5f-6165-4921-91fb-84eb79dd25c2,Wendy's,243 Greens Rd,Houston,TX,77060-1332,29.94991683959961,-95.41297912597656,Overture Places 2026-07-22.0,2026-07-22,open,packet_ready,primary_store_candidate
Wendy's,d3a90cdb-2383-4234-82be-3969a028eb29,Wendy's,2800 Terminal Rd N Terminal A,Houston,TX,77032-5569,29.986833572387695,-95.33946990966797,Overture Places 2026-07-22.0,2026-07-22,open,packet_ready,primary_store_candidate
Wendy's,6a027bec-c395-4f1e-8895-ff79edf47ccc,Wendy's,2928 Woodridge Dr,Houston,TX,77087-2505,29.69947624206543,-95.297119140625,Overture Places 2026-07-22.0,2026-07-22,open,packet_ready,primary_store_candidate
Wendy's,95a20c59-1ef3-4ccf-8657-15a52a4ec2ff,Wendy's,3010 Barker Cypress Rd,Houston,TX,77084-5602,29.812881469726562,-95.6863784790039,Overture Places 2026-07-22.0,2026-07-22,open,packet_ready,primary_store_candidate
Wendy's,9cb938df-b313-4c16-b920-7d1b253ff8bd,Wendy's,3303 W Lake Houston Pkwy,Houston,TX,77339-5201,30.0543270111084,-95.1867904663086,Overture Places 2026-07-22.0,2026-07-22,open,packet_ready,primary_store_candidate
Wendy's,51070a67-fd87-48dc-aba0-179efc66a5b2,Wendy's,3508 S Dairy Ashford St,Houston,TX,77082-5511,29.723398208618164,-95.60564422607422,Overture Places 2026-07-22.0,2026-07-22,open,packet_ready,primary_store_candidate
Wendy's,ffcde9a3-94cf-49e4-aa28-6a26b3481a4f,Wendy's,3710 Scott St,Houston,TX,77004-4745,29.72222328186035,-95.35203552246094,Overture Places 2026-07-22.0,2026-07-22,open,packet_ready,primary_store_candidate
Wendy's,c660ba8d-a8d2-42b1-816a-d256dab5eba0,Wendy's,3910 Old Spanish Trl,Houston,TX,77021-1425,29.702922821044922,-95.35762786865234,Overture Places 2026-07-22.0,2026-07-22,open,packet_ready,primary_store_candidate
Wendy's,e242717c-31a8-4b0b-aa32-85072325a197,Wendy's,5000 Cypress Creek Pkwy,Houston,TX,77069,29.985179901123047,-95.50395202636719,Overture Places 2026-07-22.0,2026-07-22,open,packet_ready,primary_store_candidate
Wendy's,d7a7298a-f9db-4ed4-ac63-33c579d15aac,Wendy's,5003 Kirby Dr,Houston,TX,77098-5009,29.727733612060547,-95.41829681396484,Overture Places 2026-07-22.0,2026-07-22,open,packet_ready,primary_store_candidate
Wendy's,bec13aeb-8718-4f26-955f-cf738d1cd6cf,Wendy's,5916 Richmond Ave,Houston,TX,77057-6317,29.731855392456055,-95.48294830322266,Overture Places 2026-07-22.0,2026-07-22,open,packet_ready,primary_store_candidate
Wendy's,34cbf87a-f0e5-4f4c-af7a-3ba5523d61d5,Wendy's,6101 Hillcroft Ave,Houston,TX,77081-1003,29.715076446533203,-95.49650573730469,Overture Places 2026-07-22.0,2026-07-22,open,packet_ready,primary_store_candidate
Wendy's,7484a176-2651-4e41-a6ea-1d546c530e54,Wendy's,7090 W Orem Dr,Houston,TX,77085-4500,29.627418518066406,-95.4944839477539,Overture Places 2026-07-22.0,2026-07-22,open,packet_ready,primary_store_candidate
Wendy's,6401ea3f-2dd4-4972-952f-2cb04bb9f7a8,Wendy's,715 W 28th St,Houston,TX,77008-1707,29.81224822998047,-95.41124725341797,Overture Places 2026-07-22.0,2026-07-22,open,packet_ready,primary_store_candidate
Wendy's,2aec81cd-dfd0-4f94-96b6-d50c36ede133,Wendy's,7215 Fondren Rd,Houston,TX,77036-5813,29.702213287353516,-95.5195083618164,Overture Places 2026-07-22.0,2026-07-22,open,packet_ready,primary_store_candidate
Wendy's,0eeea97c-bca2-4958-b398-b94fb1a263c1,Wendy's,7760 W Bellfort Ave,Houston,TX,77071-2105,29.656253814697266,-95.51355743408203,Overture Places 2026-07-22.0,2026-07-22,open,packet_ready,primary_store_candidate
Wendy's,51f6e4fd-f796-4723-aa5b-b99202b6c27d,Wendy's,7800 Airport Blvd,Houston,TX,77061-4129,29.652822494506836,-95.27667236328125,Overture Places 2026-07-22.0,2026-07-22,open,packet_ready,primary_store_candidate
Wendy's,ebf124e7-44be-462d-9efa-5fbff857c430,Wendy's,7920 Howard Dr,Houston,TX,77017-4610,29.676193237304688,-95.2666244506836,Overture Places 2026-07-22.0,2026-07-22,open,packet_ready,primary_store_candidate
Wendy's,a1d83c71-e37a-4b07-a2b7-512307fe4b61,Wendy's,8436 TX-6 N,Houston,TX,77095-2004,29.901151657104492,-95.63407897949219,Overture Places 2026-07-22.0,2026-07-22,open,packet_ready,primary_store_candidate
Wendy's,85fa242f-84fa-4832-b149-b7665820adaa,Wendy's,9035 West Rd,Houston,TX,77064-8660,29.90328598022461,-95.55438232421875,Overture Places 2026-07-22.0,2026-07-22,open,packet_ready,primary_store_candidate
Wendy's,f7bb099b-636f-40a3-844a-52f8b0ec8038,Wendy's,9145 Highway 6 S,Houston,TX,77083-6377,29.679655075073242,-95.64302825927734,Overture Places 2026-07-22.0,2026-07-22,open,packet_ready,primary_store_candidate
Wendy's,18281b9f-6719-47ec-b486-8d43d6bce7a0,Wendy's,9409 Fuqua St,Houston,TX,77075-3908,29.611520767211914,-95.2494125366211,Overture Places 2026-07-22.0,2026-07-22,open,packet_ready,primary_store_candidate
Wendy's,8050d8f8-b014-4b92-99f4-3b941f2f6719,Wendy's,9500 Main St,Houston,TX,77025-4532,29.682031631469727,-95.42472076416016,Overture Places 2026-07-22.0,2026-07-22,open,packet_ready,primary_store_candidate
Wendy's,92a075d9-3914-401c-8650-549aae524f6e,Wendy's,10015 FM 1960 Rd W,Humble,TX,77338-3515,30.005491256713867,-95.27066040039062,Overture Places 2026-07-22.0,2026-07-22,open,packet_ready,primary_store_candidate
Wendy's,a2350197-967e-4ab1-829a-dfc239639628,Wendy's,7206 FM-1960 E,Humble,TX,77346-3133,29.997800827026367,-95.16838073730469,Overture Places 2026-07-22.0,2026-07-22,open,packet_ready,primary_store_candidate
Wendy's,446a1c7e-3b60-4e76-b32f-bc6e0737059f,Wendy's,639 State Highway 75 N,Huntsville,TX,77320-1081,30.738479614257812,-95.59347534179688,Overture Places 2026-07-22.0,2026-07-22,open,packet_ready,primary_store_candidate
Wendy's,9208f0aa-88f6-4bfa-aa82-3b4934d39331,Wendy's,70 Chris Kelley Blvd,Hutto,TX,78634-5298,30.538898468017578,-97.56366729736328,Overture Places 2026-07-22.0,2026-07-22,open,packet_ready,primary_store_candidate
Wendy's,2d4e3ec3-01b6-4e09-9101-0b3a1d983c07,Wendy's,1000 W Walnut Hill Ln,Irving,TX,75038-2601,32.884490966796875,-96.96311950683594,Overture Places 2026-07-22.0,2026-07-22,open,packet_ready,primary_store_candidate
Wendy's,7a509964-bb3e-4c33-922c-697e5e47b700,Wendy's,1725 N Belt Line Rd,Irving,TX,75061-1507,32.83235549926758,-96.99423217773438,Overture Places 2026-07-22.0,2026-07-22,open,packet_ready,primary_store_candidate
Wendy's,56c6bb0e-8280-4726-9d44-e46ace056315,Wendy's,3990 N. Beltline Rd.,Irving,TX,75038,32.86043167114258,-96.9914779663086,Overture Places 2026-07-22.0,2026-07-22,open,packet_ready,primary_store_candidate
Wendy's,aba618ff-c5d8-4b09-988a-b4e1526b80f5,Wendy's,7700 N MacArthur Blvd,Irving,TX,75063-7514,32.91123962402344,-96.95813751220703,Overture Places 2026-07-22.0,2026-07-22,open,packet_ready,primary_store_candidate
Wendy's,3f25e1fe-9f46-444a-a2bf-f97bc0d1792e,Wendy's,13745 N Interstate 35,Jarrell,TX,76537-1184,30.838333129882812,-97.59893798828125,Overture Places 2026-07-22.0,2026-07-22,open,packet_ready,primary_store_candidate
Wendy's,9ef832bb-2d16-45b1-bb8e-9cd13c1aed3c,Wendy's,1484 Katy Fort Bend Rd,Katy,TX,77493-3178,29.793893814086914,-95.80123901367188,Overture Places 2026-07-22.0,2026-07-22,open,packet_ready,primary_store_candidate
Wendy's,8a1d5f83-b7f9-4941-8c54-3a2b60eca5bf,Wendy's,1717 Spring Green Blvd,Katy,TX,77494-6911,29.76228904724121,-95.84146118164062,Overture Places 2026-07-22.0,2026-07-22,open,packet_ready,primary_store_candidate
Wendy's,40ffb9d2-e529-49fd-84df-99b6c9cc80e2,Wendy's,2201 S Mason Rd,Katy,TX,77450-6248,29.747636795043945,-95.75096893310547,Overture Places 2026-07-22.0,2026-07-22,open,packet_ready,primary_store_candidate
Wendy's,01be18a1-1d05-4295-803c-28cd6112133e,Wendy's,25540 Kingsland Blvd,Katy,TX,77494-2002,29.77393341064453,-95.81563568115234,Overture Places 2026-07-22.0,2026-07-22,open,packet_ready,primary_store_candidate
Wendy's,56e2809c-de67-4dc4-ac8b-101f1f583e06,Wendy's,2930 N Mason Rd,Katy,TX,77449-5456,29.816680908203125,-95.75162506103516,Overture Places 2026-07-22.0,2026-07-22,open,packet_ready,primary_store_candidate
Wendy's,22e2fe89-ae9a-408d-91be-fd668cbf162e,Wendy's,306 S Fry Rd,Katy,TX,77450-2211,29.78143310546875,-95.71849822998047,Overture Places 2026-07-22.0,2026-07-22,open,packet_ready,primary_store_candidate
Wendy's,7407aa98-0e1e-4a6f-b9a9-7ec66a673c90,Wendy's,5929 FM 1463 Rd,Katy,TX,77494,29.705177307128906,-95.84545135498047,Overture Places 2026-07-22.0,2026-07-22,open,packet_ready,primary_store_candidate
Wendy's,97bb8e7e-82e2-478a-9da9-cf83e965677c,Wendy's,325 FM-2094,Kemah,TX,77565-2686,29.540334701538086,-95.0246353149414,Overture Places 2026-07-22.0,2026-07-22,open,packet_ready,primary_store_candidate
Wendy's,41e33e81-650d-4d28-9c6b-edb48c146fbf,Wendy's,1220 Junction Hwy,Kerrville,TX,78028-4906,30.06201171875,-99.16948699951172,Overture Places 2026-07-22.0,2026-07-22,open,packet_ready,primary_store_candidate
Wendy's,dbbc066c-0bd2-44d0-b977-caa89d5873d2,Wendy's,4401 State Highway 42,Kilgore,TX,75662-5291,32.431129455566406,-94.86385345458984,Overture Places 2026-07-22.0,2026-07-22,open,packet_ready,primary_store_candidate
Wendy's,af97b95f-bf7a-47cb-84e7-0513bdc76a07,Wendy's,1201 S Fort Hood St,Killeen,TX,76542-1307,31.1072998046875,-97.7486343383789,Overture Places 2026-07-22.0,2026-07-22,open,packet_ready,primary_store_candidate
Wendy's,5092cae7-3c69-46ad-8d86-115c17521b6a,Wendy's,2008 E Central Texas Expy,Killeen,TX,76541-9160,31.090272903442383,-97.72106170654297,Overture Places 2026-07-22.0,2026-07-22,open,packet_ready,primary_store_candidate
Wendy's,4af32c0c-953b-42fc-a0ee-42fa86c1d5ad,Wendy's,3816 S Clear Creek Rd,Killeen,TX,76549,31.101228713989258,-97.80362701416016,Overture Places 2026-07-22.0,2026-07-22,open,packet_ready,primary_store_candidate
Wendy's,7eee1fac-5521-4684-b750-ad0ece36cd9e,Wendy's,1404 E General Cavazos Blvd,Kingsville,TX,78363-7144,27.49208641052246,-97.8501968383789,Overture Places 2026-07-22.0,2026-07-22,open,packet_ready,primary_store_candidate
Wendy's,3dcdec8e-fb4a-43ed-8e85-5822b939a84c,Wendy's,590 Kingwood Dr,Kingwood,TX,77339-4473,30.0510311126709,-95.24601745605469,Overture Places 2026-07-22.0,2026-07-22,open,packet_ready,primary_store_candidate
Wendy's,4c5c1dba-b311-40f4-8bb7-243f8d988339,Wendy's,20584 Ih 35,Kyle,TX,78640,30.01217269897461,-97.8599853515625,Overture Places 2026-07-22.0,2026-07-22,open,packet_ready,primary_store_candidate
Wendy's,af67a027-733b-4fac-b859-173b615740ff,Wendy's,2800 FM 1764 Rd,La Marque,TX,77568-2481,29.40106773376465,-95.03599548339844,Overture Places 2026-07-22.0,2026-07-22,open,packet_ready,primary_store_candidate
Wendy's,63ddf6e7-5f60-4757-bff5-8e3393d9949f,Wendy's,97 Oyster Creek Dr,Lake Jackson,TX,77566-4464,29.04286003112793,-95.44481658935547,Overture Places 2026-07-22.0,2026-07-22,open,packet_ready,primary_store_candidate
Wendy's,ef2376b6-625e-4a6c-8b0a-63bc32aa4ba2,Wendy's,6348 Lake Worth Blvd,Lake Worth,TX,76135-3602,32.810302734375,-97.4227523803711,Overture Places 2026-07-22.0,2026-07-22,open,packet_ready,primary_store_candidate
Wendy's,2bed2bd7-74de-4495-b54b-fb11e26a89b8,Wendy's,2404 Ranch Road 620 S,Lakeway,TX,78738-5600,30.340377807617188,-97.9695816040039,Overture Places 2026-07-22.0,2026-07-22,open,packet_ready,primary_store_candidate
Wendy's,f2bec69b-17f0-45b3-ad92-f63593be66ea,Wendy's,2301 Lubbock Hwy,Lamesa,TX,79331-2715,32.75643539428711,-101.94683074951172,Overture Places 2026-07-22.0,2026-07-22,open,packet_ready,primary_store_candidate
Wendy's,82391710-6e95-460a-9cd7-059b6b385207,Wendy's,10219 McPherson Rd,Laredo,TX,78045-6523,27.602928161621094,-99.47727966308594,Overture Places 2026-07-22.0,2026-07-22,open,packet_ready,primary_store_candidate
Wendy's,10bbe524-ebcb-43ec-be35-933e730f11ce,Wendy's,1212 E Del Mar Blvd,Laredo,TX,78041,27.574237823486328,-99.47409057617188,Overture Places 2026-07-22.0,2026-07-22,open,packet_ready,primary_store_candidate
Wendy's,cac2ad92-8a77-4e85-946e-9629de45f202,Wendy's,1319 San Bernardo Ave,Laredo,TX,78040-6304,27.51127815246582,-99.5044174194336,Overture Places 2026-07-22.0,2026-07-22,open,packet_ready,primary_store_candidate
Wendy's,c3f04ca7-6733-4a55-9d0b-dc656d93332b,Wendy's,1520 E Saunders St,Laredo,TX,78041-5834,27.530973434448242,-99.48057556152344,Overture Places 2026-07-22.0,2026-07-22,open,packet_ready,primary_store_candidate
Wendy's,55274504-19fd-4027-9a27-55fadb477001,Wendy's,20002 Fm 1472,Laredo,TX,78045,27.651851654052734,-99.6259536743164,Overture Places 2026-07-22.0,2026-07-22,open,packet_ready,primary_store_candidate
Wendy's,5603bc66-be35-4a9d-963f-a5c3757ce994,Wendy's,2330 Bob Bullock Loop,Laredo,TX,78043,27.518821716308594,-99.44908905029297,Overture Places 2026-07-22.0,2026-07-22,open,packet_ready,primary_store_candidate
Wendy's,42a86343-d44b-488b-8ba4-3671f03a7e72,Wendy's,4719 San Bernardo Ave,Laredo,TX,78041-5721,27.543886184692383,-99.50389862060547,Overture Places 2026-07-22.0,2026-07-22,open,packet_ready,primary_store_candidate
Wendy's,8bd334a6-2059-407d-b06c-ff89f04cd4e5,Wendy's,611 Rancho Viejo Dr,Laredo,TX,78045-8654,27.591135025024414,-99.51268768310547,Overture Places 2026-07-22.0,2026-07-22,open,packet_ready,primary_store_candidate
Wendy's,fda13930-d837-4b05-a2ec-80ee8f79ef20,Wendy's,1750 W Main St,League City,TX,77573-3547,29.502931594848633,-95.1159896850586,Overture Places 2026-07-22.0,2026-07-22,open,packet_ready,primary_store_candidate
Wendy's,74833d78-0244-455a-bf2b-d1ffb3607119,Wendy's,2535 E League City Pkwy,League City,TX,77573-6460,29.5030460357666,-95.04322814941406,Overture Places 2026-07-22.0,2026-07-22,open,packet_ready,primary_store_candidate
Wendy's,e1fb94a0-c4e4-49d8-84bd-db319156c157,Wendy's,10747 E Crystal Falls Pkwy,Leander,TX,78641-2245,30.565048217773438,-97.82316589355469,Overture Places 2026-07-22.0,2026-07-22,open,packet_ready,primary_store_candidate
Wendy's,5e9e7982-bcfc-4a28-9d61-f90e8c62bea2,Wendy's,2146 S State Highway 121,Lewisville,TX,75067-6577,33.0111198425293,-96.99259948730469,Overture Places 2026-07-22.0,2026-07-22,open,packet_ready,primary_store_candidate
Wendy's,29fe6031-121e-41ed-ad1c-6303046418ea,Wendy's,517 E Round Grove Rd,Lewisville,TX,75067-8310,33.005165100097656,-96.9769287109375,Overture Places 2026-07-22.0,2026-07-22,open,packet_ready,primary_store_candidate
Wendy's,734354ac-cd68-4ceb-91d8-8a9cdda059a7,Wendy's,1912 Highway 90,Liberty,TX,77575-5808,30.055883407592773,-94.79700469970703,Overture Places 2026-07-22.0,2026-07-22,open,packet_ready,primary_store_candidate
Wendy's,8d6fb6ce-f42e-4973-9b12-9057e63610f1,Wendy's,13079 W State Hwy 29,Liberty Hill,TX,78642,30.662038803100586,-97.89895629882812,Overture Places 2026-07-22.0,2026-07-22,open,packet_ready,primary_store_candidate
Wendy's,6ed862a3-750a-4ab9-a8a1-3c29b00d5080,Wendy's,1829 U S Highway 190 W,Livingston,TX,77351-4729,30.716890335083008,-94.96037292480469,Overture Places 2026-07-22.0,2026-07-22,open,packet_ready,primary_store_candidate
Wendy's,d5d1d6a4-3a5c-4780-8966-3c6d0af4d437,Wendy's,1030 S Colorado St,Lockhart,TX,78644,29.874065399169922,-97.668701171875,Overture Places 2026-07-22.0,2026-07-22,open,packet_ready,primary_store_candidate
Wendy's,c5a9e3d0-ad6c-4b0f-8c75-e889275724b1,Wendy's,2417 Gilmer Rd,Longview,TX,75604-2135,32.53303527832031,-94.78943634033203,Overture Places 2026-07-22.0,2026-07-22,open,packet_ready,primary_store_candidate
Wendy's,380ecff4-88ef-4445-bd9d-981742acc70d,Wendy's,3302 N 4th St,Longview,TX,75605,32.54197311401367,-94.73043060302734,Overture Places 2026-07-22.0,2026-07-22,open,packet_ready,primary_store_candidate
Wendy's,0ed05da4-ee3e-4f24-abfe-cd6468c5cc59,Wendy's,212 University Ave,Lubbock,TX,79415-3427,33.595340728759766,-101.87095642089844,Overture Places 2026-07-22.0,2026-07-22,open,packet_ready,primary_store_candidate
Wendy's,78eaad3a-d4cf-4d1d-91ea-9ba744ec13f4,Wendy's,2171 E Slaton Rd,Lubbock,TX,79404-68ND,33.52995681762695,-101.81172943115234,Overture Places 2026-07-22.0,2026-07-22,open,packet_ready,primary_store_candidate
Wendy's,91b27ed1-1d17-46ea-a3ce-5808ece66a9a,Wendy's,2505 S Loop 289,Lubbock,TX,79423-1426,33.528663635253906,-101.8711166381836,Overture Places 2026-07-22.0,2026-07-22,open,packet_ready,primary_store_candidate
Wendy's,392e8585-4ce1-4401-a99e-0bf949dc3ef6,Wendy's,5111 98th St,Lubbock,TX,79424-7530,33.5048828125,-101.92107391357422,Overture Places 2026-07-22.0,2026-07-22,open,packet_ready,primary_store_candidate
Wendy's,a6a929c0-d35b-4e73-84ea-96057cedcf66,Wendy's,5721 4th St,Lubbock,TX,79416-4241,33.591888427734375,-101.93936157226562,Overture Places 2026-07-22.0,2026-07-22,open,packet_ready,primary_store_candidate
Wendy's,f9db1baa-7af6-40f2-8205-f220f4395a0f,Wendy's,6815 Milwaukee Ave,Lubbock,TX,79424-1442,33.530296325683594,-101.9565200805664,Overture Places 2026-07-22.0,2026-07-22,open,packet_ready,primary_store_candidate
Wendy's,4c05705f-4d33-47b8-8b77-e3ff4718ef33,Wendy's,2213 S 1st St,Lufkin,TX,75901-5903,31.299333572387695,-94.72852325439453,Overture Places 2026-07-22.0,2026-07-22,open,packet_ready,primary_store_candidate
Wendy's,b43ecdc4-47fe-41dc-b591-cf8fb07c062b,Wendy's,518 S Main St,Lumberton,TX,77657-7375,30.247806549072266,-94.19713592529297,Overture Places 2026-07-22.0,2026-07-22,open,packet_ready,primary_store_candidate
Wendy's,bc093de2-6f97-4e24-a457-33080107622b,Wendy's,13660 FM 1488,Magnolia,TX,77354,30.223743438720703,-95.68215942382812,Overture Places 2026-07-22.0,2026-07-22,open,packet_ready,primary_store_candidate
Wendy's,93d10540-0338-4155-81a7-eb8aa6e2f000,Wendy's,11923 US Highway 290 E,Manor,TX,78653-4321,30.348735809326172,-97.54145050048828,Overture Places 2026-07-22.0,2026-07-22,open,packet_ready,primary_store_candidate
Wendy's,87f45e5a-0d05-4f57-8933-8ef5723b0f6b,Wendy's,1771 U.S. 287 Frontage Rd,Mansfield,TX,76063,32.590065002441406,-97.1428451538086,Overture Places 2026-07-22.0,2026-07-22,open,packet_ready,primary_store_candidate
Wendy's,ddfa0272-79ed-4d5c-9ed7-163642e5a73f,Wendy's,3750 E Broad St,Mansfield,TX,76063-5605,32.57903289794922,-97.07608795166016,Overture Places 2026-07-22.0,2026-07-22,open,packet_ready,primary_store_candidate
Wendy's,ad17b4e6-95ca-47a2-b753-5c86753949d7,Wendy's,20140 Highway 6,Manvel,TX,77578-3802,29.467138290405273,-95.3564682006836,Overture Places 2026-07-22.0,2026-07-22,open,packet_ready,primary_store_candidate
Wendy's,80e872cd-8169-48e1-b970-20b9aeb58210,Wendy's,1108 E Jackson Ave,McAllen,TX,78503-1607,26.190759658813477,-98.2086181640625,Overture Places 2026-07-22.0,2026-07-22,open,packet_ready,primary_store_candidate
Wendy's,a1f999a0-035b-4129-bf20-0d193e1215e1,Wendy's,2716 Nolana St,McAllen,TX,78504-4595,26.24142074584961,-98.2454605102539,Overture Places 2026-07-22.0,2026-07-22,open,packet_ready,primary_store_candidate
Wendy's,3e38611d-73d6-4cd8-a84c-6bab04d664bd,Wendy's,10950 Virginia Pkwy,McKinney,TX,75071-6151,33.204063415527344,-96.76630401611328,Overture Places 2026-07-22.0,2026-07-22,open,packet_ready,primary_store_candidate
Wendy's,fa727c62-7718-443e-bba0-7da4f7c1c66d,Wendy's,1714 W University Dr,McKinney,TX,75069-3217,33.21709060668945,-96.63324737548828,Overture Places 2026-07-22.0,2026-07-22,open,packet_ready,primary_store_candidate
Wendy's,e6cfb334-3a8e-440c-aff6-571be3cf32f5,Wendy's,1951 Eldorado Pkwy,McKinney,TX,75069-8006,33.17129135131836,-96.63876342773438,Overture Places 2026-07-22.0,2026-07-22,open,packet_ready,primary_store_candidate
Wendy's,191b9e7e-f588-4e35-ad9b-585e4498b0f7,Wendy's,5175 W University Dr,McKinney,TX,75071-4863,33.21794128417969,-96.68138122558594,Overture Places 2026-07-22.0,2026-07-22,open,packet_ready,primary_store_candidate
Wendy's,747a2876-421d-4886-a8ef-feaa2deb43e4,Wendy's,8904 State Highway 121,McKinney,TX,75070-2917,33.12712860107422,-96.73043823242188,Overture Places 2026-07-22.0,2026-07-22,open,packet_ready,primary_store_candidate
Wendy's,2af578ec-8bb9-4998-8bec-5b915bd89c18,Wendy's,2702 Sam Rayburn Hwy,Melissa,TX,75454,33.283607482910156,-96.56049346923828,Overture Places 2026-07-22.0,2026-07-22,open,packet_ready,primary_store_candidate
Wendy's,735b2fbe-cfcf-4ae1-979b-b6a9b31b0c03,Wendy's,7765 WB Frontage Rd,Mercedes,TX,78570,26.15798568725586,-97.9062728881836,Overture Places 2026-07-22.0,2026-07-22,open,packet_ready,primary_store_candidate
Wendy's,7ba86270-ff3a-4c3c-8c00-8f0356e98320,Wendy's,1230 N Town East Blvd,Mesquite,TX,75150-4606,32.81028747558594,-96.61304473876953,Overture Places 2026-07-22.0,2026-07-22,open,packet_ready,primary_store_candidate
Wendy's,6b2ae33c-7ba2-4107-82c0-9b5b63d9853a,Wendy's,1325 Gross Rd,Mesquite,TX,75149-1322,32.782508850097656,-96.62664794921875,Overture Places 2026-07-22.0,2026-07-22,open,packet_ready,primary_store_candidate
Wendy's,1117cab4-4f01-438b-9f22-cb66d41ac482,Wendy's,1800 N Belt Line Rd,Mesquite,TX,75149-1719,32.78865051269531,-96.5953598022461,Overture Places 2026-07-22.0,2026-07-22,open,packet_ready,primary_store_candidate
Wendy's,2c9081c4-5751-45b3-8493-066188941c73,Wendy's,3540 Gus Thomasson Rd,Mesquite,TX,75150-3629,32.81254959106445,-96.63436889648438,Overture Places 2026-07-22.0,2026-07-22,open,packet_ready,primary_store_candidate
Wendy's,f2939231-b596-4fca-854e-7303a9023d44,Wendy's,4412 W Loop 250 N,Midland,TX,79707-3166,32.02866744995117,-102.14727020263672,Overture Places 2026-07-22.0,2026-07-22,open,packet_ready,primary_store_candidate
Wendy's,e3befce8-b968-44f7-b64d-ca9ea51834bd,Wendy's,5516 N Big Spring St,Midland,TX,79705,32.05805969238281,-102.08348083496094,Overture Places 2026-07-22.0,2026-07-22,open,packet_ready,primary_store_candidate
Wendy's,1bff725b-5b75-4d44-a24e-20f485895d5e,Wendy's,902 Andrews Hwy,Midland,TX,79701-3823,31.999876022338867,-102.11003112792969,Overture Places 2026-07-22.0,2026-07-22,open,packet_ready,primary_store_candidate
Wendy's,7d631695-2cc3-419b-b9b8-c486ddc5e845,Wendy's,2071 S 9th St,Midlothian,TX,76065,32.4606819152832,-96.99488830566406,Overture Places 2026-07-22.0,2026-07-22,open,packet_ready,primary_store_candidate
Wendy's,b1d2d013-3291-4c42-aabe-7f5ae98fd910,Wendy's,900 W Water,Milford,TX,76670,32.13372039794922,-96.95236206054688,Overture Places 2026-07-22.0,2026-07-22,open,packet_ready,primary_store_candidate
Wendy's,f377df41-1928-4f58-b82d-4821cfed8723,Wendy's,2507 E Expressway 83,Mission,TX,78572-6697,26.196197509765625,-98.28216552734375,Overture Places 2026-07-22.0,2026-07-22,open,packet_ready,primary_store_candidate
Wendy's,e4c301a3-3ef1-42b8-a399-b06ef6eb0de1,Wendy's,5515 Highway Six,Missouri City,TX,77459-3969,29.5722713470459,-95.57009887695312,Overture Places 2026-07-22.0,2026-07-22,open,packet_ready,primary_store_candidate
Wendy's,3ebc64aa-db24-448d-abbc-da63ba3243f6,Wendy's,9819 Highway Six,Missouri City,TX,77459-4771,29.535400390625,-95.51937866210938,Overture Places 2026-07-22.0,2026-07-22,open,packet_ready,primary_store_candidate
Wendy's,217536ca-1d08-41c3-81f4-a2ce87a5e3c2,Wendy's,2300 TX-464 Loop,Monahans,TX,79756,31.569538116455078,-102.90779876708984,Overture Places 2026-07-22.0,2026-07-22,open,packet_ready,primary_store_candidate
Wendy's,38ac7804-c277-4f3c-95fd-2094e339779d,Wendy's,11319 Eagle Dr.,Mont Belvieu,TX,77523,29.85411262512207,-94.8638687133789,Overture Places 2026-07-22.0,2026-07-22,open,packet_ready,primary_store_candidate
Wendy's,ad35b7fb-986d-4809-b3c3-788763f9e797,Wendy's,15295 Highway 105 W,Montgomery,TX,77356-5685,30.35763168334961,-95.59556579589844,Overture Places 2026-07-22.0,2026-07-22,open,packet_ready,primary_store_candidate
Wendy's,4adf7bb5-a36a-4269-8744-68d51f6cb0d7,Wendy's,19990 Eva St,Montgomery,TX,77356,30.388113021850586,-95.6750717163086,Overture Places 2026-07-22.0,2026-07-22,open,packet_ready,primary_store_candidate
Wendy's,577c469e-3b6b-4959-ab68-02b4e1ce7b5c,Wendy's,205 W FM 544,Murphy,TX,75094-4586,33.01190948486328,-96.61625671386719,Overture Places 2026-07-22.0,2026-07-22,open,packet_ready,primary_store_candidate
Wendy's,b5687d5f-bb24-49c3-bc44-6f0a6a120edd,Wendy's,1702 Nasa Rd 1,Nassau Bay,TX,77058-3501,29.549053192138672,-95.0949478149414,Overture Places 2026-07-22.0,2026-07-22,open,packet_ready,primary_store_candidate
Wendy's,19cb46d1-50aa-411c-b515-c5b24a3a93c8,Wendy's,21548 FM471,Natalia,TX,78059,29.184724807739258,-98.84642791748047,Overture Places 2026-07-22.0,2026-07-22,open,packet_ready,primary_store_candidate
Wendy's,bff20351-ccbc-40b7-9177-6e327fc6a6e1,Wendy's,2912 Highway 365,Nederland,TX,77627-7828,29.952651977539062,-93.98860168457031,Overture Places 2026-07-22.0,2026-07-22,open,packet_ready,primary_store_candidate
Wendy's,ef80aef5-89b9-4edd-a1e1-f69120114bef,Wendy's,907 N McCoy Blvd,New Boston,TX,75570-1705,33.47738265991211,-94.40989685058594,Overture Places 2026-07-22.0,2026-07-22,open,packet_ready,primary_store_candidate
Wendy's,591e2bff-b2ef-4822-8f4e-6fbca30f009d,Wendy's,143 S State Highway 46,New Braunfels,TX,78130-3215,29.7017765045166,-98.09504699707031,Overture Places 2026-07-22.0,2026-07-22,open,packet_ready,primary_store_candidate
Wendy's,ebead956-6f5d-4a8d-8e14-47f3d2bb1eb3,Wendy's,1687 S State Highway 46,New Braunfels,TX,78130,29.677509307861328,-98.05978393554688,Overture Places 2026-07-22.0,2026-07-22,open,packet_ready,primary_store_candidate
Wendy's,0d121906-a122-489e-ab31-2334bfce1402,Wendy's,2308 State Hwy 46 W,New Braunfels,TX,78132,29.72238540649414,-98.178466796875,Overture Places 2026-07-22.0,2026-07-22,open,packet_ready,primary_store_candidate
Wendy's,bd037e03-5eee-470c-abd1-5b0acdff5b6f,Wendy's,5161 Rufe Snow Dr,North Richland Hills,TX,76180-6001,32.84306716918945,-97.23921203613281,Overture Places 2026-07-22.0,2026-07-22,open,packet_ready,primary_store_candidate
Wendy's,17bb539d-70f6-48b2-b5cf-170fa6a12bec,Wendy's,2646 John Ben Shepperd Pkwy,Odessa,TX,79761-1947,31.87887191772461,-102.32877349853516,Overture Places 2026-07-22.0,2026-07-22,open,packet_ready,primary_store_candidate
Wendy's,cdfe89d3-ced6-422d-b2f5-0980135b5478,Wendy's,3801 Andrews Hwy,Odessa,TX,79762-5501,31.87994384765625,-102.38456726074219,Overture Places 2026-07-22.0,2026-07-22,open,packet_ready,primary_store_candidate
Wendy's,0a2fe707-c1d3-46e6-b7fb-7765faa086b6,Wendy's,4070 Faudree Rd,Odessa,TX,79765,31.91636085510254,-102.2887954711914,Overture Places 2026-07-22.0,2026-07-22,open,packet_ready,primary_store_candidate
Wendy's,c620c02a-452e-4ff1-aa66-16fbe175b028,Wendy's,2205 N. Highway 62,Orange,TX,77630,30.111753463745117,-93.82192993164062,Overture Places 2026-07-22.0,2026-07-22,open,packet_ready,primary_store_candidate
Wendy's,684cf50a-efed-49b9-9851-8626d1e11a7b,Wendy's,839 E Palma Vista Dr,Palmview,TX,78572-1908,26.23064613342285,-98.3625259399414,Overture Places 2026-07-22.0,2026-07-22,open,packet_ready,primary_store_candidate
Wendy's,3ed38a2e-cb52-4379-aec9-9f28c3621aff,Wendy's,1205 N Hobart St,Pampa,TX,79065-4605,35.545345306396484,-100.97246551513672,Overture Places 2026-07-22.0,2026-07-22,open,packet_ready,primary_store_candidate
Wendy's,c658c8bb-98fe-4ee9-8fe6-21e132959c9e,Wendy's,301 W Southmore Ave,Pasadena,TX,77502-1005,29.690431594848633,-95.21449279785156,Overture Places 2026-07-22.0,2026-07-22,open,packet_ready,primary_store_candidate
Wendy's,edc837fc-577a-4744-9f78-6aed355fc9ee,Wendy's,4014 Spencer Hwy,Pasadena,TX,77504-1202,29.66484260559082,-95.18211364746094,Overture Places 2026-07-22.0,2026-07-22,open,packet_ready,primary_store_candidate
Wendy's,9e7a15d3-781c-4533-ab5c-ddac97c08338,Wendy's,7444 Spencer Hwy,Pasadena,TX,77505-1812,29.663257598876953,-95.12355041503906,Overture Places 2026-07-22.0,2026-07-22,open,packet_ready,primary_store_candidate
Wendy's,387ce465-7f08-4dfb-80f7-946d757f4747,Wendy's,11011 Magnolia Pkwy,Pearland,TX,77584-2476,29.541933059692383,-95.3903579711914,Overture Places 2026-07-22.0,2026-07-22,open,packet_ready,primary_store_candidate
Wendy's,03adcf6b-1636-4c55-b388-bebeda7d5cbf,Wendy's,11615 Shadow Creek Pkwy,Pearland,TX,77584-7262,29.579917907714844,-95.39685821533203,Overture Places 2026-07-22.0,2026-07-22,open,packet_ready,primary_store_candidate
Wendy's,15099799-00ce-4edd-93a7-f71cf6f1359d,Wendy's,11630 Broadway St,Pearland,TX,77584-3780,29.555076599121094,-95.40058135986328,Overture Places 2026-07-22.0,2026-07-22,open,packet_ready,primary_store_candidate
Wendy's,4ced68bb-4f87-40d4-b33c-e64b540aacfb,Wendy's,101 W Lincoln St,Pecos,TX,79772-7024,31.407379150390625,-103.48680877685547,Overture Places 2026-07-22.0,2026-07-22,open,packet_ready,primary_store_candidate
Wendy's,77d1f272-93f5-41fe-9712-66b047600004,Wendy's,2013 US-83,Penitas,TX,78576,26.243101119995117,-98.43981170654297,Overture Places 2026-07-22.0,2026-07-22,open,packet_ready,primary_store_candidate
Wendy's,8ff386f5-6743-46f5-ba18-77c725c214c2,Wendy's,2401 S Main St,Perryton,TX,79070,36.37638473510742,-100.80181884765625,Overture Places 2026-07-22.0,2026-07-22,open,packet_ready,primary_store_candidate
Wendy's,7ea78792-da22-4fe7-bb4d-2128765b9245,Wendy's,1425 Wells Branch Pkwy,Pflugerville,TX,78660-3136,30.44062614440918,-97.66432189941406,Overture Places 2026-07-22.0,2026-07-22,open,packet_ready,primary_store_candidate
Wendy's,c2fdd8ef-4e97-4ebb-adb9-f3ff11e26737,Wendy's,3200 Custer Rd,Plano,TX,75075-2058,33.04025650024414,-96.73297119140625,Overture Places 2026-07-22.0,2026-07-22,open,packet_ready,primary_store_candidate
Wendy's,de87c8bf-ca05-4006-9a87-28af8b62e27d,Wendy’s,5800 Legacy Dr,Plano,TX,75024,33.07719039916992,-96.82219696044922,Overture Places 2026-07-22.0,2026-07-22,open,packet_ready,primary_store_candidate
Wendy's,824fdf24-ba36-4073-9edd-9360f7940db9,Wendy's,6108 W Park Blvd,Plano,TX,75093-6202,33.02702713012695,-96.83180236816406,Overture Places 2026-07-22.0,2026-07-22,open,packet_ready,primary_store_candidate
Wendy's,30b41497-b108-445d-8d26-e7b054cb5ed5,Wendy's,6912 Coit Rd,Plano,TX,75023-1004,33.070552825927734,-96.77129364013672,Overture Places 2026-07-22.0,2026-07-22,open,packet_ready,primary_store_candidate
Wendy's,4dfc7a10-d604-44ab-926a-9278ab23f16d,Wendy's,709 W Spring Creek Pkwy,Plano,TX,75023-4604,33.0573844909668,-96.70775604248047,Overture Places 2026-07-22.0,2026-07-22,open,packet_ready,primary_store_candidate
Wendy's,c0177152-0c95-4c09-9165-b26d9061fc5b,Wendy's,109963 Ih 37 Ste 100,Pleasanton,TX,78064,28.995492935180664,-98.43281555175781,Overture Places 2026-07-22.0,2026-07-22,open,packet_ready,primary_store_candidate
Wendy's,e6063e6d-2344-47bc-99da-56144c6e10b8,Wendy's,23611 US-59,Porter,TX,77365-4992,30.10458755493164,-95.23550415039062,Overture Places 2026-07-22.0,2026-07-22,open,packet_ready,primary_store_candidate
Wendy's,a69f3e04-c0f4-49f5-b074-7b9e27d122bf,Wendy's,590 W Princeton Dr,Princeton,TX,75407-9150,33.175411224365234,-96.50910949707031,Overture Places 2026-07-22.0,2026-07-22,open,packet_ready,primary_store_candidate
Wendy's,7eb97a9f-8eb1-4b53-b052-042f601504f9,Wendy's,200 S Interstate 35 Service Rd,Red Oak,TX,75154,32.51669692993164,-96.82095336914062,Overture Places 2026-07-22.0,2026-07-22,open,packet_ready,primary_store_candidate
Wendy's,6f822270-4b4e-46ca-8110-160ea8be5e1c,Wendy's,1345 E Belt Line Rd,Richardson,TX,75081-3710,32.94573974609375,-96.70049285888672,Overture Places 2026-07-22.0,2026-07-22,open,packet_ready,primary_store_candidate
Wendy's,c16686df-9b4b-4802-ad4a-062e70049d81,Wendy's,3521 Custer Pkwy,Richardson,TX,75080-1014,33.000205993652344,-96.73023986816406,Overture Places 2026-07-22.0,2026-07-22,open,packet_ready,primary_store_candidate
Wendy's,dcc2fd5e-379b-4c52-866b-88b94fa88300,Wendy's,935 E Campbell Rd,Richardson,TX,75081-1819,32.975894927978516,-96.7094497680664,Overture Places 2026-07-22.0,2026-07-22,open,packet_ready,primary_store_candidate
Wendy's,d5325121-48c2-4271-8ae7-a2b03f20dfa9,Wendy's,11310 Old FM-1464,Richmond,TX,77407,29.64983558654785,-95.67976379394531,Overture Places 2026-07-22.0,2026-07-22,open,packet_ready,primary_store_candidate
Wendy's,677cbf50-cb1b-49c1-bdf6-a9fded61dfca,Wendy's,19225 W Bellfort St,Richmond,TX,77407-9001,29.66015625,-95.71784210205078,Overture Places 2026-07-22.0,2026-07-22,open,packet_ready,primary_store_candidate
Wendy's,a694650d-6ab7-4de7-9869-1f97193365ed,Wendy's,21950 Williams Way,Richmond,TX,77469,29.55821418762207,-95.71513366699219,Overture Places 2026-07-22.0,2026-07-22,open,packet_ready,primary_store_candidate
Wendy's,ef610d00-6b31-43ae-9068-b92629876eb3,Wendy's,4559 E US Highway 83,Rio Grande City,TX,78582-7023,26.368457794189453,-98.79496765136719,Overture Places 2026-07-22.0,2026-07-22,open,packet_ready,primary_store_candidate
Wendy's,0e0f38bc-2903-41cf-9779-a4a8c92726f2,Wendy's,1204 N Front St,Roanoke,TX,76262-9122,33.013397216796875,-97.21963500976562,Overture Places 2026-07-22.0,2026-07-22,open,packet_ready,primary_store_candidate
Wendy's,c97bde96-3625-4ff4-9a4b-94caa9186ba8,Wendy's,8055 Interstate 35 S,Robinson,TX,76706-7196,31.45633316040039,-97.17158508300781,Overture Places 2026-07-22.0,2026-07-22,open,packet_ready,primary_store_candidate
Wendy's,07c45a48-38f4-49d6-a503-fe237048de9f,Wendy's,2545 Ridge Rd,Rockwall,TX,75087-5510,32.89931869506836,-96.46810913085938,Overture Places 2026-07-22.0,2026-07-22,open,packet_ready,primary_store_candidate
Wendy's,dc937530-b89b-4e49-876b-a322e6db7e6c,Wendy's,27943 Southwest Fwy,Rosenberg,TX,77471-7102,29.53125,-95.80635833740234,Overture Places 2026-07-22.0,2026-07-22,open,packet_ready,primary_store_candidate
Wendy's,ff98a6ce-94f4-4050-a930-aa702b05a450,Wendy's,17560 RR-620,Round Rock,TX,78681,30.506641387939453,-97.71758270263672,Overture Places 2026-07-22.0,2026-07-22,open,packet_ready,primary_store_candidate
Wendy's,4d8421e6-5325-46d7-9bf1-0e6555190b6f,Wendy's,4849 N Interstate 35,Round Rock,TX,78664-2420,30.569669723510742,-97.691650390625,Overture Places 2026-07-22.0,2026-07-22,open,packet_ready,primary_store_candidate
Wendy's,6f8c24b1-400c-4454-ab75-7dc7f6c9564e,Wendy's,607 Louis Henna Blvd,Round Rock,TX,78664-7399,30.48240089416504,-97.65806579589844,Overture Places 2026-07-22.0,2026-07-22,open,packet_ready,primary_store_candidate
Wendy's,b09d8447-89bc-420c-a936-d298429cea2e,Wendy's,2509 Lakeview Pkwy,Rowlett,TX,75088-3350,32.908172607421875,-96.57720184326172,Overture Places 2026-07-22.0,2026-07-22,open,packet_ready,primary_store_candidate
Wendy's,74e568b8-2dac-4d81-b382-b22c5fec1086,Wendy's,8901 Lakeview Pkwy,Rowlett,TX,75088-4533,32.918922424316406,-96.51566314697266,Overture Places 2026-07-22.0,2026-07-22,open,packet_ready,primary_store_candidate
Wendy's,4aae0e92-2214-4281-b170-5df5f45188ca,Wendy's,1317 N Saginaw Blvd,Saginaw,TX,76179-5095,32.88191223144531,-97.38325500488281,Overture Places 2026-07-22.0,2026-07-22,open,packet_ready,primary_store_candidate
Wendy's,2beb85e8-b00a-492c-b8c3-817d5a1f9cb1,Wendy's,2812 N Bryant Blvd,San Angelo,TX,76903-2865,31.484046936035156,-100.4613265991211,Overture Places 2026-07-22.0,2026-07-22,open,packet_ready,primary_store_candidate
Wendy's,4348999f-cfac-4a8a-9568-b12d77c3693c,Wendy's,5555 Sherwood Way,San Angelo,TX,76904-9738,31.42789077758789,-100.51081085205078,Overture Places 2026-07-22.0,2026-07-22,open,packet_ready,primary_store_candidate
Wendy's,fa0aa95a-ac7b-4cb3-ae29-883099c0788c,Wendy's,10738 Potranco Rd,San Antonio,TX,78251,29.435266494750977,-98.70562744140625,Overture Places 2026-07-22.0,2026-07-22,open,packet_ready,primary_store_candidate
Wendy's,a0c7f95f-697b-4435-bf32-63cb2f229e73,Wendy's,10926 Culebra Rd,San Antonio,TX,78253-7326,29.495168685913086,-98.70890045166016,Overture Places 2026-07-22.0,2026-07-22,open,packet_ready,primary_store_candidate
Wendy's,4f20b5d4-d842-4794-96cd-e9d752d7cc1f,Wendy's,111 N WW White Rd,San Antonio,TX,78219-4114,29.4332275390625,-98.40596771240234,Overture Places 2026-07-22.0,2026-07-22,open,packet_ready,primary_store_candidate
Wendy's,c3a4ae18-23fb-451f-82c0-1000c8ca2012,Wendy's,11652 Bandera Rd,San Antonio,TX,78250-6855,29.55303382873535,-98.66558074951172,Overture Places 2026-07-22.0,2026-07-22,open,packet_ready,primary_store_candidate
Wendy's,95cd35fd-7f6b-4bd1-87b4-6634e5ceba03,Wendy's,11919 Perrin Beitel Rd,San Antonio,TX,78217-2127,29.54889678955078,-98.40900421142578,Overture Places 2026-07-22.0,2026-07-22,open,packet_ready,primary_store_candidate
Wendy's,22c8ccc6-cfb7-4ef4-8515-1cac6273e7a9,Wendy's,1402 Cupples Rd,San Antonio,TX,78226-1208,29.394147872924805,-98.54930877685547,Overture Places 2026-07-22.0,2026-07-22,open,packet_ready,primary_store_candidate
Wendy's,22673093-339a-4e95-96a9-7c3ed6cd5455,Wendy's,1410 Austin Hwy,San Antonio,TX,78209-4338,29.49108123779297,-98.43850708007812,Overture Places 2026-07-22.0,2026-07-22,open,packet_ready,primary_store_candidate
Wendy's,5fb67859-03d6-4440-a4d5-a6d335bd4cd6,Wendy's,16611 Nacogdoches Rd,San Antonio,TX,78247-1012,29.591529846191406,-98.35330963134766,Overture Places 2026-07-22.0,2026-07-22,open,packet_ready,primary_store_candidate
Wendy's,c1452d42-b31b-4f9e-96ce-591f71733da2,Wendy's,17702 Bulverde Rd,San Antonio,TX,78259,29.602540969848633,-98.41816711425781,Overture Places 2026-07-22.0,2026-07-22,open,packet_ready,primary_store_candidate
Wendy's,0c1e816a-a6af-4211-829a-fceb682e0843,Wendy's,19140 Stone Oak Pkwy,San Antonio,TX,78258-3221,29.625024795532227,-98.49445343017578,Overture Places 2026-07-22.0,2026-07-22,open,packet_ready,primary_store_candidate
Wendy's,b5128cd9-3f31-45bb-8c96-60d1de755884,Wendy's,2343 SW Military Dr,San Antonio,TX,78224-1406,29.356924057006836,-98.53186798095703,Overture Places 2026-07-22.0,2026-07-22,open,packet_ready,primary_store_candidate
Wendy's,0c4f22e9-bebe-4dd4-9439-a7de17ba19a5,Wendy's,2422 E Southcross Blvd,San Antonio,TX,78223-2206,29.375083923339844,-98.45579528808594,Overture Places 2026-07-22.0,2026-07-22,open,packet_ready,primary_store_candidate
Wendy's,90ba81a5-9058-408c-b376-8d09484b4a2c,Wendy's,430 San Pedro Ave,San Antonio,TX,78212-5553,29.437713623046875,-98.49715423583984,Overture Places 2026-07-22.0,2026-07-22,open,packet_ready,primary_store_candidate
Wendy's,92a2e1ad-0969-4671-a041-9aaba3299e7f,Wendy's,4445 W Commerce St,San Antonio,TX,78237-1627,29.43071746826172,-98.54952239990234,Overture Places 2026-07-22.0,2026-07-22,open,packet_ready,primary_store_candidate
Wendy's,f1952059-0610-4f07-b402-1408beb29b48,Wendy's,5121 NW I-410-LOOP,San Antonio,TX,78229-5315,29.487165451049805,-98.5890121459961,Overture Places 2026-07-22.0,2026-07-22,open,packet_ready,primary_store_candidate
Wendy's,1708e98c-2ca8-47c2-b3e3-adc712001101,Wendy's,514 W Cevallos,San Antonio,TX,78204-3205,29.410987854003906,-98.50680541992188,Overture Places 2026-07-22.0,2026-07-22,open,packet_ready,primary_store_candidate
Wendy's,bd34b5c4-b7c5-4b1c-a23d-258447ab4fa6,Wendy's,5195 De Zavala Rd,San Antonio,TX,78249-2026,29.565458297729492,-98.58592987060547,Overture Places 2026-07-22.0,2026-07-22,open,packet_ready,primary_store_candidate
Wendy's,6d368b5d-fad3-4f3a-954e-27114afbcabf,Wendy's,607 SW Military Dr,San Antonio,TX,78221-1638,29.35703468322754,-98.5006103515625,Overture Places 2026-07-22.0,2026-07-22,open,packet_ready,primary_store_candidate
Wendy's,a8e6f902-9ec1-43f5-8da8-8f11bf801859,Wendy's,6827 W Military Dr,San Antonio,TX,78227-3609,29.40504264831543,-98.6300277709961,Overture Places 2026-07-22.0,2026-07-22,open,packet_ready,primary_store_candidate
Wendy's,e20e2099-a6b9-4f17-b0e9-d30cd54d8972,Wendy's,7039 Culebra Rd,San Antonio,TX,78238-4603,29.452472686767578,-98.62861633300781,Overture Places 2026-07-22.0,2026-07-22,open,packet_ready,primary_store_candidate
Wendy's,1035e997-ad2b-476c-b76a-732109e8136f,Wendy's,715 West Ave,San Antonio,TX,78201-4352,29.469375610351562,-98.5261459350586,Overture Places 2026-07-22.0,2026-07-22,open,packet_ready,primary_store_candidate
Wendy's,866b396f-ddcd-4ccb-bd7a-283bd64727a2,Wendy's,742 Seguin St,San Antonio,TX,78208-2044,29.43824005126953,-98.4510498046875,Overture Places 2026-07-22.0,2026-07-22,open,packet_ready,primary_store_candidate
Wendy's,d69b0786-d1f4-4422-b27b-1c6b36dc6eb1,Wendy's,7662 Guilbeau Rd,San Antonio,TX,78250-3225,29.51885223388672,-98.63890838623047,Overture Places 2026-07-22.0,2026-07-22,open,packet_ready,primary_store_candidate
Wendy's,c636f0b1-706c-4c62-9e0d-55a2692edfd1,Wendy's,7727 Wurzbach Rd,San Antonio,TX,78229-4422,29.510129928588867,-98.5808334350586,Overture Places 2026-07-22.0,2026-07-22,open,packet_ready,primary_store_candidate
Wendy's,78c05629-5128-45f7-9fa5-fb2c7d7457bf,Wendy's,8814 Perrin Beitel Rd,San Antonio,TX,78217-4823,29.520278930664062,-98.41061401367188,Overture Places 2026-07-22.0,2026-07-22,open,packet_ready,primary_store_candidate
Wendy's,fcd370f7-1637-4e00-b56c-acfcfc592223,Wendy's,9307 Potranco Rd,San Antonio,TX,78251-3028,29.442243576049805,-98.66741943359375,Overture Places 2026-07-22.0,2026-07-22,open,packet_ready,primary_store_candidate
Wendy's,8ba9906c-503d-453b-9092-ddf46628d3dd,Wendy's,9340 Wurzbach Rd,San Antonio,TX,78240-1064,29.529273986816406,-98.56364440917969,Overture Places 2026-07-22.0,2026-07-22,open,packet_ready,primary_store_candidate
Wendy's,37d5325e-0043-4d1a-9cd0-4d3d45c56d03,Wendy's,9503 Middlex Dr,San Antonio,TX,78217,29.527359008789062,-98.45940399169922,Overture Places 2026-07-22.0,2026-07-22,open,packet_ready,primary_store_candidate
Wendy's,d60a1137-4e17-419e-a07c-d5c98b4249fd,Wendy's,9535 Culebra Rd,San Antonio,TX,78251-3751,29.48733901977539,-98.67025756835938,Overture Places 2026-07-22.0,2026-07-22,open,packet_ready,primary_store_candidate
Wendy's,418cca1a-ad69-4f3e-b96c-479cfc9bb4a0,Wendy's,4001 IH-35 Frontage Rd,San Marcos,TX,78666-9377,29.826730728149414,-97.98565673828125,Overture Places 2026-07-22.0,2026-07-22,open,packet_ready,primary_store_candidate
Wendy's,cc0e5a19-9d8d-4ffa-b8b5-bdaa7a15ec5d,Wendy's,701 E Hopkins St,San Marcos,TX,78666-7053,29.884445190429688,-97.92362213134766,Overture Places 2026-07-22.0,2026-07-22,open,packet_ready,primary_store_candidate
Wendy's,0c7b6f5c-c5d1-4e87-8473-742b59f26977,Wendy's,5550 FM 3009,Schertz,TX,78154-3207,29.601655960083008,-98.27761840820312,Overture Places 2026-07-22.0,2026-07-22,open,packet_ready,primary_store_candidate
Wendy's,16367e94-5efb-45cb-82a3-3bf182c6487b,Wendy's,605 E Malloy Bridge Rd,Seagoville,TX,75159-1817,32.64849090576172,-96.53308868408203,Overture Places 2026-07-22.0,2026-07-22,open,packet_ready,primary_store_candidate
Wendy's,d492b728-308e-4135-bdc6-ed6e3aac574b,Wendy's,1848 Beckendorff Rd,Sealy,TX,77474,29.751094818115234,-96.26660919189453,Overture Places 2026-07-22.0,2026-07-22,open,packet_ready,primary_store_candidate
Wendy's,15f73295-1a52-4e38-844d-c2ba7164a394,Wendy's,2460 FM-464,Seguin,TX,78155-3157,29.572437286376953,-98.01708221435547,Overture Places 2026-07-22.0,2026-07-22,open,packet_ready,primary_store_candidate
Wendy's,07ef80e7-4a8d-4ea2-a0e4-fd4effc0aa23,Wendy's,498 S Highway 123 Byp,Seguin,TX,78155-1479,29.5660343170166,-97.94163513183594,Overture Places 2026-07-22.0,2026-07-22,open,packet_ready,primary_store_candidate
Wendy's,9133c315-de82-4e82-8bdc-5031c2bf0e15,Wendy's,8171 Agora Pkwy,Selma,TX,78154-1317,29.56710433959961,-98.330322265625,Overture Places 2026-07-22.0,2026-07-22,open,packet_ready,primary_store_candidate
Wendy's,ee1e6dbf-1597-479c-822d-4eecf1debb14,Wendy's,4100 US-75 N,Sherman,TX,75090-0530,33.6816520690918,-96.6089859008789,Overture Places 2026-07-22.0,2026-07-22,open,packet_ready,primary_store_candidate
Wendy's,defb1d46-5af3-4a73-b90a-166237d6db88,Wendy's,10630 N Loop Dr,Socorro,TX,79927-4613,31.65393829345703,-106.2707748413086,Overture Places 2026-07-22.0,2026-07-22,open,packet_ready,primary_store_candidate
Wendy's,1ad41b31-2947-4ab1-886c-2118df1b4b3d,Wendy's,2130 E Southlake Blvd,Southlake,TX,76092-6506,32.941383361816406,-97.12144470214844,Overture Places 2026-07-22.0,2026-07-22,open,packet_ready,primary_store_candidate
Wendy's,e2fe7825-c9be-47b4-94f9-5b9b62509cf8,Wendy's,1481 Spring Cypress Rd,Spring,TX,77373-2544,30.073001861572266,-95.43470764160156,Overture Places 2026-07-22.0,2026-07-22,open,packet_ready,primary_store_candidate
Wendy's,9ce4a72e-1f96-4e38-a65d-a55f68361ad3,Wendy's,21130 Kuykendahl Rd,Spring,TX,77379-3300,30.075410842895508,-95.51434326171875,Overture Places 2026-07-22.0,2026-07-22,open,packet_ready,primary_store_candidate
Wendy's,24233d0a-356c-4cb5-8bbd-f755529d83cd,Wendy's,505 Sawdust Rd,Spring,TX,77380-2244,30.126346588134766,-95.44989013671875,Overture Places 2026-07-22.0,2026-07-22,open,packet_ready,primary_store_candidate
Wendy's,a9832ef7-1f9f-4bfb-8f45-c54278e25f4f,Wendy's,8735 Spring-Cypress Rd,Spring,TX,77379-3134,30.033477783203125,-95.55451202392578,Overture Places 2026-07-22.0,2026-07-22,open,packet_ready,primary_store_candidate
Wendy's,ea3597d0-0a92-4ac2-90ee-2b0b7cfc113f,Wendy's,13693 Murphy Rd,Stafford,TX,77477-4907,29.625036239624023,-95.56434631347656,Overture Places 2026-07-22.0,2026-07-22,open,packet_ready,primary_store_candidate
Wendy's,ccc93cbe-4109-4114-8d58-87e14b3ffd80,Wendy's,1083 W Washington St,Stephenville,TX,76401-4801,32.21641540527344,-98.21114349365234,Overture Places 2026-07-22.0,2026-07-22,open,packet_ready,primary_store_candidate
Wendy's,a9d58c85-c8d6-480b-9ef4-2387b5d85bb8,Wendy's,16710 Southwest Fwy,Sugar Land,TX,77479-2569,29.591732025146484,-95.63455963134766,Overture Places 2026-07-22.0,2026-07-22,open,packet_ready,primary_store_candidate
Wendy's,ffd38c13-3f8b-4cb7-b6f9-5bda8683ce35,Wendy's,18911 University Blvd,Sugar Land,TX,77479,29.549880981445312,-95.58319854736328,Overture Places 2026-07-22.0,2026-07-22,open,packet_ready,primary_store_candidate
Wendy's,ee0ba6c7-284b-4511-81f9-15c90d241937,Wendy's,131 Industrial Dr E,Sulphur Springs,TX,75482-4801,33.11728286743164,-95.59546661376953,Overture Places 2026-07-22.0,2026-07-22,open,packet_ready,primary_store_candidate
Wendy's,87155e40-509b-4f8e-a7df-1cbf7574b974,Wendy's,4961 US-290 E,Sunset Valley,TX,78735-6705,30.232168197631836,-97.81907653808594,Overture Places 2026-07-22.0,2026-07-22,open,packet_ready,primary_store_candidate
Wendy's,d0dd135c-21f8-4ff5-ae15-88882950bf4f,Wendy's,403 NE Georgia Ave,Sweetwater,TX,79556-8238,32.451698303222656,-100.39444732666016,Overture Places 2026-07-22.0,2026-07-22,open,packet_ready,primary_store_candidate
Wendy's,ae5fc70e-2bd2-46de-b0ce-85a8aec59760,Wendy's,776 Main St,Teague,TX,75860-1630,31.62639045715332,-96.27456665039062,Overture Places 2026-07-22.0,2026-07-22,open,packet_ready,primary_store_candidate
Wendy's,c250ee1b-8e65-4d9d-b050-89ae5cda0981,Wendy's,1348 SW H K Dodgen Loop,Temple,TX,76504-7100,31.07488441467285,-97.36875915527344,Overture Places 2026-07-22.0,2026-07-22,open,packet_ready,primary_store_candidate
Wendy's,24912988-d215-42b1-bf45-32b5bd500835,Wendy's,290 E Interstate 20,Terrell,TX,75160-5410,32.700538635253906,-96.27674865722656,Overture Places 2026-07-22.0,2026-07-22,open,packet_ready,primary_store_candidate
Wendy's,76a5a478-b195-46cc-8be0-ff0ace25cfba,Wendy's,3737 New Boston Rd,Texarkana,TX,75501-3143,33.44282531738281,-94.09575653076172,Overture Places 2026-07-22.0,2026-07-22,open,packet_ready,primary_store_candidate
Wendy's,450a1ea5-b483-4fd5-a605-a6fb728791e8,Wendy's,4201 N State Line Ave,Texarkana,TX,75503-3136,33.45777893066406,-94.04351043701172,Overture Places 2026-07-22.0,2026-07-22,open,packet_ready,primary_store_candidate
Wendy's,58d21200-d887-4a1c-8f91-38b01ebb1d5b,Wendy's,2805 Palmer Hwy,Texas City,TX,77590-6931,29.394960403442383,-94.93560791015625,Overture Places 2026-07-22.0,2026-07-22,open,packet_ready,primary_store_candidate
Wendy's,f4d2d232-60cd-42ef-a0cc-6d12e9021bb4,Wendy's,5309 State Highway 121,The Colony,TX,75056-3802,33.073143005371094,-96.8752212524414,Overture Places 2026-07-22.0,2026-07-22,open,packet_ready,primary_store_candidate
Wendy's,278edde9-8cc4-43b5-b1a5-4661671e5130,Wendy's,3032 College Park Dr,The Woodlands,TX,77384-8002,30.208024978637695,-95.46048736572266,Overture Places 2026-07-22.0,2026-07-22,open,packet_ready,primary_store_candidate
Wendy's,e76b8981-90cc-4dff-a029-4f64527d0eeb,Wendy's,6670 Woodlands Pkwy,The Woodlands,TX,77382-2567,30.18134117126465,-95.53622436523438,Overture Places 2026-07-22.0,2026-07-22,open,packet_ready,primary_store_candidate
Wendy's,74ca71a9-0566-4db4-bde4-99ff6f95d07d,Wendy's,3920 S Southwest Loop 323,Tyler,TX,75701-9234,32.3067741394043,-95.33621978759766,Overture Places 2026-07-22.0,2026-07-22,open,packet_ready,primary_store_candidate
Wendy's,f67568c9-77d7-441c-8e2c-b1eed9272626,Wendy's,427 Front St,Tyler,TX,75702,32.346866607666016,-95.30503845214844,Overture Places 2026-07-22.0,2026-07-22,open,packet_ready,primary_store_candidate
Wendy's,225db28e-ec75-4b0e-a55b-d61cd982d1f4,Wendy's,526 E Main St,Uvalde,TX,78801-5715,29.212858200073242,-99.77729797363281,Overture Places 2026-07-22.0,2026-07-22,open,packet_ready,primary_store_candidate
Wendy's,d589038d-f0fb-42cf-816f-74f9f40bbf2d,Wendy's,133 S Oak St,Van,TX,75790-3516,32.5047492980957,-95.64234924316406,Overture Places 2026-07-22.0,2026-07-22,open,packet_ready,primary_store_candidate
Wendy's,0068ab4a-978b-42a1-8f81-1c8435b3e3e6,Wendy's,501 Van Horn St,Van Horn,TX,79855,31.036123275756836,-104.83013916015625,Overture Places 2026-07-22.0,2026-07-22,open,packet_ready,primary_store_candidate
Wendy's,afe23c08-e9b8-43ff-9db4-faa35dd98e5e,Wendy's,2901 Houston Hwy,Victoria,TX,77901-4600,28.811609268188477,-96.97411346435547,Overture Places 2026-07-22.0,2026-07-22,open,packet_ready,primary_store_candidate
Wendy's,8b3d364c-5123-462c-b6fa-145513d8e4fa,Wendy's,3507 N Navarro St,Victoria,TX,77901-3352,28.82756996154785,-97.00171661376953,Overture Places 2026-07-22.0,2026-07-22,open,packet_ready,primary_store_candidate
Wendy's,633b65d0-a783-47ef-ba3a-262ee0893736,Wendy's,915 N Main St,Vidor,TX,77662,30.133861541748047,-94.01654052734375,Overture Places 2026-07-22.0,2026-07-22,open,packet_ready,primary_store_candidate
Wendy's,31b7a4cb-2123-4c24-aa42-8df2eff70a86,Wendy's,1015 N Valley Mills Dr,Waco,TX,76710-4632,31.53067970275879,-97.18559265136719,Overture Places 2026-07-22.0,2026-07-22,open,packet_ready,primary_store_candidate
Wendy's,720a47ac-ea48-410c-8279-012c4ca60924,Wendy's,1417 Hewitt Dr,Waco,TX,76712,31.48501205444336,-97.210693359375,Overture Places 2026-07-22.0,2026-07-22,open,packet_ready,primary_store_candidate
Wendy's,3858a05f-b6aa-4229-bdee-c05abedaa9fb,Wendy's,2724 W Loop 340,Waco,TX,76711,31.495994567871094,-97.15445709228516,Overture Places 2026-07-22.0,2026-07-22,open,packet_ready,primary_store_candidate
Wendy's,ec60f8a4-1d71-4b93-91e1-5c41a95939e4,Wendy's,811 S 5th St,Waco,TX,76706-1109,31.550357818603516,-97.12472534179688,Overture Places 2026-07-22.0,2026-07-22,open,packet_ready,primary_store_candidate
Wendy's,d3dfa393-fbe5-4ef7-9143-f6546f57bc1b,Wendy's,8424 Denton Hwy,Watauga,TX,76148-2458,32.892948150634766,-97.25841522216797,Overture Places 2026-07-22.0,2026-07-22,open,packet_ready,primary_store_candidate
Wendy's,9749d076-f86f-43e6-8dbf-7eaf08c4dc48,Wendy's,1060 W US-287 Byp,Waxahachie,TX,75165-5168,32.42122268676758,-96.8415298461914,Overture Places 2026-07-22.0,2026-07-22,open,packet_ready,primary_store_candidate
Wendy's,72bec0da-4035-4800-bb46-af6c29a1516c,Wendy's,1201 W Interstate 20,Weatherford,TX,76087-4220,32.727481842041016,-97.82450866699219,Overture Places 2026-07-22.0,2026-07-22,open,packet_ready,primary_store_candidate
Wendy's,defa2b72-010e-4899-af0c-f7ec199fcaf9,Wendy's,900 S Eagle St,Weimar,TX,78962-4612,29.690256118774414,-96.77692413330078,Overture Places 2026-07-22.0,2026-07-22,open,packet_ready,primary_store_candidate
Wendy's,15af9f04-2238-4eff-adbc-10f2c64d9067,Wendy's,925 N Texas Blvd,Weslaco,TX,78596-4508,26.171489715576172,-97.9913330078125,Overture Places 2026-07-22.0,2026-07-22,open,packet_ready,primary_store_candidate
Wendy's,c27c50aa-8a3b-459d-8919-188c75a49928,Wendy's,3113 Edgar Brown Dr,West Orange,TX,77630-5347,30.093782424926758,-93.76496887207031,Overture Places 2026-07-22.0,2026-07-22,open,packet_ready,primary_store_candidate
Wendy's,0a724701-d513-4b90-a4b6-70a72db9a54b,Wendy's,2311 Jacksboro Highway,Wichita Falls,TX,76302,33.89031982421875,-98.48286437988281,Overture Places 2026-07-22.0,2026-07-22,open,packet_ready,primary_store_candidate
Wendy's,d44fd1fb-11e6-436e-8882-027f2839939f,Wendy's,3601 Kemp Blvd,Wichita Falls,TX,76308-2113,33.875022888183594,-98.53071594238281,Overture Places 2026-07-22.0,2026-07-22,open,packet_ready,primary_store_candidate
Wendy's,072cd83a-e5b4-49a2-885b-ad71fd4f9d0f,Wendy's,9600 Longstreet Rd,Willis,TX,77318,30.437305450439453,-95.4977798461914,Overture Places 2026-07-22.0,2026-07-22,open,packet_ready,primary_store_candidate
Wendy's,9a0abc33-78b9-4293-9877-c99c7dbc9bfa,Wendy's,1401 W FM-544,Wylie,TX,75098-4913,33.00710678100586,-96.5545425415039,Overture Places 2026-07-22.0,2026-07-22,open,packet_ready,primary_store_candidate
