brand,store_id,store_name,address,city,state,postal_code,latitude,longitude,source,source_date,license_status,review_status,review_reason
ALDI,f27c4ab4-467c-435b-a93f-8e9da9e920c7,Aldi,4765 Southwest Dr,Abilene,TX,79606-2332,32.40645980834961,-99.78682708740234,Overture Places 2026-07-22.0,2026-07-22,open,packet_ready,primary_store_candidate
ALDI,badc82d3-b4ce-4646-be74-68959767dddb,Aldi,1730 N Greenville Ave,Allen,TX,75002-8842,33.12820053100586,-96.64509582519531,Overture Places 2026-07-22.0,2026-07-22,open,packet_ready,primary_store_candidate
ALDI,8ed4483d-4e5c-4391-9ca1-abbd50b468a1,Aldi,2373 Bypass 35 S.,Alvin,TX,77511,29.405086517333984,-95.23648834228516,Overture Places 2026-07-22.0,2026-07-22,open,packet_ready,primary_store_candidate
ALDI,c05e0230-c727-4891-9bcc-e69c5e2ba377,Aldi,1200 W Nathan Lowe Rd,Arlington,TX,76017-6102,32.654911041259766,-97.13310241699219,Overture Places 2026-07-22.0,2026-07-22,open,packet_ready,primary_store_candidate
ALDI,c883edab-b579-4b57-87c0-02525f04be0a,Aldi,5045 N Little School Rd,Arlington,TX,76017-1910,32.66522216796875,-97.20507049560547,Overture Places 2026-07-22.0,2026-07-22,open,packet_ready,primary_store_candidate
ALDI,dc4f4a82-53d3-48df-b31e-7b14612fb82c,Aldi,26617 US Highway 380 E,Aubrey,TX,76227-3849,33.2222900390625,-96.95964813232422,Overture Places 2026-07-22.0,2026-07-22,open,packet_ready,primary_store_candidate
ALDI,de49f380-b9b7-4ec1-8e9a-043e41d5a75e,Aldi,5521 Garth Rd,Baytown,TX,77521-9643,29.783424377441406,-94.97953796386719,Overture Places 2026-07-22.0,2026-07-22,open,packet_ready,primary_store_candidate
ALDI,760dc98c-b1b5-4a91-9b7d-f3eda08f4e8a,Aldi,519 W Commerce St,Brownwood,TX,76801-1700,31.72918701171875,-98.98589324951172,Overture Places 2026-07-22.0,2026-07-22,open,packet_ready,primary_store_candidate
ALDI,8b12a6b5-3bc6-4efa-a21f-24069e9fe003,Aldi,1760 Briarcrest Dr,Bryan,TX,77802-2711,30.653385162353516,-96.33711242675781,Overture Places 2026-07-22.0,2026-07-22,open,packet_ready,primary_store_candidate
ALDI,4f352780-c41e-4633-9fab-0c556fa6dab7,Aldi,1201 SW Wilshire Blvd,Burleson,TX,76028-8729,32.524166107177734,-97.3438949584961,Overture Places 2026-07-22.0,2026-07-22,open,packet_ready,primary_store_candidate
ALDI,17d6369c-c196-4167-a966-a934efbecc47,Aldi,3044 Old Denton Rd,Carrollton,TX,75007-5016,32.99773406982422,-96.90790557861328,Overture Places 2026-07-22.0,2026-07-22,open,packet_ready,primary_store_candidate
ALDI,7bc66647-ee4b-4ef7-acad-4da945e9e9f3,Aldi,805 E Belt Line Rd,Cedar Hill,TX,75104-2208,32.590328216552734,-96.92302703857422,Overture Places 2026-07-22.0,2026-07-22,open,packet_ready,primary_store_candidate
ALDI,44651ddc-1f73-4827-8d4a-e2edf71c65cc,Aldi,850 N Bell Blvd Suite 210 Suite 210,Cedar Park,TX,78613,30.519746780395508,-97.82797241210938,Overture Places 2026-07-22.0,2026-07-22,open,packet_ready,primary_store_candidate
ALDI,2b28e814-c330-4483-a561-dc4e9d833d6f,Aldi,1708 W Henderson St,Cleburne,TX,76033-4102,32.33499526977539,-97.42423248291016,Overture Places 2026-07-22.0,2026-07-22,open,packet_ready,primary_store_candidate
ALDI,5dc27aa4-5f1b-4715-9a0f-072c9ab5f8ef,Aldi,2045 N TX-336-LOOP W,Conroe,TX,77304-3515,30.330102920532227,-95.48786926269531,Overture Places 2026-07-22.0,2026-07-22,open,packet_ready,primary_store_candidate
ALDI,b93a1b0e-3889-4a8b-8110-45837decdc82,Aldi,3851 Swisher Rd,Corinth,TX,76210-4210,33.130516052246094,-97.04981994628906,Overture Places 2026-07-22.0,2026-07-22,open,packet_ready,primary_store_candidate
ALDI,1e3c6dc1-f981-49f3-8806-e56cea712c4c,Aldi,3623 W State Highway 31,Corsicana,TX,75110-9207,32.07020950317383,-96.50371551513672,Overture Places 2026-07-22.0,2026-07-22,open,packet_ready,primary_store_candidate
ALDI,a4ef3a9c-11bb-43fa-8273-933622f58506,ALDI,14130 FM 2100 Rd,Crosby,TX,77532-6152,29.892749786376953,-95.06230163574219,Overture Places 2026-07-22.0,2026-07-22,open,packet_ready,primary_store_candidate
ALDI,cd939426-47fa-4ea0-b4e1-32cb709cf3e3,Aldi,8650 Barker Cypress Rd,Cypress,TX,77433-5336,29.904666900634766,-95.68486022949219,Overture Places 2026-07-22.0,2026-07-22,open,packet_ready,primary_store_candidate
ALDI,b0cb7e79-d1a3-4bc9-8250-a525db52e5f2,Aldi,13548 Preston Rd,Dallas,TX,75240-5212,32.93233108520508,-96.8027114868164,Overture Places 2026-07-22.0,2026-07-22,open,packet_ready,primary_store_candidate
ALDI,efe4403c-c6de-465d-9166-e56ce07003a2,Aldi,2440 W Illinois Ave,Dallas,TX,75233-1106,32.71900177001953,-96.85808563232422,Overture Places 2026-07-22.0,2026-07-22,open,packet_ready,primary_store_candidate
ALDI,1a81ba80-d0d9-46dd-92b0-4318006c13a2,Aldi,2505 Fort Worth Ave,Dallas,TX,75211-1745,32.75925064086914,-96.86347961425781,Overture Places 2026-07-22.0,2026-07-22,open,packet_ready,primary_store_candidate
ALDI,254f129f-1dda-466d-bbf0-ad6863b366ab,Aldi,2926 S Buckner Blvd,Dallas,TX,75227-6907,32.76211166381836,-96.68264770507812,Overture Places 2026-07-22.0,2026-07-22,open,packet_ready,primary_store_candidate
ALDI,3318f215-5acb-40b9-84e0-e9857a2a35df,Aldi,3128 Forest Ln,Dallas,TX,75234-7005,32.908599853515625,-96.87042236328125,Overture Places 2026-07-22.0,2026-07-22,open,packet_ready,primary_store_candidate
ALDI,4e0b1ce1-e34a-47c2-87da-601677ec198f,Aldi,3632 Frankford Rd,Dallas,TX,75287-6172,32.995967864990234,-96.85424041748047,Overture Places 2026-07-22.0,2026-07-22,open,packet_ready,primary_store_candidate
ALDI,b0073f52-68b2-4244-ac3f-385864913afd,Aldi,4120 Gaston Ave,Dallas,TX,75246-1409,32.794212341308594,-96.77622985839844,Overture Places 2026-07-22.0,2026-07-22,open,packet_ready,primary_store_candidate
ALDI,b0311ea4-3fec-45c0-9edc-d04442a62d72,Aldi,5828 Abrams Rd,Dallas,TX,75214-1603,32.856178283691406,-96.74991607666016,Overture Places 2026-07-22.0,2026-07-22,open,packet_ready,primary_store_candidate
ALDI,9d325e98-082a-4fe0-8cb4-2d7045935315,Aldi,8034 Chrysalis Dr,Dallas,TX,75237-3600,32.64928436279297,-96.85912322998047,Overture Places 2026-07-22.0,2026-07-22,open,packet_ready,primary_store_candidate
ALDI,8ae27273-d7d3-4763-8241-5b5ae1b70a7e,Aldi,9779 Forest Ln,Dallas,TX,75243-5701,32.90995788574219,-96.71900177001953,Overture Places 2026-07-22.0,2026-07-22,open,packet_ready,primary_store_candidate
ALDI,82388bb1-55ce-4850-a2fb-5a73ef10fa3a,Aldi,1105 S Loop 288,Denton,TX,76205-4603,33.19916534423828,-97.09125518798828,Overture Places 2026-07-22.0,2026-07-22,open,packet_ready,primary_store_candidate
ALDI,06696b4f-3c64-4f65-9137-0ff181f7356b,Aldi,1317 Ector St,Denton,TX,76201-2416,33.229068756103516,-97.15562438964844,Overture Places 2026-07-22.0,2026-07-22,open,packet_ready,primary_store_candidate
ALDI,217665b6-f37f-417e-9671-450f032cbba3,ALDI Distribution Center,2500 Westcourt Rd Bldg 300,Denton,TX,76207,33.191497802734375,-97.1923828125,Overture Places 2026-07-22.0,2026-07-22,open,packet_ready,primary_store_candidate
ALDI,7bb98693-5ad5-4b90-9247-54db9c1f9475,Aldi,102 W Pleasant Run Rd,Desoto,TX,75115-3910,32.60369873046875,-96.85770416259766,Overture Places 2026-07-22.0,2026-07-22,open,packet_ready,primary_store_candidate
ALDI,460dc247-eddd-4452-9f4d-b31fd6eb3044,Aldi,333 S Cedar Ridge Dr,Duncanville,TX,75116-4526,32.64815139770508,-96.92594146728516,Overture Places 2026-07-22.0,2026-07-22,open,packet_ready,primary_store_candidate
ALDI,1ea0cae9-32a6-4c8f-a949-2bb31f57291a,Aldi,1201 Airport Fwy,Euless,TX,76040-1123,32.8353157043457,-97.10100555419922,Overture Places 2026-07-22.0,2026-07-22,open,packet_ready,primary_store_candidate
ALDI,ca68e09d-2d6b-48d9-b612-5e5885163113,Aldi,895 FM 548,Forney,TX,75126,32.7513542175293,-96.4442367553711,Overture Places 2026-07-22.0,2026-07-22,open,packet_ready,primary_store_candidate
ALDI,bf4b2fd2-03c9-4a91-bfb1-729f5d28f375,Aldi,1620 Eastchase Pkwy,Fort Worth,TX,76120-4434,32.75607681274414,-97.1704330444336,Overture Places 2026-07-22.0,2026-07-22,open,packet_ready,primary_store_candidate
ALDI,ee11b14e-ac55-4c8b-ae1d-9d2006a6b88c,Aldi,5129 Golden Triangle Blvd,Fort Worth,TX,76244-4430,32.93228530883789,-97.27256774902344,Overture Places 2026-07-22.0,2026-07-22,open,packet_ready,primary_store_candidate
ALDI,752d2ae6-3e80-4bca-8b65-bbf2c158ecad,Aldi,5617 S Hulen St,Fort Worth,TX,76132-2260,32.66696548461914,-97.39981842041016,Overture Places 2026-07-22.0,2026-07-22,open,packet_ready,primary_store_candidate
ALDI,7a3d2ca1-96e0-4b16-a6f0-15caff39214d,Aldi,700 Alta Mere Dr,Fort Worth,TX,76116-1521,32.750614166259766,-97.43466186523438,Overture Places 2026-07-22.0,2026-07-22,open,packet_ready,primary_store_candidate
ALDI,7cc3613e-2d9a-4572-9b4a-92d5e502a4cc,Aldi,700 Alta Mere Dr,Fort Worth,TX,76116,32.74970626831055,-97.43434143066406,Overture Places 2026-07-22.0,2026-07-22,open,packet_ready,primary_store_candidate
ALDI,208418c2-1916-4914-a469-f85a83973224,Aldi,8977 Tehama Ridge Pkwy,Fort Worth,TX,76177-2005,32.90371322631836,-97.32361602783203,Overture Places 2026-07-22.0,2026-07-22,open,packet_ready,primary_store_candidate
ALDI,2816e156-01f4-447b-b986-3dc9cf854c3d,Aldi,9660 Legacy Dr,Fort Worth,TX,76108-4185,32.76375198364258,-97.4851303100586,Overture Places 2026-07-22.0,2026-07-22,open,packet_ready,primary_store_candidate
ALDI,dc5978f2-64f1-4da5-aac0-c6f3df623405,ALDI USA,977 Tehama Ridge Parkway,Fort Worth,TX,79177,32.91145706176758,-97.32379150390625,Overture Places 2026-07-22.0,2026-07-22,open,packet_ready,primary_store_candidate
ALDI,02d23f67-2d37-4a89-8a71-efcf0c29db33,Aldi,6951 Preston Rd,Frisco,TX,75034-7342,33.136173248291016,-96.80437469482422,Overture Places 2026-07-22.0,2026-07-22,open,packet_ready,primary_store_candidate
ALDI,b64dd2dc-7c25-442d-acf5-020e3f47a0d0,Aldi,6951 Preston Rd,Frisco,TX,75034,33.13616943359375,-96.80438232421875,Overture Places 2026-07-22.0,2026-07-22,open,packet_ready,primary_store_candidate
ALDI,5c7dde3f-a596-4715-b35b-f5c1e4ad2f7d,Aldi,1518 W Buckingham Rd,Garland,TX,75042-4203,32.93019104003906,-96.65079498291016,Overture Places 2026-07-22.0,2026-07-22,open,packet_ready,primary_store_candidate
ALDI,dd71878b-1fb4-4470-89b5-21304cca683e,Aldi,1601 Northwest Hwy,Garland,TX,75041-5232,32.864681243896484,-96.65205383300781,Overture Places 2026-07-22.0,2026-07-22,open,packet_ready,primary_store_candidate
ALDI,f2f9e2a6-3c50-4b20-8147-6b5993c30861,Aldi,926 W University Ave,Georgetown,TX,78626-6503,30.632556915283203,-97.68765258789062,Overture Places 2026-07-22.0,2026-07-22,open,packet_ready,primary_store_candidate
ALDI,374e5e46-0ce2-4418-bd5f-3c799015366d,Aldi,1339 N Plaza Dr,Granbury,TX,76048-2559,32.43645095825195,-97.76768493652344,Overture Places 2026-07-22.0,2026-07-22,open,packet_ready,primary_store_candidate
ALDI,4bb895d1-6d44-44a0-a09d-95b279145913,Aldi,2601 W Bardin Rd,Grand Prairie,TX,75052,32.67162322998047,-97.04491424560547,Overture Places 2026-07-22.0,2026-07-22,open,packet_ready,primary_store_candidate
ALDI,15ca51ca-ae77-4823-a962-564df301513d,Aldi,424 E Pioneer Pkwy,Grand Prairie,TX,75051-4943,32.7097053527832,-96.9994125366211,Overture Places 2026-07-22.0,2026-07-22,open,packet_ready,primary_store_candidate
ALDI,be6d8a77-790a-4bb9-870c-0e4ca4067475,Aldi,6606 Wesley St,Greenville,TX,75402-7369,33.102874755859375,-96.11093139648438,Overture Places 2026-07-22.0,2026-07-22,open,packet_ready,primary_store_candidate
ALDI,2c9dd693-b7b3-48a5-acbe-125c7c970515,Aldi,3173 Denton Hwy,Haltom City,TX,76117-3712,32.80485916137695,-97.26579284667969,Overture Places 2026-07-22.0,2026-07-22,open,packet_ready,primary_store_candidate
ALDI,886d0e91-7ca0-4e36-bb50-a20e74563b54,Aldi,10064 Almeda Genoa Rd,Houston,TX,77075-2418,29.62685775756836,-95.23703002929688,Overture Places 2026-07-22.0,2026-07-22,open,packet_ready,primary_store_candidate
ALDI,b107f5c8-2707-4cd8-a472-f2b67f7cb4c5,Aldi,13340 Tomball Pkwy,Houston,TX,77086,29.916067123413086,-95.48587799072266,Overture Places 2026-07-22.0,2026-07-22,open,packet_ready,primary_store_candidate
ALDI,332c70aa-71f1-44f7-a07f-c3ba052feb4f,Aldi,161 West Rd,Houston,TX,77037-1144,29.914649963378906,-95.4095458984375,Overture Places 2026-07-22.0,2026-07-22,open,packet_ready,primary_store_candidate
ALDI,1af04190-bb6b-4c6e-8dd2-69054412b970,Aldi,16701 El Camino Real,Houston,TX,77062-5821,29.556743621826172,-95.12100982666016,Overture Places 2026-07-22.0,2026-07-22,open,packet_ready,primary_store_candidate
ALDI,53d15af0-5dba-4471-8c2f-511bae5b805a,Aldi,2550 Gessner Rd,Houston,TX,77080-3802,29.817989349365234,-95.54488372802734,Overture Places 2026-07-22.0,2026-07-22,open,packet_ready,primary_store_candidate
ALDI,5c8dfe62-2550-4737-977f-fc6eb0cfa605,Aldi,3601 Highway 6 S,Houston,TX,77082-4311,29.718059539794922,-95.64309692382812,Overture Places 2026-07-22.0,2026-07-22,open,packet_ready,primary_store_candidate
ALDI,ed12d90f-361c-40f6-8215-61fdfd7c6838,Aldi,3618 Old Spanish Trl,Houston,TX,77021-2205,29.70151710510254,-95.36351013183594,Overture Places 2026-07-22.0,2026-07-22,open,packet_ready,primary_store_candidate
ALDI,c2d6ee92-228f-49f5-91dc-2ef002004405,Aldi,3715 FM-1960 W,Houston,TX,77068-3501,29.993648529052734,-95.48612976074219,Overture Places 2026-07-22.0,2026-07-22,open,packet_ready,primary_store_candidate
ALDI,3acd5f0b-8736-4607-a1ad-741c5b9db205,Aldi,3938 N Shepherd Dr,Houston,TX,77018-6417,29.822994232177734,-95.40969848632812,Overture Places 2026-07-22.0,2026-07-22,open,packet_ready,primary_store_candidate
ALDI,6d94bdeb-88c0-486b-8dad-050830beb35a,Aldi,5855 Highway 6 N,Houston,TX,77084-1833,29.86161231994629,-95.64588165283203,Overture Places 2026-07-22.0,2026-07-22,open,packet_ready,primary_store_candidate
ALDI,5556704c-8e97-4f02-98de-d1cad724058f,Aldi,6751 Bissonnet St,Houston,TX,77074-6129,29.689407348632812,-95.5014877319336,Overture Places 2026-07-22.0,2026-07-22,open,packet_ready,primary_store_candidate
ALDI,3e21cf99-3777-4076-8dfb-f61aef0c7a3c,Aldi,9251 Jones Rd,Houston,TX,77065-4405,29.909439086914062,-95.58470916748047,Overture Places 2026-07-22.0,2026-07-22,open,packet_ready,primary_store_candidate
ALDI,de027cb5-c6f1-422a-b66b-19611c815a12,Aldi,9525 Westheimer Rd,Houston,TX,77063-3366,29.736225128173828,-95.53376770019531,Overture Places 2026-07-22.0,2026-07-22,open,packet_ready,primary_store_candidate
ALDI,ed366dc7-d1ca-4c3e-89b0-e7ca06efe692,Aldi,9870 Louetta Rd,Houston,TX,77070-2156,30.002023696899414,-95.55997467041016,Overture Places 2026-07-22.0,2026-07-22,open,packet_ready,primary_store_candidate
ALDI,161b7276-3b7e-4e60-91a1-45a5b11ecfda,Aldi,6900 FM-1960 E,Humble,TX,77346-2706,29.99683380126953,-95.17355346679688,Overture Places 2026-07-22.0,2026-07-22,open,packet_ready,primary_store_candidate
ALDI,daad70fa-6487-4946-b580-18bf5cc87f0b,Aldi,8755 FM 1960 Bypass Rd W,Humble,TX,77338-4021,30.005197525024414,-95.2914047241211,Overture Places 2026-07-22.0,2026-07-22,open,packet_ready,primary_store_candidate
ALDI,a1d141b7-70f0-4ac4-82c4-fad44a0e8dc6,Aldi,111 Interstate 45 S,Huntsville,TX,77340-4244,30.716585159301758,-95.57135772705078,Overture Places 2026-07-22.0,2026-07-22,open,packet_ready,primary_store_candidate
ALDI,8ddee756-f6bf-4610-980c-0cd49976e64c,Aldi,1628 Precinct Line Rd,Hurst,TX,76054-3339,32.844024658203125,-97.18563079833984,Overture Places 2026-07-22.0,2026-07-22,open,packet_ready,primary_store_candidate
ALDI,38058ee4-03bb-4525-b7aa-d51dd1547e25,Aldi,2926 N Belt Line Rd,Irving,TX,75062-5247,32.84614944458008,-96.99142456054688,Overture Places 2026-07-22.0,2026-07-22,open,packet_ready,primary_store_candidate
ALDI,b26fe617-9956-4c60-b2ca-374a93ee6a0a,Aldi,912 E Irving Blvd,Irving,TX,75060-3150,32.811866760253906,-96.93548583984375,Overture Places 2026-07-22.0,2026-07-22,open,packet_ready,primary_store_candidate
ALDI,d0c0c92f-59ee-41e5-9db2-3b33e68f94ef,Aldi,2009 S Mason Rd,Katy,TX,77450-5922,29.749300003051758,-95.7507095336914,Overture Places 2026-07-22.0,2026-07-22,open,packet_ready,primary_store_candidate
ALDI,ff775a48-683d-4cae-bdbb-3327f97759d5,Aldi,5840 FM 1463 Rd,Katy,TX,77494-5406,29.70816993713379,-95.84725189208984,Overture Places 2026-07-22.0,2026-07-22,open,packet_ready,primary_store_candidate
ALDI,08980b58-1239-4056-889d-320e3e833c9c,Aldi,5930 N Fry Rd,Katy,TX,77449,29.85797882080078,-95.71880340576172,Overture Places 2026-07-22.0,2026-07-22,open,packet_ready,primary_store_candidate
ALDI,e9878f9c-5b27-4577-a465-b8612233c062,Aldi,5728 N Tarrant Pkwy,Keller,TX,76244-7203,32.89372634887695,-97.26307678222656,Overture Places 2026-07-22.0,2026-07-22,open,packet_ready,primary_store_candidate
ALDI,5fa61dfc-a469-4b82-a3b4-cf185a3683d7,Aldi,222 FM-518,Kemah,TX,77565-3218,29.53704833984375,-95.02114868164062,Overture Places 2026-07-22.0,2026-07-22,open,packet_ready,primary_store_candidate
ALDI,5f416cfe-bb9e-48a9-b4f9-4d6ce12deb35,Aldi,2500 E Central Texas Expy,Killeen,TX,76543-5300,31.087926864624023,-97.71959686279297,Overture Places 2026-07-22.0,2026-07-22,open,packet_ready,primary_store_candidate
ALDI,d2176725-a2ef-48e2-a53b-0641150546df,Aldi,3501 W Stan Schlueter Loop,Killeen,TX,76549-7173,31.086511611938477,-97.78663635253906,Overture Places 2026-07-22.0,2026-07-22,open,packet_ready,primary_store_candidate
ALDI,652a3018-a9e7-462c-b055-b605040810b6,Aldi,1387 Kingwood Dr,Kingwood,TX,77339-3037,30.050268173217773,-95.23509979248047,Overture Places 2026-07-22.0,2026-07-22,open,packet_ready,primary_store_candidate
ALDI,a2265ef3-0db8-4a0f-9157-80c32ca43cd1,Aldi,9002 Spencer Hwy,La Porte,TX,77571-3871,29.663475036621094,-95.09764862060547,Overture Places 2026-07-22.0,2026-07-22,open,packet_ready,primary_store_candidate
ALDI,2d5036e4-1f55-4565-9d61-a6eb3a15c8b4,Aldi,206 E Highway 332,Lake Jackson,TX,77566-5666,29.04038429260254,-95.4548110961914,Overture Places 2026-07-22.0,2026-07-22,open,packet_ready,primary_store_candidate
ALDI,9b652fca-efb5-4d53-b445-60e20daa140a,Aldi,1585 W Main St,Lewisville,TX,75067-3394,33.0426139831543,-97.03495025634766,Overture Places 2026-07-22.0,2026-07-22,open,packet_ready,primary_store_candidate
ALDI,c7be4599-a660-4875-a086-2311cb927717,Aldi,6150 N Josey Ln,Lewisville,TX,75056-2490,33.06151580810547,-96.88563537597656,Overture Places 2026-07-22.0,2026-07-22,open,packet_ready,primary_store_candidate
ALDI,12bf3acf-0b12-433d-bc96-b3ac26ac6584,Aldi,2650 Little Elm Pkwy,Little Elm,TX,75068-6678,33.168724060058594,-96.8929214477539,Overture Places 2026-07-22.0,2026-07-22,open,packet_ready,primary_store_candidate
ALDI,08a1ace2-20dd-425e-a7fe-81389f533908,Aldi,1725 W Loop 281,Longview,TX,75604-2734,32.526790618896484,-94.78248596191406,Overture Places 2026-07-22.0,2026-07-22,open,packet_ready,primary_store_candidate
ALDI,e0f620b2-46ba-4aa4-a718-0d631484e81e,Aldi,6210 FM 1488 Rd,Magnolia,TX,77354-2797,30.223941802978516,-95.56233978271484,Overture Places 2026-07-22.0,2026-07-22,open,packet_ready,primary_store_candidate
ALDI,ee25f4c9-731d-470c-9913-d6def7041bbc,Aldi,3018 Matlock Rd,Mansfield,TX,76063-3337,32.60787582397461,-97.11571502685547,Overture Places 2026-07-22.0,2026-07-22,open,packet_ready,primary_store_candidate
ALDI,440c2549-0f7a-4c96-909f-3d360523171a,Aldi,8801 Stacy Rd,McKinney,TX,75070-2598,33.151546478271484,-96.7306900024414,Overture Places 2026-07-22.0,2026-07-22,open,packet_ready,primary_store_candidate
ALDI,af22c0a3-0575-4845-818b-76067afc09da,Aldi,11709 W Airport Blvd,Meadows Place,TX,77477-3059,29.646514892578125,-95.58268737792969,Overture Places 2026-07-22.0,2026-07-22,open,packet_ready,primary_store_candidate
ALDI,cc703447-d3e5-46d5-8767-a0f7c7bba752,Aldi,3635 Gus Thomasson Rd,Mesquite,TX,75150-3630,32.813602447509766,-96.63507843017578,Overture Places 2026-07-22.0,2026-07-22,open,packet_ready,primary_store_candidate
ALDI,a937e4f1-7a6d-4b78-836c-36328dcd225f,Aldi,271 Harvest Hill Dr,Midlothian,TX,76065-9466,32.4612922668457,-96.99595642089844,Overture Places 2026-07-22.0,2026-07-22,open,packet_ready,primary_store_candidate
ALDI,c8f3fde9-045f-4333-94a9-f4268a837979,Aldi,6016 Sienna Ranch Rd,Missouri City,TX,77459-7183,29.54312515258789,-95.54808044433594,Overture Places 2026-07-22.0,2026-07-22,open,packet_ready,primary_store_candidate
ALDI,ed8382e6-7b9a-47b2-a40a-744b6a09a6db,Aldi,2306 S Jefferson Ave,Mt Pleasant,TX,75455,33.13551330566406,-94.9692153930664,Overture Places 2026-07-22.0,2026-07-22,open,packet_ready,primary_store_candidate
ALDI,fc76417c-82df-4563-a1a6-5aca120ad125,Aldi,4919 North St,Nacogdoches,TX,75965-1809,31.65142250061035,-94.6573715209961,Overture Places 2026-07-22.0,2026-07-22,open,packet_ready,primary_store_candidate
ALDI,9a913e2f-1621-45a8-a977-93ed6c704f6c,Aldi,8537 Davis Blvd,North Richland Hills,TX,76182-8311,32.90831756591797,-97.19090270996094,Overture Places 2026-07-22.0,2026-07-22,open,packet_ready,primary_store_candidate
ALDI,e5520c9e-984f-499a-89fd-2c3d7661b36d,Aldi,2117 S Loop 256,Palestine,TX,75801-5919,31.735811233520508,-95.61209106445312,Overture Places 2026-07-22.0,2026-07-22,open,packet_ready,primary_store_candidate
ALDI,8ec5b96d-396c-48da-8b87-d595c42227dc,Aldi,2417 W Park Row Dr,Pantego,TX,76013-3345,32.721702575683594,-97.14767456054688,Overture Places 2026-07-22.0,2026-07-22,open,packet_ready,primary_store_candidate
ALDI,2d839a63-f63e-4c8c-a61c-926fe2664195,Aldi,3510 Lamar Ave,Paris,TX,75460-5028,33.660858154296875,-95.51158142089844,Overture Places 2026-07-22.0,2026-07-22,open,packet_ready,primary_store_candidate
ALDI,4a640c9d-f2d1-4316-b92b-4f10f99fe782,Aldi,4140 Fairmont Pkwy,Pasadena,TX,77504-3302,29.649932861328125,-95.17945861816406,Overture Places 2026-07-22.0,2026-07-22,open,packet_ready,primary_store_candidate
ALDI,88219744-4242-4e62-b4ad-a417c518b62b,Aldi,11510 Broadway St,Pearland,TX,77584-3774,29.55526351928711,-95.39852142333984,Overture Places 2026-07-22.0,2026-07-22,open,packet_ready,primary_store_candidate
ALDI,16e61f25-a0a8-4aa3-abc2-2c1348637b3a,Aldi,3412 E Broadway St,Pearland,TX,77581-4304,29.560688018798828,-95.27690887451172,Overture Places 2026-07-22.0,2026-07-22,open,packet_ready,primary_store_candidate
ALDI,0eca5728-5fce-4c1f-8a93-08e02cd05838,Aldi,1415 FM-685,Pflugerville,TX,78660-2901,30.450178146362305,-97.6048355102539,Overture Places 2026-07-22.0,2026-07-22,open,packet_ready,primary_store_candidate
ALDI,a5130cb0-75b9-4ab5-869a-2918a14c558e,Aldi,2220 Coit Rd,Plano,TX,75075-3710,33.02811813354492,-96.76879119873047,Overture Places 2026-07-22.0,2026-07-22,open,packet_ready,primary_store_candidate
ALDI,0f22295f-3def-4d93-bf43-58e6f7c6d87b,Aldi,2400 K Ave,Plano,TX,75074-5931,33.03010177612305,-96.69867706298828,Overture Places 2026-07-22.0,2026-07-22,open,packet_ready,primary_store_candidate
ALDI,c35c810c-43a9-4eed-92df-af7f977ca144,Aldi,1549 E Belt Line Rd,Richardson,TX,75081-4630,32.94556427001953,-96.69671630859375,Overture Places 2026-07-22.0,2026-07-22,open,packet_ready,primary_store_candidate
ALDI,d16f95a7-21eb-413f-bb05-40656a27e354,Aldi,7945 W Grand Pkwy S,Richmond,TX,77407-8602,29.6640682220459,-95.7412338256836,Overture Places 2026-07-22.0,2026-07-22,open,packet_ready,primary_store_candidate
ALDI,9aed97cb-e9ac-4eeb-816b-f96cb25839b2,Aldi,1315 N Highway 377,Roanoke,TX,76262-9118,33.016414642333984,-97.2195816040039,Overture Places 2026-07-22.0,2026-07-22,open,packet_ready,primary_store_candidate
ALDI,9d1e8fac-ed7f-41c4-b953-a44726690c66,Aldi,3085 Ridge Rd,Rockwall,TX,75032-5806,32.88603210449219,-96.47339630126953,Overture Places 2026-07-22.0,2026-07-22,open,packet_ready,primary_store_candidate
ALDI,f15ca9d7-588f-48c1-b053-6b400448d7cd,Aldi,3251 N Goliad St,Rockwall,TX,75087-7133,32.96632766723633,-96.46514129638672,Overture Places 2026-07-22.0,2026-07-22,open,packet_ready,primary_store_candidate
ALDI,b0dc5278-549b-47af-8567-8e68200b0739,Aldi,3251 N. Goliad Street,Rockwall,TX,75087,32.970699310302734,-96.46561431884766,Overture Places 2026-07-22.0,2026-07-22,open,packet_ready,primary_store_candidate
ALDI,8c5f1fc1-aa61-4f3b-9401-79309c936eec,Aldi,6450 Reading Rd,Rosenberg,TX,77471-5654,29.543441772460938,-95.76043701171875,Overture Places 2026-07-22.0,2026-07-22,open,packet_ready,primary_store_candidate
ALDI,55743367-eb5a-49bf-b2e5-cda9069cf608,Aldi,777 Highway 90A W,Rosenberg,TX,77471-9310,29.555835723876953,-95.82898712158203,Overture Places 2026-07-22.0,2026-07-22,open,packet_ready,primary_store_candidate
ALDI,299515cf-e151-4f11-a039-a8435b68bdf4,Aldi,3500 Lakeview Pkwy,Rowlett,TX,75088-4180,32.907501220703125,-96.56868743896484,Overture Places 2026-07-22.0,2026-07-22,open,packet_ready,primary_store_candidate
ALDI,b243d022-54c1-43b0-a4e0-56b9de6fef99,Aldi,901 N Saginaw Blvd,Saginaw,TX,76179-1236,32.87226867675781,-97.37541961669922,Overture Places 2026-07-22.0,2026-07-22,open,packet_ready,primary_store_candidate
ALDI,8ce49212-e1d7-4c30-9a91-917b158fb4bd,Aldi,3201 US-75 N,Sherman,TX,75090-2542,33.6717643737793,-96.60758972167969,Overture Places 2026-07-22.0,2026-07-22,open,packet_ready,primary_store_candidate
ALDI,cf3885aa-f637-4759-8067-8890e077f316,Aldi,2302 FM 2920 Rd,Spring,TX,77388-3415,30.0705623626709,-95.45155334472656,Overture Places 2026-07-22.0,2026-07-22,open,packet_ready,primary_store_candidate
ALDI,579a0c10-cec1-4b57-be28-c543f995841b,Aldi,2412 Rayford Rd,Spring,TX,77386-1705,30.122854232788086,-95.40471649169922,Overture Places 2026-07-22.0,2026-07-22,open,packet_ready,primary_store_candidate
ALDI,0e2afb42-eb9d-42ec-bb2f-0727bf6f7a0c,Aldi,6912 FM 2920 Rd,Spring,TX,77379,30.074369430541992,-95.52762603759766,Overture Places 2026-07-22.0,2026-07-22,open,packet_ready,primary_store_candidate
ALDI,7dcc033f-6efa-4003-aff1-18a27c4a2cf4,Aldi,2865 W Washington St,Stephenville,TX,76401-3706,32.2028923034668,-98.24334716796875,Overture Places 2026-07-22.0,2026-07-22,open,packet_ready,primary_store_candidate
ALDI,56a26112-1b77-45a9-ade2-cc2d587de477,Aldi,10402 S TX-6,Sugar Land,TX,77498-4936,29.663482666015625,-95.64385986328125,Overture Places 2026-07-22.0,2026-07-22,open,packet_ready,primary_store_candidate
ALDI,a41ef52f-1095-413c-9696-d598753ef47d,Aldi,3310 S 31st St,Temple,TX,76502-2721,31.068241119384766,-97.37097930908203,Overture Places 2026-07-22.0,2026-07-22,open,packet_ready,primary_store_candidate
ALDI,88b6c079-fa91-4df1-90ee-bf7d4c9d0025,Aldi,2315 Richmond Rd,Texarkana,TX,75503-2447,33.45316696166992,-94.08550262451172,Overture Places 2026-07-22.0,2026-07-22,open,packet_ready,primary_store_candidate
ALDI,b9a8039c-161a-45e1-866e-04fc3342652d,Aldi,3442 Palmer Hwy,Texas City,TX,77590-6512,29.396469116210938,-94.94818115234375,Overture Places 2026-07-22.0,2026-07-22,open,packet_ready,primary_store_candidate
ALDI,c82dfd4b-5594-41cd-bfe0-31c35a9c2452,Aldi,8615 Hufsmith Rd,Tomball,TX,77375-2603,30.131149291992188,-95.55470275878906,Overture Places 2026-07-22.0,2026-07-22,open,packet_ready,primary_store_candidate
ALDI,114fbd22-ab7b-4920-9c67-d74a91f1f76a,Aldi,200 S Southwest Loop 323,Tyler,TX,75702-6510,32.351234436035156,-95.34309387207031,Overture Places 2026-07-22.0,2026-07-22,open,packet_ready,primary_store_candidate
ALDI,21867a1c-4997-45fd-9ad7-4b2e8ef68c54,Aldi,2660 E Front St,Tyler,TX,75702-8607,32.34833908081055,-95.26825714111328,Overture Places 2026-07-22.0,2026-07-22,open,packet_ready,primary_store_candidate
ALDI,667e87f6-25ea-48a9-9b83-72219d3f34fb,Aldi,5312 N Navarro St,Victoria,TX,77904-1788,28.843862533569336,-96.99803924560547,Overture Places 2026-07-22.0,2026-07-22,open,packet_ready,primary_store_candidate
ALDI,f3a8d2f4-d6d9-43bb-8b97-ada87ec45a59,Aldi,1220 N Valley Mills Dr,Waco,TX,76710-4428,31.53033447265625,-97.18939208984375,Overture Places 2026-07-22.0,2026-07-22,open,packet_ready,primary_store_candidate
ALDI,e567e5c7-ba17-4944-adf3-052b39c7cab5,Aldi,401 N Highway 77,Waxahachie,TX,75165-1130,32.406715393066406,-96.84366607666016,Overture Places 2026-07-22.0,2026-07-22,open,packet_ready,primary_store_candidate
ALDI,59582cf4-a58e-4c7c-9e36-725314b7c4b7,Aldi,1710 S Main St,Weatherford,TX,76086-5504,32.73883056640625,-97.79751586914062,Overture Places 2026-07-22.0,2026-07-22,open,packet_ready,primary_store_candidate
ALDI,e5e4a362-eb05-4447-ae1d-fe79ecf9f48b,Aldi,3100 E FM 528 Rd,Webster,TX,77598-4508,29.523469924926758,-95.16041564941406,Overture Places 2026-07-22.0,2026-07-22,open,packet_ready,primary_store_candidate
ALDI,a6effb4c-06ea-4b62-84ad-31e335767ed9,Aldi,3121 Lawrence Rd,Wichita Falls,TX,76308-1616,33.878509521484375,-98.53951263427734,Overture Places 2026-07-22.0,2026-07-22,open,packet_ready,primary_store_candidate
ALDI,0d2b17df-ac1d-4e56-a299-0581417af29e,Aldi,3463 E FM-544,Wylie,TX,75098-9401,33.01175308227539,-96.59257507324219,Overture Places 2026-07-22.0,2026-07-22,open,packet_ready,primary_store_candidate
Albertsons,2e7ee44a-e782-4155-b9da-bc0bceb7f9ab,Albertsons Companies Southern Division Office,2401 E Randol Mill Rd,Arlington,TX,76011-6310,32.749629974365234,-97.06622314453125,Overture Places 2026-07-22.0,2026-07-22,open,exclude,brand_false_positive
Albertsons,d86821aa-c17d-48f2-bbfa-58e52812f8d8,Albertsons,301 Southwest Plz,Arlington,TX,76016-4438,32.676719665527344,-97.19982147216797,Overture Places 2026-07-22.0,2026-07-22,open,packet_ready,primary_store_candidate
Albertsons,26bd4609-27b4-49a4-be1d-d6b6295ee8dd,Albertsons,5950 S Cooper St,Arlington,TX,76017-4456,32.64934539794922,-97.1369857788086,Overture Places 2026-07-22.0,2026-07-22,open,packet_ready,primary_store_candidate
Albertsons,edaac7c3-1ddf-46d8-a54e-fcbbd54d7f3d,Albertsons,6220 US 287 Hwy,Arlington,TX,76001-2800,32.644107818603516,-97.18616485595703,Overture Places 2026-07-22.0,2026-07-22,open,packet_ready,primary_store_candidate
Albertsons,f5641d4a-2598-49ef-8940-08cd207bdf5b,Albertsons,480 Northwest Pkwy,Azle,TX,76020-3150,32.901710510253906,-97.5445327758789,Overture Places 2026-07-22.0,2026-07-22,open,packet_ready,primary_store_candidate
Albertsons,68190d39-32d9-4990-80ad-2ea7ec2b5c5d,Albertsons,1300 Airport Fwy,Bedford,TX,76022-6700,32.837093353271484,-97.15019226074219,Overture Places 2026-07-22.0,2026-07-22,open,packet_ready,primary_store_candidate
Albertsons,010d0c56-d2e4-4d2f-8695-a6bc2fcc0fd0,Albertsons,833 NE Alsbury Blvd,Burleson,TX,76028-2659,32.56494140625,-97.32220458984375,Overture Places 2026-07-22.0,2026-07-22,open,packet_ready,primary_store_candidate
Albertsons,723af0f0-ddb1-46df-af7a-43d4be3dfdb7,Albertsons,2150 N Josey Ln,Carrollton,TX,75006-2907,32.97446060180664,-96.88841247558594,Overture Places 2026-07-22.0,2026-07-22,open,packet_ready,primary_store_candidate
Albertsons,4014009c-ee9d-4e6c-b489-6b079547463e,Albertsons,427 E FM-1382,Cedar Hill,TX,75104-6006,32.59293746948242,-96.9354248046875,Overture Places 2026-07-22.0,2026-07-22,open,packet_ready,primary_store_candidate
Albertsons,e0e34ce2-65c1-4e74-97a1-ebcefb07dc27,Albertsons Pharmacy,210 W Katherine P Raines,Cleburne,TX,76033,32.38471221923828,-97.39446258544922,Overture Places 2026-07-22.0,2026-07-22,open,exclude,brand_false_positive
Albertsons,6daece55-f10a-45e2-8a7d-e9efe1bed1be,Albertsons,210 W Katherine P Raines Rd,Cleburne,TX,76033-5018,32.38446807861328,-97.39411163330078,Overture Places 2026-07-22.0,2026-07-22,open,packet_ready,primary_store_candidate
Albertsons,cec4bff8-fd22-4f9c-a635-c540607fabe1,Albertsons,4000 W Glade Rd,Colleyville,TX,76034,32.882625579833984,-97.10137176513672,Overture Places 2026-07-22.0,2026-07-22,open,packet_ready,primary_store_candidate
Albertsons,ead51f1d-a23d-40c2-b8a0-3e08c8c3155d,Albertsons,4351 FM 2181,Corinth,TX,76210-4215,33.13145065307617,-97.04335021972656,Overture Places 2026-07-22.0,2026-07-22,open,packet_ready,primary_store_candidate
Albertsons,65c8d9e6-81db-40af-9906-cd2461a8de92,Albertsons,320 Casa Linda Plz,Dallas,TX,75218-5001,32.83237075805664,-96.70075988769531,Overture Places 2026-07-22.0,2026-07-22,open,packet_ready,primary_store_candidate
Albertsons,ef9cce5f-adff-4b44-807a-96aab81c3a89,Albertsons,3524 McKinney Ave,Dallas,TX,75204-1402,32.80571746826172,-96.7973403930664,Overture Places 2026-07-22.0,2026-07-22,open,packet_ready,primary_store_candidate
Albertsons,5be914aa-1c39-4933-893b-3c4ff228a4dc,Albertsons,200 W Crawford St,Denison,TX,75020-4604,33.752281188964844,-96.53778839111328,Overture Places 2026-07-22.0,2026-07-22,open,packet_ready,primary_store_candidate
Albertsons,f4f44e85-9e01-4dd5-9329-2f62132ee0b7,Albertsons,2321 W University Dr,Denton,TX,76201-1649,33.22853088378906,-97.162841796875,Overture Places 2026-07-22.0,2026-07-22,open,packet_ready,primary_store_candidate
Albertsons,2924ec3c-5591-439e-b49a-d2b39db48f83,Albertsons,10765 Kenworthy St,El Paso,TX,79924-1748,31.920564651489258,-106.43833923339844,Overture Places 2026-07-22.0,2026-07-22,open,packet_ready,primary_store_candidate
Albertsons,fbfb263c-edd0-4df9-ba51-0819cd37d460,Albertsons,11320 Montwood Dr,El Paso,TX,79936-4383,31.76755714416504,-106.30229187011719,Overture Places 2026-07-22.0,2026-07-22,open,packet_ready,primary_store_candidate
Albertsons,9bb622bf-6e8a-4767-9826-9c2bec90d30c,Albertsons,13671 Eastlake Blvd,El Paso,TX,79928-7215,31.700607299804688,-106.21439361572266,Overture Places 2026-07-22.0,2026-07-22,open,packet_ready,primary_store_candidate
Albertsons,faa6b7c3-8248-46af-814f-a0b32aa6b30a,Albertsons,2200 N Yarbrough Dr,El Paso,TX,79925-6300,31.772794723510742,-106.33780670166016,Overture Places 2026-07-22.0,2026-07-22,open,packet_ready,primary_store_candidate
Albertsons,f278f433-5160-4c4c-850f-54884e9c7938,Albertsons Pharmacy,3100 Mesa St,El Paso,TX,79902,31.780925750732422,-106.50406646728516,Overture Places 2026-07-22.0,2026-07-22,open,exclude,brand_false_positive
Albertsons,cae06127-6383-4e50-806d-f956c105fd71,Albertsons,3100 N Mesa St,El Paso,TX,79902-2324,31.78082275390625,-106.50404357910156,Overture Places 2026-07-22.0,2026-07-22,open,packet_ready,primary_store_candidate
Albertsons,d035eb7f-50ca-4c39-8310-3cd9918e0603,Albertsons,3150 N Zaragoza Rd,El Paso,TX,79938-4692,31.78383445739746,-106.24173736572266,Overture Places 2026-07-22.0,2026-07-22,open,packet_ready,primary_store_candidate
Albertsons,108e033b-631e-4c16-ac88-a683979f1c9e,Albertsons,5200 Montana Ave,El Paso,TX,79903-4906,31.782636642456055,-106.4266586303711,Overture Places 2026-07-22.0,2026-07-22,open,packet_ready,primary_store_candidate
Albertsons,e7d24c33-3f58-492b-b71b-62af28fac19a,Albertsons,5630 N Desert Blvd,El Paso,TX,79912-1636,31.864490509033203,-106.57514190673828,Overture Places 2026-07-22.0,2026-07-22,open,packet_ready,primary_store_candidate
Albertsons,df52e22b-eca5-4dc2-93bc-ffd608ab3f53,Albertsons,7022 N Mesa St,El Paso,TX,79912-3649,31.837078094482422,-106.55144500732422,Overture Places 2026-07-22.0,2026-07-22,open,packet_ready,primary_store_candidate
Albertsons,f164bab6-4c9f-455b-9510-f112aa3255ec,Albertsons,1155 N Main St,Euless,TX,76039-2757,32.85324478149414,-97.0836410522461,Overture Places 2026-07-22.0,2026-07-22,open,packet_ready,primary_store_candidate
Albertsons,b480b27c-2066-4e98-ae21-94abe7c1c8b5,Albertsons,3525 Sycamore School Rd,Fort Worth,TX,76133-7805,32.633636474609375,-97.3716049194336,Overture Places 2026-07-22.0,2026-07-22,open,packet_ready,primary_store_candidate
Albertsons,ba280c3a-c1c1-4af3-bb81-53bd213dc864,Albertsons,3563 Alton Rd,Fort Worth,TX,76109-2834,32.697872161865234,-97.36937713623047,Overture Places 2026-07-22.0,2026-07-22,open,packet_ready,primary_store_candidate
Albertsons,393285ec-c148-4b80-8392-cd92568af17e,Albertsons,4400 Western Center Blvd,Fort Worth,TX,76137-2044,32.859493255615234,-97.29155731201172,Overture Places 2026-07-22.0,2026-07-22,open,packet_ready,primary_store_candidate
Albertsons,a26952c4-d129-42d9-9cdd-a66ef5c94f97,Albertsons,6700 West Fwy,Fort Worth,TX,76116-2160,32.73668670654297,-97.43318176269531,Overture Places 2026-07-22.0,2026-07-22,open,packet_ready,primary_store_candidate
Albertsons,f095e510-1117-4f67-88de-87962be02da0,Albertsons,7400 Oakmont Blvd,Fort Worth,TX,76132-3904,32.66270065307617,-97.41975402832031,Overture Places 2026-07-22.0,2026-07-22,open,packet_ready,primary_store_candidate
Albertsons,e844b0e0-979b-41ba-9ae5-5f24eeaffd69,Albertsons,850 E Loop 820,Fort Worth,TX,76112-1796,32.767459869384766,-97.21492004394531,Overture Places 2026-07-22.0,2026-07-22,open,packet_ready,primary_store_candidate
Albertsons,a3d94249-b1ac-419d-8cdf-3d9d81ab84c4,Albertsons,9300 Clifford St,Fort Worth,TX,76108-4426,32.766727447509766,-97.47900390625,Overture Places 2026-07-22.0,2026-07-22,open,packet_ready,primary_store_candidate
Albertsons,d336c1ec-65ec-4ba2-b5d9-aff5cc204978,Albertsons,5710 Broadway Blvd,Garland,TX,75043-5818,32.84602355957031,-96.5942611694336,Overture Places 2026-07-22.0,2026-07-22,open,packet_ready,primary_store_candidate
Albertsons,e3265935-422f-41c4-b847-bf756dff56fd,Albertsons,215 N Carrier Pkwy,Grand Prairie,TX,75050-5425,32.7438850402832,-97.01793670654297,Overture Places 2026-07-22.0,2026-07-22,open,packet_ready,primary_store_candidate
Albertsons,7f570806-ddff-455a-9f6c-29a64f8b4888,Albertsons,2200 W Shady Grove Rd,Irving,TX,75060-5056,32.799903869628906,-96.97476959228516,Overture Places 2026-07-22.0,2026-07-22,open,packet_ready,primary_store_candidate
Albertsons,64a95aa1-f3da-435f-a375-49cb4d46b0a9,Albertsons,6308 Lake Worth Blvd,Lake Worth,TX,76135-3602,32.811798095703125,-97.42244720458984,Overture Places 2026-07-22.0,2026-07-22,open,packet_ready,primary_store_candidate
Albertsons,3eb9b1c4-6b2e-4e29-9a4f-b30e17d1c95c,Albertsons,3603 McCann Rd,Longview,TX,75605-4478,32.542930603027344,-94.7552719116211,Overture Places 2026-07-22.0,2026-07-22,open,packet_ready,primary_store_candidate
Albertsons,4eb3e78b-a828-4edf-98bd-2ca45d5c17c1,Albertsons,3001 S Central Expy,McKinney,TX,75070-2089,33.17087936401367,-96.63703918457031,Overture Places 2026-07-22.0,2026-07-22,open,packet_ready,primary_store_candidate
Albertsons,8f4e2fdc-61ee-47dc-9577-9e8b303b5776,Albertsons,2828 Motley Dr,Mesquite,TX,75150-3425,32.80249786376953,-96.64556121826172,Overture Places 2026-07-22.0,2026-07-22,open,packet_ready,primary_store_candidate
Albertsons,c996f159-3abd-4646-8a06-9e1af26c1b93,Albertsons,2165 E Buckingham Rd,Richardson,TX,75081-5477,32.93216323852539,-96.68367767333984,Overture Places 2026-07-22.0,2026-07-22,open,packet_ready,primary_store_candidate
Albertsons,970d1409-ed1d-49f7-84fb-3f9926723247,Albertsons,1201 N Saginaw Blvd,Saginaw,TX,76179-1145,32.87957763671875,-97.38219451904297,Overture Places 2026-07-22.0,2026-07-22,open,packet_ready,primary_store_candidate
Albertsons,c8f3f96a-986e-4087-8065-fc864cc20b4f,Albertsons,7650 FM 78,San Antonio,TX,78244,29.489551544189453,-98.33416748046875,Overture Places 2026-07-22.0,2026-07-22,open,packet_ready,primary_store_candidate
Albertsons,8b270889-0d6b-49a6-809a-50f2ad3101b7,Albertsons,100 E Taylor St,Sherman,TX,75092,33.653602600097656,-96.61393737792969,Overture Places 2026-07-22.0,2026-07-22,open,packet_ready,primary_store_candidate
Albertsons,1c42ae73-420f-4538-9d7d-e951a1de7e42,Albertsons,4415 W 7th St,Texarkana,TX,75501-6351,33.416969299316406,-94.09943389892578,Overture Places 2026-07-22.0,2026-07-22,open,packet_ready,primary_store_candidate
Albertsons,2444cf87-72ca-4e66-8862-f66b20eed0e3,Albertsons,6249 Rufe Snow Dr,Watauga,TX,76148-3316,32.8588981628418,-97.2398910522461,Overture Places 2026-07-22.0,2026-07-22,open,packet_ready,primary_store_candidate
Albertsons,5afdc6cf-4735-4f20-8226-f525f78c593b,Albertsons,225 E Spring St,Weatherford,TX,76086-3380,32.760406494140625,-97.79408264160156,Overture Places 2026-07-22.0,2026-07-22,open,packet_ready,primary_store_candidate
Albertsons,950a530d-f37a-4ff4-b4d2-c46b2395d315,United Supermarkets Pharmacy,2720 Southwest Pkwy,Wichita Falls,TX,76308-3704,33.858978271484375,-98.5345687866211,Overture Places 2026-07-22.0,2026-07-22,open,exclude,brand_false_positive
Central Market,b5edc78f-539d-4da6-8fe4-7304a1f19807,Central Market,4477 S Lamar Blvd,Austin,TX,78745-1465,30.231239318847656,-97.79752349853516,Overture Places 2026-07-22.0,2026-07-22,open,packet_ready,primary_store_candidate
Central Market,6ae08a77-4eb2-4ba7-a529-32497ea1f701,Central Market,10720 Preston Rd,Dallas,TX,75230-3835,32.8941535949707,-96.80219268798828,Overture Places 2026-07-22.0,2026-07-22,open,packet_ready,primary_store_candidate
Central Market,900ae0ca-b956-48a7-8327-d4a056dd69df,Central Market,3890 W Northwest Hwy,Dallas,TX,75220-5137,32.86166000366211,-96.84955596923828,Overture Places 2026-07-22.0,2026-07-22,open,packet_ready,primary_store_candidate
Central Market,1c0df3e1-8ad8-4401-b7e8-6042393667c3,Central Market,4349 W Northwest Hwy,Dallas,TX,75220-3854,32.865596771240234,-96.83629608154297,Overture Places 2026-07-22.0,2026-07-22,open,packet_ready,primary_store_candidate
Central Market,5f10648d-b6f7-4daf-bc6a-a2c0bbb61686,Central Market,5750 E Lovers Ln,Dallas,TX,75206-2921,32.84967803955078,-96.76866912841797,Overture Places 2026-07-22.0,2026-07-22,open,packet_ready,primary_store_candidate
Central Market,efe3a8bf-8c74-49ed-ade2-e22a66ad02cd,Vista Central Market,2231 N Zaragoza Rd,El Paso,TX,79938-7920,31.774364471435547,-106.25540924072266,Overture Places 2026-07-22.0,2026-07-22,open,packet_ready,primary_store_candidate
Central Market,c326300c-48ba-43a7-ab58-aef5472e900e,Central Market,4651 West Fwy,Fort Worth,TX,76107-5489,32.72999572753906,-97.3890151977539,Overture Places 2026-07-22.0,2026-07-22,open,packet_ready,primary_store_candidate
Central Market,c34181ef-145c-4fb1-8d75-f762f50ca269,Central Market,3815 Westheimer Rd,Houston,TX,77027-5003,29.741092681884766,-95.4440689086914,Overture Places 2026-07-22.0,2026-07-22,open,packet_ready,primary_store_candidate
Central Market,fbc77c2f-9db4-4da9-a69c-78e1259db12b,Central Market,320 Coit Rd,Plano,TX,75075-5712,33.002174377441406,-96.76480102539062,Overture Places 2026-07-22.0,2026-07-22,open,packet_ready,primary_store_candidate
Central Market,27ad41a1-ddab-485c-ab2b-0524d7c3480e,Central Market Pharmacy,4821 Broadway St,San Antonio,TX,78209,29.47062110900879,-98.46455383300781,Overture Places 2026-07-22.0,2026-07-22,open,exclude,brand_false_positive
Central Market,13be1d58-7ef6-4135-9564-87b0ff1be39a,Central Market,1425 E Southlake Blvd,Southlake,TX,76092-6420,32.939125061035156,-97.13191986083984,Overture Places 2026-07-22.0,2026-07-22,open,packet_ready,primary_store_candidate
Fiesta Mart,7161f315-9a97-416e-91c4-3da360adc019,Fiesta Mart,1300 E Pioneer Pkwy,Arlington,TX,76010-6411,32.707027435302734,-97.09058380126953,Overture Places 2026-07-22.0,2026-07-22,open,packet_ready,primary_store_candidate
Fiesta Mart,b531061a-8fff-4705-abf4-49d10291b6de,"Store #60",1300 E. Pioneer Pky,Arlington,TX,76010,32.70688247680664,-97.09056854248047,Overture Places 2026-07-22.0,2026-07-22,open,packet_ready,primary_store_candidate
Fiesta Mart,f2d8cc96-68e3-4d7f-afbd-600a8b19fb46,"Store #25",3909 N I-35 Service Rd,Austin,TX,78722,30.296125411987305,-97.71815490722656,Overture Places 2026-07-22.0,2026-07-22,open,packet_ready,primary_store_candidate
Fiesta Mart,9e8f106c-315c-4f4d-b944-8ca5204ae328,Fiesta Mart,3909 N Interstate 35,Austin,TX,78722-1500,30.29590606689453,-97.717529296875,Overture Places 2026-07-22.0,2026-07-22,open,packet_ready,primary_store_candidate
Fiesta Mart,55dfa6e0-ae2b-4783-8548-df87df8a868d,"Store #64",5510 I-35 South,Austin,TX,78745,30.192293167114258,-97.77198028564453,Overture Places 2026-07-22.0,2026-07-22,open,packet_ready,primary_store_candidate
Fiesta Mart,7be383b0-4597-4cac-935e-ec04eabff21f,Fiesta Mart,5510 S Interstate 35,Austin,TX,78745-3209,30.20057487487793,-97.76426696777344,Overture Places 2026-07-22.0,2026-07-22,open,packet_ready,primary_store_candidate
Fiesta Mart,acb6f5e2-6ea3-474d-89ea-3cd1139de96b,Fiesta Mart,1235 S Josey Ln,Carrollton,TX,75006-7655,32.95018768310547,-96.88973999023438,Overture Places 2026-07-22.0,2026-07-22,open,packet_ready,primary_store_candidate
Fiesta Mart,d1a8b607-1247-4361-a9f2-aeeb383772e8,"Store #70",1235 S. Josey Lane,Carrollton,TX,75006,32.95037841796875,-96.88977813720703,Overture Places 2026-07-22.0,2026-07-22,open,packet_ready,primary_store_candidate
Fiesta Mart,632074eb-123d-44b2-986d-e2e0e5347feb,Fiesta Mart,210 E Davis St,Conroe,TX,77301-2908,30.312969207763672,-95.45471954345703,Overture Places 2026-07-22.0,2026-07-22,open,packet_ready,primary_store_candidate
Fiesta Mart,20437cfa-a521-40b2-aa69-64da5c70a978,"Store #81",210 E. Davis St.,Conroe,TX,77301,30.312780380249023,-95.45446014404297,Overture Places 2026-07-22.0,2026-07-22,open,packet_ready,primary_store_candidate
Fiesta Mart,cc7bd930-3eca-4048-963f-71eefb4837ad,"Store #210",10121 E Lake June Rd.,Dallas,TX,75217,32.734867095947266,-96.65020751953125,Overture Places 2026-07-22.0,2026-07-22,open,packet_ready,primary_store_candidate
Fiesta Mart,522b9457-d098-4c54-95d6-6c096a1c2922,"Store #74",11445 Garland Rd.,Dallas,TX,75218,32.85122299194336,-96.68186950683594,Overture Places 2026-07-22.0,2026-07-22,open,packet_ready,primary_store_candidate
Fiesta Mart,b9a738b9-c28c-472e-9bcb-7a1eccde31b6,Fiesta Mart,2225 W Ledbetter Dr,Dallas,TX,75224-4736,32.6927375793457,-96.8556900024414,Overture Places 2026-07-22.0,2026-07-22,open,packet_ready,primary_store_candidate
Fiesta Mart,c3d53310-c3d3-408f-85e9-ec3b944c2b16,"Store #65",2225 West Ledbetter,Dallas,TX,75224,32.691307067871094,-96.85409545898438,Overture Places 2026-07-22.0,2026-07-22,open,packet_ready,primary_store_candidate
Fiesta Mart,d6a5f9bf-5264-4e74-a3a1-02f8d43647a0,"Store #57",2951 S. Buckner Blvd.,Dallas,TX,75227,32.761688232421875,-96.68285369873047,Overture Places 2026-07-22.0,2026-07-22,open,packet_ready,primary_store_candidate
Fiesta Mart,126f21f7-684d-456d-a223-2ac37af11698,"Store #34",3030 S Lancaster,Dallas,TX,75216,32.710487365722656,-96.8033218383789,Overture Places 2026-07-22.0,2026-07-22,open,packet_ready,primary_store_candidate
Fiesta Mart,02200aa8-4ff8-486f-a444-3c9328507a03,"Store #212",3230 K Jr. Blvd. TX,Dallas,TX,75210,32.77297592163086,-96.76216888427734,Overture Places 2026-07-22.0,2026-07-22,open,packet_ready,primary_store_candidate
Fiesta Mart,7665c744-307f-4584-8f05-7c76d8d1b46d,Fiesta Mart,3230 Martin Luther King Jr Blvd,Dallas,TX,75210-2417,32.77315902709961,-96.76235961914062,Overture Places 2026-07-22.0,2026-07-22,open,packet_ready,primary_store_candidate
Fiesta Mart,b0d32fdb-6af4-4b47-a316-4c1e528b40d7,"Store #71",3434 W. lllinois,Dallas,TX,75211,32.719322204589844,-96.87743377685547,Overture Places 2026-07-22.0,2026-07-22,open,packet_ready,primary_store_candidate
Fiesta Mart,6e0d9c9e-4b37-4c44-a218-bff401563ede,"Store #77",3460 Webb Chapel,Dallas,TX,75220,32.86415481567383,-96.8639907836914,Overture Places 2026-07-22.0,2026-07-22,open,packet_ready,primary_store_candidate
Fiesta Mart,aff97769-8449-4b98-884a-9535d5e28470,Fiesta Mart,3460 Webb Chapel Ext,Dallas,TX,75220-6751,32.864253997802734,-96.86380004882812,Overture Places 2026-07-22.0,2026-07-22,open,packet_ready,primary_store_candidate
Fiesta Mart,717959cd-78ab-4abe-b055-f8e395ef7c11,Fiesta Mart,5334 Ross Ave,Dallas,TX,75206-7400,32.80896759033203,-96.77086639404297,Overture Places 2026-07-22.0,2026-07-22,open,packet_ready,primary_store_candidate
Fiesta Mart,8bd1ad2d-c4b2-443a-b8e4-7d09efe4f01f,"Store #40",5334 Ross Ave,Dallas,TX,75206,32.80654525756836,-96.77619171142578,Overture Places 2026-07-22.0,2026-07-22,open,packet_ready,primary_store_candidate
Fiesta Mart,7387469d-b38f-4bfd-85e3-a76efa68f747,"Store #29",611 W Jefferson,Dallas,TX,75208,32.743194580078125,-96.83308410644531,Overture Places 2026-07-22.0,2026-07-22,open,packet_ready,primary_store_candidate
Fiesta Mart,ef064f72-1759-451f-a765-bcb41738a846,Fiesta Mart,611 W Jefferson Blvd,Dallas,TX,75208-4817,32.74412155151367,-96.83301544189453,Overture Places 2026-07-22.0,2026-07-22,open,packet_ready,primary_store_candidate
Fiesta Mart,047a9e8d-6f26-4ab3-8ec0-010116abcbe2,"Store #68",6401 Abrams,Dallas,TX,75231,32.86226272583008,-96.74584197998047,Overture Places 2026-07-22.0,2026-07-22,open,packet_ready,primary_store_candidate
Fiesta Mart,b0308f79-5b25-4745-acf1-bf0b7206c685,"Store #58",8060 Spring Valley Rd.,Dallas,TX,75240,32.93927001953125,-96.76817321777344,Overture Places 2026-07-22.0,2026-07-22,open,packet_ready,primary_store_candidate
Fiesta Mart,4827c5a7-3b3d-4ffb-bea5-cfc5c9ee133d,Fiesta Mart,8060 W Spring Valley Rd,Dallas,TX,75240-3827,32.93899154663086,-96.76689147949219,Overture Places 2026-07-22.0,2026-07-22,open,packet_ready,primary_store_candidate
Fiesta Mart,434c3206-34b0-4a4b-a42f-d6168435fb8d,"Store #32",9727 Webb Chapel,Dallas,TX,75220,32.86697006225586,-96.86482238769531,Overture Places 2026-07-22.0,2026-07-22,open,packet_ready,primary_store_candidate
Fiesta Mart,6006684b-116b-40ab-b69a-5d22ab6394c1,Fiesta Mart,2700 8th Ave,Fort Worth,TX,76110-3040,32.71237564086914,-97.34490966796875,Overture Places 2026-07-22.0,2026-07-22,open,packet_ready,primary_store_candidate
Fiesta Mart,90219761-ba3e-4c70-9870-95cace0264b8,"Store #61",2700 8th Ave.,Fort Worth,TX,76110,32.712158203125,-97.34382629394531,Overture Places 2026-07-22.0,2026-07-22,open,packet_ready,primary_store_candidate
Fiesta Mart,4bb66afa-4e2f-4f8f-8c56-250039705900,"Store #46",275 N. E. 28th Street,Fort Worth,TX,76106,32.795799255371094,-97.34600067138672,Overture Places 2026-07-22.0,2026-07-22,open,packet_ready,primary_store_candidate
Fiesta Mart,29c68d18-c445-47cf-a55d-696f9141b12c,Fiesta Mart,275 NE 28th St,Fort Worth,TX,76164-7234,32.79582214355469,-97.3462905883789,Overture Places 2026-07-22.0,2026-07-22,open,packet_ready,primary_store_candidate
Fiesta Mart,8a63c0bb-6e32-4220-a308-284de72c3b7b,Fiesta Mart,421 W Bolt St,Fort Worth,TX,76110-6208,32.68701934814453,-97.32826232910156,Overture Places 2026-07-22.0,2026-07-22,open,packet_ready,primary_store_candidate
Fiesta Mart,c1b4204e-4bc8-47e2-9b46-8303b5932112,"Store #67",421 West Bolt,Fort Worth,TX,76110,32.68727493286133,-97.32869720458984,Overture Places 2026-07-22.0,2026-07-22,open,packet_ready,primary_store_candidate
Fiesta Mart,f42032a1-177e-4cf1-b3b9-6b97ca23a7a0,Fiesta Mart,4245 E Berry St,Fort Worth,TX,76105-5054,32.7144889831543,-97.26128387451172,Overture Places 2026-07-22.0,2026-07-22,open,packet_ready,primary_store_candidate
Fiesta Mart,026d9a03-cf9f-4cfa-809c-32f105ce5f38,"Store #76",4245 E. Berry Street,Fort Worth,TX,76105,32.71394729614258,-97.2621078491211,Overture Places 2026-07-22.0,2026-07-22,open,packet_ready,primary_store_candidate
Fiesta Mart,bdcb7624-48f6-49f3-a6d3-5d14626a2c1f,"Store #69",7809 Camp Bowie,Fort Worth,TX,76116,32.72233200073242,-97.45033264160156,Overture Places 2026-07-22.0,2026-07-22,open,packet_ready,primary_store_candidate
Fiesta Mart,e70ca61f-2d4e-4fe2-b87d-946ee55377d9,"Store #54",2940 S. First Street,Garland,TX,75041,32.87992477416992,-96.630859375,Overture Places 2026-07-22.0,2026-07-22,open,packet_ready,primary_store_candidate
Fiesta Mart,59397df5-af7f-43e4-922a-dfebfab0bc87,"Store #01",1020 Quitman St.,Houston,TX,77009,29.781444549560547,-95.3592300415039,Overture Places 2026-07-22.0,2026-07-22,open,packet_ready,primary_store_candidate
Fiesta Mart,634d5408-72cb-4d34-a7d7-2ff35549d298,"Store #09",10401 Jensen,Houston,TX,77093,29.86376953125,-95.33395385742188,Overture Places 2026-07-22.0,2026-07-22,open,packet_ready,primary_store_candidate
Fiesta Mart,4ee2da09-5d4f-4a16-a21f-e981eb77fc6b,"Store #28",11006 Airline,Houston,TX,77037,29.91613006591797,-95.4053726196289,Overture Places 2026-07-22.0,2026-07-22,open,packet_ready,primary_store_candidate
Fiesta Mart,f2155ecf-b0f4-46ad-95b1-72a1665b2435,Fiesta Mart,11006 Airline Dr,Houston,TX,77037-1112,29.916173934936523,-95.40442657470703,Overture Places 2026-07-22.0,2026-07-22,open,packet_ready,primary_store_candidate
Fiesta Mart,d2e84358-27a6-4ef1-849a-e9b28ccafbac,"Store #24",11240 Fondren,Houston,TX,77096,29.656801223754883,-95.50851440429688,Overture Places 2026-07-22.0,2026-07-22,open,packet_ready,primary_store_candidate
Fiesta Mart,08b5ad7e-9f4f-43ae-85bb-dc8a9f7614df,"Store #31",1175 Edgebrook,Houston,TX,77034,29.642501831054688,-95.24296569824219,Overture Places 2026-07-22.0,2026-07-22,open,packet_ready,primary_store_candidate
Fiesta Mart,76f2b2bf-e86f-482c-be90-f1e04014e4b6,"Store #22",12355 Main,Houston,TX,77035,29.646160125732422,-95.46029663085938,Overture Places 2026-07-22.0,2026-07-22,open,packet_ready,primary_store_candidate
Fiesta Mart,15de69e5-a197-4b03-9c93-6ebe8de63de8,Fiesta Mart,12355 Main St,Houston,TX,77035-6200,29.646198272705078,-95.46023559570312,Overture Places 2026-07-22.0,2026-07-22,open,packet_ready,primary_store_candidate
Fiesta Mart,c52ba693-ad8e-49df-83c0-88cd7ad81a60,"Store #79",12584 Westheimer,Houston,TX,77077,29.73624038696289,-95.60540771484375,Overture Places 2026-07-22.0,2026-07-22,open,packet_ready,primary_store_candidate
Fiesta Mart,19b0dd9d-aac0-4173-89bb-c68f52764aa7,Fiesta Mart,12584 Westheimer Rd,Houston,TX,77077-5808,29.737518310546875,-95.6046142578125,Overture Places 2026-07-22.0,2026-07-22,open,packet_ready,primary_store_candidate
Fiesta Mart,f7d8b829-1391-425c-810c-1adf25dcbeb1,"Store #14",14315 Bellaire,Houston,TX,77083,29.703834533691406,-95.63924407958984,Overture Places 2026-07-22.0,2026-07-22,open,packet_ready,primary_store_candidate
Fiesta Mart,f25addb0-f13e-4351-865a-0edff68284a3,"Store #41",1728 W Mt,Houston,TX,77038,29.898536682128906,-95.42813873291016,Overture Places 2026-07-22.0,2026-07-22,open,packet_ready,primary_store_candidate
Fiesta Mart,11922470-8061-4cd8-a115-497c02260521,Fiesta Mart,2323 Wirt Rd,Houston,TX,77055-1231,29.815244674682617,-95.48699951171875,Overture Places 2026-07-22.0,2026-07-22,open,packet_ready,primary_store_candidate
Fiesta Mart,e72126e8-d329-48dc-8b48-3212b323eaf7,"Store #08",2323 Wirt Rd,Houston,TX,77055,29.8155574798584,-95.48517608642578,Overture Places 2026-07-22.0,2026-07-22,open,packet_ready,primary_store_candidate
Fiesta Mart,36863eab-ec81-4ce0-a430-cf489071ea74,"Store #201",2877 S. Richey Street,Houston,TX,77017,29.6763973236084,-95.23060607910156,Overture Places 2026-07-22.0,2026-07-22,open,packet_ready,primary_store_candidate
Fiesta Mart,2e747168-1239-4a6c-96ff-c7fa1358b3d2,"Store #49",4114 Fulton,Houston,TX,77009,29.79764747619629,-95.36727905273438,Overture Places 2026-07-22.0,2026-07-22,open,packet_ready,primary_store_candidate
Fiesta Mart,0141d336-bf54-4f08-8979-33a4035e0d42,"Store #11",4711 Airline,Houston,TX,77022,29.836877822875977,-95.38438415527344,Overture Places 2026-07-22.0,2026-07-22,open,packet_ready,primary_store_candidate
Fiesta Mart,91534f68-aa11-42c9-a147-a7a908cd67eb,Fiesta Mart,4711 Airline Dr,Houston,TX,77022-3079,29.836488723754883,-95.38526916503906,Overture Places 2026-07-22.0,2026-07-22,open,packet_ready,primary_store_candidate
Fiesta Mart,2f69efd8-dd3f-4eef-9ade-cf5708610864,"Store #05",5600 Mykawa,Houston,TX,77033,29.693458557128906,-95.32815551757812,Overture Places 2026-07-22.0,2026-07-22,open,packet_ready,primary_store_candidate
Fiesta Mart,e5cf7639-56c0-4c38-bfad-2e33211445e8,Fiesta Mart,5600 Mykawa Rd,Houston,TX,77033-1000,29.693374633789062,-95.328369140625,Overture Places 2026-07-22.0,2026-07-22,open,packet_ready,primary_store_candidate
Fiesta Mart,77e543ee-e418-47d2-9b4b-e952c25444b7,"Store #12",5800 Lyons,Houston,TX,77020,29.775609970092773,-95.31204223632812,Overture Places 2026-07-22.0,2026-07-22,open,packet_ready,primary_store_candidate
Fiesta Mart,0514a2b8-0691-484c-aa8f-d2d9eab6c24d,"Store #50",5815 Lockwood,Houston,TX,77026,29.812997817993164,-95.31809997558594,Overture Places 2026-07-22.0,2026-07-22,open,packet_ready,primary_store_candidate
Fiesta Mart,e90c193b-716d-4e0c-a698-84d160267050,Fiesta Mart,5815 Lockwood Dr,Houston,TX,77026-1823,29.812870025634766,-95.31769561767578,Overture Places 2026-07-22.0,2026-07-22,open,packet_ready,primary_store_candidate
Fiesta Mart,ec936157-1597-4fa2-b242-7332f5e22835,"Store #07",6200 Bellaire,Houston,TX,77081,29.706409454345703,-95.4919204711914,Overture Places 2026-07-22.0,2026-07-22,open,packet_ready,primary_store_candidate
Fiesta Mart,28168281-4146-471f-96c1-e6f58ff7c6be,Fiesta Mart,6200 Bellaire Blvd,Houston,TX,77081-4902,29.70656394958496,-95.491455078125,Overture Places 2026-07-22.0,2026-07-22,open,packet_ready,primary_store_candidate
Fiesta Mart,d099ffea-6202-444e-ad96-928f59775a1c,"Store #37",7510 Bellfort,Houston,TX,77061,29.672128677368164,-95.288330078125,Overture Places 2026-07-22.0,2026-07-22,open,packet_ready,primary_store_candidate
Fiesta Mart,bbbeb15c-6767-4d9a-a94f-703002a14011,Fiesta Mart,7510 Bellfort St,Houston,TX,77061-1702,29.67222785949707,-95.28813934326172,Overture Places 2026-07-22.0,2026-07-22,open,packet_ready,primary_store_candidate
Fiesta Mart,3779b7ff-f7e2-4446-82d9-b69146c1a8db,"Store #03",800 S Wayside,Houston,TX,77023,29.730602264404297,-95.31022644042969,Overture Places 2026-07-22.0,2026-07-22,open,packet_ready,primary_store_candidate
Fiesta Mart,7f733b05-997e-4b0b-8a53-113c5d0b0ef8,Fiesta Mart,800 S Wayside Dr,Houston,TX,77023-2310,29.730690002441406,-95.31063079833984,Overture Places 2026-07-22.0,2026-07-22,open,packet_ready,primary_store_candidate
Fiesta Mart,3c717bc2-2e70-496f-b772-27554339282f,"Store #18",8130 Kirby,Houston,TX,77054,29.69130516052246,-95.4129638671875,Overture Places 2026-07-22.0,2026-07-22,open,packet_ready,primary_store_candidate
Fiesta Mart,24861410-4d79-4972-b9fd-c52f75c9cdc3,Fiesta Mart,8130 Kirby Dr,Houston,TX,77054-1706,29.69039535522461,-95.41515350341797,Overture Places 2026-07-22.0,2026-07-22,open,packet_ready,primary_store_candidate
Fiesta Mart,31bb0933-8a0a-402b-bd70-86e8898e9438,"Store #43",8650 S Braeswood,Houston,TX,77031,29.672121047973633,-95.52908325195312,Overture Places 2026-07-22.0,2026-07-22,open,packet_ready,primary_store_candidate
Fiesta Mart,40c2e11c-cfb9-40fb-b7dd-9454ba858ae7,Fiesta Mart,8650 S Braeswood Blvd,Houston,TX,77031-1301,29.67226791381836,-95.5300521850586,Overture Places 2026-07-22.0,2026-07-22,open,packet_ready,primary_store_candidate
Fiesta Mart,467ee1a8-e81a-40b1-b88a-1d9e8df34a5f,"Store #39",8710 Bellaire,Houston,TX,77036,29.70496940612793,-95.540283203125,Overture Places 2026-07-22.0,2026-07-22,open,packet_ready,primary_store_candidate
Fiesta Mart,9c0c0efb-0588-48b8-a22b-f057265af28d,"Store #23",9419 Mesa,Houston,TX,77028,29.84881591796875,-95.26456451416016,Overture Places 2026-07-22.0,2026-07-22,open,packet_ready,primary_store_candidate
Fiesta Mart,73b9e3e9-efb0-4038-9957-ea65bf6d6943,"Store #51",9420 Cullen,Houston,TX,77051,29.655410766601562,-95.35548400878906,Overture Places 2026-07-22.0,2026-07-22,open,packet_ready,primary_store_candidate
Fiesta Mart,287d8ac3-1fca-429c-8e4c-523f4be1a944,"Store #73",1145 W. Airport Fwy,Irving,TX,75062,32.83739471435547,-96.9609603881836,Overture Places 2026-07-22.0,2026-07-22,open,packet_ready,primary_store_candidate
Fiesta Mart,b34818ed-1969-48a1-ada3-5e348f777359,"Store #53",975 E. Blvd.,Irving,TX,75060,32.811771392822266,-96.93470001220703,Overture Places 2026-07-22.0,2026-07-22,open,packet_ready,primary_store_candidate
Fiesta Mart,ef519bca-326b-48ed-b0c5-f919b20591cd,"Store #66",333 S. Mason Road,Katy,TX,77450,29.780574798583984,-95.7493896484375,Overture Places 2026-07-22.0,2026-07-22,open,packet_ready,primary_store_candidate
Fiesta Mart,855699c0-b39d-4579-89c4-c344239bbb70,Fiesta Mart,1450 W Pleasant Run Rd,Lancaster,TX,75146-1300,32.60291290283203,-96.78711700439453,Overture Places 2026-07-22.0,2026-07-22,open,packet_ready,primary_store_candidate
Fiesta Mart,ebe71a06-3197-43df-8c48-5884c14b93b6,"Store #213",1450 West Pleasant Run Rd.,Lancaster,TX,75146,32.60304641723633,-96.7864990234375,Overture Places 2026-07-22.0,2026-07-22,open,packet_ready,primary_store_candidate
Fiesta Mart,2abb9cbc-2d1e-4d03-bc2d-3014e87e9bef,FiestaMart,301 W Hillside Rd,Laredo,TX,78041-3145,27.546627044677734,-99.49655151367188,Overture Places 2026-07-22.0,2026-07-22,open,packet_ready,primary_store_candidate
Fiesta Mart,4d7f5787-ef94-4027-b3fd-66d3f3707925,Fiesta Grocery,502 N Inspiration Rd,Mission,TX,78572-7804,26.212297439575195,-98.35078430175781,Overture Places 2026-07-22.0,2026-07-22,open,packet_ready,primary_store_candidate
Fiesta Mart,a3e0b6a2-e49e-4213-aae8-b5c4639e0462,"Store #47",1530 Independence Blvd.,Missouri City,TX,77489,29.597450256347656,-95.52542114257812,Overture Places 2026-07-22.0,2026-07-22,open,packet_ready,primary_store_candidate
Fiesta Mart,a59b6aef-f160-47bb-a415-5724b8b29ea9,"Store #59",1200 E. Parker,Plano,TX,75074,33.037498474121094,-96.69771575927734,Overture Places 2026-07-22.0,2026-07-22,open,packet_ready,primary_store_candidate
Fiesta Mart,de167983-0f80-4b4e-9a0d-783e2933bf16,"Store #75",1332 S. Plano Rd.,Richardson,TX,75081,32.931732177734375,-96.70101165771484,Overture Places 2026-07-22.0,2026-07-22,open,packet_ready,primary_store_candidate
Fiesta Mart,227f766d-ceb2-40e5-851f-6218b5187adf,"Store #06",3707 Ave H,Rosenberg,TX,77471,29.560951232910156,-95.78954315185547,Overture Places 2026-07-22.0,2026-07-22,open,packet_ready,primary_store_candidate
Fiesta Mart,8aab9a4c-1939-4aff-9564-9b2e93880d44,"Store #04",1603 Spencer Hwy,South Houston,TX,77587,29.664718627929688,-95.21174621582031,Overture Places 2026-07-22.0,2026-07-22,open,packet_ready,primary_store_candidate
Fiesta Mart,cb1196f0-a80b-4b74-b178-1f2e1895bdb3,Fiesta Mart,1603 Spencer Hwy,South Houston,TX,77587-3762,29.66598892211914,-95.21124267578125,Overture Places 2026-07-22.0,2026-07-22,open,packet_ready,primary_store_candidate
H-E-B,cf1a274b-fcc6-43e2-b5c3-545f61f7e21c,Abilene H-E-B,1345 BARROW,ABILENE,TX,79605-5171,32.43347930908203,-99.75935363769531,Overture Places 2026-07-22.0,2026-07-22,open,packet_ready,primary_store_candidate
H-E-B,2a8c8b29-c696-4a6c-800d-d07eb0872d5b,Alice H-E-B,1115 E. MAIN,ALICE,TX,78332-5046,27.75271987915039,-98.0631103515625,Overture Places 2026-07-22.0,2026-07-22,open,packet_ready,primary_store_candidate
H-E-B,dd37f511-a064-4ff4-a16c-ee37e846761f,Alvin H-E-B,207 E. SOUTH,ALVIN,TX,77511-3553,29.40941619873047,-95.24298095703125,Overture Places 2026-07-22.0,2026-07-22,open,packet_ready,primary_store_candidate
H-E-B,2ee85275-9792-45c5-bbb8-787f87ac5385,Spicewood Springs H-E-B Permanently Closes on 7/31/26,12860 RESEARCH BLVD,AUSTIN,TX,78750-3222,30.4342098236084,-97.772705078125,Overture Places 2026-07-22.0,2026-07-22,open,packet_ready,primary_store_candidate
H-E-B,83122087-43ad-452b-8c00-f1301358b428,Mueller H-E-B,1801 E.51ST STREET,AUSTIN,TX,78723-3014,30.300899505615234,-97.69852447509766,Overture Places 2026-07-22.0,2026-07-22,open,packet_ready,primary_store_candidate
H-E-B,f5c8c0f2-cc15-4aba-a1df-d5e9427f1b91,Slaughter and Manchaca H-E-B,2110 WEST SLAUGHTER LN,AUSTIN,TX,78748-5992,30.17523956298828,-97.82510375976562,Overture Places 2026-07-22.0,2026-07-22,open,packet_ready,primary_store_candidate
H-E-B,83861f16-e76b-46b2-ae4c-54059bbd0f4a,Lake Austin H-E-B,2652 LAKE AUSTIN BLVD,AUSTIN,TX,78703,30.283519744873047,-97.77596282958984,Overture Places 2026-07-22.0,2026-07-22,open,packet_ready,primary_store_candidate
H-E-B,5b4556ed-257e-4dc6-a467-0b1c8a60804e,7th Street H-E-B,2701 EAST 7TH,AUSTIN,TX,78702-3907,30.25909996032715,-97.71163177490234,Overture Places 2026-07-22.0,2026-07-22,open,packet_ready,primary_store_candidate
H-E-B,8f64fd98-32db-4231-be0b-9853fa5b5955,Tech Ridge H-E-B,500 CANYON RIDGE DR.,AUSTIN,TX,78753-1632,30.405439376831055,-97.67182159423828,Overture Places 2026-07-22.0,2026-07-22,open,packet_ready,primary_store_candidate
H-E-B,34522aef-476c-4c5a-86e9-70bb76978af0,Slaughter and Escarpment H-E-B,5800 W. SLAUGHTER LANE,AUSTIN,TX,78749-6507,30.20246696472168,-97.87643432617188,Overture Places 2026-07-22.0,2026-07-22,open,packet_ready,primary_store_candidate
H-E-B,2c7e256e-3d6f-4c43-b6b8-0b03c2c9f4c2,Parmer and McNeil H-E-B,6001 WEST PARMER LANE,AUSTIN,TX,78727-3901,30.441509246826172,-97.7425537109375,Overture Places 2026-07-22.0,2026-07-22,open,packet_ready,primary_store_candidate
H-E-B,f867b3d7-efc1-4a73-b0fd-507601196e9f,I 35 and William Cannon H-E-B,6607 SOUTH IH 35,AUSTIN,TX,78744-3410,30.18887710571289,-97.76872253417969,Overture Places 2026-07-22.0,2026-07-22,open,packet_ready,primary_store_candidate
H-E-B,7069b6ba-7bd5-45aa-992b-4ede8ee34259,Brodie Lane H-E-B,6900 BRODIE LANE,AUSTIN,TX,78745-5008,30.214889526367188,-97.83077239990234,Overture Places 2026-07-22.0,2026-07-22,open,packet_ready,primary_store_candidate
H-E-B,8c853f73-aea6-4427-b826-7bf600b018d8,Ed Bluestein H-E-B,"7112 ED BLUESTEIN_#125",AUSTIN,TX,78723-2924,30.312089920043945,-97.6647720336914,Overture Places 2026-07-22.0,2026-07-22,open,packet_ready,primary_store_candidate
H-E-B,d1544627-6202-4757-b510-c3497f62f80a,Oak Hill H-E-B,7901 US-290,AUSTIN,TX,78736-8300,30.226959228515625,-97.8875503540039,Overture Places 2026-07-22.0,2026-07-22,open,packet_ready,primary_store_candidate
H-E-B,c855db58-36c2-44a7-83a1-495730f60323,Slaughter and South Congress H-E-B,8801 SOUTH CONGRESS AVENUE,AUSTIN,TX,78745,30.16861915588379,-97.7872314453125,Overture Places 2026-07-22.0,2026-07-22,open,packet_ready,primary_store_candidate
H-E-B,9063c1cf-572c-41c5-ba2b-56965bb3576f,Lamar and Rundberg H-E-B,9414 N LAMAR BLVD,AUSTIN,TX,78753-4106,30.36467933654785,-97.69795227050781,Overture Places 2026-07-22.0,2026-07-22,open,packet_ready,primary_store_candidate
H-E-B,56cce519-73b5-4e27-b7d4-9916251e9954,HEB,1345 Barrow St,Abilene,TX,79605-5171,32.433231353759766,-99.7580795288086,Overture Places 2026-07-22.0,2026-07-22,open,packet_ready,primary_store_candidate
H-E-B,d630544b-52e1-4f80-9409-fa0946b13231,H-E-B,1211 E Frontage Rd,Alamo,TX,78516-2315,26.190765380859375,-98.12510681152344,Overture Places 2026-07-22.0,2026-07-22,open,packet_ready,primary_store_candidate
H-E-B,47b83230-2dfd-49c2-a2f7-cbb5379e1a6c,H-E-B,1115 E Main St,Alice,TX,78332-5046,27.752609252929688,-98.0629653930664,Overture Places 2026-07-22.0,2026-07-22,open,packet_ready,primary_store_candidate
H-E-B,843b92bf-4d7f-4862-ac1f-2c0da03ead58,H-E-B,575 E Exchange Pkwy,Allen,TX,75002-1739,33.117618560791016,-96.6528549194336,Overture Places 2026-07-22.0,2026-07-22,open,packet_ready,primary_store_candidate
H-E-B,1409a78b-4fa4-4d6f-bfd8-db8e5ca05b68,H-E-B,207 E South St,Alvin,TX,77511-3553,29.410085678100586,-95.24248504638672,Overture Places 2026-07-22.0,2026-07-22,open,packet_ready,primary_store_candidate
H-E-B,f506e776-5bae-42d7-b889-140cb6cd51f8,HEB,1239 E Mulberry St,Angleton,TX,77515-3908,29.17144012451172,-95.41851043701172,Overture Places 2026-07-22.0,2026-07-22,open,packet_ready,primary_store_candidate
H-E-B,4f2ddb69-469f-4759-9fdf-a8f79e8c79d5,H-E-B,101 E Goodnight Ave,Aransas Pass,TX,78336-1919,27.901269912719727,-97.14606475830078,Overture Places 2026-07-22.0,2026-07-22,open,packet_ready,primary_store_candidate
H-E-B,942265e3-ec00-4a8b-bd46-18ec909fdc8b,H-E-B,1000 E 41st St,Austin,TX,78751-4802,30.300214767456055,-97.71997833251953,Overture Places 2026-07-22.0,2026-07-22,open,packet_ready,primary_store_candidate
H-E-B,6e9883c0-ec80-4780-9c70-2414925b7649,H-E-B Pharmacy,10710 Research Blvd,Austin,TX,78759-5700,30.398618698120117,-97.74830627441406,Overture Places 2026-07-22.0,2026-07-22,open,exclude,brand_false_positive
H-E-B,aad22250-00ef-4464-b327-bcef99a10293,Nutty Brown H-E-B - Opens 7/5/23,12021 W US-290,Austin,TX,78737-2853,30.20709228515625,-97.97160339355469,Overture Places 2026-07-22.0,2026-07-22,open,packet_ready,primary_store_candidate
H-E-B,33862218-9245-4c25-8a53-77bf20776941,H-E-B,12407 N Mopac Expy,Austin,TX,78758-2400,30.417465209960938,-97.70287322998047,Overture Places 2026-07-22.0,2026-07-22,open,packet_ready,primary_store_candidate
H-E-B,fb1fff06-4a9d-4275-a0f2-b72e28698132,H-E-B Pharmacy,12860 Research Blvd,Austin,TX,78750-3222,30.434345245361328,-97.77253723144531,Overture Places 2026-07-22.0,2026-07-22,open,exclude,brand_false_positive
H-E-B,38a0aaa0-394c-4343-9202-8036c2cc3691,HEB,13983 US-183 N,Austin,TX,78717-5902,30.47752571105957,-97.80357360839844,Overture Places 2026-07-22.0,2026-07-22,open,packet_ready,primary_store_candidate
H-E-B,67a25530-9b27-44ec-b080-81dec3829702,HEB,1434 Wells Branch Pkwy W,Austin,TX,78660-3153,30.442602157592773,-97.66429138183594,Overture Places 2026-07-22.0,2026-07-22,open,packet_ready,primary_store_candidate
H-E-B,81ad40d2-5cc7-4526-8a85-78fc51907124,H-E-B Bakery,2110 Slaughter Ln W,Austin,TX,78748-5938,30.175107955932617,-97.82506561279297,Overture Places 2026-07-22.0,2026-07-22,open,packet_ready,primary_store_candidate
H-E-B,72adfb90-b369-451a-bcf4-a6f8ad3d7187,H-E-B,2200 Tallow Ct,Austin,TX,78744-3527,30.19460105895996,-97.7546157836914,Overture Places 2026-07-22.0,2026-07-22,open,packet_ready,primary_store_candidate
H-E-B,d757d7ff-443d-4daa-908a-d5b789af5034,SoCo H-E-B,2400 S Congress Ave,Austin,TX,78704-5512,30.238685607910156,-97.75434112548828,Overture Places 2026-07-22.0,2026-07-22,open,packet_ready,primary_store_candidate
H-E-B,6995407c-e9f4-4aad-9a96-133778176601,H-E-B Pharmacy,2508 E Riverside Dr,Austin,TX,78741-3037,30.236328125,-97.72216796875,Overture Places 2026-07-22.0,2026-07-22,open,exclude,brand_false_positive
H-E-B,f8dc479f-04a0-4df2-9594-faa88a4017fe,H-E-B,2652 Lake Austin Blvd,Austin,TX,78703-4429,30.283735275268555,-97.77604675292969,Overture Places 2026-07-22.0,2026-07-22,open,packet_ready,primary_store_candidate
H-E-B,09d2e142-fced-43e6-9c99-e33fd7283fcd,H-E-B,2701 E 7th St,Austin,TX,78702-3907,30.25924301147461,-97.71163177490234,Overture Places 2026-07-22.0,2026-07-22,open,packet_ready,primary_store_candidate
H-E-B,f262abdd-cf99-417b-836a-edd00a1edad1,H-E-B,500 Canyon Ridge Dr,Austin,TX,78753-1631,30.40555763244629,-97.6718978881836,Overture Places 2026-07-22.0,2026-07-22,open,packet_ready,primary_store_candidate
H-E-B,db418d49-f9ee-4fa1-8f08-6662a97b854d,HEB,5800 Slaughter Ln W,Austin,TX,78749-6507,30.202449798583984,-97.87667846679688,Overture Places 2026-07-22.0,2026-07-22,open,packet_ready,primary_store_candidate
H-E-B,a4fadd41-f215-41e4-b017-ceb5a1ac4a8d,H-E-B Bakery,5808 Burnet Rd,Austin,TX,78756-1100,30.33441925048828,-97.74081420898438,Overture Places 2026-07-22.0,2026-07-22,open,packet_ready,primary_store_candidate
H-E-B,909c5c69-5e31-4ad7-bf0b-e14a13887f4d,H-E-B,600 W William Cannon Dr,Austin,TX,78745-5603,30.197906494140625,-97.78643035888672,Overture Places 2026-07-22.0,2026-07-22,open,packet_ready,primary_store_candidate
H-E-B,4831d97c-8e4e-4492-aca4-479e384d93d5,H-E-B Pharmacy,6607 S IH-35 Svc Rd NB,Austin,TX,78744-3410,30.18877601623535,-97.76879119873047,Overture Places 2026-07-22.0,2026-07-22,open,exclude,brand_false_positive
H-E-B,e7a8a805-ea59-41bd-b332-985d6e91bde7,H-E-B Pharmacy,6900 Brodie Ln,Austin,TX,78745-5008,30.216106414794922,-97.83081817626953,Overture Places 2026-07-22.0,2026-07-22,open,exclude,brand_false_positive
H-E-B,b9469c15-c01e-4c17-9f81-6c63de363db5,H-E-B,7015 Village Center Dr,Austin,TX,78731-3023,30.352888107299805,-97.75598907470703,Overture Places 2026-07-22.0,2026-07-22,open,packet_ready,primary_store_candidate
H-E-B,3e52fd45-81d6-447d-9a8b-76a1392b17a2,HEB,7301 N FM 620,Austin,TX,78726,30.404220581054688,-97.85173797607422,Overture Places 2026-07-22.0,2026-07-22,open,packet_ready,primary_store_candidate
H-E-B,993b2e76-7531-473b-a6dd-4dc4155aed0c,HEB,8801 S Congress Ave,Austin,TX,78745-7389,30.168935775756836,-97.7868881225586,Overture Places 2026-07-22.0,2026-07-22,open,packet_ready,primary_store_candidate
H-E-B,7c70950e-0770-47f2-b479-bbf145c1c156,Beaumont 6 H-E-B,3590 COLLEGE ST,BEAUMONT,TX,77701,30.070096969604492,-94.12836456298828,Overture Places 2026-07-22.0,2026-07-22,open,packet_ready,primary_store_candidate
H-E-B,2d07e690-94d9-49e6-a0ec-f550a9c0f4aa,Bee Cave H-E-B,12400 W HIGHWAY 71,BEE CAVE,TX,78738-6517,30.304719924926758,-97.93228149414062,Overture Places 2026-07-22.0,2026-07-22,open,packet_ready,primary_store_candidate
H-E-B,ac7c4c3d-435b-4855-9e0e-bc5853123f32,Beeville H-E-B,100 EAST HOUSTON ST.,BEEVILLE,TX,78102-5613,28.400249481201172,-97.74609375,Overture Places 2026-07-22.0,2026-07-22,open,packet_ready,primary_store_candidate
H-E-B,1cdc1788-cf37-46ea-8b2f-2984df57b9be,Big Spring H-E-B,2000 SOUTH GREGG,BIG SPRING,TX,79720-5437,32.234439849853516,-101.4725112915039,Overture Places 2026-07-22.0,2026-07-22,open,packet_ready,primary_store_candidate
H-E-B,47030937-7d88-480e-b376-b2225d715e2a,Brenham H-E-B,2508 S. DAY ST.,BRENHAM,TX,77833-5521,30.144519805908203,-96.39784240722656,Overture Places 2026-07-22.0,2026-07-22,open,packet_ready,primary_store_candidate
H-E-B,80c69b2b-45d9-4df3-b3a8-6a701b33bcb4,Southmost and 30th H-E-B,2950 SOUTHMOST ROAD,BROWNSVILLE,TX,78521-4787,25.90519905090332,-97.46520233154297,Overture Places 2026-07-22.0,2026-07-22,open,packet_ready,primary_store_candidate
H-E-B,124e1ef1-9e17-4de7-940a-3edc18a759d7,Hwy 21 and N Texas Ave H-E-B,1609 NORTH TEXAS AVENUE,BRYAN,TX,77803-1828,30.69024658203125,-96.37167358398438,Overture Places 2026-07-22.0,2026-07-22,open,packet_ready,primary_store_candidate
H-E-B,dfd6c9ee-ce08-46e2-b0cf-6207cfbf8f1c,Burnet Polk Street H-E-B,105 S BOUNDARY,BURNET,TX,78611-3201,30.758819580078125,-98.22267150878906,Overture Places 2026-07-22.0,2026-07-22,open,packet_ready,primary_store_candidate
H-E-B,68e0ff35-e905-487f-b12d-2a8cce01867c,H-E-B,2700 7th St,Bay City,TX,77414-5305,28.982589721679688,-95.9578628540039,Overture Places 2026-07-22.0,2026-07-22,open,packet_ready,primary_store_candidate
H-E-B,d771aea6-4683-4b52-ba4b-570f2e790673,H-E-B,6430 Garth Rd,Baytown,TX,77521,29.79541015625,-94.97743225097656,Overture Places 2026-07-22.0,2026-07-22,open,packet_ready,primary_store_candidate
H-E-B,b2fdcd52-6b97-42fb-b819-cdfbdf0a145c,H-E-B plus!,3025 Dowlen Rd,Beaumont,TX,77706-7291,30.106624603271484,-94.1704330444336,Overture Places 2026-07-22.0,2026-07-22,open,packet_ready,primary_store_candidate
H-E-B,9fa07a13-3e41-4818-a919-b69cec803bc9,H-E-B,3590 College St,Beaumont,TX,77701-4614,30.068370819091797,-94.1279296875,Overture Places 2026-07-22.0,2026-07-22,open,packet_ready,primary_store_candidate
H-E-B,faf833af-68aa-4fae-a35a-a6c3cb5c9736,H-E-B,12400 W Highway 71,Bee Cave,TX,78738-6500,30.30464744567871,-97.93206787109375,Overture Places 2026-07-22.0,2026-07-22,open,packet_ready,primary_store_candidate
H-E-B,0835ae11-ab43-4dde-af6b-4d91e43207b0,H-E-B,5106 Bissonnet St,Bellaire,TX,77401-4007,29.707622528076172,-95.4697494506836,Overture Places 2026-07-22.0,2026-07-22,open,packet_ready,primary_store_candidate
H-E-B,8d5f8de7-17f0-4eaa-8742-bd6e759a63a9,H-E-B plus!,801 I-35 N,Bellmead,TX,76705-2874,31.587539672851562,-97.10739135742188,Overture Places 2026-07-22.0,2026-07-22,open,packet_ready,primary_store_candidate
H-E-B,a9e92413-7965-4029-9159-2a0410288891,H-E-B plus!,2509 N Main St,Belton,TX,76513-1551,31.08045768737793,-97.45455932617188,Overture Places 2026-07-22.0,2026-07-22,open,packet_ready,primary_store_candidate
H-E-B,a342e665-dc74-48c2-aa93-31ac9a639d8b,H-E-B,2000 S Gregg St,Big Spring,TX,79720-5437,32.23447036743164,-101.47238159179688,Overture Places 2026-07-22.0,2026-07-22,open,packet_ready,primary_store_candidate
H-E-B,c91d5352-eea4-479c-adbd-93f6537299d0,H-E-B,29388 W I-10,Boerne,TX,78006-2789,29.733814239501953,-98.67977905273438,Overture Places 2026-07-22.0,2026-07-22,open,packet_ready,primary_store_candidate
H-E-B,c8173cf8-544b-4e46-9e10-0e9177154fa6,H-E-B plus!,420 W Bandera Rd,Boerne,TX,78006,29.78186798095703,-98.73377227783203,Overture Places 2026-07-22.0,2026-07-22,open,packet_ready,primary_store_candidate
H-E-B,b390f165-b715-4c32-81ee-0e5c2d8c8778,H-E-B,2508 S Day St,Brenham,TX,77833-5521,30.14450454711914,-96.3980712890625,Overture Places 2026-07-22.0,2026-07-22,open,packet_ready,primary_store_candidate
H-E-B,9f3de1a0-98a2-4bb0-bbf6-6b1d904ecd37,H-E-B,1628 Central Blvd,Brownsville,TX,78520-8327,25.92620849609375,-97.50967407226562,Overture Places 2026-07-22.0,2026-07-22,open,packet_ready,primary_store_candidate
H-E-B,18947b3f-4f81-4745-99a9-d60895838038,H-E-B plus!,2155 Paredes Line Rd,Brownsville,TX,78521-1609,25.9500732421875,-97.48928833007812,Overture Places 2026-07-22.0,2026-07-22,open,packet_ready,primary_store_candidate
H-E-B,4fc3e4ef-4fc9-4e79-ba00-5052ba28998c,H-E-B,2250 Boca Chica Blvd,Brownsville,TX,78521-2216,25.91924476623535,-97.48866271972656,Overture Places 2026-07-22.0,2026-07-22,open,packet_ready,primary_store_candidate
H-E-B,bbe885b6-127d-4419-95c3-e04c728cef29,H-E-B,2950 Southmost Rd,Brownsville,TX,78521-5168,25.905160903930664,-97.46520233154297,Overture Places 2026-07-22.0,2026-07-22,open,packet_ready,primary_store_candidate
H-E-B,2409a8eb-bb21-44cf-845f-82754baec5c7,H-E-B,1609 N Texas Ave,Bryan,TX,77803-1828,30.690216064453125,-96.3717041015625,Overture Places 2026-07-22.0,2026-07-22,open,packet_ready,primary_store_candidate
H-E-B,5e1127f1-72c3-443b-b6dc-9e32b1ffa121,H-E-B,725 E Villa Maria Rd,Bryan,TX,77802-5300,30.643756866455078,-96.35070037841797,Overture Places 2026-07-22.0,2026-07-22,open,packet_ready,primary_store_candidate
H-E-B,343bc513-2e9a-4502-b5f1-07f722d8e683,H-E-B,165 NW John Jones Dr,Burleson,TX,76028-5154,32.52058410644531,-97.35218048095703,Overture Places 2026-07-22.0,2026-07-22,open,packet_ready,primary_store_candidate
H-E-B,f1dd2eff-1c5f-4f01-b4a4-4ef9ab3b4744,H-E-B,105 S Boundary St,Burnet,TX,78611-3201,30.75879669189453,-98.22266387939453,Overture Places 2026-07-22.0,2026-07-22,open,packet_ready,primary_store_candidate
H-E-B,6da1b342-a019-4d87-a9ae-0a307bd029e3,Carthage H-E-B,419 NW LOOP 436,CARTHAGE,TX,75633-9275,32.15919876098633,-94.372802734375,Overture Places 2026-07-22.0,2026-07-22,open,packet_ready,primary_store_candidate
H-E-B,bb36e6e2-6d49-4df1-9d49-5467115f65c5,Hwy 183 and Whitestone Blvd H-E-B,170 E WHITESTONE BLVD,CEDAR PARK,TX,78613-1900,30.522296905517578,-97.82838439941406,Overture Places 2026-07-22.0,2026-07-22,open,packet_ready,primary_store_candidate
H-E-B,4da2f8eb-e37c-4aa3-8e06-17ef763e6342,Parmer and Whitestone H-E-B,2800 EAST WHITESTONE,CEDAR PARK,TX,78613-7273,30.53223991394043,-97.78497314453125,Overture Places 2026-07-22.0,2026-07-22,open,packet_ready,primary_store_candidate
H-E-B,3eb253c5-8e9d-4e80-9769-d9756d09dde6,Texas Avenue H-E-B,1900 TEXAS AVENUE SOUTH,COLLEGE STATION,TX,77840-3914,30.613096237182617,-96.31651306152344,Overture Places 2026-07-22.0,2026-07-22,open,packet_ready,primary_store_candidate
H-E-B,db5886ab-d718-4fe8-a21d-6b2b7be31c34,Columbus H-E-B,2105 MILAM,COLUMBUS,TX,78934-3013,29.694019317626953,-96.53836059570312,Overture Places 2026-07-22.0,2026-07-22,open,packet_ready,primary_store_candidate
H-E-B,e90f4b28-0658-40a0-aa33-7740e9df9f05,Harper's Trace H-E-B,10200 HIGHWAY 242,CONROE,TX,77385-4383,30.20691680908203,-95.42564392089844,Overture Places 2026-07-22.0,2026-07-22,open,packet_ready,primary_store_candidate
H-E-B,64a6dcab-47b4-4c68-b3be-1f48372ff09b,N Frazier At Loop 336 H-E-B,2108 NORTH FRAZIER,CONROE,TX,77301-1220,30.335689544677734,-95.46524047851562,Overture Places 2026-07-22.0,2026-07-22,open,packet_ready,primary_store_candidate
H-E-B,17f0e225-8825-416b-9b8d-9cc4a5665842,Conroe Market H-E-B,3875 W.DAVIS ST.,CONROE,TX,77304-1837,30.32564926147461,-95.5003433227539,Overture Places 2026-07-22.0,2026-07-22,open,packet_ready,primary_store_candidate
H-E-B,e73b4162-7c97-4023-a806-0f16e3af49b6,S Port and Tarlton H-E-B,3033 SOUTH PORT ST.,CORPUS CHRISTI,TX,78405-2040,27.766996383666992,-97.42162322998047,Overture Places 2026-07-22.0,2026-07-22,open,packet_ready,primary_store_candidate
H-E-B,e39c3bf6-67d6-4285-b0c7-a305c12dcda4,Alameda / Texan Trail (Medical District),3133 S. ALAMEDA,CORPUS CHRISTI,TX,78404-2505,27.7574462890625,-97.3912124633789,Overture Places 2026-07-22.0,2026-07-22,open,packet_ready,primary_store_candidate
H-E-B,6e58f9bb-9ce6-4ab3-ac6e-1b0d728c4614,Leopard and Nueces Bay H-E-B,3500 LEOPARD,CORPUS CHRISTI,TX,78408-3204,27.798126220703125,-97.42780303955078,Overture Places 2026-07-22.0,2026-07-22,open,packet_ready,primary_store_candidate
H-E-B,6b57abe5-2206-4360-872c-69c696fbacd0,Alameda and Robert H-E-B,4320 S. ALAMEDA ST.,CORPUS CHRISTI,TX,78412-2412,27.730016708374023,-97.37176513671875,Overture Places 2026-07-22.0,2026-07-22,open,packet_ready,primary_store_candidate
H-E-B,aaba346a-a6cd-4958-87cc-29717d131fde,Kostoryz and Gollihar H-E-B,4444 KOSTORYZ,CORPUS CHRISTI,TX,78415-5021,27.739646911621094,-97.40520477294922,Overture Places 2026-07-22.0,2026-07-22,open,packet_ready,primary_store_candidate
H-E-B,bd6d0ea6-ed6b-4b0d-be82-d404b0cab45c,Weber and Holly H-E-B,5801 WEBER ROAD,CORPUS CHRISTI,TX,78413-3966,27.711179733276367,-97.40530395507812,Overture Places 2026-07-22.0,2026-07-22,open,packet_ready,primary_store_candidate
H-E-B,534da582-b7c5-41f8-952d-3fd9054a1802,Crockett H-E-B,1035 LOOP 304 EAST,CROCKETT,TX,75835-1805,31.321617126464844,-95.4372329711914,Overture Places 2026-07-22.0,2026-07-22,open,packet_ready,primary_store_candidate
H-E-B,48ab5314-c452-4dce-9d81-b3411b63ee57,Crystal City H-E-B,514 E. ZAVALA,CRYSTAL CITY,TX,78839-2936,28.681699752807617,-99.82957458496094,Overture Places 2026-07-22.0,2026-07-22,open,packet_ready,primary_store_candidate
H-E-B,ab97806e-52ba-4a94-904d-6938db5666d1,Grant and Spring Cypress H-E-B,14100 SPRING CYPRESS RD,CYPRESS,TX,77429-6286,30.002836227416992,-95.63909149169922,Overture Places 2026-07-22.0,2026-07-22,open,packet_ready,primary_store_candidate
H-E-B,3757629f-7b2a-485d-9cd8-547761a86131,Bridgeland H-E-B,20017 Bridgeland Creek Pkwy,CYPRESS,TX,77433,29.939247131347656,-95.76019287109375,Overture Places 2026-07-22.0,2026-07-22,open,packet_ready,primary_store_candidate
H-E-B,7fd20435-fbc7-433c-a018-cbee1bedd075,Cypress Market H-E-B,24224 NORTHWEST FREEWAY,CYPRESS,TX,77429-5683,29.955686569213867,-95.676513671875,Overture Places 2026-07-22.0,2026-07-22,open,packet_ready,primary_store_candidate
H-E-B,397d76e6-040b-4f77-bf86-0ff891aeeef3,Fairfield Market H-E-B,28550 US- 290,CYPRESS,TX,77433-4288,29.992626190185547,-95.7444839477539,Overture Places 2026-07-22.0,2026-07-22,open,packet_ready,primary_store_candidate
H-E-B,568830b1-daf8-4030-8c46-52fc6ad114e6,H-E-B Market at Tuckerton,9722 FRY ROAD,CYPRESS,TX,77433-4847,29.92704963684082,-95.72517395019531,Overture Places 2026-07-22.0,2026-07-22,open,packet_ready,primary_store_candidate
H-E-B,7f463df9-9171-44c6-83c2-96507d2f95ce,H-E-B,2030 N 1st St,Carrizo Springs,TX,78834-2028,28.536975860595703,-99.85145568847656,Overture Places 2026-07-22.0,2026-07-22,open,packet_ready,primary_store_candidate
H-E-B,f69ca966-a335-4ea2-95c9-9e407de15c60,H-E-B,419 NW Loop,Carthage,TX,75633-0200,32.1591911315918,-94.37278747558594,Overture Places 2026-07-22.0,2026-07-22,open,packet_ready,primary_store_candidate
H-E-B,dd3d28d7-d7ea-47ff-ac02-27e6d2be6f66,H-E-B,170 E Whitestone Blvd,Cedar Park,TX,78613-1900,30.522266387939453,-97.82836151123047,Overture Places 2026-07-22.0,2026-07-22,open,packet_ready,primary_store_candidate
H-E-B,8fe27b64-92ca-4054-8bb5-c93fa7368caa,H-E-B,2800 E Whitestone Blvd,Cedar Park,TX,78613-7275,30.53219985961914,-97.78496551513672,Overture Places 2026-07-22.0,2026-07-22,open,packet_ready,primary_store_candidate
H-E-B,560c2a41-40f3-4b69-a70b-e85ac725d4a0,H-E-B,100 Truly Plz,Cleveland,TX,77327-4889,30.33531951904297,-95.0953369140625,Overture Places 2026-07-22.0,2026-07-22,open,packet_ready,primary_store_candidate
H-E-B,9e8bc3c4-2dfe-41d5-8e64-626e5b661587,H-E-B,11655 Wellborn Rd N,College Station,TX,77845-5105,30.58342742919922,-96.321533203125,Overture Places 2026-07-22.0,2026-07-22,open,packet_ready,primary_store_candidate
H-E-B,cf46379e-b411-4144-896a-d1a655ae1744,H-E-B Bakery,1900 Texas Ave S,College Station,TX,77840-3914,30.612674713134766,-96.3187255859375,Overture Places 2026-07-22.0,2026-07-22,open,packet_ready,primary_store_candidate
H-E-B,fb32a637-93a3-4558-9e41-f9d13a18e2a4,H-E-B,943 William D Fitch Pkwy,College Station,TX,77845-4638,30.56025505065918,-96.26094818115234,Overture Places 2026-07-22.0,2026-07-22,open,packet_ready,primary_store_candidate
H-E-B,784aa673-8049-42da-b10e-ad4e34d0e28f,H-E-B,2105 Milam St,Columbus,TX,78934-3013,29.69399070739746,-96.53836822509766,Overture Places 2026-07-22.0,2026-07-22,open,packet_ready,primary_store_candidate
H-E-B,ffccfa0e-77cf-4996-8a5e-f2b6710fec54,H-E-B,10200 Highway 242,Conroe,TX,77385-4383,30.20633316040039,-95.42550659179688,Overture Places 2026-07-22.0,2026-07-22,open,packet_ready,primary_store_candidate
H-E-B,0a7265c3-32c6-4a9e-9981-23dd49277d46,H-E-B,2108 N Frazier St,Conroe,TX,77301-1220,30.335670471191406,-95.46566009521484,Overture Places 2026-07-22.0,2026-07-22,open,packet_ready,primary_store_candidate
H-E-B,7f9e8554-585d-4e86-bc68-5c232589f9d1,H-E-B,3601 FM 1488 Rd,Conroe,TX,77384-3943,30.22597885131836,-95.51931762695312,Overture Places 2026-07-22.0,2026-07-22,open,packet_ready,primary_store_candidate
H-E-B,91281644-8071-47ce-9c7b-5edba0315eb5,H-E-B,3875 W Davis St,Conroe,TX,77304-1837,30.325624465942383,-95.50032806396484,Overture Places 2026-07-22.0,2026-07-22,open,packet_ready,primary_store_candidate
H-E-B,8615bee1-abfb-4e1e-bc8e-c768af9b9d40,H-E-B plus!,2990 E Business 190,Copperas Cove,TX,76522-2515,31.11891746520996,-97.8646469116211,Overture Places 2026-07-22.0,2026-07-22,open,packet_ready,primary_store_candidate
H-E-B,d3e7a947-b79e-4fff-ba36-2d50a778fa6f,H-E-B,11100 Leopard St,Corpus Christi,TX,78410-2612,27.846221923828125,-97.58462524414062,Overture Places 2026-07-22.0,2026-07-22,open,packet_ready,primary_store_candidate
H-E-B,ffdeea19-9741-438e-8c6b-f65b727661ef,H-E-B plus!,1145 Waldron Rd,Corpus Christi,TX,78418-2610,27.66498374938965,-97.28070068359375,Overture Places 2026-07-22.0,2026-07-22,open,packet_ready,primary_store_candidate
H-E-B,8b0da045-9b9b-44c7-b8c9-498091288866,H-E-B,3033 S Port Ave,Corpus Christi,TX,78405-2040,27.7669677734375,-97.421630859375,Overture Places 2026-07-22.0,2026-07-22,open,packet_ready,primary_store_candidate
H-E-B,21a856a3-f868-413f-a28b-b887919e85d7,H-E-B,3133 S Alameda St,Corpus Christi,TX,78404-2500,27.756816864013672,-97.39178466796875,Overture Places 2026-07-22.0,2026-07-22,open,packet_ready,primary_store_candidate
H-E-B,3070422c-d874-4777-9e9c-c95ddafbcbd8,H-E-B,3500 Leopard St,Corpus Christi,TX,78408-3204,27.798147201538086,-97.42784881591797,Overture Places 2026-07-22.0,2026-07-22,open,packet_ready,primary_store_candidate
H-E-B,7217017b-acc8-48e2-bc78-d2c38ee26790,H-E-B,4320 S Alameda St,Corpus Christi,TX,78412-2412,27.72993278503418,-97.37077331542969,Overture Places 2026-07-22.0,2026-07-22,open,packet_ready,primary_store_candidate
H-E-B,a7dcf013-8917-45c4-8101-073d6a8d75da,H-E-B,4444 Kostoryz Rd,Corpus Christi,TX,78415-5021,27.739585876464844,-97.40528106689453,Overture Places 2026-07-22.0,2026-07-22,open,packet_ready,primary_store_candidate
H-E-B,9f56e28c-db10-445d-8eb9-7686f0608e5b,H-E-B plus!,5313 Saratoga Blvd,Corpus Christi,TX,78413-2816,27.685070037841797,-97.38900756835938,Overture Places 2026-07-22.0,2026-07-22,open,packet_ready,primary_store_candidate
H-E-B,ed5c1e4e-63e1-432a-8ee6-fd2166ad0aaf,H-E-B,5801 Weber Rd,Corpus Christi,TX,78413-3966,27.711952209472656,-97.40606689453125,Overture Places 2026-07-22.0,2026-07-22,open,packet_ready,primary_store_candidate
H-E-B,0ef055a6-1809-4874-9708-f9527fcd45e0,H-E-B,201 S 15th St,Corsicana,TX,75110-5138,32.09046173095703,-96.4667739868164,Overture Places 2026-07-22.0,2026-07-22,open,packet_ready,primary_store_candidate
H-E-B,247b1707-bcbd-480f-b081-af4168cbc8cb,H-E-B,1035 Loop 304,Crockett,TX,75835,31.3256778717041,-95.43616485595703,Overture Places 2026-07-22.0,2026-07-22,open,packet_ready,primary_store_candidate
H-E-B,ec1aa56c-7349-4ee9-afe0-137fe5461962,H-E-B,514 E Zavala St,Crystal City,TX,78839-2936,28.682056427001953,-99.82891082763672,Overture Places 2026-07-22.0,2026-07-22,open,packet_ready,primary_store_candidate
H-E-B,845ab74f-791b-4d74-870f-b92b109fe61d,H-E-B,909 E Broadway St,Cuero,TX,77954-2126,29.0894832611084,-97.28021240234375,Overture Places 2026-07-22.0,2026-07-22,open,packet_ready,primary_store_candidate
H-E-B,c684f673-5f40-4407-a782-44b82a3e8eb2,HEB,14100 Spring-Cypress Rd,Cypress,TX,77429-6286,30.00300407409668,-95.6385498046875,Overture Places 2026-07-22.0,2026-07-22,open,packet_ready,primary_store_candidate
H-E-B,058548f7-23e8-40b2-ab87-bfe5d13bc75c,H-E-B,20017 Bridgeland Creek Pkwy,Cypress,TX,77433,29.93910026550293,-95.75994873046875,Overture Places 2026-07-22.0,2026-07-22,open,packet_ready,primary_store_candidate
H-E-B,6daf4be8-eb65-4db5-88f3-8bf458c24a36,H-E-B,24224 Northwest Fwy,Cypress,TX,77429-5683,29.957599639892578,-95.67334747314453,Overture Places 2026-07-22.0,2026-07-22,open,packet_ready,primary_store_candidate
H-E-B,bc4588a5-d8cb-43b0-a67f-743c63808408,HEB,28550 US-290,Cypress,TX,77433-4288,29.992578506469727,-95.74488830566406,Overture Places 2026-07-22.0,2026-07-22,open,packet_ready,primary_store_candidate
H-E-B,d015f041-c53a-4268-8cb9-86ea6b54849d,H-E-B,9722 Fry Rd,Cypress,TX,77433-4847,29.927244186401367,-95.72504425048828,Overture Places 2026-07-22.0,2026-07-22,open,packet_ready,primary_store_candidate
H-E-B,b7503838-847a-4370-ba87-d27710d68514,Avenue F and Gibbs H-E-B,200 VETERAN'S BLVD,DEL RIO,TX,78840-4658,29.36631965637207,-100.8998031616211,Overture Places 2026-07-22.0,2026-07-22,open,packet_ready,primary_store_candidate
H-E-B,1aef0a6f-f6b8-44f7-af83-9f7aa9dc7928,Pecan and Greenwood H-E-B,500 PECAN,DEL RIO,TX,78840-5824,29.358049392700195,-100.89729309082031,Overture Places 2026-07-22.0,2026-07-22,open,packet_ready,primary_store_candidate
H-E-B,a7f37e4f-f724-49da-a937-4288c8e2a319,Dripping Springs H-E-B,598 E.HWY US 290,DRIPPING SPRINGS,TX,78620-5482,30.18967628479004,-98.08147430419922,Overture Places 2026-07-22.0,2026-07-22,open,packet_ready,primary_store_candidate
H-E-B,9911ed76-9c7f-4dc8-8238-136b7863cc1b,H-E-B,5750 E Lovers Ln,Dallas,TX,75206-2921,32.84941864013672,-96.76869201660156,Overture Places 2026-07-22.0,2026-07-22,open,packet_ready,primary_store_candidate
H-E-B,7ef3fcdc-495d-4ebf-a8b6-ad9e6dfa95d7,HEB,4701 East Blvd,Deer Park,TX,77536-5404,29.66706085205078,-95.09677124023438,Overture Places 2026-07-22.0,2026-07-22,open,packet_ready,primary_store_candidate
H-E-B,ac35d471-e335-4407-afd7-4eefbc7360ce,H-E-B,200 Veterans Blvd,Del Rio,TX,78840-4658,29.366212844848633,-100.89987182617188,Overture Places 2026-07-22.0,2026-07-22,open,packet_ready,primary_store_candidate
H-E-B,ed19f3f1-b4b8-422b-ada2-d02789133cef,HEB,500 Pecan St,Del Rio,TX,78840-5824,29.358015060424805,-100.89736938476562,Overture Places 2026-07-22.0,2026-07-22,open,packet_ready,primary_store_candidate
H-E-B,282ce0b8-9202-48ce-ba03-0b1027b0df30,H-E-B,813 Miller Ave,Donna,TX,78537-3148,26.168651580810547,-98.05519104003906,Overture Places 2026-07-22.0,2026-07-22,open,packet_ready,primary_store_candidate
H-E-B,951a0005-be10-4394-a8bc-df0fcb6b7b64,H-E-B,598 E US-290,Dripping Springs,TX,78620,30.189531326293945,-98.0813217163086,Overture Places 2026-07-22.0,2026-07-22,open,packet_ready,primary_store_candidate
H-E-B,0103f430-d5cc-4690-a470-0594af884b8e,Closner and Baker H-E-B,1212 S CLOSNER BLVD,EDINBURG,TX,78539-5664,26.290287017822266,-98.16421508789062,Overture Places 2026-07-22.0,2026-07-22,open,packet_ready,primary_store_candidate
H-E-B,373d14f0-6014-4d53-925e-86d50fa5e9b0,Edinburg H-E-B,2700 W FREDDY GONZALEZ,EDINBURG,TX,78539-7312,26.29077911376953,-98.19580078125,Overture Places 2026-07-22.0,2026-07-22,open,packet_ready,primary_store_candidate
H-E-B,98524d88-f1a8-41a9-89cb-d50842a9c2e6,Elgin H-E-B,1080 West HWY 290,ELGIN,TX,78621-2519,30.346139907836914,-97.38423156738281,Overture Places 2026-07-22.0,2026-07-22,open,packet_ready,primary_store_candidate
H-E-B,179ec615-11c7-4908-b9a2-56db354df2cc,Elsa H-E-B,512 E. EDINBURG AVE.,ELSA,TX,78543-9800,26.29383659362793,-97.99272155761719,Overture Places 2026-07-22.0,2026-07-22,open,packet_ready,primary_store_candidate
H-E-B,231c380c-b605-4388-9cf4-07a6f1de2c73,Ennis H-E-B,101 S. CLAY ST,ENNIS,TX,75119-4519,32.325416564941406,-96.63252258300781,Overture Places 2026-07-22.0,2026-07-22,open,packet_ready,primary_store_candidate
H-E-B,f40591ed-d451-49c6-a9ee-0dea4f2bab8f,H-E-B,201 Main St,Eagle Pass,TX,78852-4512,28.708419799804688,-100.50495147705078,Overture Places 2026-07-22.0,2026-07-22,open,packet_ready,primary_store_candidate
H-E-B,973b7431-9b8e-4d7a-a578-35baf16d483e,H-E-B,2135 Main St,Eagle Pass,TX,78852,28.71059799194336,-100.48477935791016,Overture Places 2026-07-22.0,2026-07-22,open,packet_ready,primary_store_candidate
H-E-B,5f420ee2-555c-4acd-905a-91d7f97574d6,HEB,1212 S Closner Blvd,Edinburg,TX,78539-5664,26.28985595703125,-98.16319274902344,Overture Places 2026-07-22.0,2026-07-22,open,packet_ready,primary_store_candidate
H-E-B,315f85c5-377f-45a3-a745-0dcea90071a2,H-E-B,2700 W Freddy Gonzalez Dr,Edinburg,TX,78539-7312,26.2894287109375,-98.19564056396484,Overture Places 2026-07-22.0,2026-07-22,open,packet_ready,primary_store_candidate
H-E-B,380046bf-257e-436e-acae-9f2d9243ae90,H-E-B,301 N Wells St,Edna,TX,77957-2728,28.979286193847656,-96.64798736572266,Overture Places 2026-07-22.0,2026-07-22,open,packet_ready,primary_store_candidate
H-E-B,2fd65155-0287-4470-88cf-1808adbcb804,H-E-B,306 N Mechanic St,El Campo,TX,77437-4420,29.198993682861328,-96.26960754394531,Overture Places 2026-07-22.0,2026-07-22,open,packet_ready,primary_store_candidate
H-E-B,24bfa387-b59a-446a-ac20-e6b29828fec9,H-E-B,1080 Highway 290 W,Elgin,TX,78621-1463,30.346410751342773,-97.38395690917969,Overture Places 2026-07-22.0,2026-07-22,open,packet_ready,primary_store_candidate
H-E-B,dda5e922-a83a-4066-9001-0566a252133c,H-E-B,512 E Edinburg Ave,Elsa,TX,78543-3007,26.292142868041992,-97.98551940917969,Overture Places 2026-07-22.0,2026-07-22,open,packet_ready,primary_store_candidate
H-E-B,20a21028-0b62-478f-a2a5-986d928cff68,H-E-B,101 S Clay St,Ennis,TX,75119-4519,32.323951721191406,-96.63400268554688,Overture Places 2026-07-22.0,2026-07-22,open,packet_ready,primary_store_candidate
H-E-B,1119fe29-8b7f-4acb-9426-4567d2363c4b,H-E-B Mid Cities,2105 Rio Grande Blvd.,Euless,TX,76039-2333,32.86722946166992,-97.10600280761719,Overture Places 2026-07-22.0,2026-07-22,open,packet_ready,primary_store_candidate
H-E-B,1002f1df-9e7a-4459-a68b-df524a41ef60,Floresville H-E-B,925 10TH STREET,FLORESVILLE,TX,78114-1851,29.142839431762695,-98.15682220458984,Overture Places 2026-07-22.0,2026-07-22,open,packet_ready,primary_store_candidate
H-E-B,9cb046e6-309d-4114-a0fd-235c004f5b35,H-E-B Forney,11700 E. US Hwy 80,FORNEY,TX,75126,32.74264907836914,-96.41116333007812,Overture Places 2026-07-22.0,2026-07-22,open,packet_ready,primary_store_candidate
H-E-B,5ac52d74-fce9-489c-b796-d5ccb58abea7,Fredericksburg H-E-B,407 SOUTH ADAMS,FREDERICKSBURG,TX,78624-4146,30.270109176635742,-98.87548065185547,Overture Places 2026-07-22.0,2026-07-22,open,packet_ready,primary_store_candidate
H-E-B,ba1221b3-b9db-43cd-9887-f578be990686,H-E-B Frisco Hwy 380 at FM 423,899 UNIVERSITY DR.,FRISCO,TX,75033,33.216548919677734,-96.8829345703125,Overture Places 2026-07-22.0,2026-07-22,open,packet_ready,primary_store_candidate
H-E-B,629a1022-4a75-4c94-9e19-c469668b84c4,H-E-B,700 S St Marys St,Falfurrias,TX,78355-4365,27.220495223999023,-98.14591217041016,Overture Places 2026-07-22.0,2026-07-22,open,packet_ready,primary_store_candidate
H-E-B,7cada80e-f961-4050-aa54-90ef3f7d0d39,H-E-B,925 10th St,Floresville,TX,78114-1851,29.142393112182617,-98.15726470947266,Overture Places 2026-07-22.0,2026-07-22,open,packet_ready,primary_store_candidate
H-E-B,b488a10a-5e4d-41f3-9902-c4895d43e4b6,H-E-B Alliance,3451 Heritage Trace Pkwy,Fort Worth,TX,76177-7505,32.915225982666016,-97.30767822265625,Overture Places 2026-07-22.0,2026-07-22,open,packet_ready,primary_store_candidate
H-E-B,fc88311d-d746-4acd-aa77-276c37079aec,H-E-B,407 S Adams St,Fredericksburg,TX,78624-4146,30.270078659057617,-98.87548065185547,Overture Places 2026-07-22.0,2026-07-22,open,packet_ready,primary_store_candidate
H-E-B,fb2f902a-820f-4961-8722-085269d02fcc,H-E-B,701 W Parkwood Ave,Friendswood,TX,77546-5405,29.505718231201172,-95.19081115722656,Overture Places 2026-07-22.0,2026-07-22,open,packet_ready,primary_store_candidate
H-E-B,6271947f-a1f2-407b-b543-d937e538f264,H-E-B,4800 Main St,Frisco,TX,75033-3773,33.15520095825195,-96.84619903564453,Overture Places 2026-07-22.0,2026-07-22,open,packet_ready,primary_store_candidate
H-E-B,a880e5a6-d1ec-4b5d-9d8e-180f0a9ce39a,H-E-B,899 University Dr,Frisco,TX,75033,33.21622085571289,-96.88273620605469,Overture Places 2026-07-22.0,2026-07-22,open,packet_ready,primary_store_candidate
H-E-B,d3b15ba5-6a27-4aea-9609-f7499e029914,Wolf Lakes Village H-E-B,1010 W. UNIVERSITY AVE.,GEORGETOWN,TX,78628-9999,30.635459899902344,-97.69479370117188,Overture Places 2026-07-22.0,2026-07-22,open,packet_ready,primary_store_candidate
H-E-B,f3689474-8d6e-436f-af72-0604482b9dad,Parmer Ranch H-E-B,10110 RM 2338,GEORGETOWN,TX,78633,30.743589401245117,-97.80119323730469,Overture Places 2026-07-22.0,2026-07-22,open,packet_ready,primary_store_candidate
H-E-B,f51ab602-0fda-4383-b952-95165dda486b,H-E-B at Ronald Reagan Blvd,19348 RONALD W.REAGAN BLVD,GEORGETOWN,TX,78628,30.63306999206543,-97.824462890625,Overture Places 2026-07-22.0,2026-07-22,open,packet_ready,primary_store_candidate
H-E-B,d94cc06a-a3da-4e5e-9542-858edaaff1d7,Williams Drive H-E-B,4500 WILLIAMS DRIVE,GEORGETOWN,TX,78633,30.681529998779297,-97.71961212158203,Overture Places 2026-07-22.0,2026-07-22,open,packet_ready,primary_store_candidate
H-E-B,2d4443e6-a58c-4488-b036-bf04895507bd,Gonzales H-E-B,1841 CHURCH ST.,GONZALES,TX,78629-2406,29.51782989501953,-97.45274353027344,Overture Places 2026-07-22.0,2026-07-22,open,packet_ready,primary_store_candidate
H-E-B,5b932ff3-cc89-4a4b-9082-f106ad0bcf16,Groves H-E-B,5000 32ND STREET,GROVES,TX,77619-2725,29.929359436035156,-93.92394256591797,Overture Places 2026-07-22.0,2026-07-22,open,packet_ready,primary_store_candidate
H-E-B,a3170479-d47c-4d17-942c-6024fe794021,H-E-B,1207 E Main St,Gatesville,TX,76528-1628,31.43583106994629,-97.74285125732422,Overture Places 2026-07-22.0,2026-07-22,open,packet_ready,primary_store_candidate
H-E-B,7a37d2f2-2b13-4e6e-8543-d65032c0ca75,H-E-B,1207 S Main St,Georgetown,TX,78626-6726,30.633007049560547,-97.67681121826172,Overture Places 2026-07-22.0,2026-07-22,open,packet_ready,primary_store_candidate
H-E-B,b06a30c7-c8bc-4102-9e74-d17da9b1c75b,H-E-B,4500 Williams Dr,Georgetown,TX,78633-1303,30.682819366455078,-97.71857452392578,Overture Places 2026-07-22.0,2026-07-22,open,packet_ready,primary_store_candidate
H-E-B,88728671-56a8-48e7-a556-40115372a238,H-E-B Fuel,1841 Church St,Gonzales,TX,78629-2406,29.517738342285156,-97.45275115966797,Overture Places 2026-07-22.0,2026-07-22,open,exclude,brand_false_positive
H-E-B,4e7b4caa-1375-4699-bb72-8979419d7576,H-E-B,3804 E US Highway 377,Granbury,TX,76049-7606,32.45765686035156,-97.72975158691406,Overture Places 2026-07-22.0,2026-07-22,open,packet_ready,primary_store_candidate
H-E-B,cc7eb658-db90-456b-92a9-bbfd0abfb79d,H-E-B,5000 32nd St,Groves,TX,77619-2725,29.928966522216797,-93.92253875732422,Overture Places 2026-07-22.0,2026-07-22,open,packet_ready,primary_store_candidate
H-E-B,462bb3fc-faa1-4b9d-bde6-a63aee145276,Harker Heights H-E-B,601 INDIAN TRAIL,HARKER HEIGHTS,TX,76548-1347,31.078956604003906,-97.6544418334961,Overture Places 2026-07-22.0,2026-07-22,open,packet_ready,primary_store_candidate
H-E-B,9b7499b3-4aac-4415-9031-916a12faeecb,Morgan and Grimes H-E-B,1103 MORGAN BLVD,HARLINGEN,TX,78550-5152,26.203689575195312,-97.6775131225586,Overture Places 2026-07-22.0,2026-07-22,open,packet_ready,primary_store_candidate
H-E-B,1a750a28-4ab1-4c8b-ae2b-2c464603ee9f,Southland and 12th St H-E-B,1213 S. COMMERCE,HARLINGEN,TX,78550-7708,26.18160629272461,-97.68163299560547,Overture Places 2026-07-22.0,2026-07-22,open,packet_ready,primary_store_candidate
H-E-B,11d015c2-60cc-4548-b7d3-96d6f9e78381,83 and Lincoln H-E-B,613 S EXPWY 83,HARLINGEN,TX,78550-5905,26.183277130126953,-97.71404266357422,Overture Places 2026-07-22.0,2026-07-22,open,packet_ready,primary_store_candidate
H-E-B,b1b4e3ef-e178-4ed9-a184-4b580281012b,Kempwood and Gessner H-E-B,10251 KEMPWOOD,HOUSTON,TX,77043-1803,29.821449279785156,-95.54733276367188,Overture Places 2026-07-22.0,2026-07-22,open,packet_ready,primary_store_candidate
H-E-B,18fbec58-75aa-4dd9-ad47-b02c06e0c117,Vintage Park Market H-E-B,10919 LOUETTA RD,HOUSTON,TX,77070-1667,29.99669647216797,-95.57662200927734,Overture Places 2026-07-22.0,2026-07-22,open,packet_ready,primary_store_candidate
H-E-B,fcb572d6-54d5-4959-b89a-a666315e84c0,Westheimer and Kirkwood H-E-B,11815 WESTHEIMER,HOUSTON,TX,77077-6860,29.73518943786621,-95.58726501464844,Overture Places 2026-07-22.0,2026-07-22,open,packet_ready,primary_store_candidate
H-E-B,c060c7de-2399-4090-9caa-22f4e3c548f6,Bellaire Blvd H-E-B,14498 BELLAIRE,HOUSTON,TX,77083-7520,29.703996658325195,-95.64401245117188,Overture Places 2026-07-22.0,2026-07-22,open,packet_ready,primary_store_candidate
H-E-B,1e7b553e-8582-4471-82bc-24939f1dcb8b,Fry Rd and I10 H-E-B,1550 FRY RD,HOUSTON,TX,77084-5813,29.789796829223633,-95.71890258789062,Overture Places 2026-07-22.0,2026-07-22,open,packet_ready,primary_store_candidate
H-E-B,dc9260f1-32f0-4662-a1f2-d3518a611173,Montrose Market H-E-B,1701 WEST ALABAMA ST,HOUSTON,TX,77098-2807,29.738086700439453,-95.4027328491211,Overture Places 2026-07-22.0,2026-07-22,open,packet_ready,primary_store_candidate
H-E-B,400e1959-4c06-4a0a-be82-81455c506082,Meyerland Market H-E-B,4955 BEECHNUT STREET,HOUSTON,TX,77096-4001,29.6884765625,-95.46416473388672,Overture Places 2026-07-22.0,2026-07-22,open,packet_ready,primary_store_candidate
H-E-B,8514bdff-7ed7-43c4-9c16-cb446d44af9e,Buffalo Market H-E-B On Buffalo Speedway,5225 BUFFALO SPEEDWAY,HOUSTON,TX,77005-4210,29.727069854736328,-95.42723083496094,Overture Places 2026-07-22.0,2026-07-22,open,packet_ready,primary_store_candidate
H-E-B,9063f90a-acc2-4528-9fe2-50b82230afec,Jones and West H-E-B,9503 JONES ROAD,HOUSTON,TX,77065-4814,29.9110164642334,-95.58614349365234,Overture Places 2026-07-22.0,2026-07-22,open,packet_ready,primary_store_candidate
H-E-B,290b4a7d-3d0b-4236-bba8-b3bd6e8cad92,Blackhawk H-E-B,9828 BLACKHAWK BLVD.,HOUSTON,TX,77075-2246,29.602336883544922,-95.2486801147461,Overture Places 2026-07-22.0,2026-07-22,open,packet_ready,primary_store_candidate
H-E-B,fba54cb1-c126-4729-9e6e-1cdca31e0dd4,Huntsville H-E-B,1702 11TH ST.,HUNTSVILLE,TX,77340-3723,30.722806930541992,-95.5605239868164,Overture Places 2026-07-22.0,2026-07-22,open,packet_ready,primary_store_candidate
H-E-B,31fcc165-e399-4bbd-baa0-51280febedd3,HEB,601 Indian Trl,Harker Heights,TX,76548-1347,31.078922271728516,-97.65440368652344,Overture Places 2026-07-22.0,2026-07-22,open,packet_ready,primary_store_candidate
H-E-B,3c147895-a808-40e8-aefa-d38fbf225026,H-E-B,1103 Morgan Blvd,Harlingen,TX,78550-5152,26.203630447387695,-97.67749786376953,Overture Places 2026-07-22.0,2026-07-22,open,packet_ready,primary_store_candidate
H-E-B,98937f54-2c60-4857-bfbf-57e833f7d90d,H-E-B,1213 S Commerce St,Harlingen,TX,78550-7708,26.181591033935547,-97.68162536621094,Overture Places 2026-07-22.0,2026-07-22,open,packet_ready,primary_store_candidate
H-E-B,80b172f9-17db-4694-a402-29a6696bcbc1,H-E-B,613 US-83 N,Harlingen,TX,78550-5905,26.183759689331055,-97.71358489990234,Overture Places 2026-07-22.0,2026-07-22,open,packet_ready,primary_store_candidate
H-E-B,ece86988-4c07-4c4c-8047-1fb6b6a10d84,H-E-B,609 19th St,Hondo,TX,78861-2504,29.34735107421875,-99.13555145263672,Overture Places 2026-07-22.0,2026-07-22,open,packet_ready,primary_store_candidate
H-E-B,1129d71a-3227-4d66-9412-9529a545cf4a,H-E-B,10251 Kempwood Dr,Houston,TX,77043-1803,29.821428298950195,-95.54730987548828,Overture Places 2026-07-22.0,2026-07-22,open,packet_ready,primary_store_candidate
H-E-B,8bfa5cf1-8c94-41df-a05b-9b3edde2c4bd,HEB,10919 Louetta Rd,Houston,TX,77070-1710,29.995582580566406,-95.57611083984375,Overture Places 2026-07-22.0,2026-07-22,open,packet_ready,primary_store_candidate
H-E-B,d2e94c8c-c02a-40fb-b041-bcc16e7419de,H-E-B,11815 Westheimer Rd,Houston,TX,77077-6860,29.73514175415039,-95.5872802734375,Overture Places 2026-07-22.0,2026-07-22,open,packet_ready,primary_store_candidate
H-E-B,e72b574a-5ab8-46ac-8246-32c72cdbe26b,H-E-B,12680 W Lake Houston Pkwy,Houston,TX,77044-6087,29.92294692993164,-95.19692993164062,Overture Places 2026-07-22.0,2026-07-22,open,packet_ready,primary_store_candidate
H-E-B,df9a4407-4fa0-4180-9b5c-26e7c92a4391,HEB,14498 Bellaire Blvd,Houston,TX,77083-7520,29.705698013305664,-95.6417007446289,Overture Places 2026-07-22.0,2026-07-22,open,packet_ready,primary_store_candidate
H-E-B,e5033ffd-a284-4fd7-b587-c4ca0a3c53ba,H-E-B,1550 Fry Rd,Houston,TX,77084-5813,29.789108276367188,-95.7169418334961,Overture Places 2026-07-22.0,2026-07-22,open,packet_ready,primary_store_candidate
H-E-B,e63bfe2f-33ad-423e-a0b2-b40b3520cd53,H-E-B,16811 El Camino Real Dr,Houston,TX,77058-2624,29.554630279541016,-95.11793518066406,Overture Places 2026-07-22.0,2026-07-22,open,packet_ready,primary_store_candidate
H-E-B,61edfff0-f8d5-4d75-9417-27184deb77fc,H-E-B,1701 W Alabama St,Houston,TX,77098-2807,29.73774528503418,-95.4026107788086,Overture Places 2026-07-22.0,2026-07-22,open,packet_ready,primary_store_candidate
H-E-B,541c1877-86d0-47b8-8cf7-49a385a37ae7,H-E-B,2300 N Shepherd Dr,Houston,TX,77008-1956,29.807144165039062,-95.40880584716797,Overture Places 2026-07-22.0,2026-07-22,open,packet_ready,primary_store_candidate
H-E-B,62c19820-be33-4213-8c3a-9ea9f0a9042a,H-E-B,3111 Woodridge Dr,Houston,TX,77087-2558,29.69845199584961,-95.294921875,Overture Places 2026-07-22.0,2026-07-22,open,packet_ready,primary_store_candidate
H-E-B,62d39e2f-1f6c-489c-9656-bbfa446c616c,H-E-B,3501 Clear Lake City Blvd,Houston,TX,77059-2511,29.606250762939453,-95.12710571289062,Overture Places 2026-07-22.0,2026-07-22,open,packet_ready,primary_store_candidate
H-E-B,b96937fe-21f6-4df7-9360-25b6dbb8905a,H-E-B Pharmacy,3663 Washington Ave,Houston,TX,77007-5085,29.768932342529297,-95.39672088623047,Overture Places 2026-07-22.0,2026-07-22,open,exclude,brand_false_positive
H-E-B,a1317757-cfc7-4929-87f0-ac70a41150a1,H-E-B,4955 Beechnut St,Houston,TX,77096-1600,29.688871383666992,-95.46427154541016,Overture Places 2026-07-22.0,2026-07-22,open,packet_ready,primary_store_candidate
H-E-B,4cf2eb64-c149-4c3e-aaa9-6f6a1ce5364c,H-E-B,4955 Highway 6 N,Houston,TX,77084-2718,29.847381591796875,-95.64751434326172,Overture Places 2026-07-22.0,2026-07-22,open,packet_ready,primary_store_candidate
H-E-B,99b6a41e-b85b-4b16-9173-5ca8fb1e9ce6,H-E-B,5225 Buffalo Speedway,Houston,TX,77005-4210,29.72678565979004,-95.42717742919922,Overture Places 2026-07-22.0,2026-07-22,open,packet_ready,primary_store_candidate
H-E-B,abd6dd78-2598-41eb-a0ea-2f53e265cb11,H-E-B,5895 San Felipe St,Houston,TX,77057-3061,29.74801254272461,-95.48504638671875,Overture Places 2026-07-22.0,2026-07-22,open,packet_ready,primary_store_candidate
H-E-B,3b9c2cb5-c1b3-4ed5-8c2f-d4fca1781ed7,H-E-B,9215 West Rd,Houston,TX,77064-8664,29.90182876586914,-95.55388641357422,Overture Places 2026-07-22.0,2026-07-22,open,packet_ready,primary_store_candidate
H-E-B,deeb060a-d32d-473e-8442-ee5d5dd3dc40,H-E-B Fuel,9503 Jones Rd,Houston,TX,77065-4814,29.910938262939453,-95.58596801757812,Overture Places 2026-07-22.0,2026-07-22,open,exclude,brand_false_positive
H-E-B,4101ec99-d525-42ee-9981-8f4b65145cf9,H-E-B,9710 Katy Fwy,Houston,TX,77055-6213,29.787677764892578,-95.53244018554688,Overture Places 2026-07-22.0,2026-07-22,open,packet_ready,primary_store_candidate
H-E-B,70c4b332-0570-4562-80df-4d80d6551ee3,H-E-B Pharmacy,9828 Blackhawk Blvd,Houston,TX,77075-2246,29.601974487304688,-95.24994659423828,Overture Places 2026-07-22.0,2026-07-22,open,exclude,brand_false_positive
H-E-B,79eee355-f5de-4b54-b8ea-89c6c44ac552,H-E-B Bakery,H-E-B 9710 Katy Fwy,Houston,TX,77055,29.787534713745117,-95.53241729736328,Overture Places 2026-07-22.0,2026-07-22,open,packet_ready,primary_store_candidate
H-E-B,02a8bc99-e92d-4d1a-b2f5-6e951dbc45d1,HEB,100 Hudson Oaks Dr,Hudson Oaks,TX,76087-4709,32.75830078125,-97.69723510742188,Overture Places 2026-07-22.0,2026-07-22,open,packet_ready,primary_store_candidate
H-E-B,bb0e88af-b172-4e49-a438-19dcac220d8d,Madera Run H-E-B,16000 WOODLAND HILLS DRIVE,Humble,TX,77346-5318,29.95734977722168,-95.20731353759766,Overture Places 2026-07-22.0,2026-07-22,open,packet_ready,primary_store_candidate
H-E-B,e3e4c518-7538-461a-9631-f14062c93dea,HEB,16000 Woodland Hills Dr,Humble,TX,77346,29.957313537597656,-95.2085189819336,Overture Places 2026-07-22.0,2026-07-22,open,packet_ready,primary_store_candidate
H-E-B,c640c24f-3f73-4f9f-9266-290dc2284e11,H-E-B,7405 FM-1960 E,Humble,TX,77346-3286,29.998798370361328,-95.16472625732422,Overture Places 2026-07-22.0,2026-07-22,open,packet_ready,primary_store_candidate
H-E-B,36958673-a493-49a8-beec-1137e2919fdc,H-E-B plus!,5000 Gattis School Rd,Hutto,TX,78634-2369,30.502368927001953,-97.58325958251953,Overture Places 2026-07-22.0,2026-07-22,open,packet_ready,primary_store_candidate
H-E-B,954914b9-0fdc-4ac7-8a59-8f538852d31f,Ingleside H-E-B,2616 STATE HIGHWAY 361,INGLESIDE,TX,78362-4202,27.882179260253906,-97.2093505859375,Overture Places 2026-07-22.0,2026-07-22,open,packet_ready,primary_store_candidate
H-E-B,5d431e3d-25aa-4929-bb4f-d6d673d8a97c,H-E-B,2616 State Highway 361,Ingleside,TX,78362-4202,27.882545471191406,-97.20936584472656,Overture Places 2026-07-22.0,2026-07-22,open,packet_ready,primary_store_candidate
H-E-B,59db129c-81f1-4389-8a6a-40d97c086bfb,H-E-B Irving,2351 W. Interstate Hwy 635,Irving,TX,75063,32.921058654785156,-96.97720336914062,Overture Places 2026-07-22.0,2026-07-22,open,packet_ready,primary_store_candidate
H-E-B,13236fdc-c623-425b-9fc6-f91d5146dd04,Mason Rd H-E-B,1621 MASON ROAD,KATY,TX,77450-4564,29.757869720458984,-95.75102233886719,Overture Places 2026-07-22.0,2026-07-22,open,packet_ready,primary_store_candidate
H-E-B,cbdedec9-1b92-488c-bc32-567222753dc5,Katy Park H-E-B,24924 MORTON RANCH RD,KATY,TX,77493,29.818946838378906,-95.8055648803711,Overture Places 2026-07-22.0,2026-07-22,open,packet_ready,primary_store_candidate
H-E-B,56e84393-3fb5-4af5-9a73-0f21ffe0f568,Katy Market H-E-B,25675 NELSON WAY,KATY,TX,77494-5904,29.776439666748047,-95.82005310058594,Overture Places 2026-07-22.0,2026-07-22,open,packet_ready,primary_store_candidate
H-E-B,f1909a16-f713-4153-89dc-175f1b98c705,Kenedy H-E-B,107 N. SUNSET STRIP,KENEDY,TX,78119,28.81576919555664,-97.85999298095703,Overture Places 2026-07-22.0,2026-07-22,open,packet_ready,primary_store_candidate
H-E-B,e6f9436e-3175-401a-aa2c-34d599b9410f,Kerrville H-E-B On Main Street,300 W. MAIN ST.,KERRVILLE,TX,78028,30.050559997558594,-99.14288330078125,Overture Places 2026-07-22.0,2026-07-22,open,packet_ready,primary_store_candidate
H-E-B,ae49960f-ae56-4e3f-96d9-00b4ade07f4c,Kerrville H-E-B on Sidney Baker St,313 SIDNEY BAKER SOUTH,KERRVILLE,TX,78028-5916,30.041519165039062,-99.1434326171875,Overture Places 2026-07-22.0,2026-07-22,open,packet_ready,primary_store_candidate
H-E-B,0f9e6e7c-0586-45da-867e-e87be62cf2e6,Fort Hood Stan Schlueter H-E-B,1101 W. STAN SCHLUETER LOOP,KILLEEN,TX,76542,31.080026626586914,-97.75900268554688,Overture Places 2026-07-22.0,2026-07-22,open,packet_ready,primary_store_candidate
H-E-B,d5120dd0-1b51-4314-888a-04307cf41517,Kingsland H-E-B,215 RANCH ROAD 2900,KINGSLAND,TX,78639-6105,30.65899658203125,-98.4442138671875,Overture Places 2026-07-22.0,2026-07-22,open,packet_ready,primary_store_candidate
H-E-B,bb03d017-7722-45a7-bed7-64724c735816,Kingsville H-E-B,409 E. KLEBERG,KINGSVILLE,TX,78363-3872,27.51616668701172,-97.86263275146484,Overture Places 2026-07-22.0,2026-07-22,open,packet_ready,primary_store_candidate
H-E-B,84ec189e-dc3e-4a7b-9524-abcfce9789e6,Kingwood Market H-E-B,4517 KINGWOOD DRIVE,KINGWOOD,TX,77345-2621,30.05328941345215,-95.18376159667969,Overture Places 2026-07-22.0,2026-07-22,open,packet_ready,primary_store_candidate
H-E-B,a97e1180-aee9-404d-b84f-d1bd0bab4164,H-E-B,1621 S Mason Rd,Katy,TX,77450-4564,29.757164001464844,-95.75057983398438,Overture Places 2026-07-22.0,2026-07-22,open,packet_ready,primary_store_candidate
H-E-B,51720b2a-0da4-4577-a94a-5f215c0f9eee,H-E-B,25675 Nelson Way,Katy,TX,77494-5904,29.773365020751953,-95.82255554199219,Overture Places 2026-07-22.0,2026-07-22,open,packet_ready,primary_store_candidate
H-E-B,b9b2121e-2611-42e7-a7dd-2ff22db3e80c,H-E-B,4950 FM 1463 Rd,Katy,TX,77494-5426,29.71925926208496,-95.84811401367188,Overture Places 2026-07-22.0,2026-07-22,open,packet_ready,primary_store_candidate
H-E-B,30a0b587-413b-48d6-ac41-29377f70dd4d,H-E-B plus!,6711 S Fry Rd,Katy,TX,77494-8100,29.71276092529297,-95.77590942382812,Overture Places 2026-07-22.0,2026-07-22,open,packet_ready,primary_store_candidate
H-E-B,4c81a342-fdda-423f-b162-a2dd193d5412,H-E-B,805 W Main St,Kenedy,TX,78119-2619,28.815824508666992,-97.85986328125,Overture Places 2026-07-22.0,2026-07-22,open,packet_ready,primary_store_candidate
H-E-B,45c33058-c082-4fb0-815a-92660cf5bc24,H-E-B,313 Sidney Baker St S,Kerrville,TX,78028-6033,30.041290283203125,-99.14332580566406,Overture Places 2026-07-22.0,2026-07-22,open,packet_ready,primary_store_candidate
H-E-B,fb7a0b3a-4948-4fb2-9cd5-88562b2275e4,H-E-B,1101 W Stan Schlueter Loop,Killeen,TX,76549-5079,31.07997703552246,-97.75895690917969,Overture Places 2026-07-22.0,2026-07-22,open,packet_ready,primary_store_candidate
H-E-B,c900b398-ef59-439c-a314-369791912e24,H-E-B plus!,2511 Trimmier Rd,Killeen,TX,76542-1908,31.090946197509766,-97.7361068725586,Overture Places 2026-07-22.0,2026-07-22,open,packet_ready,primary_store_candidate
H-E-B,0314c270-79ef-4b5b-aa23-881e9981b33d,H-E-B,215 Ranch Road 2900,Kingsland,TX,78639,30.658342361450195,-98.44617462158203,Overture Places 2026-07-22.0,2026-07-22,open,packet_ready,primary_store_candidate
H-E-B,83c8606f-692f-4ee7-afa2-7fb38d099f76,HEB,409 E Kleberg Ave,Kingsville,TX,78363-3872,27.51616859436035,-97.86262512207031,Overture Places 2026-07-22.0,2026-07-22,open,packet_ready,primary_store_candidate
H-E-B,9c47f815-52a9-47d3-bd64-6350da7262c9,H-E-B,4517 Kingwood Dr,Kingwood,TX,77345-2621,30.053104400634766,-95.18355560302734,Overture Places 2026-07-22.0,2026-07-22,open,packet_ready,primary_store_candidate
H-E-B,e1436c6e-f568-4b2c-b9db-36083ecb3a07,H-E-B plus!,5401 S FM 1626,Kyle,TX,78640-6038,30.016422271728516,-97.86149597167969,Overture Places 2026-07-22.0,2026-07-22,open,packet_ready,primary_store_candidate
H-E-B,479f515c-ae1e-469e-8329-e147dc3dfad3,Lake Jackson H-E-B,97 OYSTER CREEK DRIV,LAKE JACKSON,TX,77566-4622,29.041366577148438,-95.4460220336914,Overture Places 2026-07-22.0,2026-07-22,open,packet_ready,primary_store_candidate
H-E-B,9c8778ec-ec19-4d0c-8c6b-17130e8f4f88,Guadalupe and Stone H-E-B,1301 GUADALUPE ST.,LAREDO,TX,78040-5343,27.506559371948242,-99.48345184326172,Overture Places 2026-07-22.0,2026-07-22,open,packet_ready,primary_store_candidate
H-E-B,7aad6d00-1f61-410c-8df9-e2e2717fea93,35 and Del Mar H-E-B,210 WEST DEL MAR BOULEVARD,LAREDO,TX,78041-2205,27.567859649658203,-99.49677276611328,Overture Places 2026-07-22.0,2026-07-22,open,packet_ready,primary_store_candidate
H-E-B,36af6ab7-c5d0-4e1f-9029-e0a3447a17bf,Saunders St H-E-B,2310 E SAUNDERS ST,LAREDO,TX,78041-5435,27.53196907043457,-99.47096252441406,Overture Places 2026-07-22.0,2026-07-22,open,packet_ready,primary_store_candidate
H-E-B,9f62e34b-78b5-4bee-9d7c-586b2df97181,League City Market H-E-B,2755 E.LEAGUE CITY PARKWAY,LEAGUE CITY,TX,77573-3360,29.505876541137695,-95.04131317138672,Overture Places 2026-07-22.0,2026-07-22,open,packet_ready,primary_store_candidate
H-E-B,63913332-4fa5-4c1d-907b-1337a55882bb,Livingston H-E-B,1509 W. CHURCH,LIVINGSTON,TX,77351-3003,30.709726333618164,-94.95085144042969,Overture Places 2026-07-22.0,2026-07-22,open,packet_ready,primary_store_candidate
H-E-B,d50c2b41-bab1-4241-be1f-dac895dd74a9,Lubbock H-E-B,4405 114TH STREET,LUBBOCK,TX,79424,33.489036560058594,-101.90611267089844,Overture Places 2026-07-22.0,2026-07-22,open,packet_ready,primary_store_candidate
H-E-B,0c53709a-c60b-40ba-afc4-d693de6d1ed7,Luling H-E-B,320 PIERCE,LULING,TX,78648-2427,29.680919647216797,-97.65270233154297,Overture Places 2026-07-22.0,2026-07-22,open,packet_ready,primary_store_candidate
H-E-B,d129b738-d46b-4ba7-8c7f-24e3714b64d7,Lumberton H-E-B,819 N MAIN ST,LUMBERTON,TX,77657-7358,30.264379501342773,-94.2007827758789,Overture Places 2026-07-22.0,2026-07-22,open,packet_ready,primary_store_candidate
H-E-B,8b58ae2d-f0d8-413b-b135-a28be7f7b0e4,H-E-B,450 E Travis St,La Grange,TX,78945-2655,29.90654182434082,-96.8722915649414,Overture Places 2026-07-22.0,2026-07-22,open,packet_ready,primary_store_candidate
H-E-B,839d05e2-b256-43b5-bf4a-25a72d370d3f,H-E-B,14414 US Highway 87 W,La Vernia,TX,78121-5922,29.358980178833008,-98.13822937011719,Overture Places 2026-07-22.0,2026-07-22,open,packet_ready,primary_store_candidate
H-E-B,e33c327b-151b-40c8-8484-1511fb7203ad,H-E-B,97 Oyster Creek Dr,Lake Jackson,TX,77566-4464,29.0417537689209,-95.44608306884766,Overture Places 2026-07-22.0,2026-07-22,open,packet_ready,primary_store_candidate
H-E-B,e1689c3a-ed84-465e-97a9-849cb35a94b2,H-E-B,2000 Ranch Road 620 S,Lakeway,TX,78734-6411,30.34476089477539,-97.96827697753906,Overture Places 2026-07-22.0,2026-07-22,open,packet_ready,primary_store_candidate
H-E-B,9d358d99-3734-402f-bdb7-f5295bcb50ad,H-E-B,705 S Key Ave,Lampasas,TX,76550-3114,31.062044143676758,-98.17977905273438,Overture Places 2026-07-22.0,2026-07-22,open,packet_ready,primary_store_candidate
H-E-B,1a47ed2c-a3e6-43cf-94cd-8f3413cc8b32,H-E-B,1301 Guadalupe St,Laredo,TX,78040-5343,27.506113052368164,-99.4830322265625,Overture Places 2026-07-22.0,2026-07-22,open,packet_ready,primary_store_candidate
H-E-B,bf30e11d-c5d9-4f15-849e-3122aa150212,H-E-B plus!,1911 NE Bob Bullock Loop,Laredo,TX,78045-6596,27.60734748840332,-99.47408294677734,Overture Places 2026-07-22.0,2026-07-22,open,packet_ready,primary_store_candidate
H-E-B,676a97c5-98d2-4bbd-8861-dd7be36cd885,H-E-B,210 W Del Mar Blvd,Laredo,TX,78041-2205,27.56803321838379,-99.49976348876953,Overture Places 2026-07-22.0,2026-07-22,open,packet_ready,primary_store_candidate
H-E-B,10baa676-7bad-48dc-9590-f58b522975e2,H-E-B,2310 E Saunders St,Laredo,TX,78041-5489,27.53193473815918,-99.47095489501953,Overture Places 2026-07-22.0,2026-07-22,open,packet_ready,primary_store_candidate
H-E-B,2f729326-a24c-443e-920d-234e4a7a6614,H-E-B,2755 League City Pkwy,League City,TX,77573-3360,29.50557518005371,-95.03963470458984,Overture Places 2026-07-22.0,2026-07-22,open,packet_ready,primary_store_candidate
H-E-B,59f71c9e-1065-44fe-a10a-78bc04470c48,H-E-B,2955 Gulf Fwy,League City,TX,77573-6750,29.466203689575195,-95.09437561035156,Overture Places 2026-07-22.0,2026-07-22,open,packet_ready,primary_store_candidate
H-E-B,8d5d8fdd-2550-4612-a6f8-f658e067efac,H-E-B plus!,651 Highway 183,Leander,TX,78641-7001,30.58433723449707,-97.8578109741211,Overture Places 2026-07-22.0,2026-07-22,open,packet_ready,primary_store_candidate
H-E-B,4db53318-beff-431b-becf-e2cf0e6d42db,HEB,1509 W Church St,Livingston,TX,77351-3003,30.709810256958008,-94.95083618164062,Overture Places 2026-07-22.0,2026-07-22,open,packet_ready,primary_store_candidate
H-E-B,bd6c4b58-656d-4425-8418-0c0135c8ffa0,H-E-B Bakery,4405 114th St,Lubbock,TX,79424-7705,33.489219665527344,-101.90571594238281,Overture Places 2026-07-22.0,2026-07-22,open,packet_ready,primary_store_candidate
H-E-B,1b68689f-9e37-4311-a149-fcf4fb3065a2,H-E-B,111 N Timberland Dr,Lufkin,TX,75901-0453,31.337602615356445,-94.71941375732422,Overture Places 2026-07-22.0,2026-07-22,open,packet_ready,primary_store_candidate
H-E-B,5d3dea88-06ef-4f56-b05f-6c9753623b80,H-E-B,320 E Pierce St,Luling,TX,78648-2427,29.680299758911133,-97.65263366699219,Overture Places 2026-07-22.0,2026-07-22,open,packet_ready,primary_store_candidate
H-E-B,acdb2547-ad00-43c6-95f9-c410c5b57b97,H-E-B,819 N Main St,Lumberton,TX,77657-7358,30.26434898376465,-94.20077514648438,Overture Places 2026-07-22.0,2026-07-22,open,packet_ready,primary_store_candidate
H-E-B,89931b93-e042-42b1-87a0-459bde16e77f,H-E-B plus!,19337 McDonald St,Lytle,TX,78052-3622,29.229738235473633,-98.78963470458984,Overture Places 2026-07-22.0,2026-07-22,open,packet_ready,primary_store_candidate
H-E-B,d5c60a29-397d-4794-a50d-8cde8cbb9218,H-E-B Fuel,19561 McDonald St,Lytle,TX,78052,29.23073959350586,-98.7891845703125,Overture Places 2026-07-22.0,2026-07-22,open,exclude,brand_false_positive
H-E-B,d8c2d76a-b1f3-435a-8ee8-31d1b1482816,H-E-B Magnolia Place,13663 FM 1488,MAGNOLIA,TX,77354,30.220909118652344,-95.681884765625,Overture Places 2026-07-22.0,2026-07-22,open,packet_ready,primary_store_candidate
H-E-B,1daf7daa-7643-4522-8476-fc2a9c254159,H-E-B Manor,13100 N FM 973 Building 1,MANOR,TX,78653,30.35163688659668,-97.53935241699219,Overture Places 2026-07-22.0,2026-07-22,open,packet_ready,primary_store_candidate
H-E-B,690f7091-88ec-4946-af6a-e5220684b5e5,Manvel H-E-B,17119 HIGHWAY 6,MANVEL,TX,77578,29.486379623413086,-95.40589141845703,Overture Places 2026-07-22.0,2026-07-22,open,packet_ready,primary_store_candidate
H-E-B,ab2f04c9-455a-4c99-83ae-96f03c126fcf,Marble Falls H-E-B,1503 FM 1431,MARBLE FALLS,TX,78654-4902,30.583009719848633,-98.27973175048828,Overture Places 2026-07-22.0,2026-07-22,open,packet_ready,primary_store_candidate
H-E-B,046a01d1-630e-4a28-bc8b-b163eafcec8f,Marlin H-E-B,435 LIVE OAK,MARLIN,TX,76661-2367,31.30714988708496,-96.8904037475586,Overture Places 2026-07-22.0,2026-07-22,open,packet_ready,primary_store_candidate
H-E-B,842c70a4-7a19-4d70-921e-fefbd60e124d,Mathis H-E-B,601 E. SAN PATRICIO,MATHIS,TX,78368-2428,28.090896606445312,-97.82294464111328,Overture Places 2026-07-22.0,2026-07-22,open,packet_ready,primary_store_candidate
H-E-B,075f419e-bae6-432f-b3b5-4ac4f9c5c18d,South 2nd Street H-E-B,200 W. EXPRESSWAY 83,MCALLEN,TX,78501-2951,26.189529418945312,-98.22547149658203,Overture Places 2026-07-22.0,2026-07-22,open,packet_ready,primary_store_candidate
H-E-B,99fdeeef-26f9-48b1-b852-c718514989e6,N 10th and Fern H-E-B,3200 N. 10TH STREET,MCALLEN,TX,78501-1926,26.23245620727539,-98.2252426147461,Overture Places 2026-07-22.0,2026-07-22,open,packet_ready,primary_store_candidate
H-E-B,26f37e59-3d0b-4a45-b270-f6142b28e1f4,Pecan and Ware H-E-B,3601 PECAN,MCALLEN,TX,78501-3512,26.218019485473633,-98.25872039794922,Overture Places 2026-07-22.0,2026-07-22,open,packet_ready,primary_store_candidate
H-E-B,6a3aaeea-60da-43d9-b38d-a0a7a71ccf2e,H-E-B Melissa,1230 CENTRAL EXPRESSWAY,MELISSA,TX,75454,33.26764678955078,-96.59278106689453,Overture Places 2026-07-22.0,2026-07-22,open,packet_ready,primary_store_candidate
H-E-B,f1128d4b-2de6-40d0-ae49-0d9dbdec0b73,Mexia H-E-B,701 E. MILAM STREET,MEXIA,TX,76667-2445,31.68433952331543,-96.47859191894531,Overture Places 2026-07-22.0,2026-07-22,open,packet_ready,primary_store_candidate
H-E-B,73285cd7-2e09-432e-a5ea-1c11b85c8607,West Wadley H-E-B,3325 WEST WADLEY,MIDLAND,TX,79707-5714,32.017967224121094,-102.12619018554688,Overture Places 2026-07-22.0,2026-07-22,open,packet_ready,primary_store_candidate
H-E-B,65ab3313-742e-4927-a86a-42507631dbb0,Midland Loop 250 H-E-B,5407 ANDREWS HIGHWAY,MIDLAND,TX,79706-2851,31.99587631225586,-102.15509033203125,Overture Places 2026-07-22.0,2026-07-22,open,packet_ready,primary_store_candidate
H-E-B,1f31e299-2cbe-4be1-abc3-310304714c79,Conway & Griffin Pkwy H-E-B,200 EAST GRIFFIN,MISSION,TX,78572-2912,26.228166580200195,-98.32220458984375,Overture Places 2026-07-22.0,2026-07-22,open,packet_ready,primary_store_candidate
H-E-B,cdf3cb8a-75d4-4306-9979-0cd4b7b13dce,Conway and 9th St H-E-B,820 S. CONWAY,MISSION,TX,78572-5362,26.213659286499023,-98.32440185546875,Overture Places 2026-07-22.0,2026-07-22,open,packet_ready,primary_store_candidate
H-E-B,4cce676a-46f9-4246-93e8-342b06711dd3,Lake Colony H-E-B,4724 HWY 6,MISSOURI CITY,TX,77459-4180,29.5803165435791,-95.58244323730469,Overture Places 2026-07-22.0,2026-07-22,open,packet_ready,primary_store_candidate
H-E-B,ad0c4cdc-527d-4eb3-8334-c342e4bc1f54,Sienna Market H-E-B,8900 HWY 6,MISSOURI CITY,TX,77459-6931,29.53927993774414,-95.53497314453125,Overture Places 2026-07-22.0,2026-07-22,open,packet_ready,primary_store_candidate
H-E-B,d3b29d26-73c0-4091-a3e0-a6a9aff66e1d,Mont Belvieu H-E-B,13401 I-10 EAST,MONT BELVIEU,TX,77523,29.827547073364258,-94.8497314453125,Overture Places 2026-07-22.0,2026-07-22,open,packet_ready,primary_store_candidate
H-E-B,40156d4d-234c-4385-b22f-d9bc9e381d79,H-E-B,7988 FM 1488 Rd,Magnolia,TX,77354-1611,30.223169326782227,-95.58462524414062,Overture Places 2026-07-22.0,2026-07-22,open,packet_ready,primary_store_candidate
H-E-B,25cfb15a-81e3-40a2-a994-235ed25bbde5,H-E-B Mansfield,1670 E Broad St,Mansfield,TX,76063-1862,32.56687545776367,-97.11431884765625,Overture Places 2026-07-22.0,2026-07-22,open,packet_ready,primary_store_candidate
H-E-B,6ad12d23-78e5-4dff-800f-082ac31adea5,H-E-B,1503 FM 1431,Marble Falls,TX,78654-4902,30.582679748535156,-98.27984619140625,Overture Places 2026-07-22.0,2026-07-22,open,packet_ready,primary_store_candidate
H-E-B,59e4b1b0-7ced-42d0-b3f5-49d0d4c85107,H-E-B,435 Live Oak St,Marlin,TX,76661-2367,31.307092666625977,-96.89053344726562,Overture Places 2026-07-22.0,2026-07-22,open,packet_ready,primary_store_candidate
H-E-B,1bf1d2f6-502a-406d-b3b7-27295847147a,H-E-B,601 E San Patricio Ave,Mathis,TX,78368-2428,28.09113121032715,-97.82279205322266,Overture Places 2026-07-22.0,2026-07-22,open,packet_ready,primary_store_candidate
H-E-B,0ba9f249-901b-40b6-85b3-52c140ee3e8c,H-E-B,200 W Expressway 83,McAllen,TX,78501-2951,26.189739227294922,-98.22537231445312,Overture Places 2026-07-22.0,2026-07-22,open,packet_ready,primary_store_candidate
H-E-B,060aa78e-e675-4d61-b3fc-36bfd60a073c,H-E-B,3200 N 10th St,McAllen,TX,78501-1926,26.232589721679688,-98.22360229492188,Overture Places 2026-07-22.0,2026-07-22,open,packet_ready,primary_store_candidate
H-E-B,ed0938f5-ec0f-4e13-88fc-4c02161b7240,H-E-B,3601 W Pecan Blvd,McAllen,TX,78501-3512,26.21799659729004,-98.25873565673828,Overture Places 2026-07-22.0,2026-07-22,open,packet_ready,primary_store_candidate
H-E-B,abd63986-aedc-4357-a877-e694bb1f2b17,H-E-B,8700 Eldorado Pkwy,McKinney,TX,75070-5901,33.17616653442383,-96.7282485961914,Overture Places 2026-07-22.0,2026-07-22,open,packet_ready,primary_store_candidate
H-E-B,2e571054-15cd-460c-868f-2caf69b85235,H-E-B,209 N Texas Ave,Mercedes,TX,78570-2746,26.15391731262207,-97.91288757324219,Overture Places 2026-07-22.0,2026-07-22,open,packet_ready,primary_store_candidate
H-E-B,68c48298-a1d1-4e9e-976a-c5801b471a97,H-E-B,701 E Milam St,Mexia,TX,76667-2445,31.685644149780273,-96.47749328613281,Overture Places 2026-07-22.0,2026-07-22,open,packet_ready,primary_store_candidate
H-E-B,e17b2b0a-f93d-42c1-86de-142dfbe9208e,H-E-B,3325 W Wadley Ave,Midland,TX,79707-5714,32.01824951171875,-102.12599182128906,Overture Places 2026-07-22.0,2026-07-22,open,packet_ready,primary_store_candidate
H-E-B,5418ed24-c922-42c0-99d0-1f5369a9c1d1,H-E-B,5407 Andrews Hwy,Midland,TX,79706-3615,31.996002197265625,-102.15522766113281,Overture Places 2026-07-22.0,2026-07-22,open,packet_ready,primary_store_candidate
H-E-B,7dbd4ffa-3efc-40ac-b349-a9679ff6297f,H-E-B,200 E Griffin Pkwy,Mission,TX,78572-2971,26.228137969970703,-98.32218933105469,Overture Places 2026-07-22.0,2026-07-22,open,packet_ready,primary_store_candidate
H-E-B,ea6a552f-54a4-48b4-b93c-04fc30da1fa4,H-E-B Convenience Store,2216 N Conway Ave,Mission,TX,78572-2968,26.229206085205078,-98.32304382324219,Overture Places 2026-07-22.0,2026-07-22,open,packet_ready,primary_store_candidate
H-E-B,e61e1dae-ef63-465b-8f20-cb8cc6e057ac,H-E-B,820 S Conway Ave,Mission,TX,78572,26.198108673095703,-98.32953643798828,Overture Places 2026-07-22.0,2026-07-22,open,packet_ready,primary_store_candidate
H-E-B,23b5d9de-b60b-40ce-9ca7-7a34f79b422e,H-E-B,4724 Highway 6,Missouri City,TX,77459-4180,29.57856559753418,-95.58265686035156,Overture Places 2026-07-22.0,2026-07-22,open,packet_ready,primary_store_candidate
H-E-B,0833d193-467a-46ba-9dc5-2105c59819a9,H-E-B,8900 Highway Six,Missouri City,TX,77459-6931,29.53671646118164,-95.53651428222656,Overture Places 2026-07-22.0,2026-07-22,open,packet_ready,primary_store_candidate
H-E-B,13dab547-5111-4521-a165-a168ac242fa0,New Braunfels H-E-B at Hwy 46,1655 W STATE HIGHWAY 46,NEW BRAUNFELS,TX,78130-4753,29.71303939819336,-98.16039276123047,Overture Places 2026-07-22.0,2026-07-22,open,packet_ready,primary_store_candidate
H-E-B,381c4332-d8f3-4ab6-9627-58bafe8e5424,New Braunfels H-E-B at Walnut,651 S.WALNUT,NEW BRAUNFELS,TX,78130-5722,29.689029693603516,-98.12631225585938,Overture Places 2026-07-22.0,2026-07-22,open,packet_ready,primary_store_candidate
H-E-B,7e3a91d6-dbf8-49b8-b165-cf240e186071,H-E-B Pharmacy,1655 W State Highway 46,New Braunfels,TX,78132-4737,29.713111877441406,-98.16023254394531,Overture Places 2026-07-22.0,2026-07-22,open,exclude,brand_false_positive
H-E-B,a474e0c7-56b8-4265-858e-c593beae046c,H-E-B plus!,2965 N Interstate 35,New Braunfels,TX,78130-4678,29.731674194335938,-98.0770263671875,Overture Places 2026-07-22.0,2026-07-22,open,packet_ready,primary_store_candidate
H-E-B,9e36d9d9-431b-40f7-92cd-af08b0af593c,H-E-B,651 S Walnut Ave,New Braunfels,TX,78130-5764,29.689138412475586,-98.12699127197266,Overture Places 2026-07-22.0,2026-07-22,open,packet_ready,primary_store_candidate
H-E-B,24657b0b-a799-4196-8cc5-c1518f86131d,Odessa H-E-B University Blvd,2501 W UNIVERSITY BLVD,ODESSA,TX,79764-7155,31.86212921142578,-102.41009521484375,Overture Places 2026-07-22.0,2026-07-22,open,packet_ready,primary_store_candidate
H-E-B,0338ddf8-c68a-4533-bc18-50aff2515ea7,42nd St. H-E-B,3801 E 42ND,ODESSA,TX,79762-5947,31.89133644104004,-102.34384155273438,Overture Places 2026-07-22.0,2026-07-22,open,packet_ready,primary_store_candidate
H-E-B,1147b54e-4f2a-4fcf-9cba-9de7c7c902f1,Orange H-E-B,2424 N.16TH STREET,ORANGE,TX,77630-2332,30.11467933654785,-93.74735260009766,Overture Places 2026-07-22.0,2026-07-22,open,packet_ready,primary_store_candidate
H-E-B,5478a1dc-9d21-4ea6-ad22-6b091fa2b886,HEB,2501 W University Blvd,Odessa,TX,79764-7155,31.8609561920166,-102.41093444824219,Overture Places 2026-07-22.0,2026-07-22,open,packet_ready,primary_store_candidate
H-E-B,143644a1-e423-4a90-8e3b-3e7522c2e351,H-E-B,3801 E 42nd St,Odessa,TX,79762-5947,31.891443252563477,-102.35102081298828,Overture Places 2026-07-22.0,2026-07-22,open,packet_ready,primary_store_candidate
H-E-B,f690f396-e788-4ca4-b1ae-870b25962161,HEB,2424 N 16th St,Orange,TX,77630-2332,30.115577697753906,-93.74630737304688,Overture Places 2026-07-22.0,2026-07-22,open,packet_ready,primary_store_candidate
H-E-B,eb8f1c90-8a0b-4f8b-a5f9-99a01f18bb6a,Palmhurst H-E-B,120 E. MILE 3 RD,PALMHURST,TX,78573-5070,26.256839752197266,-98.31816101074219,Overture Places 2026-07-22.0,2026-07-22,open,packet_ready,primary_store_candidate
H-E-B,d1983c4d-6ddd-4d6d-8cc6-6a31c5c972a9,Fairmont Pkwy H-E-B,6210 FAIRMONT PKWY,PASADENA,TX,77505-4027,29.648666381835938,-95.14442443847656,Overture Places 2026-07-22.0,2026-07-22,open,packet_ready,primary_store_candidate
H-E-B,d29a10c0-7ede-445d-b3d8-c3397ef0b03a,Pearsall H-E-B,225 SOUTH IH 35,PEARSALL,TX,78061-6630,28.895179748535156,-99.11463165283203,Overture Places 2026-07-22.0,2026-07-22,open,packet_ready,primary_store_candidate
H-E-B,921082ce-e07f-4ddd-b035-b2ba58ea2d5d,Pflugerville Parkway H-E-B,2641 E. Pflugerville Pkwy,PFLUGERVILLE,TX,78660,30.449586868286133,-97.59229278564453,Overture Places 2026-07-22.0,2026-07-22,open,packet_ready,primary_store_candidate
H-E-B,0b5ff32a-882d-456c-bf16-44542e957344,Pleasanton H-E-B,219 W OAKLAWN,PLEASANTON,TX,78064-4221,28.955976486206055,-98.48673248291016,Overture Places 2026-07-22.0,2026-07-22,open,packet_ready,primary_store_candidate
H-E-B,5fe43ca6-fee6-4b1f-9eb5-2462135b04b6,Mid County H-E-B,4800 B HWY 365,PORT ARTHUR,TX,77642-7403,29.965999603271484,-93.97581481933594,Overture Places 2026-07-22.0,2026-07-22,open,packet_ready,primary_store_candidate
H-E-B,5ffe57ea-6cf7-4fd4-bf4a-680640d4bdd9,Port Lavaca H-E-B,101 CALHOUN PLAZA,PORT LAVACA,TX,77979-2423,28.620956420898438,-96.64127349853516,Overture Places 2026-07-22.0,2026-07-22,open,packet_ready,primary_store_candidate
H-E-B,311a4c93-5a4d-469d-8d2f-2cbab8c44e7c,HEB,120 E Mile 3 Rd,Palmhurst,TX,78573-5070,26.255659103393555,-98.31790924072266,Overture Places 2026-07-22.0,2026-07-22,open,packet_ready,primary_store_candidate
H-E-B,839c5271-9a01-4860-a890-a9fc3d1d86ac,HEB,6010 W Expressway 83,Palmview,TX,78572,26.237537384033203,-98.39046478271484,Overture Places 2026-07-22.0,2026-07-22,open,packet_ready,primary_store_candidate
H-E-B,e71ae094-d5ca-43f5-9bae-2bd7dd00d768,HEB,6210 Fairmont Pkwy,Pasadena,TX,77505-4027,29.648700714111328,-95.14436340332031,Overture Places 2026-07-22.0,2026-07-22,open,packet_ready,primary_store_candidate
H-E-B,6dc51783-e624-46c3-8964-5c090aa47c65,H-E-B plus!,2805 Business Center Dr,Pearland,TX,77584-2191,29.55931282043457,-95.39043426513672,Overture Places 2026-07-22.0,2026-07-22,open,packet_ready,primary_store_candidate
H-E-B,b06a10b5-f6f8-42eb-b229-c1f292825f58,H-E-B,225 S Interstate 35,Pearsall,TX,78061,28.895057678222656,-99.11474609375,Overture Places 2026-07-22.0,2026-07-22,open,packet_ready,primary_store_candidate
H-E-B,2b3ee803-f0ea-441b-af28-e61b36a61583,H-E-B,201 FM-685,Pflugerville,TX,78660-8045,30.438032150268555,-97.61192321777344,Overture Places 2026-07-22.0,2026-07-22,open,packet_ready,primary_store_candidate
H-E-B,7a06863b-6ca9-4d12-a1ab-2fcb465ebfcb,H-E-B Pharmacy,1300 Cage Blvd,Pharr,TX,78577-6351,26.179203033447266,-98.18930053710938,Overture Places 2026-07-22.0,2026-07-22,open,exclude,brand_false_positive
H-E-B,bee3eac1-0198-4328-b735-c3440cfc4e90,H-E-B,224 S Cage Blvd,Pharr,TX,78577-4844,26.192699432373047,-98.18472290039062,Overture Places 2026-07-22.0,2026-07-22,open,packet_ready,primary_store_candidate
H-E-B,d2a524d4-d98c-43a1-b457-d2d7dbec9eaf,H-E-B,320 Coit Rd,Plano,TX,75075-5712,33.00214767456055,-96.76466369628906,Overture Places 2026-07-22.0,2026-07-22,open,packet_ready,primary_store_candidate
H-E-B,321b1210-200d-4aa9-8d11-85a2913232af,HEB,6001 Preston Rd,Plano,TX,75093-7305,33.055355072021484,-96.79660034179688,Overture Places 2026-07-22.0,2026-07-22,open,packet_ready,primary_store_candidate
H-E-B,e8d2916e-5bca-4119-926b-fb129451e66e,H-E-B,219 W Oaklawn Rd,Pleasanton,TX,78064-4221,28.956159591674805,-98.48675537109375,Overture Places 2026-07-22.0,2026-07-22,open,packet_ready,primary_store_candidate
H-E-B,ce340df5-5f5a-48f0-a573-fb63e5d1c967,HEB,3401 Gulfway Dr,Port Arthur,TX,77642-3671,29.90498924255371,-93.92353057861328,Overture Places 2026-07-22.0,2026-07-22,open,packet_ready,primary_store_candidate
H-E-B,68b507dc-5d30-447f-baf6-1b877ebb6bc4,H-E-B,4800 Highway 365,Port Arthur,TX,77642-7403,29.963335037231445,-93.97490692138672,Overture Places 2026-07-22.0,2026-07-22,open,packet_ready,primary_store_candidate
H-E-B,bfc7e7a8-9c2e-4fe6-8727-39d0f45ea55b,H-E-B,1679 TX-100,Port Isabel,TX,78578,26.07144546508789,-97.22708892822266,Overture Places 2026-07-22.0,2026-07-22,open,packet_ready,primary_store_candidate
H-E-B,f1b83e56-134b-4f75-aae0-9cf6124c8e32,H-E-B,101 Calhoun Plz,Port Lavaca,TX,77979-2423,28.626949310302734,-96.63783264160156,Overture Places 2026-07-22.0,2026-07-22,open,packet_ready,primary_store_candidate
H-E-B,c622d401-6407-4786-97a6-d3c36de00ba7,H-E-B,1600 Wildcat Dr,Portland,TX,78374-2816,27.88721466064453,-97.31674194335938,Overture Places 2026-07-22.0,2026-07-22,open,packet_ready,primary_store_candidate
H-E-B,303ee198-3b7d-4147-b93c-c8133d3b094f,H-E-B Prosper,2145 W. Frontier Pkwy,Prosper,TX,75078,33.26138687133789,-96.81671142578125,Overture Places 2026-07-22.0,2026-07-22,open,packet_ready,primary_store_candidate
H-E-B,d5ba25a4-0b77-4b25-abc1-cb734775ef2b,Raymondville H-E-B,405 W. HILDALGO,RAYMONDVILLE,TX,78580-3532,26.480709075927734,-97.78598022460938,Overture Places 2026-07-22.0,2026-07-22,open,packet_ready,primary_store_candidate
H-E-B,1fe6c92f-0dc3-462d-b7b2-40023bb57644,Richmond Market H-E-B,23500 CIRCLE OAK PARKWAY,RICHMOND,TX,77469-2509,29.5518798828125,-95.74752044677734,Overture Places 2026-07-22.0,2026-07-22,open,packet_ready,primary_store_candidate
H-E-B,6f69ba30-1150-4604-93cd-4abd4fb4a35e,Spring Green Market H-E-B,9211 FM 723 RD,RICHMOND,TX,77406,29.695859909057617,-95.81597137451172,Overture Places 2026-07-22.0,2026-07-22,open,packet_ready,primary_store_candidate
H-E-B,5f5f78d2-d549-4980-a33f-bd5aaec58385,Robstown H-E-B,308 E. MAIN,ROBSTOWN,TX,78380-3352,27.7890567779541,-97.66564178466797,Overture Places 2026-07-22.0,2026-07-22,open,packet_ready,primary_store_candidate
H-E-B,a63a11fe-6b69-4368-894e-61d339441c06,Rockport H-E-B,1409 HWY 35 NORTH BUSINESS,ROCKPORT,TX,78382-3314,28.038896560668945,-97.04415130615234,Overture Places 2026-07-22.0,2026-07-22,open,packet_ready,primary_store_candidate
H-E-B,a5c98ddc-23b0-42af-a656-4ddf29d4d627,H-E-B Rockwall,1600 E. Interstate 30,ROCKWALL,TX,75087-6228,32.914268493652344,-96.43385314941406,Overture Places 2026-07-22.0,2026-07-22,open,packet_ready,primary_store_candidate
H-E-B,e8d959b2-f270-4a30-babb-84fa4cdc9bca,620 and O'Connor H-E-B,16900 RANCH ROAD 620,ROUND ROCK,TX,78681-3922,30.50067710876465,-97.72301483154297,Overture Places 2026-07-22.0,2026-07-22,open,packet_ready,primary_store_candidate
H-E-B,7b102819-1bf0-411c-b581-0b44e60102c0,Gattis School H-E-B Round Rock,3750 GATTIS SCHOOL RD,ROUND ROCK,TX,78664-4642,30.499366760253906,-97.61539459228516,Overture Places 2026-07-22.0,2026-07-22,open,packet_ready,primary_store_candidate
H-E-B,baff16e2-1e02-43a3-a24c-99e8abde89be,H-E-B,405 W Hidalgo Ave,Raymondville,TX,78580-3532,26.480697631835938,-97.78599548339844,Overture Places 2026-07-22.0,2026-07-22,open,packet_ready,primary_store_candidate
H-E-B,4afb2706-2635-4aac-9427-34bec806699d,H-E-B,206 S Alamo St,Refugio,TX,78377-2303,28.303695678710938,-97.27632141113281,Overture Places 2026-07-22.0,2026-07-22,open,packet_ready,primary_store_candidate
H-E-B,cdc21180-76c4-4dde-b30c-13ea26905218,H-E-B,23500 Circle Oak Pkwy,Richmond,TX,77469-2509,29.551376342773438,-95.7470703125,Overture Places 2026-07-22.0,2026-07-22,open,packet_ready,primary_store_candidate
H-E-B,f1541d30-f858-41cf-8b7a-abd91eb5b544,H-E-B,9211 FM-723,Richmond,TX,77406-9237,29.696352005004883,-95.81414031982422,Overture Places 2026-07-22.0,2026-07-22,open,packet_ready,primary_store_candidate
H-E-B,24773a80-b55f-45cf-95d5-9d1200593071,H-E-B plus!,4031 E US Highway 83,Rio Grande City,TX,78582-4815,26.369539260864258,-98.79946899414062,Overture Places 2026-07-22.0,2026-07-22,open,packet_ready,primary_store_candidate
H-E-B,a98757fe-13cb-4f99-98a0-1e6e6f7567bd,H-E-B,308 E Main Ave,Robstown,TX,78380-3352,27.788909912109375,-97.66569519042969,Overture Places 2026-07-22.0,2026-07-22,open,packet_ready,primary_store_candidate
H-E-B,b7574bad-4909-4382-a5c0-8c76cf279d24,HEB,1409 Highway 35 N,Rockport,TX,78382-3314,28.038766860961914,-97.04412078857422,Overture Places 2026-07-22.0,2026-07-22,open,packet_ready,primary_store_candidate
H-E-B,87abe292-dc09-4dc2-868c-57f7025cb1c5,H-E-B,16900 R R 620,Round Rock,TX,78681,30.500808715820312,-97.7227783203125,Overture Places 2026-07-22.0,2026-07-22,open,packet_ready,primary_store_candidate
H-E-B,6190547d-04a1-48b5-b038-1110250f66fa,H-E-B plus!,1700 E Palm Valley Blvd,Round Rock,TX,78664-4636,30.51950454711914,-97.65872192382812,Overture Places 2026-07-22.0,2026-07-22,open,packet_ready,primary_store_candidate
H-E-B,8ead7429-956c-4d0a-9ed7-c011d7d43d4f,H-E-B,250 University Blvd,Round Rock,TX,78665-1044,30.56159782409668,-97.6882553100586,Overture Places 2026-07-22.0,2026-07-22,open,packet_ready,primary_store_candidate
H-E-B,349189db-1a6b-41c4-87af-bd5fb4ea2d8a,H-E-B,3750 Gattis School Rd,Round Rock,TX,78664,30.499515533447266,-97.61515808105469,Overture Places 2026-07-22.0,2026-07-22,open,packet_ready,primary_store_candidate
H-E-B,2a378fc2-72b3-49f9-afff-5f7f8f2d43ed,H-E-B,603 Louis Henna Blvd,Round Rock,TX,78664-4100,30.480823516845703,-97.65933227539062,Overture Places 2026-07-22.0,2026-07-22,open,packet_ready,primary_store_candidate
H-E-B,9c810716-2900-4a9d-b687-3d8e37c2c13b,Sherwood Avenue N H-E-B,3301 SHERWOOD WAY,SAN ANGELO,TX,76901-3528,31.44392967224121,-100.47872161865234,Overture Places 2026-07-22.0,2026-07-22,open,packet_ready,primary_store_candidate
H-E-B,d073565c-cf26-43ef-90be-7e87cecdb409,Sherwood & FM 2288 H-E-B,5502 SHERWOOD WAY,SAN ANGELO,TX,76901,31.43157958984375,-100.51103210449219,Overture Places 2026-07-22.0,2026-07-22,open,packet_ready,primary_store_candidate
H-E-B,302ec5d8-bad6-4559-aaf3-7a4cf9227b09,Culebra and 1604 H-E-B,10660 WEST FM 471,SAN ANTONIO,TX,78251-1320,29.491039276123047,-98.70271301269531,Overture Places 2026-07-22.0,2026-07-22,open,packet_ready,primary_store_candidate
H-E-B,0162dd04-f8b3-47c2-a8ca-6e90cd710cec,Commerce and Rosillo H-E-B,108 N ROSILLO,SAN ANTONIO,TX,78207-3706,29.428346633911133,-98.5240707397461,Overture Places 2026-07-22.0,2026-07-22,open,packet_ready,primary_store_candidate
H-E-B,35b83fd1-c1f8-448c-b98a-04a3e3859f91,Blanco and West Ave H-E-B,11551 WEST AVE.,SAN ANTONIO,TX,78213-1343,29.545259475708008,-98.51026153564453,Overture Places 2026-07-22.0,2026-07-22,open,packet_ready,primary_store_candidate
H-E-B,ed782038-4d9e-4ebc-ba1a-7e57aa9e3b06,Perrin Beitel and Thousand Oaks H-E-B,12018 PERRIN BEITEL ROAD,SAN ANTONIO,TX,78217-2116,29.548986434936523,-98.4072036743164,Overture Places 2026-07-22.0,2026-07-22,open,packet_ready,primary_store_candidate
H-E-B,b38fcc74-8902-4c90-bbb3-261dbef5d772,Alamo Ranch H-E-B,12125 ALAMO RANCH PKWY,SAN ANTONIO,TX,78253,29.485719680786133,-98.73294067382812,Overture Places 2026-07-22.0,2026-07-22,open,packet_ready,primary_store_candidate
H-E-B,f437e2a8-69f5-4569-afe8-7a18fc50f401,Nacogdoches and O'Connor H-E-B,14087 O'CONNOR RD,SAN ANTONIO,TX,78247-1979,29.569366455078125,-98.38561248779297,Overture Places 2026-07-22.0,2026-07-22,open,packet_ready,primary_store_candidate
H-E-B,0ed53f4b-e2df-42a7-9081-9439d2d294ad,Brook Hollow H-E-B,15000 SAN PEDRO,SAN ANTONIO,TX,78232-3714,29.577396392822266,-98.47734069824219,Overture Places 2026-07-22.0,2026-07-22,open,packet_ready,primary_store_candidate
H-E-B,5af5ac36-6dfc-4182-8b9e-aab507ec4983,Austin Highway H-E-B,1520 AUSTIN HWY,SAN ANTONIO,TX,78218-6039,29.492979049682617,-98.43114471435547,Overture Places 2026-07-22.0,2026-07-22,open,packet_ready,primary_store_candidate
H-E-B,b5ccf5ca-2b1d-4715-9c87-6a9c9ebcdf3c,Culebra and 211 H-E-B,15489 Culebra Rd.,SAN ANTONIO,TX,78253-4602,29.523839950561523,-98.80464172363281,Overture Places 2026-07-22.0,2026-07-22,open,packet_ready,primary_store_candidate
H-E-B,1f5bb662-ca90-4c58-9bdb-b5e18538b682,Bulverde and 1604 H-E-B,17238 BULVERDE ROAD,SAN ANTONIO,TX,78247,29.594966888427734,-98.41747283935547,Overture Places 2026-07-22.0,2026-07-22,open,packet_ready,primary_store_candidate
H-E-B,fc87feb2-d516-4d52-b1d3-7443fc4ec75f,Oak Park H-E-B,1955 NACOGDOCHES,SAN ANTONIO,TX,78209-2217,29.507736206054688,-98.45760345458984,Overture Places 2026-07-22.0,2026-07-22,open,packet_ready,primary_store_candidate
H-E-B,f7877c43-25b1-45af-9c62-3b9ab5536aec,El Mercado H-E-B,2130 CULEBRA,SAN ANTONIO,TX,78228-6308,29.44654655456543,-98.54070281982422,Overture Places 2026-07-22.0,2026-07-22,open,packet_ready,primary_store_candidate
H-E-B,11633ddd-1952-45ed-8a4a-6a49784b9a65,The Market at Stone Oak,23635 WILDERNESS OAK,SAN ANTONIO,TX,78258,29.662809371948242,-98.49986267089844,Overture Places 2026-07-22.0,2026-07-22,open,packet_ready,primary_store_candidate
H-E-B,ea61c6ce-4e14-459e-a6b7-79a3ea337fb2,Leon Springs H-E-B,24165 I-H 10 WEST SUITE 300,SAN ANTONIO,TX,78257-1161,29.6658992767334,-98.63219451904297,Overture Places 2026-07-22.0,2026-07-22,open,packet_ready,primary_store_candidate
H-E-B,5722833a-a2bf-4d91-ada5-d9680113a466,Olmos Park H-E-B,300 OLMOS DRIVE,SAN ANTONIO,TX,78212-1958,29.470006942749023,-98.49623107910156,Overture Places 2026-07-22.0,2026-07-22,open,packet_ready,primary_store_candidate
H-E-B,8dd4aa1c-3e66-4bd2-9ab9-759b33da6c09,Military and Goliad H-E-B,3323 SE MILITARY DR.,SAN ANTONIO,TX,78223-3814,29.35399627685547,-98.43365478515625,Overture Places 2026-07-22.0,2026-07-22,open,packet_ready,primary_store_candidate
H-E-B,e75c6d0e-e05c-4060-a852-117d08fe1640,New Braunfels and Houston H-E-B,415 N. NEW BRAUNFELS,SAN ANTONIO,TX,78202-3050,29.424436569213867,-98.46143341064453,Overture Places 2026-07-22.0,2026-07-22,open,packet_ready,primary_store_candidate
H-E-B,5477b625-1b3c-47e1-8491-9de3655886ab,South Flores Market H-E-B,516 S FLORES STREET,SAN ANTONIO,TX,78204-1217,29.419086456298828,-98.4964828491211,Overture Places 2026-07-22.0,2026-07-22,open,packet_ready,primary_store_candidate
H-E-B,136ca56b-7755-4f7a-9219-12ec8073bf91,Babcock H-E-B,5910 BABCOCK RD,SAN ANTONIO,TX,78240-2136,29.527099609375,-98.60198211669922,Overture Places 2026-07-22.0,2026-07-22,open,packet_ready,primary_store_candidate
H-E-B,7f7cad6a-28ae-4fff-aef3-ebda18d12beb,Montgomery at Walzem,6030 MONTGOMERY DR,SAN ANTONIO,TX,78239-3233,29.5091495513916,-98.36981201171875,Overture Places 2026-07-22.0,2026-07-22,open,packet_ready,primary_store_candidate
H-E-B,ea51923f-72fa-473d-8264-6cc5007d8b58,San Pedro and Oblate H-E-B,6839 SAN PEDRO,SAN ANTONIO,TX,78216-7202,29.502819061279297,-98.49951171875,Overture Places 2026-07-22.0,2026-07-22,open,packet_ready,primary_store_candidate
H-E-B,cf3f0991-7cce-4eeb-a4d4-e6ae7ccaa652,College Park H-E-B,7330 N Loop 1604,SAN ANTONIO,TX,78249,29.585006713867188,-98.63384246826172,Overture Places 2026-07-22.0,2026-07-22,open,packet_ready,primary_store_candidate
H-E-B,2a262b92-9c02-4106-bbb5-b5f0c75d5c6d,Military and Pleasanton H-E-B,735 SW MILITARY,SAN ANTONIO,TX,78221-1642,29.356657028198242,-98.5027847290039,Overture Places 2026-07-22.0,2026-07-22,open,packet_ready,primary_store_candidate
H-E-B,1acbb769-df31-47ea-9085-76fcb1b80656,Bandera and Guilbeau H-E-B,7951 GUILBEAU RD.,SAN ANTONIO,TX,78250-3232,29.520036697387695,-98.6440200805664,Overture Places 2026-07-22.0,2026-07-22,open,packet_ready,primary_store_candidate
H-E-B,5ffd4dd9-7e9e-4e83-b853-6140e9832dad,Alon Market H-E-B,8503 NW MILITARY HWY,SAN ANTONIO,TX,78231-1841,29.552539825439453,-98.5346450805664,Overture Places 2026-07-22.0,2026-07-22,open,packet_ready,primary_store_candidate
H-E-B,1d5557b7-0cde-462a-90d5-d7520db04d85,Grissom and Tezel H-E-B,9255 GRISSOM RD,SAN ANTONIO,TX,78251-2805,29.48543930053711,-98.66413116455078,Overture Places 2026-07-22.0,2026-07-22,open,packet_ready,primary_store_candidate
H-E-B,eadbb662-bdb3-4670-9656-4c34452acf64,I10 and Wurzbach H-E-B,9900 WURZBACH,SAN ANTONIO,TX,78230-2212,29.531219482421875,-98.55973052978516,Overture Places 2026-07-22.0,2026-07-22,open,packet_ready,primary_store_candidate
H-E-B,2b2d50d3-a26c-468f-9fb0-d2751ff288ee,Lincoln Heights Market H-E-B,999 EAST BASSE ROAD,SAN ANTONIO,TX,78209-1804,29.49669647216797,-98.46820068359375,Overture Places 2026-07-22.0,2026-07-22,open,packet_ready,primary_store_candidate
H-E-B,f7e1590a-050d-4b5e-8340-86f63ba7e45c,San Benito H-E-B,1095 WEST BUSINESS 77,SAN BENITO,TX,78586-4395,26.143917083740234,-97.63396453857422,Overture Places 2026-07-22.0,2026-07-22,open,packet_ready,primary_store_candidate
H-E-B,9a8ee701-b4ad-49ad-96ef-a43474326dfa,West Hopkins H-E-B,200 WEST HOPKINS ST.,SAN MARCOS,TX,78666-5615,29.883047103881836,-97.94293212890625,Overture Places 2026-07-22.0,2026-07-22,open,packet_ready,primary_store_candidate
H-E-B,00767ceb-0647-4764-8ed4-d35f867c7d2e,Sawdust Rd and 45 H-E-B,130 SAWDUST ROAD,SPRING,TX,77380-2272,30.127666473388672,-95.44572448730469,Overture Places 2026-07-22.0,2026-07-22,open,packet_ready,primary_store_candidate
H-E-B,e3e7f461-a1f3-47f0-89bf-82b5703ada38,Spring Market H-E-B,2121 FM 2920,SPRING,TX,77388-3412,30.068696975708008,-95.44989013671875,Overture Places 2026-07-22.0,2026-07-22,open,packet_ready,primary_store_candidate
H-E-B,40636916-3702-4989-a790-918e9af00511,Sugar Land Market H-E-B,530 HWY 6,SUGAR LAND,TX,77478-4947,29.60788917541504,-95.6459732055664,Overture Places 2026-07-22.0,2026-07-22,open,packet_ready,primary_store_candidate
H-E-B,19dd3de5-1f6c-40b2-ab4d-5fc5f64ee5b8,H-E-B,3301 Sherwood Way,San Angelo,TX,76901-3528,31.443918228149414,-100.47871398925781,Overture Places 2026-07-22.0,2026-07-22,open,packet_ready,primary_store_candidate
H-E-B,024d7fc9-baed-447d-bb30-35860b6aa89b,H-E-B,5502 Sherwood Way,San Angelo,TX,76901-5609,31.4312801361084,-100.51104736328125,Overture Places 2026-07-22.0,2026-07-22,open,packet_ready,primary_store_candidate
H-E-B,76968b92-73e4-411c-b5e8-8e8dc27dead6,H-E-B,1015 S WW White Rd,San Antonio,TX,78220-2530,29.414827346801758,-98.40657806396484,Overture Places 2026-07-22.0,2026-07-22,open,packet_ready,primary_store_candidate
H-E-B,e6aaebdc-8069-49ea-82d2-2e6b54b90cb8,HEB,10660 Culebra Rd,San Antonio,TX,78251-1320,29.491130828857422,-98.70260620117188,Overture Places 2026-07-22.0,2026-07-22,open,packet_ready,primary_store_candidate
H-E-B,dc357132-3d6a-4fb5-a1cb-ebee5f78ec30,H-E-B Bakery,10718 Potranco Rd,San Antonio,TX,78251-3313,29.4338321685791,-98.70386505126953,Overture Places 2026-07-22.0,2026-07-22,open,packet_ready,primary_store_candidate
H-E-B,25158457-04d6-4810-a901-2d3b1aceb69e,H-E-B,108 N Rosillo St,San Antonio,TX,78207,29.428333282470703,-98.52407836914062,Overture Places 2026-07-22.0,2026-07-22,open,packet_ready,primary_store_candidate
H-E-B,72a7e8f8-2840-4e09-af94-9f9e6742744b,H-E-B,11551 Blanco Rd.,San Antonio,TX,78217,29.528362274169922,-98.43518829345703,Overture Places 2026-07-22.0,2026-07-22,open,packet_ready,primary_store_candidate
H-E-B,b0d02afe-a316-4ab4-afb9-9e8b5ec84657,H-E-B,11551 West Ave,San Antonio,TX,78213-1343,29.546985626220703,-98.5108413696289,Overture Places 2026-07-22.0,2026-07-22,open,packet_ready,primary_store_candidate
H-E-B,909f7c3d-8582-4a8d-9c21-8e401abc0af4,H-E-B,12018 Perrin Beitel Rd,San Antonio,TX,78217-2116,29.549020767211914,-98.40735626220703,Overture Places 2026-07-22.0,2026-07-22,open,packet_ready,primary_store_candidate
H-E-B,c9d924e0-60d3-4adf-90fd-10b424c3cdae,H-E-B,12125 Alamo Ranch Pkwy,San Antonio,TX,78253-4334,29.486339569091797,-98.73059844970703,Overture Places 2026-07-22.0,2026-07-22,open,packet_ready,primary_store_candidate
H-E-B,e35ce967-ee1a-4569-bf4a-5254dcad76f5,H-E-B,12777 W Ih 10,San Antonio,TX,78230-1014,29.562063217163086,-98.58810424804688,Overture Places 2026-07-22.0,2026-07-22,open,packet_ready,primary_store_candidate
H-E-B,b0b50c7e-08ac-4b0d-bd67-2a74907489c6,H-E-B,14087 Oconnor Rd,San Antonio,TX,78247-1979,29.5696964263916,-98.38677978515625,Overture Places 2026-07-22.0,2026-07-22,open,packet_ready,primary_store_candidate
H-E-B,e5bd4c85-19ac-419a-b858-5b46b946a380,H-E-B,14325 Potranco Rd,San Antonio,TX,78253-7121,29.423065185546875,-98.7799301147461,Overture Places 2026-07-22.0,2026-07-22,open,packet_ready,primary_store_candidate
H-E-B,f8c2895a-608b-40ea-adfe-ccea163fb7c0,H-E-B,15000 San Pedro Ave,San Antonio,TX,78232-3714,29.577991485595703,-98.4765625,Overture Places 2026-07-22.0,2026-07-22,open,packet_ready,primary_store_candidate
H-E-B,5ceae676-b597-4638-a9f4-fb23dce7496d,H-E-B,1520 Austin Hwy,San Antonio,TX,78218-6039,29.493701934814453,-98.43132781982422,Overture Places 2026-07-22.0,2026-07-22,open,packet_ready,primary_store_candidate
H-E-B,9861967e-1be5-4a9e-a49e-50f5159b61d6,HEB,17238 Bulverde Rd,San Antonio,TX,78247,29.5954532623291,-98.41747283935547,Overture Places 2026-07-22.0,2026-07-22,open,packet_ready,primary_store_candidate
H-E-B,30222adf-6d8e-4542-8284-052377d81201,H-E-B Fuel,17399 Classen Rd,San Antonio,TX,78247,29.596755981445312,-98.41692352294922,Overture Places 2026-07-22.0,2026-07-22,open,exclude,brand_false_positive
H-E-B,6e038b96-4785-47e5-ad9e-e3998b0359ef,H-E-B,18140 San Pedro Ave,San Antonio,TX,78232-1421,29.60685920715332,-98.4668960571289,Overture Places 2026-07-22.0,2026-07-22,open,packet_ready,primary_store_candidate
H-E-B,85e20428-ade9-49d7-86f1-17c06c9c28ce,H-E-B,1955 Nacogdoches Rd,San Antonio,TX,78209-2217,29.50750160217285,-98.45832061767578,Overture Places 2026-07-22.0,2026-07-22,open,packet_ready,primary_store_candidate
H-E-B,eacc1060-5f4f-4fee-948d-be78d26fa613,H-E-B plus,20935 US Highway 281 N,San Antonio,TX,78258-7589,29.64101791381836,-98.45729064941406,Overture Places 2026-07-22.0,2026-07-22,open,packet_ready,primary_store_candidate
H-E-B,349b3488-3b54-419e-9e16-aa5d265574bb,H-E-B,2130 Culebra Rd,San Antonio,TX,78228-6308,29.446069717407227,-98.54248809814453,Overture Places 2026-07-22.0,2026-07-22,open,packet_ready,primary_store_candidate
H-E-B,750cc056-ef0c-4040-9452-9165f7216d2d,H-E-B,23635 Wilderness Oak,San Antonio,TX,78258-3570,29.662002563476562,-98.50064086914062,Overture Places 2026-07-22.0,2026-07-22,open,packet_ready,primary_store_candidate
H-E-B,cd2806e8-2150-42aa-ab8d-bf2ddbf58717,H-E-B,24165 W Ih 10,San Antonio,TX,78257-1109,29.664737701416016,-98.63406372070312,Overture Places 2026-07-22.0,2026-07-22,open,packet_ready,primary_store_candidate
H-E-B,f8e9353a-0024-4713-9867-f6e15b9d2deb,H-E-B,2929 Thousand Oaks Dr,San Antonio,TX,78247-3312,29.576969146728516,-98.43926239013672,Overture Places 2026-07-22.0,2026-07-22,open,packet_ready,primary_store_candidate
H-E-B,fc0ccb5d-8383-46ed-870b-5c9626c0cb82,H-E-B Bakery,300 W Olmos Dr,San Antonio,TX,78212-1958,29.470008850097656,-98.49645233154297,Overture Places 2026-07-22.0,2026-07-22,open,packet_ready,primary_store_candidate
H-E-B,bd87a5ff-b69a-4c9b-8918-e1dc943f10e3,H-E-B,3323 SE Military Dr,San Antonio,TX,78223-3814,29.35395050048828,-98.43365478515625,Overture Places 2026-07-22.0,2026-07-22,open,packet_ready,primary_store_candidate
H-E-B,70540d55-a3c1-47b3-93a2-c53184d44415,H-E-B,368 Valley Hi Dr,San Antonio,TX,78227-4602,29.37983512878418,-98.63672637939453,Overture Places 2026-07-22.0,2026-07-22,open,packet_ready,primary_store_candidate
H-E-B,f8db47bb-db44-4217-8f7b-4cfb75cd0351,H-E-B plus!,4100 S New Braunfels Ave,San Antonio,TX,78223-1718,29.379934310913086,-98.4579086303711,Overture Places 2026-07-22.0,2026-07-22,open,packet_ready,primary_store_candidate
H-E-B,a6adf307-e8b7-47f7-87dc-844bc8c85650,HEB,415 N New Braunfels Ave,San Antonio,TX,78202-3050,29.424741744995117,-98.4626235961914,Overture Places 2026-07-22.0,2026-07-22,open,packet_ready,primary_store_candidate
H-E-B,c0d8ecca-f71b-4988-a621-9e410299c635,H-E-B Ice Cream Plant,4931 Space Center Dr,San Antonio,TX,78218-5327,29.476335525512695,-98.39956665039062,Overture Places 2026-07-22.0,2026-07-22,open,packet_ready,primary_store_candidate
H-E-B,d25d7837-d54c-44d7-ab62-367c2e0b4032,H-E-B ATM,5103 Rittiman Rd,San Antonio,TX,78218-4640,29.485923767089844,-98.389404296875,Overture Places 2026-07-22.0,2026-07-22,open,packet_ready,primary_store_candidate
H-E-B,7bd75239-8362-408c-9c78-6b06fe030bf1,H-E-B,516 S Flores St,San Antonio,TX,78204-1217,29.41916275024414,-98.4964828491211,Overture Places 2026-07-22.0,2026-07-22,open,packet_ready,primary_store_candidate
H-E-B,e1b7fb8d-981b-4bf1-ba2d-0ee0365146d4,H-E-B,5601 Bandera Rd,San Antonio,TX,78238-1979,29.481975555419922,-98.59453582763672,Overture Places 2026-07-22.0,2026-07-22,open,packet_ready,primary_store_candidate
H-E-B,a21af056-907c-4504-a042-73f341ae5b8e,H-E-B,5910 Babcock Rd,San Antonio,TX,78240-2481,29.526660919189453,-98.60364532470703,Overture Places 2026-07-22.0,2026-07-22,open,packet_ready,primary_store_candidate
H-E-B,ed97b77e-e5d2-401c-82bf-110b553e6f07,H-E-B,6000 West Ave,San Antonio,TX,78213-2714,29.514911651611328,-98.52458190917969,Overture Places 2026-07-22.0,2026-07-22,open,packet_ready,primary_store_candidate
H-E-B,8bb87f60-4e2d-44e9-8318-bb674484ce9b,H-E-B,6030 Montgomery Rd,San Antonio,TX,78239-3233,29.509138107299805,-98.36980438232422,Overture Places 2026-07-22.0,2026-07-22,open,packet_ready,primary_store_candidate
H-E-B,209545ee-332f-420d-84dc-08d65b00a794,H-E-B Headquarters,646 S Flores St,San Antonio,TX,78204-1219,29.41712188720703,-98.49542999267578,Overture Places 2026-07-22.0,2026-07-22,open,packet_ready,primary_store_candidate
H-E-B,4a7ce18d-5ad1-4b35-9bed-e98ca5590cfb,H-E-B plus!,6818 S Zarzamora St,San Antonio,TX,78224-1136,29.36052894592285,-98.53303527832031,Overture Places 2026-07-22.0,2026-07-22,open,packet_ready,primary_store_candidate
H-E-B,07c2d64a-30e3-49d5-9f64-aa229f95d515,H-E-B,721 Castroville Rd,San Antonio,TX,78237-3134,29.4180850982666,-98.55418395996094,Overture Places 2026-07-22.0,2026-07-22,open,packet_ready,primary_store_candidate
H-E-B,00be9947-606c-4e95-8f4e-e5dae4f3d727,H-E-B,735 SW Military Dr,San Antonio,TX,78221-1665,29.357959747314453,-98.50237274169922,Overture Places 2026-07-22.0,2026-07-22,open,packet_ready,primary_store_candidate
H-E-B,767fa3f2-d240-483e-8ae4-8565ee9446ef,H-E-B,7951 Guilbeau Rd,San Antonio,TX,78250-3232,29.51996612548828,-98.64384460449219,Overture Places 2026-07-22.0,2026-07-22,open,packet_ready,primary_store_candidate
H-E-B,d889c044-a274-4dfc-9559-c391e47183cc,H-E-B,8503 NW Military Hwy,San Antonio,TX,78231-1841,29.55281639099121,-98.53424835205078,Overture Places 2026-07-22.0,2026-07-22,open,packet_ready,primary_store_candidate
H-E-B,13d8dd27-d9b7-44b3-a721-0677b36b5a71,H-E-B plus!,9238 N Loop 1604 W,San Antonio,TX,78249-3526,29.55486297607422,-98.66287231445312,Overture Places 2026-07-22.0,2026-07-22,open,packet_ready,primary_store_candidate
H-E-B,307a8296-9c02-49c4-a4c9-4416f243d00d,H-E-B,9238 N Point Dr,San Antonio,TX,78266-2660,29.716333389282227,-98.30329895019531,Overture Places 2026-07-22.0,2026-07-22,open,packet_ready,primary_store_candidate
H-E-B,07322ca9-1543-4b72-8663-b6fd124588a1,HEB,9255 Grissom Rd,San Antonio,TX,78251-2805,29.485416412353516,-98.66414642333984,Overture Places 2026-07-22.0,2026-07-22,open,packet_ready,primary_store_candidate
H-E-B,10cb9613-66cb-46b6-9d2d-98b081529b22,H-E-B,9900 Wurzbach Rd,San Antonio,TX,78230-2212,29.53141212463379,-98.55988311767578,Overture Places 2026-07-22.0,2026-07-22,open,packet_ready,primary_store_candidate
H-E-B,03c465b2-8ea7-47b4-bfd4-6edc9680a6d2,H-E-B,999 E Basse Rd,San Antonio,TX,78209-1801,29.498153686523438,-98.4684829711914,Overture Places 2026-07-22.0,2026-07-22,open,packet_ready,primary_store_candidate
H-E-B,fb060f69-8b4e-4bb2-baf9-83ef97e86250,H-E-B,1095 W US Highway 77,San Benito,TX,78586-4395,26.143686294555664,-97.63694763183594,Overture Places 2026-07-22.0,2026-07-22,open,packet_ready,primary_store_candidate
H-E-B,90455d41-d5a0-4770-82c0-e4e0ee0cd85b,H-E-B,200 W Hopkins St,San Marcos,TX,78666-5615,29.883344650268555,-97.94304656982422,Overture Places 2026-07-22.0,2026-07-22,open,packet_ready,primary_store_candidate
H-E-B,eceb3212-941f-4175-802c-267063f2ccf0,H-E-B,641 E Hopkins St,San Marcos,TX,78666,29.887359619140625,-97.92646026611328,Overture Places 2026-07-22.0,2026-07-22,open,packet_ready,primary_store_candidate
H-E-B,522347dc-b2d7-4b46-b412-6aa53a60f7ef,H-E-B,4206 Avenue T,Santa Fe,TX,77510,29.380266189575195,-95.10745239257812,Overture Places 2026-07-22.0,2026-07-22,open,packet_ready,primary_store_candidate
H-E-B,f13bfe44-8c65-4d8b-9224-3ada9fe53267,H-E-B,17460 Interstate 35 N,Schertz,TX,78154-1209,29.597017288208008,-98.27753448486328,Overture Places 2026-07-22.0,2026-07-22,open,packet_ready,primary_store_candidate
H-E-B,73998592-77e8-4a1b-90a6-9e7f3ad188d9,H-E-B,1340 E Court St,Seguin,TX,78155-5131,29.570642471313477,-97.94367980957031,Overture Places 2026-07-22.0,2026-07-22,open,packet_ready,primary_store_candidate
H-E-B,92c22b95-a840-41cb-9176-8f424bfb9f2f,H-E-B,106 S San Patricio St,Sinton,TX,78387-2415,28.03579330444336,-97.51724243164062,Overture Places 2026-07-22.0,2026-07-22,open,packet_ready,primary_store_candidate
H-E-B,14756918-bdcf-459e-8229-3613839895af,H-E-B,130 Sawdust Rd,Spring,TX,77380-2272,30.127641677856445,-95.44572448730469,Overture Places 2026-07-22.0,2026-07-22,open,packet_ready,primary_store_candidate
H-E-B,cb3872a3-7edc-4a78-9a24-88097079cace,H-E-B,20311 Champion Forest Dr,Spring,TX,77379-8693,30.054594039916992,-95.5757064819336,Overture Places 2026-07-22.0,2026-07-22,open,packet_ready,primary_store_candidate
H-E-B,0b17ad25-bda9-4eae-a333-d470fdc12499,HEB,3540 Rayford Rd,Spring,TX,77386-4343,30.10774040222168,-95.38745880126953,Overture Places 2026-07-22.0,2026-07-22,open,packet_ready,primary_store_candidate
H-E-B,effc0cfd-ef4f-44ac-8eb2-10d9aeea4bca,H-E-B,5251 FM 2920 Rd,Spring,TX,77388-3004,30.07182502746582,-95.50176239013672,Overture Places 2026-07-22.0,2026-07-22,open,packet_ready,primary_store_candidate
H-E-B,f09c0b0d-9f2b-42d1-a328-750833051ed5,H-E-B,7638 Spring-Cypress Rd,Spring,TX,77379-3113,30.044389724731445,-95.5420150756836,Overture Places 2026-07-22.0,2026-07-22,open,packet_ready,primary_store_candidate
H-E-B,87368d7a-95cf-400f-8845-d9d0d6162523,H-E-B plus!,20725 State Highway 46 W,Spring Branch,TX,78070-6202,29.79608726501465,-98.42999267578125,Overture Places 2026-07-22.0,2026-07-22,open,packet_ready,primary_store_candidate
H-E-B,7557d3da-a786-4be5-afb2-6076eed6777f,H-E-B,2150 W Washington St,Stephenville,TX,76401-3928,32.20828628540039,-98.2253189086914,Overture Places 2026-07-22.0,2026-07-22,open,packet_ready,primary_store_candidate
H-E-B,6dfc405e-b486-4c22-82a9-ae3c8d55e3e9,HEB,19900 Southwest Fwy,Sugar Land,TX,77479-6505,29.565031051635742,-95.68533325195312,Overture Places 2026-07-22.0,2026-07-22,open,packet_ready,primary_store_candidate
H-E-B,b50b3ec4-4a1d-46ff-a724-4d6a8ce07665,Adams and 25th St H-E-B,1314 WEST ADAMS,TEMPLE,TX,76504-2448,31.101526260375977,-97.3537826538086,Overture Places 2026-07-22.0,2026-07-22,open,packet_ready,primary_store_candidate
H-E-B,acd3daa4-ac32-4929-8d9e-ad666848be70,Market Place H-E-B,3002 S 31 ST,TEMPLE,TX,76502-1802,31.071956634521484,-97.37016296386719,Overture Places 2026-07-22.0,2026-07-22,open,packet_ready,primary_store_candidate
H-E-B,3e28bbd4-15e0-43a7-a0de-eaf7ffda769d,Texas City H-E-B,3502 PALMER HIGHWAY,TEXAS CITY,TX,77590-6548,29.395349502563477,-94.94894409179688,Overture Places 2026-07-22.0,2026-07-22,open,packet_ready,primary_store_candidate
H-E-B,6b65da9b-67b7-4ec6-a0a8-dc9113c29a5d,North Woodlands Market H-E-B,3601 FM 1488,THE WOODLANDS,TX,77384-3943,30.225929260253906,-95.51969146728516,Overture Places 2026-07-22.0,2026-07-22,open,packet_ready,primary_store_candidate
H-E-B,fda70dfb-28e3-412c-ab8e-2addce2baf95,Creekside Park H-E-B,26500 KUYKENDAHL RD,TOMBALL,TX,77375-1478,30.143619537353516,-95.55072021484375,Overture Places 2026-07-22.0,2026-07-22,open,packet_ready,primary_store_candidate
H-E-B,9d65a0ed-4502-4e94-8001-219e5c1d14bb,Tomball Pkwy and Graham H-E-B,28520 TOMBALL PARKWAY,TOMBALL,TX,77375-4546,30.08946990966797,-95.6291732788086,Overture Places 2026-07-22.0,2026-07-22,open,packet_ready,primary_store_candidate
H-E-B,9fb61278-f8d9-4222-8ce4-b31af8a74e56,HEB,100 Carlos G Parker Blvd NW,Taylor,TX,76574-7059,30.60246467590332,-97.4185562133789,Overture Places 2026-07-22.0,2026-07-22,open,packet_ready,primary_store_candidate
H-E-B,264023d7-2a2d-4637-9cd5-44d8b6591178,H-E-B,1314 W Adams Ave,Temple,TX,76504-2448,31.10219955444336,-97.35340118408203,Overture Places 2026-07-22.0,2026-07-22,open,packet_ready,primary_store_candidate
H-E-B,70e71782-e88a-4c44-80dc-58ea2fafac06,H-E-B,3002 S 31st St,Temple,TX,76502-1802,31.071918487548828,-97.37010955810547,Overture Places 2026-07-22.0,2026-07-22,open,packet_ready,primary_store_candidate
H-E-B,8f1e2aba-f918-43ab-9be0-38eb0fed109d,H-E-B,2501 Palmer Hwy,Texas City,TX,77590-7000,29.39458656311035,-94.93101501464844,Overture Places 2026-07-22.0,2026-07-22,open,packet_ready,primary_store_candidate
H-E-B,442d8e3f-55d2-46ff-b6c8-8bd2781c8946,H-E-B,3502 Palmer Hwy,Texas City,TX,77590-6514,29.39719581604004,-94.9496078491211,Overture Places 2026-07-22.0,2026-07-22,open,packet_ready,primary_store_candidate
H-E-B,f2ad8e3f-2b33-4f3f-84a9-153226fbdd5f,H-E-B,10777 Kuykendahl Rd,The Woodlands,TX,77382-2772,30.179088592529297,-95.53839111328125,Overture Places 2026-07-22.0,2026-07-22,open,packet_ready,primary_store_candidate
H-E-B,a5d9dff8-41bc-4312-86e2-6583b9a4c068,H-E-B,9595 Six Pines Dr,The Woodlands,TX,77380-1516,30.163673400878906,-95.466796875,Overture Places 2026-07-22.0,2026-07-22,open,packet_ready,primary_store_candidate
H-E-B,2597cbe1-51bd-4e4c-8286-2deb0c2089a3,HEB,26500 Kuykendahl Rd,Tomball,TX,77375-1478,30.14451026916504,-95.54960632324219,Overture Places 2026-07-22.0,2026-07-22,open,packet_ready,primary_store_candidate
H-E-B,bb015244-9362-445e-86f3-fe22d5b07911,H-E-B,28520 Tomball Pkwy,Tomball,TX,77375-3512,30.088651657104492,-95.62923431396484,Overture Places 2026-07-22.0,2026-07-22,open,packet_ready,primary_store_candidate
H-E-B,b7fc6616-5db5-4060-9df0-f50c5c38d610,Kitty Hawk H-E-B,910 KITTY HAWK ROAD,UNIVERSAL CITY,TX,78148-3806,29.547657012939453,-98.31298065185547,Overture Places 2026-07-22.0,2026-07-22,open,packet_ready,primary_store_candidate
H-E-B,8dd480e3-7a68-4478-810e-6c602dd9be95,Uvalde H-E-B,201 EAST MAIN,UVALDE,TX,78801-5638,29.209646224975586,-99.7833023071289,Overture Places 2026-07-22.0,2026-07-22,open,packet_ready,primary_store_candidate
H-E-B,3d930cc3-3321-469c-b03c-f02c85ce96e9,H-E-B,910 Kitty Hawk Rd,Universal City,TX,78148-3806,29.545957565307617,-98.31189727783203,Overture Places 2026-07-22.0,2026-07-22,open,packet_ready,primary_store_candidate
H-E-B,2b91e171-1924-4dbe-82b0-deb8ab1c94fa,59 and Laurent H-E-B,1505 EAST RIO GRANDE,VICTORIA,TX,77901-6220,28.806196212768555,-96.9896011352539,Overture Places 2026-07-22.0,2026-07-22,open,packet_ready,primary_store_candidate
H-E-B,aa3e10ab-ec6c-4e1d-8f37-178125b53773,H-E-B,1505 E Rio Grande St,Victoria,TX,77901-7396,28.805416107177734,-96.98838806152344,Overture Places 2026-07-22.0,2026-07-22,open,packet_ready,primary_store_candidate
H-E-B,70e7d381-ec0b-4d65-82cb-0146b0cbef80,H-E-B plus!,6106 N Navarro St,Victoria,TX,77904-1769,28.851722717285156,-96.9949722290039,Overture Places 2026-07-22.0,2026-07-22,open,packet_ready,primary_store_candidate
H-E-B,ebc6386b-fdc7-4d0c-ae9d-3020a7cf9957,19th and Meridian H-E-B,3801 N 19TH ST.,WACO,TX,76708-1675,31.58039665222168,-97.17256164550781,Overture Places 2026-07-22.0,2026-07-22,open,packet_ready,primary_store_candidate
H-E-B,4fb3ce71-8ce2-4d50-bb71-a37e1b4290e3,El Dorado H-E-B,18611 EASTFIELD DR,WEBSTER,TX,77598-1303,29.551166534423828,-95.14874267578125,Overture Places 2026-07-22.0,2026-07-22,open,packet_ready,primary_store_candidate
H-E-B,1ea1036e-24d5-4285-be90-1f8f35928e2e,83 and Westgate H-E-B,310 N. WESTGATE DRIVE,WESLACO,TX,78596-2700,26.164949417114258,-98.00130462646484,Overture Places 2026-07-22.0,2026-07-22,open,packet_ready,primary_store_candidate
H-E-B,e5cd119c-87ab-4c01-9800-2af3aa1cfdb5,West Columbia H-E-B,110 W BRAZOS ST,WEST COLUMBIA,TX,77486-2606,29.145469665527344,-95.64894104003906,Overture Places 2026-07-22.0,2026-07-22,open,packet_ready,primary_store_candidate
H-E-B,6f37324c-425d-4de9-9a93-5ec23a556dce,Westlake H-E-B,701 S CAPITAL OF TX HWY BLDG C,WEST LAKE HILLS,TX,78746-5256,30.291589736938477,-97.82498168945312,Overture Places 2026-07-22.0,2026-07-22,open,packet_ready,primary_store_candidate
H-E-B,1d557103-4010-4732-b7e0-21aeadc5b554,H-E-B Willis,12350 INTERSTATE 45 N,WILLIS,TX,77378-9999,30.419937133789062,-95.48808288574219,Overture Places 2026-07-22.0,2026-07-22,open,packet_ready,primary_store_candidate
H-E-B,72afa6ee-f501-48a7-9846-5304330608f4,H-E-B,1301 Wooded Acres Dr,Waco,TX,76710-4437,31.53394889831543,-97.18830108642578,Overture Places 2026-07-22.0,2026-07-22,open,packet_ready,primary_store_candidate
H-E-B,01ad52f3-05cc-4583-8cbf-c5196904c92b,H-E-B plus!,1821 S Valley Mills Dr,Waco,TX,76711-2118,31.52304458618164,-97.13709259033203,Overture Places 2026-07-22.0,2026-07-22,open,packet_ready,primary_store_candidate
H-E-B,d9e9fb9a-dabe-4c51-9fa3-052f46c68c86,H-E-B,3801 N 19th St,Waco,TX,76708-1675,31.581161499023438,-97.17183685302734,Overture Places 2026-07-22.0,2026-07-22,open,packet_ready,primary_store_candidate
H-E-B,f33add34-ee17-4d32-ab99-06ca81899492,H-E-B,800 N Highway 77,Waxahachie,TX,75165-1118,32.411720275878906,-96.8401870727539,Overture Places 2026-07-22.0,2026-07-22,open,packet_ready,primary_store_candidate
H-E-B,10d9f562-9f65-430b-afc1-d544f0cc8f97,HEB,1100 Panther Dr,Weslaco,TX,78596-2701,26.164953231811523,-98.00129699707031,Overture Places 2026-07-22.0,2026-07-22,open,packet_ready,primary_store_candidate
H-E-B,f9c17293-1c3f-449c-b895-938dc2425343,H-E-B,310 N Westgate Dr,Weslaco,TX,78596-2700,26.163545608520508,-98.00495910644531,Overture Places 2026-07-22.0,2026-07-22,open,packet_ready,primary_store_candidate
H-E-B,3dd50169-e5dc-4352-8e4f-41e216f41384,H-E-B,110 W Brazos Ave,West Columbia,TX,77486-2606,29.14540672302246,-95.64835357666016,Overture Places 2026-07-22.0,2026-07-22,open,packet_ready,primary_store_candidate
H-E-B,dacc4672-5068-4342-9041-5feab7d9ac62,H-E-B Pharmacy,701 S Capital of Texas Hwy,West Lake Hills,TX,78746-0048,30.29156494140625,-97.8250961303711,Overture Places 2026-07-22.0,2026-07-22,open,exclude,brand_false_positive
H-E-B,c8f34b9d-3840-45fa-a823-09da76e0b8d2,H-E-B Pharmacy,1616 N Alabama Rd,Wharton,TX,77488-3204,29.321914672851562,-96.08365631103516,Overture Places 2026-07-22.0,2026-07-22,open,exclude,brand_false_positive
H-E-B,dffbd2a2-5ae8-416b-9175-8f3fed7e0230,H-E-B Pharmacy,12350 I-45 N,Willis,TX,77378-4734,30.420074462890625,-95.48873138427734,Overture Places 2026-07-22.0,2026-07-22,open,exclude,brand_false_positive
H-E-B,7a55b44a-140e-45ce-9f2f-60411774fb32,H-E-B,14501 Ranch Road 12,Wimberley,TX,78676-6215,30.002151489257812,-98.10283660888672,Overture Places 2026-07-22.0,2026-07-22,open,packet_ready,primary_store_candidate
H-E-B,1ed5bc25-2ef6-401d-a556-30072c354d9d,H-E-B plus!,9100 Woodway Dr,Woodway,TX,76712-3371,31.495140075683594,-97.22183990478516,Overture Places 2026-07-22.0,2026-07-22,open,packet_ready,primary_store_candidate
H-E-B,7e0c0e46-9a37-4542-b363-5a23149626ee,H-E-B,201 W Gonzales St,Yoakum,TX,77995-2719,29.29303550720215,-97.14928436279297,Overture Places 2026-07-22.0,2026-07-22,open,packet_ready,primary_store_candidate
Kroger,862e8597-fc4e-427e-af16-e30c40918f02,Kroger,3770 Belt Line Rd,Addison,TX,75001-4301,32.950538635253906,-96.85285949707031,Overture Places 2026-07-22.0,2026-07-22,open,packet_ready,primary_store_candidate
Kroger,d9e7334d-c3a3-4706-bd8b-c7aa68c1e8da,Kroger,1212 E Bethany Dr,Allen,TX,75002-5843,33.08266830444336,-96.6449203491211,Overture Places 2026-07-22.0,2026-07-22,open,packet_ready,primary_store_candidate
Kroger,eff5930c-8ee7-4173-a064-5a07ed0607e0,Kroger Pharmacy,1212 E Bethany Dr,Allen,TX,75002-5843,33.08283233642578,-96.64429473876953,Overture Places 2026-07-22.0,2026-07-22,open,exclude,brand_false_positive
Kroger,9a4f8f52-fbbc-4594-8584-39cec4867f15,Kroger Fuel Center,1318 W McDermott Dr,Allen,TX,75013-2844,33.10120391845703,-96.70035552978516,Overture Places 2026-07-22.0,2026-07-22,open,exclude,brand_false_positive
Kroger,abfedcf6-9e3f-437e-910c-d4c44556db32,Kroger Pharmacy,3100 S Gordon St,Alvin,TX,77511-4790,29.398405075073242,-95.24929809570312,Overture Places 2026-07-22.0,2026-07-22,open,exclude,brand_false_positive
Kroger,e5dc89b0-2c09-4cb9-8893-2cfe58bb6287,Kroger Fuel Center,3100 S Gordon St,Alvin,TX,77511-4790,29.398784637451172,-95.24793243408203,Overture Places 2026-07-22.0,2026-07-22,open,exclude,brand_false_positive
Kroger,b4524642-5051-4c90-ba8c-9c62fefb9ff3,Kroger,1804 N Velasco St,Angleton,TX,77515-3015,29.183626174926758,-95.43108367919922,Overture Places 2026-07-22.0,2026-07-22,open,packet_ready,primary_store_candidate
Kroger,c8906768-01bc-450e-a243-aedee31b1429,Kroger Pharmacy,3400 FM-407 E,Argyle,TX,76226-9707,33.074806213378906,-97.1301040649414,Overture Places 2026-07-22.0,2026-07-22,open,exclude,brand_false_positive
Kroger,de47c05c-0745-4805-9c8a-23baa46d3006,Kroger Marketplace,3400 FM-407 E,Argyle,TX,76226-9707,33.074989318847656,-97.13011932373047,Overture Places 2026-07-22.0,2026-07-22,open,packet_ready,primary_store_candidate
Kroger,98733d45-ae20-4e49-b62c-3da272d89ef3,Kroger,2210 S Fielder Rd,Arlington,TX,76013-6258,32.7079963684082,-97.13359069824219,Overture Places 2026-07-22.0,2026-07-22,open,packet_ready,primary_store_candidate
Kroger,00710a97-cece-4ce4-99c7-f53d9f691a39,Kroger Pharmacy,2350 SE Green Oaks Blvd,Arlington,TX,76018-0917,32.659358978271484,-97.06610870361328,Overture Places 2026-07-22.0,2026-07-22,open,exclude,brand_false_positive
Kroger,0115828f-2ac2-4cb6-ae07-8464819b20d1,Kroger,2350 SE Green Oaks Blvd,Arlington,TX,76018-0917,32.659339904785156,-97.06619262695312,Overture Places 2026-07-22.0,2026-07-22,open,packet_ready,primary_store_candidate
Kroger,f0c62900-e874-46e8-9c49-d6f41bcde2e9,Kroger,2475 Ascension Blvd,Arlington,TX,76006-4205,32.77490234375,-97.0819091796875,Overture Places 2026-07-22.0,2026-07-22,open,packet_ready,primary_store_candidate
Kroger,7952977c-4317-42cd-92bb-3da88afc68f2,Kroger,2580 E Arkansas Ln,Arlington,TX,76014-1706,32.70470428466797,-97.06500244140625,Overture Places 2026-07-22.0,2026-07-22,open,packet_ready,primary_store_candidate
Kroger,d12c767d-443a-414a-b0ab-30fd6042ae04,Kroger Pharmacy,301 S Bowen Rd,Arlington,TX,76013-1255,32.73301315307617,-97.148681640625,Overture Places 2026-07-22.0,2026-07-22,open,exclude,brand_false_positive
Kroger,db2e7d14-c2c4-44df-8a4f-2ea151551a6d,Kroger,301 S Bowen Rd,Arlington,TX,76013-1255,32.733211517333984,-97.14867401123047,Overture Places 2026-07-22.0,2026-07-22,open,packet_ready,primary_store_candidate
Kroger,20b071c3-b4a1-4870-a5e6-5420c01f7306,Kroger,5330 S Cooper St,Arlington,TX,76017-5938,32.660606384277344,-97.13594055175781,Overture Places 2026-07-22.0,2026-07-22,open,packet_ready,primary_store_candidate
Kroger,6fa4a2ae-792b-49d2-a17a-67fd51e60292,Kroger,5701 W Pleasant Ridge Rd,Arlington,TX,76016-4424,32.68284225463867,-97.1934585571289,Overture Places 2026-07-22.0,2026-07-22,open,packet_ready,primary_store_candidate
Kroger,4817c99a-d29a-40df-ba81-7ae23539fb55,Kroger Pharmacy,11925 Elam Rd,Balch Springs,TX,75180-2820,32.72010803222656,-96.62075805664062,Overture Places 2026-07-22.0,2026-07-22,open,exclude,brand_false_positive
Kroger,d64e15d3-c378-4b13-9673-05d1fafbc11b,Kroger,11925 Elam Rd,Balch Springs,TX,75180-2820,32.72018051147461,-96.62076568603516,Overture Places 2026-07-22.0,2026-07-22,open,packet_ready,primary_store_candidate
Kroger,339d741d-0fda-44ce-9fe1-8f76e99c2537,Kroger,4533 Garth Rd,Baytown,TX,77521-2123,29.77150535583496,-94.97883605957031,Overture Places 2026-07-22.0,2026-07-22,open,packet_ready,primary_store_candidate
Kroger,2c6f754b-7334-422e-876c-7465d107489d,Kroger,6315 Garth Rd,Baytown,TX,77521-9686,29.792442321777344,-94.98281860351562,Overture Places 2026-07-22.0,2026-07-22,open,packet_ready,primary_store_candidate
Kroger,33ba1bdf-2071-455c-af37-7f4018833cd8,Kroger Floral,6315 Garth Rd,Baytown,TX,77521-9686,29.792387008666992,-94.9828109741211,Overture Places 2026-07-22.0,2026-07-22,open,exclude,brand_false_positive
Kroger,f9251f3c-dae6-4cb7-bce4-4f8a4ceb6259,Kroger,3845 Phelan Blvd,Beaumont,TX,77707-2243,30.08331298828125,-94.14236450195312,Overture Places 2026-07-22.0,2026-07-22,open,packet_ready,primary_store_candidate
Kroger,1179d8bf-171d-495b-8f9b-8c3fc7675fc3,Kroger Pharmacy,3965 N Dowlen Rd,Beaumont,TX,77706-6617,30.116910934448242,-94.170654296875,Overture Places 2026-07-22.0,2026-07-22,open,exclude,brand_false_positive
Kroger,74eccca3-082e-4382-8722-252d139c4361,Kroger,3965 N Dowlen Rd,Beaumont,TX,77706-6617,30.11681365966797,-94.17071533203125,Overture Places 2026-07-22.0,2026-07-22,open,packet_ready,primary_store_candidate
Kroger,61ced7f7-700d-4279-b1bd-0cccb574b52d,Kroger Pharmacy,2109 Harwood Rd,Bedford,TX,76021-4705,32.85340881347656,-97.13327026367188,Overture Places 2026-07-22.0,2026-07-22,open,exclude,brand_false_positive
Kroger,fff4384c-6d8d-4b8c-8655-81272fb071df,Kroger,2109 Harwood Rd,Bedford,TX,76021-4705,32.853397369384766,-97.13328552246094,Overture Places 2026-07-22.0,2026-07-22,open,packet_ready,primary_store_candidate
Kroger,00f09a9f-a88a-48f4-a400-ff44f2b2fbe5,Kroger Pharmacy,2303 Boonville Rd,Bryan,TX,77808-2207,30.674291610717773,-96.33647155761719,Overture Places 2026-07-22.0,2026-07-22,open,exclude,brand_false_positive
Kroger,ce5bfaba-a1e2-48da-a1bc-3c598d322c67,Kroger,2303 Boonville Rd,Bryan,TX,77808-2207,30.6743221282959,-96.33642578125,Overture Places 2026-07-22.0,2026-07-22,open,packet_ready,primary_store_candidate
Kroger,8618f7f9-6a90-4bec-a28e-1337a8c7326d,Kroger Floral,1631 SW Wilshire Blvd,Burleson,TX,76028-6305,32.51639938354492,-97.34928894042969,Overture Places 2026-07-22.0,2026-07-22,open,exclude,brand_false_positive
Kroger,7e726495-ef78-495c-b197-39512055ae72,Kroger Pharmacy,4038 Old Denton Rd,Carrollton,TX,75007-1020,33.0196533203125,-96.91354370117188,Overture Places 2026-07-22.0,2026-07-22,open,exclude,brand_false_positive
Kroger,bb1cae45-de23-4e66-a913-8d828987d01f,Kroger Fuel Center,4038 Old Denton Rd,Carrollton,TX,75007-1020,33.01848220825195,-96.9143295288086,Overture Places 2026-07-22.0,2026-07-22,open,exclude,brand_false_positive
Kroger,ede064b0-2b86-4954-b3ad-e9c44a31dcaf,Kroger Pharmacy,235 E FM-1382,Cedar Hill,TX,75104-2147,32.59844207763672,-96.93981170654297,Overture Places 2026-07-22.0,2026-07-22,open,exclude,brand_false_positive
Kroger,f8ad76b0-0c79-4d5b-aaf5-53f9f5fae74e,Kroger,235 E FM-1382,Cedar Hill,TX,75104-2147,32.5985221862793,-96.93984985351562,Overture Places 2026-07-22.0,2026-07-22,open,packet_ready,primary_store_candidate
Kroger,3403c1e1-b45c-4c54-a9f6-1f0703a83a4c,Kroger,14710 Woodforest Blvd,Channelview,TX,77015-3230,29.789762496948242,-95.15936279296875,Overture Places 2026-07-22.0,2026-07-22,open,packet_ready,primary_store_candidate
Kroger,4215b6b8-ff75-43e2-b0f8-4b5577a1c844,Kroger,1617 W Henderson St,Cleburne,TX,76033-4122,32.337135314941406,-97.41307830810547,Overture Places 2026-07-22.0,2026-07-22,open,packet_ready,primary_store_candidate
Kroger,c556a6e9-22e0-4379-a94c-bbf177e7af6c,Kroger Pharmacy,800 N Dixie Dr,Clute,TX,77531-5120,29.03809356689453,-95.42096710205078,Overture Places 2026-07-22.0,2026-07-22,open,exclude,brand_false_positive
Kroger,48a067cf-3939-43cf-8d91-0fe8645bd336,Kroger Pharmacy,3535 Longmire Dr,College Station,TX,77845-5271,30.581777572631836,-96.2858657836914,Overture Places 2026-07-22.0,2026-07-22,open,exclude,brand_false_positive
Kroger,d37499e6-2cd5-4631-bc22-6567e07ff065,Kroger,3535 Longmire Dr,College Station,TX,77845-5271,30.58156967163086,-96.28584289550781,Overture Places 2026-07-22.0,2026-07-22,open,packet_ready,primary_store_candidate
Kroger,5b902285-adec-4538-9951-1a3fa1b23bff,Kroger Fuel Center,3998 Frontage Rd W,College Station,TX,77845-5819,30.58448600769043,-96.28668975830078,Overture Places 2026-07-22.0,2026-07-22,open,exclude,brand_false_positive
Kroger,cc23d0df-2eff-45bc-b0a7-719624e750f4,Kroger,2222 Ih 45,Conroe,TX,77301-1706,30.336200714111328,-95.47700500488281,Overture Places 2026-07-22.0,2026-07-22,open,packet_ready,primary_store_candidate
Kroger,de8a101a-c0a2-4c85-abf1-05dc199e931e,Kroger Fuel Center,316 S Loop 336 W,Conroe,TX,77304-3308,30.279420852661133,-95.46318817138672,Overture Places 2026-07-22.0,2026-07-22,open,exclude,brand_false_positive
Kroger,afa3adbe-ba54-41f5-8b59-c5629257d9e2,Kroger,950 E Sandy Lake Rd,Coppell,TX,75019-3109,32.970619201660156,-96.9610824584961,Overture Places 2026-07-22.0,2026-07-22,open,packet_ready,primary_store_candidate
Kroger,cf2cd0ac-4d5d-495d-a413-5a187a201569,Kroger Pharmacy,950 E Sandy Lake Rd,Coppell,TX,75019-3109,32.97057342529297,-96.96089935302734,Overture Places 2026-07-22.0,2026-07-22,open,exclude,brand_false_positive
Kroger,65d6d4eb-1176-4c58-b038-4f9cd5ec8570,Kroger Fuel Center,960 E Sandy Lake Rd,Coppell,TX,75019-3109,32.96990203857422,-96.9603500366211,Overture Places 2026-07-22.0,2026-07-22,open,exclude,brand_false_positive
Kroger,f644075e-8b03-4dd8-b585-524a3da92d9b,Kroger,1004 S Crowley Rd,Crowley,TX,76036-3670,32.563392639160156,-97.35360717773438,Overture Places 2026-07-22.0,2026-07-22,open,packet_ready,primary_store_candidate
Kroger,d4f5c40e-f8dd-4291-8317-beb4822cad85,Kroger,13135 Louetta Rd,Cypress,TX,77429-5155,29.994068145751953,-95.62185668945312,Overture Places 2026-07-22.0,2026-07-22,open,packet_ready,primary_store_candidate
Kroger,e15759ff-e85f-4142-9cf2-5c3377d24bed,Kroger Pharmacy,13135 Louetta Rd,Cypress,TX,77429-5155,29.99418067932129,-95.62181854248047,Overture Places 2026-07-22.0,2026-07-22,open,exclude,brand_false_positive
Kroger,b34d277c-ce46-46c6-b2ad-8fb47af023dd,Kroger Pharmacy,17455 Spring Cypress Rd,Cypress,TX,77429-2683,29.970943450927734,-95.69017791748047,Overture Places 2026-07-22.0,2026-07-22,open,exclude,brand_false_positive
Kroger,a63b1019-8978-4a61-92fd-3097e37ebb34,Kroger Fuel Center,18030 FM 529 Rd,Cypress,TX,77433-1168,29.880216598510742,-95.68487548828125,Overture Places 2026-07-22.0,2026-07-22,open,exclude,brand_false_positive
Kroger,9acd04e1-21af-4ec2-94d0-a2e0840d983e,Kroger Pharmacy,20355 Cypresswood Dr,Cypress,TX,77433-6477,29.990211486816406,-95.73686218261719,Overture Places 2026-07-22.0,2026-07-22,open,exclude,brand_false_positive
Kroger,f9b43130-3fb9-40e8-aa9e-453e0e71e57a,Kroger Marketplace,20355 Cypresswood Dr,Cypress,TX,77433-6477,29.990150451660156,-95.73688507080078,Overture Places 2026-07-22.0,2026-07-22,open,packet_ready,primary_store_candidate
Kroger,29a28c64-cabc-4bc2-86b8-fa363829a848,Kroger Pharmacy,9703 Barker Cypress Rd,Cypress,TX,77433-1214,29.91911506652832,-95.6893081665039,Overture Places 2026-07-22.0,2026-07-22,open,exclude,brand_false_positive
Kroger,513ce68b-9106-4f67-8792-30a5acaf51e8,Kroger Marketplace,9703 Barker Cypress Rd,Cypress,TX,77433-1214,29.919212341308594,-95.68932342529297,Overture Places 2026-07-22.0,2026-07-22,open,packet_ready,primary_store_candidate
Kroger,cb996eca-971d-424f-938e-3bf6ccfaccbb,Kroger,10677 E Northwest Hwy,Dallas,TX,75238-4812,32.86537551879883,-96.70167541503906,Overture Places 2026-07-22.0,2026-07-22,open,packet_ready,primary_store_candidate
Kroger,49bc83d6-7e1f-43db-bd9a-c525688a522a,Kroger,17194 Preston Rd,Dallas,TX,75248-1216,32.984466552734375,-96.80120086669922,Overture Places 2026-07-22.0,2026-07-22,open,packet_ready,primary_store_candidate
Kroger,97a82752-25ec-4819-b6a7-926ae4ceec35,Kroger,3939 Frankford Rd,Dallas,TX,75287-6318,32.99850082397461,-96.84610748291016,Overture Places 2026-07-22.0,2026-07-22,open,packet_ready,primary_store_candidate
Kroger,a2a010f6-6e03-4dc7-88c6-a5ab94fb119d,Kroger Pharmacy,4241 Capitol Ave,Dallas,TX,75204-3635,32.80648422241211,-96.78917694091797,Overture Places 2026-07-22.0,2026-07-22,open,exclude,brand_false_positive
Kroger,d7b0fc0a-3a75-40db-a4f9-759346c44ccc,Kroger,4241 Capitol Ave,Dallas,TX,75204-3635,32.806453704833984,-96.78900909423828,Overture Places 2026-07-22.0,2026-07-22,open,packet_ready,primary_store_candidate
Kroger,5cec04cc-c5b2-4543-9399-074d1a4eb6a6,Kroger Pharmacy,4901 Maple Ave,Dallas,TX,75235-8210,32.81388854980469,-96.82962799072266,Overture Places 2026-07-22.0,2026-07-22,open,exclude,brand_false_positive
Kroger,74b8f29d-c69f-41e1-af07-168ce6d313bf,Kroger,4901 Maple Ave,Dallas,TX,75235-8210,32.814064025878906,-96.82901763916016,Overture Places 2026-07-22.0,2026-07-22,open,packet_ready,primary_store_candidate
Kroger,2fb47064-86a6-4cc6-956b-37e7f4ecabd3,Kroger,5665 E Mockingbird Ln,Dallas,TX,75206-5380,32.838279724121094,-96.77103424072266,Overture Places 2026-07-22.0,2026-07-22,open,packet_ready,primary_store_candidate
Kroger,78bb4eb1-7589-4157-a403-836bcfb7420e,Kroger Pharmacy,5665 E Mockingbird Ln,Dallas,TX,75206-5380,32.83818817138672,-96.77083587646484,Overture Places 2026-07-22.0,2026-07-22,open,exclude,brand_false_positive
Kroger,b205381c-0edc-4339-8d63-fd4e91ed788b,Kroger,752 Wynnewood Dr,Dallas,TX,75224,32.725711822509766,-96.8329086303711,Overture Places 2026-07-22.0,2026-07-22,open,packet_ready,primary_store_candidate
Kroger,78204757-1c82-4735-99fb-172aec906465,Kroger Pharmacy,9140 Forest Ln,Dallas,TX,75243-4202,32.90818405151367,-96.7450180053711,Overture Places 2026-07-22.0,2026-07-22,open,exclude,brand_false_positive
Kroger,8fa96d33-32aa-4183-bcba-feb5cb378085,Kroger,9140 Forest Ln,Dallas,TX,75243-4202,32.90811538696289,-96.74529266357422,Overture Places 2026-07-22.0,2026-07-22,open,packet_ready,primary_store_candidate
Kroger,5d120f07-09b8-47c6-af84-e8382e03a1de,Kroger Pharmacy,500 W University Dr,Denton,TX,76201-1844,33.2318229675293,-97.1377182006836,Overture Places 2026-07-22.0,2026-07-22,open,exclude,brand_false_positive
Kroger,81be800e-fb35-4cd4-a7d5-64d15840ea7a,Kroger,500 W University Dr,Denton,TX,76201-1844,33.23180389404297,-97.13775634765625,Overture Places 2026-07-22.0,2026-07-22,open,packet_ready,primary_store_candidate
Kroger,9430ae87-f087-4f53-bdc3-96060e91f362,Kroger,5021 Teasley Ln,Denton,TX,76210-3814,33.145851135253906,-97.1019058227539,Overture Places 2026-07-22.0,2026-07-22,open,packet_ready,primary_store_candidate
Kroger,2d958406-ec94-4399-b0b4-ca4e2bd53874,Kroger Floral,200 W Camp Wisdom Rd,Duncanville,TX,75116-3329,32.66084671020508,-96.90924835205078,Overture Places 2026-07-22.0,2026-07-22,open,exclude,brand_false_positive
Kroger,f04b932b-ec9d-4623-919c-98876e2edc8b,Kroger,1060 N Main St,Euless,TX,76039-3300,32.85102081298828,-97.0806884765625,Overture Places 2026-07-22.0,2026-07-22,open,packet_ready,primary_store_candidate
Kroger,c860ba18-d92c-43e3-bf56-2a86f0877f6f,Kroger,1101 Flower Mound Rd,Flower Mound,TX,75028-3504,33.009647369384766,-97.04694366455078,Overture Places 2026-07-22.0,2026-07-22,open,packet_ready,primary_store_candidate
Kroger,2660f637-1082-49e4-87ec-13f0937e2b64,Kroger Pharmacy,2709 Cross Timbers Rd,Flower Mound,TX,75028-2758,33.03473663330078,-97.07209014892578,Overture Places 2026-07-22.0,2026-07-22,open,exclude,brand_false_positive
Kroger,a9d7c5ea-0f70-42bd-84a6-c0c41fe0a763,Kroger,2709 Cross Timbers Rd,Flower Mound,TX,75028-2758,33.03471755981445,-97.07210540771484,Overture Places 2026-07-22.0,2026-07-22,open,packet_ready,primary_store_candidate
Kroger,73f5e590-ed04-4cfb-9f52-f03a44f3c0b7,Kroger Fuel Center,105 E Bonds Ranch Rd,Fort Worth,TX,76131-2631,32.924652099609375,-97.35643768310547,Overture Places 2026-07-22.0,2026-07-22,open,exclude,brand_false_positive
Kroger,af5bd52b-1d4f-4d68-9172-202455773406,Kroger Pharmacy,113 E Bonds Ranch Rd,Fort Worth,TX,76131-2631,32.926029205322266,-97.3565902709961,Overture Places 2026-07-22.0,2026-07-22,open,exclude,brand_false_positive
Kroger,6e6d859f-9833-4df5-93d3-aa376e6775e5,Kroger,12600 N Beach St,Fort Worth,TX,76244-4200,32.95606231689453,-97.28009033203125,Overture Places 2026-07-22.0,2026-07-22,open,packet_ready,primary_store_candidate
Kroger,da29fb5a-a3f5-4d95-a7e5-f1fffb071a9a,Kroger Pharmacy,12600 N Beach St,Fort Worth,TX,76244-4200,32.956077575683594,-97.2803726196289,Overture Places 2026-07-22.0,2026-07-22,open,exclude,brand_false_positive
Kroger,f78906d7-073c-419c-ad74-6b633572a462,Kroger Pharmacy,1653 Basswood Blvd,Fort Worth,TX,76131-4968,32.872169494628906,-97.34001922607422,Overture Places 2026-07-22.0,2026-07-22,open,exclude,brand_false_positive
Kroger,491ccdc9-e9dd-4420-951f-a3d53ee1fa5f,Kroger Floral,3120 S University Dr,Fort Worth,TX,76109-5614,32.70469665527344,-97.36106872558594,Overture Places 2026-07-22.0,2026-07-22,open,exclude,brand_false_positive
Kroger,ba62b3f0-76f3-4714-b27e-e1a7950058b8,Kroger Fresh Fare,3120 S University Dr,Fort Worth,TX,76109-5614,32.70454406738281,-97.36105346679688,Overture Places 2026-07-22.0,2026-07-22,open,packet_ready,primary_store_candidate
Kroger,1e94d032-8ebf-4a5e-9cf7-12970787b0e0,Kroger Marketplace,3300 Texas Sage Trl,Fort Worth,TX,76177-8600,32.91157531738281,-97.30931091308594,Overture Places 2026-07-22.0,2026-07-22,open,packet_ready,primary_store_candidate
Kroger,49ba7a74-2347-44d9-bcf4-fde82a41cac3,Kroger Pharmacy,3300 Texas Sage Trl,Fort Worth,TX,76177-8600,32.9117317199707,-97.30915069580078,Overture Places 2026-07-22.0,2026-07-22,open,exclude,brand_false_positive
Kroger,88cd6e7b-e7f2-4bec-abc3-41edd5975b66,Kroger,414 University Dr,Fort Worth,TX,76107-2134,32.75423812866211,-97.36150360107422,Overture Places 2026-07-22.0,2026-07-22,open,packet_ready,primary_store_candidate
Kroger,9c0af879-239b-4951-b045-fffc19b32d80,Kroger Pharmacy,4750 W Bailey Boswell Rd,Fort Worth,TX,76179-4321,32.88261032104492,-97.39539337158203,Overture Places 2026-07-22.0,2026-07-22,open,exclude,brand_false_positive
Kroger,e2364b34-b426-4250-8234-aa0961b2d35e,Kroger Marketplace,4750 W Bailey Boswell Rd,Fort Worth,TX,76179-4321,32.88252258300781,-97.39547729492188,Overture Places 2026-07-22.0,2026-07-22,open,packet_ready,primary_store_candidate
Kroger,86bbfc04-2936-41da-b891-903989e77180,Kroger,5241 N Tarrant Pkwy,Fort Worth,TX,76244-6292,32.895973205566406,-97.27033233642578,Overture Places 2026-07-22.0,2026-07-22,open,packet_ready,primary_store_candidate
Kroger,2c0f0e97-b9d0-4d80-927d-1189b192dc02,Kroger Warehouse,5650 Kroger Dr,Fort Worth,TX,76244-5682,32.912330627441406,-97.26406860351562,Overture Places 2026-07-22.0,2026-07-22,open,packet_ready,primary_store_candidate
Kroger,858b4008-ade8-4480-ba67-35c4f3529a84,Kroger Fuel Center,6650 N Beach St,Fort Worth,TX,76137-1893,32.861549377441406,-97.28886413574219,Overture Places 2026-07-22.0,2026-07-22,open,exclude,brand_false_positive
Kroger,28f88985-73b6-4a54-ab62-e54a38d7f561,Kroger,9114 Camp Bowie West Blvd,Fort Worth,TX,76116-6023,32.725826263427734,-97.477294921875,Overture Places 2026-07-22.0,2026-07-22,open,packet_ready,primary_store_candidate
Kroger,226175cb-123c-4af4-a4ad-3988f5a18ade,Kroger Fuel Center,151 N Friendswood Dr,Friendswood,TX,77546-3746,29.535022735595703,-95.20682525634766,Overture Places 2026-07-22.0,2026-07-22,open,exclude,brand_false_positive
Kroger,73d2e4d4-46b4-4e0f-a781-91193db3b2cc,Kroger,3135 FM 528 Rd,Friendswood,TX,77546-5485,29.5211124420166,-95.15996551513672,Overture Places 2026-07-22.0,2026-07-22,open,packet_ready,primary_store_candidate
Kroger,82e5fea0-5d9a-46a8-8d16-535a5ca0dc44,Kroger Pharmacy,12221 Custer Rd,Frisco,TX,75035-9306,33.17708969116211,-96.73506164550781,Overture Places 2026-07-22.0,2026-07-22,open,exclude,brand_false_positive
Kroger,887b7c50-7a86-48ea-b7ca-c93249e51bc7,Kroger Marketplace,12221 Custer Rd,Frisco,TX,75035-9306,33.17719650268555,-96.73538970947266,Overture Places 2026-07-22.0,2026-07-22,open,packet_ready,primary_store_candidate
Kroger,3e6a0439-5615-43f5-a313-fd990e5a5fc9,Kroger,3205 Main St,Frisco,TX,75034-4403,33.15100860595703,-96.86190795898438,Overture Places 2026-07-22.0,2026-07-22,open,packet_ready,primary_store_candidate
Kroger,0dd0ada8-ffa0-4d92-b6f4-082f49da627f,Kroger Floral,4851 Legacy Dr,Frisco,TX,75034-0816,33.11751174926758,-96.84138488769531,Overture Places 2026-07-22.0,2026-07-22,open,exclude,brand_false_positive
Kroger,70628369-6b7a-4fb3-a481-a497dba9544d,Kroger Fuel Center,4851 Legacy Dr,Frisco,TX,75034-0816,33.116920471191406,-96.84037017822266,Overture Places 2026-07-22.0,2026-07-22,open,exclude,brand_false_positive
Kroger,a177a130-f37f-4466-a83f-eeadef0e7805,Kroger,7500 Preston Rd,Frisco,TX,75034-5615,33.14044189453125,-96.80270385742188,Overture Places 2026-07-22.0,2026-07-22,open,packet_ready,primary_store_candidate
Kroger,b9df494f-a269-4f14-9b1d-59d6cb5816ea,Kroger Pharmacy,7500 Preston Rd,Frisco,TX,75034-5615,33.140419006347656,-96.80282592773438,Overture Places 2026-07-22.0,2026-07-22,open,exclude,brand_false_positive
Kroger,d3c0228a-4554-476c-b5f0-496f639c2d3d,Kroger,5730 Seawall Blvd,Galveston,TX,77551-5880,29.268917083740234,-94.82389068603516,Overture Places 2026-07-22.0,2026-07-22,open,packet_ready,primary_store_candidate
Kroger,da7611e8-c7dd-420e-b31d-68ce4c5cb5b4,Kroger Pharmacy,5730 Seawall Blvd,Galveston,TX,77551-5880,29.26885986328125,-94.82395935058594,Overture Places 2026-07-22.0,2026-07-22,open,exclude,brand_false_positive
Kroger,88e51053-81a4-4928-b85e-87b308358986,Kroger,1406 W Walnut St,Garland,TX,75042-5841,32.91474533081055,-96.64971160888672,Overture Places 2026-07-22.0,2026-07-22,open,packet_ready,primary_store_candidate
Kroger,1080cf44-7c0c-4c56-996a-b7d36bdd5f9a,Kroger,532 W I-30 E,Garland,TX,75043-5700,32.837646484375,-96.5967788696289,Overture Places 2026-07-22.0,2026-07-22,open,packet_ready,primary_store_candidate
Kroger,6666b2df-cf78-4865-91a4-d8ade0ea1788,Kroger,6850 N Shiloh Rd,Garland,TX,75044-2912,32.97724533081055,-96.66407775878906,Overture Places 2026-07-22.0,2026-07-22,open,packet_ready,primary_store_candidate
Kroger,e47491a4-e65c-42b2-9bb0-b32d3a98a23b,Kroger Texas L P,1420 E Highway 377,Granbury,TX,76048-2646,32.43836212158203,-97.76647186279297,Overture Places 2026-07-22.0,2026-07-22,open,packet_ready,primary_store_candidate
Kroger,03e5687a-c071-4a95-ba7d-d9952efbb5c9,Kroger Pharmacy,3915 E Highway 377,Granbury,TX,76049-7431,32.45362854003906,-97.72674560546875,Overture Places 2026-07-22.0,2026-07-22,open,exclude,brand_false_positive
Kroger,5f7c8d51-01bf-4593-9058-9123c6c4aaff,Kroger,3915 E Highway 377,Granbury,TX,76049-7431,32.453521728515625,-97.72663116455078,Overture Places 2026-07-22.0,2026-07-22,open,packet_ready,primary_store_candidate
Kroger,1f5fd376-d7af-4a32-9b5e-ea112bfde1fe,Kroger,2525 W Interstate 20,Grand Prairie,TX,75052-3929,32.67369842529297,-97.04257202148438,Overture Places 2026-07-22.0,2026-07-22,open,packet_ready,primary_store_candidate
Kroger,73fbad03-393e-482d-b397-6462c6aba4e0,Kroger,313 E Pioneer Pkwy,Grand Prairie,TX,75051-4942,32.70821762084961,-97.00109100341797,Overture Places 2026-07-22.0,2026-07-22,open,packet_ready,primary_store_candidate
Kroger,39c0d3a0-2877-40b4-ab4c-4e267504c121,Kroger,2415 US Highway 79 S,Henderson,TX,75654-4411,32.12920379638672,-94.80785369873047,Overture Places 2026-07-22.0,2026-07-22,open,packet_ready,primary_store_candidate
Kroger,51110a43-fa80-43e2-8f33-2871662b0a69,Kroger,10010 Cypresswood Dr,Houston,TX,77070-3408,29.983308792114258,-95.56633758544922,Overture Places 2026-07-22.0,2026-07-22,open,packet_ready,primary_store_candidate
Kroger,363a4200-16e2-448d-a83b-604de35ce7ce,Kroger Pharmacy,10306 S Post Oak Rd,Houston,TX,77035-3302,29.669353485107422,-95.46379089355469,Overture Places 2026-07-22.0,2026-07-22,open,exclude,brand_false_positive
Kroger,d20c2edd-52da-4b4d-b7e8-b79e7b1e76e8,Kroger,10306 S Post Oak Rd,Houston,TX,77035-3302,29.669382095336914,-95.46380615234375,Overture Places 2026-07-22.0,2026-07-22,open,packet_ready,primary_store_candidate
Kroger,b3477970-3f5b-46cc-b1aa-84ea093beb5c,Kroger Fuel Center,1049 N Shepherd Dr,Houston,TX,77008-6528,29.7901554107666,-95.41015625,Overture Places 2026-07-22.0,2026-07-22,open,exclude,brand_false_positive
Kroger,feb6a6fe-4c21-4701-96b2-3eb9e43b9ad5,Kroger,10998 Fuqua St,Houston,TX,77089-2494,29.61075210571289,-95.22309875488281,Overture Places 2026-07-22.0,2026-07-22,open,packet_ready,primary_store_candidate
Kroger,2157007e-cb6d-430d-ad54-a08c7ca79901,Kroger Pharmacy,11701 S Sam Houston Pkwy E,Houston,TX,77089-4782,29.60309600830078,-95.21487426757812,Overture Places 2026-07-22.0,2026-07-22,open,exclude,brand_false_positive
Kroger,860b4422-5daa-4e7b-9de9-b0662a149dca,Kroger,11701 S Sam Houston Pkwy E,Houston,TX,77089-4782,29.60324478149414,-95.21501159667969,Overture Places 2026-07-22.0,2026-07-22,open,packet_ready,primary_store_candidate
Kroger,30e47182-2f54-4d86-bc14-183efbb6f073,Kroger,12222 Jones Rd,Houston,TX,77070-5283,29.951644897460938,-95.58267211914062,Overture Places 2026-07-22.0,2026-07-22,open,packet_ready,primary_store_candidate
Kroger,503778de-8e71-478d-9997-5527e37f9178,Kroger Pharmacy,12222 Jones Rd,Houston,TX,77070-5283,29.951688766479492,-95.58236694335938,Overture Places 2026-07-22.0,2026-07-22,open,exclude,brand_false_positive
Kroger,91b63a1c-6ca3-42e6-9fdc-34ef09968efe,Kroger Pharmacy,12400 FM-1960,Houston,TX,77065-4809,29.923791885375977,-95.60445404052734,Overture Places 2026-07-22.0,2026-07-22,open,exclude,brand_false_positive
Kroger,d611a6bd-f3df-4a5a-9b09-84a25248e2d8,Kroger,12400 FM-1960,Houston,TX,77065-4809,29.923818588256836,-95.60440063476562,Overture Places 2026-07-22.0,2026-07-22,open,packet_ready,primary_store_candidate
Kroger,579e66ae-87c3-4bc8-822e-3d217d2ca65c,Kroger Fuel Center,12434 Tomball Pkwy,Houston,TX,77086,29.912864685058594,-95.47919464111328,Overture Places 2026-07-22.0,2026-07-22,open,exclude,brand_false_positive
Kroger,bf14fcee-4bf3-4473-add0-f19429d5f6ba,Kroger,12555 Briar Forest Dr,Houston,TX,77077-2923,29.752641677856445,-95.60526275634766,Overture Places 2026-07-22.0,2026-07-22,open,packet_ready,primary_store_candidate
Kroger,48405989-543b-4773-bf74-45238194a848,Kroger,1352 W 43rd St,Houston,TX,77018-4206,29.828649520874023,-95.43231964111328,Overture Places 2026-07-22.0,2026-07-22,open,packet_ready,primary_store_candidate
Kroger,e94c72db-8984-4e97-bc4b-7098b4eea28b,Kroger Marketplace,14221 E Sam Houston Pkwy N,Houston,TX,77044-6291,29.924850463867188,-95.20377349853516,Overture Places 2026-07-22.0,2026-07-22,open,packet_ready,primary_store_candidate
Kroger,387b4f45-0525-4b14-94b7-3aaaa6826089,Kroger,14344 Memorial Dr,Houston,TX,77079-6700,29.77102279663086,-95.59909057617188,Overture Places 2026-07-22.0,2026-07-22,open,packet_ready,primary_store_candidate
Kroger,605e9da5-6d11-4a85-863f-29b6ae054f67,Kroger Pharmacy,14344 Memorial Dr,Houston,TX,77079-6700,29.77116584777832,-95.59906005859375,Overture Places 2026-07-22.0,2026-07-22,open,exclude,brand_false_positive
Kroger,2b2783ae-8daf-4f40-bdd5-76307a7defd4,Kroger Pharmacy,1440 Studemont St,Houston,TX,77007-3820,29.773395538330078,-95.39021301269531,Overture Places 2026-07-22.0,2026-07-22,open,exclude,brand_false_positive
Kroger,453cbfcd-a2c9-40d6-ac7b-ff29a70d1226,Kroger Fuel Center,1440 Studemont St,Houston,TX,77007-3820,29.774564743041992,-95.38972473144531,Overture Places 2026-07-22.0,2026-07-22,open,exclude,brand_false_positive
Kroger,2c100ed4-a76e-4ff5-8bd8-c2342bc223a2,Kroger Pharmacy,1505 Wirt Rd,Houston,TX,77055-4918,29.796791076660156,-95.48628234863281,Overture Places 2026-07-22.0,2026-07-22,open,exclude,brand_false_positive
Kroger,3e18b562-0716-460c-a342-3785f3010326,Kroger,1505 Wirt Rd,Houston,TX,77055-4918,29.796648025512695,-95.48636627197266,Overture Places 2026-07-22.0,2026-07-22,open,packet_ready,primary_store_candidate
Kroger,220ec4ed-bc04-4aa1-8fb0-ea87af7a2f91,Kroger Pharmacy,1520 Eldridge Pkwy,Houston,TX,77077-1759,29.757299423217773,-95.62728881835938,Overture Places 2026-07-22.0,2026-07-22,open,exclude,brand_false_positive
Kroger,7a9cb485-38db-49b7-be03-037221fd6159,Kroger,1520 Eldridge Pkwy,Houston,TX,77077-1759,29.75751304626465,-95.62739562988281,Overture Places 2026-07-22.0,2026-07-22,open,packet_ready,primary_store_candidate
Kroger,a1fa7eeb-cd55-45fa-b13a-a0daf4b6046e,Kroger,16400 El Camino Real,Houston,TX,77062-5721,29.558576583862305,-95.12483978271484,Overture Places 2026-07-22.0,2026-07-22,open,packet_ready,primary_store_candidate
Kroger,a8a7f3f1-3fdb-48ce-9e13-38e139facb1a,Kroger Pharmacy,16400 El Camino Real,Houston,TX,77062-5721,29.55847930908203,-95.12467956542969,Overture Places 2026-07-22.0,2026-07-22,open,exclude,brand_false_positive
Kroger,ea0136ce-b7c1-4786-9d77-3142503c857a,Kroger,16811 El Camino Real Dr,Houston,TX,77058-2624,29.554443359375,-95.1180191040039,Overture Places 2026-07-22.0,2026-07-22,open,packet_ready,primary_store_candidate
Kroger,97be95e5-834d-4540-9f8f-b004cfe0a89d,Kroger,1801 S Voss Rd,Houston,TX,77057-2605,29.748321533203125,-95.50020599365234,Overture Places 2026-07-22.0,2026-07-22,open,packet_ready,primary_store_candidate
Kroger,17b234f2-dba6-469f-9888-6d7a601ee68b,Kroger Pharmacy,1950 El Dorado Blvd,Houston,TX,77062-3621,29.57798957824707,-95.12053680419922,Overture Places 2026-07-22.0,2026-07-22,open,exclude,brand_false_positive
Kroger,5a8b0428-0ce9-434d-878b-0651e987d7a5,Kroger,1950 El Dorado Blvd,Houston,TX,77062-3621,29.577993392944336,-95.1205825805664,Overture Places 2026-07-22.0,2026-07-22,open,packet_ready,primary_store_candidate
Kroger,880a6665-c922-408c-8a40-a32f552d9253,Kroger,1950 Eldridge Pkwy,Houston,TX,77077-3431,29.74822998046875,-95.62682342529297,Overture Places 2026-07-22.0,2026-07-22,open,packet_ready,primary_store_candidate
Kroger,97b5dc41-705f-4b94-8e29-c4ebd09cb848,Kroger,239 W 20th St,Houston,TX,77008-2511,29.804370880126953,-95.40052795410156,Overture Places 2026-07-22.0,2026-07-22,open,packet_ready,primary_store_candidate
Kroger,e332271f-1469-4da5-92fa-46feb5b18e25,Kroger Pharmacy,360 Cypress Creek Pkwy,Houston,TX,77090-3518,30.021474838256836,-95.43539428710938,Overture Places 2026-07-22.0,2026-07-22,open,exclude,brand_false_positive
Kroger,0e1b4ed9-0c5a-405f-a54a-0d0a2bc521b0,Kroger,4000 Polk St,Houston,TX,77023-1728,29.739704132080078,-95.34027099609375,Overture Places 2026-07-22.0,2026-07-22,open,packet_ready,primary_store_candidate
Kroger,21315d89-b8f0-4407-b95d-a89c05100c33,Kroger Pharmacy,5150 Buffalo Speedway,Houston,TX,77005-4202,29.727190017700195,-95.43074035644531,Overture Places 2026-07-22.0,2026-07-22,open,exclude,brand_false_positive
Kroger,bad6a8f6-cfbf-4a50-9d2d-17b8ef2f1c59,Kroger,5150 Buffalo Speedway,Houston,TX,77005-4202,29.727310180664062,-95.4308853149414,Overture Places 2026-07-22.0,2026-07-22,open,packet_ready,primary_store_candidate
Kroger,a09b257b-20bd-4e91-a5bc-4a0e907f2d60,Kroger,6322 Telephone Rd,Houston,TX,77087,29.674848556518555,-95.29104614257812,Overture Places 2026-07-22.0,2026-07-22,open,packet_ready,primary_store_candidate
Kroger,508de0b9-0a6f-4466-85ee-00836f85bf6a,Kroger,6350 N Eldridge Pkwy,Houston,TX,77041-3504,29.865108489990234,-95.60673522949219,Overture Places 2026-07-22.0,2026-07-22,open,packet_ready,primary_store_candidate
Kroger,d018e873-7101-452b-ba03-2b2546e805ef,Kroger Pharmacy,6350 N Eldridge Pkwy,Houston,TX,77041-3504,29.865209579467773,-95.60689544677734,Overture Places 2026-07-22.0,2026-07-22,open,exclude,brand_false_positive
Kroger,9572d56f-74bc-4ad6-979a-ce6c17aa6b10,Kroger - Supply Chain HOU Warehouse,701 Gellhorn Dr,Houston,TX,77029-1405,29.780776977539062,-95.26952362060547,Overture Places 2026-07-22.0,2026-07-22,open,packet_ready,primary_store_candidate
Kroger,6a4b695c-0839-4918-8b3e-67c1f29f06e3,Kroger,7747 Kirby Dr,Houston,TX,77030-4309,29.695819854736328,-95.41529083251953,Overture Places 2026-07-22.0,2026-07-22,open,packet_ready,primary_store_candidate
Kroger,a2d86f2d-0d76-48fe-a266-ea245a011ed4,Kroger Pharmacy,7747 Kirby Dr,Houston,TX,77030-4309,29.695819854736328,-95.41532135009766,Overture Places 2026-07-22.0,2026-07-22,open,exclude,brand_false_positive
Kroger,d564d94c-4cc3-4bbc-937d-07f32e5778e8,Kroger,8550 Highway 6 N,Houston,TX,77095,29.90243148803711,-95.63174438476562,Overture Places 2026-07-22.0,2026-07-22,open,packet_ready,primary_store_candidate
Kroger,b39f78ac-e787-4d8f-bee7-145b3ebb7e9c,Kroger Pharmacy,9125 W Sam Houston Pkwy N,Houston,TX,77064-6339,29.90399742126465,-95.55538177490234,Overture Places 2026-07-22.0,2026-07-22,open,exclude,brand_false_positive
Kroger,b6fc8e69-9914-4c05-9d7e-88a267521e28,Kroger,9125 W Sam Houston Pkwy N,Houston,TX,77064-6339,29.903993606567383,-95.55542755126953,Overture Places 2026-07-22.0,2026-07-22,open,packet_ready,primary_store_candidate
Kroger,21711422-2d49-4a04-b5bc-12a6ad0119dc,Kroger,9303 TX-6 S,Houston,TX,77083-6383,29.678335189819336,-95.6412582397461,Overture Places 2026-07-22.0,2026-07-22,open,packet_ready,primary_store_candidate
Kroger,782ced6c-df4c-45cf-9cbe-f24b0ba1f6fd,Kroger Pharmacy,9330 Jones Rd,Houston,TX,77065-4408,29.90804672241211,-95.5837631225586,Overture Places 2026-07-22.0,2026-07-22,open,exclude,brand_false_positive
Kroger,d9760a9c-8b11-4a0d-bf6c-db4ee33505f9,Kroger,9330 Jones Rd,Houston,TX,77065-4408,29.908048629760742,-95.58377075195312,Overture Places 2026-07-22.0,2026-07-22,open,packet_ready,primary_store_candidate
Kroger,72c7d426-4c9e-4336-aa0a-e47a3363052d,Kroger Fuel Center,9919 Westheimer Rd,Houston,TX,77042-3802,29.736495971679688,-95.54389190673828,Overture Places 2026-07-22.0,2026-07-22,open,exclude,brand_false_positive
Kroger,0780eb0d-abdc-4a41-87a5-4c08e156a16a,Kroger,19300 W Lake Houston Pkwy,Humble,TX,77346-2182,30.00093650817871,-95.16104125976562,Overture Places 2026-07-22.0,2026-07-22,open,packet_ready,primary_store_candidate
Kroger,46d4f30c-9fa7-4699-861f-4004093add05,Kroger Pharmacy,3820 Atascocita Rd,Humble,TX,77396-3564,29.979076385498047,-95.21521759033203,Overture Places 2026-07-22.0,2026-07-22,open,exclude,brand_false_positive
Kroger,b7278677-8b49-4fa0-84cc-60c87f058bf6,Kroger,3820 Atascocita Rd,Humble,TX,77396-3564,29.978927612304688,-95.215087890625,Overture Places 2026-07-22.0,2026-07-22,open,packet_ready,primary_store_candidate
Kroger,ff140c93-523a-4fb9-91c7-f5569f221759,Kroger,9475 FM 1960 Bypass Rd W,Humble,TX,77338-4035,30.00713348388672,-95.28124237060547,Overture Places 2026-07-22.0,2026-07-22,open,packet_ready,primary_store_candidate
Kroger,580913f4-0da5-4f57-86cf-a0fd8892080f,Kroger Pharmacy,111 Interstate 45 S,Huntsville,TX,77340-4244,30.716957092285156,-95.56999206542969,Overture Places 2026-07-22.0,2026-07-22,open,exclude,brand_false_positive
Kroger,4f25a84c-02a1-4855-8e23-45e22dfc2c37,Kroger Pharmacy,223 I-45,Huntsville,TX,77340-4903,30.70922088623047,-95.56800079345703,Overture Places 2026-07-22.0,2026-07-22,open,exclude,brand_false_positive
Kroger,5d9160d5-a11d-4493-a430-52aaa1cbb444,Kroger,223 Interstate 45 S,Huntsville,TX,77340,30.709110260009766,-95.56819915771484,Overture Places 2026-07-22.0,2026-07-22,open,packet_ready,primary_store_candidate
Kroger,82f33eac-8e71-49d6-8dd1-b7762bd0328a,Kroger,708 E Pipeline Rd,Hurst,TX,76053-6011,32.82268524169922,-97.15901947021484,Overture Places 2026-07-22.0,2026-07-22,open,packet_ready,primary_store_candidate
Kroger,c237e725-dd2a-44d9-b259-d8525512170d,Kroger Pharmacy,708 E Pipeline Rd,Hurst,TX,76053-6011,32.822750091552734,-97.15901184082031,Overture Places 2026-07-22.0,2026-07-22,open,exclude,brand_false_positive
Kroger,842e7e82-7364-4fbe-acf0-54bb515e4e5c,Kroger,2201 W Grauwyler Rd,Irving,TX,75061-4345,32.829402923583984,-96.97492218017578,Overture Places 2026-07-22.0,2026-07-22,open,packet_ready,primary_store_candidate
Kroger,acc4b51b-c2d2-4f78-839c-c972dfcf5749,Kroger Pharmacy,2201 W Grauwyler Rd,Irving,TX,75061-4345,32.82938766479492,-96.97492218017578,Overture Places 2026-07-22.0,2026-07-22,open,exclude,brand_false_positive
Kroger,37f55a0e-cfb6-4fe2-9cf6-f9581afdfc29,Kroger Floral,3612 N Belt Line Rd,Irving,TX,75062-7805,32.855098724365234,-96.99107360839844,Overture Places 2026-07-22.0,2026-07-22,open,exclude,brand_false_positive
Kroger,7f80002d-0e2f-4742-91ef-355e018bc0ba,Kroger,3612 N Belt Line Rd,Irving,TX,75062-7805,32.855045318603516,-96.99085998535156,Overture Places 2026-07-22.0,2026-07-22,open,packet_ready,primary_store_candidate
Kroger,2bd4da25-b466-4592-86cc-087ae461df17,Kroger Pharmacy,515 S MacArthur Blvd,Irving,TX,75060-2730,32.80947494506836,-96.96078491210938,Overture Places 2026-07-22.0,2026-07-22,open,exclude,brand_false_positive
Kroger,f8375fbd-48ee-476e-8f67-580e5c2554c2,Kroger,515 S MacArthur Blvd,Irving,TX,75060-2730,32.80949783325195,-96.96084594726562,Overture Places 2026-07-22.0,2026-07-22,open,packet_ready,primary_store_candidate
Kroger,2ea064df-935d-4cc2-8a25-e24549302435,Kroger,7505 N MacArthur Blvd,Irving,TX,75063-7511,32.90885543823242,-96.9612045288086,Overture Places 2026-07-22.0,2026-07-22,open,packet_ready,primary_store_candidate
Kroger,5bad1343-c23b-4a54-9500-4c1b8af341f3,Kroger Fuel Center,1580 Grand Pkwy,Katy,TX,77494-8257,29.757259368896484,-95.77729034423828,Overture Places 2026-07-22.0,2026-07-22,open,exclude,brand_false_positive
Kroger,2f88ecf3-07b3-44b5-9227-9d6e39ba48af,Kroger Pharmacy,1712 Spring Green Blvd,Katy,TX,77494-6910,29.76267433166504,-95.84388732910156,Overture Places 2026-07-22.0,2026-07-22,open,exclude,brand_false_positive
Kroger,6c1c4fb7-0c6c-464d-920d-352bb189370a,Kroger 146,1712 Spring Green Blvd,Katy,TX,77494-6910,29.700395584106445,-95.81161499023438,Overture Places 2026-07-22.0,2026-07-22,open,packet_ready,primary_store_candidate
Kroger,ad85dce4-fe3b-44d6-b24c-bd71aa9be64a,Kroger Marketplace,1712 Spring Green Blvd,Katy,TX,77494-6910,29.763158798217773,-95.84393310546875,Overture Places 2026-07-22.0,2026-07-22,open,packet_ready,primary_store_candidate
Kroger,1f1bdea6-7e32-40c5-9a73-5f006d9db3b6,Kroger Pharmacy,22150 Westheimer Pkwy,Katy,TX,77450-8296,29.73536491394043,-95.75385284423828,Overture Places 2026-07-22.0,2026-07-22,open,exclude,brand_false_positive
Kroger,d51538e0-e8a8-45bf-897b-429a8c7c779b,Kroger,22150 Westheimer Pkwy,Katy,TX,77450-8296,29.735431671142578,-95.75394439697266,Overture Places 2026-07-22.0,2026-07-22,open,packet_ready,primary_store_candidate
Kroger,5b57e8a9-206f-42c3-87b0-7c6e6f0d3c33,Kroger Marketplace,2700 W Grand Pkwy N,Katy,TX,77493,29.81258773803711,-95.77017211914062,Overture Places 2026-07-22.0,2026-07-22,open,packet_ready,primary_store_candidate
Kroger,9a854938-1716-402b-9c8d-f9b415228c8a,Kroger Pharmacy,2700 W Grand Pkwy N,Katy,TX,77493,29.81258773803711,-95.7704849243164,Overture Places 2026-07-22.0,2026-07-22,open,exclude,brand_false_positive
Kroger,7cb0f145-4257-4127-ab33-083bd2908394,Kroger Pharmacy,6055 Fry Rd,Katy,TX,77449,29.860034942626953,-95.72152709960938,Overture Places 2026-07-22.0,2026-07-22,open,exclude,brand_false_positive
Kroger,046b1ad8-0670-4b59-aa47-6ae6383a373f,Kroger,6055 N Fry Rd,Katy,TX,77449,29.86004638671875,-95.7215805053711,Overture Places 2026-07-22.0,2026-07-22,open,packet_ready,primary_store_candidate
Kroger,2b8d1bc7-1277-4b60-88ce-065edfdfc64d,Kroger Pharmacy,9806 Gaston Rd,Katy,TX,77494-7648,29.736474990844727,-95.81019592285156,Overture Places 2026-07-22.0,2026-07-22,open,exclude,brand_false_positive
Kroger,4132a7be-1a51-44a3-8651-7b1e7c1f61da,Kroger,9806 Gaston Rd,Katy,TX,77494-7648,29.736658096313477,-95.8101806640625,Overture Places 2026-07-22.0,2026-07-22,open,packet_ready,primary_store_candidate
Kroger,4d5de362-f319-4774-b41b-397d6023f992,Kroger,2061 Rufe Snow Dr,Keller,TX,76248-5634,32.8970947265625,-97.23705291748047,Overture Places 2026-07-22.0,2026-07-22,open,packet_ready,primary_store_candidate
Kroger,06c4a793-ace7-4855-b068-0b30e7662018,Kroger Pharmacy,976 Keller Pkwy,Keller,TX,76248-3608,32.93232345581055,-97.23026275634766,Overture Places 2026-07-22.0,2026-07-22,open,exclude,brand_false_positive
Kroger,0fe544a7-e614-4dd3-8501-63da660b3d3c,Kroger,976 Keller Pkwy,Keller,TX,76248-3608,32.932525634765625,-97.23038482666016,Overture Places 2026-07-22.0,2026-07-22,open,packet_ready,primary_store_candidate
Kroger,49b671ca-49f3-43c9-abd1-33aaf7495017,Kroger Marketplace,25651 Highway 59 N,Kingwood,TX,77339-1793,30.071876525878906,-95.24297332763672,Overture Places 2026-07-22.0,2026-07-22,open,packet_ready,primary_store_candidate
Kroger,d81f8f30-5ee2-4dda-8552-de64d62875c6,Kroger Pharmacy,25651 Highway 59 N,Kingwood,TX,77339-1793,30.07178497314453,-95.24314880371094,Overture Places 2026-07-22.0,2026-07-22,open,exclude,brand_false_positive
Kroger,5ab22b79-ef63-40d7-9b68-5d79de450bb5,Kroger,3410 Northpark Dr,Kingwood,TX,77345-6108,30.066761016845703,-95.18739318847656,Overture Places 2026-07-22.0,2026-07-22,open,packet_ready,primary_store_candidate
Kroger,97715e4f-3e9d-42ea-9e8f-0b15c335c38f,Kroger Pharmacy,3410 Northpark Dr,Kingwood,TX,77345-6108,30.066856384277344,-95.18710327148438,Overture Places 2026-07-22.0,2026-07-22,open,exclude,brand_false_positive
Kroger,2ecd4534-28df-4b73-8017-66c12e34d6f6,Kroger,1300 W Fairmont Pkwy,La Porte,TX,77571-6102,29.653743743896484,-95.0322265625,Overture Places 2026-07-22.0,2026-07-22,open,packet_ready,primary_store_candidate
Kroger,49285c0e-d468-46ce-ae65-7aefce7a01f1,Kroger Pharmacy,1300 W Fairmont Pkwy,La Porte,TX,77571-6102,29.653396606445312,-95.03241729736328,Overture Places 2026-07-22.0,2026-07-22,open,exclude,brand_false_positive
Kroger,f9ac6e12-2182-445f-874a-2debf990c2fc,Kroger Marketplace,1920 W League City Pkwy,League City,TX,77573-7079,29.488420486450195,-95.11363220214844,Overture Places 2026-07-22.0,2026-07-22,open,packet_ready,primary_store_candidate
Kroger,2843919f-73c0-4e3b-bed5-95253edd052e,Kroger,250 S Egret Bay Blvd,League City,TX,77573-2682,29.519460678100586,-95.07553100585938,Overture Places 2026-07-22.0,2026-07-22,open,packet_ready,primary_store_candidate
Kroger,18fdb7b4-284a-4e05-b3fe-4e3a29f8edf7,Kroger Pharmacy,2750 E League City Pkwy,League City,TX,77573-3359,29.50776481628418,-95.04092407226562,Overture Places 2026-07-22.0,2026-07-22,open,exclude,brand_false_positive
Kroger,6677d5a3-c7ac-4a44-ae92-68c8b2ee121c,Kroger,2750 E League City Pkwy,League City,TX,77573-3359,29.507600784301758,-95.04132080078125,Overture Places 2026-07-22.0,2026-07-22,open,packet_ready,primary_store_candidate
Kroger,e40318b7-0fc8-486c-85e2-c60412ba5018,Kroger Pharmacy,4620 State Highway 121,Lewisville,TX,75056-4530,33.0621452331543,-96.88910675048828,Overture Places 2026-07-22.0,2026-07-22,open,exclude,brand_false_positive
Kroger,1134b12e-cb6b-41fc-9b91-364de156f3dd,Kroger Floral,2671 Little Elm Pkwy,Little Elm,TX,75068-6677,33.170074462890625,-96.8910903930664,Overture Places 2026-07-22.0,2026-07-22,open,exclude,brand_false_positive
Kroger,39edd19f-6fb8-461e-bfe4-49e36dc8ae32,Kroger Pharmacy,2671 Little Elm Pkwy,Little Elm,TX,75068-6677,33.17020034790039,-96.89157104492188,Overture Places 2026-07-22.0,2026-07-22,open,exclude,brand_false_positive
Kroger,4b986fe1-df06-4bf1-91cd-cfc36c009478,Kroger Marketplace,2671 Little Elm Pkwy,Little Elm,TX,75068-6677,33.170284271240234,-96.89120483398438,Overture Places 2026-07-22.0,2026-07-22,open,packet_ready,primary_store_candidate
Kroger,72df9177-1457-4b3d-ae71-90be2308a395,Kroger Pharmacy,701 W Marshall Ave,Longview,TX,75601-6218,32.50010681152344,-94.74957275390625,Overture Places 2026-07-22.0,2026-07-22,open,exclude,brand_false_positive
Kroger,cea85ebf-d78a-475d-98bc-727871109825,Kroger,701 W Marshall Ave,Longview,TX,75601-6218,32.50003433227539,-94.74966430664062,Overture Places 2026-07-22.0,2026-07-22,open,packet_ready,primary_store_candidate
Kroger,84ebd59f-1371-4b57-8a87-607dfd5a1940,Kroger,6616 FM 1488 Rd,Magnolia,TX,77354-1399,30.2231388092041,-95.56710815429688,Overture Places 2026-07-22.0,2026-07-22,open,packet_ready,primary_store_candidate
Kroger,170dfbf6-3131-423f-bb8a-a370de2e37d9,Kroger,3001 Matlock Rd,Mansfield,TX,76063-3302,32.607120513916016,-97.11824035644531,Overture Places 2026-07-22.0,2026-07-22,open,packet_ready,primary_store_candidate
Kroger,4da42cc2-5e43-40f3-a1aa-c45745f70264,Kroger Marketplace,3300 E Broad St,Mansfield,TX,76063-5629,32.573936462402344,-97.08350372314453,Overture Places 2026-07-22.0,2026-07-22,open,packet_ready,primary_store_candidate
Kroger,b1a77b81-c615-4bf3-a03f-edd2129cfc81,Kroger Pharmacy,3300 E Broad St,Mansfield,TX,76063-5629,32.57391357421875,-97.08336639404297,Overture Places 2026-07-22.0,2026-07-22,open,exclude,brand_false_positive
Kroger,5bbc13c7-10f5-47f0-8d54-db65f1f98417,Kroger,300 E End Blvd N,Marshall,TX,75670,32.54753494262695,-94.3487319946289,Overture Places 2026-07-22.0,2026-07-22,open,packet_ready,primary_store_candidate
Kroger,0780a41c-2a56-4583-bfaf-fd1a42db7eae,Kroger,1801 N Lake Forest Dr,McKinney,TX,75071-7602,33.216312408447266,-96.68106842041016,Overture Places 2026-07-22.0,2026-07-22,open,packet_ready,primary_store_candidate
Kroger,6eaff19e-b9e6-4252-8bde-2211ca7beb36,Kroger Pharmacy,1801 N Lake Forest Dr,McKinney,TX,75071-7602,33.21621322631836,-96.68099975585938,Overture Places 2026-07-22.0,2026-07-22,open,exclude,brand_false_positive
Kroger,db975835-6c22-4f7e-81e9-5ee1cc728f9c,Kroger,1919 Faithon P Lucas Sr Blvd,Mesquite,TX,75181-1600,32.744449615478516,-96.55347442626953,Overture Places 2026-07-22.0,2026-07-22,open,packet_ready,primary_store_candidate
Kroger,66d3d666-433b-449c-bb07-ace7e6fff2da,Kroger,3600 Gus Thomasson Rd,Mesquite,TX,75150-3698,32.813812255859375,-96.63333129882812,Overture Places 2026-07-22.0,2026-07-22,open,packet_ready,primary_store_candidate
Kroger,fdfcce51-8f7f-46c2-9b64-8385bdc6329f,Kroger,525 N Galloway Ave,Mesquite,TX,75149-3481,32.771812438964844,-96.60033416748047,Overture Places 2026-07-22.0,2026-07-22,open,packet_ready,primary_store_candidate
Kroger,27ea7fd0-2212-4483-809b-2eb25ca55f26,Kroger Marketplace,2200 FM-663,Midlothian,TX,76065-5600,32.45850372314453,-96.99300384521484,Overture Places 2026-07-22.0,2026-07-22,open,packet_ready,primary_store_candidate
Kroger,fabcf952-f924-44bb-82f1-969a3c84f8cf,Kroger Fuel Center,2240 FM-663,Midlothian,TX,76065-5600,32.45892333984375,-96.99540710449219,Overture Places 2026-07-22.0,2026-07-22,open,exclude,brand_false_positive
Kroger,65733b10-4d21-4b4e-8ba0-72e736b57b42,Kroger,10250 TX-6,Missouri City,TX,77459-4734,29.52981185913086,-95.51107025146484,Overture Places 2026-07-22.0,2026-07-22,open,packet_ready,primary_store_candidate
Kroger,7f797a28-0a3c-4570-83bb-ba561c690164,Kroger Pharmacy,10250 TX-6,Missouri City,TX,77459-4734,29.529945373535156,-95.51114654541016,Overture Places 2026-07-22.0,2026-07-22,open,exclude,brand_false_positive
Kroger,9317e440-b833-4a01-8eb7-b164f1eee6ad,Kroger,6200 Highway 6,Missouri City,TX,77459-3803,29.56366539001465,-95.56531524658203,Overture Places 2026-07-22.0,2026-07-22,open,packet_ready,primary_store_candidate
Kroger,170414a7-7116-4408-bd88-b67ea602730c,Kroger Pharmacy,20168 Eva St,Montgomery,TX,77356-2006,30.389774322509766,-95.67794799804688,Overture Places 2026-07-22.0,2026-07-22,open,exclude,brand_false_positive
Kroger,21ae42fb-c093-4b83-b349-6906e62ab446,Kroger Marketplace,20168 Eva St,Montgomery,TX,77356-2006,30.38998031616211,-95.67801666259766,Overture Places 2026-07-22.0,2026-07-22,open,packet_ready,primary_store_candidate
Kroger,015f5f34-60bb-46ca-a5cb-21f482d64570,Kroger Pharmacy,1215 North St,Nacogdoches,TX,75961-4034,31.614063262939453,-94.65393829345703,Overture Places 2026-07-22.0,2026-07-22,open,exclude,brand_false_positive
Kroger,827c653e-de07-4324-8f2b-20c55fda4e09,Kroger Fuel Center,1215 North St,Nacogdoches,TX,75961-4034,31.613948822021484,-94.6531753540039,Overture Places 2026-07-22.0,2026-07-22,open,exclude,brand_false_positive
Kroger,f047989a-638b-492e-bfa3-686c6c335895,Kroger,3205 N University Dr,Nacogdoches,TX,75965-2683,31.633014678955078,-94.64097595214844,Overture Places 2026-07-22.0,2026-07-22,open,packet_ready,primary_store_candidate
Kroger,dbc99bdd-731d-4f1e-b49b-98819276cc64,Kroger Marketplace,22030 Market Place Dr,New Caney,TX,77357-2016,30.132972717285156,-95.23663330078125,Overture Places 2026-07-22.0,2026-07-22,open,packet_ready,primary_store_candidate
Kroger,83b89c8c-c8a6-462d-a1b6-a63d72836016,Kroger Pharmacy,7201 Boulevard 26,North Richland Hills,TX,76180-8605,32.82481384277344,-97.22745513916016,Overture Places 2026-07-22.0,2026-07-22,open,exclude,brand_false_positive
Kroger,999d9995-520e-4ebd-8049-9141f2357f29,Kroger Floral,7201 Boulevard 26,North Richland Hills,TX,76180-8605,32.82487869262695,-97.22763061523438,Overture Places 2026-07-22.0,2026-07-22,open,exclude,brand_false_positive
Kroger,aa98213d-7b54-4c88-b377-757f1b035128,Kroger,7201 Boulevard 26,North Richland Hills,TX,76180-8605,32.82481384277344,-97.2274398803711,Overture Places 2026-07-22.0,2026-07-22,open,packet_ready,primary_store_candidate
Kroger,35c826b4-f42a-435a-b09e-923aae709a68,Kroger Fuel Center,9135 Boulevard 26,North Richland Hills,TX,76180,32.85359191894531,-97.18933868408203,Overture Places 2026-07-22.0,2026-07-22,open,exclude,brand_false_positive
Kroger,00e65fd4-23c0-4b8a-8caf-44d51c515330,Kroger Pharmacy,9150 N Tarrant Pkwy,North Richland Hills,TX,76182-8676,32.90222930908203,-97.1888656616211,Overture Places 2026-07-22.0,2026-07-22,open,exclude,brand_false_positive
Kroger,44ccc899-1b6b-4ba3-aef6-1c000c33d120,Kroger Marketplace,9150 N Tarrant Pkwy,North Richland Hills,TX,76182-8676,32.90217971801758,-97.18910217285156,Overture Places 2026-07-22.0,2026-07-22,open,packet_ready,primary_store_candidate
Kroger,3e1e4a85-8f6d-43ca-a099-6fe2ff6f72be,Kroger Pharmacy,325 E Spring St,Palestine,TX,75801-2941,31.76297378540039,-95.62752532958984,Overture Places 2026-07-22.0,2026-07-22,open,exclude,brand_false_positive
Kroger,c254c057-8170-4574-9478-8d983c85c2c1,Kroger,325 E Spring St,Palestine,TX,75801-2941,31.763181686401367,-95.62779998779297,Overture Places 2026-07-22.0,2026-07-22,open,packet_ready,primary_store_candidate
Kroger,0257c30e-5865-44bb-aa64-e32a84833149,Kroger,1310 Clarksville St,Paris,TX,75460-6033,33.65776443481445,-95.54209899902344,Overture Places 2026-07-22.0,2026-07-22,open,packet_ready,primary_store_candidate
Kroger,6ba978fd-d94e-4d17-9c3e-e76164606692,Kroger Pharmacy,2619 Red Bluff Rd,Pasadena,TX,77506-5270,29.6964054107666,-95.1737289428711,Overture Places 2026-07-22.0,2026-07-22,open,exclude,brand_false_positive
Kroger,1177dfa8-57b7-4fb1-913f-581a89490e3b,Kroger,3550 Spencer Hwy,Pasadena,TX,77504-1110,29.663497924804688,-95.18954467773438,Overture Places 2026-07-22.0,2026-07-22,open,packet_ready,primary_store_candidate
Kroger,66e79f95-5fa4-4113-9946-7f3f8a32d4f8,Kroger,6767 Spencer Hwy,Pasadena,TX,77505-1755,29.66525650024414,-95.13518524169922,Overture Places 2026-07-22.0,2026-07-22,open,packet_ready,primary_store_candidate
Kroger,7eb1151c-a3a3-4bfd-8a94-aa12e7245b60,Kroger,3245 Broadway St,Pearland,TX,77581-4501,29.560333251953125,-95.27128601074219,Overture Places 2026-07-22.0,2026-07-22,open,packet_ready,primary_store_candidate
Kroger,13fac8ab-a0a7-43df-9a20-845aa330e548,Kroger Pharmacy,8323 W Broadway St,Pearland,TX,77581-7766,29.560449600219727,-95.34893035888672,Overture Places 2026-07-22.0,2026-07-22,open,exclude,brand_false_positive
Kroger,18fe4750-68e2-4051-a736-775502872497,Kroger Pharmacy,2925 Custer Rd,Plano,TX,75075-2065,33.03920364379883,-96.7351303100586,Overture Places 2026-07-22.0,2026-07-22,open,exclude,brand_false_positive
Kroger,1c7494f1-b3fc-4b83-ac8b-5fab3930268f,Kroger,2925 Custer Rd,Plano,TX,75075-2065,33.03887939453125,-96.73497772216797,Overture Places 2026-07-22.0,2026-07-22,open,packet_ready,primary_store_candidate
Kroger,9acd3d8d-b6fd-4c23-9ce9-a3de91aa4f80,Kroger,3305 Dallas Pkwy,Plano,TX,75093-6402,33.04763412475586,-96.83184814453125,Overture Places 2026-07-22.0,2026-07-22,open,packet_ready,primary_store_candidate
Kroger,fc7a9816-98fd-48bb-82e0-28a387b255bf,Kroger Pharmacy,3305 Dallas Pkwy,Plano,TX,75093-6402,33.04763412475586,-96.8318099975586,Overture Places 2026-07-22.0,2026-07-22,open,exclude,brand_false_positive
Kroger,85d79cb0-b3ef-4447-8b81-0e215efb0cb4,Kroger,4017 14th St,Plano,TX,75074-7113,33.015377044677734,-96.65564727783203,Overture Places 2026-07-22.0,2026-07-22,open,packet_ready,primary_store_candidate
Kroger,14c2b895-e1db-40b3-b55c-43ce8c403203,Kroger,7100 Independence Pkwy,Plano,TX,75025-5753,33.073333740234375,-96.74858856201172,Overture Places 2026-07-22.0,2026-07-22,open,packet_ready,primary_store_candidate
Kroger,5b02d36b-4bc1-4e76-a115-67ffadac3aa6,Kroger Pharmacy,7100 Independence Pkwy,Plano,TX,75025-5753,33.0732421875,-96.74864196777344,Overture Places 2026-07-22.0,2026-07-22,open,exclude,brand_false_positive
Kroger,7af87ad3-d5ff-4b42-bc7a-80ab2749dc5e,Kroger Pharmacy,9617 Coit Rd,Plano,TX,75024-7203,33.108619689941406,-96.7697982788086,Overture Places 2026-07-22.0,2026-07-22,open,exclude,brand_false_positive
Kroger,d4881c76-0083-47a3-9157-9951a15ebdc1,Kroger,9617 Coit Rd,Plano,TX,75024-7203,33.108619689941406,-96.76978302001953,Overture Places 2026-07-22.0,2026-07-22,open,packet_ready,primary_store_candidate
Kroger,45c853c9-1e6c-4185-97b9-c806e0736f8c,Kroger Floral,1250 N Preston Rd,Prosper,TX,75078-8997,33.249515533447266,-96.78253936767578,Overture Places 2026-07-22.0,2026-07-22,open,exclude,brand_false_positive
Kroger,ce811972-fde8-4657-8610-18252bbaae69,Kroger Money Services,1250 N Preston Rd,Prosper,TX,75078-8997,33.249515533447266,-96.78252410888672,Overture Places 2026-07-22.0,2026-07-22,open,packet_ready,primary_store_candidate
Kroger,fb2d3fb8-8170-438a-982a-5a5b2863fc5c,Kroger Marketplace,1250 N Preston Rd,Prosper,TX,75078-8997,33.249664306640625,-96.78227996826172,Overture Places 2026-07-22.0,2026-07-22,open,packet_ready,primary_store_candidate
Kroger,ba5f32d7-78bf-4cf0-80df-5d13c3b15fa8,Kroger Fuel Center,4650 W University Dr,Prosper,TX,75078-9091,33.21969985961914,-96.87598419189453,Overture Places 2026-07-22.0,2026-07-22,open,exclude,brand_false_positive
Kroger,c1b34799-bfbe-4af7-832b-17ea5bace670,Kroger Pharmacy,4650 W University Dr,Prosper,TX,75078-9091,33.22062683105469,-96.87767028808594,Overture Places 2026-07-22.0,2026-07-22,open,exclude,brand_false_positive
Kroger,ad53f4d7-0974-4cd0-8dcf-4382169969b0,Kroger,160 N Coit Rd,Richardson,TX,75080-5438,32.953128814697266,-96.7672348022461,Overture Places 2026-07-22.0,2026-07-22,open,packet_ready,primary_store_candidate
Kroger,db52fd56-a683-4f7b-9fb1-41e4aa704ce5,Kroger,536 Centennial Blvd,Richardson,TX,75081-5147,32.93645095825195,-96.72054290771484,Overture Places 2026-07-22.0,2026-07-22,open,packet_ready,primary_store_candidate
Kroger,3978bff5-4937-4550-83b9-012e415a0613,Kroger Pharmacy,25050 FM 1093 Rd,Richmond,TX,77406-3616,29.700353622436523,-95.81172943115234,Overture Places 2026-07-22.0,2026-07-22,open,exclude,brand_false_positive
Kroger,333ed5a5-d22d-43c5-a0fd-06440ccaf0c6,Kroger Fuel Center,6425 FM 1464 Rd,Richmond,TX,77407-8287,29.708189010620117,-95.6877212524414,Overture Places 2026-07-22.0,2026-07-22,open,exclude,brand_false_positive
Kroger,289190ce-142a-4701-95fa-175367286bf5,Kroger Pharmacy,8011 W Grand Pkwy S,Richmond,TX,77407-8600,29.663633346557617,-95.7385025024414,Overture Places 2026-07-22.0,2026-07-22,open,exclude,brand_false_positive
Kroger,d1dffc6d-df25-47da-ab32-151706e7bfde,Kroger Fuel Center,8011 W Grand Pkwy S,Richmond,TX,77407-8600,29.662168502807617,-95.73770904541016,Overture Places 2026-07-22.0,2026-07-22,open,exclude,brand_false_positive
Kroger,e3856e3b-5173-4c90-9f16-3f5499d24160,Kroger,1950 N Goliad St,Rockwall,TX,75087-7206,32.94950866699219,-96.46051788330078,Overture Places 2026-07-22.0,2026-07-22,open,packet_ready,primary_store_candidate
Kroger,fd69cecd-9912-4318-8bfd-1366f0359701,Kroger Pharmacy,1950 N Goliad St,Rockwall,TX,75087-7206,32.9496955871582,-96.46054077148438,Overture Places 2026-07-22.0,2026-07-22,open,exclude,brand_false_positive
Kroger,2ad184d3-921c-428f-9322-6e2238ded33e,Kroger Marketplace,24401 Brazos Town Xing,Rosenberg,TX,77471-6268,29.541580200195312,-95.75096893310547,Overture Places 2026-07-22.0,2026-07-22,open,packet_ready,primary_store_candidate
Kroger,e330e12c-8758-4def-aadc-5b98d748d46a,Kroger Pharmacy,24401 Brazos Town Xing,Rosenberg,TX,77471-6268,29.54166030883789,-95.7509994506836,Overture Places 2026-07-22.0,2026-07-22,open,exclude,brand_false_positive
Kroger,294de641-920a-480e-a7d0-2cc1a8881555,Kroger,5190 Highway 78,Sachse,TX,75048-4202,32.96898651123047,-96.60379791259766,Overture Places 2026-07-22.0,2026-07-22,open,packet_ready,primary_store_candidate
Kroger,b257e342-ecce-4e5c-9777-4e2d9e50f8e3,Kroger Pharmacy,5190 Highway 78,Sachse,TX,75048-4202,32.96891403198242,-96.6040267944336,Overture Places 2026-07-22.0,2026-07-22,open,exclude,brand_false_positive
Kroger,786d4782-6b4a-4bd1-9bb2-80d9d0f6acd4,Kroger,1905 El Mar Ln,Seabrook,TX,77586-2832,29.56889533996582,-95.02552032470703,Overture Places 2026-07-22.0,2026-07-22,open,packet_ready,primary_store_candidate
Kroger,d30a82c9-92c2-4ed3-8d2d-413d109eeaa8,Kroger Main Office,19245 David Memorial Dr,Shenandoah,TX,77385-8776,30.181198120117188,-95.44749450683594,Overture Places 2026-07-22.0,2026-07-22,open,exclude,brand_false_positive
Kroger,2d48f0f7-1767-49f3-89f9-09f2d596d031,Kroger Fuel Center,1826 N Loy Lake Rd,Sherman,TX,75090,33.6567497253418,-96.60586547851562,Overture Places 2026-07-22.0,2026-07-22,open,exclude,brand_false_positive
Kroger,e3754826-3d40-4fb8-8b69-b6bef6deeaa4,Kroger,2110 E Southlake Blvd,Southlake,TX,76092-6506,32.94273376464844,-97.1217269897461,Overture Places 2026-07-22.0,2026-07-22,open,packet_ready,primary_store_candidate
Kroger,fd63b76e-bf5b-45b3-bcb2-4ec1930648cd,Kroger Pharmacy,2110 E Southlake Blvd,Southlake,TX,76092-6506,32.94276428222656,-97.12175750732422,Overture Places 2026-07-22.0,2026-07-22,open,exclude,brand_false_positive
Kroger,3bfb04a6-51de-464c-9890-ca35adb6497b,Kroger,15802 Champion Forest Dr,Spring,TX,77379-7141,30.0029296875,-95.5317611694336,Overture Places 2026-07-22.0,2026-07-22,open,packet_ready,primary_store_candidate
Kroger,c5dbc809-8acc-4943-b054-7807a67f918f,Kroger Pharmacy,18518 Kuykendahl Rd,Spring,TX,77379-8160,30.040267944335938,-95.4864730834961,Overture Places 2026-07-22.0,2026-07-22,open,exclude,brand_false_positive
Kroger,e92b141e-d026-476d-bcb5-952b5fc893a9,Kroger,18518 Kuykendahl Rd,Spring,TX,77379-8160,30.040250778198242,-95.48634338378906,Overture Places 2026-07-22.0,2026-07-22,open,packet_ready,primary_store_candidate
Kroger,82ce8c08-1f3a-49b9-9290-a437d4bdcc98,Kroger,2150 Spring Stuebner Rd,Spring,TX,77389-4813,30.085285186767578,-95.44850158691406,Overture Places 2026-07-22.0,2026-07-22,open,packet_ready,primary_store_candidate
Kroger,98f909bc-80ec-4a75-a6a1-dbf5bebcb9c0,Kroger,2301 Rayford Rd,Spring,TX,77386-1708,30.124231338500977,-95.40741729736328,Overture Places 2026-07-22.0,2026-07-22,open,packet_ready,primary_store_candidate
Kroger,64320b0d-4d86-46b6-84c8-fa3b852f3bd0,Kroger Pharmacy,3731 Riley Fuzzel Rd,Spring,TX,77386-4619,30.118202209472656,-95.38172912597656,Overture Places 2026-07-22.0,2026-07-22,open,exclude,brand_false_positive
Kroger,65b72df5-fb69-4da0-a93f-4f325dd4c15c,Kroger,5671 Treaschwig Rd,Spring,TX,77373-7162,30.045759201049805,-95.34812927246094,Overture Places 2026-07-22.0,2026-07-22,open,packet_ready,primary_store_candidate
Kroger,6904cfe9-6c30-446e-b996-25c44ace59b2,Kroger Pharmacy,6060 FM 2920 Rd,Spring,TX,77379-2542,30.075809478759766,-95.51708221435547,Overture Places 2026-07-22.0,2026-07-22,open,exclude,brand_false_positive
Kroger,fb2b178b-501a-4f6d-a407-f3705099d1ae,Kroger,6060 FM 2920 Rd,Spring,TX,77379-2542,30.075599670410156,-95.51701354980469,Overture Places 2026-07-22.0,2026-07-22,open,packet_ready,primary_store_candidate
Kroger,abe92a96-9a1a-448d-9dd0-a37df940f3f2,Kroger,11565 S Highway 6,Sugar Land,TX,77498-4932,29.648054122924805,-95.64960479736328,Overture Places 2026-07-22.0,2026-07-22,open,packet_ready,primary_store_candidate
Kroger,745b9cea-3e30-453b-9136-06ea6cc37f2e,Kroger Pharmacy,4825 Sweetwater Blvd,Sugar Land,TX,77479-3098,29.58553123474121,-95.63316345214844,Overture Places 2026-07-22.0,2026-07-22,open,exclude,brand_false_positive
Kroger,f9448b1c-8eaa-48d4-923f-7d9d1a872b01,Kroger,4825 Sweetwater Blvd,Sugar Land,TX,77479-3098,29.58546257019043,-95.63312530517578,Overture Places 2026-07-22.0,2026-07-22,open,packet_ready,primary_store_candidate
Kroger,011b6bbb-ba76-494a-a00b-a7db292ad424,Kroger,3541 Palmer Hwy,Texas City,TX,77590-6513,29.39342498779297,-94.94937133789062,Overture Places 2026-07-22.0,2026-07-22,open,packet_ready,primary_store_candidate
Kroger,c11ba3d1-6bb3-43c2-a398-0eab8020ea1a,Kroger,6805 Main St,The Colony,TX,75056-1132,33.09797668457031,-96.8936996459961,Overture Places 2026-07-22.0,2026-07-22,open,packet_ready,primary_store_candidate
Kroger,c7baf921-51e7-4fb3-ac0b-b4f92ded84e3,Kroger,4747 Research Forest Dr,The Woodlands,TX,77381-4902,30.185283660888672,-95.4903335571289,Overture Places 2026-07-22.0,2026-07-22,open,packet_ready,primary_store_candidate
Kroger,5ccc03fe-d2d3-41c6-b730-17fc06b78931,Kroger,8000 Research Forest Dr,The Woodlands,TX,77382-1504,30.210622787475586,-95.52824401855469,Overture Places 2026-07-22.0,2026-07-22,open,packet_ready,primary_store_candidate
Kroger,16031d7d-5f57-4444-9ea1-9f269aa6e342,Kroger,14060 FM 2920 Rd,Tomball,TX,77377-5502,30.091880798339844,-95.63469696044922,Overture Places 2026-07-22.0,2026-07-22,open,packet_ready,primary_store_candidate
Kroger,e499f54a-cc18-41e4-92a1-b24876d4ec4d,Kroger Pharmacy,14060 FM 2920 Rd,Tomball,TX,77377-5502,30.091955184936523,-95.63438415527344,Overture Places 2026-07-22.0,2026-07-22,open,exclude,brand_false_positive
Kroger,799e38d0-cde0-4a2c-be38-da52d435463c,Kroger Marketplace,12605 Interstate 45 N,Willis,TX,77318,30.42226791381836,-95.49463653564453,Overture Places 2026-07-22.0,2026-07-22,open,packet_ready,primary_store_candidate
Kroger,70e92e5d-da91-4e4b-b4a0-b9bf0972cc50,Kroger Pharmacy,2608 W FM 544,Wylie,TX,75098,33.0087890625,-96.574951171875,Overture Places 2026-07-22.0,2026-07-22,open,exclude,brand_false_positive
Kroger,e533bba3-03fa-4e7e-a426-6d7da920006d,Kroger Marketplace,2608 W FM 544,Wylie,TX,75098,33.0086669921875,-96.5749282836914,Overture Places 2026-07-22.0,2026-07-22,open,packet_ready,primary_store_candidate
Market Street,6ddaddfb-4b24-45bf-9441-4be38b0aadf5,Market Street,4450 Buffalo Gap Rd,Abilene,TX,79606-2703,32.39682388305664,-99.76314544677734,Overture Places 2026-07-22.0,2026-07-22,open,packet_ready,primary_store_candidate
Market Street,1601643a-9446-44d2-b89f-4b4d5f41b95b,Market Street,985 W Bethany Dr,Allen,TX,75013-3740,33.08977127075195,-96.68472290039062,Overture Places 2026-07-22.0,2026-07-22,open,packet_ready,primary_store_candidate
Market Street,3e78ea91-f9e2-4ed5-9d5d-f5e2a89e2908,Market Street,2530 S Georgia St,Amarillo,TX,79109-1927,35.186283111572266,-101.86810302734375,Overture Places 2026-07-22.0,2026-07-22,open,packet_ready,primary_store_candidate
Market Street,4a17e2ad-2dfb-4d45-b3cc-6ea7bfa78f37,Market Street,8761 Coulter St S,Amarillo,TX,79119,35.1181526184082,-101.9186019897461,Overture Places 2026-07-22.0,2026-07-22,open,packet_ready,primary_store_candidate
Market Street,dacd834c-a7b6-4435-9dec-6e03fb976dba,Peach Street Farmers Market,234 S Arcola St,Angleton,TX,77515-4902,29.16283416748047,-95.4291763305664,Overture Places 2026-07-22.0,2026-07-22,open,packet_ready,primary_store_candidate
Market Street,86c94ab4-9ea7-470c-b722-f324996ef822,Market Street Florist,5605 Colleyville Blvd,Colleyville,TX,76034-6022,32.88924026489258,-97.14708709716797,Overture Places 2026-07-22.0,2026-07-22,open,packet_ready,primary_store_candidate
Market Street,5ea07bc4-a8fe-4de8-836c-a14868213f7e,Market Street,700 N Denton Tap Rd,Coppell,TX,75019-2162,32.98859405517578,-96.99170684814453,Overture Places 2026-07-22.0,2026-07-22,open,packet_ready,primary_store_candidate
Market Street,9751cd83-9afe-4642-b334-afacec9acc80,Garner Street Meat Market and Barbecue,105 Garner Dr,Detroit,TX,75436,33.661617279052734,-95.2660140991211,Overture Places 2026-07-22.0,2026-07-22,open,packet_ready,primary_store_candidate
Market Street,8f444f7c-9ff0-4d2d-93f9-50f62e0d0755,Market Street,3800 Long Prairie Rd,Flower Mound,TX,75028-5401,33.03729248046875,-97.06806182861328,Overture Places 2026-07-22.0,2026-07-22,open,packet_ready,primary_store_candidate
Market Street,b92dd1dd-51a9-45d9-8aa6-92b47ccc9fb0,Market Street,11999 Dallas Pkwy,Frisco,TX,75033-4272,33.17698669433594,-96.84288787841797,Overture Places 2026-07-22.0,2026-07-22,open,packet_ready,primary_store_candidate
Market Street,c134a23d-7686-4017-b1d3-a9c7b0d50bea,Market Street,4268 Legacy Dr,Frisco,TX,75034-0812,33.11476516723633,-96.8376693725586,Overture Places 2026-07-22.0,2026-07-22,open,packet_ready,primary_store_candidate
Market Street,957b701e-9cf0-4b29-a031-6d61339c41ea,Market Street,3405 50th St,Lubbock,TX,79413-4001,33.54787826538086,-101.88908386230469,Overture Places 2026-07-22.0,2026-07-22,open,packet_ready,primary_store_candidate
Market Street,54fd8b73-f088-4b43-a0b0-71ddef53ee7b,Market Street,4425 19th St,Lubbock,TX,79407-2408,33.57591247558594,-101.9063949584961,Overture Places 2026-07-22.0,2026-07-22,open,packet_ready,primary_store_candidate
Market Street,7b9268e7-da44-4989-a996-43db0e739320,Market Street,3145 E Broad St,Mansfield,TX,76063-5602,32.57623291015625,-97.08792877197266,Overture Places 2026-07-22.0,2026-07-22,open,packet_ready,primary_store_candidate
Market Street,a0414031-861b-49a6-b553-a965dfb946ed,Market Street,6100 Eldorado Pkwy,McKinney,TX,75070-5622,33.17531967163086,-96.69569396972656,Overture Places 2026-07-22.0,2026-07-22,open,packet_ready,primary_store_candidate
Market Street,8537c57f-dd49-422a-aedd-35fef4ab96ab,Market Street,4706 N Midkiff Rd,Midland,TX,79705-2514,32.03609085083008,-102.12933349609375,Overture Places 2026-07-22.0,2026-07-22,open,packet_ready,primary_store_candidate
Market Street,ae29a894-28bb-40a4-ae82-9e08902ed795,Market Street,4950 E 42nd St,Odessa,TX,79762-7240,31.891687393188477,-102.3343734741211,Overture Places 2026-07-22.0,2026-07-22,open,packet_ready,primary_store_candidate
Market Street,bed5d837-2c5e-4dc6-ab3e-dfab6058ec8d,Market Street,1929 Preston Rd,Plano,TX,75093-5102,33.0258674621582,-96.79922485351562,Overture Places 2026-07-22.0,2026-07-22,open,packet_ready,primary_store_candidate
Market Street,65713286-c8a7-4428-a592-5e819f83f080,Market Street,3121 Sunset Dr,San Angelo,TX,76904-6501,31.421566009521484,-100.48081970214844,Overture Places 2026-07-22.0,2026-07-22,open,packet_ready,primary_store_candidate
Market Street,2064d5f5-ac60-4fac-b12a-32c8aaa957a1,Market Street,4590 Kell Blvd,Wichita Falls,TX,76309-4744,33.8765754699707,-98.55927276611328,Overture Places 2026-07-22.0,2026-07-22,open,packet_ready,primary_store_candidate
Sprouts Farmers Market,fd6a4c50-66f7-4606-bbb6-9135d3d696a6,Sprouts,1265 W Exchange Pkwy,Allen,TX,75013-7112,33.11433029174805,-96.69730377197266,Overture Places 2026-07-22.0,2026-07-22,open,packet_ready,primary_store_candidate
Sprouts Farmers Market,a1ed16b0-4b07-421f-ae72-5c2fef5700ae,Sprouts,5711 W I-20 Hwy,Arlington,TX,76017-1142,32.67690658569336,-97.19481658935547,Overture Places 2026-07-22.0,2026-07-22,open,packet_ready,primary_store_candidate
Sprouts Farmers Market,c2f0af3f-9dac-4a5c-8eca-d71d899ba873,Sprouts,10225 Research Blvd,Austin,TX,78759-5693,30.394912719726562,-97.74479675292969,Overture Places 2026-07-22.0,2026-07-22,open,packet_ready,primary_store_candidate
Sprouts Farmers Market,1941db84-6198-4652-9a2c-0db44da925e5,Sprouts,1201 Barbara Jordan Blvd,Austin,TX,78723-3083,30.30451202392578,-97.70966339111328,Overture Places 2026-07-22.0,2026-07-22,open,packet_ready,primary_store_candidate
Sprouts Farmers Market,d605193e-0bee-4719-8998-4a4b6abd90bf,Sprouts,4006 S Lamar Blvd,Austin,TX,78704-7971,30.237960815429688,-97.79306030273438,Overture Places 2026-07-22.0,2026-07-22,open,packet_ready,primary_store_candidate
Sprouts Farmers Market,6555cbd0-e249-4a9d-9bf3-50633e4db1ad,Sprouts,6920 Menchaca Rd,Austin,TX,78745-5358,30.20237922668457,-97.80824279785156,Overture Places 2026-07-22.0,2026-07-22,open,packet_ready,primary_store_candidate
Sprouts Farmers Market,7f1a6e9c-3e02-420b-b552-5a5df996c900,Sprouts,1745 E Hebron Pkwy,Carrollton,TX,75010-2143,33.02549743652344,-96.88864135742188,Overture Places 2026-07-22.0,2026-07-22,open,packet_ready,primary_store_candidate
Sprouts Farmers Market,ffc76b03-4a96-4d4c-a2db-8a3974d531e6,Sprouts Farmers Market,362 FM-1382,Cedar Hill,TX,75104-6024,32.59259796142578,-96.93930053710938,Overture Places 2026-07-22.0,2026-07-22,open,packet_ready,primary_store_candidate
Sprouts Farmers Market,2482c7d4-4946-4644-9690-477d8fa76557,Sprouts,1530 Cypress Creek Rd,Cedar Park,TX,78613-3608,30.479000091552734,-97.83213806152344,Overture Places 2026-07-22.0,2026-07-22,open,packet_ready,primary_store_candidate
Sprouts Farmers Market,2f8e67ca-094d-4317-a2e6-ce405a7b9b31,Sprouts,110 W Sandy Lake Rd,Coppell,TX,75019-2004,32.9704704284668,-96.99546813964844,Overture Places 2026-07-22.0,2026-07-22,open,packet_ready,primary_store_candidate
Sprouts Farmers Market,3a48b077-64f7-4905-8d08-d3724d93f601,Sprouts Floral,1440 Airline Rd,Corpus Christi,TX,78412-3912,27.705217361450195,-97.36201477050781,Overture Places 2026-07-22.0,2026-07-22,open,exclude,brand_false_positive
Sprouts Farmers Market,518842b0-4da7-4dab-a946-56abed6abcfb,Sprouts,11722 Marsh Ln,Dallas,TX,75229-2600,32.90827560424805,-96.853759765625,Overture Places 2026-07-22.0,2026-07-22,open,packet_ready,primary_store_candidate
Sprouts Farmers Market,6a704333-aa64-47b9-944d-abee420ea8f7,Sprouts,1322 N Hampton Rd,Dallas,TX,75208-1306,32.762664794921875,-96.85626983642578,Overture Places 2026-07-22.0,2026-07-22,open,packet_ready,primary_store_candidate
Sprouts Farmers Market,df9d0048-0530-4c37-a8fe-d507be9fe193,Sprouts,17795 Dallas Pkwy,Dallas,TX,75287-7316,32.99171829223633,-96.83051300048828,Overture Places 2026-07-22.0,2026-07-22,open,packet_ready,primary_store_candidate
Sprouts Farmers Market,0d6b4726-81bf-4852-bd44-d063f8625267,Sprouts Farmers Market,1800 N Henderson Ave,Dallas,TX,75206-7525,32.8115234375,-96.77285766601562,Overture Places 2026-07-22.0,2026-07-22,open,packet_ready,primary_store_candidate
Sprouts Farmers Market,4fccd09b-5ddf-480c-a08d-0ea1477bd452,Sprouts Farmers Market,6465 E Mockingbird Ln,Dallas,TX,75214-2401,32.83774185180664,-96.7514877319336,Overture Places 2026-07-22.0,2026-07-22,open,packet_ready,primary_store_candidate
Sprouts Farmers Market,5c370ca1-95e2-48d8-a5e0-7145c3e3c0e9,Sprouts,7110 Skillman St,Dallas,TX,75231-5671,32.8762092590332,-96.73421478271484,Overture Places 2026-07-22.0,2026-07-22,open,packet_ready,primary_store_candidate
Sprouts Farmers Market,0fd0bd18-581c-4acf-b848-24031fc153b2,Sprouts,4930 Teasley Ln,Denton,TX,76210-3801,33.14793395996094,-97.10690307617188,Overture Places 2026-07-22.0,2026-07-22,open,packet_ready,primary_store_candidate
Sprouts Farmers Market,42e10ab0-e416-4620-ab6e-f73f4d65d152,Sprouts,2036 Zaragoza Rd,El Paso,TX,79938-7994,31.763198852539062,-106.26399230957031,Overture Places 2026-07-22.0,2026-07-22,open,packet_ready,primary_store_candidate
Sprouts Farmers Market,c27f40f7-5dc7-4772-9f8a-3541a323c984,Sprouts,655 Sunland Park Dr,El Paso,TX,79912-5168,31.821142196655273,-106.54473876953125,Overture Places 2026-07-22.0,2026-07-22,open,packet_ready,primary_store_candidate
Sprouts Farmers Market,5be5788f-baf8-4a12-bedc-245bb53df670,Sprouts,9801 Gateway Blvd W,El Paso,TX,79925-7512,31.761301040649414,-106.3560562133789,Overture Places 2026-07-22.0,2026-07-22,open,packet_ready,primary_store_candidate
Sprouts Farmers Market,91cb8f56-c109-4b2d-91f4-7ae9de610bb1,Sprouts,2301 Cross Timbers Rd,Flower Mound,TX,75028-7726,33.03353500366211,-97.06434631347656,Overture Places 2026-07-22.0,2026-07-22,open,packet_ready,primary_store_candidate
Sprouts Farmers Market,d4902523-1336-4e8e-892e-2f514e5e58e8,Sprouts,4525 W Bailey Boswell Rd,Fort Worth,TX,76179-4326,32.87980651855469,-97.39247131347656,Overture Places 2026-07-22.0,2026-07-22,open,packet_ready,primary_store_candidate
Sprouts Farmers Market,54482d95-2a96-4b03-8f22-096e0b77fa76,Sprouts Farmers Market,4650 SW Loop 820,Fort Worth,TX,76109-4429,32.68341827392578,-97.39396667480469,Overture Places 2026-07-22.0,2026-07-22,open,packet_ready,primary_store_candidate
Sprouts Farmers Market,309622ed-c4a7-4135-9258-ef8e8694685e,Sprouts,6300 Waverly Way,Fort Worth,TX,76116-5519,32.725929260253906,-97.41692352294922,Overture Places 2026-07-22.0,2026-07-22,open,packet_ready,primary_store_candidate
Sprouts Farmers Market,ee840da1-06d9-4c0c-856b-1cef76c5954e,Sprouts,2500 E Eldorado Pkwy,Frisco,TX,75033-8613,33.17985153198242,-96.86761474609375,Overture Places 2026-07-22.0,2026-07-22,open,packet_ready,primary_store_candidate
Sprouts Farmers Market,668d1753-5756-459e-bb9f-96f2f9f7cf0a,Sprouts,5190 Preston Rd,Frisco,TX,75034-7423,33.12173843383789,-96.80277252197266,Overture Places 2026-07-22.0,2026-07-22,open,packet_ready,primary_store_candidate
Sprouts Farmers Market,c9d7ffc4-ff3d-491c-b29e-151b27ddd6d5,Sprouts,2500 S Carrier Pkwy,Grand Prairie,TX,75052-5016,32.70798110961914,-97.01622772216797,Overture Places 2026-07-22.0,2026-07-22,open,packet_ready,primary_store_candidate
Sprouts Farmers Market,a8975a80-6cfd-4d46-9258-b3432192841a,Sprouts,195 Yale St,Houston,TX,77007-3746,29.774642944335938,-95.40019226074219,Overture Places 2026-07-22.0,2026-07-22,open,packet_ready,primary_store_candidate
Sprouts Farmers Market,c71d145b-5b96-46ca-af08-82c096b22530,Sprouts,22506 Tomball Pkwy,Houston,TX,77070-1531,30.011816024780273,-95.58765411376953,Overture Places 2026-07-22.0,2026-07-22,open,packet_ready,primary_store_candidate
Sprouts Farmers Market,5533a4a7-710b-480f-8d62-8c4b865d440d,Sprouts,7055 Highway 6,Houston,TX,77095-5376,29.880626678466797,-95.64668273925781,Overture Places 2026-07-22.0,2026-07-22,open,packet_ready,primary_store_candidate
Sprouts Farmers Market,45c11730-e41a-4162-bc27-53c1e4c9f9ca,Sprouts,316 Grapevine Hwy,Hurst,TX,76054-2429,32.86915588378906,-97.17180633544922,Overture Places 2026-07-22.0,2026-07-22,open,packet_ready,primary_store_candidate
Sprouts Farmers Market,c5c76ea4-ef39-4dec-be01-6098054bcc1d,Sprouts,7730 N MacArthur Blvd,Irving,TX,75063-7514,32.91156768798828,-96.95651245117188,Overture Places 2026-07-22.0,2026-07-22,open,packet_ready,primary_store_candidate
Sprouts Farmers Market,f9055b9a-a918-428c-8d63-2dcc407fec08,Sprouts,23105 Cinco Ranch Blvd,Katy,TX,77494-2150,29.743436813354492,-95.76939392089844,Overture Places 2026-07-22.0,2026-07-22,open,packet_ready,primary_store_candidate
Sprouts Farmers Market,b6feb15f-8649-4fc0-996b-92297157ca5f,Sprouts,2003 S Main St,Keller,TX,76248-5122,32.897491455078125,-97.2554931640625,Overture Places 2026-07-22.0,2026-07-22,open,packet_ready,primary_store_candidate
Sprouts Farmers Market,40cc80c3-a5cc-4fe3-87f0-2789bea47ea0,Sprouts,Heroes Memorial Park 4100 S FM 1626,Kyle,TX,78640,30.02986717224121,-97.87376403808594,Overture Places 2026-07-22.0,2026-07-22,open,packet_ready,primary_store_candidate
Sprouts Farmers Market,c7cc7dbe-eabc-46f9-a39c-4581143b1542,Sprouts,8201 Quaker Ave,Lubbock,TX,79424-4234,33.51764678955078,-101.90385437011719,Overture Places 2026-07-22.0,2026-07-22,open,packet_ready,primary_store_candidate
Sprouts Farmers Market,02da2e20-7d88-4015-9b69-0c61a41bf7b9,Sprouts,1550 E Debbie Ln,Mansfield,TX,76063-3342,32.60628890991211,-97.1131362915039,Overture Places 2026-07-22.0,2026-07-22,open,packet_ready,primary_store_candidate
Sprouts Farmers Market,460daed9-aa30-4eab-8a78-a086d37c5a0a,Sprouts,5800 N 10th St,McAllen,TX,78504-2675,26.25645637512207,-98.2197265625,Overture Places 2026-07-22.0,2026-07-22,open,packet_ready,primary_store_candidate
Sprouts Farmers Market,e4bffceb-eefe-47b4-9e22-7200a010a23e,Sprouts,9241 Virginia Pkwy,McKinney,TX,75071-6113,33.202266693115234,-96.7350082397461,Overture Places 2026-07-22.0,2026-07-22,open,packet_ready,primary_store_candidate
Sprouts Farmers Market,93f2326f-4467-444d-918a-db263ba7e461,Sprouts,D1 Training Mesquite 1220 N Town East Blvd,Mesquite,TX,75150-4600,32.8091926574707,-96.61347198486328,Overture Places 2026-07-22.0,2026-07-22,open,packet_ready,primary_store_candidate
Sprouts Farmers Market,f5c1ad14-649c-4798-9176-5d837db334df,Sprouts,207 E FM 544,Murphy,TX,75094-4023,33.01342010498047,-96.60829162597656,Overture Places 2026-07-22.0,2026-07-22,open,packet_ready,primary_store_candidate
Sprouts Farmers Market,a971db66-41af-4f52-8954-a5315ca726d9,Sprouts,2718 Old Chocolate Bayou Rd,Pearland,TX,77584-8977,29.558170318603516,-95.34819030761719,Overture Places 2026-07-22.0,2026-07-22,open,packet_ready,primary_store_candidate
Sprouts Farmers Market,ba6af082-d32d-4112-822a-8409a004b268,Sprouts,4100 Legacy Dr,Plano,TX,75024-3408,33.0700798034668,-96.77337646484375,Overture Places 2026-07-22.0,2026-07-22,open,packet_ready,primary_store_candidate
Sprouts Farmers Market,f3c793df-c904-4dee-80c1-416377a1b64d,Sprouts,1343 W Campbell Rd,Richardson,TX,75080-2815,32.97697067260742,-96.76492309570312,Overture Places 2026-07-22.0,2026-07-22,open,packet_ready,primary_store_candidate
Sprouts Farmers Market,f6e03e7e-e36f-4cb3-929a-b57b6a227903,Sprouts,469 E Interstate 30,Rockwall,TX,75087-5406,32.894073486328125,-96.4722671508789,Overture Places 2026-07-22.0,2026-07-22,open,packet_ready,primary_store_candidate
Sprouts Farmers Market,d6cccf3a-382d-4547-beed-3503b1ee3137,Sprouts,Round Rock 110 N Interstate 35,Round Rock,TX,78681-5004,30.508071899414062,-97.68702697753906,Overture Places 2026-07-22.0,2026-07-22,open,packet_ready,primary_store_candidate
Sprouts Farmers Market,75b95cdd-0e30-4905-a90c-a96ebe2a1e81,Sprouts,3001 Lakeview Pkwy,Rowlett,TX,75088-3315,32.90862274169922,-96.57349395751953,Overture Places 2026-07-22.0,2026-07-22,open,packet_ready,primary_store_candidate
Sprouts Farmers Market,a954471b-2d54-4b7c-8b3a-2529935be424,Sprouts,22135 Bulverde Rd,San Antonio,TX,78259-1849,29.64670181274414,-98.42759704589844,Overture Places 2026-07-22.0,2026-07-22,open,packet_ready,primary_store_candidate
Sprouts Farmers Market,d8a23b82-0313-4ac3-8f94-5986d3d05309,Sprouts,8101 Callaghan Rd,San Antonio,TX,78230-4720,29.513835906982422,-98.55158996582031,Overture Places 2026-07-22.0,2026-07-22,open,packet_ready,primary_store_candidate
Sprouts Farmers Market,cb7a23f8-42c3-4be4-87f1-20cd89bae9cf,Sprouts Farmers Market,9702 State Highway 151,San Antonio,TX,78251,29.445262908935547,-98.67296600341797,Overture Places 2026-07-22.0,2026-07-22,open,packet_ready,primary_store_candidate
Sprouts Farmers Market,f3a28633-5c86-4d35-ac57-f682013d92fd,Sprouts,220 Randol Mill Ave,Southlake,TX,76092-6807,32.93859100341797,-97.1868896484375,Overture Places 2026-07-22.0,2026-07-22,open,packet_ready,primary_store_candidate
Sprouts Farmers Market,0441f0c4-9013-41bc-9981-cf14cebfbcc7,Sprouts,20708 Kuykendahl Rd,Spring,TX,77379-3535,30.07082176208496,-95.50811767578125,Overture Places 2026-07-22.0,2026-07-22,open,packet_ready,primary_store_candidate
Sprouts Farmers Market,6501e05c-51ed-4f60-91f8-fecbf7133c5b,Sprouts Farmers Market,5601 Brodie Ln,Sunset Valley,TX,78745-0010,30.22553825378418,-97.82072448730469,Overture Places 2026-07-22.0,2026-07-22,open,packet_ready,primary_store_candidate
Sprouts Farmers Market,6795122a-b6bf-4cde-bfc7-a4357db1e384,Sprouts,4015 S Broadway Ave,Tyler,TX,75701-8727,32.306480407714844,-95.30191802978516,Overture Places 2026-07-22.0,2026-07-22,open,packet_ready,primary_store_candidate
Tom Thumb,a2f22bcf-abdc-4c45-90bc-c1fcd8aed62a,Tom Thumb,14280 Marsh Ln,Addison,TX,75001-3857,32.938575744628906,-96.853759765625,Overture Places 2026-07-22.0,2026-07-22,open,packet_ready,primary_store_candidate
Tom Thumb,687d85c5-5cf5-4103-bf83-048d4fff09ce,Tom Thumb,1046 Market Wy,Argyle,TX,76226,33.10204315185547,-97.22755432128906,Overture Places 2026-07-22.0,2026-07-22,open,packet_ready,primary_store_candidate
Tom Thumb,17cd4fe7-c031-45ee-a173-942dd408d442,Tom Thumb,1701 W Randol Mill Rd,Arlington,TX,76012-3037,32.75091552734375,-97.13360595703125,Overture Places 2026-07-22.0,2026-07-22,open,packet_ready,primary_store_candidate
Tom Thumb,accb3ba5-2de5-4fe9-8190-dd889022a721,Tom Thumb,2611 W Park Row Dr,Arlington,TX,76013-2257,32.722652435302734,-97.15032196044922,Overture Places 2026-07-22.0,2026-07-22,open,packet_ready,primary_store_candidate
Tom Thumb,d41ae0b5-459e-4252-b8ee-4c700359e349,Tom Thumb,2755 N Collins St,Arlington,TX,76006,32.78327941894531,-97.09351348876953,Overture Places 2026-07-22.0,2026-07-22,open,packet_ready,primary_store_candidate
Tom Thumb,5c4e2501-ff23-4ea5-93a8-e9d440a06f69,Tom Thumb,4112 N Josey Ln,Carrollton,TX,75007-1509,33.02346420288086,-96.88352966308594,Overture Places 2026-07-22.0,2026-07-22,open,packet_ready,primary_store_candidate
Tom Thumb,aacd59ed-a42a-487c-8123-370d1e6a9dfd,Tom Thumb,106 N Denton Tap Rd,Coppell,TX,75019-2136,32.970516204833984,-96.99207305908203,Overture Places 2026-07-22.0,2026-07-22,open,packet_ready,primary_store_candidate
Tom Thumb,628f5a76-0118-4c02-a191-c65cdb37241e,Tom Thumb,10455 N Central Expy,Dallas,TX,75231-2211,32.88896942138672,-96.77178192138672,Overture Places 2026-07-22.0,2026-07-22,open,packet_ready,primary_store_candidate
Tom Thumb,ba54c310-0caa-495a-a56d-7184940b7ce1,Tom Thumb,11920 Preston Rd,Dallas,TX,75230-2711,32.91108322143555,-96.80220031738281,Overture Places 2026-07-22.0,2026-07-22,open,packet_ready,primary_store_candidate
Tom Thumb,c41b4f63-76a2-485b-b1eb-9886fbaf6830,Tom Thumb,14999 Preston Rd,Dallas,TX,75254-6850,32.95234298706055,-96.80559539794922,Overture Places 2026-07-22.0,2026-07-22,open,packet_ready,primary_store_candidate
Tom Thumb,b698945f-a9cf-4b4b-96de-d4a306f52502,Tom Thumb,18212 Preston Rd,Dallas,TX,75252-5412,32.999725341796875,-96.79380798339844,Overture Places 2026-07-22.0,2026-07-22,open,packet_ready,primary_store_candidate
Tom Thumb,ede91bbe-aa7c-4323-a6ed-074159f9a1cc,Tom Thumb,2380 N Field St,Dallas,TX,75201-2474,32.789005279541016,-96.80636596679688,Overture Places 2026-07-22.0,2026-07-22,open,packet_ready,primary_store_candidate
Tom Thumb,8fd44c92-5255-46e5-9e19-8b6a358029a2,Tom Thumb,2727 Live Oak St,Dallas,TX,75204-5729,32.78926467895508,-96.78893280029297,Overture Places 2026-07-22.0,2026-07-22,open,packet_ready,primary_store_candidate
Tom Thumb,969a3729-bcfc-4683-9136-d2aa0dcabba0,Tom Thumb,315 S Hampton Rd,Dallas,TX,75208-5618,32.74266815185547,-96.85820007324219,Overture Places 2026-07-22.0,2026-07-22,open,packet_ready,primary_store_candidate
Tom Thumb,bc88294d-aafd-46cb-a814-22299aa899dc,Tom Thumb,3878 Oak Lawn Ave,Dallas,TX,75219-4405,32.81564712524414,-96.8009262084961,Overture Places 2026-07-22.0,2026-07-22,open,packet_ready,primary_store_candidate
Tom Thumb,7a725ee9-ef4a-4d50-a26f-98f32cd0cbbc,Tom Thumb,4001 Villanova St,Dallas,TX,75225-5317,32.86373519897461,-96.80204772949219,Overture Places 2026-07-22.0,2026-07-22,open,packet_ready,primary_store_candidate
Tom Thumb,315bba08-795f-46ca-8245-99c3da5529ce,Tom Thumb,4625 Frankford Rd,Dallas,TX,75287-7108,32.9992790222168,-96.82730865478516,Overture Places 2026-07-22.0,2026-07-22,open,packet_ready,primary_store_candidate
Tom Thumb,e1870ba2-e2e8-4f59-99fe-4b2fa41167e6,Tom Thumb,522 Royal Ln,Dallas,TX,75230,32.896217346191406,-96.80493927001953,Overture Places 2026-07-22.0,2026-07-22,open,packet_ready,primary_store_candidate
Tom Thumb,45a2e3c1-1d30-4a4e-8d3d-eecf8bddfe69,Tom Thumb,6333 E Mockingbird Ln,Dallas,TX,75214-2306,32.837646484375,-96.75440979003906,Overture Places 2026-07-22.0,2026-07-22,open,packet_ready,primary_store_candidate
Tom Thumb,74c62ce6-0c3c-41e9-89fa-ec86598d2540,Tom Thumb,7000 Snider Plz,Dallas,TX,75205-1335,32.850467681884766,-96.78736877441406,Overture Places 2026-07-22.0,2026-07-22,open,packet_ready,primary_store_candidate
Tom Thumb,27ba4bf6-be80-42ee-bd9a-6a25f227b8a3,Tom Thumb,7117 Inwood Rd,Dallas,TX,75209-4803,32.844547271728516,-96.82254028320312,Overture Places 2026-07-22.0,2026-07-22,open,packet_ready,primary_store_candidate
Tom Thumb,0e9df0be-3597-4ecc-955e-5433484e41ce,Tom Thumb,7331 Gaston Ave,Dallas,TX,75214-4131,32.81311798095703,-96.73007202148438,Overture Places 2026-07-22.0,2026-07-22,open,packet_ready,primary_store_candidate
Tom Thumb,dd3cfdbf-9c95-45e7-836f-3703dd180665,Tom Thumb,7700 W Northwest Hwy,Dallas,TX,75225-2223,32.86423873901367,-96.7751235961914,Overture Places 2026-07-22.0,2026-07-22,open,packet_ready,primary_store_candidate
Tom Thumb,8c507385-cb76-4353-8f0c-7c77531d4710,Tom Thumb,8698 Skillman St,Dallas,TX,75243-8265,32.89617919921875,-96.72052764892578,Overture Places 2026-07-22.0,2026-07-22,open,packet_ready,primary_store_candidate
Tom Thumb,6a684b0b-42a1-418d-acc1-8a3a4b28295a,Tom Thumb Express,8698-B Skillman St,Dallas,TX,75243,32.89633560180664,-96.72171783447266,Overture Places 2026-07-22.0,2026-07-22,open,exclude,brand_false_positive
Tom Thumb,c441de07-a51d-4473-a6fa-203ebfcc6d79,Tom Thumb,210 E Pleasant Run Rd,Desoto,TX,75115-3938,32.60287857055664,-96.85564422607422,Overture Places 2026-07-22.0,2026-07-22,open,packet_ready,primary_store_candidate
Tom Thumb,912c6cec-3540-4073-88ba-ee28222b1ad1,Tom Thumb Express,625 W Wheatland Rd,Duncanville,TX,75116,32.64780044555664,-96.92267608642578,Overture Places 2026-07-22.0,2026-07-22,open,exclude,brand_false_positive
Tom Thumb,830d4716-6a77-48b3-90b3-c31fc230fbb1,Tom Thumb,633 W Wheatland Rd,Duncanville,TX,75116-4517,32.64809799194336,-96.92293548583984,Overture Places 2026-07-22.0,2026-07-22,open,packet_ready,primary_store_candidate
Tom Thumb,11031bbf-a998-4bf6-be72-339e3cd4493b,Tom Thumb,2301 Justin Rd,Flower Mound,TX,75028-3777,33.07160186767578,-97.0639877319336,Overture Places 2026-07-22.0,2026-07-22,open,packet_ready,primary_store_candidate
Tom Thumb,cab14f9b-0190-4bfe-bcff-1262625fa3f6,Tom Thumb,4301 Cross Timbers Rd,Flower Mound,TX,75028-3004,33.04005432128906,-97.09757995605469,Overture Places 2026-07-22.0,2026-07-22,open,packet_ready,primary_store_candidate
Tom Thumb,b0d19a76-3061-4f9a-9953-91bb776a9c2b,Tom Thumb,745 Cross Timbers Rd,Flower Mound,TX,75028-1365,33.041160583496094,-97.03809356689453,Overture Places 2026-07-22.0,2026-07-22,open,packet_ready,primary_store_candidate
Tom Thumb,0baedec6-947a-45f5-9949-70896287a35b,Tom Thumb,2400 W 7th St,Fort Worth,TX,76107-2310,32.75166702270508,-97.35127258300781,Overture Places 2026-07-22.0,2026-07-22,open,packet_ready,primary_store_candidate
Tom Thumb,52cbfdd7-aed6-4151-ac08-8a3cd8ed75e4,Tom Thumb,3100 S Hulen St,Fort Worth,TX,76109-1925,32.706058502197266,-97.3900375366211,Overture Places 2026-07-22.0,2026-07-22,open,packet_ready,primary_store_candidate
Tom Thumb,b16a9930-cd2e-4aa9-b890-ce09e7731f3e,Tom Thumb,6377 Camp Bowie Blvd,Fort Worth,TX,76116-5423,32.725162506103516,-97.4202880859375,Overture Places 2026-07-22.0,2026-07-22,open,packet_ready,primary_store_candidate
Tom Thumb,06846393-d9e1-48f2-b326-87644696ec4a,Tom Thumb,11401 Coit Rd,Frisco,TX,75035,33.172157287597656,-96.76941680908203,Overture Places 2026-07-22.0,2026-07-22,open,packet_ready,primary_store_candidate
Tom Thumb,e4d98185-e90c-4a67-8949-04eea79d2a48,Tom Thumb,4848 Preston Rd,Frisco,TX,75034-8522,33.118839263916016,-96.80389404296875,Overture Places 2026-07-22.0,2026-07-22,open,packet_ready,primary_store_candidate
Tom Thumb,ce6f175d-b66e-401b-b631-1ec1b5c6a12c,Tom Thumb Express,5510 FM 423,Frisco,TX,75036,33.12527084350586,-96.8906478881836,Overture Places 2026-07-22.0,2026-07-22,open,exclude,brand_false_positive
Tom Thumb,2bf26ea8-3037-4a48-8cb0-b6dc15259f36,Tom Thumb,5550 FM 423,Frisco,TX,75036-8900,33.125518798828125,-96.88897705078125,Overture Places 2026-07-22.0,2026-07-22,open,packet_ready,primary_store_candidate
Tom Thumb,db726768-03c6-459e-ba3d-af72a986124b,Tom Thumb,206 N Grand Ave,Gainesville,TX,76240-4320,33.625308990478516,-97.13277435302734,Overture Places 2026-07-22.0,2026-07-22,open,packet_ready,primary_store_candidate
Tom Thumb,247bade5-88c7-4820-baac-cf0ac48968d9,Tom Thumb,2535 Firewheel Pkwy,Garland,TX,75040-2862,32.93754577636719,-96.6054458618164,Overture Places 2026-07-22.0,2026-07-22,open,packet_ready,primary_store_candidate
Tom Thumb,4ec33a44-2610-493e-9334-f7c2830da200,Tom Thumb,2645 Arapaho Rd,Garland,TX,75044-7941,32.96064376831055,-96.66691589355469,Overture Places 2026-07-22.0,2026-07-22,open,packet_ready,primary_store_candidate
Tom Thumb,45eed53f-7cea-48be-aded-92b2d59afb80,Tom Thumb,925 Northwest Hwy,Garland,TX,75041-5827,32.86283493041992,-96.64197540283203,Overture Places 2026-07-22.0,2026-07-22,open,packet_ready,primary_store_candidate
Tom Thumb,399acc97-d594-41d9-995e-4464091ae907,Tom Thumb,4215 S Carrier Pkwy,Grand Prairie,TX,75052-3203,32.671112060546875,-97.00350189208984,Overture Places 2026-07-22.0,2026-07-22,open,packet_ready,primary_store_candidate
Tom Thumb,9bf26eb1-3a93-4869-80c7-82282eddb72c,Tom Thumb,302 S Park Blvd,Grapevine,TX,76051-7835,32.93888854980469,-97.09738159179688,Overture Places 2026-07-22.0,2026-07-22,open,packet_ready,primary_store_candidate
Tom Thumb,f0c89a03-ee5a-4de0-b2ba-233d4a3813f3,Tom Thumb,551 Laurence Dr,Heath,TX,75032,32.84148025512695,-96.47296142578125,Overture Places 2026-07-22.0,2026-07-22,open,packet_ready,primary_store_candidate
Tom Thumb,63613787-a4be-4233-87dc-b84249b4db21,Tom Thumb,612 Grapevine Hwy,Hurst,TX,76054,32.864013671875,-97.17953491210938,Overture Places 2026-07-22.0,2026-07-22,open,packet_ready,primary_store_candidate
Tom Thumb,4d49681c-bf97-4f86-8f6d-ad306aeb4183,Tom Thumb,4010 N MacArthur Blvd,Irving,TX,75038-6413,32.85988998413086,-96.95741271972656,Overture Places 2026-07-22.0,2026-07-22,open,packet_ready,primary_store_candidate
Tom Thumb,7481fc2b-3ae9-4a64-8392-0f938dcab1b8,Tom Thumb,1000 Keller Pkwy,Keller,TX,76248,32.932350158691406,-97.22801208496094,Overture Places 2026-07-22.0,2026-07-22,open,packet_ready,primary_store_candidate
Tom Thumb,de926c50-8cc7-4fd2-9e3a-cc131d12e653,Tom Thumb,1075 W Round Grove Rd,Lewisville,TX,75067-7904,33.00669860839844,-97.01712036132812,Overture Places 2026-07-22.0,2026-07-22,open,packet_ready,primary_store_candidate
Tom Thumb,3f708881-e890-43ca-afc9-85b21481acd1,Tom Thumb Express,2305 S Valley Pkwy,Lewisville,TX,75067,33.006439208984375,-97.01866912841797,Overture Places 2026-07-22.0,2026-07-22,open,exclude,brand_false_positive
Tom Thumb,51eec450-1d05-47af-bba8-a337ef5ce340,Tom Thumb,980 US-287,Mansfield,TX,76063-34ND,32.582275390625,-97.1289291381836,Overture Places 2026-07-22.0,2026-07-22,open,packet_ready,primary_store_candidate
Tom Thumb,957c675d-364d-45b6-ac29-e0d2a0d66cf2,Tom Thumb,3001 S Hardin Blvd,McKinney,TX,75070-7702,33.16693878173828,-96.6634521484375,Overture Places 2026-07-22.0,2026-07-22,open,packet_ready,primary_store_candidate
Tom Thumb,5c6bfb30-df8d-4981-ba8c-679205de164b,Tom Thumb,6800 Virginia Pkwy,McKinney,TX,75071-5608,33.20037841796875,-96.70645904541016,Overture Places 2026-07-22.0,2026-07-22,open,packet_ready,primary_store_candidate
Tom Thumb,a70c8b27-658d-4d23-ad2b-d46a6997744f,Tom Thumb,1501 Pioneer Rd,Mesquite,TX,75149-6032,32.74612045288086,-96.58613586425781,Overture Places 2026-07-22.0,2026-07-22,open,packet_ready,primary_store_candidate
Tom Thumb,821ffe78-658f-40c0-87a4-638434d9a557,Tom Thumb Express,1509 Pioneer Rd,Mesquite,TX,75149,32.74594497680664,-96.58390808105469,Overture Places 2026-07-22.0,2026-07-22,open,exclude,brand_false_positive
Tom Thumb,13681095-e680-4c04-86af-8dca72aa5a12,Tom Thumb Pharmacy,4221 FM 1387,Midlothian,TX,76065,32.48786163330078,-96.94135284423828,Overture Places 2026-07-22.0,2026-07-22,open,exclude,brand_false_positive
Tom Thumb,e5d5d07c-08c5-4062-a1a7-59ce3c772367,Tom Thumb,4221 FM 1387,Midlothian,TX,76065,32.48783874511719,-96.94135284423828,Overture Places 2026-07-22.0,2026-07-22,open,packet_ready,primary_store_candidate
Tom Thumb,3c3635b4-73db-451a-a713-f8e2c1a3979d,Tom Thumb Express,4241 Farm to Market Rd 1387,Midlothian,TX,76065,32.48646545410156,-96.94086456298828,Overture Places 2026-07-22.0,2026-07-22,open,exclude,brand_false_positive
Tom Thumb,7370140e-93c9-4997-b89e-482dfe7d230c,Tom Thumb,2200 14th St,Plano,TX,75074-6454,33.016700744628906,-96.68354797363281,Overture Places 2026-07-22.0,2026-07-22,open,packet_ready,primary_store_candidate
Tom Thumb,ee64e085-adc9-4184-a478-1f97d0d3034d,Tom Thumb,3100 Independence Pkwy,Plano,TX,75075-1964,33.03919219970703,-96.75240325927734,Overture Places 2026-07-22.0,2026-07-22,open,packet_ready,primary_store_candidate
Tom Thumb,b7be783a-5ce2-41b8-bb78-682ef8f3da6b,Tom Thumb,3945 Legacy Dr,Plano,TX,75023-8325,33.07389831542969,-96.77061462402344,Overture Places 2026-07-22.0,2026-07-22,open,packet_ready,primary_store_candidate
Tom Thumb,c9c5a6b0-2d3e-4662-8430-c186e1612210,Tom Thumb,7801 Alma Dr,Plano,TX,75025-3400,33.08336639404297,-96.71353149414062,Overture Places 2026-07-22.0,2026-07-22,open,packet_ready,primary_store_candidate
Tom Thumb,e6867235-1ada-4a2b-86bc-de3020c2f40c,Tom Thumb Express,7929 Alma Dr,Plano,TX,75025,33.08433532714844,-96.71239471435547,Overture Places 2026-07-22.0,2026-07-22,open,exclude,brand_false_positive
Tom Thumb,c88ec28e-4966-4a57-9153-e3f2d51ecc14,Tom Thumb,1380 W Campbell Rd,Richardson,TX,75080-2814,32.97993087768555,-96.76689910888672,Overture Places 2026-07-22.0,2026-07-22,open,packet_ready,primary_store_candidate
Tom Thumb,8a69384d-36c2-4a32-96ac-03cef48de75f,Tom Thumb,3411 Custer Pkwy,Richardson,TX,75080-1012,32.99878692626953,-96.7304916381836,Overture Places 2026-07-22.0,2026-07-22,open,packet_ready,primary_store_candidate
Tom Thumb,8fe94f88-e500-47b0-9af4-67cc2f1f9bf1,Tom Thumb,819 W Arapaho Rd,Richardson,TX,75080-5038,32.96149444580078,-96.74977111816406,Overture Places 2026-07-22.0,2026-07-22,open,packet_ready,primary_store_candidate
Tom Thumb,721ae9c3-828d-405f-8631-9524998d4915,Tom Thumb,3070 N Goliad St,Rockwall,TX,75087-7049,32.96445083618164,-96.462646484375,Overture Places 2026-07-22.0,2026-07-22,open,packet_ready,primary_store_candidate
Tom Thumb,45f0ca0c-b038-414e-9cae-2c15ff0a3b8e,Tom Thumb,8805 Lakeview Pkwy,Rowlett,TX,75088-4532,32.92041015625,-96.51634216308594,Overture Places 2026-07-22.0,2026-07-22,open,packet_ready,primary_store_candidate
Tom Thumb,0f0be702-e108-4032-8bd6-66bd6067755f,Tom Thumb,1413 W Chapman Dr,Sanger,TX,76266,33.36911392211914,-97.18109893798828,Overture Places 2026-07-22.0,2026-07-22,open,packet_ready,primary_store_candidate
Tom Thumb,2524a598-6d65-458b-b642-cea66d74ddc6,Tom Thumb,100 W Southlake Blvd,Southlake,TX,76092-6100,32.943119049072266,-97.15193939208984,Overture Places 2026-07-22.0,2026-07-22,open,packet_ready,primary_store_candidate
Tom Thumb,a9d026e6-ac31-4d49-a0bc-cc9f23d7178f,Tom Thumb Express,110 W Southlake Blvd,Southlake,TX,76092,32.94204330444336,-97.15137481689453,Overture Places 2026-07-22.0,2026-07-22,open,exclude,brand_false_positive
Tom Thumb,4a68eeed-a427-4622-b9ce-c52c2115e155,Tom Thumb,3400 Beltline Rd,Sunnyvale,TX,75182,32.80952835083008,-96.59516906738281,Overture Places 2026-07-22.0,2026-07-22,open,packet_ready,primary_store_candidate
Tom Thumb,ab97029c-52ab-4a21-b800-3904ca8705f4,Tom Thumb Pharmacy,3400 Beltline Rd,Sunnyvale,TX,75182,32.809539794921875,-96.59507751464844,Overture Places 2026-07-22.0,2026-07-22,open,exclude,brand_false_positive
Tom Thumb,c10ff111-b4f9-4b3b-8b0b-9c78a04b102d,Tom Thumb Express,3500 N Beltline Rd,Sunnyvale,TX,75182,32.80957794189453,-96.59544372558594,Overture Places 2026-07-22.0,2026-07-22,open,exclude,brand_false_positive
Tom Thumb,ff2a9aaf-b846-45e2-bff3-47d815b6583c,Tom Thumb,101 Trophy Lake Dr,Trophy Club,TX,76262-5233,32.99994659423828,-97.20526123046875,Overture Places 2026-07-22.0,2026-07-22,open,packet_ready,primary_store_candidate
Tom Thumb,f6a84196-e044-42f9-92b4-94b0b6813a21,Tom Thumb Express,1910 N Hwy 77,Waxahachie,TX,75165,32.43524169921875,-96.8370590209961,Overture Places 2026-07-22.0,2026-07-22,open,exclude,brand_false_positive
Tom Thumb,34e5587e-f6b7-4a1d-87e8-76054e12f0c2,Tom Thumb Pharmacy,1940 N Hwy 77,Waxahachie,TX,75165,32.435062408447266,-96.8351058959961,Overture Places 2026-07-22.0,2026-07-22,open,exclude,brand_false_positive
Tom Thumb,dd28055d-9cdd-4924-90b6-09ab59275b6e,Tom Thumb,921 S Westgate Way,Wylie,TX,75098-4947,33.00651168823242,-96.55221557617188,Overture Places 2026-07-22.0,2026-07-22,open,packet_ready,primary_store_candidate
Trader Joe's,80e10f4e-ad90-4699-894e-a5f6937ac3b3,Trader Joe's,211 Walter Seaholm Dr,Austin,TX,78701-0019,30.26766586303711,-97.75279998779297,Overture Places 2026-07-22.0,2026-07-22,open,packet_ready,primary_store_candidate
Trader Joe's,388f22f4-871d-4a9c-ae83-e596eb737616,Trader Joe's,2805 Bee Cave Rd,Austin,TX,78746-5854,30.27018928527832,-97.78976440429688,Overture Places 2026-07-22.0,2026-07-22,open,packet_ready,primary_store_candidate
Trader Joe's,a19e3e8c-9cc1-4e96-9915-66c44d396366,Trader Joe's,9722 Great Hills Trl,Austin,TX,78759-5685,30.395275115966797,-97.75202178955078,Overture Places 2026-07-22.0,2026-07-22,open,packet_ready,primary_store_candidate
Trader Joe's,65a4cdd3-e350-44a4-9c0a-8f8544ea86f9,Trader Joe's,12812 Shops Pkwy Ste 300,Bee Cave,TX,78738,30.306629180908203,-97.94219207763672,Overture Places 2026-07-22.0,2026-07-22,open,packet_ready,primary_store_candidate
Trader Joe's,0a0311c7-5b2d-4000-ade8-1adb9d78a939,Trader Joe's,9715 Towne Lake Pkwy,Cypress,TX,77433,29.91861915588379,-95.69084167480469,Overture Places 2026-07-22.0,2026-07-22,open,packet_ready,primary_store_candidate
Trader Joe's,36bb48a9-4f2b-4b20-9249-7881cfad2d3e,Trader Joe's,14856 Preston Rd,Dallas,TX,75254-6822,32.95074462890625,-96.802001953125,Overture Places 2026-07-22.0,2026-07-22,open,packet_ready,primary_store_candidate
Trader Joe's,9fb9c902-454f-4b57-8cda-e1336eff7d6b,Trader Joe's,2001 Greenville Ave,Dallas,TX,75206-7123,32.81480407714844,-96.77046203613281,Overture Places 2026-07-22.0,2026-07-22,open,packet_ready,primary_store_candidate
Trader Joe's,a34d5513-fe46-4541-ac83-897b92699f22,Trader Joe's,4525 Cole Ave,Dallas,TX,75205-4120,32.822105407714844,-96.78965759277344,Overture Places 2026-07-22.0,2026-07-22,open,packet_ready,primary_store_candidate
Trader Joe's,a83be150-36fd-4640-9a89-f058e3f56cd4,Trader Joes,5550 W Lovers Ln,Dallas,TX,75209-4204,32.850711822509766,-96.8182373046875,Overture Places 2026-07-22.0,2026-07-22,open,packet_ready,primary_store_candidate
Trader Joe's,48c3e5da-053f-4d58-93d2-fd7c283e6232,Trader Joe's,7939 Walnut Hill Ln,Dallas,TX,75230-5619,32.88066864013672,-96.77249145507812,Overture Places 2026-07-22.0,2026-07-22,open,packet_ready,primary_store_candidate
Trader Joe's,8af576e7-19d6-40da-ab8c-4a8a3cac6fde,Trader Joe's,2701 S Hulen St,Fort Worth,TX,76109-5581,32.71197509765625,-97.38513946533203,Overture Places 2026-07-22.0,2026-07-22,open,packet_ready,primary_store_candidate
Trader Joe's,55f8f805-6a20-47c3-ae75-b020ea2f364f,Trader Joe's,11683 Westheimer Rd,Houston,TX,77077-6709,29.73541831970215,-95.5825424194336,Overture Places 2026-07-22.0,2026-07-22,open,packet_ready,primary_store_candidate
Trader Joe's,77941b6d-8eec-47f8-b99b-69aef5dfb73e,Trader Joe's,1440 S Voss Rd,Houston,TX,77057-1026,29.752660751342773,-95.5015640258789,Overture Places 2026-07-22.0,2026-07-22,open,packet_ready,primary_store_candidate
Trader Joe's,a2ff53bf-5b1e-46ea-9f70-8ecde1329e3f,Trader Joe's,2922 S Shepherd Dr,Houston,TX,77098-1538,29.739187240600586,-95.41120147705078,Overture Places 2026-07-22.0,2026-07-22,open,packet_ready,primary_store_candidate
Trader Joe's,f2f8d754-b58a-4e3f-961c-104f8112023d,Trader Joes,5101 Frye Rd,Irving,TX,75061-6012,32.81875991821289,-97.02153778076172,Overture Places 2026-07-22.0,2026-07-22,open,packet_ready,primary_store_candidate
Trader Joe's,e5f245d7-a75e-41e7-9335-6a3e6655eebf,Trader Joe's,2717 Commercial Center Blvd,Katy,TX,77494-6432,29.740236282348633,-95.77523803710938,Overture Places 2026-07-22.0,2026-07-22,open,packet_ready,primary_store_candidate
Trader Joe's,405d87e4-51bf-4c34-a71e-c4a849f1d40b,Trader Joe's,600 Kingwood Dr,Kingwood,TX,77339,30.04979705810547,-95.24600219726562,Overture Places 2026-07-22.0,2026-07-22,open,packet_ready,primary_store_candidate
Trader Joe's,439ece16-7449-40db-8a9a-25e46f4552e1,Trader Joe's,2851 Craig Dr,McKinney,TX,75072-4347,33.17362976074219,-96.64273834228516,Overture Places 2026-07-22.0,2026-07-22,open,packet_ready,primary_store_candidate
Trader Joe's,a5094cdd-1d95-4954-b6ba-8b786e860617,Trader Joe's,8101 Eldorado Pkwy,McKinney,TX,75070,33.175418853759766,-96.72330474853516,Overture Places 2026-07-22.0,2026-07-22,open,packet_ready,primary_store_candidate
Trader Joe's,c6240895-7e28-4da2-b794-3e503c732f07,Trader Joe's,2400 Preston Rd,Plano,TX,75093-2319,33.02921676635742,-96.79291534423828,Overture Places 2026-07-22.0,2026-07-22,open,packet_ready,primary_store_candidate
Trader Joe's,3ee2298f-453b-47fe-8506-7da4af4a29f0,Trader Joe's,11745 I-10 W,San Antonio,TX,78230,29.54914665222168,-98.58351135253906,Overture Places 2026-07-22.0,2026-07-22,open,packet_ready,primary_store_candidate
Trader Joe's,3d91a15d-e0c3-4035-bca1-761864b140f6,Trader Joe's,350 E Basse Rd,San Antonio,TX,78209-8358,29.496706008911133,-98.4780502319336,Overture Places 2026-07-22.0,2026-07-22,open,packet_ready,primary_store_candidate
Trader Joe's,2126d97a-fc19-457c-8245-7f4998315676,Trader Joe's,403 N Loop 1604 W,San Antonio,TX,78232-1097,29.60934829711914,-98.49906158447266,Overture Places 2026-07-22.0,2026-07-22,open,packet_ready,primary_store_candidate
Trader Joe's,d0147c12-cab6-4777-a91d-c496db6c8c3e,Trader Joe's,1492 E Southlake Blvd,Southlake,TX,76092-6419,32.941383361816406,-97.12938690185547,Overture Places 2026-07-22.0,2026-07-22,open,packet_ready,primary_store_candidate
Trader Joe's,5c77bb27-00ef-4396-950f-f97ea93c7a0a,Trader Joes,10868 Kuykendahl Rd,The Woodlands,TX,77381-2867,30.17618751525879,-95.53609466552734,Overture Places 2026-07-22.0,2026-07-22,open,packet_ready,primary_store_candidate
Whole Foods Market,f125e17f-8f53-4caa-8385-0957b9f501b3,Whole Foods Market,801 E Lamar Blvd,Arlington,TX,76011-3504,32.76676940917969,-97.09913635253906,Overture Places 2026-07-22.0,2026-07-22,open,packet_ready,primary_store_candidate
Whole Foods Market,3ecaa59d-d54b-4011-8006-009cc5f2ba95,Whole Foods Market,11920 Domain Dr,Austin,TX,78758-3403,30.406343460083008,-97.72018432617188,Overture Places 2026-07-22.0,2026-07-22,open,packet_ready,primary_store_candidate
Whole Foods Market,6e6bfab1-4e49-4c88-b100-b7a34a1babde,Whole Foods Market,4301 W William Cannon Dr,Austin,TX,78749-1417,30.220285415649414,-97.84175109863281,Overture Places 2026-07-22.0,2026-07-22,open,packet_ready,primary_store_candidate
Whole Foods Market,64a287dc-2272-49d3-a7e3-2e3e5555a1fd,Whole Foods Market,901 E 5th St,Austin,TX,78702-4072,30.26433563232422,-97.73406219482422,Overture Places 2026-07-22.0,2026-07-22,open,packet_ready,primary_store_candidate
Whole Foods Market,b85ec94f-b574-41e8-9af5-39bed81cc587,Whole Foods Market,9607 Research Blvd,Austin,TX,78759-5691,30.389423370361328,-97.74166107177734,Overture Places 2026-07-22.0,2026-07-22,open,packet_ready,primary_store_candidate
Whole Foods Market,a2ed6b82-c91d-4eb2-a41e-63183f5360ca,Whole Foods Market,12601 Hill Country Blvd,Bee Cave,TX,78738-6722,30.307645797729492,-97.93773651123047,Overture Places 2026-07-22.0,2026-07-22,open,packet_ready,primary_store_candidate
Whole Foods Market,e3397267-d2ee-4bd2-bc21-9c3135d0106c,Whole Foods Market,5001 183A Toll Rd,Cedar Park,TX,78613,30.53564453125,-97.81767272949219,Overture Places 2026-07-22.0,2026-07-22,open,packet_ready,primary_store_candidate
Whole Foods Market,fec7b570-2185-4de3-851b-58d2b66c1281,Whole Foods Market,4801 Colleyville Blvd,Colleyville,TX,76034-3984,32.87925338745117,-97.15530395507812,Overture Places 2026-07-22.0,2026-07-22,open,packet_ready,primary_store_candidate
Whole Foods Market,cc8f76d4-f122-4850-ab24-df96c2ce55e7,Whole Foods Market,11700 Preston Rd,Dallas,TX,75230-2739,32.90748596191406,-96.8031997680664,Overture Places 2026-07-22.0,2026-07-22,open,packet_ready,primary_store_candidate
Whole Foods Market,4e2bed66-1451-4fd0-b8e2-2ab0d4fb5f3a,Whole Foods Market,2118 Abrams Rd,Dallas,TX,75214-3918,32.81562423706055,-96.7520980834961,Overture Places 2026-07-22.0,2026-07-22,open,packet_ready,primary_store_candidate
Whole Foods Market,19964300-ab86-4214-8b76-32144c8e07cc,Whole Foods Market,5100 Belt Line Rd,Dallas,TX,75254-1404,32.953060150146484,-96.82099914550781,Overture Places 2026-07-22.0,2026-07-22,open,packet_ready,primary_store_candidate
Whole Foods Market,5977f3d8-2c26-4e9f-bf17-f334c01ccfbb,Whole Foods Market,8190 Park Ln,Dallas,TX,75231,32.86808395385742,-96.76785278320312,Overture Places 2026-07-22.0,2026-07-22,open,packet_ready,primary_store_candidate
Whole Foods Market,fc8db815-84dc-43d7-b6c5-07ff80091a76,Whole Foods Market,100 Pitt St,El Paso,TX,79912-4454,31.83411979675293,-106.54786682128906,Overture Places 2026-07-22.0,2026-07-22,open,packet_ready,primary_store_candidate
Whole Foods Market,dff6e855-21cc-4598-be19-bdc14d7160d1,Whole Foods Market,105 Stacy Rd,Fairview,TX,75069-1519,33.130985260009766,-96.65660858154297,Overture Places 2026-07-22.0,2026-07-22,open,packet_ready,primary_store_candidate
Whole Foods Market,af32f462-7f8a-4354-af78-04db2b285960,Whole Foods Market,4041 Waller Crk,Highland Village,TX,75077-3252,33.072669982910156,-97.08448791503906,Overture Places 2026-07-22.0,2026-07-22,open,packet_ready,primary_store_candidate
Whole Foods Market,c79b82b6-9425-4969-976e-f9d88d76bb81,Whole Foods Market,101 N Loop Fwy,Houston,TX,77018,29.813684463500977,-95.39840698242188,Overture Places 2026-07-22.0,2026-07-22,open,packet_ready,primary_store_candidate
Whole Foods Market,f9cc991d-ab40-4e96-b236-4b581841250a,Whole Foods Market,10133 Louetta Rd,Houston,TX,77070-2117,29.99856185913086,-95.56219482421875,Overture Places 2026-07-22.0,2026-07-22,open,packet_ready,primary_store_candidate
Whole Foods Market,f4caabdb-45ef-4024-8577-6e5024353124,Whole Foods Market,11041 Westheimer Rd,Houston,TX,77042-3205,29.735048294067383,-95.57060241699219,Overture Places 2026-07-22.0,2026-07-22,open,packet_ready,primary_store_candidate
Whole Foods Market,76f51d13-3203-4e63-b473-da0cdea13755,Whole Foods Market,1407 S Voss Rd,Houston,TX,77057-1088,29.752405166625977,-95.50009155273438,Overture Places 2026-07-22.0,2026-07-22,open,packet_ready,primary_store_candidate
Whole Foods Market,62438fb7-4004-4150-95c7-ed18bc118b94,Whole Foods Market,1700 Post Oak Blvd,Houston,TX,77056-3963,29.749635696411133,-95.46174621582031,Overture Places 2026-07-22.0,2026-07-22,open,packet_ready,primary_store_candidate
Whole Foods Market,ff83d4b5-0722-4122-938d-3d18222d128a,Whole Foods Market,2955 Kirby Dr,Houston,TX,77098-1202,29.73931312561035,-95.418212890625,Overture Places 2026-07-22.0,2026-07-22,open,packet_ready,primary_store_candidate
Whole Foods Market,42966404-fbeb-49d3-ac3a-671dbf433f0a,Whole Foods Market,4004 Bellaire Blvd,Houston,TX,77025-1122,29.706825256347656,-95.44152069091797,Overture Places 2026-07-22.0,2026-07-22,open,packet_ready,primary_store_candidate
Whole Foods Market,c52e41a3-1c94-415d-bbf8-6af286260504,Whole Foods Market,701 Waugh Dr,Houston,TX,77019-2005,29.758100509643555,-95.39765167236328,Overture Places 2026-07-22.0,2026-07-22,open,packet_ready,primary_store_candidate
Whole Foods Market,1e8c9ca0-9982-4562-90c9-4d7359c03712,Whole Foods Market,6741 N MacArthur Blvd,Irving,TX,75039-2403,32.901309967041016,-96.96023559570312,Overture Places 2026-07-22.0,2026-07-22,open,packet_ready,primary_store_candidate
Whole Foods Market,d9bd60da-26a6-493f-a9b9-bfaf263a4e99,Whole Foods Market,6601 S Fry Rd,Katy,TX,77494-3433,29.712570190429688,-95.77159881591797,Overture Places 2026-07-22.0,2026-07-22,open,packet_ready,primary_store_candidate
Whole Foods Market,58949dc4-a03c-4607-a4ea-a72b067dac7c,Whole Foods Market,2201 Preston Rd,Plano,TX,75093-2306,33.029327392578125,-96.79679870605469,Overture Places 2026-07-22.0,2026-07-22,open,packet_ready,primary_store_candidate
Whole Foods Market,5a9e0ca7-c6c9-4b8d-af4c-d6009507c22a,Whole Foods Market,1411 E Renner Rd,Richardson,TX,75082-2005,32.998653411865234,-96.69874572753906,Overture Places 2026-07-22.0,2026-07-22,open,packet_ready,primary_store_candidate
Whole Foods Market,92b817c7-5899-4cdc-8075-97103c50b6ea,Whole Foods Market,18403 Blanco Rd,San Antonio,TX,78258-4020,29.613130569458008,-98.51083374023438,Overture Places 2026-07-22.0,2026-07-22,open,packet_ready,primary_store_candidate
Whole Foods Market,3f347a51-f401-48b4-98bd-eaf699cc88fc,Whole Foods Market,255 E Basse Rd,San Antonio,TX,78209-8336,29.493131637573242,-98.48063659667969,Overture Places 2026-07-22.0,2026-07-22,open,packet_ready,primary_store_candidate
Whole Foods Market,5f1ed83e-896a-4ef6-b80d-8e4a0fdbff17,Whole Foods Market,15900 Southwest Fwy,Sugar Land,TX,77478-4089,29.600112915039062,-95.62335968017578,Overture Places 2026-07-22.0,2026-07-22,open,packet_ready,primary_store_candidate
