brand,store_id,store_name,address,city,state,postal_code,latitude,longitude,source,source_date,license_status
Mall,fbdb7364-6a9b-4377-adf3-7ac91b09d4ba,South Shore Mall,1017 S Boone St,Aberdeen,WA,98520-6700,46.96098327636719,-123.80728149414062,Overture Places 2026-07-22.0,2026-07-22,open
Marketplace,0d7e4c2f-23f6-474b-be9e-e3b8465c6019,The Marketplace,101 N Broadway St,Aberdeen,WA,98520,46.9775276184082,-123.8078842163086,Overture Places 2026-07-22.0,2026-07-22,open
Retail Village,56936f4b-90b0-464e-8c72-c37fc9639878,Chinese Village,2409 Simpson Ave,Aberdeen,WA,98520-3517,46.974979400634766,-123.84651947021484,Overture Places 2026-07-22.0,2026-07-22,open
Marketplace,1cc95c76-706f-4264-82c4-57ddfb6510df,Marketplace,100 N Hayford Rd,Airway Heights,WA,99001,47.65852737426758,-117.56427764892578,Overture Places 2026-07-22.0,2026-07-22,open
Retail Village,68f803a9-d7f2-4338-9deb-d058bcaa2850,Arrowleaf Village,380 S Aspen St,Airway Heights,WA,99001-6014,47.65226364135742,-117.59806060791016,Overture Places 2026-07-22.0,2026-07-22,open
Retail Village,be4d4c0d-ff75-4bb5-9299-eb35894ed416,The Village Tavern,13119 W Sunset Hwy,Airway Heights,WA,99001,47.64250946044922,-117.59269714355469,Overture Places 2026-07-22.0,2026-07-22,open
Retail Village,f45a7457-6533-430a-94bb-c3e36492898d,Lakeland Village Golf,470 E Country Club Dr,Allyn,WA,98524-8793,47.38412094116211,-122.84358215332031,Overture Places 2026-07-22.0,2026-07-22,open
Retail Village,6046e884-7167-4861-98ab-a58b1582fd2e,Lakeland Village Golf Course and Pro Shop,200 E Old Ranch Rd,Allyn,WA,98524-7714,47.38861083984375,-122.8419189453125,Overture Places 2026-07-22.0,2026-07-22,open
Retail Village,7d79777d-8887-4934-a3b0-ddb67c1303e6,The Bistro at Lakeland Village,470 E Country Club Dr,Allyn,WA,98524,47.38421630859375,-122.84347534179688,Overture Places 2026-07-22.0,2026-07-22,open
Retail Village,343a7de5-bea7-4c3b-bc69-503b8d871717,Village Pizza,807 Commercial Ave,Anacortes,WA,98221-4112,48.515594482421875,-122.6124038696289,Overture Places 2026-07-22.0,2026-07-22,open
Retail Plaza,23a7c514-358d-4344-8b38-90a2f68e478b,Smokey Point Plaza,3405 172nd St NE,Arlington,WA,98223-7717,48.15306854248047,-122.18465423583984,Overture Places 2026-07-22.0,2026-07-22,open
Retail Village,5676b55f-36f9-4d61-ab1f-f983fad7d819,Pilchuck Village,20310 74th Ave NE,Arlington,WA,98223,48.18060302734375,-122.13201141357422,Overture Places 2026-07-22.0,2026-07-22,open
Retail Village,64e2f7d9-b821-4ea3-8f20-e71c317fbc63,Village Community Services,3210 Smokey Point Dr,Arlington,WA,98223-7805,48.15482711791992,-122.18639373779297,Overture Places 2026-07-22.0,2026-07-22,open
Retail Village,15405f72-d0e7-4462-9ea9-544f6598c461,Paradise Village,31881 WA-706 E,Ashford,WA,98304-9010,46.75722122192383,-122.01290130615234,Overture Places 2026-07-22.0,2026-07-22,open
Mall,56acc2da-f42b-451e-a47a-a9f91f02f468,Don Small & Sons Oil Distribution Company,112 3rd St NW,Auburn,WA,98001-4001,47.3099479675293,-122.23177337646484,Overture Places 2026-07-22.0,2026-07-22,open
Mall,ea805235-9645-4586-854d-d0702af1ab7d,Finnish Line Shoes Supermall,1101 Outlet Collection Dr Sw Ste 1209,Auburn,WA,98001-6525,47.29903793334961,-122.24076080322266,Overture Places 2026-07-22.0,2026-07-22,open
Mall,6f270560-62c6-4348-b88b-3a40b5a6f4bb,Lakeside Small Engine Repair,30662 34th Pl S,Auburn,WA,98001,47.3250732421875,-122.28980255126953,Overture Places 2026-07-22.0,2026-07-22,open
Mall,ae0ac913-8be1-4a35-b5cc-1328c7725549,Mallard Pointe at Riverbend,802 45th St NE,Auburn,WA,98002-1373,47.34780502319336,-122.2215805053711,Overture Places 2026-07-22.0,2026-07-22,open
Mall,4ea24c74-9be5-453d-9094-54268603af59,Muckleshoot Fireworks Mall,2155 Auburn Way S,Auburn,WA,98002-6320,47.290382385253906,-122.20052337646484,Overture Places 2026-07-22.0,2026-07-22,open
Mall,2f6fb2d3-6d36-448c-b731-06994a1c465c,Small & Sons,112 3rd St NW,Auburn,WA,98001,47.3097038269043,-122.23190307617188,Overture Places 2026-07-22.0,2026-07-22,open
Mall,8d47672a-b7eb-477c-8948-805020de1259,Smart Wireless (The Outlet Collection Mall),1101 Supermall Way,Auburn,WA,98001,47.29645919799805,-122.24586486816406,Overture Places 2026-07-22.0,2026-07-22,open
Mall,044cd51a-f4cf-44ff-b614-c45ef5880567,Supermall Of The Great Northwest,12725 SE 312th St,Auburn,WA,98092-3703,47.32271957397461,-122.17217254638672,Overture Places 2026-07-22.0,2026-07-22,open
Mall,98017dcc-3257-4e94-8e16-2ceb09b073b2,The Small Stops,5550 Auburn Way S,Auburn,WA,98092-7308,47.27540588378906,-122.15565490722656,Overture Places 2026-07-22.0,2026-07-22,open
Marketplace,216b6a21-5a16-496a-8024-e3d3b2966b90,Antique Marketplace,1809 Howard Rd,Auburn,WA,98002-6353,47.292606353759766,-122.21233367919922,Overture Places 2026-07-22.0,2026-07-22,open
Marketplace,a388946b-7572-4af6-bb9c-c6eb250ce0a2,Saar's Supersaver and Marketplace Foods,1702 Auburn Way N,Auburn,WA,98002-3372,47.32428741455078,-122.22013854980469,Overture Places 2026-07-22.0,2026-07-22,open
Retail Plaza,9b5b0872-758b-4469-a870-f0dbdaefba4e,Auburn Plaza Dental,502 16th St NE,Auburn,WA,98002-1622,47.32136535644531,-122.2231216430664,Overture Places 2026-07-22.0,2026-07-22,open
Retail Plaza,e0e34bca-c52f-4b81-9e56-6eeb14ef83df,Legacy Plaza Senior Living Apartments,17 South Division St,Auburn,WA,98001,47.30659103393555,-122.23062133789062,Overture Places 2026-07-22.0,2026-07-22,open
Retail Plaza,ce7122f4-a5d9-4d9b-816b-3c5f3802225a,Plaza La Estrella,40601 Auburn Enumclaw Rd SE,Auburn,WA,98092-9321,47.23750305175781,-122.11170196533203,Overture Places 2026-07-22.0,2026-07-22,open
Retail Village,d616675e-b3e4-4786-8fe1-d319f6cb57c2,Brookside Village,28700 34th Ave S,Auburn,WA,98001-1023,47.34476089477539,-122.28926086425781,Overture Places 2026-07-22.0,2026-07-22,open
Retail Village,ce7bff2c-9fdf-45e2-ab21-4efcfc3cfe2f,Green River Village Apartments,3716 Auburn Way N Ste 101,Auburn,WA,98002,47.3409423828125,-122.22184753417969,Overture Places 2026-07-22.0,2026-07-22,open
Retail Village,19c5c377-e38e-4ddc-bb1f-04a8d13e37a8,Riverside Village Apartments,1608 8th St NE,Auburn,WA,98002,47.31547546386719,-122.20706176757812,Overture Places 2026-07-22.0,2026-07-22,open
Retail Village,e6962d59-a381-4c57-a6e1-3c5d944bbdc3,Skylark Village Estates I,3105 M St SE,Auburn,WA,98002-8002,47.2805061340332,-122.21349334716797,Overture Places 2026-07-22.0,2026-07-22,open
Retail Village,ea485b2c-a02f-4902-a2b3-eeb7c17b8f4c,The Seasons at Lea Hill Village,12722 SE 312th St,Auburn,WA,98092-3145,47.32321548461914,-122.1723403930664,Overture Places 2026-07-22.0,2026-07-22,open
Retail Village,7018d832-692d-4af2-a83a-e1ff3f9da86a,Village Concepts of Auburn - Brannan Park,2901 I St NE,Auburn,WA,98002-2441,47.33309555053711,-122.2200927734375,Overture Places 2026-07-22.0,2026-07-22,open
Mall,b4d19ab2-00b1-4dfc-8d3e-a1100c0d7650,Big Jack's Small Engine,10355 NE Valley Rd,Bainbridge Island,WA,98061-0002,47.66461944580078,-122.5104751586914,Overture Places 2026-07-22.0,2026-07-22,open
Mall,7baf3f71-883d-4304-96bc-afd5be67b7db,Mallory Paint Store - Benjamin Moore,937 Hildebrand Lane NE Ste 100,Bainbridge Island,WA,98110,47.6337890625,-122.51722717285156,Overture Places 2026-07-22.0,2026-07-22,open
Mall,cdfa0c7b-5603-4cc1-9840-0fe182658a1b,Smallwood Design & Construction Inc,8356 NE Day Rd,Bainbridge Island,WA,98110,47.67980194091797,-122.53813934326172,Overture Places 2026-07-22.0,2026-07-22,open
Mall,c3de6507-2c3b-4695-b8be-e02648d4b9c0,Winslow Mall,278 Winslow Way E,Bainbridge Island,WA,98110-2427,47.62510681152344,-122.51873779296875,Overture Places 2026-07-22.0,2026-07-22,open
Marketplace,c8c567a3-368e-422c-aa0e-d93a9925e25d,The Marketplace at Pleasant Beach,4738 Lynwood Center Rd NE,Bainbridge Island,WA,98110-3205,47.60449981689453,-122.54733276367188,Overture Places 2026-07-22.0,2026-07-22,open
Retail Village,cb9ebb3e-5655-4e24-a7f4-b01a57e3fb6f,Grow Village III Homeowners,204 Grow Ave NW,Bainbridge Island,WA,98110-1738,47.625823974609375,-122.52452850341797,Overture Places 2026-07-22.0,2026-07-22,open
Retail Village,cd527d6e-a493-4d47-9f0c-18f7e74b8100,Island Village,253 High School Rd NE,Bainbridge Island,WA,98110,47.635257720947266,-122.51840209960938,Overture Places 2026-07-22.0,2026-07-22,open
Retail Village,99f1675a-90ee-4098-9b9b-80b7810387a4,The Bottle Shop At Pleasant Beach Village,4738 Lynwood Center Rd NE,Bainbridge Island,WA,98110-3205,47.604148864746094,-122.54655456542969,Overture Places 2026-07-22.0,2026-07-22,open
Mall,2e267fa9-5ef9-43cd-ab82-fbfddfde7d2a,Mallard Landing Assisted Living,813 SE Clark Ave,Battle Ground,WA,98604-8957,45.77493667602539,-122.52820587158203,Overture Places 2026-07-22.0,2026-07-22,open
Retail Village,63bb3946-a08d-49e7-b1d3-79b3131c838a,Battle Ground Village,819 SE 14th Loop,Battle Ground,WA,98604,45.774871826171875,-122.52308654785156,Overture Places 2026-07-22.0,2026-07-22,open
Retail Village,193c4c03-c5b5-4e0f-899c-c24d7f1f5100,Children's Village - Battle Ground,120 NW 20th Ave,Battle Ground,WA,98604,45.78200149536133,-122.55876159667969,Overture Places 2026-07-22.0,2026-07-22,open
Retail Village,a6b4b2d2-db5a-4314-8eae-3b5db5713b60,Village Ecosystem,16323 NE 94th Ave,Battle Ground,WA,98604-9468,45.739967346191406,-122.57438659667969,Overture Places 2026-07-22.0,2026-07-22,open
Retail Village,e1e2dbbf-bd67-4292-a9d4-327dd3b01bca,Beaux Arts Village Town Clerk,10550 SE 27th St,Beaux Arts Village,WA,98004-7231,47.58445739746094,-122.19696044921875,Overture Places 2026-07-22.0,2026-07-22,open
Marketplace,ebffed01-5e8d-4ab5-a408-5f2f50b20dfa,Native American Marketplace,WA State Hwy 3,Belfair,WA,98524,47.44955825805664,-122.82868194580078,Overture Places 2026-07-22.0,2026-07-22,open
Retail Village,787b1806-8d78-4f2e-bbae-5ca68a75d933,Mazama Village Campground,569 Mazama Village ,Belfair,WA,97604,47.450538635253906,-122.82765197753906,Overture Places 2026-07-22.0,2026-07-22,open
Mall,c90284c0-4fb8-4f89-acfb-5a2665cb625a,Bellevue Small Beach Park,99th Ave SE,Bellevue,WA,98004,47.61052322387695,-122.21005249023438,Overture Places 2026-07-22.0,2026-07-22,open
Mall,40273bce-f159-473a-aab9-b9c4e402838d,CenturyLink Small Business,10200 NE 10th St,Bellevue,WA,98004-4214,47.61948013305664,-122.20398712158203,Overture Places 2026-07-22.0,2026-07-22,open
Mall,3a21484d-c313-4f2a-a0bc-4d27913da8f8,Holy Land Mall,6647 SE Cougar Mountain Way,Bellevue,WA,98006,47.54237747192383,-122.1269302368164,Overture Places 2026-07-22.0,2026-07-22,open
Mall,56ed26d3-cfd2-469e-98cc-162e47787ed6,Just Poke Factoria Mall,4059 Factoria Square Mall SE,Bellevue,WA,98006,47.57402801513672,-122.17244720458984,Overture Places 2026-07-22.0,2026-07-22,open
Mall,6d76915f-88a5-489f-85f7-456383a0e233,Mallory Harwood Hanley - Windermere Real Estate/East Inc.,14405 SE 36th St,Bellevue,WA,98006-1513,47.61051940917969,-122.19127655029297,Overture Places 2026-07-22.0,2026-07-22,open
Mall,472f933c-6732-4638-87d3-6cbb182a14ef,Mallory Paint Store - Benjamin Moore,12021 Northup Way Ste 201,Bellevue,WA,98005,47.63166427612305,-122.18043518066406,Overture Places 2026-07-22.0,2026-07-22,open
Mall,a0834349-6989-41ec-902c-30666e49dab0,OptimalLife Wellness Center,2320 130th Ave NE Ste 240,Bellevue,WA,98004,47.630943298339844,-122.16583251953125,Overture Places 2026-07-22.0,2026-07-22,open
Mall,b6478857-d55b-4dd1-adfd-36f0b926093a,OptimalLife Wellness Center,2320 130th Ave NE Ste 240,Bellevue,WA,98005,47.62479782104492,-122.1868667602539,Overture Places 2026-07-22.0,2026-07-22,open
Mall,20469213-99c6-4206-80ac-19d3e175a02e,Overlake Square Mall,14625 NE 24th St,Bellevue,WA,98007-3706,47.631099700927734,-122.14497375488281,Overture Places 2026-07-22.0,2026-07-22,open
Mall,e01bb428-1494-40d8-90d1-b3506124890d,Small Dimensions Preschool,11504 NE 19th St,Bellevue,WA,98004,47.62757110595703,-122.207275390625,Overture Places 2026-07-22.0,2026-07-22,open
Mall,98daa982-1f2b-4d87-a7a6-3121e96c2d32,SmallTalk,2300 130th Ave NE,Bellevue,WA,98005-1755,47.63106155395508,-122.1664810180664,Overture Places 2026-07-22.0,2026-07-22,open
Mall,d699d356-ccf6-41bd-8bcb-b266403400e6,The Tux Shop in Factoria Mall,4015 Factoria Blvd SE,Bellevue,WA,98006-6144,47.57462692260742,-122.17121124267578,Overture Places 2026-07-22.0,2026-07-22,open
Marketplace,e4d0d8a7-95f8-4eda-b022-8201c1a6dd70,Bellevue Marketplace,14625 NE 20th St,Bellevue,WA,98007,47.627437591552734,-122.14488220214844,Overture Places 2026-07-22.0,2026-07-22,open
Marketplace,ce310b5a-e3a2-4ee7-88db-4e81c84cfd60,Marketplace Cafe,100 Bellevue Sq,Bellevue,WA,98004,47.617069244384766,-122.20451354980469,Overture Places 2026-07-22.0,2026-07-22,open
Marketplace,25bca048-d6f5-447e-aa08-3a1e7a9ce2b4,The Marketplace at Factoria,4055 Factoria Blvd SE,Bellevue,WA,98006,47.574607849121094,-122.17200469970703,Overture Places 2026-07-22.0,2026-07-22,open
Marketplace,274db36e-ce1c-470d-ba58-c644fa283760,The Marketplace at Factoria,4055 Factoria Blvd SE,Bellevue,WA,98006-6144,47.57465744018555,-122.17182922363281,Overture Places 2026-07-22.0,2026-07-22,open
Retail Plaza,b23408e3-73f1-418c-87d7-e200c6decfbc,Ashwood Plaza,NE 10th St & 110th Ave NE,Bellevue,WA,98004,47.61955642700195,-122.19410705566406,Overture Places 2026-07-22.0,2026-07-22,open
Retail Plaza,b6e62be5-c64e-4252-b3b0-d66ad9395df7,BYB at Plaza Salon Bellevue,10900 NE 8th St,Bellevue,WA,98004-4400,47.6180305480957,-122.19398498535156,Overture Places 2026-07-22.0,2026-07-22,open
Retail Plaza,53b52323-cd7f-40c1-b13b-12915580de9a,Cafeteria at Microsoft City Center Plaza,500 108th Ave NE,Bellevue,WA,98004-5060,47.61491012573242,-122.19583892822266,Overture Places 2026-07-22.0,2026-07-22,open
Retail Plaza,477d79d8-4893-433e-a647-fea6ed626c3f,Desi Food Plaza,14510 NE 20th St,Bellevue,WA,98007-3715,47.62932205200195,-122.1467056274414,Overture Places 2026-07-22.0,2026-07-22,open
Retail Plaza,e92f2a3d-6aa7-4b67-ad51-78d69e382a00,Eastgate Plaza,15100 SE 37th St,Bellevue,WA,98006-1736,47.576717376708984,-122.13751983642578,Overture Places 2026-07-22.0,2026-07-22,open
Retail Plaza,4c0a5de0-58fd-44c3-8066-0b46b3e23dca,Gis Plaza,999 110th Ave NE,Bellevue,WA,98004-4671,47.61917495727539,-122.19400024414062,Overture Places 2026-07-22.0,2026-07-22,open
Retail Plaza,00225893-2422-47f6-8f98-58c8b437625f,Highland Outdoor Skate Plaza,14224 NE Bel Red Rd,Bellevue,WA,98007-3911,47.62556076049805,-122.15052795410156,Overture Places 2026-07-22.0,2026-07-22,open
Retail Plaza,23bfa76c-ef38-4655-afad-de17421a9378,Lincoln Plaza,11245 SE 6th St,Bellevue,WA,98004-6499,47.603721618652344,-122.18971252441406,Overture Places 2026-07-22.0,2026-07-22,open
Retail Plaza,1b2d16b5-2af0-491e-b3e0-e7930d77f1b0,Plaza 520,13228 Ne 20th St Ste 300,Bellevue,WA,98005-2049,47.62894821166992,-122.16413879394531,Overture Places 2026-07-22.0,2026-07-22,open
Retail Plaza,466e9fd0-f253-4e8e-81c4-44179483b659,Plaza East,11100 NE 8th St,Bellevue,WA,98004-4402,47.617557525634766,-122.19149780273438,Overture Places 2026-07-22.0,2026-07-22,open
Retail Plaza,389ed2cb-322d-4862-b4ae-1dc79a999db6,Plaza Mexico,14330 Ne 20th St Ste B,Bellevue,WA,98007-3771,47.62832260131836,-122.14910125732422,Overture Places 2026-07-22.0,2026-07-22,open
Retail Plaza,318dd1d1-139e-4e55-8e36-dd4fb69ece28,Plaza Salon,10900 NE 8th St,Bellevue,WA,98004-4400,47.61800003051758,-122.19400024414062,Overture Places 2026-07-22.0,2026-07-22,open
Retail Plaza,00343159-a7b5-409d-9871-b27a2fb67666,RediClinic Eastgate Plaza,15100 S. Street E. 38Th,Bellevue,WA,98006,47.5767936706543,-122.13665771484375,Overture Places 2026-07-22.0,2026-07-22,open
Retail Plaza,62405730-375a-4373-aeeb-3fa2ce37cf6a,Total Looks by Chantal Salon Boutique is located in the Plaza Salon,10900 NE 8th St,Bellevue,WA,98004,47.6179084777832,-122.19403076171875,Overture Places 2026-07-22.0,2026-07-22,open
Retail Village,67d5fb2f-9854-4ab2-9cea-9d64f92e0235,Hidden Village - Boys & Girls Clubs of Bellevue,14508 SE 24th St,Bellevue,WA,98007,47.58924865722656,-122.1441879272461,Overture Places 2026-07-22.0,2026-07-22,open
Retail Village,862d79f9-03ec-46c3-bd66-4b1b308152e7,Highland Village Apartments,14526 NE 7th Pl,Bellevue,WA,98007-4743,47.616600036621094,-122.14634704589844,Overture Places 2026-07-22.0,2026-07-22,open
Retail Village,ed3d5a81-b807-4434-ba2e-57a5395f5155,Kona Village,14700 NE 29th Pl,Bellevue,WA,98007-3635,47.63652420043945,-122.14493560791016,Overture Places 2026-07-22.0,2026-07-22,open
Retail Village,8d6986fe-20cd-42fc-99ae-99e736888d86,Norwood Village Park,12309 SE 23rd Pl,Bellevue,WA,98005,47.58993148803711,-122.17327880859375,Overture Places 2026-07-22.0,2026-07-22,open
Retail Village,9fff8369-9bd9-4702-b0f9-1faa60cf8f8e,Norwood Village Park Pickleball and Tennis Courts,2340 123rd Pl SE,Bellevue,WA,98005-4193,47.589847564697266,-122.17396545410156,Overture Places 2026-07-22.0,2026-07-22,open
Retail Village,bbf5baf9-5bea-48e4-943c-e22149d6528a,Pacific Village Condominium Office,1425 154th Ave NE,Bellevue,WA,98007-4431,47.622982025146484,-122.13521575927734,Overture Places 2026-07-22.0,2026-07-22,open
Retail Village,c6540bb1-a951-44dd-85a4-c688cdf150c9,Pinewood Village Apartment Homes,14911 NE 1st Pl,Bellevue,WA,98007-5058,47.61117935180664,-122.14099884033203,Overture Places 2026-07-22.0,2026-07-22,open
Retail Village,ef10de28-2057-4822-8b14-4073510dcc90,Snowy Village Bellevue,"1075 Bellevue Way NE #B1",Bellevue,WA,98004,47.61980438232422,-122.2026596069336,Overture Places 2026-07-22.0,2026-07-22,open
Retail Village,d0d178c5-4edd-4b80-ad46-57ce48e70dd5,Value Village,11400 SE 6th St Ste 220,Bellevue,WA,98004,47.60493469238281,-122.18714141845703,Overture Places 2026-07-22.0,2026-07-22,open
Retail Village,d8b46b05-9727-49f3-8dea-8dc180b60a45,Village Gardens,550 102nd Ave SE,Bellevue,WA,98004,47.6044807434082,-122.20375061035156,Overture Places 2026-07-22.0,2026-07-22,open
Retail Village,da6df821-65a3-46b9-961f-faceec026d0a,Wilburton Village,316 116th Ave NE,Bellevue,WA,98004-5211,47.613243103027344,-122.18437957763672,Overture Places 2026-07-22.0,2026-07-22,open
Retail Village,36243b66-c26e-437f-b2c8-e79f1fc670f1,Yarrow Bay Village,3810 110th Pl NE,Bellevue,WA,98004-7760,47.6451530456543,-122.19274139404297,Overture Places 2026-07-22.0,2026-07-22,open
Shopping Center,dc3ba5ce-7f43-42e4-8388-f4c2c5d7c7b9,Bellevue Plaza Shopping Center,124 105th Ave NE,Bellevue,WA,98004-5913,47.610862731933594,-122.2007827758789,Overture Places 2026-07-22.0,2026-07-22,open
Shopping Center,345493d3-7e13-4a7d-927c-187ae45ed0f6,Crossroads East Shopping Center,15920 NE 8th St,Bellevue,WA,98008-3944,47.617454528808594,-122.12794494628906,Overture Places 2026-07-22.0,2026-07-22,open
Shopping Center,0cd2b104-1520-4f90-a5e5-e7ff606c4d4e,Evergreen Village Shopping Center,1645 140th Ave NE,Bellevue,WA,98005-2320,47.62575912475586,-122.15473175048828,Overture Places 2026-07-22.0,2026-07-22,open
Shopping Center,e4d5a51b-d89e-43b9-9827-fffb7cfadc49,Lakehills Shopping Center,655 156th Ave SE,Bellevue,WA,98007-5009,47.60385513305664,-122.13140869140625,Overture Places 2026-07-22.0,2026-07-22,open
Shopping Center,b5c66eb9-787a-4ba8-9aa0-7685f638a7b5,Newport Hills Shopping Center,5806 119th Ave SE,Bellevue,WA,98006-3749,47.5521354675293,-122.17831420898438,Overture Places 2026-07-22.0,2026-07-22,open
Mall,8c610ac7-ac45-4d9d-b05e-3a9c780bd542,Bellingham Antique Mall,1308 Railroad Ave,Bellingham,WA,98225-4723,48.74928283691406,-122.47748565673828,Overture Places 2026-07-22.0,2026-07-22,open
Mall,11eac08b-4730-4026-b981-4d51ee8f2519,Health Mega Mall,"336 36th St #382",Bellingham,WA,98225,48.730812072753906,-122.4730224609375,Overture Places 2026-07-22.0,2026-07-22,open
Mall,092e25bb-eca0-42a8-a4c2-8643d307ea4a,Mallard Ice Cream,1323 Railroad Ave,Bellingham,WA,98225-4722,48.74982452392578,-122.47737884521484,Overture Places 2026-07-22.0,2026-07-22,open
Mall,394cbf2a-f165-4c33-a7a8-037147783fef,Penny Lane Antique Mall,427 W Holly St,Bellingham,WA,98225-4315,48.75214767456055,-122.48303985595703,Overture Places 2026-07-22.0,2026-07-22,open
Mall,caac1b58-c4bc-4311-b389-52f9976d3fa7,WWU Small Business Development Center,2219 Rimland Dr,Bellingham,WA,98226-5759,48.77334976196289,-122.44267272949219,Overture Places 2026-07-22.0,2026-07-22,open
Retail Plaza,6820c230-87ab-4bfb-bd1a-b3f997306da6,Buck's Plaza Apartments,1610 J St,Bellingham,WA,98225-3082,48.75627136230469,-122.4858627319336,Overture Places 2026-07-22.0,2026-07-22,open
Retail Plaza,895319a0-cfc9-418c-99f7-aeaee0420375,Commercial Street Plaza,1314 Commercial St,Bellingham,WA,98225,48.7509765625,-122.47908020019531,Overture Places 2026-07-22.0,2026-07-22,open
Retail Plaza,4d4360b9-244e-45b7-a989-e1966e318145,Crown Plaza Executive Suites,119 N Commercial St,Bellingham,WA,98225-4423,48.75136184692383,-122.478271484375,Overture Places 2026-07-22.0,2026-07-22,open
Retail Plaza,040ac235-cfd2-4456-91cd-bd9faf83fb4c,Guide Meridian Auto Plaza,6010 Guide Meridian Rd,Bellingham,WA,98226-9788,48.859169006347656,-122.48506164550781,Overture Places 2026-07-22.0,2026-07-22,open
Retail Plaza,e6824373-b43a-4ede-91b6-9f44f4d80255,Medical Office Plaza,3015 Squalicum Pkwy,Bellingham,WA,98225-1906,48.773677825927734,-122.47116088867188,Overture Places 2026-07-22.0,2026-07-22,open
Retail Plaza,4845ffad-f777-4048-a21a-6af147693270,PeaceHealth Fairhaven Plaza Primary Care Clinic,3125 Old Fairhaven Pkwy Ste 106,Bellingham,WA,98225,48.71506881713867,-122.47608184814453,Overture Places 2026-07-22.0,2026-07-22,open
Retail Plaza,6f7608a7-2fc5-465e-8f98-1d43f510f3dc,PeaceHealth Senior Health at Medical Office Plaza,"3015 Squalicum Pkwy #100",Bellingham,WA,98225,48.773807525634766,-122.47135925292969,Overture Places 2026-07-22.0,2026-07-22,open
Retail Village,217e8731-86b3-4ca5-9263-4b1bb9c64df7,Barkley Village,2219 Rimland Dr Ste 115,Bellingham,WA,98226-8661,48.773536682128906,-122.4426498413086,Overture Places 2026-07-22.0,2026-07-22,open
Retail Village,5c07c157-623e-4e2d-977d-95d4fc00e542,Barkley Village,2900 Woburn St,Bellingham,WA,98226-3865,48.770206451416016,-122.44552612304688,Overture Places 2026-07-22.0,2026-07-22,open
Retail Village,3c62cea8-dba1-409f-a14c-0d663cacfda5,Barkley Village Family Dentistry,2940 Newmarket St,Bellingham,WA,98226-3871,48.77039337158203,-122.44342041015625,Overture Places 2026-07-22.0,2026-07-22,open
Retail Village,0ef12ac7-49b1-4553-8201-b1ec7e2b4fe4,Bay Street Village,301 W Holly St,Bellingham,WA,98225-4328,48.75105667114258,-122.4814682006836,Overture Places 2026-07-22.0,2026-07-22,open
Retail Village,973866e3-0c5d-4c57-90f8-56369ef951e4,Bellingham - Sehome Village,222 36th St,Bellingham,WA,98225-6540,48.73115921020508,-122.47119140625,Overture Places 2026-07-22.0,2026-07-22,open
Retail Village,40121c08-2cd6-4ff3-a994-ce18646e089a,Fairhaven Village,1020 Harris Ave,Bellingham,WA,98225,48.71993637084961,-122.503662109375,Overture Places 2026-07-22.0,2026-07-22,open
Retail Village,3dca4c13-5088-434f-bb1d-9e87472da083,Fairhaven Village Green,1207 10th St,Bellingham,WA,98225,48.72066879272461,-122.50418853759766,Overture Places 2026-07-22.0,2026-07-22,open
Retail Village,d9820c47-b8b3-4f03-83be-c31bce6c41cd,Gentle Dental Sehome Village,224 36th St,Bellingham,WA,98225-6540,48.73173904418945,-122.47146606445312,Overture Places 2026-07-22.0,2026-07-22,open
Retail Village,8ad4c369-5907-411d-84ea-d0e51bf02a86,Laurel Village,206 E Laurel St,Bellingham,WA,98225,48.745574951171875,-122.48279571533203,Overture Places 2026-07-22.0,2026-07-22,open
Retail Village,a20947d2-aebf-4bf5-bfe4-02e7af87e2c9,Meridian Village,180 Telegraph Rd,Bellingham,WA,98226,48.784645080566406,-122.4856185913086,Overture Places 2026-07-22.0,2026-07-22,open
Retail Village,f9e84671-035c-45d8-a5ee-778ff60e37aa,Old Mill Village,2100 Electric Ave,Bellingham,WA,98229-4520,48.75727081298828,-122.41699981689453,Overture Places 2026-07-22.0,2026-07-22,open
Retail Village,352ad9a8-47cb-48e2-9d78-7b0bd4e6d5b0,Park View Village Apartments,425 Stuart Rd,Bellingham,WA,98226,48.79956817626953,-122.49230194091797,Overture Places 2026-07-22.0,2026-07-22,open
Retail Village,cc284ed1-2dd3-4225-9bd7-3d09ca5c204b,Parkway village,2015 24th St,Bellingham,WA,98225-8115,48.713958740234375,-122.4849853515625,Overture Places 2026-07-22.0,2026-07-22,open
Retail Village,9dd635db-4cc1-498a-be61-02f5aa80e032,Scotty Brown's Barkley Village,2130 Premier Way,Bellingham,WA,98226-3804,48.769256591796875,-122.44591522216797,Overture Places 2026-07-22.0,2026-07-22,open
Retail Village,41da487f-08a0-4a30-a156-19b787c0929c,Sol Tanning Sehome Village,322 36th St,Bellingham,WA,98225-6580,48.73139190673828,-122.47308349609375,Overture Places 2026-07-22.0,2026-07-22,open
Retail Village,842e2dba-aeb4-4990-8e93-48c6988dc57f,Value Village,150 E Bellis Fair Pkwy,Bellingham,WA,98226-5541,48.78729248046875,-122.4837417602539,Overture Places 2026-07-22.0,2026-07-22,open
Retail Village,52421826-9f9d-471d-9cb7-5a181c2724b5,Village Billiards & Catering,710 Samish Way,Bellingham,WA,98229-2904,48.72669982910156,-122.47225952148438,Overture Places 2026-07-22.0,2026-07-22,open
Retail Village,0aa75187-ecf6-4936-969f-a414f0b3a0dd,Village Books,1200 11th St,Bellingham,WA,98225-7015,48.72072982788086,-122.50363159179688,Overture Places 2026-07-22.0,2026-07-22,open
Retail Village,53406ae8-047d-4d30-8f81-aeb7eca85d8d,Village Inn Pub & Eatery,3020 Northwest Ave,Bellingham,WA,98225-1607,48.771034240722656,-122.49299621582031,Overture Places 2026-07-22.0,2026-07-22,open
Retail Village,ee78f51c-62b7-4dbf-8d37-8e83b0749d6d,Village Lighting,1616 N State St,Bellingham,WA,98225,48.75172805786133,-122.471435546875,Overture Places 2026-07-22.0,2026-07-22,open
Retail Village,9d5dfff7-2b13-48e5-93b7-6642465ff616,Village Veterinary Hospital,236 36th St,Bellingham,WA,98225-6540,48.731529235839844,-122.47221374511719,Overture Places 2026-07-22.0,2026-07-22,open
Retail Village,54a23db8-8f3d-4aa2-b28e-b4cbbda22739,Village at Baker Creek,Primrose Lane,Bellingham,WA,98226,48.78489303588867,-122.47481536865234,Overture Places 2026-07-22.0,2026-07-22,open
Retail Village,79693752-4847-4172-9e67-0f92f5303139,Whatcom Family Village,1501 Fraser St,Bellingham,WA,98229-5828,48.75217819213867,-122.45491790771484,Overture Places 2026-07-22.0,2026-07-22,open
Retail Village,30eb4907-5769-46f0-a7c5-973187f96346,Woods Coffee in Sehome Village,210 36th St,Bellingham,WA,98225,48.73267364501953,-122.4715576171875,Overture Places 2026-07-22.0,2026-07-22,open
Shopping Center,74128c14-1472-4e82-af3c-b2098afabda7,Sehome Village Shopping Center,400 36th St,Bellingham,WA,98225-6537,48.73051834106445,-122.47228240966797,Overture Places 2026-07-22.0,2026-07-22,open
Retail Village,7c8e8344-1010-4926-aa27-06f63cda75d9,Kiona Village Community,31404 E Kennedy Rd NE,Benton City,WA,99320-6518,46.26033401489258,-119.4268569946289,Overture Places 2026-07-22.0,2026-07-22,open
Retail Village,f126775d-6d1d-4960-9c3d-bceebc443b04,The Village at Ten Trails,22870 SE Fir St,Black Diamond,WA,98010,47.30958557128906,-122.03697967529297,Overture Places 2026-07-22.0,2026-07-22,open
Retail Village,63068091-ead3-44e5-b00e-30236e286e57,The Village at Ten Trails,32607 Willow Ave SE,Black Diamond,WA,98010,47.30990982055664,-122.02994537353516,Overture Places 2026-07-22.0,2026-07-22,open
Retail Plaza,beae53e5-0c2b-48b9-ab3b-3bd9a8679749,Plaza Park Resident Owned Parks Inc,4414 Birch Bay Lynden Rd,Blaine,WA,98230-9197,48.938629150390625,-122.72193908691406,Overture Places 2026-07-22.0,2026-07-22,open
Retail Village,8e3e3dc8-7126-4f34-a60b-a7a5540659be,Birch Bay Village Community,8181 Cowichan Rd,Blaine,WA,98230-9301,48.93778610229492,-122.77887725830078,Overture Places 2026-07-22.0,2026-07-22,open
Retail Village,932c7267-840a-4ead-ac05-d17d664fe337,Birch Bay Village Community Club,8055 Cowichan Rd,Blaine,WA,98230-6326,48.93701934814453,-122.78350067138672,Overture Places 2026-07-22.0,2026-07-22,open
Retail Village,c3d6e59a-095e-4080-a282-265e1ce357b4,Birch Bay Village Community Club,8055 Cowichan Rd,Blaine,WA,98230-6326,48.93582534790039,-122.78532409667969,Overture Places 2026-07-22.0,2026-07-22,open
Retail Village,904672ab-ee0a-4100-9172-f3cefe4bb11f,Birch Bay Village Golf Course,8169 Cowichan Rd,Blaine,WA,98230-9301,48.939266204833984,-122.77812957763672,Overture Places 2026-07-22.0,2026-07-22,open
Mall,14ca8205-65de-4a18-a660-333f4c3f6696,Bonney Lake Small Engine,6524 193rd Ave E,Bonney Lake,WA,98391-8847,47.196449279785156,-122.17302703857422,Overture Places 2026-07-22.0,2026-07-22,open
Retail Plaza,9728c01a-f2a4-4865-8116-fa049d921e98,Bonney Lake 410 Plaza,21270 State Route 410 E,Bonney Lake,WA,98391-8789,47.168148040771484,-122.14896392822266,Overture Places 2026-07-22.0,2026-07-22,open
Retail Village,e430059f-8359-498b-aedd-a53af66c0fb6,Bonney Lake Village,21185 State Route 410 E,Bonney Lake,WA,98391-8457,47.1661262512207,-122.14714813232422,Overture Places 2026-07-22.0,2026-07-22,open
Retail Village,835875f3-d4cf-4922-b3ae-e14092f08c30,Woodbriar Village,11025 179th Ave Ct E,Bonney Lake,WA,98391-8090,47.1558837890625,-122.19092559814453,Overture Places 2026-07-22.0,2026-07-22,open
Mall,2bdb2ed0-b5f3-4cc7-af7a-dad961a884dc,Alderwood Mall,18717 33rd Ave SE,Bothell,WA,98012-8832,47.82767868041992,-122.18828582763672,Overture Places 2026-07-22.0,2026-07-22,open
Mall,0b51e646-605c-405f-be97-802991a1de79,Anderson Swanson Mallonee & Senger PS,19015 N Creek Pkwy Ste 107,Bothell,WA,98011,47.76524353027344,-122.18550872802734,Overture Places 2026-07-22.0,2026-07-22,open
Mall,4a93a8d7-5f0d-4a2e-9335-1ac402c28d67,Anderson Swanson Mallonee & Senger PS,22232 17th Ave SE,Bothell,WA,98021-7411,47.79536437988281,-122.21158599853516,Overture Places 2026-07-22.0,2026-07-22,open
Mall,003906d6-9868-41f4-89fd-a6ac49e774fb,Mallory Griffin ARNP,11724 NE 195th St,Bothell,WA,98011,47.77006149291992,-122.18392181396484,Overture Places 2026-07-22.0,2026-07-22,open
Mall,1e24b19f-d97f-4c17-bb93-aac3a5b6e586,Ryan Mallory at CrossCountry Mortgage,19015 N Creek Pkwy Ste 105,Bothell,WA,98011,47.76569366455078,-122.18428802490234,Overture Places 2026-07-22.0,2026-07-22,open
Marketplace,3659e764-ae23-440c-ab4e-fbdf2abfe6a6,Celia Blacker - Marketplace Sotheby's International Realty,19122 Beardslee Blvd,Bothell,WA,98011-0200,47.76677703857422,-122.19129943847656,Overture Places 2026-07-22.0,2026-07-22,open
Marketplace,d6c85992-4dc5-4b39-902e-e3aaf97801a9,Evelyn Elliott & Hilde Webber REALTORS | Marketplace Sotheby's International Realty,19122 Beardslee Blvd. Suite Ste 204,Bothell,WA,98011,47.76677322387695,-122.1910171508789,Overture Places 2026-07-22.0,2026-07-22,open
Marketplace,bbacdfcd-98ab-47aa-86e1-f7b390217408,Marketplace Sotheby's International Realty,19122 Beardslee Blvd Ste 204,Bothell,WA,98011,47.766788482666016,-122.19129943847656,Overture Places 2026-07-22.0,2026-07-22,open
Marketplace,e98eb8f9-84b3-4276-8d75-9bfa9f65476e,Mundo Latino Marketplace,18720 Bothell Way NE,Bothell,WA,98011-1931,47.764068603515625,-122.20775604248047,Overture Places 2026-07-22.0,2026-07-22,open
Retail Plaza,93456571-1b79-4ace-a8df-9d018e8e710e,North Creek Plaza,18404 120th Ave NE,Bothell,WA,98011-9520,47.7613410949707,-122.17613220214844,Overture Places 2026-07-22.0,2026-07-22,open
Retail Village,32837ca9-3ac0-4e13-a083-ece999cf9159,Stonehedge Village Apartments,14610 93rd Blvd NE,Bothell,WA,98011-4534,47.73410415649414,-122.21676635742188,Overture Places 2026-07-22.0,2026-07-22,open
Retail Village,3bea45dc-449f-497a-b5fc-17354f9b76a9,Stonehedge Village Apartments,14610 93rd Blvd NE,Bothell,WA,98011,47.73411178588867,-122.21676635742188,Overture Places 2026-07-22.0,2026-07-22,open
Retail Village,270e7212-5331-4b11-a91b-db9486de3348,The  Village at Beardslee Crossing,19128 112th Ave NE,Bothell,WA,98011-0008,47.76594543457031,-122.19180297851562,Overture Places 2026-07-22.0,2026-07-22,open
Retail Village,b4b711a9-d21c-4b0d-829b-48313ac0e3aa,The Residential Village at UW Bothell,18612 Beardslee Blvd,Bothell,WA,98011,47.76313018798828,-122.19471740722656,Overture Places 2026-07-22.0,2026-07-22,open
Retail Village,9ba8fdf3-418a-4886-896e-edc3bb6c0a11,The Village Bean,720 238th St SE,Bothell,WA,98021,47.781898498535156,-122.2228775024414,Overture Places 2026-07-22.0,2026-07-22,open
Retail Village,9aa7d655-cd91-4d3a-80b3-8d27e405ebad,Urbane Village by Pulte Homes,626 238th Pl SE,Bothell,WA,98021,47.78123474121094,-122.20091247558594,Overture Places 2026-07-22.0,2026-07-22,open
Retail Village,9eaf61fb-a4d0-49bd-bf74-4774b419ac45,Village Apartments,10619 E Riverside Dr,Bothell,WA,98011-3725,47.75516891479492,-122.1985092163086,Overture Places 2026-07-22.0,2026-07-22,open
Retail Village,a2a696aa-0ff9-41a0-9f65-4d1f22675dd8,Village Cleaners,20806 Bothell Everett Hwy,Bothell,WA,98021,47.80904769897461,-122.20889282226562,Overture Places 2026-07-22.0,2026-07-22,open
Retail Village,f72701be-ee57-4c5f-954c-107f250e509b,Village Concepts of Bothell,10315 E Riverside Dr,Bothell,WA,98011-3781,47.755897521972656,-122.2019271850586,Overture Places 2026-07-22.0,2026-07-22,open
Retail Village,94206f52-0cc7-4de2-9549-540bfe118f5f,Wellness Village Adult Care Home,15502 43rd Ave SE,Bothell,WA,98012-3801,47.85677719116211,-122.1744384765625,Overture Places 2026-07-22.0,2026-07-22,open
Mall,ef0b16df-6324-40eb-b6dd-1ba028154e0f,Manette Antiques Mall,2105 E 11th St,Bremerton,WA,98310-4810,47.570194244384766,-122.61560821533203,Overture Places 2026-07-22.0,2026-07-22,open
Mall,97fa0438-8b2f-4942-afea-764858a0ffb6,Roy's  small engine repair,6610 Kitsap Way,Bremerton,WA,98312,47.57979965209961,-122.70346069335938,Overture Places 2026-07-22.0,2026-07-22,open
Mall,b474850d-4fbe-4cfa-b9d3-96c477f782e3,Small Engine Clinic Inc,7775 NW Eldorado Blvd,Bremerton,WA,98312,47.63477325439453,-122.7251968383789,Overture Places 2026-07-22.0,2026-07-22,open
Mall,c3c370b1-6853-4c55-bd6d-21804648c202,SwingSetMall.com,4173 Wheaton Way,Bremerton,WA,98310-3624,47.60277557373047,-122.63217163085938,Overture Places 2026-07-22.0,2026-07-22,open
Marketplace,e2668b5a-1a29-4fd9-8c89-b1141e20a64c,Chico Antiques & Marketplace,3273 Chico Way NW,Bremerton,WA,98312-1377,47.59367752075195,-122.70994567871094,Overture Places 2026-07-22.0,2026-07-22,open
Marketplace,9aabd668-817a-46ae-89f7-fd07d7ae95ad,Uptown Merchantile & Marketplace,816 Pacific Ave,Bremerton,WA,98337-1922,47.5691032409668,-122.62657165527344,Overture Places 2026-07-22.0,2026-07-22,open
Retail Plaza,02eaecc6-7b5e-41e3-a6eb-679f808ab9b5,Park Ave Plaza Garage,699 Fourth Street,Bremerton,WA,98337,47.56565856933594,-122.63008117675781,Overture Places 2026-07-22.0,2026-07-22,open
Retail Plaza,1e756550-8f8f-4f00-ae97-59b64f6553df,Plaza Barber Shop,5050 WA-303 NE,Bremerton,WA,98311-3629,47.60970687866211,-122.62767791748047,Overture Places 2026-07-22.0,2026-07-22,open
Retail Village,0d141f23-5f9f-4a58-8312-00f5ae9fb096,Olympic Village Apartments,1381 NE Fairgrounds Rd,Bremerton,WA,98311-3815,47.63175964355469,-122.63225555419922,Overture Places 2026-07-22.0,2026-07-22,open
Retail Village,ebd0d6e2-4f79-4de3-b666-f9a07983ca35,The Village Event Center,2901 Perry Ave NE,Bremerton,WA,98310-4641,47.58864212036133,-122.61432647705078,Overture Places 2026-07-22.0,2026-07-22,open
Retail Village,28c5a834-e2f4-493a-a4ce-4ceea52a77d9,Treetop Village Early Learning Center,4175 Wheaton Way,Bremerton,WA,98310-3624,47.60279083251953,-122.62948608398438,Overture Places 2026-07-22.0,2026-07-22,open
Retail Village,5bf4ef23-c62c-4a66-9028-74d5f743cd5e,Viewcrest Villages,3401 Spruce Ave,Bremerton,WA,98310-3552,47.597171783447266,-122.6266098022461,Overture Places 2026-07-22.0,2026-07-22,open
Retail Village,6ecaa8db-55d7-4592-8aee-c0ff379001c6,Village Fair,309 NE Fairgrounds Rd,Bremerton,WA,98311-8819,47.63149642944336,-122.64712524414062,Overture Places 2026-07-22.0,2026-07-22,open
Mall,14e16836-af17-45bb-ad67-ccaa3a0ce811,Jim's Small Engine Repair,314 US-97,Brewster,WA,98812,48.10455322265625,-119.78086853027344,Overture Places 2026-07-22.0,2026-07-22,open
Marketplace,8d6b42b2-6da8-4782-843e-0a406240b644,Brewster Marketplace,907 US Highway 97,Brewster,WA,98812,48.1004753112793,-119.78801727294922,Overture Places 2026-07-22.0,2026-07-22,open
Marketplace,9a5149fb-872b-4600-bcfc-0746f887a9d7,Brewster Marketplace Harvest Foods,907 State Highway 97,Brewster,WA,98812,48.1856689453125,-119.71156311035156,Overture Places 2026-07-22.0,2026-07-22,open
Marketplace,53113aec-5e87-4b0a-8f4f-853e489ad0dc,Brewster Marketplace Pharmacy & Hardware,811 US Highway 97,Brewster,WA,98812,48.101505279541016,-119.78697967529297,Overture Places 2026-07-22.0,2026-07-22,open
Retail Plaza,f44116f8-b5f3-4073-8e0a-7b4d199bef95,Plaza Los Reyes/Antojitos Mexicanos,309 US Highway 97,Brewster,WA,98812,48.10459899902344,-119.78003692626953,Overture Places 2026-07-22.0,2026-07-22,open
Retail Plaza,8d7b13b2-7f7e-4eb2-9772-7fd7470838db,Bridgeport Plaza Market,1106 Columbia Ave,Bridgeport,WA,98813,48.01019287109375,-119.67530822753906,Overture Places 2026-07-22.0,2026-07-22,open
Mall,c69f3718-2751-46d8-9c97-141c66f70521,Seattle Small Business Accounting,21429 Oak Way,Brier,WA,98036,47.80435562133789,-122.26233673095703,Overture Places 2026-07-22.0,2026-07-22,open
Retail Village,d3c65067-d15c-4192-8a5a-b74088a683cb,Country Manor Mobile Village,15619 NE Caples Rd,Brush Prairie,WA,98606-9523,45.73539352416992,-122.53968048095703,Overture Places 2026-07-22.0,2026-07-22,open
Retail Plaza,7f1ac979-def3-40cc-8da3-988f29d2a680,Burien Plaza Dental & Dentures,116 SW 148th St,Burien,WA,98166-1983,47.4711799621582,-122.33478546142578,Overture Places 2026-07-22.0,2026-07-22,open
Retail Plaza,48f95fb3-c5bb-411a-8599-52740a2c7166,Burien Town Plaza,14901 4th Ave SW,Burien,WA,98166-1906,47.46904754638672,-122.33915710449219,Overture Places 2026-07-22.0,2026-07-22,open
Retail Plaza,1d1a882a-5ec6-4230-92d1-4102e3efd063,Century Plaza Apartments,153 S 160th St,Burien,WA,98148,47.458648681640625,-122.3316421508789,Overture Places 2026-07-22.0,2026-07-22,open
Retail Village,4b8de0d5-df6f-4ad8-8557-e7ff5e0ea32c,Value Village,131 SW 157th St,Burien,WA,98166,47.46189880371094,-122.33516693115234,Overture Places 2026-07-22.0,2026-07-22,open
Retail Village,27e074fb-ebcf-41b8-a6ba-8c50f4c001d2,Village Concepts of Burien,1010 SW 134th St,Burien,WA,98146-3188,47.48334884643555,-122.34770202636719,Overture Places 2026-07-22.0,2026-07-22,open
Retail Village,68210d05-77da-4e22-a14f-fbf3003f8bcf,Village Montrachet,400 S 152nd St,Burien,WA,98148-1146,47.46736145019531,-122.3307113647461,Overture Places 2026-07-22.0,2026-07-22,open
Shopping Center,663eb044-965a-4d2a-a05f-25235ea20f26,Five Corners Shopping Center,15822 1st Ave S,Burien,WA,98148-1213,47.4612922668457,-122.33349609375,Overture Places 2026-07-22.0,2026-07-22,open
Mall,a0d69684-132b-4125-a5f0-77044c564445,Amc Classic Cascade Mall 14,200 Cascade Mall Dr,Burlington,WA,98233-3252,48.46363067626953,-122.3393325805664,Overture Places 2026-07-22.0,2026-07-22,open
Mall,bfe922af-cd28-4d6a-891f-807bab83b959,Cascade Mall,615 E Vernon Ave,Burlington,WA,98233-1807,48.47407913208008,-122.32756805419922,Overture Places 2026-07-22.0,2026-07-22,open
Mall,8358cd65-4cee-473d-bceb-5048221d5ca9,Cascade Mall,Cascade Mall Drive,Burlington,WA,98233,48.46221160888672,-122.3386459350586,Overture Places 2026-07-22.0,2026-07-22,open
Mall,cf4673f2-44d7-4171-bc75-d012395fe413,Instinct-Cascade Mall,275 Cascade Mall Dr,Burlington,WA,98233,48.46311950683594,-122.338623046875,Overture Places 2026-07-22.0,2026-07-22,open
Mall,5e1f996c-aee2-4faa-ba98-cd723e5556b9,Mallard CrossFit,1315 Bouslog Rd,Burlington,WA,98233,48.460906982421875,-122.34616088867188,Overture Places 2026-07-22.0,2026-07-22,open
Marketplace,7dc41cc7-76cf-4598-a414-04a209fa0ae2,The Rooted Marketplace,6200 N Green Rd,Burlington,WA,98233-8519,48.555179595947266,-122.33539581298828,Overture Places 2026-07-22.0,2026-07-22,open
Retail Plaza,ecf99fdb-e16c-4f5f-9ad7-4cff217603a6,EAGLE TRUCK PLAZA,110 E STEP RD,CHEHALIS,WA,98532,46.58592224121094,-122.88518524169922,Overture Places 2026-07-22.0,2026-07-22,open
Mall,0c998f19-361d-495e-bbe9-e0e8c5221c58,In Nature Massage/ formally Spa at the Cottage,771 Burbin Ln,Camano Island,WA,98282-8662,48.243534088134766,-122.52418518066406,Overture Places 2026-07-22.0,2026-07-22,open
Mall,8b945e63-2c60-4297-89e4-e232ec198384,Mallory Beach ARNP,127 NE Camano Dr,Camano Island,WA,98282,48.21432113647461,-122.47827911376953,Overture Places 2026-07-22.0,2026-07-22,open
Marketplace,da1e3593-b4fd-4849-8fa2-a7243488e9e8,Camano Commons Marketplace,848 Sunrise Blvd,Camano Island,WA,98282-5535,48.24177169799805,-122.4554214477539,Overture Places 2026-07-22.0,2026-07-22,open
Retail Plaza,4f70c21b-b28b-48e3-acf3-455ce0cfa743,Camano Plaza Ace Hardware,370 N East Camano Dr,Camano Island,WA,98282-7279,48.22445297241211,-122.47379302978516,Overture Places 2026-07-22.0,2026-07-22,open
Retail Plaza,fdc004d2-ed8a-4776-a3da-6856429b737c,Camano Plaza IGA,370 N East Camano Dr,Camano Island,WA,98282-7279,48.224281311035156,-122.47440338134766,Overture Places 2026-07-22.0,2026-07-22,open
Retail Plaza,d5a4c000-9545-4f6d-8eb0-933b840b701b,Plaza Salon,185 McElroy Dr,Camano Island,WA,98282-8777,48.22565841674805,-122.47248077392578,Overture Places 2026-07-22.0,2026-07-22,open
Retail Village,6d771633-ed1e-428d-8fdb-ab96b8adeb06,Logan Place Village Townhomes,1346 NW 25th Ave,Camas,WA,98607,45.59761047363281,-122.42364501953125,Overture Places 2026-07-22.0,2026-07-22,open
Retail Village,2daefc31-60f9-4df8-8b67-38fc8d5a59da,Camlann Medieval Village,10320 Kelly Rd NE,Carnation,WA,98014,47.68888854980469,-121.90526580810547,Overture Places 2026-07-22.0,2026-07-22,open
Retail Village,a4b8a65b-af37-4de6-b4a0-0ee705fd849f,Carson Village Apartments,151 High Bridge Rd,Carson,WA,98610-3042,45.7474365234375,-121.82891845703125,Overture Places 2026-07-22.0,2026-07-22,open
Mall,9047e15e-2fe7-4dc3-aa9b-3df76f217c52,Antique Mall at Cashmere,603 Cotlets Way,Cashmere,WA,98815,47.520782470703125,-120.45545196533203,Overture Places 2026-07-22.0,2026-07-22,open
Mall,fc499bdd-f929-4add-85c4-11d069fba935,Small Change,109 Railroad Ave,Cashmere,WA,98815-1128,47.52056884765625,-120.46858978271484,Overture Places 2026-07-22.0,2026-07-22,open
Retail Village,db66cfc5-14b6-41b6-a52f-addaf5a14431,Cashmere Museum and Pioneer Village,600 Cotlets Way,Cashmere,WA,98815-1602,47.52022171020508,-120.45663452148438,Overture Places 2026-07-22.0,2026-07-22,open
Retail Village,2af65049-5dbb-4e63-aac3-d3b8f009e869,Village Inn Motel,229 Cottage Ave,Cashmere,WA,98815,47.52180099487305,-120.4658432006836,Overture Places 2026-07-22.0,2026-07-22,open
Retail Village,2aed03b6-9bda-472e-8a53-beb85416db4e,Villager Inn Retirement Center,420 1st Ave SW,Castle Rock,WA,98611-9269,46.27301788330078,-122.90843963623047,Overture Places 2026-07-22.0,2026-07-22,open
Retail Village,8d97a82f-e29d-4a91-9f8b-9d7f4cdf5a2b,Eagle Pointe Village,498 S 3rd St,Cathlamet,WA,98612-9569,46.19868850708008,-123.37846374511719,Overture Places 2026-07-22.0,2026-07-22,open
Retail Village,98e5cd84-f0dc-408c-a3b2-09c71cce1979,Indian Village Mobile Home Estates,196 Jacobson Rd,Cathlamet,WA,98612-9520,46.196754455566406,-123.37125396728516,Overture Places 2026-07-22.0,2026-07-22,open
Retail Plaza,8a333652-3eee-41bc-a757-f880a3e3a3ab,Pine Street Plaza,100 E Pine St,Centralia,WA,98531,46.71709060668945,-122.95356750488281,Overture Places 2026-07-22.0,2026-07-22,open
Retail Village,23696d1e-8910-4895-965e-ac0c45704cd5,Harrison Village Apartments,1402 Harrison Ave,Centralia,WA,98531-4500,46.732627868652344,-122.9837875366211,Overture Places 2026-07-22.0,2026-07-22,open
Retail Village,8f1f26ce-e9f5-4c2f-83b2-8ecfe0ad1671,Shannon Village Apartments,2227 Harrison Ave,Centralia,WA,98531-8301,46.742698669433594,-122.99622344970703,Overture Places 2026-07-22.0,2026-07-22,open
Retail Village,33262b3f-1f39-4f1a-88eb-85d9fc5b0d02,Village Park,1313 Harrison Ave,Centralia,WA,98531-4501,46.730628967285156,-122.98685455322266,Overture Places 2026-07-22.0,2026-07-22,open
Retail Village,6079d8e8-ad81-4318-bb9a-111c34784817,eVillageHealth,3419 E Elena Lane,Chattaroy,WA,99003,47.87961959838867,-117.36093139648438,Overture Places 2026-07-22.0,2026-07-22,open
Mall,f2267390-6670-46ca-9d9d-2eef90564850,Jamison's Small Engine Repair,366 Harmon Rd,Chehalis,WA,98532-8922,46.591888427734375,-122.96009063720703,Overture Places 2026-07-22.0,2026-07-22,open
Mall,c9e9621d-9fe5-4173-94de-b07efb03c042,Lewis County Mall,151 NE Hampe Way,Chehalis,WA,98532-2403,46.68731689453125,-122.95770263671875,Overture Places 2026-07-22.0,2026-07-22,open
Mall,a208ca92-8399-48d2-a7f3-f922f20711e7,Small Potatoes,121 Larkspur Rd,Chehalis,WA,98532,46.59707260131836,-122.99502563476562,Overture Places 2026-07-22.0,2026-07-22,open
Mall,78d607b2-2c55-4fc7-bc35-333f061428ca,Steve's Small Engine Repair,2495 WA-6,Chehalis,WA,98532-9217,46.60357666015625,-123.12284088134766,Overture Places 2026-07-22.0,2026-07-22,open
Mall,126a16ad-3fb7-4cb9-be2b-fda5df33d7c4,Yard Birds Mall and Storage,2100 N National Ave,Chehalis,WA,98532-2301,46.682220458984375,-122.95917510986328,Overture Places 2026-07-22.0,2026-07-22,open
Retail Plaza,783297bd-ff0d-4e4c-9f71-2c8afca850f2,Midway Plaza,2100 N National Ave,Chehalis,WA,98532-2301,46.68254852294922,-122.95906829833984,Overture Places 2026-07-22.0,2026-07-22,open
Retail Plaza,0723c8d8-ec1c-48cb-92b7-c0539543b99c,Plaza Jalisco,1340 NW Maryland Ave,Chehalis,WA,98532,46.67374801635742,-122.97528076171875,Overture Places 2026-07-22.0,2026-07-22,open
Retail Village,b10ad336-abfe-4e25-ba58-bd751fcba3e9,Woodland Village,2100 SW Woodland Cir,Chehalis,WA,98532-5013,46.64006423950195,-122.93818664550781,Overture Places 2026-07-22.0,2026-07-22,open
Shopping Center,4dbd3e21-3883-440e-b1a0-e398128cc7cc,Yardbirds Shopping Center,2100 N National Ave,Chehalis,WA,98532-2301,46.682769775390625,-122.9590835571289,Overture Places 2026-07-22.0,2026-07-22,open
Retail Plaza,062afc8b-d0ba-42bf-9448-d05d2a3737ce,Plaza Morelia,71 Union Valley Rd,Chelan,WA,98816-9685,47.86238479614258,-120.01396942138672,Overture Places 2026-07-22.0,2026-07-22,open
Retail Village,3eb81320-b037-4f80-ae07-fc85a06c0890,Holden Village,17100 S Lakeshore Rd,Chelan,WA,98816-9224,47.970130920410156,-120.21371459960938,Overture Places 2026-07-22.0,2026-07-22,open
Retail Village,ce6cc0d2-dc3e-4f2f-92ed-9313d05ab1dd,Holden Village,HC 0 Box 2,Chelan,WA,98816-9769,47.83757781982422,-120.02217102050781,Overture Places 2026-07-22.0,2026-07-22,open
Retail Village,c6ad8f08-89bf-4061-8405-885b45731143,Holden Village Bed & Breakfast,21081 S Lakeshore Rd,Chelan,WA,98816,47.990943908691406,-120.26364135742188,Overture Places 2026-07-22.0,2026-07-22,open
Retail Village,7c2b271a-83e6-470e-a3ee-1380fc95d814,Holden Village Community School Apparel Store - Chelan WA,100 Lake Chelan Shores Dr,Chelan,WA,98816-9868,47.85602951049805,-120.0614013671875,Overture Places 2026-07-22.0,2026-07-22,open
Retail Village,56930ad3-47d6-4200-89d2-6bbb266551c5,The Village Veterinarian,232 E Okanogan Ave,Chelan,WA,98816-9899,47.83768081665039,-120.01524353027344,Overture Places 2026-07-22.0,2026-07-22,open
Retail Village,ab935026-21be-45d4-942c-8c7106fe7552,Village Veterinarian,232 E Okanogan Ave,Chelan,WA,98816,47.83811950683594,-120.02079010009766,Overture Places 2026-07-22.0,2026-07-22,open
Mall,3a4de0d2-b62b-40a7-a249-be2b8a498c39,Campus Mall,Elm St,Cheney,WA,99004,47.49134826660156,-117.58290100097656,Overture Places 2026-07-22.0,2026-07-22,open
Retail Plaza,5cccd3b4-ba6c-497d-b9c3-45d8c3a42fe5,Safeway Parking Lot Cheney Plaza,2710 1st St Cheney WA 99004,Cheney WA US,WA,99004,47.487361907958984,-117.57588195800781,Overture Places 2026-07-22.0,2026-07-22,open
Retail Village,e059dfc8-e572-45d9-8ebc-60b090277ae9,Middle Village - Station Camp (unit of Lewis and Clark National Historical Park),354 US-101,Chinook,WA,98614,46.246761322021484,-123.9101333618164,Overture Places 2026-07-22.0,2026-07-22,open
Mall,e81ae9e1-b415-495d-8048-bf5895f08514,Hangar Antique Mall,935 Port Way,Clarkston,WA,99403-1831,46.426025390625,-117.05560302734375,Overture Places 2026-07-22.0,2026-07-22,open
Marketplace,e5e58589-3e82-4929-a6c1-4441d84013ec,Goo Roo's Marketplace,2376 17th St,Clarkston,WA,99403,46.39381408691406,-117.06892395019531,Overture Places 2026-07-22.0,2026-07-22,open
Marketplace,6c14a240-451d-497a-91ad-0359926bb03d,Goo Roo's Marketplace and Yoga Studio,1131 Elm St,Clarkston,WA,99403,46.41424560546875,-117.05284881591797,Overture Places 2026-07-22.0,2026-07-22,open
Marketplace,51d90417-06eb-43e8-8702-99e5d22b4b58,1st & Penn Marketplace Art and Farm Collective,101 1st St W,Cle Elum,WA,98922-1105,47.194759368896484,-120.93867492675781,Overture Places 2026-07-22.0,2026-07-22,open
Retail Plaza,f06b809f-13b3-476a-a340-696c7056b6df,Ken's Korner Shopping Plaza,11042 WA-525,Clinton,WA,98236,47.99077606201172,-122.3942642211914,Overture Places 2026-07-22.0,2026-07-22,open
Mall,22aeea0c-0ab8-461c-bbdd-6a0d112cae2c,Sevy's Small Engine Repair and Tractor Repair,18803 N Yale Rd,Colbert,WA,99005-9616,47.82860565185547,-117.34742736816406,Overture Places 2026-07-22.0,2026-07-22,open
Retail Plaza,13d2d7b3-6b62-474d-b015-2c46834f52fa,Hill Ray Plaza Inc,801 S Vista Point Dr,Colfax,WA,99111-9513,46.87040710449219,-117.37162017822266,Overture Places 2026-07-22.0,2026-07-22,open
Retail Plaza,fc4d207c-d337-4541-98a5-addbbfce92e6,Meadowbrook Plaza,1700 SE Hickory Ct,College Place,WA,99324,46.03396224975586,-118.38092803955078,Overture Places 2026-07-22.0,2026-07-22,open
Retail Village,dff7d3a9-53b6-4f45-86a5-cd7c310207be,College Place Village Church,715 SE 12th St,College Place,WA,99324-1767,46.03882598876953,-118.37925720214844,Overture Places 2026-07-22.0,2026-07-22,open
Retail Village,b059d469-b73a-4b5f-9072-ed56d33a1470,Village Church Youth Center,36 SW 8th St,College Place,WA,99324-1529,46.042240142822266,-118.39034271240234,Overture Places 2026-07-22.0,2026-07-22,open
Retail Village,5ad900c5-da78-46a8-b0b6-3769e81e8824,Village Impact Youtube Channel,715 SE 12th St,College Place,WA,99324-1767,46.03908920288086,-118.37935638427734,Overture Places 2026-07-22.0,2026-07-22,open
Mall,75237d13-a2ea-41ec-8822-0e877f443f9f,C & T Small Engine Repair,186 Buena Vista Rd,Colville,WA,99114-9692,48.56233215332031,-117.92523193359375,Overture Places 2026-07-22.0,2026-07-22,open
Retail Village,9f95b7ad-a37e-4a60-9958-499375fd033e,Dragon Village,155 S Main St,Colville,WA,99114-2405,48.5438346862793,-117.90534973144531,Overture Places 2026-07-22.0,2026-07-22,open
Retail Village,a13ea373-7c40-4744-832d-1e94daebca1a,Park Village Apartments,101 E Glen Ave,Colville,WA,99114,48.537147521972656,-117.90328979492188,Overture Places 2026-07-22.0,2026-07-22,open
Shopping Center,1b37c3cf-9647-4b20-ade9-3aed9bcce204,Builders Shopping Center,228 W 5th Ave,Colville,WA,99114,48.548885345458984,-117.90798950195312,Overture Places 2026-07-22.0,2026-07-22,open
Mall,0f90ac67-28a4-4035-94eb-d59aa7cc07c4,LJ’S Small Engine Repair,8276 Wilde Rd,Concrete,WA,98237-9373,48.525909423828125,-121.86726379394531,Overture Places 2026-07-22.0,2026-07-22,open
Retail Village,e1e66b3d-7539-4380-8255-29644efd9a89,Concrete Wilderness Village,Wilderness Dr @ S Skagit Hwy,Concrete,WA,98237,48.53215026855469,-121.79344940185547,Overture Places 2026-07-22.0,2026-07-22,open
Mall,63094bd8-7703-433a-a30c-ad931e38a661,Connell's Small Mall,230 N Columbia Ave,Connell,WA,99326,46.661930084228516,-118.86112213134766,Overture Places 2026-07-22.0,2026-07-22,open
Retail Village,ce138c42-6198-4bfb-a0b6-9f0346e2e031,Oasis Village,1140 W Edison St,Connell,WA,99326-4017,46.664119720458984,-118.87590789794922,Overture Places 2026-07-22.0,2026-07-22,open
Mall,4e231cde-61a9-43a2-b6dc-5f7e06dfcab8,Copalis beach small engine repair,8 Cedar Ave,Copalis Crossing,WA,98536,47.11443328857422,-124.16542053222656,Overture Places 2026-07-22.0,2026-07-22,open
Retail Village,0f2ced4a-5507-42b6-a697-4dc88d7c2b18,Sun Village Resort,33575 Park Lake Rd NE,Coulee City,WA,99115,47.573951721191406,-119.42426300048828,Overture Places 2026-07-22.0,2026-07-22,open
Retail Village,6522decc-c6b2-4a2d-9ff2-e904f32c0698,Village Cinema,515 River Dr,Coulee Dam,WA,99116,47.966251373291016,-118.97943115234375,Overture Places 2026-07-22.0,2026-07-22,open
Retail Village,034d550c-609d-429b-be0c-a8dc51e5c888,Coupe's Village,107 S Main St,Coupeville,WA,98239,48.210487365722656,-122.68465423583984,Overture Places 2026-07-22.0,2026-07-22,open
Mall,d142740e-e0bb-45ef-a8bf-827d42a22238,Mallory Paint Store,16929 SE 270th Pl,Covington,WA,98042-5426,47.3585205078125,-122.1153793334961,Overture Places 2026-07-22.0,2026-07-22,open
Retail Village,5b13c94a-0ed9-4605-a324-7d38b3f3e6e5,The Arts and Crafts Village Gift Shop,418452 Highway 20,Cusick,WA,99119-7009,48.34580612182617,-117.30377960205078,Overture Places 2026-07-22.0,2026-07-22,open
Mall,e38a56fe-52f4-4427-87e5-8b064742e551,Bliss Small Batch Creamery,1520 WILMINGTON Dr,DUPONT,WA,98327,47.09158706665039,-122.64380645751953,Overture Places 2026-07-22.0,2026-07-22,open
Retail Plaza,9a353c9c-398a-4d95-890a-fd20e8d535e6,Plaza Monarca,42109 State Rte 530 NE,Darrington,WA,98241,48.281150817871094,-121.58732604980469,Overture Places 2026-07-22.0,2026-07-22,open
Marketplace,e3f6ca90-35e4-4d2c-921e-23a0f6496ba6,Sage Marketplace,639 Morgan St,Davenport,WA,99122-5015,47.65388107299805,-118.15095520019531,Overture Places 2026-07-22.0,2026-07-22,open
Retail Village,e8d8dbdb-4464-4b24-9511-ce8df2582eac,Davenport Retirement Village,505 3rd St,Davenport,WA,99122-7700,47.653507232666016,-118.14521789550781,Overture Places 2026-07-22.0,2026-07-22,open
Marketplace,58d4f688-5104-418d-8230-6206bcb72e4e,Homestead Collective Marketplace,112 Baileysburg Rd,Dayton,WA,99328-8757,46.29302978515625,-117.94319152832031,Overture Places 2026-07-22.0,2026-07-22,open
Retail Village,1b81b046-3e11-4484-9b5d-8b493cbbfca5,The Corner Village,116 Main Rd,Dayton,WA,99328-8602,46.286476135253906,-118.1099624633789,Overture Places 2026-07-22.0,2026-07-22,open
Marketplace,aeed980b-d3ec-4812-babd-17c4062fb425,Real Estate Marketplace NW,404 S Main St,Deer Park,WA,99006-8238,47.95048522949219,-117.47760772705078,Overture Places 2026-07-22.0,2026-07-22,open
Mall,fc951e40-cfa2-4afa-976c-105109d3db25,Highline Small Business Development Center,23839 Pacific Hwy S,Des Moines,WA,98198-8740,47.38810348510742,-122.29682159423828,Overture Places 2026-07-22.0,2026-07-22,open
Retail Plaza,cdfa8f7b-c2d2-4faf-b3c7-6294be46e5c7,Big Catch Plaza,Big Catch Plaza 21815 Marine View Dr S,Des Moines,WA,98198-6176,47.40713119506836,-122.32514953613281,Overture Places 2026-07-22.0,2026-07-22,open
Retail Village,e3d73e1e-ce33-4705-84c7-aece28277889,Village Frame & Gallery,22507 Marine View Dr S,Des Moines,WA,98198-6835,47.400142669677734,-122.3248519897461,Overture Places 2026-07-22.0,2026-07-22,open
Retail Village,b35a9745-a9bf-4883-aaa2-f143ad548f5d,Whalers Village Condominium,22991 Marine View Dr S,Des Moines,WA,98198-8419,47.39600372314453,-122.32412719726562,Overture Places 2026-07-22.0,2026-07-22,open
Retail Village,6bf6e39a-2e4d-4267-b20a-8123af90dc09,Edmond Village Park,1395 Griggs St,DuPont,WA,98327,47.107086181640625,-122.64186096191406,Overture Places 2026-07-22.0,2026-07-22,open
Retail Village,a6b3f63e-8493-45d6-950b-1f96b178305b,Clock Tower Village Apartments,1090 Ross Ave,Dupont,WA,98327-9753,47.09273910522461,-122.64060974121094,Overture Places 2026-07-22.0,2026-07-22,open
Retail Village,e83797b1-c046-4c4c-956a-5aecf61f2e15,Creekside Village,1600 Sequalitchew Dr,Dupont,WA,98327-6800,47.108028411865234,-122.64478302001953,Overture Places 2026-07-22.0,2026-07-22,open
Retail Village,6a188514-ee73-4bee-bd0d-d4d7d152b28e,Wilmington Village Apartments,100 Wilmington Dr,Dupont,WA,98327,47.09331130981445,-122.62662506103516,Overture Places 2026-07-22.0,2026-07-22,open
Retail Plaza,626f5d7e-82e4-4552-8e3a-1ac35706eecb,Duvall Safeway Plaza,14110 Main St NE Ste C,Duvall,WA,98019,47.72724914550781,-121.98500061035156,Overture Places 2026-07-22.0,2026-07-22,open
Retail Village,9a5affb8-4ae6-41ff-b2ce-6a2238a9ee02,Duvall Village Townhomes,14244 Railroad Way NE,Duvall,WA,98019-8832,47.72895050048828,-121.98873901367188,Overture Places 2026-07-22.0,2026-07-22,open
Mall,797905cb-c5f8-4d4e-beb8-20859690cd65,ELBE MALL,54011 MOUNTAIN HWY E,ELBE,WA,98330,46.766319274902344,-122.1943359375,Overture Places 2026-07-22.0,2026-07-22,open
Retail Plaza,c6dc2bb8-0d55-4acc-ac84-e228ef3a6b8e,GREENTREE PLAZA,305 SE EVERETT MALL WAY,EVERETT,WA,98208,47.91005325317383,-122.22686004638672,Overture Places 2026-07-22.0,2026-07-22,open
Retail Village,d6afaf2f-08c3-4f63-b2c2-75a638ae57a7,Trailside Village,1302 100TH Pl SE,EVERETT,WA,98208,47.9062385559082,-122.21558380126953,Overture Places 2026-07-22.0,2026-07-22,open
Mall,4db2cff8-b6b9-4cac-8fcf-d75cece0c361,Bubble Fish-金好運-Wenatchee Valley Mall,Valley Mall Parkway SteB5,East Wenatchee,WA,98802,47.40626907348633,-120.2881088256836,Overture Places 2026-07-22.0,2026-07-22,open
Mall,013b9ec3-f454-4adf-9ec3-cd26d132d77b,Small Miracles,595 Grant Rd,East Wenatchee,WA,98802-7817,47.40556716918945,-120.2830810546875,Overture Places 2026-07-22.0,2026-07-22,open
Mall,ed266a00-c4ca-4a5b-9a8c-31e81551ea97,Small Miracles,636 Valley Mall Pkwy Ste 211,East Wenatchee,WA,98802,47.41324234008789,-120.29310607910156,Overture Places 2026-07-22.0,2026-07-22,open
Mall,82074c59-3e22-499f-a369-ea9ef675cff4,Valley Mall Entertainment Llc,838 Valley Mall Pkwy,East Wenatchee,WA,98802-4842,47.41497039794922,-120.29328918457031,Overture Places 2026-07-22.0,2026-07-22,open
Mall,73e0f3ce-d3b1-4206-9f4c-6bec06803495,Wenatchee Valley Mall,511 N Valley Mall Pkwy,East Wenatchee,WA,98802-3808,47.41142654418945,-120.28939819335938,Overture Places 2026-07-22.0,2026-07-22,open
Retail Village,a76f71c9-beb9-4ea2-867c-0f9faa3f185c,Wenatchee Valley Dental Village,210 Valley Mall Pkwy,East Wenatchee,WA,98802-7728,47.407440185546875,-120.28883361816406,Overture Places 2026-07-22.0,2026-07-22,open
Retail Village,a0751779-ac65-4099-8a53-2b2a3631397a,Eastsound Village Green Park,203 N Beach Rd,Eastsound,WA,98245,48.69615936279297,-122.9068603515625,Overture Places 2026-07-22.0,2026-07-22,open
Retail Village,15a5f220-495e-4f9d-bd7f-fa4c2ba6caa5,The Village Inn,217 Main St,Eastsound,WA,98245-5510,48.69470977783203,-122.9073486328125,Overture Places 2026-07-22.0,2026-07-22,open
Retail Village,47e53fd1-ea7b-44bd-8396-78495ed40315,Village Business Services,441 N Beach Rd,Eastsound,WA,98245-8927,48.69779968261719,-122.90673065185547,Overture Places 2026-07-22.0,2026-07-22,open
Retail Plaza,6bf5f6dd-a23a-496e-a66a-c0b821046929,Plaza Market,203 Center St E,Eatonville,WA,98328,46.866214752197266,-122.26512908935547,Overture Places 2026-07-22.0,2026-07-22,open
Retail Village,0c458e15-7e1e-4a71-914e-954f938a6831,Glacier Village,212 Glacier Ave N,Eatonville,WA,98328-7802,46.867225646972656,-122.26422882080078,Overture Places 2026-07-22.0,2026-07-22,open
Retail Village,7b36b23e-efc4-49f4-88d0-c932c120d998,Mill Village Motel-Eatonville,210 Center St E,Eatonville,WA,98328,46.866790771484375,-122.26419067382812,Overture Places 2026-07-22.0,2026-07-22,open
Retail Village,a711d52f-c63f-44ba-a147-9bd9ce2db420,Mill Village RV Park,300 Center St E,Eatonville,WA,98328-7449,46.86710739135742,-122.26290893554688,Overture Places 2026-07-22.0,2026-07-22,open
Retail Village,eea42da0-ef2f-4b01-95ce-576db6e68379,Mill Village RV Park,300 Center St E,Eatonville,WA,98328,46.86757278442383,-122.26964569091797,Overture Places 2026-07-22.0,2026-07-22,open
Mall,4df7d14a-869f-4db3-8ba4-b788fc0eb902,Mallory Paint Store - Benjamin Moore,7711 Lake Ballinger Way,Edmonds,WA,98026,47.778160095214844,-122.33699035644531,Overture Places 2026-07-22.0,2026-07-22,open
Mall,cf98a1d1-3fb1-4354-8bdc-a30bc18388f9,Ryan Mallory NMLS 1456785 CrossCountry Mortgage,8129 Lake Ballinger Way,Edmonds,WA,98026-9182,47.7779541015625,-122.34416198730469,Overture Places 2026-07-22.0,2026-07-22,open
Mall,fa323cd7-2799-4468-ab29-7bccbe48d830,Waterfront Antique Mall,190 Sunset Ave,Edmonds,WA,98020,47.810447692871094,-122.38417053222656,Overture Places 2026-07-22.0,2026-07-22,open
Marketplace,71dde453-9b5a-4976-8f80-a948f1254626,Aurora Marketplace,23632 Highway 99,Edmonds,WA,98026-9205,47.784645080566406,-122.3445053100586,Overture Places 2026-07-22.0,2026-07-22,open
Retail Plaza,6ff44e45-97ea-448e-9439-f72b5f559abd,Edmonds Plaza Room,650 Main St,Edmonds,WA,98020-3056,47.8099479675293,-122.37287902832031,Overture Places 2026-07-22.0,2026-07-22,open
Retail Plaza,d7d1825b-33ab-435f-bd89-190ac8aa1155,Hazel Miller Plaza,203 5th Ave S,Edmonds,WA,98020,47.809112548828125,-122.37744140625,Overture Places 2026-07-22.0,2026-07-22,open
Retail Plaza,d1b0309c-eaf5-4188-b293-85b8d5a9eef8,Swedish Lab Patient Services - Edmonds Medical Plaza,21616 76th Ave W Ste 208,Edmonds,WA,98026,47.80289077758789,-122.335693359375,Overture Places 2026-07-22.0,2026-07-22,open
Retail Village,12125150-9378-4407-bb6b-8345ca68d29f,Edmonds Village Senior Living,21200 72nd Ave W,Edmonds,WA,98026-7700,47.80649185180664,-122.33080291748047,Overture Places 2026-07-22.0,2026-07-22,open
Retail Village,21a642d7-19b0-4553-8e31-cb2417274361,Firdale VIllage monthly flea market,9675 Firdale Ave,Edmonds,WA,98020-6519,47.77843475341797,-122.36261749267578,Overture Places 2026-07-22.0,2026-07-22,open
Retail Village,74f3b347-388b-4fe5-a0b9-a8f6723be6c1,The Village at Westgate,10032 Edmonds Way,Edmonds,WA,98020-5143,47.79081726074219,-122.36819458007812,Overture Places 2026-07-22.0,2026-07-22,open
Retail Village,2326ae15-638b-4b3a-91dc-b7ac491d65a5,Value Village,21558 Highway 99,Edmonds,WA,98026,47.803890228271484,-122.32965087890625,Overture Places 2026-07-22.0,2026-07-22,open
Retail Village,78aede4a-fc54-4fb4-a0cb-32d67be36958,Village Transmission & Auto Clinic,23901 84th Ave W,Edmonds,WA,98026-9151,47.78219985961914,-122.34561157226562,Overture Places 2026-07-22.0,2026-07-22,open
Mall,3632ed52-b1e6-46a9-a4f3-036fdc39c13f,Mr's Small engine repair,8 Electric Blvd,Electric City,WA,99123-5134,47.93320083618164,-119.03484344482422,Overture Places 2026-07-22.0,2026-07-22,open
Mall,9ababf29-4848-41cb-9a77-75739172adda,Main Street Market Antique Mall,309 N Main St,Ellensburg,WA,98926-3311,46.994754791259766,-120.54900360107422,Overture Places 2026-07-22.0,2026-07-22,open
Mall,422d80ad-c1e9-4f84-8315-413195a74ffe,Small Pet Select,260 Naneum Rd,Ellensburg,WA,98926,47.00315475463867,-120.4645004272461,Overture Places 2026-07-22.0,2026-07-22,open
Mall,aab4c5ea-1fe3-4cb9-8fd4-4f9f77790595,ThermAll Heating Cooling & Electric,801 N Prospect St Ste 1,Ellensburg,WA,98926,46.99982452392578,-120.5654296875,Overture Places 2026-07-22.0,2026-07-22,open
Mall,33c573aa-6688-45a2-8d5c-6a033bee3829,Thorp Fruit & Antique Mall,5950 S Thorp Hwy,Ellensburg,WA,98926-8047,47.032108306884766,-120.6556625366211,Overture Places 2026-07-22.0,2026-07-22,open
Retail Village,b21c5af9-1f20-4d9f-87cd-2cfe66cfb606,Campus Village Apartments,925 E 18th Ave,Ellensburg,WA,98926-2230,47.0111198425293,-120.53396606445312,Overture Places 2026-07-22.0,2026-07-22,open
Retail Village,9a801bff-b951-4d5f-b0dd-cca7ef04c555,Cascade Village,206 E 15th Ave,Ellensburg,WA,98926-2561,47.00696563720703,-120.54409790039062,Overture Places 2026-07-22.0,2026-07-22,open
Retail Village,d060801c-2ee3-46a8-85e5-ae34072ecf17,Juniper Village Apartments,800 E Juniper Ave,Ellensburg,WA,98926-2295,47.011390686035156,-120.53684997558594,Overture Places 2026-07-22.0,2026-07-22,open
Retail Village,0ebe51f8-9b00-44d0-b282-2cebd03b4d6c,Pioneer village,206 E 14th Ave,Ellensburg,WA,98926-5614,47.00593566894531,-120.54460906982422,Overture Places 2026-07-22.0,2026-07-22,open
Retail Village,f17a731f-8a79-43d9-bacb-72f31f1ffd73,Student Village Apartments,1501 N Alder St,Ellensburg,WA,98926-2634,47.00849151611328,-120.53319549560547,Overture Places 2026-07-22.0,2026-07-22,open
Mall,f876096a-d867-4391-b4e6-549f8dce2ec6,Mini Mall Grocery and Deli,1509 W Main St,Elma,WA,98541,47.00321578979492,-123.41964721679688,Overture Places 2026-07-22.0,2026-07-22,open
Retail Village,eefc1618-e2dd-413b-bd8b-ac137657d6a2,Summit Village Apartments,212 N F St,Elma,WA,98541,47.00714111328125,-123.39783477783203,Overture Places 2026-07-22.0,2026-07-22,open
Mall,6c1fde64-a047-450f-bb9f-1b58bf1e982a,Small Blessings Farm,21820 SE 424th St,Enumclaw,WA,98022-9032,47.2213134765625,-122.05176544189453,Overture Places 2026-07-22.0,2026-07-22,open
Mall,2491904c-878c-47c7-9b94-5e7f1ed8f5dd,Small Business Tax Tools,401 Olympia Ave NE Ste 104,Enumclaw,WA,98022,47.26760482788086,-121.90678405761719,Overture Places 2026-07-22.0,2026-07-22,open
Retail Plaza,47414f92-03d3-4c15-9782-c047dc797a8c,Rainier Plaza Accounting Services,856 Cole St Ste 103,Enumclaw,WA,98022,47.198333740234375,-121.99476623535156,Overture Places 2026-07-22.0,2026-07-22,open
Retail Village,2d6988c7-a35b-4d1c-adde-3d2904e8bfdc,High Point Village,1777 Highpoint St,Enumclaw,WA,98022-2355,47.20750045776367,-122.00991821289062,Overture Places 2026-07-22.0,2026-07-22,open
Retail Village,a30b5ec7-2a09-4526-b69e-77ed2cf7a692,Village Inn,33818 Crystal Mountain Blvd,Enumclaw,WA,98022,46.936649322509766,-121.47586822509766,Overture Places 2026-07-22.0,2026-07-22,open
Mall,efa914a7-5c12-43fb-b4fc-994ab1dd1256,All Creatures Great & Small,1015 Pine St,Everett,WA,98201-1422,48.00290298461914,-122.19120025634766,Overture Places 2026-07-22.0,2026-07-22,open
Mall,8d8c3e95-6119-4fdc-9445-f82869378830,Everett - Everett Mall Way HLE,121 Southeast Everett Mall Way,Everett,WA,98208,47.90797424316406,-122.23023223876953,Overture Places 2026-07-22.0,2026-07-22,open
Mall,970c39c5-6d4e-4dde-8bf8-2a7939333f89,Everett Mall,1402 SE Everett Mall Way,Everett,WA,98208-2857,47.91002655029297,-122.21346282958984,Overture Places 2026-07-22.0,2026-07-22,open
Mall,bfc5b38b-50de-4b03-904e-86537b3051d8,Everett Mall - GameStop,1402 SE Everett Mall Way Ste 190,Everett,WA,98208,47.910011291503906,-122.21244049072266,Overture Places 2026-07-22.0,2026-07-22,open
Mall,7b3b2018-e3ec-4f69-9d39-470e7e57b7c2,Everett Mall Harvest Church,830 SE Everett Mall Way,Everett,WA,98208-3735,47.9085693359375,-122.22112274169922,Overture Places 2026-07-22.0,2026-07-22,open
Mall,c394aa5a-9ccd-4fcb-b84d-eba2d9846dd7,Everett Mall Mini Storage,10011 3rd Ave SE,Everett,WA,98208-3933,47.90705871582031,-122.22689056396484,Overture Places 2026-07-22.0,2026-07-22,open
Mall,13d63d31-ae86-46b3-afb7-d27f02bbb14a,Everett Santa Photos - Everett Mall Way,121 Se Everett Mall Way  Ste C,Everett,WA,98208-3260,47.90818786621094,-122.22966766357422,Overture Places 2026-07-22.0,2026-07-22,open
Mall,6b122580-0c8d-4f90-992a-8a39b8ca3524,Everett mall way,1201 SE Everett Mall Way,Everett,WA,98208,47.9119987487793,-122.2161636352539,Overture Places 2026-07-22.0,2026-07-22,open
Mall,52fbeb0f-b8a7-49a3-b041-2974c36a95a4,Foodcourt - Everett Mall,1402 SE Everett Mall Way,Everett,WA,98208-2802,47.91079330444336,-122.21359252929688,Overture Places 2026-07-22.0,2026-07-22,open
Mall,35a4c02d-10ff-4035-8108-f1c6a780a3de,Mall Way Event Center,710 SE Everett Mall Way,Everett,WA,98208-3732,47.90889358520508,-122.22265625,Overture Places 2026-07-22.0,2026-07-22,open
Mall,d0188c65-45c2-410e-923d-5acb328a4a59,Mallory Paint Store,12 SW Everett Mall Way,Everett,WA,98204-2776,47.9065055847168,-122.23385620117188,Overture Places 2026-07-22.0,2026-07-22,open
Mall,5f7191a3-087c-420a-a8f0-ecdab04f1ec1,Oddmall Emporium of the Weird PNW,Various venues around the PNW,Everett,WA,98272,47.975284576416016,-122.1920166015625,Overture Places 2026-07-22.0,2026-07-22,open
Mall,48df6f83-5def-4c01-be73-7bb600303f0d,Small Engine Service,11622 40th Dr SE,Everett,WA,98208,47.89175796508789,-122.17831420898438,Overture Places 2026-07-22.0,2026-07-22,open
Mall,6290b43b-5b52-4a0a-a529-c2340ececbfb,Small World Montessori,12810 35th Ave SE,Everett,WA,98208-5617,47.88115692138672,-122.18762969970703,Overture Places 2026-07-22.0,2026-07-22,open
Mall,19cd14ae-3adc-43e8-bf80-6263c7963eb7,WW - EVERETT - EVERETT MALL,1402 SE Everett Mall Way Ste 450,Everett,WA,98208,47.9111442565918,-122.21331024169922,Overture Places 2026-07-22.0,2026-07-22,open
Mall,2d53600b-7708-4300-98d2-c94aa07b01ed,West Mall Place Apartment Homes,9300 W Mall Dr,Everett,WA,98208-2155,47.913902282714844,-122.21702575683594,Overture Places 2026-07-22.0,2026-07-22,open
Mall,aeaae186-c0bd-4c61-a793-fbdd105bacb8,bite me cupcakes everett mall,1402 SE Everett Mall Way,Everett,WA,98208,47.91045379638672,-122.21359252929688,Overture Places 2026-07-22.0,2026-07-22,open
Marketplace,78167da4-8840-4f5d-937d-ef67177cc048,Mariner Marketplace,12720 4th Ave W,Everett,WA,98204-5707,47.882469177246094,-122.23946380615234,Overture Places 2026-07-22.0,2026-07-22,open
Retail Plaza,6c87963d-8e09-4c6a-8fb3-d7cecb3451c4,Broadway Plaza Apartments,3020 Broadway,Everett,WA,98201-3661,47.977439880371094,-122.20182800292969,Overture Places 2026-07-22.0,2026-07-22,open
Retail Plaza,a3612464-b5fd-442f-a88c-138763f6d651,Cascade Plaza,7601 Evergreen Way,Everett,WA,98203-6424,47.92854690551758,-122.2189712524414,Overture Places 2026-07-22.0,2026-07-22,open
Retail Plaza,d465a604-ba75-4d6e-841b-710f89a78dcf,Courtyard Plaza Cafe,3000 Rockefeller Ave,Everett,WA,98201-4071,47.977046966552734,-122.20523071289062,Overture Places 2026-07-22.0,2026-07-22,open
Retail Plaza,511468cd-892e-4ef1-907d-5f3c693119cc,Everett Plaza a Vineyard Park community,2204 12th St,Everett,WA,98201-1807,48.00105285644531,-122.19943237304688,Overture Places 2026-07-22.0,2026-07-22,open
Retail Plaza,167a69ab-c482-4fb1-ba8e-e794f347f012,La Nueva Plaza Tepito,9610 Evergreen Way,Everett,WA,98204-7102,47.91078567504883,-122.23884582519531,Overture Places 2026-07-22.0,2026-07-22,open
Retail Plaza,d1dc1845-c545-4d76-bbb6-6ea6bed2a924,Snohomish County Campus Plaza,3000 Rockefeller Ave,Everett,WA,98201,47.976951599121094,-122.20599365234375,Overture Places 2026-07-22.0,2026-07-22,open
Retail Plaza,f799887f-6e76-43dc-bf7a-9990e94df44f,Tully's Coffee Boeing 40-21 Cafeteria Plaza,3003 W Casino Rd,Everett,WA,98204-1910,47.92504119873047,-122.27142333984375,Overture Places 2026-07-22.0,2026-07-22,open
Retail Plaza,ef20b0d4-7b5d-415c-899a-40c32da45eb3,Wetmore Plaza Everett Food Truck Location,2710 Wetmore Ave,Everett,WA,98201-3552,47.98133850097656,-122.20756530761719,Overture Places 2026-07-22.0,2026-07-22,open
Retail Village,8da74225-182c-4508-ae25-c900c31f2878,Agathos Village,300 W Marine View Dr,Everett,WA,98201-1030,48.01321792602539,-122.21128845214844,Overture Places 2026-07-22.0,2026-07-22,open
Retail Village,9fc932ca-0246-4a46-b393-911607e275cc,Claremont Village,4817-4831 Evergreen Way,Everett,WA,98203,47.95278549194336,-122.21241760253906,Overture Places 2026-07-22.0,2026-07-22,open
Retail Village,db477732-e8d8-4077-b292-08f481eb2352,Everett Village Center,1130 SE Everett Mall Way,Everett,WA,98208-2800,47.909759521484375,-122.21727752685547,Overture Places 2026-07-22.0,2026-07-22,open
Retail Village,aab40a05-efbc-4463-bf0b-2366625cfff4,Evergreen Village Apartments,12705 Avondale Way,Everett,WA,98204-7582,47.88290786743164,-122.25898742675781,Overture Places 2026-07-22.0,2026-07-22,open
Retail Village,f30b63dc-b719-412b-968c-a7d72c2ef827,Fourth Avenue Village Condos,12600 4th Ave W,Everett,WA,98204-5701,47.88431167602539,-122.24052429199219,Overture Places 2026-07-22.0,2026-07-22,open
Retail Village,c7a83f79-ec13-4283-a2c0-ba10246fd331,Mariner Village Park,815 124th St SW,Everett,WA,98204-1846,47.8867301940918,-122.24415588378906,Overture Places 2026-07-22.0,2026-07-22,open
Retail Village,e523ebff-830c-422a-9ff6-8efd724bc7ec,New Century Village,2507 Howard Ave,Everett,WA,98203-7302,47.937965393066406,-122.19904327392578,Overture Places 2026-07-22.0,2026-07-22,open
Retail Village,ad52867e-da07-48c5-abc1-b0baf4b60fe5,Potala Village Everett,1315 Pacific Ave,Everett,WA,98201,47.9764404296875,-122.21247863769531,Overture Places 2026-07-22.0,2026-07-22,open
Retail Village,c71f50d9-c328-47b1-b78c-bd8aeb744896,Raintree Village Apartments,909 132nd St SW,Everett,WA,98204-7327,47.87942886352539,-122.2451400756836,Overture Places 2026-07-22.0,2026-07-22,open
Retail Village,32a456a8-ef3a-470a-9752-ed7c0b134b74,Shiloh Village Apartments,1926 W Casino Rd,Everett,WA,98204-1474,47.919715881347656,-122.26033020019531,Overture Places 2026-07-22.0,2026-07-22,open
Retail Village,5b1b4094-78ae-425f-8345-ec975c3eb127,Shoreside Village,701 75th St SE,Everett,WA,98203-5601,47.930416107177734,-122.2232437133789,Overture Places 2026-07-22.0,2026-07-22,open
Retail Village,7bb8d8d8-b113-435d-9683-844762b022af,The Village on Casino Road,14 E Casino Rd,Everett,WA,98208,47.92157745361328,-122.2326889038086,Overture Places 2026-07-22.0,2026-07-22,open
Retail Village,715b1d90-1736-4d51-8198-cf60435de05b,Value Village,6220 Evergreen Way,Everett,WA,98203-4532,47.941261291503906,-122.21866607666016,Overture Places 2026-07-22.0,2026-07-22,open
Retail Village,c8760b31-f02a-4e12-8f2a-abdf3611f7b2,Village By the Lake,820 Cady Rd,Everett,WA,98203-5001,47.93355941772461,-122.22220611572266,Overture Places 2026-07-22.0,2026-07-22,open
Retail Village,5281fc44-a08d-4f81-8b73-76760a6cd578,Village Theatre,2710 Wetmore Ave,Everett,WA,98201,47.981300354003906,-122.20744323730469,Overture Places 2026-07-22.0,2026-07-22,open
Retail Village,5df25add-6cb0-4835-8a95-4232c8048030,Village at Casper's Mill,1600 121st St SE,Everett,WA,98208-5999,47.88753128051758,-122.2106704711914,Overture Places 2026-07-22.0,2026-07-22,open
Retail Village,0acd15fe-f499-4ac9-86c9-e8fb5f35a7ea,Vintage at Holly Village,9615 Holly Dr,Everett,WA,98204-1164,47.91041946411133,-122.24140167236328,Overture Places 2026-07-22.0,2026-07-22,open
Retail Village,f475d33d-b477-4093-865b-9a80f294dff8,YWCA Family Village,11802 4th Ave W,Everett,WA,98204-4949,47.89141845703125,-122.23997497558594,Overture Places 2026-07-22.0,2026-07-22,open
Shopping Center,123a13b6-3bb9-41b6-90e0-8182adb2b23d,Andersons Shopping Center,9021 Evergreen Way,Everett,WA,98204-7117,47.915794372558594,-122.23348236083984,Overture Places 2026-07-22.0,2026-07-22,open
Shopping Center,caa1b491-b15b-48a6-bbd2-8443a321fff0,Everson Shopping Center,200 E Main St,Everson,WA,98247-9126,48.91958999633789,-122.34090423583984,Overture Places 2026-07-22.0,2026-07-22,open
Mall,db555b2d-0a5a-4255-9a62-7f05f129c8f4,MTP Small Engine Repair,13909 E Valley Chapel Rd,Fairfield,WA,99012-9762,47.44936752319336,-117.21577453613281,Overture Places 2026-07-22.0,2026-07-22,open
Mall,768c488e-aa3a-4914-bc26-c096ec4520f9,Small Fryes,4225 Preston Fall City Rd SE,Fall City,WA,98024,47.56662368774414,-121.904052734375,Overture Places 2026-07-22.0,2026-07-22,open
Mall,1df2ef96-dcf2-464e-8ede-9664d700fa50,Small Fryes,4225 Preston-Fall City Rd SE,Fall City,WA,98024-5024,47.566627502441406,-121.88818359375,Overture Places 2026-07-22.0,2026-07-22,open
Mall,1c391d22-4178-497d-bc3f-8c9fd4e737ab,A Small Animal Hospital,1115 347th Pl S,Federal Way,WA,98003-6718,47.29013442993164,-122.31961059570312,Overture Places 2026-07-22.0,2026-07-22,open
Mall,f939fdd1-288f-4300-af84-e36d0568f045,Century Movie Theater At The Commons Mall,2001 S Commons,Federal Way,WA,98003,47.31351089477539,-122.30752563476562,Overture Places 2026-07-22.0,2026-07-22,open
Mall,32980abc-ffa7-48e9-b373-bd8c55f7c436,GameStop - Mall,1933 S Commons Ste E-22,Federal Way,WA,98003,47.314048767089844,-122.31005859375,Overture Places 2026-07-22.0,2026-07-22,open
Mall,4f38cf00-5cc9-400b-a36d-1f0e4520d40a,Mallory Paint Store,31853 Pacific Hwy S,Federal Way,WA,98003-5409,47.31574249267578,-122.31399536132812,Overture Places 2026-07-22.0,2026-07-22,open
Mall,50734f1d-224f-4213-9e45-15e7a1d8524d,Seatac Mall Shopping Center - Management Offices,1928 S Commons,Federal Way,WA,98003,47.3133544921875,-122.30851745605469,Overture Places 2026-07-22.0,2026-07-22,open
Retail Plaza,998de29b-fc33-437e-9238-d0ab770d6e52,Golden Plaza,30800 Pacific Hwy S,Federal Way,WA,98003-4902,47.32579040527344,-122.31233215332031,Overture Places 2026-07-22.0,2026-07-22,open
Retail Plaza,1690cd48-33fe-4c19-9b58-5da6e247df3d,Steel Lake Plaza Apartments,2201 S 312th St,Federal Way,WA,98003,47.321868896484375,-122.3047866821289,Overture Places 2026-07-22.0,2026-07-22,open
Retail Village,0ed811d7-3fd2-4299-a101-3095d7935a3b,Dash Point Village,1600 SW Dash Point Rd,Federal Way,WA,98023-4573,47.32329177856445,-122.3563232421875,Overture Places 2026-07-22.0,2026-07-22,open
Retail Village,a82954e4-8cc9-4f04-b3d2-11a1aff7905a,Mirror Lake Village Senior Living Community,31000 9th Pl SW,Federal Way,WA,98023-5001,47.32353210449219,-122.34718322753906,Overture Places 2026-07-22.0,2026-07-22,open
Retail Village,d3fb2ac0-34cb-4ecc-b4c3-2b8b61604144,Puppy Village,33130 Pacific Hwy S,Federal Way,WA,98003-6440,47.30445098876953,-122.31283569335938,Overture Places 2026-07-22.0,2026-07-22,open
Retail Village,1fcf08a2-3963-4a3d-8665-b5675583207c,SeaTac Village Apartments,1808-1828 South 311th Pl,Federal Way,WA,98003,47.322940826416016,-122.31053161621094,Overture Places 2026-07-22.0,2026-07-22,open
Retail Village,e41115a5-3d35-44ef-8996-24bcdac4d361,The Village At Redondo Condominium,28300 18th Ave S,Federal Way,WA,98003-9284,47.34450912475586,-122.30995178222656,Overture Places 2026-07-22.0,2026-07-22,open
Retail Village,18bd3eff-93f4-4adf-88ac-5b9b288e86a8,Twin Lakes Village,"2120 Sw 336th St  # 2322",Federal Way,WA,98023-2883,47.30146408081055,-122.36266326904297,Overture Places 2026-07-22.0,2026-07-22,open
Retail Village,834cc02f-4fa1-4869-b854-fcdb5cb1c86c,Village Concepts,909 S 336th St,Federal Way,WA,98003-7394,47.30005645751953,-122.32201385498047,Overture Places 2026-07-22.0,2026-07-22,open
Retail Village,4752480a-470c-46fc-8e91-5bfb0233022b,Village Green Federal Way,35419 1st Ave S,Federal Way,WA,98003-7026,47.28426742553711,-122.33536529541016,Overture Places 2026-07-22.0,2026-07-22,open
Retail Village,7ae10570-e199-472f-a8d9-94fc3275d9c4,Village Inn,31711 Pacific Hwy S,Federal Way,WA,98003-5431,47.3171272277832,-122.31378936767578,Overture Places 2026-07-22.0,2026-07-22,open
Shopping Center,66e9435c-1899-4524-9bda-405c59be81cd,Greenacres Shopping Center,3324 SW 323rd St,Federal Way,WA,98023-2525,47.312522888183594,-122.37550354003906,Overture Places 2026-07-22.0,2026-07-22,open
Shopping Center,d4a07d4c-3289-4372-863c-8c201d53ecdf,Hillside Plaza Shopping Center,2000 S 314th St,Federal Way,WA,98003-5475,47.32086944580078,-122.30609893798828,Overture Places 2026-07-22.0,2026-07-22,open
Shopping Center,ecc9739a-dd06-4dce-a137-50821f036bd6,SeaTac Village Shopping Center,1700 S 320th St,Federal Way,WA,98003-5412,47.31549835205078,-122.31171417236328,Overture Places 2026-07-22.0,2026-07-22,open
Shopping Center,cbb9076f-45d4-4c1d-ade4-9e10d518b58d,The Quad Shopping Center,32901 1st Ave S,Federal Way,WA,98003,47.30754089355469,-122.33528900146484,Overture Places 2026-07-22.0,2026-07-22,open
Shopping Center,fec1850d-7233-408a-b626-0b3a19bf0537,Twin Lakes Shopping Center,2301 SW 336th St,Federal Way,WA,98023-3823,47.3004035949707,-122.36328887939453,Overture Places 2026-07-22.0,2026-07-22,open
Mall,971e151e-916c-4ddb-8b31-91255d572894,Malloy Terrace,Malloy Ave,Ferndale,WA,98248,48.856868743896484,-122.59583282470703,Overture Places 2026-07-22.0,2026-07-22,open
Mall,720eb2c0-56d1-4fe4-9d19-a4e5c66b8239,Malloy Village,2026 Jena Loop,Ferndale,WA,98248-8404,48.86736297607422,-122.59178924560547,Overture Places 2026-07-22.0,2026-07-22,open
Mall,851f976a-ca6f-43e1-bd41-ffdb80f27cb6,Smalls Northwest Evergreens,6480 Northwest Dr,Ferndale,WA,98248,48.87611389160156,-122.54061889648438,Overture Places 2026-07-22.0,2026-07-22,open
Mall,71b2f1df-fc36-4b85-ac22-11b2b6db0c75,Small’s Heritage Farm,6420 Northwest Dr,Ferndale,WA,98248-8803,48.87406921386719,-122.54035186767578,Overture Places 2026-07-22.0,2026-07-22,open
Mall,6cbe69c5-445d-42d0-b57a-eaa0e6e008af,Fife Antique Mall,1414 54th Ave E,Fife,WA,98424-1228,47.244632720947266,-122.3580093383789,Overture Places 2026-07-22.0,2026-07-22,open
Mall,f1f3dbae-ee42-4f8e-bb18-fbff5942d2d5,Small Car Performance,1403 34th Ave E,Fife,WA,98424-1100,47.24433898925781,-122.38336181640625,Overture Places 2026-07-22.0,2026-07-22,open
Retail Village,3e7b0931-4d27-4eb3-b574-936afa2ce9d1,Willowgreen Village,6501 20th St E,Fife,WA,98424-3501,47.2401237487793,-122.34219360351562,Overture Places 2026-07-22.0,2026-07-22,open
Mall,c28e90bf-6a14-4f5b-b575-ef708cd81103,Kevin M. Small,1033 Regents Blvd,Fircrest,WA,98466-6045,47.23902893066406,-122.51775360107422,Overture Places 2026-07-22.0,2026-07-22,open
Mall,521e59f9-4a56-4542-8596-3c876e5d73a5,Jerry's Small Engines,1051 S Forks Ave,Forks,WA,98331,47.939910888671875,-124.386474609375,Overture Places 2026-07-22.0,2026-07-22,open
Retail Plaza,1311d147-5e90-4df7-bce3-57f0d54f9ab3,Plaza Jalisco,90 N Forks Ave,Forks,WA,98331,47.95136260986328,-124.38582611083984,Overture Places 2026-07-22.0,2026-07-22,open
Mall,cfeac02d-9f91-4450-a60e-6b1984915458,Fox Island Small Engine Repair,847 7th Ln,Fox Island,WA,98333-9727,47.247806549072266,-122.62857055664062,Overture Places 2026-07-22.0,2026-07-22,open
Mall,467cf9af-8dd9-4df4-9527-b7426ca7ae7f,Mutiny Bay Antique Mall,1612 Main St,Freeland,WA,98249-9467,48.00931930541992,-122.52766418457031,Overture Places 2026-07-22.0,2026-07-22,open
Mall,5e2fd36d-108e-449c-be6a-490ed81fc0aa,Red Rooster Antique Mall,1635 E Main St,Freeland,WA,98249-9677,48.00969696044922,-122.52674865722656,Overture Places 2026-07-22.0,2026-07-22,open
Marketplace,6cad1567-e1df-44b0-bdbf-03bfc4a76057,Friday Harbor Marketplace,515 Market St,Friday Harbor,WA,98250,48.5291633605957,-123.02079010009766,Overture Places 2026-07-22.0,2026-07-22,open
Retail Village,5addad23-d9cb-419d-bccd-719cbfe97841,Village at Home,535 Market St,Friday Harbor,WA,98250-7937,48.529720306396484,-123.02193450927734,Overture Places 2026-07-22.0,2026-07-22,open
Retail Village,08a260d9-34ff-46ef-bbba-54c978a4521a,Village at the Harbor,543 Spring St,Friday Harbor,WA,98250-8057,48.5309944152832,-123.02084350585938,Overture Places 2026-07-22.0,2026-07-22,open
Retail Plaza,3814ab13-b321-406c-ad2a-8114ff9e3f17,St Marthas Plaza,125 E Deacon,George,WA,98824,47.07817840576172,-119.85171508789062,Overture Places 2026-07-22.0,2026-07-22,open
Mall,00a9e7e6-b946-4cc4-84d5-06430d4fd178,A Small Specialty LLC,7804 Pioneer Way,Gig Harbor,WA,98335-1133,47.329219818115234,-122.58177185058594,Overture Places 2026-07-22.0,2026-07-22,open
Mall,fbe6c918-ba91-4a4c-b08f-8b95c4c77490,Harbor Landing Indoor Shopping Mall,3226 Harborview Dr,Gig Harbor,WA,98332,47.3310432434082,-122.5827865600586,Overture Places 2026-07-22.0,2026-07-22,open
Mall,d2b2d746-06ef-4edc-bad6-4b9dbc9d4fa1,Karissa Mallett Realtor,4021 Harborview Dr.,Gig Harbor,WA,98332,47.3369140625,-122.59291076660156,Overture Places 2026-07-22.0,2026-07-22,open
Mall,04dee44b-4256-433c-8b04-3b44277a80ab,The Lodge at Mallard's Landing,7083 Wagner Way,Gig Harbor,WA,98335-6917,47.321048736572266,-122.59317779541016,Overture Places 2026-07-22.0,2026-07-22,open
Mall,a17482fd-235a-403e-83c7-274793cff474,The Smalley Berman Group - Morgan Stanley,2727 Hollycroft St,Gig Harbor,WA,98335-1305,47.309417724609375,-122.57543182373047,Overture Places 2026-07-22.0,2026-07-22,open
Marketplace,ab946e75-24a6-41c5-9ccc-92c085f457c4,The Marketplace Grille,8825 N Harborview Dr,Gig Harbor,WA,98332,47.33900833129883,-122.59001159667969,Overture Places 2026-07-22.0,2026-07-22,open
Retail Plaza,89d65939-321b-40f7-be8c-e5cab9da9aa9,Canterwood Professional Plaza & Suites,5727 Baker Way NW,Gig Harbor,WA,98332,47.36937713623047,-122.61494445800781,Overture Places 2026-07-22.0,2026-07-22,open
Retail Plaza,610e2db9-92de-4683-a3a4-32b6502c7106,Gig Harbor Olympic Plaza,5114 Point Fosdick Dr,Gig Harbor,WA,98335-1733,47.30482864379883,-122.58077239990234,Overture Places 2026-07-22.0,2026-07-22,open
Retail Plaza,87459d31-d293-4a5f-9daa-9ea70a0e5c01,Harbor Plaza,4904 Point Fosdick Dr,Gig Harbor,WA,98335-1713,47.30259704589844,-122.58112335205078,Overture Places 2026-07-22.0,2026-07-22,open
Retail Village,0a83faaf-2e34-4fe1-b126-fc28049177b8,Discovery Village,4835 Borgen Blvd,Gig Harbor,WA,98332-6826,47.36091995239258,-122.60308074951172,Overture Places 2026-07-22.0,2026-07-22,open
Retail Village,de50a313-5bcd-4baa-9982-bb84cec61cdc,Harbor Village,6200 Soundview Dr,Gig Harbor,WA,98335-2078,47.31450653076172,-122.57987976074219,Overture Places 2026-07-22.0,2026-07-22,open
Retail Village,ed7aa8f2-f597-4ba9-8db4-565d2f35767a,Lake Katherine Village,10978 State Route 302 NW,Gig Harbor,WA,98329,47.387298583984375,-122.68504333496094,Overture Places 2026-07-22.0,2026-07-22,open
Retail Village,f2e6b7cc-3a4d-4b80-bdcd-62656e52c066,Rosedale Village,4203 Rosedale St,Gig Harbor,WA,98335-0007,47.333457946777344,-122.59527587890625,Overture Places 2026-07-22.0,2026-07-22,open
Retail Village,da4fffd3-ce29-4f71-8d81-83ef0abe7fee,Sound Vista Village,6633 McDonald Ave,Gig Harbor,WA,98335-5100,47.3189582824707,-122.58382415771484,Overture Places 2026-07-22.0,2026-07-22,open
Retail Village,2bab0e41-6bd0-4be3-92dd-46546059073e,Village Barber Salon,6820 Kimball Dr,Gig Harbor,WA,98335-5123,47.32091522216797,-122.58743286132812,Overture Places 2026-07-22.0,2026-07-22,open
Retail Plaza,b36a4ea6-21ef-480e-a8e6-151dab3e6cb5,Goldendale Travel Plaza,279 Highway 97,Goldendale,WA,98620,45.702903747558594,-120.82213592529297,Overture Places 2026-07-22.0,2026-07-22,open
Retail Village,10cd7719-b073-42f7-9042-6d602868491c,Goldendale Village Apartments,801 S Schuster St,Goldendale,WA,98620-4123,45.816593170166016,-120.81769561767578,Overture Places 2026-07-22.0,2026-07-22,open
Retail Village,ece436c4-1e68-4bce-b6f2-edc4d03dcb3d,Three Mountain Village,613 W Collins Dr,Goldendale,WA,98620-9436,45.819305419921875,-120.83323669433594,Overture Places 2026-07-22.0,2026-07-22,open
Retail Village,9d31c9ae-89bb-4975-b3b1-cda2150e4f1a,The Village Farmers' Market,Frontier Park 21800 Meridian Ave E,Graham,WA,98338,47.11475372314453,-122.28878021240234,Overture Places 2026-07-22.0,2026-07-22,open
Retail Plaza,8c21ee46-045f-4c96-9859-f97966aebc69,Granger Travel Plaza,1221 Bailey Ave,Granger,WA,98932,46.344722747802734,-120.17948913574219,Overture Places 2026-07-22.0,2026-07-22,open
Retail Plaza,159c032a-61bb-4289-a5d6-7bf54874c274,San Isidoro Plaza,409 D St,Granger,WA,98932,46.33863067626953,-120.1896743774414,Overture Places 2026-07-22.0,2026-07-22,open
Retail Plaza,f09a1530-567d-4591-97e0-26024b710cb7,Stoney’s Plaza,300 E Ave,Granger,WA,98932-9359,46.345218658447266,-120.18683624267578,Overture Places 2026-07-22.0,2026-07-22,open
Mall,dc9f6a1d-3271-4fb4-a026-ddea65f4829f,Doug's Small Engine Repair,2023 Simpson Ave,Hoquiam,WA,98550-2744,46.97561264038086,-123.87435913085938,Overture Places 2026-07-22.0,2026-07-22,open
Retail Plaza,3a6303bc-64c2-42f5-a7be-fc9ad1aaee66,Simpson Plaza,220 5th St,Hoquiam,WA,98550-2513,46.9798583984375,-123.88739013671875,Overture Places 2026-07-22.0,2026-07-22,open
Retail Village,4bb2cdfa-d0ef-4e7c-b66c-6ed18f27e629,Channel Point Village,907 K St,Hoquiam,WA,98550-3700,46.974910736083984,-123.8838119506836,Overture Places 2026-07-22.0,2026-07-22,open
Retail Village,f344da50-3ff5-4127-9a63-a13918030845,Inn at Harbour Village,120 Williams Ave NE,Ilwaco,WA,98624,46.30970764160156,-124.04151153564453,Overture Places 2026-07-22.0,2026-07-22,open
Retail Plaza,4b313dd7-b7a6-4587-8bcb-30e87912abaa,Plaza Pizza,102 S 2nd Ave,Ione,WA,99139,48.740257263183594,-117.417724609375,Overture Places 2026-07-22.0,2026-07-22,open
Mall,6d91bf3d-69f2-4c84-a525-57b3f1e3a733,Mallory Paint Store,145 NW Gilman Blvd,Issaquah,WA,98027-2408,47.538330078125,-122.0381088256836,Overture Places 2026-07-22.0,2026-07-22,open
Mall,fd43291f-cd34-45d7-853d-c76e982adb41,Small Threads For Kids,1480 NW Gilman Blvd,Issaquah,WA,98027-5380,47.54656982421875,-122.05870819091797,Overture Places 2026-07-22.0,2026-07-22,open
Mall,b8c8522c-321a-4da8-bee3-a594ee5ebec4,Smallcakes,94 Front St N,Issaquah,WA,98027,47.53117370605469,-122.0362319946289,Overture Places 2026-07-22.0,2026-07-22,open
Retail Plaza,480fca04-4fde-41ea-b9ab-6d0df4265b71,Grand Ridge Plaza,1451 Highlands Dr NE,Issaquah,WA,98029,47.54392623901367,-122.0150146484375,Overture Places 2026-07-22.0,2026-07-22,open
Retail Plaza,740cf21d-8715-4671-bb4f-9ab8d346bb36,Grand Ridge Plaza,1451 Highlands Dr NE,Issaquah,WA,98029-6240,47.54157257080078,-122.0196533203125,Overture Places 2026-07-22.0,2026-07-22,open
Retail Plaza,1b925397-e7a8-4dac-b838-5e274045b5a6,Issaquah Plaza 221,5625 221st Pl SE,Issaquah,WA,98027-9124,47.55079650878906,-122.0460433959961,Overture Places 2026-07-22.0,2026-07-22,open
Retail Village,013e0f46-1139-461a-a015-cb7307262d72,Gilman Village,317 NW Gilman Blvd,Issaquah,WA,98027-2485,47.53985595703125,-122.04109954833984,Overture Places 2026-07-22.0,2026-07-22,open
Retail Village,2f175cd4-d980-4e73-a920-7c2da281aa60,Issaquah Village RV Park,650 1st Ave NE,Issaquah,WA,98027-2523,47.53665542602539,-122.0307846069336,Overture Places 2026-07-22.0,2026-07-22,open
Retail Village,810ff359-ceea-4d08-a202-6adae29d67d3,The Village Schoolhouse,860 Front St S,Issaquah,WA,98027-4204,47.52052688598633,-122.03204345703125,Overture Places 2026-07-22.0,2026-07-22,open
Retail Village,418d7eb2-d331-4519-96e1-865716fd7eea,Value Village,5530 E Lake Sammamish Pkwy SE,Issaquah,WA,98029-6804,47.55253982543945,-122.04212188720703,Overture Places 2026-07-22.0,2026-07-22,open
Retail Village,ec1538fd-0b37-45b8-aacd-a5d4608c4da7,Village Family Clinic & Wellness Center,317 NW Gilman Blvd,Issaquah,WA,98027-2485,47.53971481323242,-122.04218292236328,Overture Places 2026-07-22.0,2026-07-22,open
Retail Village,ba2134f1-e84f-4b68-a56a-4121b3509995,Village Green,1836 25th Ave NE,Issaquah,WA,98029-2613,47.54788589477539,-121.99601745605469,Overture Places 2026-07-22.0,2026-07-22,open
Retail Village,746475b4-93cf-45c2-899b-63621b9710bf,Village Green Yoga,1871 NW Gilman Blvd Ste 2,Issaquah,WA,98027,47.5450439453125,-122.06541442871094,Overture Places 2026-07-22.0,2026-07-22,open
Retail Village,4ba5cc87-68ce-4011-b553-e8634ccb19de,Village Green Yoga,317 NW Gilman Blvd,Issaquah,WA,98027-2485,47.539634704589844,-122.04015350341797,Overture Places 2026-07-22.0,2026-07-22,open
Retail Village,7f3efb47-43e8-4e0b-968e-367b87f774f4,Village Pediatrics,175 1st Pl NW,Issaquah,WA,98027,47.53196334838867,-122.03764343261719,Overture Places 2026-07-22.0,2026-07-22,open
Retail Village,50b45f30-44b3-4fb5-a26a-9f4641aba494,Village Pediatrics,450 NW Gilman Blvd,Issaquah,WA,98027-2483,47.54327392578125,-122.04380798339844,Overture Places 2026-07-22.0,2026-07-22,open
Retail Village,f80b3347-93cc-4e0b-b719-1ab1a2821f6b,Village Theatre First Stage,120 Front St N,Issaquah,WA,98027-3234,47.53167724609375,-122.03618621826172,Overture Places 2026-07-22.0,2026-07-22,open
Retail Village,21af514a-6b48-4d86-890e-6566d825b4ab,YWCA Family Village at Issaquah,930 NE High St,Issaquah,WA,98029-7417,47.54471969604492,-122.01870727539062,Overture Places 2026-07-22.0,2026-07-22,open
Retail Village,f06b626f-98e1-4ccf-a9e5-5215c9d62d0d,ywca family village playground,930 NE High St,Issaquah,WA,98029,47.54511260986328,-122.01802825927734,Overture Places 2026-07-22.0,2026-07-22,open
Shopping Center,6c61648d-f5a9-42ac-af63-304298be34ec,Meadows Shopping Center,1490 NW Gilman Blvd,Issaquah,WA,98027-5498,47.546268463134766,-122.0603256225586,Overture Places 2026-07-22.0,2026-07-22,open
Retail Village,2df04791-786b-477a-982d-ecb1cbeedbd9,Be The Village,254 Hendrickson Dr,Kalama,WA,98625,46.003074645996094,-122.84553527832031,Overture Places 2026-07-22.0,2026-07-22,open
Shopping Center,75b207ca-8c97-428e-9e51-5fe091af70dd,Kalama Shopping Center,223 1st St N,Kalama,WA,98625-9100,46.00883865356445,-122.84542083740234,Overture Places 2026-07-22.0,2026-07-22,open
Mall,b40f0dc3-7a9b-4f51-9f57-494d9d5d6e82,Killer Tendencies at 3 Rivers Mall,351 Three Rivers Dr,Kelso,WA,98626-3120,46.139774322509766,-122.90043640136719,Overture Places 2026-07-22.0,2026-07-22,open
Mall,80d5c725-bcdb-482b-a7e2-a42858487272,Regal Three Rivers Mall,341 Three Rivers Dr,Kelso,WA,98626,46.1389274597168,-122.9002456665039,Overture Places 2026-07-22.0,2026-07-22,open
Mall,3866496f-86a4-44ef-aa04-48e6f46ea33e,Three Rivers Mall Cinemas,1301 Pacific Ave S,Kelso,WA,98626-2120,46.13421630859375,-122.9155044555664,Overture Places 2026-07-22.0,2026-07-22,open
Retail Plaza,decb9e07-8d89-437f-94f8-029b19d62f15,Plaza Jalisco,400 W Main St,Kelso,WA,98626-1175,46.146034240722656,-122.91946411132812,Overture Places 2026-07-22.0,2026-07-22,open
Retail Plaza,d338e7cf-582d-4730-887c-cb4ff5d414a5,Riverway Plaza,200 Kelso Dr,Kelso,WA,98626-3112,46.1434326171875,-122.8955307006836,Overture Places 2026-07-22.0,2026-07-22,open
Mall,67a0a016-82f2-4644-bf6b-f9180d233f17,192 Small Business Popup,7324 NE 175th St,Kenmore,WA,98028-2500,47.756717681884766,-122.24268341064453,Overture Places 2026-07-22.0,2026-07-22,open
Retail Plaza,c6b77bf1-6400-40f6-8e83-3a127a51a8f5,Plaza Garcia Express,7630 NE Bothell Way,Kenmore,WA,98028,47.7567253112793,-122.23796081542969,Overture Places 2026-07-22.0,2026-07-22,open
Retail Village,af6b0dce-7848-4992-b74f-4dd6b7f0ed39,East Creek Village by Richmond American Homes,NE 169th Place and 81st Pl NE,Kenmore,WA,98028,47.751747131347656,-122.23322296142578,Overture Places 2026-07-22.0,2026-07-22,open
Retail Village,e33fed61-0c15-47e8-8c3c-ead690c0b2e1,Harbour Village Marina,6155 NE 175th St,Kenmore,WA,98028,47.75663375854492,-122.2613754272461,Overture Places 2026-07-22.0,2026-07-22,open
Mall,49f9a42a-4cd5-4010-9448-da0f88269650,Affordable Small Engine Repair,5628 W Clearwater Ave,Kennewick,WA,99336-1903,46.21257400512695,-119.19630432128906,Overture Places 2026-07-22.0,2026-07-22,open
Mall,c7fd85a4-9002-4758-a67b-015b82fd5851,Kennewick Mall,1321 N Columbia Center Blvd,Kennewick,WA,99336-2421,46.22548294067383,-119.22691345214844,Overture Places 2026-07-22.0,2026-07-22,open
Mall,a72a36d2-2cb5-4aa9-92ee-ac7db284f099,Mail By the Mall,1360 N Louisiana St,Kennewick,WA,99336-7171,46.22587203979492,-119.23162078857422,Overture Places 2026-07-22.0,2026-07-22,open
Mall,d35b7e5a-07d2-4ab2-b048-72fa5e752c28,Regal Cinemas Columbia Mall 8,"1321 N Columbia Center Blvd #701",Kennewick,WA,99336,46.2250862121582,-119.22702026367188,Overture Places 2026-07-22.0,2026-07-22,open
Mall,20f0287e-4264-4ae9-a86d-9560eb9d99b8,The Mallonee Group,3617 Plaza Way,Kennewick,WA,99338-2717,46.17820358276367,-119.1876220703125,Overture Places 2026-07-22.0,2026-07-22,open
Retail Plaza,73f6fffb-5af3-40ce-af43-6665c7c1053a,Columbia Plaza,6855 W Clearwater Ave,Kennewick,WA,99336-5011,46.21036911010742,-119.21280670166016,Overture Places 2026-07-22.0,2026-07-22,open
Retail Plaza,97d67fc4-16b5-4f14-8e2d-48f9281cd9b4,Keewaydin Plaza,6 W 6th Ave,Kennewick,WA,99336-5653,46.20254135131836,-119.11424255371094,Overture Places 2026-07-22.0,2026-07-22,open
Retail Village,0cd23c94-3a65-4baf-98ad-df2ca1cc11cc,Crown Village Apartments,445 N Volland St,Kennewick,WA,99336-2147,46.2143440246582,-119.18299865722656,Overture Places 2026-07-22.0,2026-07-22,open
Retail Village,decd791a-dcfa-48c6-9b4c-a5f3dcf4c817,Pepper Tree Village Apartments,507 N Arthur St,Kennewick,WA,99336,46.2158203125,-119.1877670288086,Overture Places 2026-07-22.0,2026-07-22,open
Retail Village,768854f8-8ae1-4916-8e08-422e2d31890f,The Village Bistro,5215 W Clearwater Ave,Kennewick,WA,99336-1900,46.212093353271484,-119.19337463378906,Overture Places 2026-07-22.0,2026-07-22,open
Retail Village,155d740a-a4d7-4307-87b1-af720dff4163,The Village at Southridge,329 N Kellogg St,Kennewick,WA,99336,46.213340759277344,-119.20132446289062,Overture Places 2026-07-22.0,2026-07-22,open
Retail Village,ed6d9638-45a1-40e6-ae75-9f37c9c800b5,The Village at Southridge,6703 W 38th Ave,Kennewick,WA,99338-1529,46.17500686645508,-119.21427917480469,Overture Places 2026-07-22.0,2026-07-22,open
Retail Village,b17cc232-7adb-4114-b207-e76b2662da30,Village At Grandridge,425 N Columbia Center Blvd,Kennewick,WA,99336-7705,46.213706970214844,-119.22606658935547,Overture Places 2026-07-22.0,2026-07-22,open
Mall,b1795578-f4d4-4371-aefb-4c8ecec1a955,Great Wall Shopping Mall,18230 E Valley Hwy,Kent,WA,98032-1217,47.438804626464844,-122.2208023071289,Overture Places 2026-07-22.0,2026-07-22,open
Mall,cbf3f55d-69d9-40e8-8bd3-26b559a07c68,Small Business Advantage,5844 S 194th St,Kent,WA,98032,47.42641067504883,-122.26564025878906,Overture Places 2026-07-22.0,2026-07-22,open
Marketplace,fb01cf11-ecbf-4e4f-a5a0-34355664db53,Marketplace At Lake Meridian,13004 SE Kent Kangley Rd,Kent,WA,98030-7965,47.35929870605469,-122.16605377197266,Overture Places 2026-07-22.0,2026-07-22,open
Retail Plaza,87f83f67-7826-409f-b93c-769ebfb8b058,Best Western Plus Plaza By The Green,24415 Russell Rd,Kent,WA,98032-4233,47.38241195678711,-122.26264190673828,Overture Places 2026-07-22.0,2026-07-22,open
Retail Plaza,4c03b9f1-30f9-4f9b-a6e2-6ca25eac838f,Canyon Ridge Plaza,104th Ave SE,Kent,WA,98030,47.36724090576172,-122.20343780517578,Overture Places 2026-07-22.0,2026-07-22,open
Retail Plaza,46cc06f8-c56d-452d-92be-84e029bf220d,Ghag Plaza,23805 104th Ave SE,Kent,WA,98031-3313,47.3887939453125,-122.20318603515625,Overture Places 2026-07-22.0,2026-07-22,open
Retail Plaza,0a55adf2-0132-4e04-9df6-8bb22d38094c,Madison Plaza,102 Madison Ave,Kent,WA,98032,47.38164520263672,-122.24311065673828,Overture Places 2026-07-22.0,2026-07-22,open
Retail Plaza,c9cd550c-502a-4eb3-a0e6-603340450948,Town Square Plaza,220 4th Ave S,Kent,WA,98032-5838,47.382503509521484,-122.23542785644531,Overture Places 2026-07-22.0,2026-07-22,open
Retail Village,b45501f8-3e08-4d59-9462-590029818c9b,Arbor Village Senior Living,24121 116th Ave SE,Kent,WA,98030-5300,47.38564682006836,-122.1877670288086,Overture Places 2026-07-22.0,2026-07-22,open
Retail Village,8bed0c13-a679-4526-820b-871e715686d1,Benson Village Apartments,10820 SE 211th Pl,Kent,WA,98031,47.4128532409668,-122.19609069824219,Overture Places 2026-07-22.0,2026-07-22,open
Retail Village,9f7f57b4-2a11-4754-a5c9-4798b4ef7b6a,Bower Village,24006 108th Pl SE,Kent,WA,98030-4990,47.38629150390625,-122.19613647460938,Overture Places 2026-07-22.0,2026-07-22,open
Retail Village,bf59d72c-5ee2-4ac0-9331-f03fa2b8a9aa,East Hill Village Self Storage,10232 SE 256th St,Kent,WA,98030,47.372535705566406,-122.2040023803711,Overture Places 2026-07-22.0,2026-07-22,open
Retail Village,444b05ba-e77c-42cb-9bb5-321c5522c80f,The Village at Lake Meridian,10925 SE 259th St,Kent,WA,98030,47.3707160949707,-122.19506072998047,Overture Places 2026-07-22.0,2026-07-22,open
Retail Village,bb620a87-b178-4952-96ea-a9c370fcefb5,The Village of Newport,2500 S 272nd St,Kent,WA,98032-7907,47.3584098815918,-122.30162048339844,Overture Places 2026-07-22.0,2026-07-22,open
Retail Village,c9bced30-cfe4-4c80-be92-ad632b5ee2ec,Titus Village Senior Living Apartments,233 5th Ave S,Kent,WA,98032-5704,47.38018798828125,-122.23917388916016,Overture Places 2026-07-22.0,2026-07-22,open
Retail Village,ea004d85-3f89-4b9f-a03e-9b175b811c6b,Titus Village Senior Living Apartments,233 5th Ave S,Kent,WA,98032,47.380043029785156,-122.23921966552734,Overture Places 2026-07-22.0,2026-07-22,open
Retail Village,0fdb1f7a-d832-4a61-a755-d2733998e946,Value Village,24034 104th Ave SE,Kent,WA,98030-4976,47.38614273071289,-122.20022583007812,Overture Places 2026-07-22.0,2026-07-22,open
Retail Village,ae75c03a-c92d-4ea8-bee3-cccf4f59dade,Village Green Apartments,10433 SE Kent Kangley Rd,Kent,WA,98030-7020,47.37117385864258,-122.1993637084961,Overture Places 2026-07-22.0,2026-07-22,open
Retail Village,d37e6df3-beea-4cf4-84ca-d9a2c12df2e6,Village Green Community Center,26159 Dulay Rd NE,Kingston,WA,98346,47.79951095581055,-122.50226593017578,Overture Places 2026-07-22.0,2026-07-22,open
Retail Village,54c7fd5d-9a32-41f3-b7d0-85dcce9c6302,Village Green Community Park,10878 West Kingston Rd. NE,Kingston,WA,98346,47.79962158203125,-122.50270080566406,Overture Places 2026-07-22.0,2026-07-22,open
Retail Village,26c152f9-be9b-48c7-b95d-7f4872e8f6eb,Village Green Senior Apartments,26150 Dulay Rd NE,Kingston,WA,98346-5501,47.79924011230469,-122.50141906738281,Overture Places 2026-07-22.0,2026-07-22,open
Mall,35b5758d-68b8-4c6b-ba72-26f343de5aad,Mallinak Designs Jewelers,6523 132nd Ave NE,Kirkland,WA,98033,47.66462707519531,-122.1653060913086,Overture Places 2026-07-22.0,2026-07-22,open
Mall,b746568d-8171-4189-84a2-1e9619448952,Mallory Paint Store,12620 NE 85th St,Kirkland,WA,98033-8045,47.67974853515625,-122.17201232910156,Overture Places 2026-07-22.0,2026-07-22,open
Marketplace,8157900b-b870-48d3-9607-67ff64a55202,Scoop Marketplace,9743 NE 119th Way,Kirkland,WA,98034-8955,47.7069206237793,-122.21117401123047,Overture Places 2026-07-22.0,2026-07-22,open
Retail Plaza,53f21a31-2964-497d-a966-6874877cf749,EvergreenHealth Plaza,12911 120th Ave NE,Kirkland,WA,98034-3007,47.71586227416992,-122.18359375,Overture Places 2026-07-22.0,2026-07-22,open
Retail Plaza,6a68a1e0-61e6-41b7-9e7d-e0a8747e75ad,EvergreenHealth Totem Lake Medical Plaza,11521 NE 128th St Ste 200,Kirkland,WA,98034,47.714813232421875,-122.18743133544922,Overture Places 2026-07-22.0,2026-07-22,open
Retail Plaza,595bdb87-aaf4-4b6d-acde-31299050969b,Lakeshore Plaza Lot,52 Lake Shore Plz,Kirkland,WA,98033-6110,47.676048278808594,-122.20846557617188,Overture Places 2026-07-22.0,2026-07-22,open
Retail Plaza,6cef7c6f-ad8a-4c8f-81a2-d5ba292073c8,Plaza,330 4th St,Kirkland,WA,98033,47.678733825683594,-122.20094299316406,Overture Places 2026-07-22.0,2026-07-22,open
Retail Plaza,54179f1c-2712-470d-bc22-e3aa1490711f,Plaza Garcia Family Mexican,12108 Juanita Dr NE,Kirkland,WA,98034,47.708709716796875,-122.23725128173828,Overture Places 2026-07-22.0,2026-07-22,open
Retail Plaza,5d06a99d-ef9c-4740-ae8c-3c8d715cad91,Plaza of Kirkland Champions,30 Lake Shore Plz,Kirkland,WA,98033-6175,47.67561721801758,-122.2079086303711,Overture Places 2026-07-22.0,2026-07-22,open
Retail Plaza,5c5ce34c-f71b-4bfe-a18d-e683a0d23ebd,The Plaza At Yarrow Bay,10230 NE Points Dr,Kirkland,WA,98033-7808,47.64500427246094,-122.20330810546875,Overture Places 2026-07-22.0,2026-07-22,open
Retail Plaza,cf607ba7-fd8f-44ce-af22-a498c5a44f8a,The Plaza on State,102 State St S,Kirkland,WA,98033-3600,47.675289154052734,-122.20232391357422,Overture Places 2026-07-22.0,2026-07-22,open
Retail Village,4fb434ad-2a2a-4296-9226-730ee30aab7f,Chelsea at Juanita Village,11718 97th Ln NE,Kirkland,WA,98034-8953,47.70615768432617,-122.21148681640625,Overture Places 2026-07-22.0,2026-07-22,open
Retail Village,cf32f825-2ff1-4878-a1ec-46f1eb603e22,Francis Village,12601 NE 124th St,Kirkland,WA,98034,47.71002197265625,-122.17208099365234,Overture Places 2026-07-22.0,2026-07-22,open
Retail Village,5fd8693c-36cc-4aa5-8a60-4516083a7fd8,Inglewood Village,14130 Juanita Dr NE,Kirkland,WA,98034,47.728641510009766,-122.24320220947266,Overture Places 2026-07-22.0,2026-07-22,open
Retail Village,5fdfca64-bd73-43a6-be4f-fe9c217dd0d3,Juanita Village 6,11718 97th Ln NE,Kirkland,WA,98034-8953,47.70594787597656,-122.21139526367188,Overture Places 2026-07-22.0,2026-07-22,open
Retail Village,f69dea53-d8ac-4132-958f-fe9b84e76ac9,Juanita Village Eyecare,9726 NE 119th Way,Kirkland,WA,98034-8955,47.70683288574219,-122.21196746826172,Overture Places 2026-07-22.0,2026-07-22,open
Retail Village,7cb93b3d-ac97-4dad-a8a8-dc00f266ae82,Ridgewood Village Condominium,12504 NE 117th Pl,Kirkland,WA,98034-4123,47.70585632324219,-122.17308807373047,Overture Places 2026-07-22.0,2026-07-22,open
Retail Village,d52157eb-3f32-44a4-af73-cf9bfc1f606a,Salix Juanita Village,9740 NE 119th Way,Kirkland,WA,98034,47.70709991455078,-122.21170043945312,Overture Places 2026-07-22.0,2026-07-22,open
Retail Village,691ee10c-399a-45ff-b347-4b3f9e8a6c4b,Sun Village Senior Care,10338 NE 141st Pl,Kirkland,WA,98034-9417,47.72800827026367,-122.20172882080078,Overture Places 2026-07-22.0,2026-07-22,open
Retail Village,f98d91df-73fc-45ce-8ef0-d99b4c53a607,The Village at Totem Lake,11901 NE Village Plz,Kirkland,WA,98034-5089,47.712642669677734,-122.18000030517578,Overture Places 2026-07-22.0,2026-07-22,open
Retail Village,93b9b0b7-1da4-4285-aba6-4d55e9543eb2,Value Village,12515 116th Ave NE,Kirkland,WA,98034,47.712406158447266,-122.18856811523438,Overture Places 2026-07-22.0,2026-07-22,open
Retail Village,26f3398a-d324-41c2-bbef-30ab1a0ee098,Village At Juanita Beach Apartments,9311 NE 118th Ln,Kirkland,WA,98034-3634,47.70618438720703,-122.21747589111328,Overture Places 2026-07-22.0,2026-07-22,open
Retail Village,50e7ee4f-49d1-4a20-bd72-7a93d49beda9,Village Condominiums,9907 NE 124th St,Kirkland,WA,98034-3751,47.710575103759766,-122.20965576171875,Overture Places 2026-07-22.0,2026-07-22,open
Retail Village,13e4d572-dff9-45ef-9d6e-a950555b9d04,Village at Juanita Beach,9300 ne 118th ln,Kirkland,WA,98034,47.706031799316406,-122.21715545654297,Overture Places 2026-07-22.0,2026-07-22,open
Retail Village,8d710505-1708-4613-84c1-36334b5e1fb3,Warby Parker The Village at Totem Lake,11900 NE Village Plaza,Kirkland,WA,98034,47.712669372558594,-122.1812973022461,Overture Places 2026-07-22.0,2026-07-22,open
Retail Village,9d8ecc27-db91-4d13-a0c8-0800a5043aa7,Waterscape at Juanita Village,11801 97th Ln NE,Kirkland,WA,98034-8954,47.70613479614258,-122.2118148803711,Overture Places 2026-07-22.0,2026-07-22,open
Shopping Center,d80753f1-e487-44c6-8781-5247e7d180af,Bridle Trails Shopping Center,6501 132nd Ave NE,Kirkland,WA,98033-8628,47.665313720703125,-122.1651382446289,Overture Places 2026-07-22.0,2026-07-22,open
Shopping Center,52d862b2-9dbb-4205-89e1-20f727922709,Rose Hill Shopping Center,12040 NE 85th St,Kirkland,WA,98033-8039,47.68071746826172,-122.17938232421875,Overture Places 2026-07-22.0,2026-07-22,open
Retail Village,d794747c-10ef-4603-b424-84b9967030f0,VILLAGE MERCANTILE,920 HWY 2,LEAVENWORTH,WA,98826,47.5966682434082,-120.66130065917969,Overture Places 2026-07-22.0,2026-07-22,open
Marketplace,43fd830c-bb32-4eb0-9b30-afdaf57f6c02,La Center Marketplace,419 E 4th St,La Center,WA,98629,45.862789154052734,-122.66844177246094,Overture Places 2026-07-22.0,2026-07-22,open
Retail Village,cb0e8a6b-3a3d-4b65-b02f-a49d082742c8,Swinomish Market at the Village,17599 Front St,La Conner,WA,98257,48.390464782714844,-122.50141143798828,Overture Places 2026-07-22.0,2026-07-22,open
Mall,ec4c2801-7bd5-44f8-98bd-f53db64aea3d,Malli Homes,3419 Beth Ct NE,Lacey,WA,98516-9249,47.082557678222656,-122.74755859375,Overture Places 2026-07-22.0,2026-07-22,open
Mall,2df09439-f66f-4e7b-a259-a975b99612c8,Mallory Paint Store - Benjamin Moore,4402 Martin Way E,Lacey,WA,98516,47.04865646362305,-122.82669830322266,Overture Places 2026-07-22.0,2026-07-22,open
Marketplace,3065989e-f963-4099-a27e-2798c0e1bd89,Providence ExpressCare - Lacey Marketplace Urgent Care,1350 Marvin Rd NE Ste D,Lacey,WA,98516,47.05939483642578,-122.76423645019531,Overture Places 2026-07-22.0,2026-07-22,open
Retail Plaza,a64cd0e1-58ba-4b98-a48d-356492610d15,Britton Plaza,2555 Marvin Rd NE,Lacey,WA,98516,47.07024002075195,-122.77342987060547,Overture Places 2026-07-22.0,2026-07-22,open
Retail Plaza,6078656c-ce74-4989-b910-0b9b0312d761,Civic Plaza,521 Sleater Kinney Rd SE,Lacey,WA,98503-1028,47.04469299316406,-122.83423614501953,Overture Places 2026-07-22.0,2026-07-22,open
Retail Plaza,bfe13492-f1e5-4275-82a4-d3b3ed74e72f,Lacey Downs Plaza,5805 Lacey Blvd SE,Lacey,WA,98503-7238,47.036128997802734,-122.80765533447266,Overture Places 2026-07-22.0,2026-07-22,open
Retail Plaza,5fdd9647-41bc-437d-a578-c50a882f604b,Plaza Hairstyling,5622 Pacific Ave SE,Lacey,WA,98503-1271,47.03717041015625,-122.80799102783203,Overture Places 2026-07-22.0,2026-07-22,open
Retail Plaza,cd890c0d-1c9f-4e77-82d9-31c8303b80e2,Plaza Park West,790 Sleater Kinney Rd SE,Lacey,WA,98503-1125,47.04097366333008,-122.833251953125,Overture Places 2026-07-22.0,2026-07-22,open
Retail Village,021e8ace-9dcc-4c31-92b7-2a5cf9e00e90,Lakeview Village,7625 19th Ln SE,Lacey,WA,98503,47.02936553955078,-122.77680969238281,Overture Places 2026-07-22.0,2026-07-22,open
Retail Village,801cddaf-536d-41a6-9dc1-009f11e58d96,The Village at Union Mills Apartments,8146 Sweetbrier Ln SE,Lacey,WA,98513,47.035072326660156,-122.7635498046875,Overture Places 2026-07-22.0,2026-07-22,open
Retail Village,0f59a15a-b8c3-4424-9681-18bba21b70ba,Value Village,604 Sleater Kinney Rd SE,Lacey,WA,98503-1008,47.04250717163086,-122.83202362060547,Overture Places 2026-07-22.0,2026-07-22,open
Retail Village,5fa7c25b-fbd2-4815-8386-42600f41378e,Vista Village Condominium Community,3300 Carpenter Rd SE,Lacey,WA,98503-4000,47.01598358154297,-122.77998352050781,Overture Places 2026-07-22.0,2026-07-22,open
Retail Village,bf06cc11-9f73-4c53-b106-80e7d33af6f8,Wooded Village,4401 37th Ave SE,Lacey,WA,98503-3500,47.01224136352539,-122.82737731933594,Overture Places 2026-07-22.0,2026-07-22,open
Mall,ac403b54-9b33-444e-9536-bbd0f16907ea,Diamond In The Mall,17171 Bothell Way NE,Lake Forest Park,WA,98155-4204,47.75407409667969,-122.27944946289062,Overture Places 2026-07-22.0,2026-07-22,open
Mall,0753011d-9edc-4811-aec9-d4cd142a2cad,Small Business Lending Lake Stevens WA,"9120 20th St SE #A",Lake Stevens,WA,98258,47.978431701660156,-122.10659790039062,Overture Places 2026-07-22.0,2026-07-22,open
Mall,fe3bbeda-3453-4bc3-bd90-089d7fe68dc0,Small Planet Adventures. LLC,1903 114th Ave NE,Lake Stevens,WA,98258-9198,48.01483917236328,-122.07720947265625,Overture Places 2026-07-22.0,2026-07-22,open
Marketplace,35158f14-27fd-4da4-9881-034dd34a2738,Lake Stevens Marketplace,303 91st Ave NE,Lake Stevens,WA,98258-2500,47.99969482421875,-122.10711669921875,Overture Places 2026-07-22.0,2026-07-22,open
Retail Village,6cbf61eb-dcc6-4793-b393-01d9e4be826f,Frontier Village S.C.,521 State Route 9 NE,Lake Stevens,WA,98258-9408,48.001487731933594,-122.10400390625,Overture Places 2026-07-22.0,2026-07-22,open
Retail Village,d24f5ff5-0393-4d4e-8798-fc2c5aba672e,Frontier Village Self Storage,8911 Vernon Rd,Lake Stevens,WA,98258-2430,48.00273132324219,-122.11029815673828,Overture Places 2026-07-22.0,2026-07-22,open
Retail Village,11779e39-c228-4e72-9b74-6bcd57354535,Frontier Village Veterinary Clinic,901 Frontier Cir E,Lake Stevens,WA,98258-2435,48.004905700683594,-122.10791778564453,Overture Places 2026-07-22.0,2026-07-22,open
Retail Village,d1f7bc75-2687-4f34-87dc-085ced5fcb4e,Frontier Village Veterinary Clinic,9309 N Davies Rd,Lake Stevens,WA,98258,48.00495147705078,-122.10502624511719,Overture Places 2026-07-22.0,2026-07-22,open
Retail Village,2a903790-bbf2-43d7-ac4f-4951e362b48b,Lake Village East Apartments,420 97th Dr NE,Lake Stevens,WA,98258-1612,48.00012969970703,-122.10186767578125,Overture Places 2026-07-22.0,2026-07-22,open
Retail Village,bfa53062-9370-490c-a3b9-721e2378b19e,Razzals Frontier Village,9327 4th St NE,Lake Stevens,WA,98258,48.000328063964844,-122.10492706298828,Overture Places 2026-07-22.0,2026-07-22,open
Retail Village,6be99037-7089-48fc-8be1-0d041660dc2a,Village License Agency Inc,9327 4th St NE,Lake Stevens,WA,98258-1630,48.000144958496094,-122.10509490966797,Overture Places 2026-07-22.0,2026-07-22,open
Shopping Center,ca6c6cfd-2d0c-456a-a52f-bf3ddb9ed86b,Frontier Village Shopping Center,611 State Route 9 NE,Lake Stevens,WA,98258-8525,48.00218200683594,-122.10443878173828,Overture Places 2026-07-22.0,2026-07-22,open
Mall,28694072-9905-45f4-b5e5-f9fbc9a2c8fb,Small Business Bookkeeping LLC,2703 180th Ave E,Lake Tapps,WA,98391,47.233314514160156,-122.18965911865234,Overture Places 2026-07-22.0,2026-07-22,open
Retail Village,9993e5fe-1931-48ee-9cf5-48249e57563c,The Village - a Mustard Seed Project,9115 154th Ave Court NW (Across the Street from the Mustard Seed Project),Lakebay,WA,98349,47.33955383300781,-122.74340057373047,Overture Places 2026-07-22.0,2026-07-22,open
Mall,2731f156-ee67-4066-9dac-086651ca60f6,AMC Lakewood Mall 12,5721 Main St SW,Lakewood,WA,98499,47.16240310668945,-122.51268768310547,Overture Places 2026-07-22.0,2026-07-22,open
Mall,0cb24495-82f9-4b02-89f1-787ea35e42db,Amc Lakewood Mall 12,5721 Main St SW,Lakewood,WA,98499-6501,47.16255569458008,-122.51237487792969,Overture Places 2026-07-22.0,2026-07-22,open
Mall,cb51bd96-3ff6-4c31-96d1-700a027b5aca,FBL Small Business Loans Lakewood WA,"12517 Addison St SW # B4",Lakewood,WA,98499,47.14374923706055,-122.50008392333984,Overture Places 2026-07-22.0,2026-07-22,open
Mall,5a0b7fcd-b65e-4dfe-a891-208ef2add5de,Lakewood Mall Shopping Center,10507 Gravelly Lake Dr SW,Lakewood,WA,98499-5010,47.16120147705078,-122.52032470703125,Overture Places 2026-07-22.0,2026-07-22,open
Mall,46e782d1-d4f6-49a8-afab-897022042cbe,Rosemallow Studios LLC,7527 95th Ave SW,Lakewood,WA,98498,47.18864440917969,-122.56220245361328,Overture Places 2026-07-22.0,2026-07-22,open
Mall,dd2d24c9-5159-4a8e-be64-ccaf8b0461a5,Small Tribes Organization of Western Washington,3040 96th St S,Lakewood,WA,98499-9395,47.16905212402344,-122.47457122802734,Overture Places 2026-07-22.0,2026-07-22,open
Mall,2ab7cad2-5c5b-4ef4-a9f4-fd6a932574a6,South Tacoma Antique Mall,8219 S Tacoma Way,Lakewood,WA,98499-4535,47.182552337646484,-122.48347473144531,Overture Places 2026-07-22.0,2026-07-22,open
Marketplace,94d3a777-5cc4-4c70-9ed5-9ef764d180f4,B and I Public Marketplace,8012 S Tacoma Way,Lakewood,WA,98499-4500,47.18402862548828,-122.48502349853516,Overture Places 2026-07-22.0,2026-07-22,open
Retail Plaza,da22c8fe-fa2f-499b-a93f-1fb8147bce83,ATM O Bee Credit UnionPlaza,9401 Farwest Dr SW,Lakewood,WA,98498,47.17143249511719,-122.57147979736328,Overture Places 2026-07-22.0,2026-07-22,open
Retail Plaza,c8713dda-9dfa-41e1-a20b-f1a2418c768c,Golden Plaza Banquet Hall,8302 South Tacoma Way Ste A-1,Lakewood,WA,98499-4507,47.18207550048828,-122.48455810546875,Overture Places 2026-07-22.0,2026-07-22,open
Retail Plaza,2ecf9840-3abd-4a34-8a7b-192f5ada9b19,Jade Plaza,8811 S Tacoma Way,Lakewood,WA,98499-4595,47.17707061767578,-122.48201751708984,Overture Places 2026-07-22.0,2026-07-22,open
Retail Plaza,fba4449e-9d62-41ad-9eaa-568bafd061bf,Plaza Cleaners & Laundry,15401 Union Ave SW,Lakewood,WA,98498-2064,47.11962890625,-122.55680084228516,Overture Places 2026-07-22.0,2026-07-22,open
Retail Village,fe96000d-3d80-4e1c-8692-212c8b2221b5,Canterbrook Village Apartments,7212 150th St SW,Lakewood,WA,98439-2011,47.12085723876953,-122.53273010253906,Overture Places 2026-07-22.0,2026-07-22,open
Retail Village,ca42f5a5-a7a7-428e-a677-12537833f057,Hawaiian Village Apartments,40 Thunderbird Pkwy SW,Lakewood,WA,98498-6112,47.18370056152344,-122.5436019897461,Overture Places 2026-07-22.0,2026-07-22,open
Retail Village,56e246d9-2179-42f2-adad-3def4cf2455c,Lakewood Village Apartments,9100 Lakewood Dr SW,Lakewood,WA,98499-3902,47.17463302612305,-122.51032257080078,Overture Places 2026-07-22.0,2026-07-22,open
Retail Village,ea575c68-74ef-494d-ad73-739fc440ac0b,Mt. Vernon Village Townhomes,8600 Onyx Dr SW,Lakewood,WA,98498-4866,47.18597412109375,-122.5506591796875,Overture Places 2026-07-22.0,2026-07-22,open
Retail Village,14e8b6d2-40dc-438b-a2a8-713f4f0c9cc2,South Tacoma Village,8707 South Tacoma Way,Lakewood,WA,98499-4544,47.178253173828125,-122.48253631591797,Overture Places 2026-07-22.0,2026-07-22,open
Retail Village,adc08ae1-6dca-49a2-98f6-0b1e65f37995,Village Square Apartments,10810 Lakeview Ave SW,Lakewood,WA,98499-4114,47.158939361572266,-122.49555206298828,Overture Places 2026-07-22.0,2026-07-22,open
Retail Village,4097f7ee-f7b9-4aa5-abb7-84e87fc20579,Village at Oak Meadows,7127 150th St SW,Lakewood,WA,98439,47.12146759033203,-122.53158569335938,Overture Places 2026-07-22.0,2026-07-22,open
Retail Village,6b8b4cfa-32d1-4bd0-8222-f30973a71693,Village at Seeley Lake,9501 59th Ave SW,Lakewood,WA,98499,47.1720085144043,-122.5134048461914,Overture Places 2026-07-22.0,2026-07-22,open
Shopping Center,bdb51264-761a-4d4e-8837-527a1b75e1b1,B & I Shopping Center,8012 S Tacoma Way,Lakewood,WA,98499-4500,47.18388366699219,-122.48518371582031,Overture Places 2026-07-22.0,2026-07-22,open
Retail Village,bf52ed19-cfe2-4fb5-b1a4-fb7b71ca8d44,Village Pizzeria,106 1st St,Langley,WA,98260-8806,48.04076385498047,-122.40788269042969,Overture Places 2026-07-22.0,2026-07-22,open
Retail Village,7254e6b0-b83b-4e51-b8a2-60b4a2a0aff5,Village Wine Shop and Tasting Room,221 2nd St,Langley,WA,98260-8664,48.03982925415039,-122.40808868408203,Overture Places 2026-07-22.0,2026-07-22,open
Mall,5262feaa-d349-4029-bc55-0e21c0eb2e8e,Obertal Mall,880 Commercial St,Leavenworth,WA,98826,47.59524154663086,-120.66031646728516,Overture Places 2026-07-22.0,2026-07-22,open
Retail Village,5dad9e33-03b5-4533-a06c-2ee61d967ff6,Alpine Spa at Icicle Village Resort,505 W US Highway 2,Leavenworth,WA,98826-9007,47.58863830566406,-120.67314910888672,Overture Places 2026-07-22.0,2026-07-22,open
Retail Village,33053b40-8151-4c1d-916f-efab9870598d,Alpine Villagers,525 Alpine Pl,Leavenworth,WA,98826,47.58652114868164,-120.67273712158203,Overture Places 2026-07-22.0,2026-07-22,open
Retail Village,db702623-4ad7-4b57-afe9-09fae0c09e76,Bavarian Village Apartments,330 Prospect St,Leavenworth,WA,98826-1059,47.59381103515625,-120.67488861083984,Overture Places 2026-07-22.0,2026-07-22,open
Retail Village,9309729e-0895-4c30-a97c-4532c1fd729e,Bavarian Village Veterinarian,11777 US Highway 2,Leavenworth,WA,98826-9306,47.59737777709961,-120.6493911743164,Overture Places 2026-07-22.0,2026-07-22,open
Retail Village,74e127e1-41c8-441e-b187-a2df34d54731,Icicle Village Resort,505 W US Highway 2,Leavenworth,WA,98826-9007,47.5891227722168,-120.67288970947266,Overture Places 2026-07-22.0,2026-07-22,open
Retail Village,db9ae569-7db5-49e2-a8a9-33b01d2235ed,Lake Wenatchee Village,21325 WA-207,Leavenworth,WA,98826-9188,47.80804443359375,-120.71337890625,Overture Places 2026-07-22.0,2026-07-22,open
Retail Village,1483b98d-2ea7-4aa4-8128-092dfb55a0be,Leavenworth Pine Village KOA Holiday,11401 River Bend Dr,Leavenworth,WA,98826-9305,47.59839630126953,-120.64019012451172,Overture Places 2026-07-22.0,2026-07-22,open
Retail Village,1db6686d-ba4e-4147-9ccb-61994c3f41ea,Leavenworth Village Inn,1016 Commercial St,Leavenworth,WA,98826-1416,47.596275329589844,-120.6585464477539,Overture Places 2026-07-22.0,2026-07-22,open
Retail Village,5d08659b-825f-4d6d-896d-eb60a93c569f,Tierra Village,11864 National Forest Development Road 7705,Leavenworth,WA,98826,47.67572021484375,-120.65013885498047,Overture Places 2026-07-22.0,2026-07-22,open
Retail Village,81e12eb0-82c3-401b-997a-cdaae673b8ca,Village Alps,220 9th St,Leavenworth,WA,98826-1463,47.5954475402832,-120.66024017333984,Overture Places 2026-07-22.0,2026-07-22,open
Retail Village,fe412957-f49c-4da5-b021-70247852b80e,Village Art in the Park,800 Front St,Leavenworth,WA,98826,47.59672546386719,-120.66130065917969,Overture Places 2026-07-22.0,2026-07-22,open
Retail Village,f38d34f6-87e4-4d53-9a44-9d891430640b,Meadowwood Village,E Olive Ln,Liberty Lake,WA,99019,47.66096878051758,-117.080810546875,Overture Places 2026-07-22.0,2026-07-22,open
Retail Plaza,fada3b2d-8417-4347-ad1c-1d7b79b4b49a,Country Plaza Travel Stop,790 S Pence Rd,Lind,WA,99341-9742,46.79405212402344,-118.75389099121094,Overture Places 2026-07-22.0,2026-07-22,open
Mall,8093abf0-8e49-4363-96b3-274c64d689ac,Calming Waters Float and Spa -Formally Forever Float,1703 Hudson St,Longview,WA,98632-2912,46.13737106323242,-122.94022369384766,Overture Places 2026-07-22.0,2026-07-22,open
Mall,e951dc00-8447-43b8-8406-44fda24d8fb6,Sierra Cascade Business Services- Small Business Bookkeeping and Budgeting,1106 Douglas St,Longview,WA,98632-2429,46.12819290161133,-122.93563079833984,Overture Places 2026-07-22.0,2026-07-22,open
Retail Plaza,26b483f0-e80b-472b-a795-3e533e177d8e,Delaware Plaza Assisted Living Community,926 Delaware St,Longview,WA,98632-2532,46.12961196899414,-122.93254089355469,Overture Places 2026-07-22.0,2026-07-22,open
Retail Village,d07e86a9-cb56-46f0-8d97-089816e55ac4,Clearview Village,1010 Douglas St,Longview,WA,98632-2116,46.128578186035156,-122.9339828491211,Overture Places 2026-07-22.0,2026-07-22,open
Retail Village,8803773c-0938-4357-b6a2-de64857d12b8,Country Village Nutrition,1052 Washington Way,Longview,WA,98632-4032,46.14326858520508,-122.93062591552734,Overture Places 2026-07-22.0,2026-07-22,open
Retail Village,3fc80455-a8ed-473d-9e5f-f7b6dc578516,Country Village Nutrition Shoppe & Cafe,711 Vandercook Way,Longview,WA,98632,46.145713806152344,-122.92364501953125,Overture Places 2026-07-22.0,2026-07-22,open
Retail Village,5501f12f-764d-462c-84be-82f7b3b33ce6,Sunset Village Apartments,140 Morse Park Way,Longview,WA,98632-9434,46.168617248535156,-123.01737976074219,Overture Places 2026-07-22.0,2026-07-22,open
Retail Village,acd928d1-7ef0-47b6-b2f0-7f8df9b4a09d,Village Cleaners,1015 15th Ave,Longview,WA,98632-2324,46.13275909423828,-122.93910217285156,Overture Places 2026-07-22.0,2026-07-22,open
Retail Village,973a42de-90d1-4a54-abba-30e202797b93,Washington Square Village Apartments,825 32nd Ave,Longview,WA,98632-1956,46.13462829589844,-122.96844482421875,Overture Places 2026-07-22.0,2026-07-22,open
Shopping Center,217ca9a9-f778-4aeb-a02b-c7f917db12c7,St Helen's Shopping Center,236 30th Ave,Longview,WA,98632-1777,46.12956619262695,-122.96113586425781,Overture Places 2026-07-22.0,2026-07-22,open
Shopping Center,30a12047-1915-49d4-a6ba-155739f9aa33,St Helen's Shopping Center,236 30th Ave,Longview,WA,98632,46.130332946777344,-122.9533462524414,Overture Places 2026-07-22.0,2026-07-22,open
Mall,0b5b1a14-bf77-4fb2-97c2-895164c45647,Loon Lake Small Engine Repair,4025 Gardenspot Rd,Loon Lake,WA,99148,48.06715393066406,-117.60570526123047,Overture Places 2026-07-22.0,2026-07-22,open
Retail Village,abe56f81-2fd6-4759-b7f1-72fb061cf6df,Fisherman's Bay Lopez Village,98261 United States,Lopez Island,WA,98261,48.52383041381836,-122.91547393798828,Overture Places 2026-07-22.0,2026-07-22,open
Retail Village,ca7d94fb-3474-49ae-851e-99ce9e2277d1,Lopez Village Market,162 Weeks Rd,Lopez Island,WA,98261-5530,48.525882720947266,-122.91266632080078,Overture Places 2026-07-22.0,2026-07-22,open
Retail Village,ab03298d-768e-43b0-ba64-4b2c6c9cc7fc,Lopez Village Properties,134 Eads Ln,Lopez Island,WA,98261,48.522891998291016,-122.91162872314453,Overture Places 2026-07-22.0,2026-07-22,open
Retail Village,4328f227-5454-4301-a795-4095e17f220a,Lopez Village Properties,265 Lopez Rd,Lopez Island,WA,98261-8851,48.52384567260742,-122.91508483886719,Overture Places 2026-07-22.0,2026-07-22,open
Retail Village,db08d11d-375d-46f4-9a9b-0378f70649c5,Village Cycles,214 Lopez Rd,Lopez Island,WA,98261,48.523712158203125,-122.91368103027344,Overture Places 2026-07-22.0,2026-07-22,open
Mall,ef3b8a44-deb5-47e8-b330-3592112bfd53,NCCTK Small Groups,1816 18th St,Lynden,WA,98264-1244,48.94070816040039,-122.47106170654297,Overture Places 2026-07-22.0,2026-07-22,open
Retail Plaza,15da0061-7769-4e5b-86ec-f5035629ced6,Lynden Towne Plaza,Wa-539,Lynden,WA,98264,48.936431884765625,-122.48335266113281,Overture Places 2026-07-22.0,2026-07-22,open
Retail Village,d16b2125-b323-4110-a076-04de51db0f04,Hidden Village Mobile Home Park and RV Park,7062 Guide Meridian Rd,Lynden,WA,98264-9006,48.89713668823242,-122.4845962524414,Overture Places 2026-07-22.0,2026-07-22,open
Retail Village,35d8490d-05b2-40aa-9b93-616cf9f9a09e,Village Books and Paper Dreams,430 Front St,Lynden,WA,98264-1921,48.943031311035156,-122.45271301269531,Overture Places 2026-07-22.0,2026-07-22,open
Mall,e8a6e1b9-40d5-4c9b-a943-8d65f857e6d6,AMC Alderwood Mall 16,18733 33rd Ave W,Lynnwood,WA,98037,47.82770919799805,-122.27548217773438,Overture Places 2026-07-22.0,2026-07-22,open
Mall,64acf694-64c0-4d75-a485-bed6243b59e6,Alderwood Mall,3225 Alderwood Mall Blvd,Lynnwood,WA,98036-4723,47.82353973388672,-122.27689361572266,Overture Places 2026-07-22.0,2026-07-22,open
Mall,3dbe45cf-3bde-4cc0-b785-0dbc5eda45fb,Alderwood Mall Parkway,3000 184th Street SW Lynnwood WA 98037 United States,Lynnwood,WA,98037,47.819889068603516,-122.29727172851562,Overture Places 2026-07-22.0,2026-07-22,open
Mall,db539072-d70d-4df1-9eb2-241e9065e94c,Alderwood Mall Shopping Center,18420 36th Ave W,Lynnwood,WA,98037-7638,47.82817459106445,-122.27771759033203,Overture Places 2026-07-22.0,2026-07-22,open
Mall,f39b9d2b-18a9-4257-b8bb-7494cde28a7c,Auntie Anne's Alderwood Mall - Food Court,3000 184th Street Food Court Space 856,Lynnwood,WA,98037,47.830745697021484,-122.27091217041016,Overture Places 2026-07-22.0,2026-07-22,open
Mall,f43943e4-fe48-4126-a524-c4d8c2c19950,Bergman Luggage Alderwood Mall,3000 184th St SW,Lynnwood,WA,98037-4496,47.829463958740234,-122.27223205566406,Overture Places 2026-07-22.0,2026-07-22,open
Mall,377add9a-23d1-48a6-a8dc-ee22fe185ea1,Mallard Electrical Services LLC,1120 154th Pl SW,Lynnwood,WA,98087,47.85847473144531,-122.24880981445312,Overture Places 2026-07-22.0,2026-07-22,open
Mall,ba140ccd-928e-42fa-8d0d-9b15008cbd8e,Mallory Paint Store,3225 Alderwood Mall Blvd,Lynnwood,WA,98036-4723,47.823326110839844,-122.27700805664062,Overture Places 2026-07-22.0,2026-07-22,open
Mall,01c92b2b-3668-47dc-b899-b5c9d9b50b96,Malloy Services,20031 Highway 99 Ste C,Lynnwood,WA,98036,47.81563949584961,-122.31759643554688,Overture Places 2026-07-22.0,2026-07-22,open
Mall,44caa1b0-3d2d-483e-b039-51ed750e2761,ROYCE' Chocolate at Alderwood Mall,3000 184th St SW,Lynnwood,WA,98037,47.8297004699707,-122.27214050292969,Overture Places 2026-07-22.0,2026-07-22,open
Mall,822680f0-16dd-42aa-9a36-04af47a22fd9,Ruby's Diner @ Alderwood Mall,3000 184th St SW Ste 840,Lynnwood,WA,98037,47.828189849853516,-122.27496337890625,Overture Places 2026-07-22.0,2026-07-22,open
Mall,3bfdfa74-b82b-488c-b152-3d2fc9cd65d2,SOHO Alderwood Mall,3000 184th St SW,Lynnwood,WA,98037-4496,47.82939910888672,-122.27377319335938,Overture Places 2026-07-22.0,2026-07-22,open
Mall,aca4d799-22f7-4f68-ae55-f7bca7d91482,Sleep Country USA - Lynnwood - Mall,2921 Alderwood Mall Blvd Ste 106,Lynnwood,WA,98036,47.82511520385742,-122.2730484008789,Overture Places 2026-07-22.0,2026-07-22,open
Retail Plaza,3c802e44-7474-4c1e-8b1c-158ee0309bb6,76th Street Plaza,7600 196th St SW,Lynnwood,WA,98036-5097,47.82101058959961,-122.33650207519531,Overture Places 2026-07-22.0,2026-07-22,open
Retail Plaza,1e20e548-b3d9-4174-a9fd-be591681e689,Alderwood Parkway Plaza Ii,19225 Alderwood Mall Pkwy Ste 120,Lynnwood,WA,98036-4870,47.823551177978516,-122.26959228515625,Overture Places 2026-07-22.0,2026-07-22,open
Retail Plaza,cb682d92-4ea0-49b8-8379-86eb593d83d2,Alderwood Plaza,18520 33rd Ave W,Lynnwood,WA,98037-4726,47.83042907714844,-122.2799072265625,Overture Places 2026-07-22.0,2026-07-22,open
Retail Plaza,04fcf873-f4e1-4fdf-96e3-6a29be808500,Eunia Plaza,18623 Highway 99,Lynnwood,WA,98037-4552,47.830284118652344,-122.30590057373047,Overture Places 2026-07-22.0,2026-07-22,open
Retail Plaza,53f853fd-1b4b-4ffd-9298-9dce2c339b1a,Martha Lake Plaza,1211 164th St SW,Lynnwood,WA,98087-9321,47.85025405883789,-122.25006866455078,Overture Places 2026-07-22.0,2026-07-22,open
Retail Plaza,cfea7c72-750e-4adf-bfd1-949543805bf0,SKECHERS Alderwood Plaza,18520 D 33rd Avenue West,Lynnwood,WA,98037,47.83042907714844,-122.27769470214844,Overture Places 2026-07-22.0,2026-07-22,open
Retail Village,1a047edb-8bff-4009-90b6-99d0d92af092,Garden Senior Village Apartments,6425 196th St SW,Lynnwood,WA,98036,47.82128143310547,-122.32036590576172,Overture Places 2026-07-22.0,2026-07-22,open
Retail Village,ec655d81-bc96-41ae-99c4-0254d50c31df,Lynnwood Garden Village,4816 176th St SW,Lynnwood,WA,98037-3463,47.837493896484375,-122.29788208007812,Overture Places 2026-07-22.0,2026-07-22,open
Retail Village,70ec0c2f-0de6-4528-8766-ff9ce84904f0,Serene Village Apartment Homes,14014 Admiralty Way,Lynnwood,WA,98087-5600,47.87111282348633,-122.27372741699219,Overture Places 2026-07-22.0,2026-07-22,open
Retail Village,eb849bdd-4fd5-4f80-8776-4f105dcdcfab,Value Village,17216 Highway 99,Lynnwood,WA,98037-3170,47.842063903808594,-122.298583984375,Overture Places 2026-07-22.0,2026-07-22,open
Retail Village,90314c3f-91da-47f8-a0be-cfd12c81eda3,Village Acupuncture and Health Clinic,4208 198th St SW,Lynnwood,WA,98036-6735,47.81855392456055,-122.29006958007812,Overture Places 2026-07-22.0,2026-07-22,open
Retail Village,db05c1e3-15e1-4e47-8c74-b3a8518b5d62,Village Market,6121 176th St SW,Lynnwood,WA,98037-2942,47.83953857421875,-122.31665802001953,Overture Places 2026-07-22.0,2026-07-22,open
Shopping Center,a195405c-d77c-4e5e-a26c-5adcd3cc56f0,Crossroads Shopping Center,188th,Lynnwood,WA,98036,47.82038879394531,-122.31549072265625,Overture Places 2026-07-22.0,2026-07-22,open
Shopping Center,89aaec81-57a5-4f1a-8d6f-a2e55b91b686,James Village Shopping Center,19500 Highway 99,Lynnwood,WA,98036-5237,47.822242736816406,-122.31671905517578,Overture Places 2026-07-22.0,2026-07-22,open
Mall,f7fe8651-ce4e-440d-ac3a-bf36160b6a0d,MARYSVILLE MALL,211 MARYSVILLE MALL WAY,MARYSVILLE,WA,98270,48.04899978637695,-122.1760025024414,Overture Places 2026-07-22.0,2026-07-22,open
Retail Village,e9b01e66-5637-4a04-ab08-c6597c40a4e0,Holden Village,2 HC 0,Manson,WA,98816,48.19950485229492,-120.77458953857422,Overture Places 2026-07-22.0,2026-07-22,open
Retail Village,7343c3bf-a455-4b2c-9710-c946fed80e51,The Village at Lake Chelan,1501 Wapato Lake Rd,Manson,WA,98831-9556,47.895233154296875,-120.1357421875,Overture Places 2026-07-22.0,2026-07-22,open
Retail Village,316a3545-046b-4f98-aacd-1accb51c983c,Village Coffee,23630 Witte Rd SE,Maple Valley,WA,98038,47.38949203491211,-122.04598999023438,Overture Places 2026-07-22.0,2026-07-22,open
Retail Village,c20e0dae-bb6c-42b7-b89b-d68d8d04a465,Village Inn Burgers and Teriyaki,23636 Witte Rd SE,Maple Valley,WA,98038,47.389320373535156,-122.04631042480469,Overture Places 2026-07-22.0,2026-07-22,open
Retail Village,db1528b7-db02-4963-9a4c-fce6699cf076,Wilderness Village,22435 SE 240th St,Maple Valley,WA,98038-5848,47.3864631652832,-122.04121398925781,Overture Places 2026-07-22.0,2026-07-22,open
Retail Village,d0339c02-f875-4ee1-b4a0-2e8c2eddfa21,Wilderness Village Pocket Park,22125 SE 237th St,Maple Valley,WA,98038-5512,47.38691711425781,-122.04446411132812,Overture Places 2026-07-22.0,2026-07-22,open
Mall,a4feb697-9738-4df5-bc44-3ecbd2073e49,Alfalfa Hay Farm - Big & Small Bales,25877 Bennett Rd NE,Marlin,WA,98832,47.45823669433594,-119.0751953125,Overture Places 2026-07-22.0,2026-07-22,open
Mall,36ad03a9-867d-43c5-a5bb-14e9cd4c98c3,Indian Food Truck in Seattle Premium Outlet Mall,10600 Quil Ceda Blvd,Marysville,WA,98271-5700,48.093605041503906,-122.18772888183594,Overture Places 2026-07-22.0,2026-07-22,open
Mall,a2165d02-c804-447c-b750-f1ef18df4c22,Mall Mangement,10600 Quil Ceda Blvd,Marysville,WA,98271-5700,48.0950813293457,-122.18929290771484,Overture Places 2026-07-22.0,2026-07-22,open
Mall,636007ac-d622-4d50-9a83-d8fe55f63e5d,Marysville Towne Center Mall,105 Marysville Mall Way,Marysville,WA,98270-5500,48.04975128173828,-122.17674255371094,Overture Places 2026-07-22.0,2026-07-22,open
Mall,22f6935e-8b1d-4cd8-ba52-f4c8f0f5f52d,Tall Guy Small Guy Automotive,1309 8th St,Marysville,WA,98270-4285,48.05573654174805,-122.17986297607422,Overture Places 2026-07-22.0,2026-07-22,open
Mall,eda579e2-584a-4b85-9a4c-0149e824a95e,Tulalip -Seattle Premium Outlet Store Mall,10600 Quil Ceda Blvd,Marysville,WA,98271-5700,48.092002868652344,-122.1877670288086,Overture Places 2026-07-22.0,2026-07-22,open
Retail Plaza,39cd5f7e-91c4-4fc9-bc39-187e21f132b9,Donna's Travel Plaza Inc,3104 116th St NE,Marysville,WA,98271-9413,48.099605560302734,-122.18860626220703,Overture Places 2026-07-22.0,2026-07-22,open
Retail Village,608a9076-40d3-48e5-a7c7-2047528c8d1e,Cascade Village at Smokey Point,2639 172nd St NE,Marysville,WA,98271-4827,48.15345764160156,-122.19403839111328,Overture Places 2026-07-22.0,2026-07-22,open
Retail Village,d24ae956-3f11-43df-8376-0c93901a2cc9,Crystal Tree Village,16600 25th Ave NE,Marysville,WA,98271-4706,48.14654541015625,-122.19789123535156,Overture Places 2026-07-22.0,2026-07-22,open
Retail Village,b9b2ac9a-cf87-431d-a296-b611ad780edd,Grandview Village,5800 64th St NE,Marysville,WA,98270-4800,48.05345916748047,-122.15280151367188,Overture Places 2026-07-22.0,2026-07-22,open
Retail Village,6e211061-fdbf-4771-a060-793cef1a1476,Quil Ceda Village,8802 27th Ave NE,Marysville,WA,98271,48.07635498046875,-122.19536590576172,Overture Places 2026-07-22.0,2026-07-22,open
Retail Village,0111b2f5-a003-47e7-b5e4-555f61414e23,Silver Village,3221 Reuben Shelton Dr,Marysville,WA,98271-9694,48.06958770751953,-122.27870178222656,Overture Places 2026-07-22.0,2026-07-22,open
Retail Village,ec18d5c9-a9b9-4b81-9dfa-548cb7a8bd53,Sunnyside Village Co-Housing,3121 66th Ave NE,Marysville,WA,98270-9079,48.02458572387695,-122.1416015625,Overture Places 2026-07-22.0,2026-07-22,open
Retail Village,6b5089cf-9075-49e0-93ce-7cd62997a7e8,The Village Restaurant & Lounge,220 Ash Ave,Marysville,WA,98270-4920,48.05065155029297,-122.18269348144531,Overture Places 2026-07-22.0,2026-07-22,open
Retail Village,68a857d8-62f9-42dd-a055-cadeab7233fd,Value Village,1334 State Ave,Marysville,WA,98270-3605,48.065406799316406,-122.17578887939453,Overture Places 2026-07-22.0,2026-07-22,open
Retail Village,3c906c20-e9c0-4fec-9e6a-6104251a708a,Village Inn and Suites,235 Beach Ave,Marysville,WA,98270-4924,48.05040740966797,-122.18248748779297,Overture Places 2026-07-22.0,2026-07-22,open
Retail Village,3785924c-519f-4d4e-9da1-4d623f502714,Village Taphouse & Grill,1204 3rd St,Marysville,WA,98270-4911,48.050743103027344,-122.18211364746094,Overture Places 2026-07-22.0,2026-07-22,open
Retail Village,4f370b4b-6d69-42a5-8152-0a02dfb391db,Takesa Village,11705 N Wilson St,Mead,WA,99021-5114,47.76227569580078,-117.36559295654297,Overture Places 2026-07-22.0,2026-07-22,open
Retail Village,77dd8da6-495e-4262-ac3e-ae794cf72b1d,Lakeland Village,2320 S Salnave Rd,Medical Lake,WA,99022,47.55104064941406,-117.70537567138672,Overture Places 2026-07-22.0,2026-07-22,open
Retail Village,63d46e21-717a-4706-b948-1046bb39b2c9,"Village True Value Supply Inc. #5544 Medical Lake WA",E 220 Lake St,Medical Lake,WA,99022,47.572593688964844,-117.68031311035156,Overture Places 2026-07-22.0,2026-07-22,open
Retail Village,b57761e4-3807-455a-9ec6-f34243655982,Village Supply,220 E Lake St,Medical-Lake,WA,99022,47.57272720336914,-117.68091583251953,Overture Places 2026-07-22.0,2026-07-22,open
Retail Village,f64725f8-accd-4193-a0bc-c7a06cd6eee7,Country Village Day School,9423 SE 36th St,Mercer Island,WA,98040-3702,47.5775032043457,-122.21215057373047,Overture Places 2026-07-22.0,2026-07-22,open
Shopping Center,a19ff172-c93c-4d1d-b5c2-106e55530d6a,Mercer Island Shopping Center,3023 78th Ave SE,Mercer Island,WA,98040-2822,47.58244705200195,-122.23477172851562,Overture Places 2026-07-22.0,2026-07-22,open
Retail Village,c7962471-cb8c-4595-a2da-0199f3887e05,Kaniksu Village Apartments,109 E 5th Ave,Metaline Falls,WA,99153-5124,48.86307144165039,-117.37214660644531,Overture Places 2026-07-22.0,2026-07-22,open
Retail Plaza,4de39394-e97e-476d-b583-6dcd8c0cb1f1,MILTON PLAZA,724 Meridian Ave E Ste 1,Milton,WA,98354,47.250606536865234,-122.2943344116211,Overture Places 2026-07-22.0,2026-07-22,open
Retail Village,e222cc00-06ea-46e4-83a6-2b1a5be9d709,Autumn Village Apartments,2211 6th Ave,Milton,WA,98354,47.242305755615234,-122.3285140991211,Overture Places 2026-07-22.0,2026-07-22,open
Retail Village,99dedee6-2f25-4292-98c3-b95b1c53e0b5,Mill Ridge Village,607 28th Ave S,Milton,WA,98354-9343,47.252201080322266,-122.2972412109375,Overture Places 2026-07-22.0,2026-07-22,open
Retail Village,9c4f91fc-0752-4b9d-af78-7656bf900fa0,Surprise Lake Village,2800 Queens Way,Milton,WA,98354,47.244300842285156,-122.29993438720703,Overture Places 2026-07-22.0,2026-07-22,open
Retail Village,f135d70c-558c-4ef0-b608-0d879d0e7e3d,Surprise Lake Village,2800 Queens Way,Milton,WA,98354,47.245479583740234,-122.29991912841797,Overture Places 2026-07-22.0,2026-07-22,open
Retail Village,3f4d6443-b9d2-4fef-a799-0fe52b385d4b,Village Concepts Retirement Communities,607 28th Ave,Milton,WA,98354,47.252376556396484,-122.29747009277344,Overture Places 2026-07-22.0,2026-07-22,open
Mall,aedf1179-5d13-414d-b9db-6bcf82e13773,Mallory Paint Store - Benjamin Moore,19829 State Route 2,Monroe,WA,98272,47.859317779541016,-121.96520233154297,Overture Places 2026-07-22.0,2026-07-22,open
Marketplace,8a21cbda-b456-4335-9e28-3fb4cc58ab7c,Hall at the Marketplace Monroe,114 N Lewis St,Monroe,WA,98272-1502,47.85628890991211,-121.97105407714844,Overture Places 2026-07-22.0,2026-07-22,open
Retail Village,52b0b2f1-8057-475f-8a06-0534e83103b6,Housing Hope Family Village,17428 W Main St,Monroe,WA,98272-1944,47.85004806518555,-121.99630737304688,Overture Places 2026-07-22.0,2026-07-22,open
Retail Village,64a8fca0-b536-4e54-9f0a-835f31f9f8a7,Village Protein,14253 169th Dr SE,Monroe,WA,98272-2919,47.86790084838867,-122.00298309326172,Overture Places 2026-07-22.0,2026-07-22,open
Retail Village,147845be-50db-425d-9f7b-abfb8ed45600,Woods Creek Village,320 E Fremont St,Monroe,WA,98272-2354,47.85431671142578,-121.96714782714844,Overture Places 2026-07-22.0,2026-07-22,open
Retail Village,d1172351-74c0-4023-b603-96cc3bc5793a,The Christmas Village Cabin,134 Glenn Ln,Montesano,WA,98563-9768,46.99641418457031,-123.55186462402344,Overture Places 2026-07-22.0,2026-07-22,open
Retail Plaza,e9fac5a8-979e-475d-a564-252c0346f3f9,Plaza Jalisco - Morton,200 Westlake Ave,Morton,WA,98356,46.552860260009766,-122.2763442993164,Overture Places 2026-07-22.0,2026-07-22,open
Mall,292def42-c078-4ad1-a58c-ef7d84d1c236,Grant County Mall,601 S Pioneer Way,Moses Lake,WA,98837,47.12975311279297,-119.26847839355469,Overture Places 2026-07-22.0,2026-07-22,open
Mall,e92e30b8-f68d-4687-b3ac-e64590eabb0b,Small Business Specialist,8034 Valley Rd NE,Moses Lake,WA,98837-9673,47.14216995239258,-119.32007598876953,Overture Places 2026-07-22.0,2026-07-22,open
Retail Plaza,957b3147-b124-4136-b074-433ac54d16a8,Colville Fuels Half Sun Travel Plaza,420 S Wanapum Dr,Moses Lake,WA,98837,47.0986328125,-119.31707763671875,Overture Places 2026-07-22.0,2026-07-22,open
Retail Plaza,dc177343-2c1f-4f28-a27b-3da91d090ccf,Plaza Coin-Op Laundry,619 N Stratford Rd,Moses Lake,WA,98837-1509,47.13728332519531,-119.27720642089844,Overture Places 2026-07-22.0,2026-07-22,open
Retail Village,70cff9bc-cef5-4714-9530-ae371692a10c,Cascade Village Park,4056 Ottmar Rd NE,Moses Lake,WA,98837-9224,47.1466178894043,-119.32215118408203,Overture Places 2026-07-22.0,2026-07-22,open
Retail Village,28d672f3-abf4-4288-afaf-c481dedc65f0,Pioneer Village Senior Apartments,816 Sharon Ave E,Moses Lake,WA,98837,47.11320114135742,-119.26399993896484,Overture Places 2026-07-22.0,2026-07-22,open
Retail Village,2448a7d3-1397-4d0a-83b7-869db8e7ed98,Village Park Homes Moses Lake,900 N Grape Dr,Moses Lake,WA,98837-1452,47.14249038696289,-119.29606628417969,Overture Places 2026-07-22.0,2026-07-22,open
Retail Village,b9edc2cb-0194-4375-bd7f-d3092f0665a9,Vista Village,530 W Valley Rd,Moses Lake,WA,98837-1575,47.13910675048828,-119.28555297851562,Overture Places 2026-07-22.0,2026-07-22,open
Retail Village,2f46aa4d-b755-4afc-b95c-611ed72d0b58,Willows Trailer Village,1347 Road M SE,Moses Lake,WA,98837-0060,47.06719207763672,-119.21476745605469,Overture Places 2026-07-22.0,2026-07-22,open
Shopping Center,a77ebb1d-cc0f-449b-81c9-600dca80c043,Penn Plaza Shopping Center,1035 N Stratford,Moses Lake,WA,98837-1592,47.14241027832031,-119.27747344970703,Overture Places 2026-07-22.0,2026-07-22,open
Mall,b68bc6ac-fc53-4579-a5bc-fb4d3049eff2,Pacific Blueberry Company (PBC Mossyrock) formally Pan-American Berry Growers (PBG),212 Klickitat Creek Rd,Mossyrock,WA,98564-9704,46.53292465209961,-122.52804565429688,Overture Places 2026-07-22.0,2026-07-22,open
Retail Plaza,0bdade27-5557-4014-bc67-02232105118a,Hospital Parkway Plaza,208 Hospital Pkwy,Mount Vernon,WA,98274,48.41989517211914,-122.32337951660156,Overture Places 2026-07-22.0,2026-07-22,open
Retail Plaza,c978fbde-5adf-4955-907e-79b6e2737d37,Riverwalk Plaza,506 Mt Vernon Terminal Railroad,Mount Vernon,WA,98273,48.41956329345703,-122.33909606933594,Overture Places 2026-07-22.0,2026-07-22,open
Retail Village,a554bd95-e186-478d-b2af-9d839ff016e0,Camp Brotherhood Treacy & Levine Family Village,24880 Brotherhood Rd,Mount Vernon,WA,98274,48.311214447021484,-122.20457458496094,Overture Places 2026-07-22.0,2026-07-22,open
Retail Village,3878f169-6aa2-45ea-953c-09711182ff31,Skagit Village Apartments,2107 N Laventure Rd Apt 12,Mount Vernon,WA,98273,48.43934631347656,-122.313720703125,Overture Places 2026-07-22.0,2026-07-22,open
Retail Village,59295851-d699-4ada-8e55-e120c942da00,Value Village,525 E College Way,Mount Vernon,WA,98273,48.43699645996094,-122.33287048339844,Overture Places 2026-07-22.0,2026-07-22,open
Marketplace,9c5abea6-bcb3-4316-9d7e-a4410c685eb4,West Plaza Marketplace MLT,5602 232nd St SW,Mountlake Terrace,WA,98043,47.787933349609375,-122.30989074707031,Overture Places 2026-07-22.0,2026-07-22,open
Retail Plaza,80296017-8dd0-4501-a48c-e927408c21ca,Alderwood Plaza,21414 52nd Ave W,Mountlake Terrace,WA,98043-3047,47.80416488647461,-122.30462646484375,Overture Places 2026-07-22.0,2026-07-22,open
Retail Plaza,7bb72ac9-c83c-449a-a1db-a5f0d8151b97,Cedar Plaza Veterinary Clinic,22803 44th Ave W,Mountlake Terrace,WA,98043-5032,47.7905158996582,-122.29084777832031,Overture Places 2026-07-22.0,2026-07-22,open
Retail Plaza,370c3f70-1014-4782-95df-dd95d87258e7,Mountlake Terrace Plaza,23303 58th Ave W,Mountlake Terrace,WA,98043-4600,47.787109375,-122.31063079833984,Overture Places 2026-07-22.0,2026-07-22,open
Retail Plaza,f686c0a4-e7dc-4ac5-8f33-c5c4b42908b1,Plaza Insurance Agency,5505 230th St SW,Mountlake Terrace,WA,98043-3942,47.790367126464844,-122.30824279785156,Overture Places 2026-07-22.0,2026-07-22,open
Retail Village,beb11ae6-6abb-4dd2-81df-397591bad04e,Arbor Village,23601 56th Ave W,Mountlake Terrace,WA,98043,47.78435516357422,-122.30821990966797,Overture Places 2026-07-22.0,2026-07-22,open
Retail Village,539a70ea-059f-4b83-a6bf-c40b245dda74,Creek Side Village,4208 236th St SW,Mountlake Terrace,WA,98043-4976,47.784568786621094,-122.28948974609375,Overture Places 2026-07-22.0,2026-07-22,open
Retail Village,b648359e-4612-4d0e-847d-4661cb5b29dc,Children's Village,408 E Seattle Ave,Moxee,WA,98936-9639,46.55078125,-120.38204956054688,Overture Places 2026-07-22.0,2026-07-22,open
Mall,90e01b93-3816-4559-be32-0c4d08b016fd,Red Door Antique Mall,111 Freeway Dr,Mt Vernon,WA,98273-2804,48.42180633544922,-122.33641815185547,Overture Places 2026-07-22.0,2026-07-22,open
Mall,7f3c7519-d9a6-415d-967c-0af6afd8e401,Small Spaces,1420 S 12th St,Mt Vernon,WA,98274-5014,48.411354064941406,-122.32616424560547,Overture Places 2026-07-22.0,2026-07-22,open
Mall,cdc49ed7-d03b-4325-9299-ce03cf8f5a63,Small World Child Care,900 McLean Rd,Mt Vernon,WA,98273-3246,48.420814514160156,-122.34666442871094,Overture Places 2026-07-22.0,2026-07-22,open
Marketplace,1e8ebb54-acdc-4041-868a-6ebf4c0ce207,PNW Artisan Marketplace,15806 Best Rd,Mt Vernon,WA,98273-8824,48.41653823852539,-122.44429016113281,Overture Places 2026-07-22.0,2026-07-22,open
Retail Village,acc0f42c-34f3-4172-ba70-85cc65bc274e,Heather Village Christian Retirement Community,925 Heather Cir,Mt Vernon,WA,98273-9235,48.40827560424805,-122.3463134765625,Overture Places 2026-07-22.0,2026-07-22,open
Retail Village,5da59fbe-9e82-4663-8289-09e95f4d49ad,La Venture Village,422 N LaVenture,Mt Vernon,WA,98273,48.424556732177734,-122.31160736083984,Overture Places 2026-07-22.0,2026-07-22,open
Retail Village,2cc9d5a8-f173-4115-811e-9fbb9c4ac66f,Mothership Family Village,609 S 1st St,Mt Vernon,WA,98273-3810,48.41856384277344,-122.33869171142578,Overture Places 2026-07-22.0,2026-07-22,open
Retail Village,fc143c44-0542-4f31-a302-b790ec99554a,Park Village,2725 E Fir St,Mt Vernon,WA,98273-2702,48.431480407714844,-122.30706024169922,Overture Places 2026-07-22.0,2026-07-22,open
Retail Village,9f359624-3332-4d20-942b-95b50ce421e0,Salem Village Communities,3100 N 30th St,Mt Vernon,WA,98273-6023,48.44764709472656,-122.29773712158203,Overture Places 2026-07-22.0,2026-07-22,open
Retail Village,a78a0a28-4f86-4b91-9d87-334656f97026,Salem Village Senior Apartments,2619 N Laventure Rd,Mt Vernon,WA,98273-8553,48.444488525390625,-122.3140640258789,Overture Places 2026-07-22.0,2026-07-22,open
Mall,349887ad-c275-4427-8dc3-7a39710e208c,Mallory Paint Store - Benjamin Moore,11815 Mukilteo Speedway Ste A,Mukilteo,WA,98275,47.89069366455078,-122.28548431396484,Overture Places 2026-07-22.0,2026-07-22,open
Retail Plaza,c2631215-1bf2-4025-a349-12fed6e1f976,Plaza Pointe Dental Specialists,12138 Mukilteo Speedway,Mukilteo,WA,98275-5738,47.88737487792969,-122.28440856933594,Overture Places 2026-07-22.0,2026-07-22,open
Retail Village,b66c1f03-1a7d-4bfa-b1fa-e47064a7cae1,Harbour Pointe Village Park,12215 Possession Way,Mukilteo,WA,98275,47.88835906982422,-122.29983520507812,Overture Places 2026-07-22.0,2026-07-22,open
Retail Village,43cb86bf-7343-489b-8020-1a080e6dbaff,Harbour Village Beauty Co-Op,12221 Village Center Pl,Mukilteo,WA,98275-6079,47.8870735168457,-122.29582214355469,Overture Places 2026-07-22.0,2026-07-22,open
Retail Village,ae62a115-a481-4187-bf3e-fefa11c3dd04,Harbour Village Hair Studio,12221 Village Center Pl,Mukilteo,WA,98275,47.88703918457031,-122.29590606689453,Overture Places 2026-07-22.0,2026-07-22,open
Retail Village,23427f38-88c8-4e22-89cb-82c0c03d3f21,White Pass Village Inn,48933 US-12,Naches,WA,98937-9507,46.63878631591797,-121.39026641845703,Overture Places 2026-07-22.0,2026-07-22,open
Retail Plaza,000aa8f2-90ee-4cb9-be5f-8e7aef02a979,Plaza Jalisco,120 W Birch Ave,Napavine,WA,98532,46.57461929321289,-122.91068267822266,Overture Places 2026-07-22.0,2026-07-22,open
Retail Village,7f669d5a-3503-420a-98a5-03c64301ecb8,Naselle Village Inn Motel,827 State Route 4,Naselle,WA,98638-8539,46.37755584716797,-123.79429626464844,Overture Places 2026-07-22.0,2026-07-22,open
Marketplace,2048d998-eb40-4143-987d-1acd373bfea6,Coal Creek Marketplace,6920 Coal Creek Pkwy SE,Newcastle,WA,98059,47.539466857910156,-122.16465759277344,Overture Places 2026-07-22.0,2026-07-22,open
Retail Village,13558dca-7bb9-48b9-9037-6aa75ec167e4,Coal Creek Village,6911 Coal Creek Pkwy SE,Newcastle,WA,98059-3136,47.5396614074707,-122.16763305664062,Overture Places 2026-07-22.0,2026-07-22,open
Mall,5dbdb958-259c-4233-b643-2b7e108e5ccc,Small Engine Rehab & Repair,5108 N Canal Rd,Newman Lake,WA,99025,47.70349884033203,-117.06236267089844,Overture Places 2026-07-22.0,2026-07-22,open
Retail Plaza,bcd41d9b-58ae-4bd8-8724-8650bf301301,Newport Washington Centennial Plaza,USPS 100 N Washington Ave,Newport,WA,99156-9070,48.177879333496094,-117.04402923583984,Overture Places 2026-07-22.0,2026-07-22,open
Retail Village,c9944068-5e1c-412b-97b9-00d21834d9e6,L&S Greenwood Village Apartments,427 W Willow St,Newport,WA,99156-9695,48.186763763427734,-117.04500579833984,Overture Places 2026-07-22.0,2026-07-22,open
Retail Village,19cbf636-e5e8-43a5-b344-5db96405f843,River Bend Village,1701 W 7th St,Newport,WA,99156-9267,48.17489242553711,-117.0660400390625,Overture Places 2026-07-22.0,2026-07-22,open
Retail Village,2918b9fa-5f0d-4938-b2b3-4f88c79aec19,River Mountain Village Assisted Living,608 W 2nd St,Newport,WA,99156-9026,48.18024444580078,-117.04658508300781,Overture Places 2026-07-22.0,2026-07-22,open
Mall,c674a95e-efeb-4603-85fa-c369a97b73bb,Suncrest Small Engine,16219 N Saddlewood Rd,Nine Mile Falls,WA,99026-9405,47.80547332763672,-117.5686264038086,Overture Places 2026-07-22.0,2026-07-22,open
Marketplace,e35e5edd-4284-4ff3-8120-a59e027bbfa1,Mindy Jo Lyons Real Estate Marketplace NW,5920 Highway 291,Nine Mile Falls,WA,99026-9525,47.81246566772461,-117.56350708007812,Overture Places 2026-07-22.0,2026-07-22,open
Retail Plaza,c36d23f7-5254-47e5-894e-076e436f34d9,Seattle East Auto/Truck Plaza,46600 SE North Bend Way,North Bend,WA,98045-9083,47.46794891357422,-121.71842193603516,Overture Places 2026-07-22.0,2026-07-22,open
Retail Village,d40806b9-48de-4b83-a9ad-1e3fcf31edcf,The Village Project North Bend,203 W 3rd St,North Bend,WA,98045-8153,47.49696731567383,-121.78571319580078,Overture Places 2026-07-22.0,2026-07-22,open
Mall,272877a5-5238-45fb-89d0-9be467f70776,Small Talk Preschool and Childcare,950 SW Upland Ct,Oak Harbor,WA,98277-7252,48.29088592529297,-122.68406677246094,Overture Places 2026-07-22.0,2026-07-22,open
Marketplace,b5c0dd51-7d3b-4eac-b77a-ae1c2c9fe570,Saar's Supersaver and Marketplace Foods,32199 WA-20,Oak Harbor,WA,98277-3774,48.298065185546875,-122.6567611694336,Overture Places 2026-07-22.0,2026-07-22,open
Retail Village,a30788af-b884-41a6-b830-7ea73ddf55fd,Fir Village Apartments,869 N Oak Harbor St,Oak Harbor,WA,98277-3533,48.30516052246094,-122.6578598022461,Overture Places 2026-07-22.0,2026-07-22,open
Retail Village,c93f712c-e4ca-45fd-82c8-c0e7d0ff0795,Harbor Village,55 SW 6th Ave,Oak Harbor,WA,98277,48.292510986328125,-122.65869140625,Overture Places 2026-07-22.0,2026-07-22,open
Retail Village,8fba9fd1-0b75-4e55-927f-742e520a8d1c,Harborside Village,830 SE Pioneer Way,Oak Harbor,WA,98277,48.288734436035156,-122.6476821899414,Overture Places 2026-07-22.0,2026-07-22,open
Retail Village,a27f8ef8-c92a-46c9-8a69-29e0cddc006e,Village Concepts of Oak Harbor - Harbor Tower Village,100 E Whidbey Ave,Oak Harbor,WA,98277-2578,48.29867935180664,-122.65669250488281,Overture Places 2026-07-22.0,2026-07-22,open
Retail Village,3405e865-1649-4a6d-9e99-dd88ade390ec,Western Village Mobile Estates,225 NE Ernst St,Oak Harbor,WA,98277-2504,48.30080795288086,-122.65233612060547,Overture Places 2026-07-22.0,2026-07-22,open
Mall,3ecfb595-df4a-40af-953f-0f479d952203,Thunder City Mall Indian Fireworks,18840 Anderson Rd SW,Oakville,WA,98568,46.81476593017578,-123.16027069091797,Overture Places 2026-07-22.0,2026-07-22,open
Mall,8474aa68-aa2b-4c7b-a109-1638627f3a05,Forgotten Treasures Antiques and Collectibles Mall,1910 Bay Ave,Ocean Park,WA,98640-4227,46.491302490234375,-124.04564666748047,Overture Places 2026-07-22.0,2026-07-22,open
Retail Village,6e24a669-4d5d-4df4-af2b-642397b92b2d,Old Village Bakery,103 First Ave N,Ocean Park,WA,98624,46.48721694946289,-124.04948425292969,Overture Places 2026-07-22.0,2026-07-22,open
Marketplace,dafd6361-626c-4b47-97cb-c6800e5f4480,Ocean City Marketplace,2619 State Route 109,Ocean Shores,WA,98569-9574,47.07151412963867,-124.16604614257812,Overture Places 2026-07-22.0,2026-07-22,open
Retail Plaza,defb4a50-260e-4654-894b-a70101c2458f,Driftwood Plaza,698 Ocean Shores Blvd NW,Ocean Shores,WA,98569-9317,47.00685501098633,-124.16584014892578,Overture Places 2026-07-22.0,2026-07-22,open
Retail Village,4d3c1ad9-4e15-46e3-9589-2a07d04fa4a9,Chalet Village,659 Ocean Shores Blvd NW,Ocean Shores,WA,98569-8305,47.0044059753418,-124.1669921875,Overture Places 2026-07-22.0,2026-07-22,open
Retail Village,9ba761eb-fcad-41b4-bf55-af8c62d611ce,The Village Shoppe,749 Point Brown Ave NE,Ocean Shores,WA,98569-9282,47.009300231933594,-124.16217803955078,Overture Places 2026-07-22.0,2026-07-22,open
Mall,3d20e586-3684-4ca1-a216-bd247ecd7899,Smallwood Farms,23090 Highway 20,Okanogan,WA,98840-8243,48.332977294921875,-119.61308288574219,Overture Places 2026-07-22.0,2026-07-22,open
Mall,e0416710-0b5d-4490-a230-464a46464591,Antique Peddlers Mall,3048 Pacific Ave SE,Olympia,WA,98501,47.042808532714844,-122.85672760009766,Overture Places 2026-07-22.0,2026-07-22,open
Mall,1e20f3e2-43a4-4dc4-96e0-df49e55fadb5,Capital Mall,242 Capitol Way N,Olympia,WA,98501-1021,47.046173095703125,-122.90165710449219,Overture Places 2026-07-22.0,2026-07-22,open
Mall,77075c43-348a-4c25-81dd-b927056a9f3b,Capital Mall,625 Black Lake Blvd SW,Olympia,WA,98502-5066,47.04187774658203,-122.93449401855469,Overture Places 2026-07-22.0,2026-07-22,open
Mall,4552ac95-1332-4e0a-8f43-dd6d3bb56556,Capital Mall Cinemas,301 Capitol Way N,Olympia,WA,98501-1022,47.04673385620117,-122.90228271484375,Overture Places 2026-07-22.0,2026-07-22,open
Mall,b648898f-c6d7-4c37-a6b6-0a14971b588c,Finders Keepers Antique Mall,501 4th Ave E,Olympia,WA,98501,47.04507827758789,-122.89654541015625,Overture Places 2026-07-22.0,2026-07-22,open
Mall,c1adcbee-e37b-49d0-a37a-0c9b974b2031,Got Sleep? by Sleep Country - Olympia (Capital Mall),625 Black Lake Blvd SW Ste 269,Olympia,WA,98502,47.04108428955078,-122.93025970458984,Overture Places 2026-07-22.0,2026-07-22,open
Mall,70b15a3d-520f-4dc5-8c38-e15caea3d88e,Jamba Juice Capital Mall,625 Black Lake Blvd. SW,Olympia,WA,98502,47.04224395751953,-122.93534088134766,Overture Places 2026-07-22.0,2026-07-22,open
Mall,688ca27a-27a4-451b-8107-786977e2b2e0,Johnny Rockets - Capital Mall,625 Black Lake Blvd SW,Olympia,WA,98502,47.04248046875,-122.93560791015625,Overture Places 2026-07-22.0,2026-07-22,open
Mall,ae5e23fc-fa91-4234-9da2-e45a11136984,Malloy Sherilyn DDS,220 Lilly Rd NE,Olympia,WA,98506-6101,47.049835205078125,-122.84418487548828,Overture Places 2026-07-22.0,2026-07-22,open
Mall,b9d1bf94-6ea7-4d39-8b7e-6bf6f9362289,O'Malley's Lounge,2200 Garfield Ave NW,Olympia,WA,98502-4597,47.047279357910156,-122.92798614501953,Overture Places 2026-07-22.0,2026-07-22,open
Mall,9abe6181-936c-4ad7-bc97-77d038ce3928,Olympia Antique Mall,2921 Pacific Ave SE,Olympia,WA,98501-2040,47.042694091796875,-122.85919952392578,Overture Places 2026-07-22.0,2026-07-22,open
Mall,b1b9a3b4-727b-4de7-bc20-37cd57ffa0db,Olympia Auto Mall,2125 Carriage Dr SW,Olympia,WA,98502,47.030426025390625,-122.92803955078125,Overture Places 2026-07-22.0,2026-07-22,open
Mall,6a4e2ee7-7f74-44b9-8116-36ed68e26d05,Papa Bear's Small Engine Repair LLC,2423 Harrison Ave NW,Olympia,WA,98502,47.045833587646484,-122.93270874023438,Overture Places 2026-07-22.0,2026-07-22,open
Mall,3f03f76f-3415-404c-8beb-de0327c37ed6,Pho Hoa Noodle Soup - Olympia (Capital Mall Dr.),2615 Capital Mall Dr SW,Olympia,WA,98502,47.039093017578125,-122.93461608886719,Overture Places 2026-07-22.0,2026-07-22,open
Mall,944b2f47-419f-4a79-8f77-405758924b7e,Small Engine Repair & Service,6447 Hawks Prairie Rd NE,Olympia,WA,98516-2794,47.08363342285156,-122.79637145996094,Overture Places 2026-07-22.0,2026-07-22,open
Mall,c081ea92-269b-45f0-9bbc-c0617aed9742,Small Wonders Child Development Center at The Park at Cooper Point,Small Wonders,Olympia,WA,98502,47.04133987426758,-122.9427719116211,Overture Places 2026-07-22.0,2026-07-22,open
Mall,5c59f67a-d5b4-4a8f-b8e0-d62c62c2abac,Small to Tall Pediatric Dentistry,3422 12th Ave NE,Olympia,WA,98506-5175,47.056243896484375,-122.84711456298828,Overture Places 2026-07-22.0,2026-07-22,open
Mall,2f3883f0-c73b-4331-b18e-be772cf47a04,The Inn At Mallard Cove,5025 Meridian Rd NE,Olympia,WA,98516,47.10523986816406,-122.7398681640625,Overture Places 2026-07-22.0,2026-07-22,open
Marketplace,7872c2d4-2165-4dd0-b415-a78924b1d8c2,Papillon Marketplace,528 Capitol Way S,Olympia,WA,98501,47.043521881103516,-122.90132904052734,Overture Places 2026-07-22.0,2026-07-22,open
Retail Plaza,f9b40ae2-ed2b-446d-95af-2274f04138d7,Cafaro TARGET PLACE PLAZA (OLYMPIA WA),2925 Harrison Ave NW,Olympia,WA,98502,47.045448303222656,-122.9361801147461,Overture Places 2026-07-22.0,2026-07-22,open
Retail Plaza,f178068b-b23c-448a-af36-b3cea5f4e532,Cooper Point Plaza,1200 Cooper Point Rd SW,Olympia,WA,98502-1160,47.03647994995117,-122.93733978271484,Overture Places 2026-07-22.0,2026-07-22,open
Retail Plaza,4e267152-f53f-4115-b633-4e345575058e,McAllister Creek Kayak Launch at Nisqually Plaza RV Park,10220 Martin Way E,Olympia,WA,98516-2304,47.066349029541016,-122.7249526977539,Overture Places 2026-07-22.0,2026-07-22,open
Retail Plaza,526a1b95-51a2-414a-bda2-f3cacd789fbb,Memorial Medical Plaza,500 Lilly Rd NE,Olympia,WA,98506-5182,47.05373001098633,-122.84330749511719,Overture Places 2026-07-22.0,2026-07-22,open
Retail Plaza,8362da1c-f977-4be9-8c75-af4369a41ae8,Olympia West Plaza,1500 Black Lake Blvd SW,Olympia,WA,98502-5605,47.03401184082031,-122.93818664550781,Overture Places 2026-07-22.0,2026-07-22,open
Retail Plaza,4d4c7028-ff1e-4a05-ad6e-31e0dcfdd0d9,Port Plaza,701 Columbia St NW,Olympia,WA,98501,47.05050277709961,-122.9044189453125,Overture Places 2026-07-22.0,2026-07-22,open
Retail Plaza,50ba5715-fc50-44b3-87d4-960fb1e1a4f2,Steven Plaza,1403 Garfield Ave NW,Olympia,WA,98502-4924,47.047061920166016,-122.91923522949219,Overture Places 2026-07-22.0,2026-07-22,open
Retail Village,e7191457-9e66-43d1-aa9c-1715799380e4,Briggs Village Apartments,4225 Briggs Dr SE,Olympia,WA,98501-4127,47.00809097290039,-122.88198852539062,Overture Places 2026-07-22.0,2026-07-22,open
Retail Village,a37e3afd-19d1-43b6-899e-f14461ca1418,Cooper Point Village,4125 Capital Mall Dr SW,Olympia,WA,98502-8607,47.040855407714844,-122.95450592041016,Overture Places 2026-07-22.0,2026-07-22,open
Retail Village,62ee3ca6-5f30-4362-8d6e-881b6e163a9c,Evergreen Villages Apts,505 Division St NW,Olympia,WA,98502-0601,47.050716400146484,-122.92804718017578,Overture Places 2026-07-22.0,2026-07-22,open
Retail Village,471c1c0d-66a3-47a0-9c5b-f132faa7f399,Heartsong Village Center,4008 Wiggins Rd SE,Olympia,WA,98501,47.010276794433594,-122.84062194824219,Overture Places 2026-07-22.0,2026-07-22,open
Retail Village,f159d8ec-884f-406a-b42a-6380e16d76d0,Olympia Village Apartments,900 Fairview St SE,Olympia,WA,98501-1873,47.04201889038086,-122.87544250488281,Overture Places 2026-07-22.0,2026-07-22,open
Retail Village,e04249c5-69bc-446a-aa9e-caca7939dd4e,Plum Street Village,830 Union Ave SE,Olympia,WA,98501-1510,47.04011917114258,-122.89089965820312,Overture Places 2026-07-22.0,2026-07-22,open
Retail Village,df505c6a-12fc-4ac7-baaf-5d532b51dc4f,Rock Maple Village,3000 Cardinal Dr NW,Olympia,WA,98502,47.07718276977539,-122.96659851074219,Overture Places 2026-07-22.0,2026-07-22,open
Retail Village,0860c6f4-4a74-4df0-9dd5-9498112f211a,The Village at Mill Pond,2400 Lilly Rd NE,Olympia,WA,98506-3035,47.06614685058594,-122.84381866455078,Overture Places 2026-07-22.0,2026-07-22,open
Retail Village,ea6504d1-aea6-48e6-a744-06e866a9c0de,The Village at Nisqually Ridge,9231 Skokomish Way NE,Olympia,WA,98516,47.06372833251953,-122.74273681640625,Overture Places 2026-07-22.0,2026-07-22,open
Shopping Center,ea3458e0-2c6a-4924-83f8-f556707667bb,Capitol Village Shopping Center,400 Cooper Point Rd SW,Olympia,WA,98502-0001,47.04542922973633,-122.94059753417969,Overture Places 2026-07-22.0,2026-07-22,open
Mall,ed85f468-b67e-46d3-b89b-7fe80f14b76c,Dr Cheryl Mallory MD,916 Koala Dr,Omak,WA,98841,48.42300796508789,-119.50247192382812,Overture Places 2026-07-22.0,2026-07-22,open
Mall,0f751e2f-fedd-49c8-b36f-30db65794fcf,Mallett Sheet Metal & Roofing,457 Okoma Dr,Omak,WA,98841,48.40403366088867,-119.5346908569336,Overture Places 2026-07-22.0,2026-07-22,open
Mall,fb7b164b-c7d1-474b-866f-c149cd73c1c4,Omak Rent-All and Small Engine Repair,675 Riverside Dr,Omak,WA,98841-9562,48.416908264160156,-119.51255798339844,Overture Places 2026-07-22.0,2026-07-22,open
Retail Plaza,720891de-0cd9-4ffe-9d6c-46a5698c6cdb,Greyhound: Bus Stop - Omak Travel Plaza,800 Riverside Dr,Omak,WA,98841,48.416378021240234,-119.51072692871094,Overture Places 2026-07-22.0,2026-07-22,open
Retail Plaza,33a55435-7d9c-478d-b5cd-40ded26b0ec4,Omak Auto Plaza,607 Okoma Dr Ste 1,Omak,WA,98841-9525,48.4019889831543,-119.53704833984375,Overture Places 2026-07-22.0,2026-07-22,open
Retail Plaza,57f50960-73fa-46a5-95fc-4146905da717,Omak Travel Plaza,800 Riverside Dr,Omak,WA,98841-9580,48.41586685180664,-119.51075744628906,Overture Places 2026-07-22.0,2026-07-22,open
Retail Village,a2a17ca6-a5c0-445e-8e9b-bd6b5098b3fb,East Village Apartments,900 Apple Ln,Omak,WA,98841-9232,48.42524337768555,-119.50810241699219,Overture Places 2026-07-22.0,2026-07-22,open
Shopping Center,b5741d10-15cb-4585-bbe6-e0f076d7cdb1,Omache Shopping Center,605 Omache Dr,Omak,WA,98841-9672,48.41872787475586,-119.50981140136719,Overture Places 2026-07-22.0,2026-07-22,open
Retail Village,c8494897-5fa9-404f-bef7-58b0ff8788c9,Orting Veterans Village,19607 162nd Ave E,Orting,WA,98360-8518,47.078765869140625,-122.21300506591797,Overture Places 2026-07-22.0,2026-07-22,open
Retail Village,a2f78638-e6fa-42fd-8ed4-0fdac0e3541e,Smoke Village,215 Whitesell St Nw  Ste B104,Orting,WA,98360-9329,47.099388122558594,-122.20948028564453,Overture Places 2026-07-22.0,2026-07-22,open
Retail Village,35ba907f-87af-4487-8289-efdb7d49ed0e,Village Green Neighborhood Park,1105 Boatman Ave NW,Orting,WA,98360-7406,47.10788345336914,-122.22562408447266,Overture Places 2026-07-22.0,2026-07-22,open
Retail Village,7dd48c11-05ea-485b-848c-d70da7f3d170,Eagle Village Apartments,654 S Taylor Rd,Othello,WA,99344-9550,46.81687545776367,-119.1982192993164,Overture Places 2026-07-22.0,2026-07-22,open
Mall,9db10330-ed42-44d6-bba5-2c87ded810ac,Cafaro SOUTH HILL MALL (PUYALLUP WA),3700 S. MERIDIAN,PUYALLUP,WA,98373,47.15597915649414,-122.2975845336914,Overture Places 2026-07-22.0,2026-07-22,open
Mall,f9c71682-6ed4-468c-8ca9-54b42b418f22,SOUTH HILL MALL,"SPACE #235 3500 S MERIDIAN STREET",PUYALLUP,WA,98373,47.168792724609375,-122.2921142578125,Overture Places 2026-07-22.0,2026-07-22,open
Retail Village,a08d60da-6bc2-48af-a7ca-772e9869a31e,Timberline Village Motel,13807 US Highway 12,Packwood,WA,98361-9751,46.64838409423828,-121.61609649658203,Overture Places 2026-07-22.0,2026-07-22,open
Mall,19a933b8-8e19-408e-a617-a3d82245ea62,Columbia Center Mall,415 W Columbia St,Pasco,WA,99301-5636,46.23058319091797,-119.09151458740234,Overture Places 2026-07-22.0,2026-07-22,open
Mall,f8dcc355-8397-4aa4-b5a4-f0e208878917,FBL Small Business Loans Pasco WA,"1203 N 20th Ave #D",Pasco,WA,99301,46.24097442626953,-119.12035369873047,Overture Places 2026-07-22.0,2026-07-22,open
Mall,6af1b52d-a89e-4010-93a2-82474847ecaf,Novoranta Mall,1580 Kruse Rd Pasco WA 99301 ,Pasco,WA,99301 ,46.232303619384766,-119.11639404296875,Overture Places 2026-07-22.0,2026-07-22,open
Mall,a03ce99d-89a7-4429-a361-664fc8649613,Small World Learning Center,1120 N Road 40,Pasco,WA,99301,46.23866653442383,-119.1441650390625,Overture Places 2026-07-22.0,2026-07-22,open
Marketplace,eb9fd927-1e87-4f9b-a874-1d9ce344ac96,Vineyard View Marketplace,52 E Vineyard Dr,Pasco,WA,99301,46.32118606567383,-119.0919189453125,Overture Places 2026-07-22.0,2026-07-22,open
Retail Plaza,d54373b3-f23e-49bd-be6b-e991179b59e8,Flying J Travel Plaza,2216 E Hillsboro St,Pasco,WA,99301-9839,46.262508392333984,-119.08319854736328,Overture Places 2026-07-22.0,2026-07-22,open
Retail Plaza,132b0b95-de4c-472d-9972-74198759a902,Plaza Del Calzado,410 W Lewis St,Pasco,WA,99301-5642,46.230655670166016,-119.09099578857422,Overture Places 2026-07-22.0,2026-07-22,open
Retail Plaza,6ecf0bdb-9c3e-4665-9793-b2b0a8388346,Plaza Imperial,220 N 18th Ave,Pasco,WA,99301-5403,46.229278564453125,-119.11395263671875,Overture Places 2026-07-22.0,2026-07-22,open
Retail Plaza,c4e3ab07-248f-40e9-a93d-26ff1fbf1e29,Plaza Oaxaca,3315 W Court St,Pasco,WA,99301-3874,46.24286651611328,-119.13536834716797,Overture Places 2026-07-22.0,2026-07-22,open
Retail Plaza,494829b3-3b62-4d08-bb44-1a88690b4a7e,Tower Plaza Cleaners and Laundromat,1208 N 20th Ave,Pasco,WA,99301-4052,46.23883056640625,-119.11882781982422,Overture Places 2026-07-22.0,2026-07-22,open
Retail Village,26ba0862-410a-4d7f-808f-c791d017f6c2,Flamingo Village Mobile Home Park,130 Diamond Dr,Pasco,WA,99301-7703,46.228092193603516,-119.13146209716797,Overture Places 2026-07-22.0,2026-07-22,open
Retail Village,1c10eadf-c1ee-4235-adc5-699611cd5aaf,Riviera Village Manufactured Home Park Senior 55+,700 N Road 32,Pasco,WA,99301,46.23672103881836,-119.13241577148438,Overture Places 2026-07-22.0,2026-07-22,open
Retail Village,d77ed568-0a96-4b07-be46-a967e195708d,The Villages at Chapel Hill Office,6305 Chapel Hill Blvd,Pasco,WA,99301-2956,46.26176834106445,-119.1724853515625,Overture Places 2026-07-22.0,2026-07-22,open
Mall,2f1ec577-7982-4fbd-9a8b-6be8148030b0,Smallwood's Harvest,10461 Mill Rd,Peshastin,WA,98847,47.57402420043945,-120.61370849609375,Overture Places 2026-07-22.0,2026-07-22,open
Mall,6901f452-d8e1-4770-9e00-a7fb3e927103,SMALL HOUSE CATALOG LLC,"1574 Gulf Rd #207",Point Roberts,WA,98281,48.98471450805664,-123.06889343261719,Overture Places 2026-07-22.0,2026-07-22,open
Marketplace,cc5f490d-8848-4103-8269-d71b70a12ccf,International Marketplace,480 Tyee Dr,Point Roberts,WA,98281-8901,48.98564529418945,-123.066162109375,Overture Places 2026-07-22.0,2026-07-22,open
Mall,f865df37-a0ee-4c79-868f-5a8a113b8129,Landings Mall,115 E Railroad Ave,Port Angeles,WA,98362,48.11015319824219,-123.43111419677734,Overture Places 2026-07-22.0,2026-07-22,open
Mall,76a90d64-8cce-4a8a-b9b3-bdb6e5fba0b8,Port Angeles Antique Mall,109 W 1st St,Port Angeles,WA,98362,48.11935806274414,-123.43399047851562,Overture Places 2026-07-22.0,2026-07-22,open
Marketplace,4a6b8f24-9dce-49a5-b797-8e696eee044f,Saar's Supersaver and Marketplace Foods,114 E Lauridsen Blvd,Port Angeles,WA,98362-7851,48.10700225830078,-123.44462585449219,Overture Places 2026-07-22.0,2026-07-22,open
Retail Plaza,66ca812c-9350-4f85-a90d-6ba3ee60cf8b,Lee Plaza,112 W 1st St,Port Angeles,WA,98362-2644,48.11922836303711,-123.4342269897461,Overture Places 2026-07-22.0,2026-07-22,open
Retail Village,bddcf687-de6b-4cbe-9385-206019be258c,Evergreen Family Village,2203 W 18th St,Port Angeles,WA,98363-1507,48.122257232666016,-123.49039459228516,Overture Places 2026-07-22.0,2026-07-22,open
Retail Village,9bb35cff-a841-4e34-b6d5-f04ef9f3d754,PA Winter Ice Village,121 W Front St,Port Angeles,WA,98362-2606,48.120582580566406,-123.4334487915039,Overture Places 2026-07-22.0,2026-07-22,open
Retail Village,63b6d591-a191-4514-ae61-8e17e8e44a6e,Village Concepts of Port Angeles - Park View Villas,1430 Park View Ln,Port Angeles,WA,98363-5500,48.12297439575195,-123.46714782714844,Overture Places 2026-07-22.0,2026-07-22,open
Mall,0166a24d-9fb4-499c-84ad-9993259afc92,WSU Extension Regional Small Farms Program,121 Oak Bay Rd,Port Hadlock,WA,98339-8718,48.031070709228516,-122.75563049316406,Overture Places 2026-07-22.0,2026-07-22,open
Retail Village,997d40ee-16e5-4752-a097-342fea6f50d0,Village Baker,10644 Rhody Dr,Port Hadlock,WA,98339-9746,48.02900695800781,-122.78023529052734,Overture Places 2026-07-22.0,2026-07-22,open
Retail Village,c30d2ebd-fe36-4465-8152-1e13b442f354,Port Ludlow Village Store,40 Village Way,Port Ludlow,WA,98365-9762,47.92051315307617,-122.70176696777344,Overture Places 2026-07-22.0,2026-07-22,open
Mall,feefc72d-b76b-43a6-9131-050d8d75e44a,Mallory Custom Framing,715 Bay St,Port Orchard,WA,98366-5319,47.54220962524414,-122.63687133789062,Overture Places 2026-07-22.0,2026-07-22,open
Mall,8f60863d-51b6-4857-b7b3-cec596d04b3d,Olde Central Antique Mall,801 Bay St,Port Orchard,WA,98366-5205,47.54193878173828,-122.63616180419922,Overture Places 2026-07-22.0,2026-07-22,open
Mall,c56b6fde-bc56-4a69-9b1f-b17bcb3437e2,South Kitsap Mall,1700 SE Mile Hill Dr,Port Orchard,WA,98366-3352,47.53268814086914,-122.62395477294922,Overture Places 2026-07-22.0,2026-07-22,open
Retail Village,346bb1bd-94f7-403c-b002-5d43e1319463,Andasio Village by Richmond American Homes,SE Blueberry Rd and Ramsey Rd SE,Port Orchard,WA,98366,47.508689880371094,-122.63390350341797,Overture Places 2026-07-22.0,2026-07-22,open
Retail Village,887a412a-0d6e-48df-9910-b19ff29e6ee6,McCormick Village by Century Communities,3339 SW ANCHORAGE Lane,Port Orchard,WA,98367,47.51105880737305,-122.69586181640625,Overture Places 2026-07-22.0,2026-07-22,open
Retail Village,cb1a0dc4-8ce9-4871-8e79-d7b4e6fc1e11,Mccormick Village Park,2628 SW Old Clifton Rd,Port Orchard,WA,98367,47.5062141418457,-122.69285583496094,Overture Places 2026-07-22.0,2026-07-22,open
Retail Village,bb22a432-c2bd-46f6-b5f8-b879a482a0d8,The Residences at McCormick Village,3571 SW Bellevue Way,Port Orchard,WA,98367,47.5063362121582,-122.68531799316406,Overture Places 2026-07-22.0,2026-07-22,open
Retail Village,49c4cd9d-b039-4bc3-93f4-94396836c435,Village Green Apartments,3888 Madrona Dr SE,Port Orchard,WA,98366-2600,47.53084182739258,-122.59439086914062,Overture Places 2026-07-22.0,2026-07-22,open
Retail Village,a3cb11fa-d8a1-4697-a8e2-2bf5b9afd8f8,Village Greens Golf Course,2298 Fircrest Dr SE,Port Orchard,WA,98366-2641,47.52785110473633,-122.59831237792969,Overture Places 2026-07-22.0,2026-07-22,open
Shopping Center,0d255798-b439-4fbc-b418-9dce8d16c1ca,High Point Shopping Center,1037 Bethel Ave,Port Orchard,WA,98366-4207,47.533180236816406,-122.62821197509766,Overture Places 2026-07-22.0,2026-07-22,open
Mall,cae0b79c-f325-4b11-8ec9-9b93c5449561,Mallory Paint Store,315 Decatur St,Port Townsend,WA,98368-4601,48.10941696166992,-122.77184295654297,Overture Places 2026-07-22.0,2026-07-22,open
Mall,3420d3d8-6d65-40f7-b17e-d3dc2b954d3f,Port Townsend Antique Mall,802 Washington St,Port Townsend,WA,98368-5720,48.1155891418457,-122.7564926147461,Overture Places 2026-07-22.0,2026-07-22,open
Retail Plaza,47329f7c-917d-4f3d-9c2e-4d369fead8e1,Marine Plaza Apartments,619 Clay St,Port Townsend,WA,98368,48.11778259277344,-122.75605010986328,Overture Places 2026-07-22.0,2026-07-22,open
Retail Plaza,1c7863b1-caaf-471b-90da-ecb577ff9928,Port Townsend Plaza,1121 Water St,Port Townsend,WA,98368-6707,48.113067626953125,-122.75872802734375,Overture Places 2026-07-22.0,2026-07-22,open
Retail Village,76ec0a29-f75b-4d6e-8af3-753c63aaa348,Discovery Bay Village Store,282332 US Highway 101 Ste 1,Port Townsend,WA,98368,47.99028015136719,-122.89080047607422,Overture Places 2026-07-22.0,2026-07-22,open
Retail Village,910d501d-3fdb-47c6-9bbf-b1b38cc9b107,Kala Point Village Association,20 Village Dr,Port Townsend,WA,98368-9544,48.057613372802734,-122.77494049072266,Overture Places 2026-07-22.0,2026-07-22,open
Retail Village,bf7402d3-9970-4f0a-813e-6396d4852749,Nor'west Village,1921 Sherman St,Port Townsend,WA,98368-7412,48.113853454589844,-122.79525756835938,Overture Places 2026-07-22.0,2026-07-22,open
Retail Village,d5583f75-eeba-4785-a9ea-95e4663189bb,Port Townsend Ecovillage LLC,510 35th St,Port Townsend,WA,98368,48.1252555847168,-122.78168487548828,Overture Places 2026-07-22.0,2026-07-22,open
Retail Village,b59c7ad9-1209-4564-86fc-e554006205cf,Quimper Village,3105 Sage Ln,Port Townsend,WA,98368,48.1229362487793,-122.77452850341797,Overture Places 2026-07-22.0,2026-07-22,open
Mall,e0a66916-9a00-40a3-a82f-3bce6a28d375,Joe's Small Engine Repair,14561 Osprey Pl NE,Poulsbo,WA,98370,47.69575881958008,-122.63258361816406,Overture Places 2026-07-22.0,2026-07-22,open
Mall,fd30078b-2c36-4bd5-a81c-bfe2da0bd484,Mallory Paint Store,20530 Viking Ave NW,Poulsbo,WA,98370-7191,47.749202728271484,-122.65389251708984,Overture Places 2026-07-22.0,2026-07-22,open
Mall,6dc1f490-f5cf-4151-9c5b-57a942c22e05,Mallory Paint Store - Benjamin Moore,5500 Olympic Dr NW Ste c-202,Poulsbo,WA,98335,47.32884216308594,-122.65499114990234,Overture Places 2026-07-22.0,2026-07-22,open
Marketplace,7eea4541-cf56-4814-b59f-b3dbbcc2c389,College Marketplace,21505 Market Pl NW,Poulsbo,WA,98370,47.75803756713867,-122.65995025634766,Overture Places 2026-07-22.0,2026-07-22,open
Marketplace,acee855c-afe5-4036-9c19-39d6e7bf4b6e,Vinland Marketplace,18996 Front St NE,Poulsbo,WA,98370-7353,47.73533630371094,-122.6470947265625,Overture Places 2026-07-22.0,2026-07-22,open
Retail Village,bb37f679-d0bc-4703-8b67-bf112383d755,Hostmark of Village Cove Apartments,703 NE Hostmark St,Poulsbo,WA,98370,47.733428955078125,-122.64047241210938,Overture Places 2026-07-22.0,2026-07-22,open
Retail Village,e00787da-5fd8-465f-86f1-3b60a4d25c45,Poulsbo Village,19351 8th Ave NE,Poulsbo,WA,98370-7084,47.73991775512695,-122.63993835449219,Overture Places 2026-07-22.0,2026-07-22,open
Retail Village,75233584-ec13-4a8b-81a5-3b051c80204f,Poulsbo Village Chiropractic,19425 7th Ave NE,Poulsbo,WA,98370-5100,47.73906707763672,-122.64060974121094,Overture Places 2026-07-22.0,2026-07-22,open
Retail Village,632c8c37-ff33-4c0e-b701-f046b7de7dca,Village Dental,19365 7th Ave NE,Poulsbo,WA,98370,47.73869323730469,-122.64188385009766,Overture Places 2026-07-22.0,2026-07-22,open
Retail Village,dfc03237-10bb-48eb-b1c0-67472d82e371,Village Laundry,19425 7th Ave NE,Poulsbo,WA,98370-5100,47.739200592041016,-122.6407699584961,Overture Places 2026-07-22.0,2026-07-22,open
Mall,99cb980d-bd01-4101-b027-2ec08c4de8db,TNT Small Engine Repair LLC,360 N Wamba Rd,Prosser,WA,99350-6556,46.2198486328125,-119.78047180175781,Overture Places 2026-07-22.0,2026-07-22,open
Retail Plaza,592db98c-cf6e-4e5d-9bdd-894b64b36994,Ameristar Horse Heaven Hills Travel Plaza,101 Merlot Dr,Prosser,WA,99350-9500,46.220916748046875,-119.7886734008789,Overture Places 2026-07-22.0,2026-07-22,open
Retail Village,fb92f6bd-4855-413f-b2a0-ed9cbf8fd067,Prosser Vintner s Village,100 Merlot Dr,Prosser,WA,99350,46.219879150390625,-119.7894515991211,Overture Places 2026-07-22.0,2026-07-22,open
Retail Village,77486352-9778-4832-b9f5-cf07734ff86d,Vintner's Village,211 Port Ave,Prosser,WA,99350-5038,46.21898651123047,-119.7777328491211,Overture Places 2026-07-22.0,2026-07-22,open
Mall,aee98ed7-a229-43a2-95f1-c06303dbf376,Professional Mall,Bishop Boulevard,Pullman,WA,99163,46.713340759277344,-117.17011260986328,Overture Places 2026-07-22.0,2026-07-22,open
Retail Plaza,8e5da068-3798-4468-a762-1e96d050a2f1,Cougar Plaza,N Grand Ave & NE Olsen St,Pullman,WA,99163,46.73045349121094,-117.18106842041016,Overture Places 2026-07-22.0,2026-07-22,open
Retail Plaza,9ab53ef8-e3df-48a3-b1a0-ba7e924dc9bc,Puntillo Plaza,415 NE Kamiaken St,Pullman,WA,99163,46.73193359375,-117.17819213867188,Overture Places 2026-07-22.0,2026-07-22,open
Retail Village,225729ca-5332-4564-817f-ccdc3c7ee858,Aspen Village Apartments,1620 NE Northwood Dr,Pullman,WA,99163-5034,46.7447624206543,-117.14806365966797,Overture Places 2026-07-22.0,2026-07-22,open
Retail Village,7cd79b87-e7fc-42ed-b5e7-7ead786a4958,Earthtone Village Apt,1205 SE Professional Mall Blvd,Pullman,WA,99163,46.71857452392578,-117.16574096679688,Overture Places 2026-07-22.0,2026-07-22,open
Retail Village,e38a518c-0568-4342-9e1e-2f137a70f025,Pullman Village Centre Cinemas,1085 SE Bishop Blvd,Pullman,WA,99163,46.71253204345703,-117.16384887695312,Overture Places 2026-07-22.0,2026-07-22,open
Mall,c0ace98f-ac27-46c6-84f9-db2949bde2f8,BeautedermPh-WA by Renee Mallare,108th Ave E,Puyallup,WA,98374,47.12135696411133,-122.28668975830078,Overture Places 2026-07-22.0,2026-07-22,open
Mall,b3afa6c4-aaea-440b-93bb-ff506c9cbcad,Mallory Pursley ARNP,15214 Canyon Rd E,Puyallup,WA,98375,47.11781311035156,-122.35770416259766,Overture Places 2026-07-22.0,2026-07-22,open
Mall,ad53846d-0506-4067-b77e-1553fe8ef1d5,Mallory Puryear Realtor- K2RE,812 E Main Ave,Puyallup,WA,98372-3364,47.25210952758789,-122.43885040283203,Overture Places 2026-07-22.0,2026-07-22,open
Mall,9db3b9cb-6bec-4063-8a65-ff6a85ef4d6d,Pioneer Antique Mall,113 S Meridian,Puyallup,WA,98371-5917,47.191349029541016,-122.2935562133789,Overture Places 2026-07-22.0,2026-07-22,open
Mall,7dbdf6fc-780e-4f83-91f9-546b20b16d9d,Pioneer Antique Mall,1616 W Pioneer Ave,Puyallup,WA,98371-5274,47.190101623535156,-122.3163070678711,Overture Places 2026-07-22.0,2026-07-22,open
Mall,3c518fe4-952e-4144-9eb1-585defcf2b0f,Round1 Bowling & Arcade South Hill Mall,3500 S Meridian  Ste 900,Puyallup,WA,98373-3750,47.15773391723633,-122.29712677001953,Overture Places 2026-07-22.0,2026-07-22,open
Mall,120ca693-69ff-4d62-b5ad-9d45bf3cb666,South Hill Mall TRANSIT Center,503 39th Ave SW,Puyallup,WA,98373,47.155208587646484,-122.29946899414062,Overture Places 2026-07-22.0,2026-07-22,open
Marketplace,a3418643-477e-4a67-aadd-a0be95374d23,Marketplace Auto,909 River Rd,Puyallup,WA,98371-4146,47.20209503173828,-122.30619812011719,Overture Places 2026-07-22.0,2026-07-22,open
Retail Plaza,f6487caf-34eb-46c4-bdef-e84bf060c4c1,ATM O Bee Credit UnionPlaza,1601 39th Ave SE,Puyallup,WA,98374,47.156070709228516,-122.27182006835938,Overture Places 2026-07-22.0,2026-07-22,open
Retail Plaza,9703f499-12e1-4d2b-b285-48238c9d2187,Canyon Plaza,canyon Rd e,Puyallup,WA,98373,47.1557502746582,-122.35663604736328,Overture Places 2026-07-22.0,2026-07-22,open
Retail Village,e28f63db-e220-4a8d-8bd6-8600792f88c1,Firlane Village,15498 74th Ave E,Puyallup,WA,98375-7147,47.11520004272461,-122.33098602294922,Overture Places 2026-07-22.0,2026-07-22,open
Retail Village,77658aa3-1cd6-4339-8c94-3954214f9750,Sunrise Village,10507 156th St E,Puyallup,WA,98374-9361,47.11480712890625,-122.29019927978516,Overture Places 2026-07-22.0,2026-07-22,open
Retail Village,dd52ecfc-7cb3-4538-9de2-c6fcaa280366,Value Village,1124 River Rd,Puyallup,WA,98371-3849,47.20200729370117,-122.30972290039062,Overture Places 2026-07-22.0,2026-07-22,open
Retail Village,9b75f733-c36a-462a-bd45-04db7127db0c,Village Cooperative of Puyallup,3803 17th St SW,Puyallup,WA,98373-6010,47.15548324584961,-122.31439971923828,Overture Places 2026-07-22.0,2026-07-22,open
Retail Village,30eeab79-72a8-4608-bee2-6f7b82a1680b,Quil Ceda Village Finance,2601 88th St NE,Quil Ceda Village,WA,98271,48.07596969604492,-122.19619750976562,Overture Places 2026-07-22.0,2026-07-22,open
Retail Village,e2ad89d4-6200-4176-9e79-fe082ceb4a4d,Quilcene Village Store,294235 US-101,Quilcene,WA,98376-9766,47.829463958740234,-122.8812026977539,Overture Places 2026-07-22.0,2026-07-22,open
Retail Village,c74a08da-ff52-408a-aea8-2fe6956cd8d0,Rain Forest Resort Village,332 S Shore Rd,Quinault,WA,98575-9700,47.4671745300293,-123.84811401367188,Overture Places 2026-07-22.0,2026-07-22,open
Retail Village,d9c620e5-cb62-4f4d-ab4d-9bfd690ba4a1,Rain Forest Resort Village,516 S Shore Rd,Quinault,WA,98575,47.4752082824707,-123.83131408691406,Overture Places 2026-07-22.0,2026-07-22,open
Retail Plaza,8a15b7f1-b96b-4115-b46a-4b0e6299b2c3,Plaza Bonita,906 Central Ave S,Quincy,WA,98848-1354,47.23048400878906,-119.85325622558594,Overture Places 2026-07-22.0,2026-07-22,open
Retail Plaza,1751b11a-9703-434b-97eb-4644910fa4f5,Plaza Laundry,918 13th Ave SW Unit A,Quincy,WA,98848,47.23067855834961,-119.87378692626953,Overture Places 2026-07-22.0,2026-07-22,open
Retail Village,1a30e60b-bd69-4fa9-b04a-850b5da2706b,Chiwana Village at SageCliffe,344 Silica Rd NW,Quincy,WA,98848,47.098812103271484,-119.9964599609375,Overture Places 2026-07-22.0,2026-07-22,open
Retail Village,797f8701-3280-464e-8086-3d99d694c2b1,Chiwana Village at SageCliffe,344 Silica Rd NW,Quincy,WA,98848-9468,47.09161376953125,-119.98289489746094,Overture Places 2026-07-22.0,2026-07-22,open
Marketplace,4172ac3c-3e66-4e24-8004-668d45bbbbb0,Renters Marketplace,3016 Benson Rd S,RENTON,WA,98055,47.45290756225586,-122.19632720947266,Overture Places 2026-07-22.0,2026-07-22,open
Retail Village,27a7bdc7-2ac9-4b8f-8fbb-dc118c27a92f,Village Green Apartments,415 1st St,Raymond,WA,98577-1721,46.68714141845703,-123.73603820800781,Overture Places 2026-07-22.0,2026-07-22,open
Mall,5987e0bc-f798-467b-b4bc-f1958c07f622,Action Small Appliance,2715 152nd Ave NE Ste 6,Redmond,WA,98052,47.62787628173828,-122.14523315429688,Overture Places 2026-07-22.0,2026-07-22,open
Mall,0a3b6bf7-38bb-4576-95cc-6ec76a1b14f3,Action Small Appliance,7495 159 Pl NE Ste 100,Redmond,WA,98052,47.634578704833984,-122.13826751708984,Overture Places 2026-07-22.0,2026-07-22,open
Mall,16d9582f-b030-471a-84db-6251fd6efc95,Larry's shopping mall,10116 186th Ct NE,Redmond,WA,98052-6926,47.69142532348633,-122.0929183959961,Overture Places 2026-07-22.0,2026-07-22,open
Mall,c257b775-b8c1-4bca-8c99-d1efafb976b8,Small Threads for Kids,8215 160th Ave NE,Redmond,WA,98052,47.6762580871582,-122.12784576416016,Overture Places 2026-07-22.0,2026-07-22,open
Mall,8c9c2db0-85a1-4db6-8500-6a1fdfa65a03,Tender Touch Small Animal Hospital,8102 161st Ave NE,Redmond,WA,98052-4601,47.6761589050293,-122.12545776367188,Overture Places 2026-07-22.0,2026-07-22,open
Marketplace,06493c81-cb69-43a2-81ae-2f66e1a428c8,Jessica Dunn REALTOR | Marketplace Sotheby's International Realty,8299 161st Ave NE,Redmond,WA,98052-3860,47.67639923095703,-122.12622833251953,Overture Places 2026-07-22.0,2026-07-22,open
Marketplace,8967b598-6bdc-418c-863c-a6a395bf5ae4,Marketplace Sotheby's International Realty,8299 161st Ave NE Ste 201,Redmond,WA,98052,47.67638397216797,-122.12635803222656,Overture Places 2026-07-22.0,2026-07-22,open
Marketplace,dd765ed0-afdb-4004-8497-b0d9eed30ce5,Paul Do Marketplace Sotheby's Int Rty,16261 Redmond Way,Redmond,WA,98052-3833,47.67415237426758,-122.12360382080078,Overture Places 2026-07-22.0,2026-07-22,open
Marketplace,896cb49b-fc3c-42fc-8ba2-a9f14d9cac0b,Ravishing Marketplace,16540 Redmond Way,Redmond,WA,98052,47.673622131347656,-122.11958312988281,Overture Places 2026-07-22.0,2026-07-22,open
Retail Plaza,4c550017-dcda-4fbe-ab4b-299cbb4b6708,Avondale Plaza,11435 Avondale Rd NE,Redmond,WA,98052-2300,47.702152252197266,-122.093994140625,Overture Places 2026-07-22.0,2026-07-22,open
Retail Plaza,14573554-3471-4e78-8d00-ce9e8fb6640c,Cascade Plaza Retirement Center,7950 Willows Rd NE,Redmond,WA,98052-6813,47.675662994384766,-122.13611602783203,Overture Places 2026-07-22.0,2026-07-22,open
Retail Plaza,5cd9bcb6-40ba-41d0-ae9a-d179a2243c93,Overlake Fashion Plaza,2150 148th Ave NE,Redmond,WA,98052-5534,47.629234313964844,-122.14156341552734,Overture Places 2026-07-22.0,2026-07-22,open
Retail Village,7b33f39c-cc9b-40f7-8e72-244c86035393,Bear Creek Village,17220 Redmond Way,Redmond,WA,98052-4403,47.67174530029297,-122.11096954345703,Overture Places 2026-07-22.0,2026-07-22,open
Retail Village,e8e6ff3f-6a5a-4dc0-b782-e6d6a0c3dd54,Bright Horizons at Marymoor Village,17645 NE 69th Ct,Redmond,WA,98052-1026,47.66665267944336,-122.10431671142578,Overture Places 2026-07-22.0,2026-07-22,open
Retail Village,dc3ccb9a-ce87-422e-9dc4-af117e22f215,Cascara at the Villages,24000 NE 112th Ln,Redmond,WA,98053-5779,47.698246002197266,-122.01842498779297,Overture Places 2026-07-22.0,2026-07-22,open
Retail Village,c046e8d4-8f18-4138-8fb7-a418a385164a,Friendly Village-55 Plus Park,18425 NE 95th St,Redmond,WA,98052-2901,47.68414306640625,-122.09183502197266,Overture Places 2026-07-22.0,2026-07-22,open
Retail Village,961f2e0b-5014-4769-ba1e-af3902489bd2,Hope Village Church,18133 NE 68th St,Redmond,WA,98052-6718,47.666725158691406,-122.09756469726562,Overture Places 2026-07-22.0,2026-07-22,open
Retail Village,a1ed5eff-7e44-4c7d-8cf3-47515d290fdf,Overlake Village Station,2801 152nd Ave NE,Redmond,WA,98052-5514,47.63597869873047,-122.13883972167969,Overture Places 2026-07-22.0,2026-07-22,open
Retail Village,13027ee1-3fe4-42ff-8dac-b24c5aae86a7,Redmond Community Center at Marymoor Village,6505 176th Ave NE,Redmond,WA,98052,47.66424560546875,-122.10585021972656,Overture Places 2026-07-22.0,2026-07-22,open
Retail Village,f71d2388-ef0c-442b-83fc-2deba1c71433,The Village at Overlake Station,2580 152nd Ave NE,Redmond,WA,98052-5541,47.63285446166992,-122.13575744628906,Overture Places 2026-07-22.0,2026-07-22,open
Retail Village,05c524ed-6d85-45f5-a552-44ffad5c853d,Value Village,16771 Redmond Way,Redmond,WA,98052,47.67182922363281,-122.11605834960938,Overture Places 2026-07-22.0,2026-07-22,open
Retail Village,72a971a1-092f-4d93-95e3-8702ec4ac311,Value Village,7370 170th Ave NE,Redmond,WA,98052-4457,47.66972351074219,-122.11251068115234,Overture Places 2026-07-22.0,2026-07-22,open
Retail Village,c5a7aab5-dc2c-4bba-be61-ac65ac45f5b2,Village Dentistry,23515 NE Novelty Hill Rd,Redmond,WA,98053-1996,47.699214935302734,-122.02490997314453,Overture Places 2026-07-22.0,2026-07-22,open
Retail Village,fbddb800-9485-4779-9226-155128f60314,Village Square Cafe,16150 NE 85th St,Redmond,WA,98052-3539,47.67893600463867,-122.12506866455078,Overture Places 2026-07-22.0,2026-07-22,open
Retail Village,44d71ecd-0e32-4ce3-ac81-8146fdd99e7a,YWCA Family Village Redmond,16601 NE 80th St,Redmond,WA,98052-3941,47.67460250854492,-122.11845397949219,Overture Places 2026-07-22.0,2026-07-22,open
Retail Village,bcb98cc7-d563-40a7-a9d2-5bef2eda52bd,YWCA Family Village Redmond,16601 NE 80th St,Redmond,WA,98052,47.6745491027832,-122.11870574951172,Overture Places 2026-07-22.0,2026-07-22,open
Shopping Center,cd14094a-0ca9-4f4f-82b4-171767c85d0f,Bella Bottega Shopping Center,8976 161st Ave NE,Redmond,WA,98052-7554,47.68166732788086,-122.1243667602539,Overture Places 2026-07-22.0,2026-07-22,open
Mall,f8850776-8492-47af-b040-df923af2969b,Downtown Renton Antique Mall,916 S 3rd St,Renton,WA,98057-2743,47.47985076904297,-122.2052001953125,Overture Places 2026-07-22.0,2026-07-22,open
Mall,de005633-8322-46d8-8422-06ad10ea87dc,Renton Mall,53 SW Sunset Blvd,Renton,WA,98055,47.4792594909668,-122.21796417236328,Overture Places 2026-07-22.0,2026-07-22,open
Mall,2e7db587-87f4-4f26-a01e-b6c6e6350d0a,Small Business Tax Tools,401 Olympia Ave NE Ste 104,Renton,WA,98056,47.489078521728516,-122.17231750488281,Overture Places 2026-07-22.0,2026-07-22,open
Mall,5f93a5ab-d1a9-4709-a235-bf1e388b1e34,Small Business Tax Tools LLC,401 Olympia Ave NE Ste 104,Renton,WA,98056,47.21199035644531,-121.9843978881836,Overture Places 2026-07-22.0,2026-07-22,open
Mall,79e42507-13c8-4afd-b547-962d7f7ea934,رويال مول الدانا Royal Mall,رويال مول ادلب الدانا طريق المولات قبل جامع عباد الرحمن,Renton,WA,101551,47.470306396484375,-122.23699188232422,Overture Places 2026-07-22.0,2026-07-22,open
Retail Plaza,fc26b30e-c247-47ee-8e69-a0310d9244b7,Fairwood Plaza Animal Clinic,14410 SE Petrovitsky Rd,Renton,WA,98058-8900,47.44477844238281,-122.1484375,Overture Places 2026-07-22.0,2026-07-22,open
Retail Plaza,a093d082-3b68-440a-9864-2a6df2556ae3,Idc Medical Plaza,S 180th St,Renton,WA,98057,47.4415397644043,-122.23622131347656,Overture Places 2026-07-22.0,2026-07-22,open
Retail Plaza,be452993-e0d4-4c25-bf6e-30a2ba5981b1,Plaza Cleaners,14410 SE Petrovitsky Rd Ste 115,Renton,WA,98058,47.44443130493164,-122.14816284179688,Overture Places 2026-07-22.0,2026-07-22,open
Retail Plaza,c54a2fe8-4791-482e-ae97-d97099bf32e4,Sunset Plaza,3160 NE Sunset Blvd,Renton,WA,98056-3337,47.50444412231445,-122.1771011352539,Overture Places 2026-07-22.0,2026-07-22,open
Retail Village,2df87dfd-4d40-474c-b6fe-58e6ee7ca7b0,Cascade Village,17060 116th Ave SE,Renton,WA,98058-5950,47.45030975341797,-122.18470764160156,Overture Places 2026-07-22.0,2026-07-22,open
Retail Village,1ef9142a-cb25-4646-8e45-801304191e71,Children's Village Child Care School,450 Bremerton Ave NE,Renton,WA,98059-5059,47.48995590209961,-122.1585922241211,Overture Places 2026-07-22.0,2026-07-22,open
Retail Village,0d7d66cc-9fd5-407b-b885-888921faf9ea,Elder Village Renton Highlands Adult Family Home,603 Nile Ave NE,Renton,WA,98059-4980,47.49222183227539,-122.14344787597656,Overture Places 2026-07-22.0,2026-07-22,open
Retail Village,a9f77d52-a3b1-4ded-9e22-e6965015b9f9,Hope Village Church Renton Campus,16015 116th Ave SE,Renton,WA,98058,47.460227966308594,-122.1859130859375,Overture Places 2026-07-22.0,2026-07-22,open
Retail Village,d4c432a8-5d65-46f6-b014-3ac001318b59,Shannon's Village,1620 Duvall Ave NE,Renton,WA,98059-3975,47.50628662109375,-122.1557388305664,Overture Places 2026-07-22.0,2026-07-22,open
Retail Village,7f2d473a-c97c-4e22-8cfb-9de55405dda8,Snowy Village Landing,827 N 10th Pl,Renton,WA,98057-0018,47.49809646606445,-122.20394134521484,Overture Places 2026-07-22.0,2026-07-22,open
Retail Village,6724578e-7357-4f5b-a1cf-d588ea444061,Village Concepts of Fairwood,17010 140th Ave SE,Renton,WA,98058-6934,47.45084762573242,-122.15375518798828,Overture Places 2026-07-22.0,2026-07-22,open
Retail Village,8828a4e8-313f-492d-956b-3e8a1044ac53,Village Learning Child Care,14813 SE Renton Issaquah Rd,Renton,WA,98059,47.50419998168945,-122.1421890258789,Overture Places 2026-07-22.0,2026-07-22,open
Retail Village,80864a9b-c200-4cbf-a8e0-b78760ea5e3a,Westview Village Apartments,17735 105th Pl SE,Renton,WA,98055,47.4438362121582,-122.20065307617188,Overture Places 2026-07-22.0,2026-07-22,open
Retail Village,19603549-bb5d-44ee-836b-5d72c1182efd,villageplan,707 S Grady Way,Renton,WA,98057-3224,47.47179412841797,-122.20927429199219,Overture Places 2026-07-22.0,2026-07-22,open
Shopping Center,9435174f-d1c5-4e35-95a7-a5a688323cef,Fairwood Shopping Center,17230 140th Ave SE,Renton,WA,98058-7014,47.44758987426758,-122.15257263183594,Overture Places 2026-07-22.0,2026-07-22,open
Marketplace,76ce2f64-1a4d-4c59-824b-f5915b506774,PVMarketPlace,2555 Pleasant Valley Rd,Rice,WA,99167-9726,48.46677017211914,-118.14351654052734,Overture Places 2026-07-22.0,2026-07-22,open
Mall,8edef04a-609c-45ae-8433-37150a4b74eb,Columbia Center Mall,335 Columbia Point Dr,Richland,WA,99352-4369,46.26346969604492,-119.25665283203125,Overture Places 2026-07-22.0,2026-07-22,open
Mall,ba93155e-f064-4018-9543-a08088cfabfe,Malley's Compounding Pharmacy,1906 George Washington Way,Richland,WA,99354-2308,46.30072784423828,-119.27393341064453,Overture Places 2026-07-22.0,2026-07-22,open
Mall,cba8a386-9439-4cf8-a0bd-3b33247e4e81,One Small Fish,639 Cullum Ave,Richland,WA,99352-4249,46.27375411987305,-119.27759552001953,Overture Places 2026-07-22.0,2026-07-22,open
Mall,f31e4264-a605-4fe5-a964-9cc08b7cdc72,Small Seed Bakery and Personal Chef Services,1761 George Washington Way,Richland,WA,99354-2303,46.298866271972656,-119.27565002441406,Overture Places 2026-07-22.0,2026-07-22,open
Retail Plaza,772dd254-4703-4966-8d26-4fdba8feb858,Carol Woodruff Plaza,709 George Washington Way,Richland,WA,99352,46.27534866333008,-119.27397155761719,Overture Places 2026-07-22.0,2026-07-22,open
Retail Plaza,bd67adb6-581e-4128-947a-6584f39daf99,John Dam Plaza,1815 George Washington Way,Richland,WA,99354,46.29991149902344,-119.27586364746094,Overture Places 2026-07-22.0,2026-07-22,open
Retail Plaza,ad52fb43-a855-40ad-b063-dc47623a6878,John Dam Plaza,815 George Washington Way,Richland,WA,99352-3538,46.277374267578125,-119.27455139160156,Overture Places 2026-07-22.0,2026-07-22,open
Retail Village,66aa057f-58d1-48f7-8df0-6863b0ff0d8a,Jadwin Village Apartment,50 Jadwin Ave,Richland,WA,99352-4600,46.260902404785156,-119.2729721069336,Overture Places 2026-07-22.0,2026-07-22,open
Retail Village,1aa48b04-f63c-4585-8a2d-08e1edcb6013,Keene Village Homeowners Association,4065 Tami St,Richland,WA,99352-9642,46.25579833984375,-119.3277816772461,Overture Places 2026-07-22.0,2026-07-22,open
Retail Village,2ae1427f-8e32-437a-8c4e-06084c58cb17,North Trace Village Apartments,200 Waldron St,Richland,WA,99354,46.29652404785156,-119.27790832519531,Overture Places 2026-07-22.0,2026-07-22,open
Retail Village,5e9b3cea-c4eb-43a0-9270-7108d2138db4,Shoreline Village Apartments,2555 Duportail St,Richland,WA,99352-4088,46.265987396240234,-119.30245208740234,Overture Places 2026-07-22.0,2026-07-22,open
Retail Village,5118587b-e557-413b-a12a-1701c2191a9e,Village View Adult Family Home,4427 Village View St,Richland,WA,99352-8531,46.21363830566406,-119.33859252929688,Overture Places 2026-07-22.0,2026-07-22,open
Shopping Center,6d693af5-3843-4a6f-9018-24f9562c7cb5,Uptown Shopping Center,1300 Jadwin Ave,Richland,WA,99354-3404,46.28716278076172,-119.27560424804688,Overture Places 2026-07-22.0,2026-07-22,open
Marketplace,ef4a67ff-d9b3-4a30-86d9-f604cfcd528f,Ridgefield Pioneer Marketplace,203 Pioneer St,Ridgefield,WA,98642-4511,45.81515884399414,-122.74593353271484,Overture Places 2026-07-22.0,2026-07-22,open
Retail Village,57ca30f6-bd4f-4e65-8387-61da6a79d4d0,Recovery Village Ridgefield The - 1261 S Hillhurst,1261 S Hillhurst Rd Ste 7B,Ridgefield,WA,98642,45.806251525878906,-122.73165893554688,Overture Places 2026-07-22.0,2026-07-22,open
Retail Village,31b43f03-b98b-4ab0-894c-cca611ccd40c,Recovery Village Ridgefield The - 888 S Hillhurst,888 S Hillhurst Rd,Ridgefield,WA,98642,45.808841705322266,-122.7350082397461,Overture Places 2026-07-22.0,2026-07-22,open
Retail Village,3ae5efb7-284d-4eb8-a80d-a856047af3f0,The Recovery Village Ridgefield,888 S Hillhurst Rd,Ridgefield,WA,98642-9063,45.80880355834961,-122.7350845336914,Overture Places 2026-07-22.0,2026-07-22,open
Retail Village,c2c3776c-b20d-4c5a-a866-f4ece5cf6104,Whipple Creek Village,2019 NE 179th St,Ridgefield,WA,98642-7927,45.749568939208984,-122.65038299560547,Overture Places 2026-07-22.0,2026-07-22,open
Retail Plaza,0d15824d-9971-40a5-bf74-72c232ec6a1d,BJS Auto Truck Plaza,100 Rock Island Dr,Rock Island,WA,98850-9559,47.3719367980957,-120.13968658447266,Overture Places 2026-07-22.0,2026-07-22,open
Mall,f6939010-18a7-40a3-ace5-740917455395,Hurd Mercantile Gift Mall,30 S 1st St,Rockford,WA,99030,47.451595306396484,-117.13223266601562,Overture Places 2026-07-22.0,2026-07-22,open
Retail Village,825f99d4-2d37-47d4-8c9d-64fc6962be33,Village Pizza,105 W Pennsylvania Ave,Roslyn,WA,98941,47.222965240478516,-120.99378967285156,Overture Places 2026-07-22.0,2026-07-22,open
Retail Village,2abf8205-4507-452d-b2fd-728b778d2641,Village Yoga,2245 32nd Ave W,SEATTLE,WA,98199,47.638771057128906,-122.39855194091797,Overture Places 2026-07-22.0,2026-07-22,open
Retail Village,3b887be0-cd3d-4f5d-9bf0-122e03edbe10,AURORA VILLAGE BP INC,20409 AURORA AVE N,SHORELINE,WA,98133,47.777305603027344,-122.34681701660156,Overture Places 2026-07-22.0,2026-07-22,open
Mall,fd8f42bc-f174-4a2e-8fca-93b5e1347b0c,KITSAP MALL,10315 SILVERDALE WAY NW,SILVERDALE,WA,98383,47.66269302368164,-122.68291473388672,Overture Places 2026-07-22.0,2026-07-22,open
Mall,b5c80833-113e-4ccf-87dd-2c3fbd8df141,Bliss Small Batch Creamery,1421 AVE D,SNOHOMISH,WA,98290,47.92912673950195,-122.09939575195312,Overture Places 2026-07-22.0,2026-07-22,open
Retail Plaza,6b3345f3-8b26-46d8-9bd5-65e03879e5b4,NORTHPOINT PLAZA,"SUITE #975 9758 N NEWPORT HWY",SPOKANE,WA,99218,47.750099182128906,-117.3998031616211,Overture Places 2026-07-22.0,2026-07-22,open
Mall,4e0e24df-d3ec-4e50-ae8a-a9339a3319e1,Mallory Paint Store,612 228th Ave NE,Sammamish,WA,98074-7241,47.61503982543945,-122.03372192382812,Overture Places 2026-07-22.0,2026-07-22,open
Marketplace,46e3b14d-d3e6-49d8-b1ee-5f8905c52f2c,MedServ Marketplace LLC,2503 238th Ct NE,Sammamish,WA,98074-5480,47.63335037231445,-122.02320861816406,Overture Places 2026-07-22.0,2026-07-22,open
Retail Plaza,86e35d3b-e221-4209-890b-cebaf465c076,Inglewood Plaza,653 228th Ave NE,Sammamish,WA,98074-7241,47.615699768066406,-122.03607177734375,Overture Places 2026-07-22.0,2026-07-22,open
Retail Village,a9155a70-2168-4eab-9b69-60324b238d91,Pine Lake Village,2902 228th Ave SE,Sammamish,WA,98075-9516,47.58303451538086,-122.03348541259766,Overture Places 2026-07-22.0,2026-07-22,open
Retail Village,4f63dafc-c953-4945-824c-1d36c348adae,Sammamish Village,301 228th Ave SE,Sammamish,WA,98074-7372,47.605979919433594,-122.03582000732422,Overture Places 2026-07-22.0,2026-07-22,open
Shopping Center,49857719-c65b-4304-bcef-7e950e6396e0,Klahanie Shopping Center,4510 Klahanie Dr SE,Sammamish,WA,98029-5812,47.56571960449219,-122.00567626953125,Overture Places 2026-07-22.0,2026-07-22,open
Mall,aebf3724-19be-4adc-9f94-62ed5294d753,Bakaro Mall,15245 International Blvd,SeaTac,WA,98188,47.46574783325195,-122.28961944580078,Overture Places 2026-07-22.0,2026-07-22,open
Mall,11daf927-af7c-4459-b2d5-7dfa5d884304,Mall Of Africa Restaurant,21027 International Blvd,Seatac,WA,98198-5952,47.412837982177734,-122.2987289428711,Overture Places 2026-07-22.0,2026-07-22,open
Retail Plaza,5d8f4fd5-17bf-411e-914e-d472933a8b0c,Crowne Plaza Seattle Airport,17338 International Blvd,Seatac,WA,98188-3530,47.447021484375,-122.29541015625,Overture Places 2026-07-22.0,2026-07-22,open
Mall,d2f3a83b-b2b8-41bb-b6fd-4215b8fddf4e,Antique Mall of West Seattle,4516 California Ave SW,Seattle,WA,98116-4111,47.562320709228516,-122.38636016845703,Overture Places 2026-07-22.0,2026-07-22,open
Mall,c24ee595-02f5-4143-a6bc-0c0bdc98edd1,Benjamin Moore Mallory Paint Store,1546 NW Leary Way,Seattle,WA,98107-4739,47.66396713256836,-122.3782730102539,Overture Places 2026-07-22.0,2026-07-22,open
Mall,0cafc6f4-8295-4b39-816e-aea46c86f659,Brow Arc - Northgate Mall,401 NE Northgate Way,Seattle,WA,98125,47.70753860473633,-122.32572174072266,Overture Places 2026-07-22.0,2026-07-22,open
Mall,dd84326b-1d7b-4d97-8de9-851b6ee0021a,Build Your Own Small Business,2428 NW Market St,Seattle,WA,98107-4162,47.668792724609375,-122.388916015625,Overture Places 2026-07-22.0,2026-07-22,open
Mall,60d1be9a-c970-425a-8462-9bc4d387294f,California Pizza Kitchen at Northgate Mall,401 N E Northgate Way Spc 944 Northgate Mall,Seattle,WA,98125,47.708003997802734,-122.32610321044922,Overture Places 2026-07-22.0,2026-07-22,open
Mall,29372bfc-4b0e-481d-9beb-ecd55c89bf88,Carmall Auto Sales,3655 E Marginal Way S,Seattle,WA,98134,47.57004165649414,-122.34024810791016,Overture Places 2026-07-22.0,2026-07-22,open
Mall,a2e16ad7-1480-4b40-b44f-91f42858d131,Champion Small Engine Repair,430 S 96th St Unit 10,Seattle,WA,98108,47.517276763916016,-122.32848358154297,Overture Places 2026-07-22.0,2026-07-22,open
Mall,5ab8eaa6-733e-4400-8a8a-67bd0ca0217c,Champion Small Engine Repair,5239 48th Ave SW,Seattle,WA,98136,47.554481506347656,-122.39366149902344,Overture Places 2026-07-22.0,2026-07-22,open
Mall,23e27013-2b53-4892-b70a-1c4056b499a4,Coleen Small LMP,8401 5th Ave NE Ste 102,Seattle,WA,98115,47.689781188964844,-122.322998046875,Overture Places 2026-07-22.0,2026-07-22,open
Mall,b2775b0b-07cf-4e12-a642-3306fedfe2ab,Coronado Springs Apartments (Formerly Mallard Lake Apts),10670 14th Ave SW,Seattle,WA,98146,47.50882339477539,-122.3504867553711,Overture Places 2026-07-22.0,2026-07-22,open
Mall,f0dd4144-803d-4251-b482-1d962b2d0080,Daniel P Mallove Law Office,2003 Western Ave Ste 400,Seattle,WA,98121,47.610511779785156,-122.3443603515625,Overture Places 2026-07-22.0,2026-07-22,open
Mall,a06eb2ec-5f4d-4c60-a1e6-7431009748b4,Dr. Martens Southcenter Mall,846 Southcenter Mall,Seattle,WA,98188,47.45751190185547,-122.25861358642578,Overture Places 2026-07-22.0,2026-07-22,open
Mall,16981ccb-88aa-4ffd-9dd7-5d3174d13d80,Fremont Vintage Mall,3419 Fremont Ave N,Seattle,WA,98103-8811,47.65028762817383,-122.3500747680664,Overture Places 2026-07-22.0,2026-07-22,open
Mall,93ff2377-9fda-4281-81fa-206e5bf74860,Georgetown Trailer Park Mall,5805 Airport Wy S,Seattle,WA,98108,47.55044174194336,-122.31832885742188,Overture Places 2026-07-22.0,2026-07-22,open
Mall,e4022ea9-8f28-4188-98c4-7ba2e8b3c1f8,Green Lake Small Craft Center,5900 W Green Lake Way N,Seattle,WA,98103-5900,47.67152404785156,-122.34313201904297,Overture Places 2026-07-22.0,2026-07-22,open
Mall,2c65de50-0a33-4dcb-8f4e-0c25656e7dac,Heather O'Malley,4919 S Genesee St,Seattle,WA,98118-1443,47.56401824951172,-122.27117919921875,Overture Places 2026-07-22.0,2026-07-22,open
Mall,7c608307-6ef7-4d7f-be1d-20d5763ede88,Julie Small | Windermere Wall St Group,4526 California Ave SW,Seattle,WA,98116-4111,47.56209182739258,-122.38641357421875,Overture Places 2026-07-22.0,2026-07-22,open
Mall,321497b4-aaf8-486d-beab-66723d86fb65,Kelly Malloy,4526 California Ave SW,Seattle,WA,98116-4111,47.56208419799805,-122.3862533569336,Overture Places 2026-07-22.0,2026-07-22,open
Mall,f7f0ea37-762d-4007-a5f6-bea27dea1a46,Lacey O'Malley Bail Bond Agency,411 Jefferson St,Seattle,WA,98104-2315,47.60261535644531,-122.32904052734375,Overture Places 2026-07-22.0,2026-07-22,open
Mall,faec3146-c267-46dc-b989-1b0ad53c5ed0,Lacey OMalley,601 3rd Ave,Seattle,WA,98104-1806,47.60279846191406,-122.33175659179688,Overture Places 2026-07-22.0,2026-07-22,open
Mall,283a2c52-5618-4c13-a10c-5aa725774a0e,Mallard Cove,2600 Fairview Ave E,Seattle,WA,98102-3240,47.64345169067383,-122.3283462524414,Overture Places 2026-07-22.0,2026-07-22,open
Mall,223a80a2-6088-45d5-9fb4-331c9c0e13a2,Mallet Design Build,2700 4th Ave S,Seattle,WA,98134-1942,47.57952880859375,-122.32848358154297,Overture Places 2026-07-22.0,2026-07-22,open
Mall,87910407-c9e1-456b-ad03-d5c4e20a261a,Mallia’ Salon,1800 Westlake Ave N,Seattle,WA,98109-2704,47.635032653808594,-122.3398666381836,Overture Places 2026-07-22.0,2026-07-22,open
Mall,7a1939db-a891-4fa8-99a7-847a513e90db,Mallory Paint Store,1106 N 80th St,Seattle,WA,98103-4400,47.68714141845703,-122.34412384033203,Overture Places 2026-07-22.0,2026-07-22,open
Mall,8741e770-b1e2-464e-b05e-9ff494caf2e4,Mallory Paint Store,2933 4th Ave S,Seattle,WA,98134-1914,47.57684326171875,-122.32939147949219,Overture Places 2026-07-22.0,2026-07-22,open
Mall,d0d5846f-e8d8-413a-930f-4ed931a30fb9,Malloy Apartment Homes,4337 15th Ave NE,Seattle,WA,98105,47.660709381103516,-122.31204223632812,Overture Places 2026-07-22.0,2026-07-22,open
Mall,699b7256-7d08-490b-8784-56e24d03608e,Massage Envy - Northgate Mall,401 NE Northgate Way,Seattle,WA,98125,47.70487976074219,-122.32575988769531,Overture Places 2026-07-22.0,2026-07-22,open
Mall,b8b8d118-535e-4ea4-9063-cbce4c1444f7,Michael Mallagh,4526 California Ave SW,Seattle,WA,98116-4111,47.56208419799805,-122.3864974975586,Overture Places 2026-07-22.0,2026-07-22,open
Mall,28095afb-1234-4ef6-a4b0-3696d0e19a91,Northgate Mall,353 NE Northgate Way,Seattle,WA,98125-6020,47.708255767822266,-122.32372283935547,Overture Places 2026-07-22.0,2026-07-22,open
Mall,4e8bdbae-6407-4ae6-8774-d945b882bf80,Northgate Mall (Seattle WA),401 NE Northgate Way,Seattle,WA,98125,47.70845413208008,-122.32489013671875,Overture Places 2026-07-22.0,2026-07-22,open
Mall,b751dc59-1227-4707-a987-e4f145325198,Occidental Mall,300 Occidental Ave S,Seattle,WA,98104-2840,47.59939956665039,-122.33246612548828,Overture Places 2026-07-22.0,2026-07-22,open
Mall,2c67dc94-abd6-468b-986c-8f4e2b8ef809,Romy Northgate Mall,401 NE Northgate Way,Seattle,WA,98125,47.70531463623047,-122.32581329345703,Overture Places 2026-07-22.0,2026-07-22,open
Mall,cbf60fd7-454c-4c75-8d16-76c01b93a43e,Rosetta Stone @ Northgate Mall,401 NE Northgate Way,Seattle,WA,98125,47.70634841918945,-122.32588958740234,Overture Places 2026-07-22.0,2026-07-22,open
Mall,48d42cd2-a416-47f4-8029-e8fb93225994,SWEAT A Personal and Small Group Fitness Training Studio,9131 California Ave SW,Seattle,WA,98136-2551,47.521934509277344,-122.38770294189453,Overture Places 2026-07-22.0,2026-07-22,open
Mall,949caad5-3f09-4286-ac95-1cdbdd56ac52,Sayuj Malla - Morgan Stanley,601 Union St Ste 5200,Seattle,WA,98101,47.61042022705078,-122.33206939697266,Overture Places 2026-07-22.0,2026-07-22,open
Mall,d2f7abae-9279-43b4-9962-61f33d7031b8,Seattle Small Moves,1830 S Weller St,Seattle,WA,98144-2235,47.59764862060547,-122.30760955810547,Overture Places 2026-07-22.0,2026-07-22,open
Mall,a14d0129-7ab3-42d5-8d3a-c11c676a63af,Sela's Small Couture,610 W McGraw St,Seattle,WA,98119,47.63981246948242,-122.36564636230469,Overture Places 2026-07-22.0,2026-07-22,open
Mall,dc42bdd9-83c8-4798-b17c-f153f4fe17ef,Small Changes,1418 NW 53rd St,Seattle,WA,98107,47.667423248291016,-122.37467956542969,Overture Places 2026-07-22.0,2026-07-22,open
Mall,37c3b823-a5ec-442f-8345-be9cd67bcb1e,Small Faces Child Development Center,9250 14th Ave NW,Seattle,WA,98117,47.69733810424805,-122.37374877929688,Overture Places 2026-07-22.0,2026-07-22,open
Mall,d6293610-9e1d-47a1-b8ab-2280911471d6,Small Planet Montessori,2122 N 53rd St,Seattle,WA,98103-6248,47.667320251464844,-122.33273315429688,Overture Places 2026-07-22.0,2026-07-22,open
Mall,10031f0b-e73c-4f1d-be2d-9a2c5f8e83f3,Small Potatoes Urban Delivery,8 S Idaho St,Seattle,WA,98134-1119,47.56475067138672,-122.34252166748047,Overture Places 2026-07-22.0,2026-07-22,open
Mall,0ea6dc4a-96b5-4150-b451-9fc1af95eda0,Small Vineyards,2742 Alki Ave Sw Ste 200,Seattle,WA,98116-2812,47.578773498535156,-122.41117858886719,Overture Places 2026-07-22.0,2026-07-22,open
Mall,f585d2e5-f975-4d51-9894-8ce9b066ae45,Small World Productions,4810 S Oregon St,Seattle,WA,98118,47.56311798095703,-122.27298736572266,Overture Places 2026-07-22.0,2026-07-22,open
Mall,c8265204-eeb6-4d3a-9cc6-6db6cd9675ce,Smallish Photo Studio,1113 34th Ave,Seattle,WA,98122-5138,47.61204147338867,-122.2894287109375,Overture Places 2026-07-22.0,2026-07-22,open
Mall,f605621a-2632-43bd-bf60-2991e3f51388,Sodo Vintage Mall,1534 1st Ave S,Seattle,WA,98134-1466,47.58902359008789,-122.33393096923828,Overture Places 2026-07-22.0,2026-07-22,open
Mall,af1cd717-7460-4bd7-b7d9-ff2ac34c8dad,Swedish Minimally Invasive Gynecologic Surgery,510 Boren Ave N,Seattle,WA,98109,47.62420654296875,-122.33553314208984,Overture Places 2026-07-22.0,2026-07-22,open
Mall,6d5266cd-2bcf-4ad6-9118-27634eacfe21,The Mall,2800 Southcenter Mall,Seattle,WA,98188-2849,47.45839309692383,-122.25951385498047,Overture Places 2026-07-22.0,2026-07-22,open
Mall,230b6932-2ff4-4047-816e-a338e3eb2d84,Two Small Men With Big Hearts,803 Rainier Ave S,Seattle,WA,98144,47.59538650512695,-122.31167602539062,Overture Places 2026-07-22.0,2026-07-22,open
Mall,1e151486-f035-42d3-bfe3-951624be3360,Zamalloa Industries,309 S Cloverdale St,Seattle,WA,98108-4500,47.524757385253906,-122.3310317993164,Overture Places 2026-07-22.0,2026-07-22,open
Mall,3dba2055-7f62-4aa7-b56a-3955f9adc4f3,a small studio,500 Mercer St,Seattle,WA,98109-4654,47.62503433227539,-122.34711456298828,Overture Places 2026-07-22.0,2026-07-22,open
Marketplace,df625af9-3678-415f-9be7-f3e4a1bbc8a5,Marketplace Cafe,401 NE Northgate Way,Seattle,WA,98125,47.708553314208984,-122.3237533569336,Overture Places 2026-07-22.0,2026-07-22,open
Marketplace,3a5ece5f-9997-41c4-9827-7d0b9cd47abe,Marketplace I & II Garage,65 Lenora St,Seattle,WA,98121,47.610931396484375,-122.34498596191406,Overture Places 2026-07-22.0,2026-07-22,open
Marketplace,a7a1b1bb-6b24-4b65-81b3-e8d66dac0424,Northwest Marketplaces,7003 3rd Ave NW,Seattle,WA,98117-4902,47.6796989440918,-122.36071014404297,Overture Places 2026-07-22.0,2026-07-22,open
Marketplace,45d6cf95-bbfe-4d5d-bd24-f0b2968dafd8,Queen Anne Marketplace,600 1st Ave N,Seattle,WA,98109,47.62484359741211,-122.35501098632812,Overture Places 2026-07-22.0,2026-07-22,open
Marketplace,b9394fdb-b77b-4ae3-ab72-f3d5537b448f,Saar's Supersaver and Marketplace Foods,10616 16th Ave SW,Seattle,WA,98146-2076,47.5079460144043,-122.35443878173828,Overture Places 2026-07-22.0,2026-07-22,open
Marketplace,839b918c-4989-4630-9dcd-f4e0c7283dad,Seattle Waterfront Marketplace,1400 Alaskan Way,Seattle,WA,98101-2016,47.60749435424805,-122.34095001220703,Overture Places 2026-07-22.0,2026-07-22,open
Marketplace,f312ed28-0a3f-44d6-bf35-2367d6bd2e25,Ventures Marketplace,1501 Pike Pl,Seattle,WA,98101-1501,47.608680725097656,-122.34109497070312,Overture Places 2026-07-22.0,2026-07-22,open
Marketplace,35db4c59-62fb-465f-a020-b63e844ed7a9,Vios Café and Marketplace,903 19th Ave E,Seattle,WA,98112,47.627017974853516,-122.30770111083984,Overture Places 2026-07-22.0,2026-07-22,open
Retail Plaza,d95834f7-d7e8-4456-8b87-6b95245e9fb8,Africatown Plaza,1100 23rd Ave,Seattle,WA,98122-4822,47.61156463623047,-122.30191040039062,Overture Places 2026-07-22.0,2026-07-22,open
Retail Plaza,a078dfba-5732-4ea1-bc60-acccfa48e96f,Asian Plaza,1032 S Jackson St,Seattle,WA,98104-3037,47.59955596923828,-122.31829071044922,Overture Places 2026-07-22.0,2026-07-22,open
Retail Plaza,86e6ec31-f898-4844-a0a2-e706f1d3d290,Ballard Plaza Pharmacy,1801 NW Market St Ste 104,Seattle,WA,98107,47.66868209838867,-122.38020324707031,Overture Places 2026-07-22.0,2026-07-22,open
Retail Plaza,27c57c04-9994-4c07-8388-6119c6187ae0,Blanchard Plaza,2201 6th Ave,Seattle,WA,98121,47.616031646728516,-122.34156799316406,Overture Places 2026-07-22.0,2026-07-22,open
Retail Plaza,d263454e-cc97-4c37-ba5c-dddb142493ad,Blue Water Taco Grill - 4th Ave. Plaza,1001 4th Ave,Seattle,WA,98154,47.606483459472656,-122.33319091796875,Overture Places 2026-07-22.0,2026-07-22,open
Retail Plaza,a6d1d392-fffd-4464-8efd-775148b50c40,Bryn Mawr Plaza,11620 Rainier Ave S,Seattle,WA,98178-3969,47.49858474731445,-122.2198257446289,Overture Places 2026-07-22.0,2026-07-22,open
Retail Plaza,b0bc21e0-7104-4e61-adbf-3cb25804f3de,Central Plaza Garage,1320 NE Campus Pkwy,Seattle,WA,98105-6207,47.65679931640625,-122.31178283691406,Overture Places 2026-07-22.0,2026-07-22,open
Retail Plaza,d7573c3c-e0d9-4fd3-8556-ee89f9079417,Crown Hill Plaza,9000 Holman Rd NW,Seattle,WA,98117-3418,47.69478225708008,-122.3746109008789,Overture Places 2026-07-22.0,2026-07-22,open
Retail Plaza,f6f35b38-2dcc-4aa9-bbf2-8b142ebbdcc8,Crowne Plaza Seattle Downtown,1113 6th Ave,Seattle,WA,98101-3002,47.60824203491211,-122.33230590820312,Overture Places 2026-07-22.0,2026-07-22,open
Retail Plaza,2d8b0776-7902-4dc6-b417-e896833cb4c0,Diamond Plaza,9837 16th Ave SW,Seattle,WA,98106-2830,47.51453399658203,-122.35543823242188,Overture Places 2026-07-22.0,2026-07-22,open
Retail Plaza,e3059fcf-2b3b-4116-8608-51610747409a,Dog in the Park - Westlake Plaza Location,1520 4th Ave,Seattle,WA,98101-1615,47.61092758178711,-122.33689880371094,Overture Places 2026-07-22.0,2026-07-22,open
Retail Plaza,87d35221-c2d8-472d-a74f-0819f76779b8,Eagle Ridge Plaza,5333 15th Ave S,Seattle,WA,98108-2807,47.553794860839844,-122.31378936767578,Overture Places 2026-07-22.0,2026-07-22,open
Retail Plaza,9452294a-8a19-4354-83cd-b14ab405503b,First Hill Plaza,1301 Spring St,Seattle,WA,98104-1350,47.61106491088867,-122.32268524169922,Overture Places 2026-07-22.0,2026-07-22,open
Retail Plaza,7d1ebce7-ba91-4d25-ac3a-28c53c5fa881,International District Plaza,S Jackson St,Seattle,WA,98104,47.59883117675781,-122.327880859375,Overture Places 2026-07-22.0,2026-07-22,open
Retail Plaza,fad379c1-ecc8-48cb-9f97-5dbad4f3a7d9,Junction Plaza Park,4200 SW Alaska St,Seattle,WA,98116,47.56106185913086,-122.38574981689453,Overture Places 2026-07-22.0,2026-07-22,open
Retail Plaza,ef3b5f2b-bc72-4384-9ff3-a0fba9c1be82,King Plaza Dental & Dentures,7101 Martin Luther King Jr Way S,Seattle,WA,98118-3547,47.538475036621094,-122.28282165527344,Overture Places 2026-07-22.0,2026-07-22,open
Retail Plaza,9a598c30-4b14-48fb-a2d7-88a632a5b2f3,King Plaza Laundry,7101 Martin Luther King Jr Way S,Seattle,WA,98118-3547,47.53861999511719,-122.2833251953125,Overture Places 2026-07-22.0,2026-07-22,open
Retail Plaza,cd8ff8e6-4999-4392-a68e-2084ee70f5d0,King Plaza Pharmacy (now Part Of Rite Aid),9000 Rainier Ave S  Ste C,Seattle,WA,98118-5017,47.52276611328125,-122.26864624023438,Overture Places 2026-07-22.0,2026-07-22,open
Retail Plaza,51838492-859f-4f88-a8b4-8f290d33deb3,LAZ Parking - Safeco Plaza,1001 4th Ave,Seattle,WA,98154,47.6064338684082,-122.333251953125,Overture Places 2026-07-22.0,2026-07-22,open
Retail Plaza,ef5607cc-13e5-4e6d-8041-5b6739bbe5af,Mercy Othello Plaza,6940 Martin Luther King Jr Way S,Seattle,WA,98118-3559,47.53958511352539,-122.28217315673828,Overture Places 2026-07-22.0,2026-07-22,open
Retail Plaza,c3e79047-5b29-4d51-b55a-5390ca3ea536,Northgate Plaza,11030 5th Ave NE,Seattle,WA,98125-6143,47.70958709716797,-122.32259368896484,Overture Places 2026-07-22.0,2026-07-22,open
Retail Plaza,ace29f74-82b4-41fb-a61d-55621b57bc81,Optum - Northgate Plaza Imaging,9709 3rd Ave NE,Seattle,WA,98115,47.699275970458984,-122.32593536376953,Overture Places 2026-07-22.0,2026-07-22,open
Retail Plaza,db05543a-a548-4d29-8791-c5f11ea3ed63,Optum - Northgate Plaza Lab,9709 3rd Ave NE,Seattle,WA,98115,47.699275970458984,-122.32593536376953,Overture Places 2026-07-22.0,2026-07-22,open
Retail Plaza,775bff1f-7319-41e0-8665-72282acd99b6,Park Plaza Motel,4401 Aurora Ave N,Seattle,WA,98103-7311,47.66021728515625,-122.3477554321289,Overture Places 2026-07-22.0,2026-07-22,open
Retail Plaza,787e435e-d699-4e28-8dcb-05fba5b8697c,Parkview Plaza Condominiums,1101 Seneca St,Seattle,WA,98101-2855,47.61079025268555,-122.32605743408203,Overture Places 2026-07-22.0,2026-07-22,open
Retail Plaza,ef0ba788-7022-407e-b71e-5005eeee008c,Plaza 45,4511 8th Ave NE,Seattle,WA,98105,47.661659240722656,-122.319580078125,Overture Places 2026-07-22.0,2026-07-22,open
Retail Plaza,0ae063bb-e7e9-4254-b66f-5786148452e2,Plaza Barber Shop,9747 Holman Rd NW,Seattle,WA,98117-2042,47.70123291015625,-122.36450958251953,Overture Places 2026-07-22.0,2026-07-22,open
Retail Plaza,3ae06485-2cc4-47fa-8de5-7ab01cb13d76,Plaza Del Sol Condominiums,1711 E Olive Way,Seattle,WA,98102-5611,47.61967086791992,-122.3231430053711,Overture Places 2026-07-22.0,2026-07-22,open
Retail Plaza,f8a18827-3732-43bf-8bc1-032128745241,Plaza Garibaldi,129 1st Ave N,Seattle,WA,98109-4902,47.61942672729492,-122.3555908203125,Overture Places 2026-07-22.0,2026-07-22,open
Retail Plaza,5c5fbadf-bbb5-4656-95e0-c7acea8e6f22,Plaza Roberto Maestas Food Vendors,1660 S Roberto Maestas Festival St,Seattle,WA,98144-2718,47.57973861694336,-122.31147003173828,Overture Places 2026-07-22.0,2026-07-22,open
Retail Plaza,b0afc86e-940f-450c-9dce-5851adc73fa0,Plaza Royale,1001 Queen Anne Ave N,Seattle,WA,98109-3644,47.628238677978516,-122.35697937011719,Overture Places 2026-07-22.0,2026-07-22,open
Retail Plaza,e292f386-82ee-45f3-8338-bc9f017aaa32,Plaza Select Foods,1024 Madison St,Seattle,WA,98104-1243,47.60930252075195,-122.32563018798828,Overture Places 2026-07-22.0,2026-07-22,open
Retail Plaza,ae51a3b8-7e96-4d4c-b24c-bc58ce2a81dd,Puget Sound Plaza,1325 4th Ave,Seattle,WA,98101-1198,47.60881042480469,-122.33567810058594,Overture Places 2026-07-22.0,2026-07-22,open
Retail Plaza,7c49421d-2a72-4124-8a1c-ba2dfd9d0798,Puget Sound Plaza / Cobb Garage,324 University St,Seattle,WA,98101,47.60776138305664,-122.3357162475586,Overture Places 2026-07-22.0,2026-07-22,open
Retail Plaza,57a83aba-b8a8-41e7-9400-181fdbecb93a,Rainier Plaza,3756 Rainier Ave S,Seattle,WA,98144-6989,47.57001876831055,-122.29051208496094,Overture Places 2026-07-22.0,2026-07-22,open
Retail Plaza,60da3def-34dd-4efd-9ba8-5c74f8c2d3ea,Rainier Square Plaza,3820 Rainier Ave S,Seattle,WA,98118,47.56910705566406,-122.2884750366211,Overture Places 2026-07-22.0,2026-07-22,open
Retail Plaza,a020d926-79a0-4a06-abde-59e3dc4c3900,Regus - Seattle Gem Plaza,221 1st Ave W Ste 200,Seattle,WA,98119,47.62051773071289,-122.35831451416016,Overture Places 2026-07-22.0,2026-07-22,open
Retail Plaza,eb2547ee-e06a-45fb-ad02-ba969dc54900,Regus - Washington Seattle - Plaza 600,600 Stewart Street Belltown Suite 300 and 400,Seattle,WA,98101,47.61396789550781,-122.33711242675781,Overture Places 2026-07-22.0,2026-07-22,open
Retail Plaza,fac87121-5498-47e7-8469-1a80e3471a31,Regus Seattle - Bank of America Plaza,800 Fifth Avenue Seafirst Fifth Avenue Plaza Suite 4100,Seattle,WA,98104,47.60562515258789,-122.33092498779297,Overture Places 2026-07-22.0,2026-07-22,open
Retail Plaza,cca2cbb7-bee5-4c63-ae88-ea1306ccf70d,Safeco Plaza,1001 4th Ave,Seattle,WA,98154-1000,47.60612869262695,-122.33387756347656,Overture Places 2026-07-22.0,2026-07-22,open
Retail Plaza,14e6854c-03df-4512-aa63-136d75cc15af,Seattles Best Coffee - Retail Cafes Downtown Seattle Pacific Plaza,1100 4th Ave,Seattle,WA,98101,47.607078552246094,-122.33341979980469,Overture Places 2026-07-22.0,2026-07-22,open
Retail Plaza,6d60043f-2afc-4eff-ad3c-b840fb20ffa1,South Park Plaza (in development),8456 Dallas Ave S,Seattle,WA,98108,47.52784729003906,-122.31537628173828,Overture Places 2026-07-22.0,2026-07-22,open
Retail Plaza,695565ff-e705-459c-8014-4b546c2423cf,The Polyclinic Northgate Plaza,9709 3rd Ave NE,Seattle,WA,98115,47.699058532714844,-122.32691192626953,Overture Places 2026-07-22.0,2026-07-22,open
Retail Plaza,94822a4e-99b6-4cbb-9eee-9549884086a5,UWMC Plaza Cafe,1959 Northeast Pacific Street SW-110,Seattle,WA,98195,47.64942932128906,-122.30780792236328,Overture Places 2026-07-22.0,2026-07-22,open
Retail Plaza,3347b96d-fb27-486b-843f-365a568f8701,Union Plaza Apartments,1310 Minor Ave,Seattle,WA,98101-2878,47.613136291503906,-122.32649993896484,Overture Places 2026-07-22.0,2026-07-22,open
Retail Plaza,0b03dedf-ee28-4c13-9a8d-718ed5a2f52d,University Heights Plaza,5001 University Way NE,Seattle,WA,98105,47.66521453857422,-122.31307983398438,Overture Places 2026-07-22.0,2026-07-22,open
Retail Plaza,06db2f0b-7338-4839-907e-097430c871f8,University Plaza Condominium,4540 8th Ave NE,Seattle,WA,98105-1700,47.66290283203125,-122.3190689086914,Overture Places 2026-07-22.0,2026-07-22,open
Retail Plaza,b24607aa-2fa7-4902-90a4-2028814bf526,Welch Plaza,421 23rd Ave S,Seattle,WA,98144-2389,47.59846115112305,-122.30233001708984,Overture Places 2026-07-22.0,2026-07-22,open
Retail Plaza,2e5f88f5-27d5-442a-a450-86322d244c1e,White Center Plaza,9651 15th Ave SW,Seattle,WA,98106-2821,47.51572036743164,-122.3543472290039,Overture Places 2026-07-22.0,2026-07-22,open
Retail Village,69481e4f-3e12-4424-b2a6-5dfb347495a1,Aki Kurose Village,11506 Stone Ave N,Seattle,WA,98133,47.712646484375,-122.34186553955078,Overture Places 2026-07-22.0,2026-07-22,open
Retail Village,4e6c2298-cd4f-4b16-8268-dfd82e851af9,Ba Bar University Village,2685 NE 46th St,Seattle,WA,98105-5041,47.66177749633789,-122.29803466796875,Overture Places 2026-07-22.0,2026-07-22,open
Retail Village,78156d3f-6180-40db-b978-17b1a6524c82,Bamboo Village,4900 Stone Way N,Seattle,WA,98103-6763,47.664554595947266,-122.3404312133789,Overture Places 2026-07-22.0,2026-07-22,open
Retail Village,cc09e932-704d-4f70-b584-6823451c75e7,Bank of America Financial Center & Walk-Up ATM | University Village,4622 25th Ave NE,Seattle,WA,98105,47.662315368652344,-122.30042266845703,Overture Places 2026-07-22.0,2026-07-22,open
Retail Village,57f877e8-d4a9-4882-a38a-872e8f04e8d1,Bank of America Walk-Up ATM | Manhattan Village,17857 First Ave S,Seattle,WA,98148,47.441741943359375,-122.33466339111328,Overture Places 2026-07-22.0,2026-07-22,open
Retail Village,43293ba9-2986-44e7-99aa-fdf9737583ab,Beacon Pacific Village Apartments,935 Golf Dr S,Seattle,WA,98144,47.59319305419922,-122.31625366210938,Overture Places 2026-07-22.0,2026-07-22,open
Retail Village,21e04ac5-743c-4564-b589-cac0dc4df69f,Bitter Lake Village Condo,13201 Linden Ave N,Seattle,WA,98133-7526,47.725791931152344,-122.34898376464844,Overture Places 2026-07-22.0,2026-07-22,open
Retail Village,fe6ee66f-f209-4dca-a234-60015125fb30,Blakeley Village,4747 30th Ave NE,Seattle,WA,98105-4030,47.66504669189453,-122.29731750488281,Overture Places 2026-07-22.0,2026-07-22,open
Retail Village,29beb396-fd38-4e49-a46c-d83b7a893da5,Bloomie's University Village,2604 NE University Village St,Seattle,WA,98105-5015,47.66389846801758,-122.29969787597656,Overture Places 2026-07-22.0,2026-07-22,open
Retail Village,4b33cf3a-fc66-4bcd-976a-8d3219fb1138,Bright Horizons at University Village,2688 NE University Village St,Seattle,WA,98105-5023,47.6634407043457,-122.29777526855469,Overture Places 2026-07-22.0,2026-07-22,open
Retail Village,7bdde190-5a6b-40b9-9a54-a0a9c47b3efc,Chen's Village,544 Elliott Ave W,Seattle,WA,98119,47.623992919921875,-122.3650131225586,Overture Places 2026-07-22.0,2026-07-22,open
Retail Village,74d1b470-5a96-4a82-9c0f-8c7e2238d6c0,Cherry Street Village,720 25th Ave,Seattle,WA,98122-4902,47.608680725097656,-122.29981231689453,Overture Places 2026-07-22.0,2026-07-22,open
Retail Village,f78bad51-1efb-4f16-baf6-94aab4dd7410,Coastal Villages Crab LLC,1143 NW 45th St,Seattle,WA,98107-4627,47.661224365234375,-122.37199401855469,Overture Places 2026-07-22.0,2026-07-22,open
Retail Village,4af91007-95eb-485b-9b07-a97214dbcb77,Coastal Villages Crab Llc,1801 Fairview Ave E  Ste 300,Seattle,WA,98102-3717,47.63559341430664,-122.3279037475586,Overture Places 2026-07-22.0,2026-07-22,open
Retail Village,975b8854-bcb5-4708-934e-da6faf329501,Crown Hill Village Association,9250 14th Ave NW,Seattle,WA,98117-2306,47.697296142578125,-122.37374877929688,Overture Places 2026-07-22.0,2026-07-22,open
Retail Village,21bb58a3-f965-4cff-9f81-9264b39fb38a,Daystar Retirement Village,2615 SW Barton St,Seattle,WA,98126,47.520774841308594,-122.36705017089844,Overture Places 2026-07-22.0,2026-07-22,open
Retail Village,d6a9db06-efaa-4455-aca2-e7ca4cd82b94,Eagle Village,1511 6th Ave S,Seattle,WA,98134-1630,47.589805603027344,-122.32615661621094,Overture Places 2026-07-22.0,2026-07-22,open
Retail Village,9e4f2749-3428-4c7d-ba50-c93fda58a8d7,Ethiopian Village,8323 Rainier Ave S,Seattle,WA,98118-4532,47.52838134765625,-122.27039337158203,Overture Places 2026-07-22.0,2026-07-22,open
Retail Village,4e5d9655-253e-44f3-8149-d2ef46fe094b,Eye Clinic of University Village,5116 25th Ave NE,Seattle,WA,98105-4121,47.667144775390625,-122.30028533935547,Overture Places 2026-07-22.0,2026-07-22,open
Retail Village,35905a37-a28f-4917-95c4-b9343e3fe706,Filipino Community Village,5727 37th Ave S,Seattle,WA,98118-2621,47.55035400390625,-122.28670501708984,Overture Places 2026-07-22.0,2026-07-22,open
Retail Village,9abea191-1fb5-4f6d-acef-99431e0296bd,Foss Home & Village,13023 Greenwood Ave N,Seattle,WA,98133,47.723934173583984,-122.356689453125,Overture Places 2026-07-22.0,2026-07-22,open
Retail Village,f5c2f78a-1ba4-47ee-b17b-cee011a95da5,Frankie & Jo's University Village,4619 Village Ter NE,Seattle,WA,98105,47.662010192871094,-122.29884338378906,Overture Places 2026-07-22.0,2026-07-22,open
Retail Village,9cde3796-477b-47be-a3d1-44a64da841fe,Gingerbread Village,1400 6th Ave,Seattle,WA,98101-2318,47.610504150390625,-122.33351135253906,Overture Places 2026-07-22.0,2026-07-22,open
Retail Village,1a3d9933-941f-4d86-9ff2-2bd2d327f976,Green Lake Village,427 NE 72nd St,Seattle,WA,98115,47.68072509765625,-122.3236083984375,Overture Places 2026-07-22.0,2026-07-22,open
Retail Village,084ec362-63f6-40a2-b747-741714c6df72,Greentree Village Condominium,13741 15th Ave NE,Seattle,WA,98125-3124,47.729522705078125,-122.31343078613281,Overture Places 2026-07-22.0,2026-07-22,open
Retail Village,c3375ae2-5465-4ac6-822f-46aa268ff663,Guatemala Village Health,600 1st Ave,Seattle,WA,98104,47.6021728515625,-122.33351135253906,Overture Places 2026-07-22.0,2026-07-22,open
Retail Village,16231780-a5f5-4648-a815-ebbe7f5079b4,Happy Lemon U Village,2630 NE Village Ln,Seattle,WA,98105,47.662410736083984,-122.29865264892578,Overture Places 2026-07-22.0,2026-07-22,open
Retail Village,e920c321-bd9d-4fa9-b2d4-b2a276f879d4,Hidden Creek Village,13751 32nd Ave NE,Seattle,WA,98125-3647,47.729496002197266,-122.29442596435547,Overture Places 2026-07-22.0,2026-07-22,open
Retail Village,6e8a518e-1899-433b-8380-8aa58379a29e,Həʔapus Village Park and Shoreline Habitat,4500 Duwamish River Trl,Seattle,WA,98106,47.558860778808594,-122.35120391845703,Overture Places 2026-07-22.0,2026-07-22,open
Retail Village,747a535b-dbc1-4c7a-bb02-e7276ec8133b,IanFitness U-Village,5000 30th Ave NE,Seattle,WA,98105,47.66515350341797,-122.29521179199219,Overture Places 2026-07-22.0,2026-07-22,open
Retail Village,4e085283-a144-4323-a692-bb4ab7afeca5,InSpa - University Village,2641 NE University Village St,Seattle,WA,98105,47.66262435913086,-122.29866790771484,Overture Places 2026-07-22.0,2026-07-22,open
Retail Village,2fb98d22-3f18-4ad2-a469-bac5f07b4c06,It Takes A Village Learning Development Center,5123 S Cloverdale Pl,Seattle,WA,98118-4710,47.5265007019043,-122.26908111572266,Overture Places 2026-07-22.0,2026-07-22,open
Retail Village,6da2d89f-0b02-4d47-9da6-d91a97bacdcc,JOEY U-Village,2603 NE 46th St,Seattle,WA,98105-5041,47.661537170410156,-122.29988861083984,Overture Places 2026-07-22.0,2026-07-22,open
Retail Village,34785ba6-6661-437b-bd04-cc5de7513e90,Jackson Park village,14340 30th Ave NE,Seattle,WA,98125,47.732505798339844,-122.29641723632812,Overture Places 2026-07-22.0,2026-07-22,open
Retail Village,34101dee-8b95-4d46-b042-fe3331dda8f1,Kinetic Village,2550 3rd Ave,Seattle,WA,98121-1410,47.616573333740234,-122.3473129272461,Overture Places 2026-07-22.0,2026-07-22,open
Retail Village,f805c381-bed8-4baf-8600-7db80e661c44,Kubota Village,9730 Renton Ave S,Seattle,WA,98118-5722,47.514007568359375,-122.26502227783203,Overture Places 2026-07-22.0,2026-07-22,open
Retail Village,6d1246f5-3481-4965-96eb-f626cdfb5d0d,Laurie's Village Salon,3214 W McGraw St,Seattle,WA,98199-3239,47.63969421386719,-122.39910125732422,Overture Places 2026-07-22.0,2026-07-22,open
Retail Village,4bfed50d-0e11-47b8-a14c-32f477550626,Le Petit Village French Immersion School,2623 S Avon Crest Pl,Seattle,WA,98108-3612,47.53926467895508,-122.2979965209961,Overture Places 2026-07-22.0,2026-07-22,open
Retail Village,41f64541-b26a-46f8-a902-f10c3cdff6e4,Lucid Studio University Village,2624 NE University Village St.,Seattle,WA,98105,47.663330078125,-122.29886627197266,Overture Places 2026-07-22.0,2026-07-22,open
Retail Village,c938cbbe-a406-484d-a049-49348ded6f16,Magnolia Village Barber Shop,2229 32nd Ave W,Seattle,WA,98199-4043,47.63916778564453,-122.39856719970703,Overture Places 2026-07-22.0,2026-07-22,open
Retail Village,5c1d09e5-7f59-4379-a378-97de6cac4498,Magnolia Village Pub,3221 W McGraw St,Seattle,WA,98199-3207,47.63947677612305,-122.39933013916016,Overture Places 2026-07-22.0,2026-07-22,open
Retail Village,eba11fa0-2b54-42b8-b70c-e57b90ac0744,Mekong Village,12020 Aurora Ave N,Seattle,WA,98133-8250,47.71669006347656,-122.34452056884766,Overture Places 2026-07-22.0,2026-07-22,open
Retail Village,70132eed-7b90-46cc-8bcf-52eb73516832,Mochinut UVillage,4609 Village Ct NE,Seattle,WA,98105,47.661949157714844,-122.29933166503906,Overture Places 2026-07-22.0,2026-07-22,open
Retail Village,f002e4e5-9af4-44d1-b716-45e1a6bc6c6b,Moon Village Bakery,7418 S 126th St,Seattle,WA,98178-4350,47.4912223815918,-122.24082946777344,Overture Places 2026-07-22.0,2026-07-22,open
Retail Village,282786dc-bd46-420d-8f99-7dab6f480876,Mt Baker Village Apartments,2900 S McClellan St,Seattle,WA,98144-5500,47.57854080200195,-122.29505920410156,Overture Places 2026-07-22.0,2026-07-22,open
Retail Village,6097720c-e572-44d7-8ab6-a35a51da3a05,New Golden Village Market,9810 14th Ave SW,Seattle,WA,98106-2816,47.515098571777344,-122.35252380371094,Overture Places 2026-07-22.0,2026-07-22,open
Retail Village,849272d6-55d1-42b1-93c0-612921953ebc,Northpark Village Apartments,10545 Greenwood Ave N,Seattle,WA,98133,47.70638656616211,-122.35578918457031,Overture Places 2026-07-22.0,2026-07-22,open
Retail Village,f526e73e-9bb3-43cd-9875-3b71a45e66f1,Oak Tree Village Laundry,10002 Aurora Ave N,Seattle,WA,98133-9347,47.70241165161133,-122.34403991699219,Overture Places 2026-07-22.0,2026-07-22,open
Retail Village,24aa1229-7cd8-4505-86b8-1125daed2118,Ornach village,4245 8th Ave NE,Seattle,WA,98105-6089,47.6588134765625,-122.31997680664062,Overture Places 2026-07-22.0,2026-07-22,open
Retail Village,382d411a-047a-4f04-9f11-53239f83b0ed,Othello Village,7544 Martin Luther King Jr Way S,Seattle,WA,98118-3735,47.53398895263672,-122.28040313720703,Overture Places 2026-07-22.0,2026-07-22,open
Retail Village,a385154d-cf97-4965-9e8a-60fab4a13bdb,Pcc Community Markets - Green Lake Village Co-op,450 NE 71st St,Seattle,WA,98115-5464,47.68026351928711,-122.32342529296875,Overture Places 2026-07-22.0,2026-07-22,open
Retail Village,6e7ef220-c316-4f34-9167-fd649ad4de6a,Piper Village,202 N 85th St,Seattle,WA,98103,47.69078826904297,-122.35649108886719,Overture Places 2026-07-22.0,2026-07-22,open
Retail Village,808cd031-4823-4f59-8716-b71f29611079,RH Seattle | The Gallery at University Village,4645 26th Ave NE,Seattle,WA,98105,47.663002014160156,-122.3000717163086,Overture Places 2026-07-22.0,2026-07-22,open
Retail Village,d9a4b437-3b1b-4f39-9675-143c28b1e6a6,Restore Hyper Wellness- Seattle Washington- University Village,4610 25th Ave NE,Seattle,WA,98105,47.66210174560547,-122.30020141601562,Overture Places 2026-07-22.0,2026-07-22,open
Retail Village,786453fb-c08e-400b-bf88-915a93004f9f,Shake Shack University Village,2580 NE University Village St,Seattle,WA,98105-5020,47.663421630859375,-122.29964447021484,Overture Places 2026-07-22.0,2026-07-22,open
Retail Village,7d9fb495-4291-46b9-98da-55f3016eb51d,Slice Box Pizza - Magnolia Village,3213 W McGraw St,Seattle,WA,98199-3207,47.63936996459961,-122.39907836914062,Overture Places 2026-07-22.0,2026-07-22,open
Retail Village,ab755fd5-b546-4811-a0af-0746018b5340,Snowy Village,5264 University Way NE,Seattle,WA,98105-3519,47.66823196411133,-122.31293487548828,Overture Places 2026-07-22.0,2026-07-22,open
Retail Village,9644aba1-4dd6-4761-8a43-7af1487c3bc8,Spherion Staffing & Recruiting | Seattle University Village,3615 NE 45th St,Seattle,WA,98105-5642,47.660911560058594,-122.28861999511719,Overture Places 2026-07-22.0,2026-07-22,open
Retail Village,fb414e19-2091-4ccb-9471-da28049a9256,Sport Clips Haircuts of West Seattle - Westwood Village,2700 SW Barton St,Seattle,WA,98126,47.52250289916992,-122.367431640625,Overture Places 2026-07-22.0,2026-07-22,open
Retail Village,6a0d9551-5016-4a2d-b305-52a347a21cae,Sport Clips Haircuts of West Seattle - Westwood Village,2700 SW Barton Street E6,Seattle,WA,98126,47.549339294433594,-122.3741455078125,Overture Places 2026-07-22.0,2026-07-22,open
Retail Village,8517850b-90a0-49c5-befa-a9064c4c688e,Tabletop Village,616 8th Ave S,Seattle,WA,98104-3005,47.596923828125,-122.32198333740234,Overture Places 2026-07-22.0,2026-07-22,open
Retail Village,29b3eb98-58da-488f-ab27-d4f75faa9d08,Ten Thousand Villages,6417 Roosevelt Way NE,Seattle,WA,98115,47.675209045410156,-122.31737518310547,Overture Places 2026-07-22.0,2026-07-22,open
Retail Village,91221589-8e44-4ec8-940d-1d7bb3e7dd2d,Terrata Homes - Skyway Village,13036 75th Pl S,Seattle,WA,98178,47.48591995239258,-122.23975372314453,Overture Places 2026-07-22.0,2026-07-22,open
Retail Village,7392bc5f-68c7-4fa2-91df-bcff7f129621,Tesla Seattle University Village,2627 NE 46th St,Seattle,WA,98105-5041,47.661556243896484,-122.29918670654297,Overture Places 2026-07-22.0,2026-07-22,open
Retail Village,22074374-49c8-4e0b-9cea-cffb8a566c9c,The Sedges at Piper Village,8623 Palatine Ave N,Seattle,WA,98103,47.691627502441406,-122.35709381103516,Overture Places 2026-07-22.0,2026-07-22,open
Retail Village,16ef807c-1aec-4540-98c9-14143ca389ea,The Village of Hope,605 SW 108th St,Seattle,WA,98146-2229,47.50640869140625,-122.34290313720703,Overture Places 2026-07-22.0,2026-07-22,open
Retail Village,db304a2e-948a-4346-9c32-7a3ae47c1aae,The Village of Hope,9421 18th Ave SW,Seattle,WA,98106,47.51862716674805,-122.3581314086914,Overture Places 2026-07-22.0,2026-07-22,open
Retail Village,85e23428-80ac-4cd5-89ed-ccb723c7f67d,Tillicum Village And Tours Inc.,801 Alaskan Way,Seattle,WA,98104-1410,47.60268783569336,-122.33877563476562,Overture Places 2026-07-22.0,2026-07-22,open
Retail Village,0142c6ad-058e-48c6-aafa-a3165d57a28d,Tiny homes Village - Georgetown,1020 S Myrtle St,Seattle,WA,98108-3526,47.53957748413086,-122.31940460205078,Overture Places 2026-07-22.0,2026-07-22,open
Retail Village,d4b0e30b-0332-45a6-a61c-093ac181fb7d,TruFusion University Village,2694 NE 49th St.,Seattle,WA,98105,47.66427230834961,-122.29786682128906,Overture Places 2026-07-22.0,2026-07-22,open
Retail Village,ef71d83a-72af-40b8-9526-a5cd3cf89502,Tutta Bella University Village,2746 NE 45th St Inside QFC,Seattle,WA,98105,47.66214370727539,-122.29701232910156,Overture Places 2026-07-22.0,2026-07-22,open
Retail Village,61e95857-f3d3-4a1e-8949-7e282688daff,U Village,2673 NE University Village St,Seattle,WA,98105-5006,47.66233444213867,-122.29876708984375,Overture Places 2026-07-22.0,2026-07-22,open
Retail Village,97d4bca2-7d7b-4365-9802-72e35af74b9e,U Village General Dentistry,4530 Union Bay Pl NE Ste 207,Seattle,WA,98105,47.66162109375,-122.2931900024414,Overture Places 2026-07-22.0,2026-07-22,open
Retail Village,0eb18440-d33d-4d61-b487-13fc815dbd16,UW Children's Center at Laurel Village,4200 Mary Gates Memorial Dr NE,Seattle,WA,98105-5600,47.65999221801758,-122.29039764404297,Overture Places 2026-07-22.0,2026-07-22,open
Retail Village,21d71560-7d61-49de-9b1c-938f8e89e990,Unity Village,1318 SW 100th St,Seattle,WA,98146-2856,47.514225006103516,-122.35151672363281,Overture Places 2026-07-22.0,2026-07-22,open
Retail Village,93a27d0f-b772-4ff9-ae78-1a46dff9308f,University Village,2623 NE University Village St,Seattle,WA,98105-5034,47.66167449951172,-122.29903411865234,Overture Places 2026-07-22.0,2026-07-22,open
Retail Village,c0d685e1-3a89-405d-898d-ea05635fa444,University Village,4518 Union Bay Place Ne,Seattle,WA,98105,47.661861419677734,-122.29313659667969,Overture Places 2026-07-22.0,2026-07-22,open
Retail Village,96a833f3-0ad8-481f-8342-48017c8fbaee,University Village Florist,"5401 25th Ave NE #B",Seattle,WA,98105,47.66824722290039,-122.3006362915039,Overture Places 2026-07-22.0,2026-07-22,open
Retail Village,d5265dac-e725-4a0b-94c9-9371030afa6c,University Village Fountain,2602 NE University Village St,Seattle,WA,98105,47.66367721557617,-122.29944610595703,Overture Places 2026-07-22.0,2026-07-22,open
Retail Village,889a076b-5161-4fac-8d57-3d1c1ff8af25,University Village Optical,5114 25th Ave NE,Seattle,WA,98105,47.667110443115234,-122.30039978027344,Overture Places 2026-07-22.0,2026-07-22,open
Retail Village,5665227b-35e3-4da3-bc4a-bc588b452736,University Village Parking Lot,2623 NE University Village St,Seattle,WA,98105,47.662750244140625,-122.2992172241211,Overture Places 2026-07-22.0,2026-07-22,open
Retail Village,5fa2af62-14f0-4353-b2bb-657ed04afd59,Uwajimaya Village Apartments,521 S Weller St,Seattle,WA,98104-4400,47.59728240966797,-122.32707214355469,Overture Places 2026-07-22.0,2026-07-22,open
Retail Village,019b0e8f-f786-4608-9bd8-91df05aaa85d,Value Village,12548 Lake City Way NE,Seattle,WA,98125,47.720516204833984,-122.29393005371094,Overture Places 2026-07-22.0,2026-07-22,open
Retail Village,dfa794ca-b8cb-456b-967c-b3df52cfc207,Value Village,8532 15th Ave NW,Seattle,WA,98117,47.69091796875,-122.37679290771484,Overture Places 2026-07-22.0,2026-07-22,open
Retail Village,3be9445e-a680-49c4-9b30-e76e55e6934e,Varsity Village,5011 Ravenna Ave NE,Seattle,WA,98105-4116,47.665496826171875,-122.30377197265625,Overture Places 2026-07-22.0,2026-07-22,open
Retail Village,ae3d98f4-1b19-442b-947e-eb188a536bac,Village AutoCare & Tires,2724 NE 45th St,Seattle,WA,98105-5022,47.661468505859375,-122.29740905761719,Overture Places 2026-07-22.0,2026-07-22,open
Retail Village,2aca322d-7c44-4651-810f-fe07237874ba,Village Bicycle Project,1915 11th Ave E,Seattle,WA,98102-4218,47.63639831542969,-122.31828308105469,Overture Places 2026-07-22.0,2026-07-22,open
Retail Village,c9aa6933-f898-4fbf-ae87-f2ff0c5b512c,Village Cove,6860 Woodlawn Ave NE,Seattle,WA,98115,47.67750930786133,-122.32671356201172,Overture Places 2026-07-22.0,2026-07-22,open
Retail Village,fdb1e40c-c738-4296-b2c6-16a513c3621a,Village Fitness Seattle,3111 W McGraw St,Seattle,WA,98199-3361,47.639305114746094,-122.39765167236328,Overture Places 2026-07-22.0,2026-07-22,open
Retail Village,b24a64f8-bf4a-4f39-8a6d-f07e6a674c61,Village Green Perennials,10223 26th Ave SW,Seattle,WA,98146,47.5115966796875,-122.36629486083984,Overture Places 2026-07-22.0,2026-07-22,open
Retail Village,8761652e-8594-460e-9616-8164d032298d,Village Green West Seattle,2615 SW Barton St,Seattle,WA,98126-3900,47.520145416259766,-122.36698150634766,Overture Places 2026-07-22.0,2026-07-22,open
Retail Village,4f33769b-40a9-479b-abbb-11fd199ea762,Village Homes,6765 37th Ave S,Seattle,WA,98118,47.54115295410156,-122.28672790527344,Overture Places 2026-07-22.0,2026-07-22,open
Retail Village,b3975069-4249-40e6-a162-6bea351a0f18,Village Interiors,217 S Findlay St,Seattle,WA,98108-2427,47.552574157714844,-122.33143615722656,Overture Places 2026-07-22.0,2026-07-22,open
Retail Village,6c0f3071-0266-491e-a53d-a7d2913378e1,Village Kids Dentistry,5101 25th Ave NE,Seattle,WA,98105-3201,47.667022705078125,-122.30078125,Overture Places 2026-07-22.0,2026-07-22,open
Retail Village,8f0cd104-7727-48b9-a2ef-c3f44c9cdd48,Village Kitchen,8811 Roosevelt Way NE,Seattle,WA,98115-3028,47.69257354736328,-122.31794738769531,Overture Places 2026-07-22.0,2026-07-22,open
Retail Village,d9b066e2-59e4-4ce9-aa03-0e45962a815f,Village Mart,2811 E Madison St,Seattle,WA,98112-4869,47.62361526489258,-122.2955093383789,Overture Places 2026-07-22.0,2026-07-22,open
Retail Village,9154b0ee-8038-4af9-81ec-53b549cab6db,Village Maternity,2615 NE University Village St,Seattle,WA,98105-5006,47.66271209716797,-122.29931640625,Overture Places 2026-07-22.0,2026-07-22,open
Retail Village,4b4eeaca-0560-47d8-9c21-f817d24603f8,Village Medicine Seattle,5600 14th Ave NW,Seattle,WA,98107-3723,47.669525146484375,-122.37320709228516,Overture Places 2026-07-22.0,2026-07-22,open
Retail Village,686aae46-169c-478c-aac1-103ced1cda26,Village Physical Therapy LLC,5417 Ivanhoe Pl NE,Seattle,WA,98105,47.667720794677734,-122.27348327636719,Overture Places 2026-07-22.0,2026-07-22,open
Retail Village,f65be46d-7b9b-45b7-a32b-acc2d13b15d8,Village Sushi,5211 University Way NE,Seattle,WA,98105-3546,47.666831970214844,-122.313232421875,Overture Places 2026-07-22.0,2026-07-22,open
Retail Village,0a1af4a4-5ce8-464c-acdc-b01ba8f3c9c4,Village Volunteers, 643 P.O. Box  WA ,Seattle,WA,98043,47.652610778808594,-122.31011962890625,Overture Places 2026-07-22.0,2026-07-22,open
Retail Village,214abd31-ccf7-4aed-9e37-49f4fb6f0c07,Village Wellness & Birth Center,6300 9th Ave NE Ste 300,Seattle,WA,98115,47.67448806762695,-122.3191146850586,Overture Places 2026-07-22.0,2026-07-22,open
Retail Village,523b4e5a-8e1c-436c-83f4-626f6151bcfb,Village Witch Therapy,5425 Rainier Ave S,Seattle,WA,98118-2455,47.55278015136719,-122.27896118164062,Overture Places 2026-07-22.0,2026-07-22,open
Retail Village,f3420bed-b49a-46e9-b39a-4874141b7546,VillageReach,210 S Hudson St Ste 307,Seattle,WA,98134,47.5573844909668,-122.33137512207031,Overture Places 2026-07-22.0,2026-07-22,open
Retail Village,bcb74fc7-e84f-4adf-8a60-677e7c308550,Virginia Mason University Village Medical Center,2671 NE 46th St,Seattle,WA,98105-5041,47.661563873291016,-122.29829406738281,Overture Places 2026-07-22.0,2026-07-22,open
Retail Village,0d0d7ddd-636b-412c-a323-7b7905c7f740,Westwood Village,2600 SW Barton St,Seattle,WA,98126-3765,47.52272033691406,-122.36697387695312,Overture Places 2026-07-22.0,2026-07-22,open
Retail Village,e782b064-3d40-434b-a7f8-c0063e7066ac,Westwood Village - GameStop,2600 SW Barton St D1,Seattle,WA,98126,47.52225875854492,-122.36698913574219,Overture Places 2026-07-22.0,2026-07-22,open
Retail Village,f0d2d645-819e-433f-9d5b-5e3b9c0b8ab4,Wider Horizons Village,1145 10th Ave E,Seattle,WA,98102-2042,47.630245208740234,-122.3209228515625,Overture Places 2026-07-22.0,2026-07-22,open
Retail Village,98bd3dfa-1bfa-4a9c-9bfc-a361c98ad167,Yen Wor Village,2300 California Ave SW,Seattle,WA,98116-2403,47.582759857177734,-122.3860855102539,Overture Places 2026-07-22.0,2026-07-22,open
Retail Village,72f8881f-3d00-46ec-9ffe-a1e3cc2b3139,glassybaby university village,2627 NE University Village St,Seattle,WA,98105,47.66221618652344,-122.29889678955078,Overture Places 2026-07-22.0,2026-07-22,open
Retail Village,dfb73546-f18d-4ab9-9de5-a9c45d2271c8,glassybaby university village,2627 NE Village Ln,Seattle,WA,98105,47.660400390625,-122.28071594238281,Overture Places 2026-07-22.0,2026-07-22,open
Shopping Center,9a541bbe-82dc-48bf-bcb7-549da06b8e27,Empire Way Shopping Center,6008 Martin Luther King Jr Way S,Seattle,WA,98118-3142,47.54624938964844,-122.28507995605469,Overture Places 2026-07-22.0,2026-07-22,open
Shopping Center,9f5fd77a-23ad-490b-84fb-85361346a201,Oak Tree Village Shopping Center,10002 Aurora Ave N,Seattle,WA,98133-9347,47.70260238647461,-122.3432846069336,Overture Places 2026-07-22.0,2026-07-22,open
Shopping Center,f6b76b68-0f5b-42b2-9fd6-e47f48f9c0da,University Village Shopping Center,2685 NE Village Ln,Seattle,WA,98105-5029,47.66212463378906,-122.29804992675781,Overture Places 2026-07-22.0,2026-07-22,open
Mall,b105cb88-b112-4a03-a181-3b95796940bc,North Coast Antique Mall,1206 47th Pl,Seaview,WA,98644-2062,46.3363037109375,-124.05530548095703,Overture Places 2026-07-22.0,2026-07-22,open
Mall,daf0c426-11f4-460b-8650-2b7ef3cbb41c,Ferry St Antique Mall,100 Ferry St,Sedro-Woolley,WA,98284-1409,48.505638122558594,-122.23975372314453,Overture Places 2026-07-22.0,2026-07-22,open
Mall,68258107-176e-4222-a2b8-c22d7e4b902e,Home Comfort Antique Mall,9966 Holtcamp Rd,Sedro-Woolley,WA,98284-8799,48.50196075439453,-122.26579284667969,Overture Places 2026-07-22.0,2026-07-22,open
Marketplace,24cf27c2-a080-4caa-9239-1b0b88a27450,Pioneer Marketplace,100 State St,Sedro-Woolley,WA,98284-1504,48.50364685058594,-122.24005126953125,Overture Places 2026-07-22.0,2026-07-22,open
Retail Village,f9b69bed-7e67-4c7a-93d5-e36e76f7a3ca,Village Concepts of Sedro-Woolley - Country Meadow Village,1501 Collins Rd,Sedro-Woolley,WA,98284-4300,48.496063232421875,-122.27974700927734,Overture Places 2026-07-22.0,2026-07-22,open
Retail Village,e11efd10-21d8-4222-bb26-2e3402e603d1,Park Village I & II,554 S 5th St,Selah,WA,98942-1691,46.64579391479492,-120.53597259521484,Overture Places 2026-07-22.0,2026-07-22,open
Retail Village,da80c809-0cba-45af-810d-b76146e6f9fd,Selah Park and Park Village Apartments,554 S 5th St,Selah,WA,98942-1691,46.64667892456055,-120.53594970703125,Overture Places 2026-07-22.0,2026-07-22,open
Retail Village,b5d9c784-54c9-4168-a1a4-ca982ec0e9c7,Viking Village,114 E 3rd Ave,Selah,WA,98942-1431,46.650875091552734,-120.5286865234375,Overture Places 2026-07-22.0,2026-07-22,open
Retail Plaza,756a6da3-50ab-45b1-9002-82cf2a55d355,Greyhound: Bus Stop - Sequim Village Plaza,609 W Washington St,Sequim,WA,98382,48.07862854003906,-123.11668395996094,Overture Places 2026-07-22.0,2026-07-22,open
Retail Plaza,aad0b7fa-15e8-42a1-aca6-76ee5fc0489a,Plaza Jewelers,511 E Washington St,Sequim,WA,98382-3840,48.07944107055664,-123.09577941894531,Overture Places 2026-07-22.0,2026-07-22,open
Retail Plaza,f17d18a5-3024-4adf-ae52-e1971a2f098f,Sequim Medical Plaza,777 N 5th Ave,Sequim,WA,98382-3080,48.088191986083984,-123.11559295654297,Overture Places 2026-07-22.0,2026-07-22,open
Retail Village,e54b7740-d948-4126-8ee0-caaebd78e87c,Baywood Village Mobile Home Park,90 Baywood Village Rd,Sequim,WA,98382-8151,48.07998275756836,-123.06207275390625,Overture Places 2026-07-22.0,2026-07-22,open
Retail Village,17a0c806-5841-48f4-a338-bdaf858dc312,Sequim Tiny Home Village,261131 US-101,Sequim,WA,98382-6014,48.080474853515625,-123.1758041381836,Overture Places 2026-07-22.0,2026-07-22,open
Retail Village,dd5bdb01-ef9e-4625-aae8-187a3c6fe3f6,Sequim Village Glass,761 Carlsborg Rd,Sequim,WA,98382,48.090267181396484,-123.17289733886719,Overture Places 2026-07-22.0,2026-07-22,open
Retail Village,9d518a01-8764-4c39-a871-ecf72aea3c25,Suncrest Village Retirement Community,251 S 5th Ave,Sequim,WA,98382,48.07832336425781,-123.11366271972656,Overture Places 2026-07-22.0,2026-07-22,open
Retail Village,6a6ab574-761d-447b-b866-59888aa222f9,Sunnyside Village Apartments,300 S Sunnyside Ave,Sequim,WA,98382-3841,48.0772819519043,-123.09950256347656,Overture Places 2026-07-22.0,2026-07-22,open
Retail Village,2b63fa0a-0a62-4c38-b685-38ff73e89e64,The Lodge at Sherwood Village,660 W Evergreen Farm Way,Sequim,WA,98382-5069,48.09349060058594,-123.115966796875,Overture Places 2026-07-22.0,2026-07-22,open
Retail Village,a1d7dae0-375e-492d-a461-ca9803cfa65a,Village Clock Shop,170 E Bell St,Sequim,WA,98382-3853,48.07865905761719,-123.10038757324219,Overture Places 2026-07-22.0,2026-07-22,open
Retail Village,bdc162ce-51d0-45e8-9e7a-6218de5aa4e7,Village Heartbeat,353 Chickadee Ln,Sequim,WA,98382-8578,48.12495040893555,-123.11125183105469,Overture Places 2026-07-22.0,2026-07-22,open
Mall,f8e3c1a2-c4e7-4667-b099-4eaa3b815dab,Arcadia Small Engine Repair,1305 SE Arcadia Rd,Shelton,WA,98584-8359,47.19767761230469,-123.0667495727539,Overture Places 2026-07-22.0,2026-07-22,open
Mall,d65e5e35-cdc3-4632-be8c-220b5d3c01a4,Don Small & Sons Oil,150 W Sanderson Way,Shelton,WA,98584,47.24627685546875,-123.14573669433594,Overture Places 2026-07-22.0,2026-07-22,open
Mall,ddb4f8b0-5f39-4ae0-ae57-a2a6063bb6d8,Mason County Small Farms,303 N 4th St,Shelton,WA,98584-3417,47.2149543762207,-123.1036605834961,Overture Places 2026-07-22.0,2026-07-22,open
Mall,8185589c-6869-406a-b126-f34ca096f41b,SmallTownPapers,927 W Railroad Ave,Shelton,WA,98584-3847,47.21361541748047,-123.11063385009766,Overture Places 2026-07-22.0,2026-07-22,open
Retail Plaza,917f939a-f935-4390-88a0-5348e3126bb9,Hope Plaza/ Plaza Esperanza,1212 Connection St,Shelton,WA,98584-1817,47.21996307373047,-123.11295318603516,Overture Places 2026-07-22.0,2026-07-22,open
Retail Village,055bc4bf-41ee-42dc-a2ce-8339130b46bc,Christmas Village Manufactured Home Community,6 Comet Ln,Shelton,WA,98584-1243,47.231651306152344,-123.11061096191406,Overture Places 2026-07-22.0,2026-07-22,open
Mall,87ce2e24-6ac6-4310-9c55-c0cec8fd9015,Mallory Paint Store,18811 Aurora Ave N,Shoreline,WA,98133-3913,47.76532745361328,-122.34657287597656,Overture Places 2026-07-22.0,2026-07-22,open
Mall,f3bfc31a-80d3-46d8-b595-73322e4354b2,Small G Cleaning Services LLC,18008 15th Ave NE,Shoreline,WA,98155-3829,47.7594108581543,-122.31145477294922,Overture Places 2026-07-22.0,2026-07-22,open
Marketplace,34a43dfd-d851-458d-ac86-32ef0a0ebdeb,Shoreline Marketplace,1201 N 175th St,Shoreline,WA,98133-5064,47.75544738769531,-122.3433837890625,Overture Places 2026-07-22.0,2026-07-22,open
Retail Plaza,b9739a75-9960-409c-9604-797f0a84132e,Gateway Plaza,18336 Aurora Ave N,Shoreline,WA,98133-4526,47.762123107910156,-122.344482421875,Overture Places 2026-07-22.0,2026-07-22,open
Retail Plaza,43b83e7b-6463-47f1-9e61-8188425780b1,Plaza Latina,17034 Aurora Ave N,Shoreline,WA,98133-5345,47.753623962402344,-122.34529113769531,Overture Places 2026-07-22.0,2026-07-22,open
Retail Village,66b6d5b0-f546-4056-b1e8-31660af4e0a2,Aurora Village Mart,20003 Aurora Ave N,Shoreline,WA,98133-3120,47.774383544921875,-122.3465347290039,Overture Places 2026-07-22.0,2026-07-22,open
Retail Village,dfe9d5be-720c-4596-a514-fff24c6b84ff,Aurora Village Medical Dental Center,1207 N 200th St,Shoreline,WA,98133-3200,47.773651123046875,-122.34407806396484,Overture Places 2026-07-22.0,2026-07-22,open
Retail Village,cb9ad0e8-9245-43c6-80a3-0ea2242fbc61,Aurora Village Swift,Aurora Village 1175 N 205th St,Shoreline,WA,98133,47.77431869506836,-122.3408432006836,Overture Places 2026-07-22.0,2026-07-22,open
Retail Village,1bf639ef-a564-43ee-8379-1e77eb4966ce,Aurora Village Transit Center,1524 NW 200th St,Shoreline,WA,98177,47.77455139160156,-122.37794494628906,Overture Places 2026-07-22.0,2026-07-22,open
Retail Village,b0c41cb9-cc45-448a-bc59-5dcdccadcba4,Ballinger Village,20120 Ballinger Way NE,Shoreline,WA,98155-1117,47.77667999267578,-122.31104278564453,Overture Places 2026-07-22.0,2026-07-22,open
Retail Village,f4c532a6-5de8-4952-a0d4-294d556104c8,Children's Village Child Care,19610 20th Ave NE,Shoreline,WA,98155-1380,47.77167892456055,-122.30789947509766,Overture Places 2026-07-22.0,2026-07-22,open
Retail Village,e6d5bb1d-f0a5-42e3-8222-390d2eb81bd6,CoinFlip Bitcoin ATM - Aurora Village Mart (Shoreline),"20003 Aurora Ave N #3120",Shoreline,WA,98133,47.77450180053711,-122.34613800048828,Overture Places 2026-07-22.0,2026-07-22,open
Retail Village,ecbc241f-72f7-4c5a-8ee7-c11a17bf6022,Richmond Village Condominiums,18900 8th Ave NW,Shoreline,WA,98177-3042,47.76639938354492,-122.36614227294922,Overture Places 2026-07-22.0,2026-07-22,open
Retail Village,b1d39dea-ee44-4b2f-9ff4-ba35cbd8df98,Yetgol Old Village Korean BBQ,15200 Aurora Ave N,Shoreline,WA,98133-6138,47.739139556884766,-122.3446044921875,Overture Places 2026-07-22.0,2026-07-22,open
Mall,17169a82-929a-4983-91f4-d61fe73f020e,Cinnabon Kitsap Mall,10315 Silverdale Way NW,Silverdale,WA,98383-7562,47.659278869628906,-122.68916320800781,Overture Places 2026-07-22.0,2026-07-22,open
Mall,69ec5282-b709-4b27-ae45-aa7fb0353a09,Kitsap Mall,10315 Silverdale Way NW,Silverdale,WA,98383-7562,47.65739822387695,-122.69054412841797,Overture Places 2026-07-22.0,2026-07-22,open
Mall,ded3947d-cb12-47ad-a55b-eb757d9bed34,The Fix Phone Tablet Computer Repair; Accessories Kitsap Mall,10315 Silverdale Way NW,Silverdale,WA,98383,47.657440185546875,-122.69029235839844,Overture Places 2026-07-22.0,2026-07-22,open
Retail Plaza,2baa35d4-fb41-4f79-9878-2be121ec4401,Bangor Plaza Ballroom,USPS 2650 Ohio St,Silverdale,WA,98315-3401,47.689945220947266,-122.7098388671875,Overture Places 2026-07-22.0,2026-07-22,open
Retail Plaza,83fb8753-adaf-4fe5-a845-b6dd70c77155,Silverdale Plaza,2950 NW Bucklin Hill Rd,Silverdale,WA,98383,47.652130126953125,-122.6889877319336,Overture Places 2026-07-22.0,2026-07-22,open
Shopping Center,9d37aba2-9f76-47f0-b365-37f438f735e2,Silverdale Shopping Center,10400 Silverdale Way NW,Silverdale,WA,98383-9411,47.65849304199219,-122.69014739990234,Overture Places 2026-07-22.0,2026-07-22,open
Mall,69eea6b1-d499-42b5-88d8-89de1a0c0186,Mallegro Marketing,1429 Avenue D,Snohomish,WA,98290-1742,47.9290885925293,-122.09918212890625,Overture Places 2026-07-22.0,2026-07-22,open
Mall,d6629318-7b07-4eb1-9abd-f3d3fdf2d86a,Mallory Paint Store - Benjamin Moore,723 AVE D Ste C,Snohomish,WA,98290,47.92169952392578,-122.09745025634766,Overture Places 2026-07-22.0,2026-07-22,open
Mall,d325b557-4373-465f-9250-5caddc5702df,O'Malley & Potter,1234 1st St,Snohomish,WA,98290-2760,47.91153335571289,-122.09818267822266,Overture Places 2026-07-22.0,2026-07-22,open
Mall,d7d905f3-fef0-4c63-af3b-1b7e733a7ac7,Remember When Antique Mall,908 1st St,Snohomish,WA,98290,47.91133117675781,-122.0938491821289,Overture Places 2026-07-22.0,2026-07-22,open
Mall,0929057a-6814-466e-adb3-1a0cdbe134e0,Star Center Antique Mall,829 2nd St,Snohomish,WA,98290-2993,47.91262435913086,-122.09272003173828,Overture Places 2026-07-22.0,2026-07-22,open
Marketplace,f951a0a3-0b5a-4ad3-9154-5fffaf0b4fb4,Home Furnishings Marketplace,1010 2nd St,Snohomish,WA,98290,47.913246154785156,-122.09484100341797,Overture Places 2026-07-22.0,2026-07-22,open
Retail Village,6611de12-2a23-45b8-8fe2-bee2b976eb2a,Kla-Ha-Ya Village,1101 Avenue D Ste D201,Snohomish,WA,98290,47.92512893676758,-122.0968017578125,Overture Places 2026-07-22.0,2026-07-22,open
Retail Village,facbe0a9-231d-4599-a03e-14af3705a8c3,Silver Firs Village,56 Avenue A,Snohomish,WA,98290-2924,47.91106414794922,-122.09471130371094,Overture Places 2026-07-22.0,2026-07-22,open
Retail Village,36808de7-863c-488c-9a56-5e22970ccb0e,Kimball Creek Village,Better Way Dental 37624 SE Fury St,Snoqualmie,WA,98065-9589,47.534019470214844,-121.83892059326172,Overture Places 2026-07-22.0,2026-07-22,open
Marketplace,7cbcd027-b5db-46af-9863-114914879f18,Boondocks Marketplace,313 Robert Bush Dr E,South Bend,WA,98577,46.665870666503906,-123.79356384277344,Overture Places 2026-07-22.0,2026-07-22,open
Mall,a478f648-a8e7-4b4e-b18b-135d5153c3f8,Smallfoot Kids Dental,17415 Pacific Ave S,Spanaway,WA,98387-8200,47.09895706176758,-122.43390655517578,Overture Places 2026-07-22.0,2026-07-22,open
Retail Village,bee3187f-bb3a-4aaa-8117-e45fd920f869,The Village at Pirnie Road Apartments,19912 Pirnie Rd E,Spanaway,WA,98387,47.07605743408203,-122.43013763427734,Overture Places 2026-07-22.0,2026-07-22,open
Retail Village,72e28c79-b8d5-4ded-b95e-c691cf366f74,Winchester Village,16800 6th Ave E,Spanaway,WA,98387-4808,47.104408264160156,-122.423828125,Overture Places 2026-07-22.0,2026-07-22,open
Retail Village,c3a3bbfc-4a6c-4cb2-9b0d-036d276b1f6c,village cleaners,15715 Pacific Ave S,Spanaway,WA,98444,47.113792419433594,-122.4325180053711,Overture Places 2026-07-22.0,2026-07-22,open
Mall,2be8faca-7d18-48bb-80ec-c3b16abcce47,601 West Mallon Avenue Parking,601 W Mallon Ave,Spokane,WA,99201-2100,47.66507339477539,-117.42122650146484,Overture Places 2026-07-22.0,2026-07-22,open
Mall,dc8466a5-b279-44a8-8521-2ee244330eae,GR Mall,2918 N Argonne Rd,Spokane,WA,99212-2150,47.68379211425781,-117.28231811523438,Overture Places 2026-07-22.0,2026-07-22,open
Mall,c1efc95c-1aca-4410-bebc-9247ca9b12d4,GameStop - Mall,808 W Main Ave Ste 321,Spokane,WA,99201,47.65903091430664,-117.42364501953125,Overture Places 2026-07-22.0,2026-07-22,open
Mall,ad8466b7-93f1-4ea6-81f9-b8bcfd8e56d8,Half Baked - NorthTown Mall,4750 N Division St,Spokane,WA,99207-1406,47.70246887207031,-117.40925598144531,Overture Places 2026-07-22.0,2026-07-22,open
Mall,b8fe4965-39e8-407a-b698-295662446c4c,Jus’is Collectables & Vendor Mall,1711 N Hamilton St,Spokane,WA,99207-2471,47.67314910888672,-117.39674377441406,Overture Places 2026-07-22.0,2026-07-22,open
Mall,e7689382-37a0-4dd8-adb9-24c1a825b87d,Kabul Mall Express,59 E Sanson Ave,Spokane,WA,99207-1345,47.70724868774414,-117.40875244140625,Overture Places 2026-07-22.0,2026-07-22,open
Mall,f4285f4a-83e3-497a-a69b-4684f1d44d01,Mallon Place,1724 W Mallon Ave,Spokane,WA,99201,47.66539001464844,-117.43804168701172,Overture Places 2026-07-22.0,2026-07-22,open
Mall,3d359360-9bda-4b67-9b60-474e52d43637,Mallory Paint Store - Benjamin Moore,3104 E Palouse Highway Ste A2,Spokane,WA,99223,47.6099853515625,-117.3651123046875,Overture Places 2026-07-22.0,2026-07-22,open
Mall,15a6363b-4165-46b7-8a4c-ebad9c7021b8,Mallory Paint Store - Benjamin Moore,512 W Indiana Ave,Spokane,WA,99205,47.675167083740234,-117.41957092285156,Overture Places 2026-07-22.0,2026-07-22,open
Mall,78199042-66f7-4d04-8edb-025b7024b08a,NorthTown Mall,4750 N Division St,Spokane,WA,99207-1406,47.70248794555664,-117.40875244140625,Overture Places 2026-07-22.0,2026-07-22,open
Mall,92ea9861-4d24-4f7f-af3b-e4ee8c9b0164,Regal Northtown Mall,4750 N Division St,Spokane,WA,99207,47.7020263671875,-117.41035461425781,Overture Places 2026-07-22.0,2026-07-22,open
Mall,6c83ebc0-c5d6-470b-a985-4370d2aa22c9,Small Animal Internal Medicine,21 E Mission Ave,Spokane,WA,99202,47.672019958496094,-117.41081237792969,Overture Places 2026-07-22.0,2026-07-22,open
Mall,2a1ec597-cdfd-461e-9afc-f3024c20b9d8,Small Biz Mechanix,1312 N Monroe St Ste 142,Spokane,WA,99201,47.669681549072266,-117.4262466430664,Overture Places 2026-07-22.0,2026-07-22,open
Mall,4c52855f-6fe3-468c-a416-a3ce53aa775a,Small Business Bookkeeping Solutions LLC,6801 W Flightline Blvd,Spokane,WA,99219-0036,47.62179183959961,-117.50823211669922,Overture Places 2026-07-22.0,2026-07-22,open
Mall,07e726bc-08ad-4587-9489-bd48f367dc1d,Spokane Small Engine,3928 N Madison St,Spokane,WA,99205-1236,47.69438934326172,-117.42679595947266,Overture Places 2026-07-22.0,2026-07-22,open
Mall,eee4d687-3854-4c1c-8fc7-b23d05e775fe,Spokane Valley Mall,14700 E Indiana Ave,Spokane,WA,99216-1839,47.6737174987793,-117.20753479003906,Overture Places 2026-07-22.0,2026-07-22,open
Mall,0afd7795-d1b1-4485-a32a-253c195146b3,The Small Biz Shoppe,808 W Main Ave,Spokane,WA,99201-0900,47.65983200073242,-117.42388153076172,Overture Places 2026-07-22.0,2026-07-22,open
Mall,964ffe27-1eaf-41cc-8d37-4bc7d0b38980,Too Small Too Fail Llc,1811 W Broadway Ave,Spokane,WA,99201-1819,47.66417694091797,-117.43831634521484,Overture Places 2026-07-22.0,2026-07-22,open
Mall,3d21f38d-7f09-4f59-b422-4f75af5526e7,United Hillyard Antique Mall,5016 N Market St,Spokane,WA,99217,47.703887939453125,-117.3644790649414,Overture Places 2026-07-22.0,2026-07-22,open
Mall,7bf1e3ec-e1a0-40ef-b2c3-dd615de18849,Weed Mall,6620 N Market St,Spokane,WA,99217-7809,47.71811294555664,-117.36412811279297,Overture Places 2026-07-22.0,2026-07-22,open
Mall,73522ff7-fa1a-4899-b5ce-c8378138b3ce,Wilson's Small Engine Repair,2423 E Sprague Ave,Spokane,WA,99202,47.657466888427734,-117.37421417236328,Overture Places 2026-07-22.0,2026-07-22,open
Marketplace,a536e0d1-f723-4fb0-b847-a128ca0845e2,Ferrante's Marketplace Cafe,4516 S Regal St,Spokane,WA,99223-7937,47.61161804199219,-117.36912536621094,Overture Places 2026-07-22.0,2026-07-22,open
Marketplace,29fc628e-e8bd-4d61-a5c7-3e4ecb95f464,GoldenSHERPA a senior living marketplace.,120 N Pine St Ste 242A,Spokane,WA,99202,47.65871810913086,-117.40770721435547,Overture Places 2026-07-22.0,2026-07-22,open
Marketplace,a02ccf14-b9ad-4796-b6de-916734f1ae58,Petunias Coffee & Wine Marketplace,2010 N Madison St,Spokane,WA,99205,47.67621994018555,-117.42798614501953,Overture Places 2026-07-22.0,2026-07-22,open
Marketplace,5f9ab81d-4219-4664-84b3-7d231a365fae,Trellis Marketplace,4102 S Bowdish Rd Ste A,Spokane,WA,99206-8385,47.61867141723633,-117.25125885009766,Overture Places 2026-07-22.0,2026-07-22,open
Retail Plaza,f59378ba-2a3f-4f14-8475-43df7f951ad4,5 Mile Plaza,1808 W Francis Ave,Spokane,WA,99205-6834,47.71554946899414,-117.43822479248047,Overture Places 2026-07-22.0,2026-07-22,open
Retail Plaza,abfff8de-dc24-416f-8d4f-9126315c3458,Car Wash Plaza,6804 N Nevada St,Spokane,WA,99208-5109,47.71965026855469,-117.39505004882812,Overture Places 2026-07-22.0,2026-07-22,open
Retail Plaza,4799ec35-e793-446a-b768-cbb5c504f3c0,Car Wash Plaza 4th Thor,417 S Thor St,Spokane,WA,99202-5075,47.65251541137695,-117.35979461669922,Overture Places 2026-07-22.0,2026-07-22,open
Retail Plaza,f71883ac-f5e1-4754-8e24-38185868d0d4,Carwash Plaza,3233 S High Dr,Spokane,WA,99203,47.623538970947266,-117.42796325683594,Overture Places 2026-07-22.0,2026-07-22,open
Retail Plaza,592ba06a-576f-441d-b623-91f6f868c382,Cathedral Plaza Apartments,1120 W Sprague Ave,Spokane,WA,99201-4025,47.657291412353516,-117.4290542602539,Overture Places 2026-07-22.0,2026-07-22,open
Retail Plaza,62c5b2d0-2534-45ce-8971-1d88b1aff803,Coeur D'alene Plaza,228 N Howard St,Spokane,WA,99201-0800,47.65984344482422,-117.42074584960938,Overture Places 2026-07-22.0,2026-07-22,open
Retail Plaza,b5bc47d1-ec17-4d2c-9528-3ee85738c25c,Hillyard Plaza Apartments,2808 E Sanson Ave,Spokane,WA,99217-6272,47.70668411254883,-117.36930084228516,Overture Places 2026-07-22.0,2026-07-22,open
Retail Plaza,8a3cc28d-9c0f-4978-a8b7-b9c80040b04e,Lilac Plaza Retirement Community,7007 N Wiscomb St,Spokane,WA,99208-5451,47.720760345458984,-117.40380859375,Overture Places 2026-07-22.0,2026-07-22,open
Retail Plaza,2ff5c36b-58f4-4158-98e6-89ef879f5781,Lincoln Plaza Parking,110 N Lincoln St,Spokane,WA,99201,47.65795135498047,-117.42493438720703,Overture Places 2026-07-22.0,2026-07-22,open
Retail Plaza,da02f70d-f17a-4488-80c9-53588dd7b644,Park Plaza,"107 W 9th Ave # AVE-2310",Spokane,WA,99204,47.64714431762695,-117.41419982910156,Overture Places 2026-07-22.0,2026-07-22,open
Retail Plaza,e7a62a58-07a1-4360-a398-ceb7f39285d1,Parkade Plaza,511 W Main Ave,Spokane,WA,99201-0512,47.658836364746094,-117.42051696777344,Overture Places 2026-07-22.0,2026-07-22,open
Retail Plaza,1bf645b0-ce50-46a9-b8d1-cd73b6009d24,Plaza Hospitality Llc,108 N Washington St Ste 603,Spokane,WA,99201-5001,47.65827560424805,-117.41781616210938,Overture Places 2026-07-22.0,2026-07-22,open
Retail Plaza,2768f884-a53f-4ed4-8514-7f55c078f41b,STA Plaza,701 W Riverside Ave,Spokane,WA,99201,47.65753173828125,-117.422607421875,Overture Places 2026-07-22.0,2026-07-22,open
Retail Plaza,2b4f4560-3942-4120-8942-e08b7950ffc5,Shogun Plaza Self Storage,905 E 3rd Ave,Spokane,WA,99202-2215,47.65387725830078,-117.39757537841797,Overture Places 2026-07-22.0,2026-07-22,open
Retail Plaza,9e446661-cb29-4a4b-bc42-9895b8aef559,Spokane Public Library - STA Plaza,701 W Riverside Ave 2nd Floor,Spokane,WA,99201,47.65752410888672,-117.4226303100586,Overture Places 2026-07-22.0,2026-07-22,open
Retail Village,62cff7d7-ebe1-4412-b243-5a37b9105c89,Cedar Creek Village I,8424 N Nevada St,Spokane,WA,99208-7316,47.73524856567383,-117.39307403564453,Overture Places 2026-07-22.0,2026-07-22,open
Retail Village,67c30917-562e-4e47-b2db-39cfc6f3ba24,Cedar Village Motel,5415 W Sunset Hwy,Spokane,WA,99224-9453,47.642642974853516,-117.49079895019531,Overture Places 2026-07-22.0,2026-07-22,open
Retail Village,c203506f-78ba-4adf-b093-ec00c368be61,Children's Dental Village,9302 N Colton St,Spokane,WA,99218-1290,47.74245834350586,-117.40545654296875,Overture Places 2026-07-22.0,2026-07-22,open
Retail Village,31185923-b43f-4eb6-8a95-c66a1d01b61e,Fairwood Retirement Village and Assisted Living,312 W Hastings Rd,Spokane,WA,99218-0300,47.77007293701172,-117.42056274414062,Overture Places 2026-07-22.0,2026-07-22,open
Retail Village,e2c1f6bd-c50c-4a5c-88d9-995c9cf53b3f,Heritage Village,9316 N Division St,Spokane,WA,99218,47.74247741699219,-117.41021728515625,Overture Places 2026-07-22.0,2026-07-22,open
Retail Village,5194c4c1-50aa-4fea-90d7-be27e2ba3298,Lincoln Village Apartments,210 E Lincoln Rd,Spokane,WA,99208-5646,47.72906494140625,-117.40635681152344,Overture Places 2026-07-22.0,2026-07-22,open
Retail Village,5f74e6d6-1f4c-4a63-b4a3-834ae828fc1d,Magnesium Village,849 E Magnesium Rd,Spokane,WA,99208-5841,47.73954772949219,-117.39649200439453,Overture Places 2026-07-22.0,2026-07-22,open
Retail Village,189e40c3-b837-4f0d-bccd-a3b477397e82,Meadow Mist RV Village LLC,3418 South Meadow Street,Spokane,WA,99224,47.62381362915039,-117.4403305053711,Overture Places 2026-07-22.0,2026-07-22,open
Retail Village,9aab67c1-4675-4d9b-bc76-e73860c67e49,Mission Village Laundry,3027 E Mission Ave,Spokane,WA,99202,47.67222595214844,-117.36595153808594,Overture Places 2026-07-22.0,2026-07-22,open
Retail Village,7bedae02-ad67-4238-a3d7-31be0cedfffc,North Point Village,1110 E Westview Ct,Spokane,WA,99218-1326,47.74549102783203,-117.39433288574219,Overture Places 2026-07-22.0,2026-07-22,open
Retail Village,f1c14505-f561-4929-8b60-bf7e49964024,Regal Village Apartments,3005 E 53rd Ave,Spokane,WA,99223-7004,47.606075286865234,-117.36695098876953,Overture Places 2026-07-22.0,2026-07-22,open
Retail Village,b8825770-4aaf-4bcc-82b9-8f0665ddfa37,SKECHERS Heritage Village,9324 North Division,Spokane,WA,99218,47.741973876953125,-117.41149139404297,Overture Places 2026-07-22.0,2026-07-22,open
Retail Village,615c794d-5a45-427a-b022-7eb9480b1182,Snap Fitness Spokane (Argonne Village),9331 E Montgomery Ave,Spokane,WA,99206,47.68006134033203,-117.27873229980469,Overture Places 2026-07-22.0,2026-07-22,open
Retail Village,e2712d78-f528-42a1-b77c-2c39a72e97c5,South Hill Village,3117 E Chaser Ln,Spokane,WA,99223-7268,47.59999465942383,-117.36544036865234,Overture Places 2026-07-22.0,2026-07-22,open
Retail Village,ee43d16a-5152-462e-967c-051e6e6e43f9,Value Village,1704 W Wellesley Ave,Spokane,WA,99205-1430,47.70145034790039,-117.43699645996094,Overture Places 2026-07-22.0,2026-07-22,open
Retail Village,837c1a80-fd17-4221-a77a-cb01e532fd40,Value Village,708 W Boone Ave,Spokane,WA,99201,47.668609619140625,-117.42211151123047,Overture Places 2026-07-22.0,2026-07-22,open
Retail Village,58a8f448-b4ab-4737-9f77-7f7171b8db77,Village Centre Cinemas,10117 U.S. 2,Spokane,WA,99224,47.641754150390625,-117.55232238769531,Overture Places 2026-07-22.0,2026-07-22,open
Retail Village,6223e8b9-8901-4c19-94c8-4cfbfc2a7fca,Village Centre Cinemas,12622 N Division St,Spokane,WA,99218,47.77212905883789,-117.40125274658203,Overture Places 2026-07-22.0,2026-07-22,open
Retail Village,69aa96d5-bd18-43e6-87ba-e4f315eda844,Village Centre Cinemas At Wandermere,12120 N Division St,Spokane,WA,99218-1905,47.767494201660156,-117.40275573730469,Overture Places 2026-07-22.0,2026-07-22,open
Retail Village,8c8cc87d-0aeb-4f2f-935c-4d75c656622e,West Prairie Village,2201 N Craig Rd,Spokane,WA,99224-8545,47.67807388305664,-117.60562896728516,Overture Places 2026-07-22.0,2026-07-22,open
Retail Village,602a45c5-b557-4291-8e1d-4759175464ba,Westfall Village Apartments,3724 N Cook St,Spokane,WA,99207,47.692020416259766,-117.37190246582031,Overture Places 2026-07-22.0,2026-07-22,open
Retail Village,e8f08594-841a-440e-82f6-03f8f01d5e26,villageplan | Headquarters,705 W 7th Ave Ste B,Spokane,WA,99204,47.649330139160156,-117.42298889160156,Overture Places 2026-07-22.0,2026-07-22,open
Shopping Center,827ce983-3361-42aa-8fbd-f38a8d55b277,Lincoln Heights Shopping Center,2927 E 29th Ave,Spokane,WA,99223-4859,47.629127502441406,-117.36795806884766,Overture Places 2026-07-22.0,2026-07-22,open
Shopping Center,d8cab246-2909-4a6c-9952-ec974320348e,Manito Shopping Center,3000 S Grand Blvd,Spokane,WA,99203-2560,47.62746047973633,-117.39966583251953,Overture Places 2026-07-22.0,2026-07-22,open
Shopping Center,a8eb984d-cccc-45ba-b4c5-d2270c1d6e42,Total Wine & More - Spokane Valley (Evergreen Crossing Shopping Center) WA,13802 E Indiana Ave,Spokane,WA,99216,47.675872802734375,-117.21371459960938,Overture Places 2026-07-22.0,2026-07-22,open
Mall,eab30a1b-7fd6-44da-ba5d-89fd38baf487,Gary's Small Engine Repair,111 N Vista Rd Ste 1B,Spokane Valley,WA,99212,47.658626556396484,-117.29679870605469,Overture Places 2026-07-22.0,2026-07-22,open
Mall,e0d35b47-698c-4c58-ba46-ae25ce20c5e7,Greenacres Vendor Mall Soon To Be Vibe,16814 E Sprague Ave,Spokane Valley,WA,99037-8980,47.656192779541016,-117.1784896850586,Overture Places 2026-07-22.0,2026-07-22,open
Mall,d7bddf20-385b-4026-8ed4-4df70e0524f9,Krina Mallgren,13817 E Sprague Ave,Spokane Valley,WA,99216-2120,47.65745544433594,-117.21917724609375,Overture Places 2026-07-22.0,2026-07-22,open
Mall,a04c4417-bd04-4838-95e7-1c614ec47308,Mallory Paint Store,6818 E Sprague Ave,Spokane Valley,WA,99212-0605,47.65651321411133,-117.31291961669922,Overture Places 2026-07-22.0,2026-07-22,open
Mall,d19a30b0-8f65-4f3d-8ae2-c5ffa9405c0a,Mallory Paint Store - Benjamin Moore,6818 E Sprague Ave Ste 101,Spokane Valley,WA,99212,47.6576042175293,-117.21134185791016,Overture Places 2026-07-22.0,2026-07-22,open
Mall,87de0dae-271d-41c1-a2f9-6b212d73205c,OneCall | TV Home Theater & Small Appliances,229 N Ella Rd,Spokane Valley,WA,99212,47.660362243652344,-117.29905700683594,Overture Places 2026-07-22.0,2026-07-22,open
Mall,15fdadab-d388-4d38-8931-0ed5f3eb6a1d,Our Place Vendor Mall,18309 E Appleway Ave,Spokane Valley,WA,99016,47.65992736816406,-117.15836334228516,Overture Places 2026-07-22.0,2026-07-22,open
Mall,27946214-221e-4322-8295-be83b3aa14b3,Q nails spokane valley mall,14700 E Indiana Ave,Spokane Valley,WA,99216-1839,47.67304992675781,-117.20509338378906,Overture Places 2026-07-22.0,2026-07-22,open
Mall,52bb0c9b-6769-4218-9fd9-b78b6f079b66,Small Wonders Too,910 S Evergreen Rd,Spokane Valley,WA,99037,47.64852523803711,-117.2184066772461,Overture Places 2026-07-22.0,2026-07-22,open
Mall,f73ebc81-bf5c-4b48-bf02-56df23f51030,The Great Northwest Vendor Mall,6206 E Trent Ave,Spokane Valley,WA,99212-5012,47.67502975463867,-117.32086944580078,Overture Places 2026-07-22.0,2026-07-22,open
Mall,9af36a6e-4528-4b76-ba56-5b06ebdf4803,Washington Small Business Development Center,4420 E 8th Ave,Spokane Valley,WA,99212-0292,47.6480712890625,-117.34565734863281,Overture Places 2026-07-22.0,2026-07-22,open
Marketplace,bee96672-736e-42f7-b8a1-85bba798f020,SKECHERS Evergreen Marketplace,14008 Sprague Ave.,Spokane Valley,WA,99216,47.65711975097656,-117.21690368652344,Overture Places 2026-07-22.0,2026-07-22,open
Retail Plaza,a206509a-104a-4cb7-bd2b-e5b2c6a91ff3,Car Wash Plaza Argonne,2111 N Argonne Rd,Spokane Valley,WA,99212-2466,47.676090240478516,-117.28337860107422,Overture Places 2026-07-22.0,2026-07-22,open
Retail Plaza,c11ccfe9-2015-48e4-b886-287aa176e22a,La Plaza De Mexico,9420 E Sprague Ave,Spokane Valley,WA,99206-3615,47.65673065185547,-117.27770233154297,Overture Places 2026-07-22.0,2026-07-22,open
Retail Village,be6da768-b64b-4bf1-b791-aa10e97a9301,Children's Dental Village,420 N Evergreen Rd,Spokane Valley,WA,99216-0973,47.661590576171875,-117.21778106689453,Overture Places 2026-07-22.0,2026-07-22,open
Retail Village,979cf25f-e172-461e-a129-881cbb4312f0,Hico Village,9219 E Sprague Ave,Spokane Valley,WA,99206-3677,47.65754699707031,-117.28075408935547,Overture Places 2026-07-22.0,2026-07-22,open
Retail Village,e3e01e6d-7f29-47fc-a508-30fb1515c568,Kings Village Apartments,12111 E Cataldo Ave,Spokane Valley,WA,99206,47.6658935546875,-117.24217224121094,Overture Places 2026-07-22.0,2026-07-22,open
Retail Village,0c3a3ed5-4134-4753-8fae-5161e5167d04,Ponderosa Village,11205 E Dishman Mica Rd,Spokane Valley,WA,99206-8608,47.61989212036133,-117.2540512084961,Overture Places 2026-07-22.0,2026-07-22,open
Retail Village,0194a6f4-e8b9-438c-b1d1-989f8c95ecce,River Rose Village,2601 N Barker Rd,Spokane Valley,WA,99027-9500,47.681087493896484,-117.15496063232422,Overture Places 2026-07-22.0,2026-07-22,open
Retail Village,1c8a8381-26eb-4994-91ef-f7e26c61c841,Snap Fitness Spokane Valley (Ponderosa Village),11205 E Dishman Mica Rd,Spokane Valley,WA,99206,47.62021255493164,-117.25486755371094,Overture Places 2026-07-22.0,2026-07-22,open
Retail Village,75755966-400c-42b1-9d3c-ca853e645aea,Spokane Valley-Argonne Village WA,9331 E Montgomery Ave Space 105,Spokane Valley,WA,99206,47.678802490234375,-117.2796630859375,Overture Places 2026-07-22.0,2026-07-22,open
Retail Village,0eb72337-e817-48fd-9691-8b4e52b02ce7,The Villages on 4th and Sullivan,15615 E 4th Ave,Spokane Valley,WA,99037,47.65227508544922,-117.19249725341797,Overture Places 2026-07-22.0,2026-07-22,open
Retail Village,e23b86e5-8415-430f-ba3e-4ddf4c14474c,True Value At Argonne Village,9211 E Montgomery Ave,Spokane Valley,WA,99206,47.68009948730469,-117.28136444091797,Overture Places 2026-07-22.0,2026-07-22,open
Retail Village,fed67aa6-1e48-481d-997b-7546ed15fe6d,University Village Apartments,3205 S University Rd,Spokane Valley,WA,99206-5826,47.62711715698242,-117.26110076904297,Overture Places 2026-07-22.0,2026-07-22,open
Retail Village,d596fc15-bbd7-40c5-968e-cc46d893db46,Value Village,12205 E Sprague Ave,Spokane Valley,WA,99206-5150,47.65777587890625,-117.24066925048828,Overture Places 2026-07-22.0,2026-07-22,open
Retail Village,c0d8c25a-b969-4af9-b6cd-d10b6f50d9ad,Village Square Apartments,9310 E Montgomery Ave,Spokane Valley,WA,99206-4212,47.67780685424805,-117.28003692626953,Overture Places 2026-07-22.0,2026-07-22,open
Retail Village,6295b8c9-f592-4ff7-8afb-9a4655d4231c,Village Square Realty Inc,12310 E Mirabeau Pkwy,Spokane Valley,WA,99216-1280,47.685516357421875,-117.23895263671875,Overture Places 2026-07-22.0,2026-07-22,open
Retail Village,020e0e4e-5043-4ce6-b505-61a33e560df1,Village on Broadway,12623 E Broadway Ave,Spokane Valley,WA,99216-2959,47.6646614074707,-117.23551940917969,Overture Places 2026-07-22.0,2026-07-22,open
Mall,82c1435d-8bf2-450a-80ac-fee2367dc465,Curated Vintage Mall - Stanwood,8713 271st St NW,Stanwood,WA,98292-5995,48.242374420166016,-122.35101318359375,Overture Places 2026-07-22.0,2026-07-22,open
Retail Village,f9f99f29-3b0a-4247-8411-c9f54dc0ea2e,Scandia Village Apartments,8401 Henning Dr,Stanwood,WA,98292-9566,48.24617385864258,-122.34722900390625,Overture Places 2026-07-22.0,2026-07-22,open
Retail Village,8c67e87f-b0f9-46ad-8b56-a30bd932bb91,Stanwood Camano Village Cinema 5,6996 265th St Nw Ste 102,Stanwood,WA,98292-6259,48.23630905151367,-122.32626342773438,Overture Places 2026-07-22.0,2026-07-22,open
Retail Village,d8e0b4f8-4ddd-4fa0-84eb-398a9e003a83,Village Chiropractic Clinic,7207 265th St NW,Stanwood,WA,98292-6274,48.237571716308594,-122.33202362060547,Overture Places 2026-07-22.0,2026-07-22,open
Retail Village,b5ffbba2-802f-4dcf-b865-201935fcc01c,Village Eye Care,7202 267th St NW,Stanwood,WA,98292,48.23845672607422,-122.33145904541016,Overture Places 2026-07-22.0,2026-07-22,open
Retail Village,bbde855c-32e9-4b49-81c9-45f83932383f,Village Eye Care,9606 271st St NW,Stanwood,WA,98292-8096,48.24181365966797,-122.36296844482422,Overture Places 2026-07-22.0,2026-07-22,open
Retail Village,7c4274ac-10e4-47dc-8383-af88f156ee96,Village Roadside Farm Stand,4206 Village Rd,Stanwood,WA,98292-9807,48.251182556152344,-122.28958892822266,Overture Places 2026-07-22.0,2026-07-22,open
Mall,825f4248-b987-44cf-b204-020930bd7e9a,Small Town Vintage & Antiques,350 SW 2nd St,Stevenson,WA,98648-4227,45.69175338745117,-121.88663482666016,Overture Places 2026-07-22.0,2026-07-22,open
Mall,e6a40a49-8af3-4152-bb74-d74a782442b1,Madyson's Marshmallows,13708 24th St E Ste 108,Sumner,WA,98390-9226,47.23460388183594,-122.24560546875,Overture Places 2026-07-22.0,2026-07-22,open
Mall,b3c96ae5-577e-4d6f-a5d9-ef2fbc802e71,Whistle Stop Antique Mall,1109 Main St,Sumner,WA,98390,47.20344543457031,-122.24039459228516,Overture Places 2026-07-22.0,2026-07-22,open
Retail Plaza,71e3bc17-6ee3-4473-8521-adad802ed5e1,Sumner Truck Stop and Travel Plaza,2320 136th Ave E,Sumner,WA,98390-9699,47.236183166503906,-122.24930572509766,Overture Places 2026-07-22.0,2026-07-22,open
Retail Village,978b85a7-8640-4286-a2b6-25cca2d30839,Car Village,16602 64th St E,Sumner,WA,98390-7021,47.198978424072266,-122.20792388916016,Overture Places 2026-07-22.0,2026-07-22,open
Mall,b24aa083-e645-4e24-bce8-4b3ec07297a5,Mid Valley Mall,2010 Yakima Valley Hwy,Sunnyside,WA,98944-1256,46.325870513916016,-119.9936294555664,Overture Places 2026-07-22.0,2026-07-22,open
Retail Plaza,004dab46-e7c1-4372-9826-b092c6c62f0c,Roma Valley Plaza,505 S 7th St,Sunnyside,WA,98944-2267,46.32346725463867,-120.01183319091797,Overture Places 2026-07-22.0,2026-07-22,open
Retail Village,474a5d4e-072a-460a-bc6d-988b711adc03,Village Park Sunnyside,1700 Cascade Way,Sunnyside,WA,98944-8907,46.31086730957031,-120.029296875,Overture Places 2026-07-22.0,2026-07-22,open
Retail Village,c5ee2a70-fd7c-4f47-b53f-db26ff999a92,Clearwater Casino Suquamish Village Whse,18490 Suquamish Way NE,Suquamish,WA,98392-9532,47.72858810424805,-122.5586929321289,Overture Places 2026-07-22.0,2026-07-22,open
Retail Village,cd35f67c-c334-4c62-9758-2beec7c4ec21,Suquamish Village Chevron,18480 Suquamish Way NE,Suquamish,WA,98392,47.7282600402832,-122.55970001220703,Overture Places 2026-07-22.0,2026-07-22,open
Shopping Center,e82d75b4-67af-47a0-b59b-c9866cc3c055,TACOMA CENTRAL SHOPPING CENTER,3208 S 23RD ST,TACOMA,WA,98405,47.23540115356445,-122.4793930053711,Overture Places 2026-07-22.0,2026-07-22,open
Mall,a76df199-20d2-4b47-a370-cf903cdeeacc,Best Buy Mobile Tacoma Mall,4502 S Steele St,Tacoma,WA,98409-7200,47.2157096862793,-122.46736145019531,Overture Places 2026-07-22.0,2026-07-22,open
Mall,2daf7e91-ea6d-41b5-b897-83daeaede1b0,Bliss Small Batch Creamery,2724 N PROCTOR St,Tacoma,WA,98407,47.272796630859375,-122.48917388916016,Overture Places 2026-07-22.0,2026-07-22,open
Mall,e4ffd79a-bc88-4eb9-b07e-cae490e08980,Candlewood Suites Tacoma Mall,8402 S Hosmer Street,Tacoma,WA,98444,47.180233001708984,-122.4640121459961,Overture Places 2026-07-22.0,2026-07-22,open
Mall,4008fad1-cf6b-4f70-ac7b-1066c0f90be4,CoinFlip Bitcoin ATM - Tacoma Mall (Tacoma),4502 S Steele St,Tacoma,WA,98409,47.2152099609375,-122.46861267089844,Overture Places 2026-07-22.0,2026-07-22,open
Mall,098ea256-676c-4541-99f8-825edddaa20c,Days Inn Tacoma - Tacoma Mall,6802 Tacoma Mall Blvd,Tacoma,WA,98409,47.19524383544922,-122.46405792236328,Overture Places 2026-07-22.0,2026-07-22,open
Mall,b7c2049d-3596-487b-98fa-c8a0f908d798,Holiday Inn Tacoma Mall,8402 S Hosmer St,Tacoma,WA,98444-1831,47.18015670776367,-122.4638442993164,Overture Places 2026-07-22.0,2026-07-22,open
Mall,4981a3ce-e4a9-4d83-a193-3322fb6fefe8,Jessica Malley Psychologist,2420 S Union Ave Ste 100,Tacoma,WA,98405,47.23782730102539,-122.48240661621094,Overture Places 2026-07-22.0,2026-07-22,open
Mall,371632ab-d882-45df-ab25-00c323f99599,Kaiser Permanente at Tacoma Mall Office Bldg,4301 S Pine St,Tacoma,WA,98409,47.217769622802734,-122.47129821777344,Overture Places 2026-07-22.0,2026-07-22,open
Mall,63c5271d-1a8f-43a4-8d08-9c47bac1e188,Mallory Paint Store,2520 S 38th St,Tacoma,WA,98409-7306,47.22213363647461,-122.47058868408203,Overture Places 2026-07-22.0,2026-07-22,open
Mall,0f3e9084-9206-4cb9-9e6a-bf574a6e3222,O'Malley's Irish Pub,2403 6th Ave,Tacoma,WA,98406,47.255523681640625,-122.4686279296875,Overture Places 2026-07-22.0,2026-07-22,open
Mall,7a68d3ef-72a8-4c93-84bc-ab26176cfc01,Pacific Antiques Mall,10228 Pacific Ave S,Tacoma,WA,98444-6048,47.16362762451172,-122.43453979492188,Overture Places 2026-07-22.0,2026-07-22,open
Mall,35bffa41-7f6e-4c57-9b3f-cb15ee66c4e1,Portland Avenue Small Animal Hospital,7418 Portland Ave E,Tacoma,WA,98404-3320,47.189449310302734,-122.40816497802734,Overture Places 2026-07-22.0,2026-07-22,open
Mall,637d5bb6-f3c6-4a57-9751-84badd87f859,Savy Jane OMalley,6824 19th St W,Tacoma,WA,98466-5528,47.24221420288086,-122.52935028076172,Overture Places 2026-07-22.0,2026-07-22,open
Mall,dfbcc861-1117-4277-b652-55f152053d70,Small Snell Weiss & Comfort PS,4002 Tacoma Mall Blvd,Tacoma,WA,98409-7702,47.220245361328125,-122.46712493896484,Overture Places 2026-07-22.0,2026-07-22,open
Mall,8a419406-4931-4f38-bad5-de2d058198c4,Tacoma Mall Boulevard Coin Stamp and Jewelry,5225 Tacoma Mall Blvd,Tacoma,WA,98409-7000,47.209171295166016,-122.4635009765625,Overture Places 2026-07-22.0,2026-07-22,open
Mall,eafa159f-632c-4d69-b1bb-05a8c21deb04,Tacoma Mall Chiropractic,2115 S 56th St Ste 101,Tacoma,WA,98409,47.20643615722656,-122.46431732177734,Overture Places 2026-07-22.0,2026-07-22,open
Mall,d9a273f7-7895-4722-b3ea-ceb00e7543e5,Tacoma Mall Massage Kiosk,4502 S Steele St,Tacoma,WA,98409-7200,47.217498779296875,-122.46849060058594,Overture Places 2026-07-22.0,2026-07-22,open
Mall,bf703d4a-8e01-495d-9a42-8febe740b4ac,Tacoma Mall Office Building,4301 S Pine St,Tacoma,WA,98409-7201,47.21853256225586,-122.47379302978516,Overture Places 2026-07-22.0,2026-07-22,open
Mall,db206505-d6e1-4acf-89db-214335c2f88f,Tacoma Mall Plaza,2702 S 42nd St,Tacoma,WA,98409-7300,47.21898651123047,-122.47245025634766,Overture Places 2026-07-22.0,2026-07-22,open
Mall,3da0c210-2075-4e0e-9673-0f1250d31b7a,Tacoma Mall Shopping Ctr,4044 Tacoma Mall Blvd,Tacoma,WA,98409-7709,47.220794677734375,-122.46611785888672,Overture Places 2026-07-22.0,2026-07-22,open
Mall,79a87cf5-dc71-47fe-bc39-9011009b430d,Tacoma Mall Store,3801 S Steele St.,Tacoma,WA,98409,47.22202682495117,-122.46807861328125,Overture Places 2026-07-22.0,2026-07-22,open
Mall,048ea6d5-77f6-43cc-9ca9-40c3e63e3582,Tudor Village at the Mall,4802 S Pine St,Tacoma,WA,98409,47.213932037353516,-122.47413635253906,Overture Places 2026-07-22.0,2026-07-22,open
Mall,c805bd68-0bc2-4e02-9e9e-0a9034df6dea,Westmall Terrace,4720 S Pine St,Tacoma,WA,98409-6401,47.21421432495117,-122.47404479980469,Overture Places 2026-07-22.0,2026-07-22,open
Mall,d93780b1-3532-45f5-a59a-9a122d383ba5,William Factory Small Business Incubator,710 Pacific Ave,Tacoma,WA,98402-5208,47.25682830810547,-122.43983459472656,Overture Places 2026-07-22.0,2026-07-22,open
Mall,633f99f0-d8b0-45e2-a4f4-c60547cf7a11,Woobling Korean BBQ - Tacoma Mall,4502 S Steele St,Tacoma,WA,98409-7200,47.214942932128906,-122.46714782714844,Overture Places 2026-07-22.0,2026-07-22,open
Marketplace,01a3eada-1d48-4cc6-a4f4-52ef37e10abe,Marketplace Buffet,2024 E 29th St,Tacoma,WA,98404-4974,47.23710632324219,-122.40299224853516,Overture Places 2026-07-22.0,2026-07-22,open
Marketplace,a92780d0-5398-4ad9-b42b-00f816582224,Saar's Supersaver and Marketplace Foods,13222 Pacific Ave S,Tacoma,WA,98444-4862,47.13676452636719,-122.43512725830078,Overture Places 2026-07-22.0,2026-07-22,open
Retail Plaza,1bd68d25-c3a3-4af6-b2a1-ed4e4ae05c7a,Bark Plaza Pet Hotel,1210 S Proctor St,Tacoma,WA,98405,47.249786376953125,-122.48905181884766,Overture Places 2026-07-22.0,2026-07-22,open
Retail Plaza,cbaa8c56-fff4-491f-b6dd-c5caa4cee43d,Broadway Plaza,1130 Broadway,Tacoma,WA,98402-3512,47.2518196105957,-122.44024658203125,Overture Places 2026-07-22.0,2026-07-22,open
Retail Plaza,98430bbd-81fe-4cee-b941-1064bcfda723,Commencement Plaza,805 Pacific Ave,Tacoma,WA,98402-5209,47.25593566894531,-122.43788146972656,Overture Places 2026-07-22.0,2026-07-22,open
Retail Plaza,631afd66-bc55-4620-9838-ab821334f964,James Center Plaza,1628 S Mildred St,Tacoma,WA,98465-1627,47.24541091918945,-122.52825164794922,Overture Places 2026-07-22.0,2026-07-22,open
Retail Plaza,13204679-f243-4de1-b94e-d82ea74baff7,Michael's Plaza,2913 S 38th St,Tacoma,WA,98409-5629,47.22368621826172,-122.47417449951172,Overture Places 2026-07-22.0,2026-07-22,open
Retail Plaza,cb316178-de09-441f-997e-64e30f2151e5,Norpoint Skate Plaza,4818 Nassau Ave NE,Tacoma,WA,98422-2189,47.300628662109375,-122.40332794189453,Overture Places 2026-07-22.0,2026-07-22,open
Retail Plaza,fce0419f-6af7-4d07-b26e-7f953d4594c0,Pacific Plaza,1250 Pacific Ave,Tacoma,WA,98402-4318,47.25200271606445,-122.43894958496094,Overture Places 2026-07-22.0,2026-07-22,open
Retail Plaza,7b148373-97db-44bb-905d-44745279a283,Park Plaza North,923 Commerce St,Tacoma,WA,98402-4406,47.25397491455078,-122.4388656616211,Overture Places 2026-07-22.0,2026-07-22,open
Retail Plaza,911c05d4-bd52-4dfa-9eb3-bd737a24f9cb,Pearl Plaza Apartments,1447 N Pearl St,Tacoma,WA,98406-2471,47.264888763427734,-122.51571655273438,Overture Places 2026-07-22.0,2026-07-22,open
Retail Plaza,40df3f83-7ed0-4d96-8f14-7302410180e9,Plaza Cafe,5400 N Pearl St,Tacoma,WA,98407,47.3045768737793,-122.5211181640625,Overture Places 2026-07-22.0,2026-07-22,open
Retail Plaza,10d084f6-cf3e-4f45-b002-8e9b927ea502,Plaza Guerrero,816 E 72nd St,Tacoma,WA,98404-1700,47.19143295288086,-122.41971588134766,Overture Places 2026-07-22.0,2026-07-22,open
Retail Plaza,712d6cff-543d-48a0-b4ed-9f27f79275fa,SKECHERS Lincoln Plaza,"2505 S. 38th Street Space #A-113",Tacoma,WA,98409,47.222469329833984,-122.47010040283203,Overture Places 2026-07-22.0,2026-07-22,open
Retail Plaza,b9d51f7f-d9e9-44a1-84d3-8f88221520bd,Sunset Plaza Condo Rec Bg,7309 N Skyview Pl,Tacoma,WA,98406-1303,47.25777816772461,-122.53250885009766,Overture Places 2026-07-22.0,2026-07-22,open
Retail Village,41658cf6-321e-4644-b711-032b9b093896,Bryn-Mar Village Apartments,1721 S 82nd St,Tacoma,WA,98408-1004,47.1830940246582,-122.45875549316406,Overture Places 2026-07-22.0,2026-07-22,open
Retail Village,dcc18a9a-1db0-43fb-8eec-8d5ca11c1646,Colonial Village Apartments,9220 Pacific Ave,Tacoma,WA,98444-6201,47.173240661621094,-122.4344711303711,Overture Places 2026-07-22.0,2026-07-22,open
Retail Village,96ddd229-79bc-4281-9533-1c51e9b262ce,Dental Village,4218 S Steele St,Tacoma,WA,98409-7312,47.21858215332031,-122.46793365478516,Overture Places 2026-07-22.0,2026-07-22,open
Retail Village,7c98e482-d168-4419-930c-22682e61cd8c,Forest Hill Village,4332 S 41st St,Tacoma,WA,98409-2139,47.2204475402832,-122.49604797363281,Overture Places 2026-07-22.0,2026-07-22,open
Retail Village,fff88b70-7809-44cc-b204-41902957fe63,Hampton Village Condominiums,1111 S Villard St,Tacoma,WA,98465-2412,47.25077819824219,-122.50621032714844,Overture Places 2026-07-22.0,2026-07-22,open
Retail Village,12038c31-aea3-4f66-84d6-5445937a3501,Little Village Child Enrichment Center,2901 S 12th St,Tacoma,WA,98405-2540,47.250221252441406,-122.4738998413086,Overture Places 2026-07-22.0,2026-07-22,open
Retail Village,7c2569b5-b85d-4824-a790-983a671ac68b,Parkland Mobile Village,507 131st St E,Tacoma,WA,98445-1402,47.139286041259766,-122.42534637451172,Overture Places 2026-07-22.0,2026-07-22,open
Retail Village,aa7b3686-013a-42e3-b12d-3e60df1a3e07,Point Defiance Village,6414 N Park Way,Tacoma,WA,98407,47.29896926879883,-122.52372741699219,Overture Places 2026-07-22.0,2026-07-22,open
Retail Village,e1427b66-d8ce-47b7-898b-cca26ecef0e8,Silver Ridge Village Apartments,2415 100th St Ct S,Tacoma,WA,98444-1739,47.16661071777344,-122.46940612792969,Overture Places 2026-07-22.0,2026-07-22,open
Retail Village,0eee64f3-f12e-4169-8abb-90b5b43fa292,Springhaven Village,9210 S Hosmer St,Tacoma,WA,98444,47.173362731933594,-122.464599609375,Overture Places 2026-07-22.0,2026-07-22,open
Retail Village,0dc67a15-74eb-404f-843e-765b2ec6cd58,Tahoma Vista Village,1512 S Mildred St,Tacoma,WA,98465-1612,47.24594497680664,-122.5304946899414,Overture Places 2026-07-22.0,2026-07-22,open
Retail Village,b33c8eb7-51a6-4cbf-9e7a-9ae58289dd2e,The Village At Sota,2325 S 96th St,Tacoma,WA,98444,47.17053985595703,-122.46731567382812,Overture Places 2026-07-22.0,2026-07-22,open
Retail Village,c0477e82-2930-4e49-aeb8-5380cf298afd,The Village Daycare,1640 Hume St S,Tacoma,WA,98444,47.156829833984375,-122.45742797851562,Overture Places 2026-07-22.0,2026-07-22,open
Retail Village,e7ba664d-604e-41b1-91a4-737ba9178edf,The Village Firm,1108 N 6th St,Tacoma,WA,98403-1615,47.26189422607422,-122.45856475830078,Overture Places 2026-07-22.0,2026-07-22,open
Retail Village,fe268e2b-2758-47fd-b197-90e3063b7452,The Village Senior Living,4707 S Orchard St,Tacoma,WA,98466-6600,47.21514129638672,-122.50470733642578,Overture Places 2026-07-22.0,2026-07-22,open
Retail Village,187e219d-d5d4-4525-ae1e-bf8f3f8eed22,Tudor Village Apartments,4802 S Pine St,Tacoma,WA,98409,47.21343994140625,-122.47421264648438,Overture Places 2026-07-22.0,2026-07-22,open
Retail Village,a4270b6b-53a4-4723-bd9b-b254a539367a,Value Village,8025 S Hosmer St,Tacoma,WA,98408-1042,47.183719635009766,-122.46217346191406,Overture Places 2026-07-22.0,2026-07-22,open
Retail Village,756b9d0e-6bc6-490a-a6ae-a9f2ba47581e,Village Commons,11404 7th Ave E,Tacoma,WA,98445,47.15333557128906,-122.42340850830078,Overture Places 2026-07-22.0,2026-07-22,open
Retail Village,4296b805-eab5-4dad-b7e9-709bbf13bcfd,Village at the Pointe Apartments,5702 N 33rd St,Tacoma,WA,98407-2500,47.27729797363281,-122.5123291015625,Overture Places 2026-07-22.0,2026-07-22,open
Retail Village,ccf1ef7d-4b03-402f-8a6f-d721fcc0c1ac,Village on Main Apartments,5020 Main St,Tacoma,WA,98407-3171,47.297786712646484,-122.50366973876953,Overture Places 2026-07-22.0,2026-07-22,open
Retail Village,7bd7939d-c7f2-42b3-b8e7-4a8f087804b1,villageplan,3518 6th Ave,Tacoma,WA,98406-5419,47.11310958862305,-122.56146240234375,Overture Places 2026-07-22.0,2026-07-22,open
Shopping Center,861a0ead-1eb7-4233-a531-fb19b86ce9c4,Lincoln Plaza Shopping Center,2505 S 38th St,Tacoma,WA,98409-7328,47.22323989868164,-122.47021484375,Overture Places 2026-07-22.0,2026-07-22,open
Shopping Center,ea4842d9-71d8-42d9-87c7-ee08a1615507,Tacoma Place Shopping Center,1901 S 72nd St,Tacoma,WA,98408-1200,47.19289016723633,-122.4598388671875,Overture Places 2026-07-22.0,2026-07-22,open
Shopping Center,a44e48e0-18c6-4ddf-8d03-b0d080f4b12e,Westgate North Shopping Center,2601 N Pearl St,Tacoma,WA,98407-2497,47.27157974243164,-122.51536560058594,Overture Places 2026-07-22.0,2026-07-22,open
Retail Village,cc26bf68-ce19-4e1a-94d4-2b368f1e0b48,The Village At Roslyn Ridge,10 NE Raintree Ln,Tahuya,WA,98588-9709,47.24464797973633,-121.03913116455078,Overture Places 2026-07-22.0,2026-07-22,open
Mall,d544299f-44a8-45e1-9f7b-e46f69b10c33,Tenino Antique Mall,248 Sussex Ave W,Tenino,WA,98589-9360,46.857295989990234,-122.85320281982422,Overture Places 2026-07-22.0,2026-07-22,open
Mall,8af48c8b-ab18-4983-a93a-ecbb4aaacd54,Thorp Fruit & Antique Mall,220 Gladmar Rd,Thorp,WA,98946-9539,47.05404281616211,-120.66338348388672,Overture Places 2026-07-22.0,2026-07-22,open
Retail Plaza,a830ad80-aecc-4a4d-8aea-48f4ca3989b6,Shree's Travel Plaza  Ellensburg 410 Gladmar Road Thorp WA 98946,410 Gladmar Rd,Thorp,WA,98946-9535,47.05378341674805,-120.66207885742188,Overture Places 2026-07-22.0,2026-07-22,open
Retail Plaza,55f3c8f1-2234-48be-9bfb-b0d7d35e6929,SteamBoat Plaza,121 Cowlitz Loop,Toledo,WA,98591,46.44183349609375,-122.84742736816406,Overture Places 2026-07-22.0,2026-07-22,open
Retail Plaza,2f7ddcb3-a9f5-4a63-8890-57dbbd6b9060,Highway 97 Truck Plaza,61313 US Highway 97,Toppenish,WA,98948-9486,46.36793518066406,-120.31891632080078,Overture Places 2026-07-22.0,2026-07-22,open
Retail Village,f89ccfd0-3f14-4cbc-853e-e8d193ec5647,Pioneer Village,718 W 3rd Ave,Toppenish,WA,98948,46.37248229980469,-120.32056427001953,Overture Places 2026-07-22.0,2026-07-22,open
Mall,72b23943-d2ee-44f4-b042-82a1d95bb0f8,Toutle Lake Robotics: Metal Mallards,5050 Spirit Lake Hwy,Toutle,WA,98649-9701,46.324546813964844,-122.73944854736328,Overture Places 2026-07-22.0,2026-07-22,open
Mall,348c5a5f-b223-4b9d-b0ab-0b0aa1d6bc12,Malli's House,5310 S 166th St,Tukwila,WA,98188-3276,47.45438003540039,-122.26676940917969,Overture Places 2026-07-22.0,2026-07-22,open
Mall,6fcb8d36-b42d-46bf-a821-890c77e59663,Mallory Paint Store - Benjamin Moore,339 Tukwila Pkwy,Tukwila,WA,98188,47.46097946166992,-122.25309753417969,Overture Places 2026-07-22.0,2026-07-22,open
Mall,b94871a3-94fb-409c-9060-166c3124d94f,Medina Mall,14200 Tukwila International Blvd  Ste 151,Tukwila,WA,98168-4212,47.475399017333984,-122.28323364257812,Overture Places 2026-07-22.0,2026-07-22,open
Mall,9e7badad-47b3-4a15-81af-41c76d217ef5,Mochinut - Westfield Southcenter Mall,2800 Southcenter Mall,Tukwila,WA,98188-2849,47.45786666870117,-122.25872802734375,Overture Places 2026-07-22.0,2026-07-22,open
Mall,654df353-565b-4ffb-ab6e-0d17d05e65a1,Southcenter Mall,2800 Southcenter Mall,Tukwila,WA,98188,47.45887756347656,-122.25796508789062,Overture Places 2026-07-22.0,2026-07-22,open
Mall,7c492bbe-e3c9-4909-bb01-0cdc491a415a,Southcenter Mall Parking Lot,61 Street Pl,Tukwila,WA,98188,47.45766067504883,-122.258056640625,Overture Places 2026-07-22.0,2026-07-22,open
Mall,e8b0b817-c7a8-4482-ba2a-212df0d88b0c,Southcenter Mall Store,16901 Southcenter Pkwy,Tukwila,WA,98188,47.450965881347656,-122.26322937011719,Overture Places 2026-07-22.0,2026-07-22,open
Mall,f3173117-3482-466f-9c0f-dc029f44f2da,WestCoast Boutique Southcenter MALL,616 Southcenter Mall,Tukwila,WA,98188-2815,47.45827865600586,-122.25885009765625,Overture Places 2026-07-22.0,2026-07-22,open
Marketplace,6834e19a-707d-406c-8ffa-1e9f8dd24077,Marketplace Cafe,100 Southcenter Mall,Tukwila,WA,98188-2805,47.459102630615234,-122.2608413696289,Overture Places 2026-07-22.0,2026-07-22,open
Retail Plaza,499bf14a-ef17-47a9-a0a9-22522363a12e,Parkway Plaza,17334 Southcenter Pkwy,Tukwila,WA,98188-3316,47.44841003417969,-122.26043701171875,Overture Places 2026-07-22.0,2026-07-22,open
Retail Plaza,deaed314-8699-4afb-9062-3bc5f1ccf485,Regal Parkway Plaza - Tukwila,5910 S 180th St,Tukwila,WA,98188,47.44253158569336,-122.25837707519531,Overture Places 2026-07-22.0,2026-07-22,open
Retail Plaza,02fdb07c-c4b0-4d54-bf93-87b47e0724a1,Riverview Plaza Leasing Office,16040 Christensen Rd,Tukwila,WA,98188-2929,47.45900344848633,-122.24793243408203,Overture Places 2026-07-22.0,2026-07-22,open
Retail Plaza,ea1d521d-578a-4514-b0bd-bfbf5eea1f9f,Southcenter Plaza,301 Strander Blvd,Tukwila,WA,98188-2971,47.455379486083984,-122.25690460205078,Overture Places 2026-07-22.0,2026-07-22,open
Retail Plaza,0670d6bf-8918-43b2-9c39-f91f9f17359c,Southcenter Professional Plaza,402 Strander Blvd,Tukwila,WA,98188-2919,47.45530700683594,-122.25067138671875,Overture Places 2026-07-22.0,2026-07-22,open
Retail Village,ff017897-5346-444b-b68b-e464370fb2f7,Parkway Village,17025 Southcenter Pkwy,Tukwila,WA,98188-3314,47.45054244995117,-122.2630844116211,Overture Places 2026-07-22.0,2026-07-22,open
Retail Village,94de9925-1c5b-47bf-aeb9-a7660eaeb4cd,The Villages at South Station Apartments,3724 S 154th Ln,Tukwila,WA,98188-8005,47.46487808227539,-122.28610229492188,Overture Places 2026-07-22.0,2026-07-22,open
Retail Village,7c3f2ae4-5e0c-47f5-9e42-68102c532390,Tukwila Village Community Development Association,14350 Tukwila International Blvd,Tukwila,WA,98168-4164,47.474449157714844,-122.28327941894531,Overture Places 2026-07-22.0,2026-07-22,open
Retail Village,7d926815-de40-401e-89a6-4f1c178190bd,Tukwila Village Senior Living,4051 S 144th St,Tukwila,WA,98168,47.47470474243164,-122.2830581665039,Overture Places 2026-07-22.0,2026-07-22,open
Retail Village,f5408d52-0d3b-4edd-9235-add30e1f32b1,Value Village,16700 Southcenter Pkwy,Tukwila,WA,98188-3307,47.45317840576172,-122.26053619384766,Overture Places 2026-07-22.0,2026-07-22,open
Shopping Center,f2b09d43-c880-4b92-8306-def6d4bc1b57,Parkway Square Shopping Center,16876 Southcenter Pkwy,Tukwila,WA,98188-3309,47.452484130859375,-122.2613525390625,Overture Places 2026-07-22.0,2026-07-22,open
Mall,eae74a5e-380c-4615-9c50-0e83ceda781a,Small Planet Supply,2963 R W Johnson Blvd SW,Tumwater,WA,98512,47.02060317993164,-122.93988800048828,Overture Places 2026-07-22.0,2026-07-22,open
Mall,1d0903c5-6d3e-4dab-a590-fcbf4f87d594,Small Planet Supply,7925 Sweetiron Ct SE,Tumwater,WA,98501,46.97251892089844,-122.8855972290039,Overture Places 2026-07-22.0,2026-07-22,open
Retail Plaza,2c970514-156f-4980-a2c9-bafecbf888f4,Plaza Jalisco,5212 Capitol Blvd SE,Tumwater,WA,98501-4419,47.00049591064453,-122.90769958496094,Overture Places 2026-07-22.0,2026-07-22,open
Retail Plaza,9c06f447-6fb7-41f9-9a56-5e7e6fd6b89d,Western Plaza,1841 Trosper Rd SW,Tumwater,WA,98512-6964,46.9984016418457,-122.9259033203125,Overture Places 2026-07-22.0,2026-07-22,open
Retail Village,5942c49c-eadf-4b86-a00c-a13ee8f11539,Alpine Village,301 T St SW,Tumwater,WA,98501-4558,46.99562454223633,-122.91134643554688,Overture Places 2026-07-22.0,2026-07-22,open
Retail Village,0de38803-9ae8-46cc-8326-59880295f9c5,Village Cooperative of South Sound,321 Cleveland Ave SE Ste 321,Tumwater,WA,98501,47.0173454284668,-122.89865112304688,Overture Places 2026-07-22.0,2026-07-22,open
Retail Village,02e5481a-035d-4fd2-a323-64f45981f9f7,Robin Hood Village Resort,6790 E WA-106,Union,WA,98592-9619,47.34847640991211,-123.07489013671875,Overture Places 2026-07-22.0,2026-07-22,open
Retail Village,a110ed3b-cba8-4d89-a728-cbef325483b6,Vindurkjorn Viking Village - By Appointment Only,150 E Gault Rd,Union,WA,98592-9525,47.29933547973633,-123.08972930908203,Overture Places 2026-07-22.0,2026-07-22,open
Mall,f61a1b9f-25e2-44c7-90cc-5f046ec65219,Auntie Anne's Valley Mall - Union Gap,2529 Main Street B-3,Union Gap,WA,98903,46.565494537353516,-120.47897338867188,Overture Places 2026-07-22.0,2026-07-22,open
Mall,bb0ca073-9465-4dd1-bf2e-0a1068ed86a1,Valley Mall,2529 Main St,Union Gap,WA,98903-1322,46.56550979614258,-120.47933959960938,Overture Places 2026-07-22.0,2026-07-22,open
Mall,be4a4a84-d6c1-41b0-a565-81929fd03653,Valley Mall RV & Boat Storage,2300 S 5th Ave,Union Gap,WA,98903,46.56343460083008,-120.51223754882812,Overture Places 2026-07-22.0,2026-07-22,open
Retail Plaza,ffa6a2c0-b9ee-4d46-bf47-30791e04377b,Gearjammer Truck Plaza,2310 N Rudkin Rd,Union Gap,WA,98903,46.56825256347656,-120.4733657836914,Overture Places 2026-07-22.0,2026-07-22,open
Retail Plaza,2f26b83a-0c8b-4caf-82c4-f8860c9d871d,True's Auto Plaza,4118 Main St,Union Gap,WA,98903-2043,46.54571533203125,-120.47682189941406,Overture Places 2026-07-22.0,2026-07-22,open
Mall,87e5916a-c7b4-4b22-abb7-162fc4de2d43,Bliss Small Batch Creamery,3556 Market Pl W,University Place,WA,98466-4339,47.22597122192383,-122.53678131103516,Overture Places 2026-07-22.0,2026-07-22,open
Marketplace,7220fa20-6e4d-46a7-aec1-4b0a4ddbc7e9,Marketplace Flats,3555 Market Pl W,University Place,WA,98466-4478,47.22645568847656,-122.53617858886719,Overture Places 2026-07-22.0,2026-07-22,open
Retail Plaza,1713647b-37f4-49f5-8bc7-35d8b172ee03,Market Square Plaza,3609 Market Pl W,University Place,WA,98466-4476,47.22576141357422,-122.53602600097656,Overture Places 2026-07-22.0,2026-07-22,open
Retail Plaza,4b41cd2a-d83a-4e4d-8670-016bff00479e,Narrows Plaza Bowl,2200 Mildred St W,University Place,WA,98466,47.2410888671875,-122.52848815917969,Overture Places 2026-07-22.0,2026-07-22,open
Retail Village,cb43e64a-ff00-452d-a4b9-9bcbce007dbe,The Village at University Place by Richmond American Homes,4510 80th Ave W,University Place,WA,98466,47.215946197509766,-122.54386901855469,Overture Places 2026-07-22.0,2026-07-22,open
Retail Village,f62136ce-6c37-4209-bbf5-d09dc4de8414,Value Village,6802 S 19th St,University Place,WA,98466-5528,47.24200439453125,-122.52830505371094,Overture Places 2026-07-22.0,2026-07-22,open
Retail Village,f484e89f-b427-4471-acab-9897d50be0bd,Windmill Village,3715 Bridgeport Way W,University Place,WA,98466-4456,47.22391891479492,-122.53620910644531,Overture Places 2026-07-22.0,2026-07-22,open
Shopping Center,bdb76caa-71e6-4d62-95b6-81a3562b787d,Green Firs Shopping Center,3800 Bridgeport Way W,University Place,WA,98466-4495,47.22216796875,-122.5385971069336,Overture Places 2026-07-22.0,2026-07-22,open
Mall,e98b885f-b176-44b2-9f92-46c0f79c201b,VANCOUVER MALL FOOD MART,4905 NE 94TH AVE,VANCOUVER,WA,98662-6103,45.657920837402344,-122.57685852050781,Overture Places 2026-07-22.0,2026-07-22,open
Retail Village,2e458942-378d-414a-9397-0962763803fb,VILLAGE VENDOR II,16313 SE 1ST ST,VANCOUVER,WA,98684,45.62085723876953,-122.50496673583984,Overture Places 2026-07-22.0,2026-07-22,open
Mall,69245e94-dd64-4423-a7ba-3eb59b67c694,AMC Vancouver Mall 23,8500 NE Vancouver Mall Dr,Vancouver,WA,98662,45.65851593017578,-122.58250427246094,Overture Places 2026-07-22.0,2026-07-22,open
Mall,db26e037-8fb5-4125-bab7-c5899f82a6b7,ATAX - Vancouver Mall WA,8700 NE Vancouver Mall Dr,Vancouver,WA,98662-6300,45.65834426879883,-122.58203125,Overture Places 2026-07-22.0,2026-07-22,open
Mall,79313335-23c9-4bbc-b588-1cfcbffb8ed9,Best Western Plus Vancouver Mall Dr. Hotel & Suites,9420 NE Vancouver Mall Dr,Vancouver,WA,98662-6172,45.65907287597656,-122.57500457763672,Overture Places 2026-07-22.0,2026-07-22,open
Mall,e7a0ce91-ced2-42f1-8739-4aacbc606742,Brownstone Van Mall,4714 NE 72nd Ave,Vancouver,WA,98661-8111,45.65690231323242,-122.59982299804688,Overture Places 2026-07-22.0,2026-07-22,open
Mall,7c6821f4-24a5-4784-87c4-9daf1e7e3843,Copperstone VanMall,4701 Ne 72nd St,Vancouver,WA,98661,45.65534591674805,-122.5980453491211,Overture Places 2026-07-22.0,2026-07-22,open
Mall,3dbfec6e-9d7e-4954-829c-0590dc937d29,Fabulous Flippin' Treasures-vintage Mall,2519 E Fourth Plain Blvd,Vancouver,WA,98661-3964,45.63789367675781,-122.64388275146484,Overture Places 2026-07-22.0,2026-07-22,open
Mall,cfe94b71-f7d1-43f0-88ab-7681656edcaa,Gentle Dental Vancouver Mall,8400 NE Vancouver Mall Loop,Vancouver,WA,98662-6671,45.660118103027344,-122.5860824584961,Overture Places 2026-07-22.0,2026-07-22,open
Mall,4b1f5217-ab69-4d49-adb8-a445d11439f4,Highlander At Vancouver Mall,8700 NE Vancouver Mall Dr,Vancouver,WA,98662-6300,45.658233642578125,-122.5849380493164,Overture Places 2026-07-22.0,2026-07-22,open
Mall,3ffa92ff-535f-484c-8e24-5da0943f66cc,Holiday Inn Express & Suites Vancouver Mall/Portland Area by IHG,7205 NE 41st St,Vancouver,WA,98662,45.651153564453125,-122.59862518310547,Overture Places 2026-07-22.0,2026-07-22,open
Mall,88b14627-ce7a-4622-9514-ab4704344410,Kalispell Center Mall,2510 E Evergreen Blvd,Vancouver,WA,98661-4323,45.62618637084961,-122.64459991455078,Overture Places 2026-07-22.0,2026-07-22,open
Mall,396e9071-7fbd-4016-a032-0d86408df6da,Kyle's Small Engine Repair in Hazel Dell,1405 NE 63rd St,Vancouver,WA,98665-0208,45.6674919128418,-122.65743255615234,Overture Places 2026-07-22.0,2026-07-22,open
Mall,bc775d10-cbce-4dbf-9c26-3802ec2bb91f,Mallory Janssen,900 Washington St,Vancouver,WA,98660-3409,45.62837219238281,-122.67317199707031,Overture Places 2026-07-22.0,2026-07-22,open
Mall,8425679f-20fa-45c4-b5c9-b2ce5d03f352,Mallory Paint Store - Benjamin Moore,10501 NE Hwy 99 STE Ste 5,Vancouver,WA,98686,45.69760513305664,-122.65414428710938,Overture Places 2026-07-22.0,2026-07-22,open
Mall,92ba601c-d64d-46ae-8b9d-f4140abddea2,Mallory Paint Store - Benjamin Moore,6709 NE 63rd Ste 102,Vancouver,WA,98661,45.667625427246094,-122.6041488647461,Overture Places 2026-07-22.0,2026-07-22,open
Mall,eb3e8916-a7b6-4834-88b4-c8f55a7f77d8,Round1 Bowling & Arcade Vancouver Mall,8800 Ne Vancouver Mall Dr  Ste 100,Vancouver,WA,98662-6745,45.65701675415039,-122.58318328857422,Overture Places 2026-07-22.0,2026-07-22,open
Mall,f9634505-ca7d-46c1-a77f-a69fe2d89687,SBRE Small Business Real Estate,708 W Fourth Plain Blvd,Vancouver,WA,98660-2015,45.64043045043945,-122.67890167236328,Overture Places 2026-07-22.0,2026-07-22,open
Mall,90775300-de49-4164-8f27-03af1751a8ce,Small Eats,605 Esther St,Vancouver,WA,98660-3021,45.6259651184082,-122.6758804321289,Overture Places 2026-07-22.0,2026-07-22,open
Mall,6a56e60c-5e8a-46b7-9576-2e354e1a2577,Small Wonders Day Care Inc.,8011 NE Fourth Plain Blvd,Vancouver,WA,98662-6800,45.64781951904297,-122.5903549194336,Overture Places 2026-07-22.0,2026-07-22,open
Mall,97e3b908-786b-4e82-b52f-591567cd400a,Spafford Vision Care at the Vancouver Mall,8900 NE Vancouver Mall Dr,Vancouver,WA,98662-6662,45.65858459472656,-122.58131408691406,Overture Places 2026-07-22.0,2026-07-22,open
Mall,3838527b-2a18-4ee7-b115-9c43300dff50,The Collective Studio and Suites (Formally Spoiled Spa and Salon),5500 NE 109th Ct,Vancouver,WA,98662-6104,45.661651611328125,-122.56098175048828,Overture Places 2026-07-22.0,2026-07-22,open
Mall,a4a63f54-4915-4e7a-b795-1516113f8a40,Van Mall North,9009 NE 54th St.,Vancouver,WA,97662,45.660888671875,-122.57975006103516,Overture Places 2026-07-22.0,2026-07-22,open
Mall,8081b211-cdab-4419-8dca-6e4abc2c77f6,Van Mall RV Park,10400 NE 53rd St,Vancouver,WA,98662-6179,45.66088104248047,-122.56651306152344,Overture Places 2026-07-22.0,2026-07-22,open
Mall,00ecd775-1922-4de7-aa80-8ea617dfd88c,Van Mall Retirement,7808 NE 51st St,Vancouver,WA,98662-6207,45.659324645996094,-122.59204864501953,Overture Places 2026-07-22.0,2026-07-22,open
Mall,bd60aaa0-24cf-4b8a-beee-5125f09dc609,Van Mall Storage,4214 NE 72nd Ave,Vancouver,WA,98661-3612,45.65248107910156,-122.60010528564453,Overture Places 2026-07-22.0,2026-07-22,open
Mall,8f308fb6-664f-49d4-a131-8e8b8c6450c1,Vancouver Mall,8700 NE Vancouver Mall Dr,Vancouver,WA,98662-6300,45.657535552978516,-122.58436584472656,Overture Places 2026-07-22.0,2026-07-22,open
Mall,51af579d-1933-4a34-9f66-9814fa93eff3,Vancouver Mall Apartments,5208 NE 78th Ave,Vancouver,WA,98662-5800,45.660343170166016,-122.59331512451172,Overture Places 2026-07-22.0,2026-07-22,open
Mall,cf2c745e-bca4-418f-af65-a9b72225a830,Vancouver Mall Library,8700 NE Vancouver Mall Dr,Vancouver,WA,98662-6300,45.65829849243164,-122.58169555664062,Overture Places 2026-07-22.0,2026-07-22,open
Mall,0dbee3cd-0c8a-4621-83c4-63a0072296aa,Vancouver Mall Park,5107 NE 94th Ave,Vancouver,WA,98662-6188,45.65842819213867,-122.58216857910156,Overture Places 2026-07-22.0,2026-07-22,open
Mall,ea91b1a3-8d9e-4bf6-a1e7-d204843f092e,Vancouver WA (Van Mall),8100 NE Vancouver Mall Dr,Vancouver,WA,98662,45.65869903564453,-122.5899429321289,Overture Places 2026-07-22.0,2026-07-22,open
Mall,1ece4d1f-39a9-427a-9db0-b078ceb7ef9f,Vancouver small business owner association,13412 NE Fourth Plain Blvd,Vancouver,WA,98682-5243,45.672279357910156,-122.533935546875,Overture Places 2026-07-22.0,2026-07-22,open
Mall,d746b595-67f1-4b33-b5c1-944a0b551cf2,Village At Van Mall,5000 NE 72nd Ave,Vancouver,WA,98661-8166,45.65871047973633,-122.60100555419922,Overture Places 2026-07-22.0,2026-07-22,open
Mall,c6ecc895-8406-42f4-802a-856f8401c863,Wavemax Vancouver - 8109 NE Vancouver Mall Dr,8109 NE Vancouver Mall Dr,Vancouver,WA,98662-6786,45.65803146362305,-122.59053039550781,Overture Places 2026-07-22.0,2026-07-22,open
Marketplace,1e6ce448-0196-4754-ae32-152fa5cc6edc,63rd Marketplace,6300 NE St James Rd,Vancouver,WA,98663-1493,45.66764450073242,-122.63772583007812,Overture Places 2026-07-22.0,2026-07-22,open
Marketplace,c03b35c3-a49e-40a9-9f38-7e9d7ee5a3de,Eras Vintage Marketplace,111 W 7th St,Vancouver,WA,98660-3153,45.626304626464844,-122.67230224609375,Overture Places 2026-07-22.0,2026-07-22,open
Marketplace,8a2b57f0-ad2b-41cc-9b72-131569eb7fdd,Hazel Dell Marketplace,512 Ne 81st St  Ste F,Vancouver,WA,98665-8134,45.68321228027344,-122.66593933105469,Overture Places 2026-07-22.0,2026-07-22,open
Marketplace,84336735-362d-4959-a474-ca541d09f500,Interject Marketplace,1404 NE 134th St,Vancouver,WA,98685-2729,45.71894454956055,-122.65723419189453,Overture Places 2026-07-22.0,2026-07-22,open
Marketplace,d02613e0-ec2b-485e-a93f-5b56da44c66c,Marketplace Apartments,2900 General Anderson Ave,Vancouver,WA,98661-6185,45.64166259765625,-122.62212371826172,Overture Places 2026-07-22.0,2026-07-22,open
Marketplace,2ddd388d-571b-42c2-be2f-a664f61c3b28,Mieko's Marketplace Flowers,210 W Evergreen Blvd,Vancouver,WA,98660-3100,45.62889862060547,-122.6734619140625,Overture Places 2026-07-22.0,2026-07-22,open
Marketplace,d94bea05-b383-4e5a-a14d-2b3ecb19f318,Mieko's Marketplace Flowers,210 W Evergreen Blvd Ste 100,Vancouver,WA,98660,45.6287727355957,-122.6822738647461,Overture Places 2026-07-22.0,2026-07-22,open
Marketplace,18a9dc54-9f7c-4ad3-ac33-9015b0747f24,Reliques Marketplace,222 E Evergreen Blvd,Vancouver,WA,98660-3392,45.62886428833008,-122.6696548461914,Overture Places 2026-07-22.0,2026-07-22,open
Marketplace,0bcee795-6ba0-49f4-9f4f-7012afccde71,Reliques Marketplace,7809 NE Vancouver Plaza Dr,Vancouver,WA,98662-6639,45.65065002441406,-122.59160614013672,Overture Places 2026-07-22.0,2026-07-22,open
Marketplace,6dfbae9c-fdff-49e8-9296-991ca8e33b9e,Second Mile Marketplace and Food Hub,11819 NE Hwy 99 C,Vancouver,WA,98686,45.707313537597656,-122.64810943603516,Overture Places 2026-07-22.0,2026-07-22,open
Marketplace,96f180a2-42bd-40ec-ae5d-5b103088d0f9,Vancouver Marketplace,210 W Evergreen Blvd,Vancouver,WA,98660-3100,45.62910079956055,-122.67350769042969,Overture Places 2026-07-22.0,2026-07-22,open
Retail Plaza,d7e4702a-0653-442e-9043-5167aa827478,Cafaro VANCOUVER PLAZA (Vancouver WA),7809 NE Vancouver Plaza Dr,Vancouver,WA,98663,45.649932861328125,-122.59332275390625,Overture Places 2026-07-22.0,2026-07-22,open
Retail Plaza,db2914c2-69e4-429e-b4df-96599d1129bb,Division Retail Plaza Llc,8700 NE Vancouver Mall Dr,Vancouver,WA,98662-6750,45.65769958496094,-122.58538055419922,Overture Places 2026-07-22.0,2026-07-22,open
Retail Plaza,39335d73-1152-4095-ba26-732ac25f8ef8,First Place Plaza,12503 SE Mill Plain Blvd,Vancouver,WA,98684-4007,45.61953353881836,-122.54454040527344,Overture Places 2026-07-22.0,2026-07-22,open
Retail Plaza,dee313f8-7e23-43f5-8051-836b8ef8f854,Fourth Plain Plaza,7823 NE Fourth Plain Blvd,Vancouver,WA,98662-7706,45.64646911621094,-122.59137725830078,Overture Places 2026-07-22.0,2026-07-22,open
Retail Plaza,b1974659-fd86-4d1b-aba9-2292fd36c96e,Heritage Plaza,15640 NE Fourth Plain Blvd,Vancouver,WA,98682-5141,45.67277526855469,-122.51187133789062,Overture Places 2026-07-22.0,2026-07-22,open
Retail Plaza,26773770-9882-4bbf-b266-256a0f45919a,Kirkland Union Plaza,1414 Kauffman Ave,Vancouver,WA,98660-2771,45.63256072998047,-122.68181610107422,Overture Places 2026-07-22.0,2026-07-22,open
Retail Plaza,9d249d4a-8501-49b6-829d-7e4eb3bd3c15,Lewis and Clark Plaza,621 Broadway St,Vancouver,WA,98660-3500,45.6262092590332,-122.67037200927734,Overture Places 2026-07-22.0,2026-07-22,open
Retail Plaza,f4dc8ddf-f0dc-45ca-a0b2-b9afc5a38934,NWPLAZA ANTIQUE COIN BUYERS,14602 NE 4th Plain Blvd,Vancouver,WA,98682,45.67290496826172,-122.52301788330078,Overture Places 2026-07-22.0,2026-07-22,open
Retail Plaza,be5460c2-54fc-403a-8535-fc0f99150ced,Newport Bay Restaurant Vancouver Plaza,7717 NE Vancouver Plaza Dr,Vancouver,WA,98662,45.649879455566406,-122.59516143798828,Overture Places 2026-07-22.0,2026-07-22,open
Retail Plaza,a4ae0ece-10a5-4054-bf4f-c3a5ea0bf28b,Nwplazacom Antique Coin Buyers,1413 C St,Vancouver,WA,98663-3438,45.632041931152344,-122.66889953613281,Overture Places 2026-07-22.0,2026-07-22,open
Retail Plaza,6ab2ec4b-ce1c-466d-881b-b85abe79ca23,Orchards Green Plaza,7620 NE 119th Pl Unit 102,Vancouver,WA,98682,45.6783561706543,-122.55120086669922,Overture Places 2026-07-22.0,2026-07-22,open
Retail Plaza,b09e3c3e-a674-4be8-b525-e98c30dc9de1,Pacific Crest Plaza,601 SE 117th Ave,Vancouver,WA,98683-5297,45.61750030517578,-122.55106353759766,Overture Places 2026-07-22.0,2026-07-22,open
Retail Plaza,1d322105-b52b-4cf1-8181-0620db3b1455,Prestige Plaza Apartments,305 E Mill Plain Blvd,Vancouver,WA,98660,45.63180923461914,-122.66881561279297,Overture Places 2026-07-22.0,2026-07-22,open
Retail Plaza,1879333d-0a5d-49f7-8428-6dbed509d3e5,Regal Vancouver Plaza,7800 NE Fourth Plain Blvd,Vancouver,WA,98662,45.6477165222168,-122.5955581665039,Overture Places 2026-07-22.0,2026-07-22,open
Retail Plaza,4b939d01-c60b-412c-9645-208ce8098a87,Salmon Creek Plaza,13023 NE Highway 99,Vancouver,WA,98686-2699,45.71601867675781,-122.65005493164062,Overture Places 2026-07-22.0,2026-07-22,open
Retail Plaza,89fbe320-6d2d-4626-97a5-717c2c953a02,The Plaza on Ellsworth Apartments,1319 SE Ellsworth Rd,Vancouver,WA,98664-6149,45.61138153076172,-122.56090545654297,Overture Places 2026-07-22.0,2026-07-22,open
Retail Plaza,4918bbd0-abf5-4e56-95f4-04317039a770,Vancouver Clinic | Vancouver Plaza,7809 NE Vancouver Plaza Drive Suite 110,Vancouver,WA,98662,45.648193359375,-122.59225463867188,Overture Places 2026-07-22.0,2026-07-22,open
Retail Plaza,c9aecea5-b55c-4bd8-a8ea-b35377fd5926,Veterans of Foreign Wars Memorial Plaza,316-498 Phil Arnold Way,Vancouver,WA,98660,45.623573303222656,-122.67423248291016,Overture Places 2026-07-22.0,2026-07-22,open
Retail Plaza,531f6bab-57a7-4ff3-adeb-717383e0d400,Y Plaza,14602 NE Fourth Plain Blvd,Vancouver,WA,98682-5000,45.67283248901367,-122.52251434326172,Overture Places 2026-07-22.0,2026-07-22,open
Retail Village,8832e410-38ad-400c-9de5-ddc1c2a65d6a,Anthem Park at Uptown Village,127 W 25th St,Vancouver,WA,98660-2570,45.63929748535156,-122.67239379882812,Overture Places 2026-07-22.0,2026-07-22,open
Retail Village,8781ff86-dfa7-41be-a30c-557c731b48a6,Bryant Village,1612 Bryant St,Vancouver,WA,98661,45.633724212646484,-122.62676239013672,Overture Places 2026-07-22.0,2026-07-22,open
Retail Village,2686c018-0e22-4390-9417-dfb03143da22,Cascade Village Ace Hardware,516 SE Chkalov Dr Ste 21,Vancouver,WA,98683,45.61722946166992,-122.55579376220703,Overture Places 2026-07-22.0,2026-07-22,open
Retail Village,a110f5e9-5e4b-4dce-81e7-6135de0e7552,Children's Village,1900 NE 129th St,Vancouver,WA,98686-3276,45.71488571166992,-122.65253448486328,Overture Places 2026-07-22.0,2026-07-22,open
Retail Village,8ee585c9-3d62-42c3-9c28-0f7cc43c1ac7,Children's Village,2904 NE Burton Rd,Vancouver,WA,98662-7004,45.643550872802734,-122.59771728515625,Overture Places 2026-07-22.0,2026-07-22,open
Retail Village,5af5c9d4-ffcd-433c-911c-1d244740e73a,Children's Village Daycare,7802 NE 117th Ave,Vancouver,WA,98662-3946,45.679222106933594,-122.55288696289062,Overture Places 2026-07-22.0,2026-07-22,open
Retail Village,d1d3f0a2-830f-4570-a932-ca657aec7e70,Courtyard Village Apartments,2600 T St,Vancouver,WA,98661-3746,45.639854431152344,-122.65095520019531,Overture Places 2026-07-22.0,2026-07-22,open
Retail Village,9d2d2a08-d66f-47bf-be7c-91d0be4ddaa4,Creekside Village,3100 Falk Rd,Vancouver,WA,98661-5491,45.643280029296875,-122.6312484741211,Overture Places 2026-07-22.0,2026-07-22,open
Retail Village,e71595bd-fc11-478a-a2b0-eacb3dc394ac,Dulin's Village Cafe,1929 Main St,Vancouver,WA,98660-2634,45.636653900146484,-122.67137145996094,Overture Places 2026-07-22.0,2026-07-22,open
Retail Village,b26ac033-afad-406c-ba23-54f14b135ff8,Erica Village,1115 NE 105th St,Vancouver,WA,98685-4513,45.69742965698242,-122.66039276123047,Overture Places 2026-07-22.0,2026-07-22,open
Retail Village,abf49c87-1d37-4637-aeec-23aeae4b5d71,Evergreen Village Apartments,2501 NE 138th Ave,Vancouver,WA,98684-7286,45.64106369018555,-122.53008270263672,Overture Places 2026-07-22.0,2026-07-22,open
Retail Village,8769e9c4-c9a5-47b1-8f8f-62c157214e20,Fairway Village Golf Course,15509 SE Fernwood Dr,Vancouver,WA,98683-9191,45.601768493652344,-122.51276397705078,Overture Places 2026-07-22.0,2026-07-22,open
Retail Village,f9e9a7a0-260d-4b08-b919-1082aaf61071,Fairway Village Golf Course Maintenance,3512 NE 157th Ave,Vancouver,WA,98682-7304,45.647789001464844,-122.51241302490234,Overture Places 2026-07-22.0,2026-07-22,open
Retail Village,a1606eda-c889-4262-9481-f97a902b4448,Fairway Village Realty,15509 SE Fernwood Dr,Vancouver,WA,98683-9191,45.60192108154297,-122.51282501220703,Overture Places 2026-07-22.0,2026-07-22,open
Retail Village,e8988c41-67bb-4d81-a79c-4659632d9833,Felida Village,3600 NW 119th St,Vancouver,WA,98685-3585,45.70746994018555,-122.70835876464844,Overture Places 2026-07-22.0,2026-07-22,open
Retail Village,fd4fd38f-1321-4426-acec-d7ea0c971b36,Forest Canyon Village Apartments,10221 NE 13th Ave,Vancouver,WA,98686,45.69563674926758,-122.65826416015625,Overture Places 2026-07-22.0,2026-07-22,open
Retail Village,059ee19f-6d1b-4409-99a5-60a2375eb5c9,Fountain Village,11900 NE 103rd St,Vancouver,WA,98662-1625,45.6961669921875,-122.5492935180664,Overture Places 2026-07-22.0,2026-07-22,open
Retail Village,87398f74-8fac-4e1c-a3bd-3df116e448a5,Hidden Village Apartments,4949 NE St Johns Rd,Vancouver,WA,98661-2536,45.65814208984375,-122.63446044921875,Overture Places 2026-07-22.0,2026-07-22,open
Retail Village,85546b05-8342-44a5-b99e-b743ad193efc,Hidden Village Mobile Home Park,10918 NE Highway 99,Vancouver,WA,98686-5392,45.700164794921875,-122.65459442138672,Overture Places 2026-07-22.0,2026-07-22,open
Retail Village,7de5c393-3880-4043-b414-f3511d5a5025,Hope Village,4915 E Fourth Plain Blvd,Vancouver,WA,98661-6148,45.64114761352539,-122.61767578125,Overture Places 2026-07-22.0,2026-07-22,open
Retail Village,0da4b960-a6e2-4e35-a938-2b2fd420726f,Lyle's Village Pantry,10709 NE Highway 99,Vancouver,WA,98686-5614,45.69913101196289,-122.65275573730469,Overture Places 2026-07-22.0,2026-07-22,open
Retail Village,0b6ab191-0d73-4c96-b419-77ce9945e874,Mccallister Village,2155 W Firestone Ln,Vancouver,WA,98660-1186,45.648963928222656,-122.69279479980469,Overture Places 2026-07-22.0,2026-07-22,open
Retail Village,295c4646-0a55-4f4d-be46-9fc7269f5258,Pebble Creek Village Condominiums & Townhomes,5313 NE 66th Ave,Vancouver,WA,98661,45.66140365600586,-122.603271484375,Overture Places 2026-07-22.0,2026-07-22,open
Retail Village,f0dfe5ff-d368-44f6-98f9-4427ada4f75a,Recovery Village Ridgefield The - Vancouver,5114 NE 94th Ave,Vancouver,WA,98662,45.65953826904297,-122.57762908935547,Overture Places 2026-07-22.0,2026-07-22,open
Retail Village,830527ed-b379-4443-9b69-b56de13f8bd3,Reindeer Village NW, St at NE 15th Ave Vancouver Wa 98663,Vancouver,WA,98663,45.659202575683594,-122.65763854980469,Overture Places 2026-07-22.0,2026-07-22,open
Retail Village,ff0318fb-c3a4-4588-8192-99a2057ee559,Springbrook Village,11328 NE 51st Cir,Vancouver,WA,98682-1200,45.66032409667969,-122.555908203125,Overture Places 2026-07-22.0,2026-07-22,open
Retail Village,14ac7bda-63c3-4ad1-93bb-5f65f1601fdb,Stockford Village Park,10504 NE 9th Ave,Vancouver,WA,98685,45.69743728637695,-122.6622314453125,Overture Places 2026-07-22.0,2026-07-22,open
Retail Village,cc1a3dcf-ddb5-4b45-8cf8-2f3ed0eac30d,Tamarack Village Apartments,5917 NE 58th St,Vancouver,WA,98661-2267,45.66361618041992,-122.61115264892578,Overture Places 2026-07-22.0,2026-07-22,open
Retail Village,031a241d-9beb-4097-81b8-6bc88e3afabc,The Inn at University Village Assisted Living Community,2723 NE 134th St,Vancouver,WA,98686-2706,45.71556091308594,-122.64263153076172,Overture Places 2026-07-22.0,2026-07-22,open
Retail Village,de000ffc-188d-4e35-86fc-d88a693abb5d,The Park at University Village,2735 NE 134th St,Vancouver,WA,98686-2749,45.71620559692383,-122.64209747314453,Overture Places 2026-07-22.0,2026-07-22,open
Retail Village,a296854f-93ad-4ee0-b255-ec4613c6a9a2,The Recovery Village Ridgefield Detox Center,5114 NE 94th Ave,Vancouver,WA,98662,45.65953063964844,-122.57771301269531,Overture Places 2026-07-22.0,2026-07-22,open
Retail Village,1186e332-ff0d-4bb9-87fa-6d2acdf4ef3e,Thunderbird Village,4601 E 18th St,Vancouver,WA,98661,45.63294982910156,-122.62151336669922,Overture Places 2026-07-22.0,2026-07-22,open
Retail Village,aa0209bf-bb7c-4277-8eb5-dd8ca7c7d69c,Touchmark at Fairway Village,2911 SE Village Loop,Vancouver,WA,98683-8103,45.60102844238281,-122.50775909423828,Overture Places 2026-07-22.0,2026-07-22,open
Retail Village,58a97097-61ab-4434-929d-1c4dae461fc2,Touchmark at Fairway Village Health & Fitness Club,2927 SE Village Loop,Vancouver,WA,98683,45.60024642944336,-122.50626373291016,Overture Places 2026-07-22.0,2026-07-22,open
Retail Village,a4eb7932-53e9-4f7f-b5df-aa8ee07e1781,Value Village,7110 NE Fourth Plain Blvd,Vancouver,WA,98661,45.646583557128906,-122.60014343261719,Overture Places 2026-07-22.0,2026-07-22,open
Retail Village,e0026e5e-60bd-4a5e-8075-c6d433613e12,Village Pantry,610 Ne 99th St,Vancouver,WA,98665,45.69303894042969,-122.66598510742188,Overture Places 2026-07-22.0,2026-07-22,open
Retail Village,b5dca189-ca4b-4a4e-b078-df49cc3800f0,Village Park Apartments,3214 NE 62nd Ave,Vancouver,WA,98661-7271,45.645294189453125,-122.6102066040039,Overture Places 2026-07-22.0,2026-07-22,open
Retail Village,0dff25eb-3d9f-47ba-9bd3-92fe73daef51,Village Vendor No 2,16313 SE 1st St,Vancouver,WA,98684-9505,45.620765686035156,-122.50511932373047,Overture Places 2026-07-22.0,2026-07-22,open
Retail Village,759613d8-462b-46de-a96d-27b13bf67893,Village at Cascade Park Apartments,501 SE 123rd Ave,Vancouver,WA,98683,45.61800765991211,-122.54695892333984,Overture Places 2026-07-22.0,2026-07-22,open
Retail Village,968eea7a-1970-4588-bd45-0ee603cbbae7,White Oak Village Memory Care,14715 NE 20th Ave,Vancouver,WA,98686-1453,45.728084564208984,-122.6500473022461,Overture Places 2026-07-22.0,2026-07-22,open
Retail Village,08da633e-ebd8-4174-b3be-0868c268ec4a,fairway village,15208 SE 35th St,Vancouver,WA,98683-3767,45.596343994140625,-122.51580810546875,Overture Places 2026-07-22.0,2026-07-22,open
Shopping Center,edd3b328-fa3b-41cb-b626-5363ff788c24,Garrison Square Shopping Center,7950 E Mill Plain Blvd,Vancouver,WA,98664-2000,45.62543487548828,-122.5902328491211,Overture Places 2026-07-22.0,2026-07-22,open
Retail Village,3d4d1424-d3be-466c-a732-ad019178734a,Vashon Village,17205 Vashon Hwy SW,Vashon,WA,98070-4674,47.450557708740234,-122.46134185791016,Overture Places 2026-07-22.0,2026-07-22,open
Retail Plaza,8be62543-c311-4365-a75e-a64c3d874ca5,Plaza Beauty Salon,121 Preston Ave,Waitsburg,WA,99361,46.27029800415039,-118.15397644042969,Overture Places 2026-07-22.0,2026-07-22,open
Retail Plaza,be6d70e7-69c0-420e-bdc3-fb30dca5b51c,Plaza Theater Waitsburg,208 Main St,Waitsburg,WA,99361,46.27013397216797,-118.1552734375,Overture Places 2026-07-22.0,2026-07-22,open
Mall,c1fb52cf-f6f6-48d4-8e73-9138883a70bf,Antique Mall of Walla Walla,315 S 9th Ave,Walla Walla,WA,99362-2718,46.05966567993164,-118.34581756591797,Overture Places 2026-07-22.0,2026-07-22,open
Retail Plaza,1efc7147-c31e-4bd4-a166-a15dc371389e,Baker Boyer | Plaza Branch,1530 Plaza Way,Walla Walla,WA,99362,46.049041748046875,-118.34660339355469,Overture Places 2026-07-22.0,2026-07-22,open
Retail Plaza,3c9847d3-d8a2-469f-8567-3fb8e5b17687,Darrel's Plaza Way Barber Shop,1630 Plaza Way,Walla Walla,WA,99362-4325,46.047218322753906,-118.34825897216797,Overture Places 2026-07-22.0,2026-07-22,open
Retail Plaza,902d4ff9-4ccd-445d-b2f2-3b4df395d350,Land Title Plaza,33 E Main St,Walla Walla,WA,99362-1921,46.067649841308594,-118.33856201171875,Overture Places 2026-07-22.0,2026-07-22,open
Retail Plaza,da43accd-8c1c-463f-b49c-3637c82d9bc4,Park Plaza,1400 Dalles Military Rd,Walla Walla,WA,99362,46.04822540283203,-118.35594177246094,Overture Places 2026-07-22.0,2026-07-22,open
Retail Plaza,347ba67f-e906-4bfa-8639-e346ede819b7,Walawala Plaza,1 S 1st Ave,Walla Walla,WA,99362-1903,46.067237854003906,-118.33810424804688,Overture Places 2026-07-22.0,2026-07-22,open
Retail Village,e360f42c-5fbb-49aa-ba7a-ca579549762e,Baker Boyer | Wheatland Village Branch,1500 Catherine St,Walla Walla,WA,99362,46.05425262451172,-118.32725524902344,Overture Places 2026-07-22.0,2026-07-22,open
Retail Village,be2e7e5f-5777-4e09-a8f1-25aa3ce4d54b,Kingsgate East & The Village Apartments,625 Wellington Ave,Walla Walla,WA,99362-1551,46.07965850830078,-118.31021881103516,Overture Places 2026-07-22.0,2026-07-22,open
Retail Village,be91525c-de96-45d2-952d-6314fe2b7b87,Wheatland Village,1500 Catherine St,Walla Walla,WA,99362-4166,46.05424499511719,-118.32740783691406,Overture Places 2026-07-22.0,2026-07-22,open
Retail Village,d6e1687e-7ac8-42fe-9eb5-859a01f52a1a,Blessed Kateri Village,1000 S Kateri Ln,Wapato,WA,98951,46.43918228149414,-120.41448974609375,Overture Places 2026-07-22.0,2026-07-22,open
Mall,fabdbc36-739e-4969-a97b-c18eafae7bde,Goodwin Small Engine and Auto repair,408 S Walnut Ave,Warden,WA,98857-9465,46.9660530090332,-119.04493713378906,Overture Places 2026-07-22.0,2026-07-22,open
Retail Village,ae6fecd6-a1e3-4c0c-8e40-9bd96827469e,Valley Green Village,116 S Ash Ave,Warden,WA,98857,46.969058990478516,-119.03823852539062,Overture Places 2026-07-22.0,2026-07-22,open
Retail Village,0b4d2c17-7e9a-4be5-9050-bdf3a9454e87,Vista Park Village,800 S County Rd,Warden,WA,98857-9002,46.961891174316406,-119.04630279541016,Overture Places 2026-07-22.0,2026-07-22,open
Retail Plaza,57ea3d1a-8476-4e66-ac7a-b3102b451bfd,Reflection Plaza,1703 Main St,Washougal,WA,98671-4103,45.578731536865234,-122.35350799560547,Overture Places 2026-07-22.0,2026-07-22,open
Retail Village,f175a171-d33e-458c-84a7-d711cde1ddd1,Clark Village,225 8th St,Washougal,WA,98671-2265,45.57888412475586,-122.36549377441406,Overture Places 2026-07-22.0,2026-07-22,open
Mall,71fcf226-5ac2-4f58-8051-38fbc583ace1,Antique Mall Of Wenatchee,11 N Wenatchee Ave,Wenatchee,WA,98801-2236,47.425174713134766,-120.31133270263672,Overture Places 2026-07-22.0,2026-07-22,open
Mall,ddea571c-8314-4afb-ba99-40d4226810bc,Integrity Small Engine Repair,500 Ohme Garden Rd,Wenatchee,WA,98801-9054,47.478641510009766,-120.32369232177734,Overture Places 2026-07-22.0,2026-07-22,open
Mall,6fd293ec-3057-4657-ad0a-ad9e7a977157,Melcher's Small Engine Service & Repair,628 S Wenatchee Ave,Wenatchee,WA,98801-3070,47.41597366333008,-120.3050537109375,Overture Places 2026-07-22.0,2026-07-22,open
Mall,7163b7a4-4545-43b2-92b3-db890502abfb,Skansen's small engines,2698 Methow St,Wenatchee,WA,98801-9428,47.37725067138672,-120.31889343261719,Overture Places 2026-07-22.0,2026-07-22,open
Marketplace,135f6635-074f-4d63-a876-c7eee5cd9158,Peoples Marketplace,10 S Wenatchee Ave,Wenatchee,WA,98801-2211,47.4241828918457,-120.31156158447266,Overture Places 2026-07-22.0,2026-07-22,open
Retail Plaza,19c720a1-eeac-4f83-80c6-ae9ce6cf34a6,Plaza Super Jet,106 Okanogan Ave,Wenatchee,WA,98801-2959,47.421024322509766,-120.31449890136719,Overture Places 2026-07-22.0,2026-07-22,open
Retail Plaza,82e4bedc-8c90-4350-b9e5-ec84ed55e4e1,Plaza Wenatchee,908 S Wenatchee Ave,Wenatchee,WA,98801-3020,47.41246795654297,-120.30210876464844,Overture Places 2026-07-22.0,2026-07-22,open
Retail Village,60ba44a4-99fe-4bb1-b931-dbf6d8afac22,Pacific Village Apartments,1311 Westwood Ave Ste 1,Wenatchee,WA,98801,47.43468475341797,-120.33219146728516,Overture Places 2026-07-22.0,2026-07-22,open
Retail Village,2a28ebba-254a-496f-bb5c-a5a3230e1ab6,Riverfront Village Apartments,315 N Worthen St,Wenatchee,WA,98801-6106,47.430335998535156,-120.31232452392578,Overture Places 2026-07-22.0,2026-07-22,open
Retail Village,90773308-de3f-447e-ada8-feaf2c2f4b66,Village Pets,212 5th St Ste 6,Wenatchee,WA,98801-2066,47.43024444580078,-120.31827545166016,Overture Places 2026-07-22.0,2026-07-22,open
Retail Village,e72dc4f5-88d0-40ab-9f0a-b315b6c660cc,Rhine Village,200 NE Rhine Village Dr,White Salmon,WA,98672-8622,45.72230529785156,-121.4690170288086,Overture Places 2026-07-22.0,2026-07-22,open
Retail Village,d75f6b6e-0389-4510-a37c-0e50c247e0f3,Hillcrest Village,501 NW Armstrong Ave,Wilbur,WA,99185-8813,47.763710021972656,-118.70980072021484,Overture Places 2026-07-22.0,2026-07-22,open
Retail Village,ce1c385e-2f9c-4427-a018-4767760c9863,Cedar Village IGA,206 E Walnut St,Winlock,WA,98596-9419,46.491207122802734,-122.93556213378906,Overture Places 2026-07-22.0,2026-07-22,open
Retail Village,5621d794-ff32-4b19-9fb1-06dbcc9b2c9a,Cedar Village Pharmacy,206 E Walnut St,Winlock,WA,98596-9419,46.49117660522461,-122.93562316894531,Overture Places 2026-07-22.0,2026-07-22,open
Retail Village,6f03d15e-4b5e-4fd7-be70-4601b086a042,Winlock Village Gift Shop,202 NE 1st St,Winlock,WA,98596-9564,46.49120330810547,-122.93656158447266,Overture Places 2026-07-22.0,2026-07-22,open
Mall,7a4888f2-e96a-4708-bdeb-c1a634ebde5b,JP Trodden Small Batch Bourbon,18646 142nd Ave NE,Woodinville,WA,98072-8521,47.7626838684082,-122.14966583251953,Overture Places 2026-07-22.0,2026-07-22,open
Mall,13e78551-3ccd-4334-abc8-4d1dae2c63e8,Mallory Paint Store,17823 131st Ave NE,Woodinville,WA,98072-8808,47.75718307495117,-122.16593170166016,Overture Places 2026-07-22.0,2026-07-22,open
Mall,77252b55-1256-42a7-a84a-c026e22e5fb3,Mallory Paint Store - Benjamin Moore,17823 131th Ave NE,Woodinville,WA,98072,47.75877380371094,-122.1610107421875,Overture Places 2026-07-22.0,2026-07-22,open
Marketplace,d459b204-8dc7-4c99-bf49-4fbf34ff4340,Aaron Soderlund - Realtor for Marketplace Sotheby's Realty,16812 140th Ave NE,Woodinville,WA,98072-9001,47.749778747558594,-122.15188598632812,Overture Places 2026-07-22.0,2026-07-22,open
Marketplace,b485852e-3bad-4c29-82ff-0dc4c3193a79,Chase Hedin Homes - Marketplace Sotheby's Realty,16812 140th Ave NE,Woodinville,WA,98072-9001,47.749839782714844,-122.15205383300781,Overture Places 2026-07-22.0,2026-07-22,open
Marketplace,1cdfbe5f-86e0-474b-900d-fcbda426d96b,Daniel Parraga Realtor - Marketplace Sotheby's International Realty,16812 140th Ave NE,Woodinville,WA,98072-9001,47.74977111816406,-122.15189361572266,Overture Places 2026-07-22.0,2026-07-22,open
Marketplace,851f73c7-f225-4a37-b219-6bfc85b5da7c,James Daza Real Estate Broker- Marketplace Sotheby's International Realty,16812 140th Ave NE,Woodinville,WA,98072,47.74987030029297,-122.15205383300781,Overture Places 2026-07-22.0,2026-07-22,open
Marketplace,d442ad83-aabb-4c12-bf21-b4b802fe7253,Marketplace Sotheby's International Realty,16812 140th Ave NE,Woodinville,WA,98072-9001,47.7498664855957,-122.15226745605469,Overture Places 2026-07-22.0,2026-07-22,open
Marketplace,87c1636b-0ef1-408e-91fd-608fe2dfe4d5,Rich McKee | Marketplace Sotheby's Intl Rty | McKee Real Estate Team,16812 140th Ave NE,Woodinville,WA,98072-9001,47.7498664855957,-122.15229797363281,Overture Places 2026-07-22.0,2026-07-22,open
Marketplace,33b6f215-d8e2-48c8-9ebd-310c7147d43a,Tom Headlee - Marketplace Sotheby's Realty,16812 140th Ave NE Woodinville  98072 United States,Woodinville,WA,98072,47.74987030029297,-122.15205383300781,Overture Places 2026-07-22.0,2026-07-22,open
Marketplace,30289af2-8f2e-4417-b75f-300703421712,Traci Fischer - Marketplace Sotheby's International Realty,16812 140th Ave NE,Woodinville,WA,98072-9001,47.74987030029297,-122.15229797363281,Overture Places 2026-07-22.0,2026-07-22,open
Retail Plaza,0fcc7805-36c3-4e7a-b1c4-fe6cc59b2d60,Plaza,13317 NE 175th St,Woodinville,WA,98072-6815,47.753780364990234,-122.16070556640625,Overture Places 2026-07-22.0,2026-07-22,open
Retail Plaza,2e2f74a2-a62d-474b-8414-29e0b375d3ef,Plaza Santa Fe,17301 140th Ave NE,Woodinville,WA,98072-6879,47.75330352783203,-122.15321350097656,Overture Places 2026-07-22.0,2026-07-22,open
Retail Village,499ef828-7618-4905-bbc7-2050a30c0088,Apple Farm Village,14525 148th Ave NE,Woodinville,WA,98072-9083,47.73380661010742,-122.14295959472656,Overture Places 2026-07-22.0,2026-07-22,open
Retail Village,f3d8e768-8853-4584-9a77-be140a5ea16e,Cornerstone Village Apartments,17917 140th Ln NE,Woodinville,WA,98072,47.75746536254883,-122.15122985839844,Overture Places 2026-07-22.0,2026-07-22,open
Retail Village,ce291247-9adc-4546-b1e1-71d16409721d,Patagonia Village,14110 NE 179th St,Woodinville,WA,98072,47.75719451904297,-122.15020751953125,Overture Places 2026-07-22.0,2026-07-22,open
Retail Village,1ff1f1dc-41dc-48bb-8d76-3b3411e50e4f,Value Village,14160 NE Woodinville Duvall Rd,Woodinville,WA,98072-8551,47.75586700439453,-122.15072631835938,Overture Places 2026-07-22.0,2026-07-22,open
Retail Village,db69c3a9-3edd-41f7-8588-b847b33da880,Village Wines,14450 Woodinville Redmond Rd NE,Woodinville,WA,98072-4547,47.73185729980469,-122.14042663574219,Overture Places 2026-07-22.0,2026-07-22,open
Retail Village,fb43bf50-1c76-4863-aa9d-e492057b5832,Woodin Creek Village Apartment Homes,17255 135th Ave NE,Woodinville,WA,98072-5011,47.75226593017578,-122.15959167480469,Overture Places 2026-07-22.0,2026-07-22,open
Retail Village,855f35fe-bb35-411f-bb32-31a82c4fb69a,my village nw,13110 NE 177th Pl,Woodinville,WA,98072,47.755985260009766,-122.16499328613281,Overture Places 2026-07-22.0,2026-07-22,open
Shopping Center,aedadbe4-144c-4531-bd6e-ee1fb6e3d448,Downtown Woodinville Shopping Center,17848 Garden Way NE,Woodinville,WA,98072-3527,47.75635528564453,-122.1530532836914,Overture Places 2026-07-22.0,2026-07-22,open
Retail Plaza,de77c08e-4aba-4f39-ba07-2f30b7f84ee1,Steamboat Landing Hoffman Plaza,Davidson Avenue & Goerig St,Woodland,WA,98674,45.90095138549805,-122.74689483642578,Overture Places 2026-07-22.0,2026-07-22,open
Retail Village,2122a002-cb36-4463-8ed3-bc96a635fc7a,Be The Village,650 Goerig St,Woodland,WA,98674-9401,45.90235137939453,-122.74486541748047,Overture Places 2026-07-22.0,2026-07-22,open
Mall,ae670c69-bdfa-48d5-8fc9-865f6223f95a,All Small Creatures Veterinary Clinic,5603 Mt Clemens Way,Yakima,WA,98901-4382,46.61040496826172,-120.42585754394531,Overture Places 2026-07-22.0,2026-07-22,open
Mall,0b45a403-efcb-40d1-b795-4ab12f3dad80,Brent's Small Engine Repair,918 S 3rd Ave,Yakima,WA,98902-4537,46.58719253540039,-120.5097885131836,Overture Places 2026-07-22.0,2026-07-22,open
Mall,7d69ba25-b0e5-4c69-b13f-5dab531e95f7,Do it all in the mall And The Consulting Room,921 S 19th Ave,Yakima,WA,98902,46.58738327026367,-120.533935546875,Overture Places 2026-07-22.0,2026-07-22,open
Mall,48914b9b-d8c9-430f-a7ce-4df4d2cfb964,Meadowbrook Mall,7200 W Nob Hill Blvd,Yakima,WA,98908-1928,46.58489227294922,-120.60602569580078,Overture Places 2026-07-22.0,2026-07-22,open
Mall,5be54375-2067-46e2-a7cf-808148c8375a,Small Engine Specialties LLC Kyle Schlotfeldt,1026 N 34th Ave,Yakima,WA,98902,46.6167106628418,-120.55436706542969,Overture Places 2026-07-22.0,2026-07-22,open
Mall,c47937ba-aacd-4cd5-9b7f-c59ef145bbf8,Thermall Heating Cooling & Electric,1727 S 1st St,Yakima,WA,98901,46.57929229736328,-120.49188995361328,Overture Places 2026-07-22.0,2026-07-22,open
Marketplace,c6462bc0-8013-4f44-8e3c-ede2e64f2cb6,Simply Crafted Marketplace,4001 Summitview Ave,Yakima,WA,98908-2945,46.60019302368164,-120.56420135498047,Overture Places 2026-07-22.0,2026-07-22,open
Retail Plaza,68ca4d76-3ac4-4b7e-8058-abf8f8a0903a,Holm Plaza LLC,5015 Tieton Dr,Yakima,WA,98908-3497,46.592979431152344,-120.57655334472656,Overture Places 2026-07-22.0,2026-07-22,open
Retail Plaza,1ce69e5b-fdd9-433f-b36e-ca998fd9575c,Howard Johnson Plaza by Wyndham Yakima,9 N 9th St,Yakima,WA,98901,46.60576248168945,-120.4937973022461,Overture Places 2026-07-22.0,2026-07-22,open
Retail Plaza,622761fa-7514-450a-a223-03f5c29d0cc1,Millennium Plaza,22 S 3rd St,Yakima,WA,98901,46.60210418701172,-120.50288391113281,Overture Places 2026-07-22.0,2026-07-22,open
Retail Plaza,3a537033-231b-4f41-b500-cd5ba5fe51b6,Plaza Laundry,1416 S 3rd Ave,Yakima,WA,98902-5602,46.57841873168945,-120.5106201171875,Overture Places 2026-07-22.0,2026-07-22,open
Retail Plaza,853fbdb1-d37b-4065-8702-ec7e7e084227,Plaza market,1422 S 3rd Ave,Yakima,WA,98902-5602,46.57819366455078,-120.510498046875,Overture Places 2026-07-22.0,2026-07-22,open
Retail Plaza,c3ea2ade-da77-492c-bb54-8975c0c2eca2,Providence Medical Plaza Heliport,110 S 9th Ave,Yakima,WA,98902,46.59640121459961,-120.52100372314453,Overture Places 2026-07-22.0,2026-07-22,open
Retail Village,47bd3676-eb23-4fe7-a7a6-d53e92bd1fdd,Children's Village,3801 Kern Rd,Yakima,WA,98902-6340,46.61194610595703,-120.55882263183594,Overture Places 2026-07-22.0,2026-07-22,open
Retail Village,2f84a661-ec69-4f7c-be04-8f5cddd218f9,Children's Village,3801 Kern Way,Yakima,WA,98902,46.60222625732422,-120.50611114501953,Overture Places 2026-07-22.0,2026-07-22,open
Retail Village,53953c42-0897-49a3-bf62-a17ca3da3ccc,Fairway Village,215 Santa Roza Dr,Yakima,WA,98901-5606,46.603363037109375,-120.4291763305664,Overture Places 2026-07-22.0,2026-07-22,open
Retail Village,2e3f429f-3797-4dbf-98ce-7b3de19175a2,Garden Village,206 S 10th Ave,Yakima,WA,98902-3321,46.59563064575195,-120.52220153808594,Overture Places 2026-07-22.0,2026-07-22,open
Retail Village,c927e3c1-b526-405a-bdaf-4e2a6cc6a3f7,Living Care Village Cafe,215 N 40th Ave,Yakima,WA,98908-2948,46.60123062133789,-120.56095123291016,Overture Places 2026-07-22.0,2026-07-22,open
Retail Village,82f85ac5-db0c-455b-bf58-9d00404986b1,Quint Village,1500 W Mead Ave,Yakima,WA,98902-5764,46.577728271484375,-120.52960968017578,Overture Places 2026-07-22.0,2026-07-22,open
Retail Village,797612f1-6565-4265-8aae-0703ab4f1d8e,River Village Pharmacy,3708 Tieton Dr,Yakima,WA,98902-3664,46.592098236083984,-120.5579833984375,Overture Places 2026-07-22.0,2026-07-22,open
Retail Village,548ea8fc-02ac-4572-a577-9d866d167568,Terrace Village Pharmacy,4040 Terrace Heights Dr,Yakima,WA,98901-1424,46.6059455871582,-120.44680786132812,Overture Places 2026-07-22.0,2026-07-22,open
Retail Village,c0e2c9b0-d0c6-441f-a225-93d7b7bec8f0,The Village Shoppe,2402 Fruitvale Blvd,Yakima,WA,98902,46.61285400390625,-120.54150390625,Overture Places 2026-07-22.0,2026-07-22,open
Retail Village,cfd30dec-9043-4e15-8daf-40b63c8ae05c,Tieton Village Drugs,3708 Tieton Dr,Yakima,WA,98902-3664,46.592098236083984,-120.5579833984375,Overture Places 2026-07-22.0,2026-07-22,open
Retail Village,d128a674-7e44-4175-9080-485eaa3e76b8,Totem Village Mobile Home Park,4803 Ahtanum Rd,Yakima,WA,98903-1057,46.55936050415039,-120.57423400878906,Overture Places 2026-07-22.0,2026-07-22,open
Retail Village,b7c052ed-987e-456f-b244-e36ca608de7d,Trailer Village Mobile Home,1603 N 1st St,Yakima,WA,98901-1700,46.62187576293945,-120.51121520996094,Overture Places 2026-07-22.0,2026-07-22,open
Retail Village,cfec1c56-8541-418e-a3a6-e41cad1bc2e4,Yesterday's Village,15 W Yakima Ave,Yakima,WA,98902-3463,46.602596282958984,-120.50932312011719,Overture Places 2026-07-22.0,2026-07-22,open
Shopping Center,33e23d89-68a0-4a25-84b5-26bc44ed6cea,Chalet Place Shopping Center,5603 Summitview Ave Unit 102,Yakima,WA,98908,46.59665298461914,-120.64108276367188,Overture Places 2026-07-22.0,2026-07-22,open
Shopping Center,128682ce-6ccf-4c58-a208-24a09e047dbf,Westpark Shopping Center,4001 Summitview Ave,Yakima,WA,98908-2945,46.60029220581055,-120.56314086914062,Overture Places 2026-07-22.0,2026-07-22,open
Mall,3c259897-b57e-4d11-888e-8c892c0b57b3,Craig's Small Engine Repair and service.,20109 Neat Rd SE,Yelm,WA,98597-9057,46.84135818481445,-122.51768493652344,Overture Places 2026-07-22.0,2026-07-22,open
Mall,3002dbcf-92b0-4191-ab9b-2dd568d60309,Rodger's Small Engine Repair,14608 Mud Run Rd SE,Yelm,WA,98597,46.9654426574707,-122.63064575195312,Overture Places 2026-07-22.0,2026-07-22,open
Retail Village,604fa263-55b6-42db-b1c2-07d96d39caab,Frontier Village Cleaners,404 1st St S,Yelm,WA,98597,46.94002914428711,-122.6093978881836,Overture Places 2026-07-22.0,2026-07-22,open
Shopping Center,2a5ef4d3-3eab-4110-a148-d92cfe847643,Yelm Plaza Shopping Center,1202 E Yelm Ave Ste E,Yelm,WA,98597,46.93483352661133,-122.59246063232422,Overture Places 2026-07-22.0,2026-07-22,open
Retail Plaza,bb4bc3c6-ce9f-4a4e-8319-4874ca65dfda,Vintage Valley Parkway Plaza ,1004 Vintage Valley Pkwy,Zillah,WA,98953,46.40637969970703,-120.28378295898438,Overture Places 2026-07-22.0,2026-07-22,open
